frame_idx,timestamp,best_conf,infer_ms,jump_count,spm,state,cycle_ok,dt,expected_dt,hip_amp,shoulder_amp,amp_ewma,lift_th,lift_noise_sigma,ground_y,hip_y,shoulder_ground_y,shoulder_y,is_airborne
0,0.0,0.8033900856971741,35.43789079412818,0,0.0,IDLE,False,,,,,,,,,238.14508056640625,,156.91159057617188,False
1,0.03333333333333333,0.7883152961730957,27.609461918473244,0,0.0,IDLE,False,,,,,,,,,237.93580627441406,,156.6394500732422,False
2,0.06666666666666667,0.7543421387672424,27.411495801061392,0,0.0,IDLE,False,,,,,,,,,237.50945281982422,,156.2154312133789,False
3,0.1,0.783944845199585,26.71242691576481,0,0.0,IDLE,False,,,,,,,,,237.01046752929688,,156.05158233642578,False
4,0.13333333333333333,0.7967663407325745,26.36823710054159,0,0.0,IDLE,False,,,,,,,,,235.03313446044922,,155.7571029663086,False
5,0.16666666666666666,0.8203650712966919,26.338158175349236,0,0.0,IDLE,False,,,,,,,,,234.67161560058594,,155.64257049560547,False
6,0.2,0.8147966861724854,26.546054054051638,0,0.0,IDLE,False,,,,,,,,,234.00643157958984,,155.11097717285156,False
7,0.23333333333333334,0.8150173425674438,26.634168811142445,0,0.0,IDLE,False,,,,,,,,,233.26119232177734,,154.7125015258789,False
8,0.26666666666666666,0.7845239043235779,26.389834936708212,0,0.0,IDLE,False,,,,,,,,,234.14515686035156,,154.83892059326172,False
9,0.3,0.791056752204895,26.467432267963886,0,0.0,IDLE,False,,,,,,6.680658581542968,2.226886193847656,237.95672607421875,235.7288818359375,156.66665649414062,155.01768493652344,False
10,0.3333333333333333,0.8101267218589783,27.030671015381813,0,0.0,IDLE,False,,,,,,7.0440919464111325,2.348030648803711,237.93580627441406,236.7755889892578,156.6394500732422,155.5479965209961,False
11,0.36666666666666664,0.8048421740531921,30.9113678522408,0,0.0,IDLE,False,,,,,,7.259233639526367,2.419744546508789,238.05921936035156,238.07293701171875,156.5970458984375,155.47225189208984,False
12,0.4,0.7973129749298096,27.38084178417921,0,0.0,IDLE,False,,,,,,5.770344534301758,1.9234481781005859,238.04551696777344,237.51165008544922,156.5546417236328,154.50279235839844,False
13,0.43333333333333335,0.8310253620147705,27.18221116811037,0,0.0,IDLE,False,,,,,,5.212944305419922,1.7376481018066405,238.03179931640625,237.05262756347656,156.51223754882812,153.18463134765625,False
14,0.4666666666666667,0.8618738651275635,28.580190148204565,0,0.0,IDLE,False,,,,,,5.770344534301758,1.9234481781005859,238.01808166503906,235.29021453857422,156.46983337402344,152.30455017089844,False
15,0.5,0.8261021375656128,27.46760006994009,0,0.0,IDLE,False,,,,,,5.212944305419922,1.7376481018066405,238.00436401367188,237.25711822509766,156.42742919921875,151.1801986694336,False
16,0.5333333333333333,0.852108359336853,27.115967124700546,0,0.0,IDLE,False,,,,,,5.160414440917968,1.7201381469726562,237.99066162109375,236.62468719482422,156.38504028320312,151.04630279541016,False
17,0.5666666666666667,0.821491003036499,30.379227828234434,0,0.0,IDLE,False,,,,,,4.907979258728027,1.6359930862426757,237.97694396972656,237.46869659423828,156.34263610839844,150.99761962890625,False
18,0.6,0.8475812077522278,32.45744202286005,0,0.0,IDLE,False,,,,,,4.115721670532226,1.3719072235107421,237.96322631835938,237.91677856445312,156.30023193359375,151.21431732177734,False
19,0.6333333333333333,0.8140195608139038,29.20657303184271,0,0.0,IDLE,False,,,,,,4.326893083190917,1.4422976943969725,238.0801544189453,240.28546142578125,156.25782775878906,151.43682098388672,False
20,0.6666666666666666,0.8358563184738159,28.109174221754074,0,0.0,IDLE,False,,,,,,4.538132363891601,1.512710787963867,238.14508056640625,241.73643493652344,156.21542358398438,151.87765502929688,False
21,0.7,0.7699243426322937,27.834800072014332,0,0.0,IDLE,False,,,,,,4.0,1.07358193359375,240.07142639160156,241.31321716308594,156.19903564453125,152.0033416748047,False
22,0.7333333333333333,0.8363684415817261,28.56675023213029,0,0.0,IDLE,False,,,,,,4.0,0.9423703857421875,240.67532348632812,240.7728042602539,156.18264770507812,151.515869140625,False
23,0.7666666666666667,0.8187269568443298,27.24358905106783,0,0.0,IDLE,False,,,,,,4.0,1.0152041061401367,240.728271484375,240.62438201904297,156.16627502441406,151.02342987060547,False
24,0.8,0.829686164855957,26.687157340347767,0,0.0,IDLE,False,,,,,,4.0,1.0912954925537108,240.71343994140625,239.8039779663086,156.14988708496094,150.45609283447266,False
25,0.8333333333333334,0.8343508243560791,26.68264275416732,0,0.0,IDLE,False,,,,,,4.0,1.0152041061401367,240.69859313964844,237.49708557128906,156.1334991455078,149.88611602783203,False
26,0.8666666666666667,0.718122661113739,26.77465509623289,0,0.0,IDLE,False,,,,,,4.0,1.088037826538086,240.68374633789062,236.39419555664062,156.1171112060547,149.08959197998047,True
27,0.9,0.8502150774002075,26.86582412570715,0,0.0,IDLE,False,,,,,,4.0,1.2934065216064452,240.66891479492188,235.6302032470703,156.10072326660156,149.16900634765625,True
28,0.9333333333333333,0.8641213178634644,26.600664015859365,0,0.0,IDLE,False,,,,,,4.0,1.2934065216064452,240.65406799316406,232.2318878173828,156.0843505859375,148.6461944580078,True
29,0.9666666666666667,0.8230147957801819,26.677690912038088,0,0.0,IDLE,False,,,,,,4.329641738891601,1.443213912963867,240.6392364501953,235.2471466064453,156.06796264648438,148.8404769897461,True
30,1.0,0.8880345225334167,26.72444609925151,0,0.0,IDLE,False,,,,,,4.779131781005859,1.593043927001953,240.6243896484375,235.06369018554688,156.05157470703125,148.6627426147461,True
31,1.0333333333333334,0.8551955819129944,26.84625005349517,0,0.0,IDLE,False,,,,,,5.788193829345703,1.9293979431152342,240.5904998779297,234.7872314453125,156.02212524414062,148.8199691772461,True
32,1.0666666666666667,0.8535798788070679,26.774822734296322,0,0.0,IDLE,False,,,,,,5.788193829345703,1.9293979431152342,240.55661010742188,234.0480499267578,155.99267578125,148.3866195678711,True
33,1.1,0.8455836772918701,26.86510421335697,0,0.0,IDLE,False,,,,,,5.788193829345703,1.9293979431152342,240.522705078125,233.2926254272461,155.96324157714844,148.77305603027344,True
34,1.1333333333333333,0.8274756073951721,27.269725687801838,0,0.0,IDLE,False,,,,,,5.788193829345703,1.9293979431152342,240.4888153076172,232.75110626220703,155.9337921142578,150.2126693725586,True
35,1.1666666666666667,0.8232974410057068,27.10564387962222,0,0.0,IDLE,False,,,,,,5.788193829345703,1.9293979431152342,240.45492553710938,232.7686309814453,155.9043426513672,151.44756317138672,True
36,1.2,0.8009541034698486,27.020246721804142,0,0.0,IDLE,False,,,,,,5.788193829345703,1.9293979431152342,240.42103576660156,233.43718719482422,155.87489318847656,153.27342224121094,True
37,1.2333333333333334,0.8097449541091919,27.234136126935482,1,0.0,JUMPING,True,,,8.155258178710938,7.458824157714844,8.155258178710938,4.289667462158203,1.4298891540527343,240.38714599609375,236.29267120361328,155.84544372558594,154.54306030273438,False
38,1.2666666666666666,0.7931593060493469,27.005779091268778,1,0.0,JUMPING,False,,,,,8.155258178710938,5.721683148193359,1.907227716064453,240.35324096679688,238.865478515625,155.93307495117188,155.90343475341797,False
39,1.3,0.8112497925758362,27.058550622314215,1,0.0,JUMPING,False,,,,,8.155258178710938,6.212640563964843,2.070880187988281,240.31935119628906,239.3897476196289,156.06796264648438,156.4737091064453,False
40,1.3333333333333333,0.7982273101806641,27.888198848813772,1,0.0,JUMPING,False,,,,,8.155258178710938,5.721683148193359,1.907227716064453,240.28546142578125,238.432373046875,156.087890625,156.087890625,False
41,1.3666666666666667,0.7961528301239014,26.981464121490717,1,0.0,JUMPING,False,,,,,8.155258178710938,5.230725732421875,1.743575244140625,240.23731994628906,237.10100555419922,156.08425903320312,154.86062622070312,False
42,1.4,0.803956151008606,27.115806005895138,1,0.0,JUMPING,False,,,,,8.155258178710938,5.721683148193359,1.907227716064453,240.1891632080078,235.64349365234375,156.08062744140625,152.33706665039062,False
43,1.4333333333333333,0.8339263200759888,27.214278932660818,1,0.0,JUMPING,False,,,,,8.155258178710938,6.797255877685547,2.2657519592285156,240.14102172851562,233.35205078125,156.07699584960938,149.25062561035156,False
44,1.4666666666666666,0.8172107934951782,29.992445837706327,1,0.0,JUMPING,False,,,,,8.155258178710938,6.797255877685547,2.2657519592285156,240.09286499023438,229.9031982421875,156.0733642578125,146.16205596923828,True
45,1.5,0.8093760013580322,28.94660085439682,1,0.0,JUMPING,False,,,,,8.155258178710938,6.640005624389648,2.2133352081298825,240.09286499023438,227.5256118774414,155.99232482910156,143.1240692138672,True
46,1.5333333333333334,0.8116936683654785,27.317773085087538,1,0.0,JUMPING,False,,,,,8.155258178710938,6.4827553710937496,2.16091845703125,240.09286499023438,227.10203552246094,155.84490966796875,140.65789794921875,True
47,1.5666666666666667,0.7984869480133057,28.37930480018258,1,0.0,JUMPING,False,,,,,8.155258178710938,6.4046731887817385,2.134891062927246,240.09286499023438,229.1479263305664,155.7113037109375,141.01610565185547,True
48,1.6,0.8097755312919617,27.64092106372118,2,163.63636008964104,JUMPING,True,0.3666666666666667,0.3666666666666667,12.990829467773438,14.946853637695312,9.364151000976562,6.488422352600097,2.162807450866699,240.09286499023438,235.60582733154297,155.60475158691406,145.94183349609375,False
49,1.6333333333333333,0.8284278512001038,28.165035881102085,2,163.63636008964104,JUMPING,False,,0.3666666666666667,,,9.364151000976562,7.177045440673828,2.392348480224609,240.4888153076172,246.1802978515625,155.5177001953125,154.28939819335938,False
50,1.6666666666666667,0.8192026019096375,27.4729011580348,2,163.63636008964104,JUMPING,False,,0.3666666666666667,,,9.364151000976562,8.118103710937499,2.7060345703124997,240.71343994140625,256.49493408203125,155.5177001953125,163.712646484375,False
51,1.7,0.8043397068977356,27.541400864720345,2,163.63636008964104,JUMPING,False,,0.3666666666666667,,,9.364151000976562,8.177216775512695,2.7257389251708983,241.0970458984375,266.10813903808594,155.76126098632812,171.41863250732422,False
52,1.7333333333333334,0.8108561038970947,27.41696685552597,2,163.63636008964104,JUMPING,False,,0.3666666666666667,,,9.364151000976562,8.285602038574218,2.7618673461914063,241.56715393066406,268.9480285644531,156.0141143798828,174.9400634765625,False
53,1.7666666666666666,0.8081847429275513,29.515629168599844,2,163.63636008964104,JUMPING,False,,0.3666666666666667,,,9.364151000976562,9.306982136535645,3.1023273788452146,244.40274047851562,264.20263671875,156.3193817138672,173.23197174072266,False
54,1.8,0.810994565486908,32.565576024353504,2,163.63636008964104,JUMPING,False,,0.3666666666666667,,,9.364151000976562,23.8099901047349,8.671997424316405,251.11798095703125,254.40979766845703,160.8170623779297,168.11050415039062,False
55,1.8333333333333333,0.828853189945221,32.80731523409486,2,163.63636008964104,JUMPING,False,,0.3666666666666667,,,9.364151000976562,24.2872545927763,14.252560290527343,251.11798095703125,243.78968048095703,161.77638244628906,158.87200927734375,False
56,1.8666666666666667,0.7973976135253906,32.34518691897392,2,163.63636008964104,JUMPING,False,,0.3666666666666667,,,9.364151000976562,25.122701936066154,14.252560290527343,251.11798095703125,231.3474578857422,161.77638244628906,147.32242584228516,False
57,1.9,0.8648716807365417,31.03974601253867,2,163.63636008964104,JUMPING,False,,0.3666666666666667,,,9.364151000976562,26.088212120234967,14.252560290527343,251.11798095703125,223.72532653808594,161.77638244628906,137.6585693359375,True
58,1.9333333333333333,0.830846905708313,30.346849001944065,2,163.63636008964104,JUMPING,False,,0.3666666666666667,,,9.364151000976562,26.22011505544186,14.252560290527343,251.11798095703125,217.76919555664062,161.77638244628906,129.90689849853516,True
59,1.9666666666666666,0.7669278383255005,29.100504238158464,2,163.63636008964104,JUMPING,False,,0.3666666666666667,,,9.364151000976562,25.77480045884848,15.7453857421875,251.11798095703125,212.7450942993164,161.77638244628906,124.82696151733398,True
60,2.0,0.7748435735702515,30.39780119433999,2,163.63636008964104,JUMPING,False,,0.3666666666666667,,,9.364151000976562,20.14880004272461,6.716266680908203,251.11798095703125,208.59927368164062,161.77638244628906,122.42470169067383,True
61,2.033333333333333,0.7503042221069336,29.451346024870872,2,163.63636008964104,JUMPING,False,,0.3666666666666667,,,9.364151000976562,20.14880004272461,6.716266680908203,251.11798095703125,208.29641723632812,161.77638244628906,122.9744987487793,True
62,2.066666666666667,0.7779196500778198,30.79215530306101,2,163.63636008964104,JUMPING,False,,0.3666666666666667,,,9.364151000976562,20.14880004272461,6.716266680908203,251.11798095703125,213.20694732666016,161.77638244628906,128.8796844482422,True
63,2.1,0.7755641341209412,27.45163021609187,2,163.63636008964104,JUMPING,False,,0.3666666666666667,,,9.364151000976562,20.14880004272461,6.716266680908203,251.11798095703125,221.78213500976562,161.77638244628906,138.2938003540039,True
64,2.1333333333333333,0.784744381904602,26.775646023452282,3,133.33331920482644,JUMPING,True,0.5333333333333332,0.4033333333333333,42.821563720703125,39.351680755615234,17.728504180908203,24.711568505859375,8.237189501953125,251.11798095703125,231.89447784423828,161.77638244628906,149.07434844970703,False
65,2.1666666666666665,0.8338311910629272,26.9219228066504,3,133.33331920482644,JUMPING,False,,0.4033333333333333,,,17.728504180908203,25.072996874153617,13.717070127868652,251.11798095703125,239.56610107421875,161.77638244628906,157.32154846191406,False
66,2.2,0.8063938021659851,27.1902559325099,3,133.33331920482644,JUMPING,False,,0.4033333333333333,,,17.728504180908203,25.092386944890023,11.881273526000976,251.11798095703125,243.8966293334961,162.28317260742188,160.1389923095703,False
67,2.2333333333333334,0.7822880744934082,27.084877714514732,3,133.33331920482644,JUMPING,False,,0.4033333333333333,,,17.728504180908203,20.51938052982092,14.518874487304688,252.21363830566406,248.91944885253906,163.03704833984375,162.02365112304688,False
68,2.2666666666666666,0.8048814535140991,27.133469004184008,3,133.33331920482644,JUMPING,False,,0.4033333333333333,,,17.728504180908203,24.542293406426907,14.518874487304688,252.21363830566406,237.8737335205078,163.03704833984375,155.14707946777344,False
69,2.3,0.8075788021087646,27.041310910135508,3,133.33331920482644,JUMPING,False,,0.4033333333333333,,,17.728504180908203,25.629132635593415,14.518874487304688,252.21363830566406,227.9015350341797,163.03704833984375,145.45416259765625,False
70,2.3333333333333335,0.8276787400245667,27.27357903495431,3,133.33331920482644,JUMPING,False,,0.4033333333333333,,,17.728504180908203,26.057268242537976,14.518874487304688,252.21363830566406,218.73981475830078,163.03704833984375,136.4456558227539,True
71,2.3666666666666667,0.7838958501815796,27.272896841168404,3,133.33331920482644,JUMPING,False,,0.4033333333333333,,,17.728504180908203,26.577865007519723,14.518874487304688,252.21363830566406,213.5321502685547,163.03704833984375,129.9751205444336,True
72,2.4,0.7808694243431091,26.85448480769992,3,133.33331920482644,JUMPING,False,,0.4033333333333333,,,17.728504180908203,26.10910353600979,14.518874487304688,252.21363830566406,210.71868133544922,163.03704833984375,126.37478637695312,True
73,2.433333333333333,0.8181426525115967,27.32722694054246,3,133.33331920482644,JUMPING,False,,0.4033333333333333,,,17.728504180908203,26.25355554610491,14.518874487304688,252.21363830566406,210.43042755126953,163.03704833984375,124.55223083496094,True
74,2.466666666666667,0.7915384769439697,26.71307511627674,3,133.33331920482644,JUMPING,False,,0.4033333333333333,,,17.728504180908203,26.32141490906477,14.518874487304688,252.21363830566406,215.9205093383789,163.03704833984375,128.12728881835938,True
75,2.5,0.8108278512954712,27.447312138974667,3,133.33331920482644,JUMPING,False,,0.4033333333333333,,,17.728504180908203,26.250266812443733,14.518874487304688,252.21363830566406,223.06301879882812,163.03704833984375,136.1299057006836,True
76,2.533333333333333,0.7523066401481628,27.15017134323716,4,138.46154671448977,JUMPING,True,0.3999999999999999,0.40259999999999996,41.78321075439453,38.48481750488281,23.742180824279785,25.866954593360425,14.518874487304688,252.21363830566406,232.42196655273438,163.03704833984375,145.79055786132812,False
77,2.566666666666667,0.7992859482765198,29.19755969196558,4,138.46154671448977,JUMPING,False,,0.40259999999999996,,,23.742180824279785,25.495119937062267,14.518874487304688,252.21363830566406,241.10916137695312,163.03704833984375,154.20069122314453,False
78,2.6,0.5001137852668762,29.420129023492336,4,138.46154671448977,JUMPING,False,,0.40259999999999996,,,23.742180824279785,25.42102492630482,11.596092013549804,252.21363830566406,243.55221557617188,163.03704833984375,157.52359771728516,False
79,2.6333333333333333,0.8212567567825317,27.41517871618271,4,138.46154671448977,JUMPING,False,,0.40259999999999996,,,23.742180824279785,23.872380166625973,7.957460055541992,252.21363830566406,244.79584503173828,163.03704833984375,160.3994598388672,False
80,2.6666666666666665,0.7937945127487183,29.049709904938936,4,138.46154671448977,JUMPING,False,,0.40259999999999996,,,23.742180824279785,23.872380166625973,7.957460055541992,252.21363830566406,234.77364349365234,163.03704833984375,154.58235931396484,False
81,2.7,0.823525071144104,27.112574316561222,4,138.46154671448977,JUMPING,False,,0.40259999999999996,,,23.742180824279785,23.872380166625973,7.957460055541992,252.21363830566406,226.00821685791016,163.03704833984375,145.72278594970703,True
82,2.7333333333333334,0.8121374845504761,26.931692846119404,4,138.46154671448977,JUMPING,False,,0.40259999999999996,,,23.742180824279785,23.872380166625973,7.957460055541992,252.21363830566406,217.88069915771484,163.03704833984375,136.76251220703125,True
83,2.7666666666666666,0.791338324546814,27.276541106402874,4,138.46154671448977,JUMPING,False,,0.40259999999999996,,,23.742180824279785,23.872380166625973,7.957460055541992,252.21363830566406,213.9009552001953,163.03704833984375,130.22256469726562,True
84,2.8,0.7846498489379883,26.917437091469765,4,138.46154671448977,JUMPING,False,,0.40259999999999996,,,23.742180824279785,23.872380166625973,7.957460055541992,252.21363830566406,211.03569793701172,163.03704833984375,126.70414733886719,True
85,2.8333333333333335,0.7889198064804077,27.063564863055944,4,138.46154671448977,JUMPING,False,,0.40259999999999996,,,23.742180824279785,23.872380166625973,7.957460055541992,252.21363830566406,209.2159881591797,163.03704833984375,124.72799301147461,True
86,2.8666666666666667,0.8170101046562195,27.133556082844734,4,138.46154671448977,JUMPING,False,,0.40259999999999996,,,23.742180824279785,23.872380166625973,7.957460055541992,252.21363830566406,210.62986755371094,163.03704833984375,124.33212661743164,True
87,2.9,0.7865850329399109,27.010982856154442,4,138.46154671448977,JUMPING,False,,0.40259999999999996,,,23.742180824279785,23.872380166625973,7.957460055541992,252.21363830566406,217.4889144897461,163.03704833984375,130.30116271972656,True
88,2.933333333333333,0.7615220546722412,27.085854671895504,4,138.46154671448977,JUMPING,False,,0.40259999999999996,,,23.742180824279785,23.872380166625973,7.957460055541992,252.21363830566406,222.71327209472656,163.03704833984375,138.96681213378906,True
89,2.966666666666667,0.7669151425361633,27.02115196734667,5,138.46153719185372,JUMPING,True,0.43333333333333357,0.40936133333333335,42.997650146484375,38.70492172241211,28.556048154830933,23.872380166625973,7.957460055541992,252.21363830566406,230.47348022460938,163.03704833984375,147.8743667602539,False
90,3.0,0.8165481090545654,27.204626705497503,5,138.46153719185372,JUMPING,False,,0.40936133333333335,,,28.556048154830933,23.872380166625973,7.957460055541992,252.21363830566406,235.0625,163.03704833984375,153.23184204101562,False
91,3.033333333333333,0.7900589108467102,27.016280218958855,5,138.46153719185372,JUMPING,False,,0.40936133333333335,,,28.556048154830933,22.298113064575194,7.432704354858398,252.21363830566406,241.52092742919922,163.03704833984375,159.93306732177734,False
92,3.066666666666667,0.8081861734390259,27.08690706640482,5,138.46153719185372,JUMPING,False,,0.40936133333333335,,,28.556048154830933,22.298113064575194,7.432704354858398,252.21363830566406,238.73311614990234,163.03704833984375,159.05746459960938,False
93,3.1,0.8336588144302368,27.12245611473918,5,138.46153719185372,JUMPING,False,,0.40936133333333335,,,28.556048154830933,22.298113064575194,7.432704354858398,252.21363830566406,230.9228057861328,163.03704833984375,152.1076431274414,False
94,3.1333333333333333,0.8512318730354309,27.563632000237703,5,138.46153719185372,JUMPING,False,,0.40936133333333335,,,28.556048154830933,24.41993952941894,8.139979843139647,252.21363830566406,224.72566986083984,163.03704833984375,144.99937438964844,True
95,3.1666666666666665,0.8449549674987793,27.0719388499856,5,138.46153719185372,JUMPING,False,,0.40936133333333335,,,28.556048154830933,20.800910124206542,6.933636708068847,247.27000427246094,219.78028106689453,161.3739776611328,139.32005310058594,True
96,3.2,0.8324166536331177,26.603455189615488,5,138.46153719185372,JUMPING,False,,0.40936133333333335,,,28.556048154830933,21.434356494140623,7.144785498046875,244.4361572265625,212.3945541381836,160.29527282714844,130.14346313476562,True
97,3.2333333333333334,0.8138872981071472,27.012936305254698,5,138.46153719185372,JUMPING,False,,0.40936133333333335,,,28.556048154830933,15.064533544921874,5.021511181640625,243.85385131835938,205.59476470947266,160.05662536621094,124.04076766967773,True
98,3.2666666666666666,0.7981051206588745,26.9376621581614,5,138.46153719185372,JUMPING,False,,0.40936133333333335,,,28.556048154830933,12.39962700805664,4.133209002685547,243.69468688964844,203.71355438232422,159.58282470703125,122.10652923583984,True
99,3.3,0.812791645526886,26.785722002387047,5,138.46153719185372,JUMPING,False,,0.40936133333333335,,,28.556048154830933,11.48313696899414,3.8277123229980465,242.7397003173828,206.6092071533203,158.9832763671875,124.54708480834961,True
100,3.3333333333333335,0.7909501791000366,26.846149004995823,5,138.46153719185372,JUMPING,False,,0.40936133333333335,,,28.556048154830933,12.39813391113281,4.132711303710937,241.35623168945312,214.9338150024414,158.44390869140625,131.9170150756836,True
101,3.3666666666666667,0.7453688383102417,26.778729166835546,5,138.46153719185372,JUMPING,False,,0.40936133333333335,,,28.556048154830933,12.39813391113281,4.132711303710937,241.35623168945312,225.78296661376953,158.44390869140625,142.32537841796875,True
102,3.4,0.803282618522644,26.769605930894613,6,138.46153719185372,JUMPING,True,0.4333333333333331,0.4146351733333333,37.642677307128906,36.337379455566406,30.827705442905426,12.628376243591308,4.20945874786377,241.35623168945312,238.16808319091797,158.44390869140625,153.28705596923828,False
103,3.433333333333333,0.819309413433075,26.61329787224531,6,138.46153719185372,JUMPING,False,,0.4146351733333333,,,30.827705442905426,13.081293621826173,4.360431207275391,242.7397003173828,246.8086395263672,159.58282470703125,160.50890350341797,False
104,3.466666666666667,0.8461166620254517,27.031708043068647,6,138.46153719185372,JUMPING,False,,0.4146351733333333,,,30.827705442905426,15.064533544921874,5.021511181640625,243.7588653564453,246.73292541503906,160.05662536621094,161.3455352783203,False
105,3.5,0.845928430557251,26.686751749366522,6,138.46153719185372,JUMPING,False,,0.4146351733333333,,,30.827705442905426,12.39962700805664,4.133209002685547,243.7588653564453,240.26910400390625,160.05662536621094,156.48406219482422,False
106,3.533333333333333,0.763722836971283,26.685032062232494,6,138.46153719185372,JUMPING,False,,0.4146351733333333,,,30.827705442905426,12.39962700805664,4.133209002685547,243.7588653564453,231.57366180419922,160.05662536621094,149.0778579711914,False
107,3.566666666666667,0.8448998928070068,27.018119115382433,6,138.46153719185372,JUMPING,False,,0.4146351733333333,,,30.827705442905426,12.39962700805664,4.133209002685547,243.7588653564453,221.20211791992188,160.05662536621094,138.7990951538086,True
108,3.6,0.7922239303588867,26.74037730321288,6,138.46153719185372,JUMPING,False,,0.4146351733333333,,,30.827705442905426,12.39962700805664,4.133209002685547,243.7588653564453,214.28519439697266,160.05662536621094,130.47796630859375,True
109,3.6333333333333333,0.8177748918533325,28.1793219037354,6,138.46153719185372,JUMPING,False,,0.4146351733333333,,,30.827705442905426,12.39962700805664,4.133209002685547,243.7588653564453,210.65188598632812,160.05662536621094,126.77720260620117,True
110,3.6666666666666665,0.7932167053222656,26.593198999762535,6,138.46153719185372,JUMPING,False,,0.4146351733333333,,,30.827705442905426,13.501125329589843,4.500375109863281,243.7588653564453,213.21263885498047,160.05662536621094,127.90753936767578,True
111,3.7,0.8163175582885742,26.73382917419076,6,138.46153719185372,JUMPING,False,,0.4146351733333333,,,30.827705442905426,14.39053601989746,4.79684533996582,242.7397003173828,217.31847381591797,159.58282470703125,131.77281188964844,True
112,3.7333333333333334,0.7906054258346558,26.661849580705166,6,138.46153719185372,JUMPING,False,,0.4146351733333333,,,30.827705442905426,12.628376243591308,4.20945874786377,241.35623168945312,223.08872985839844,158.44390869140625,138.100830078125,True
113,3.7666666666666666,0.8182456493377686,26.79148828610778,6,138.46153719185372,JUMPING,False,,0.4146351733333333,,,30.827705442905426,13.081293621826173,4.360431207275391,241.35623168945312,227.61884307861328,158.44390869140625,145.22571563720703,True
114,3.8,0.8027103543281555,27.067004702985287,7,136.36364633879458,JUMPING,True,0.3999999999999999,0.41141543519999996,30.704345703125,31.666706085205078,30.79686550796032,13.081293621826173,4.360431207275391,241.35623168945312,230.75753784179688,158.44390869140625,149.36607360839844,False
115,3.8333333333333335,0.8111898899078369,27.603122405707836,7,136.36364633879458,JUMPING,False,,0.41141543519999996,,,30.79686550796032,15.500110638427731,5.166703546142577,241.35623168945312,235.16155242919922,158.44390869140625,153.9410400390625,False
116,3.8666666666666667,0.7962982058525085,26.58266993239522,7,136.36364633879458,JUMPING,False,,0.41141543519999996,,,30.79686550796032,14.602623651123046,4.8675412170410155,241.35623168945312,238.9881820678711,158.44390869140625,157.1153564453125,False
117,3.9,0.7516059875488281,26.751956902444363,7,136.36364633879458,JUMPING,False,,0.41141543519999996,,,30.79686550796032,14.602623651123046,4.8675412170410155,241.35623168945312,232.39100646972656,158.44390869140625,149.99293518066406,False
118,3.933333333333333,0.828127920627594,27.252270840108395,7,136.36364633879458,JUMPING,False,,0.41141543519999996,,,30.79686550796032,14.602623651123046,4.8675412170410155,241.35623168945312,224.39126586914062,158.44390869140625,141.20267486572266,True
119,3.966666666666667,0.7957541942596436,26.478257030248642,7,136.36364633879458,JUMPING,False,,0.41141543519999996,,,30.79686550796032,14.602623651123046,4.8675412170410155,241.35623168945312,219.60480499267578,158.44390869140625,134.32827758789062,True
120,4.0,0.7960523366928101,26.83462994173169,7,136.36364633879458,JUMPING,False,,0.41141543519999996,,,30.79686550796032,14.602623651123046,4.8675412170410155,241.35623168945312,214.4436798095703,158.44390869140625,129.750244140625,True
121,4.033333333333333,0.8266530632972717,27.344328816980124,7,136.36364633879458,JUMPING,False,,0.41141543519999996,,,30.79686550796032,14.602623651123046,4.8675412170410155,241.35623168945312,209.46360778808594,158.44390869140625,126.13349914550781,True
122,4.066666666666666,0.7877930402755737,26.78441209718585,7,136.36364633879458,JUMPING,False,,0.41141543519999996,,,30.79686550796032,18.659978805541993,6.219992935180664,241.02020263671875,211.42749786376953,158.44390869140625,127.86897277832031,True
123,4.1,0.8047674298286438,27.8493813239038,7,136.36364633879458,JUMPING,False,,0.41141543519999996,,,30.79686550796032,16.673141876220704,5.557713958740234,239.75672912597656,218.17952728271484,158.28062438964844,133.65481567382812,True
124,4.133333333333334,0.8064024448394775,27.032370679080486,8,150.0000201165703,JUMPING,True,0.3333333333333339,0.39423737278933346,29.422561645507812,30.729339599609375,30.453289542347193,14.849323983764648,4.9497746612548825,238.88616943359375,226.3747329711914,156.8628387451172,142.13674926757812,False
125,4.166666666666667,0.8748982548713684,26.626415085047483,8,150.0000201165703,JUMPING,False,,0.39423737278933346,,,30.453289542347193,14.849323983764648,4.9497746612548825,238.88616943359375,231.85054779052734,156.8628387451172,149.50160217285156,False
126,4.2,0.886581540107727,27.065528091043234,8,150.0000201165703,JUMPING,False,,0.39423737278933346,,,30.453289542347193,13.813046850585938,4.6043489501953125,238.88616943359375,236.51808166503906,156.8628387451172,154.0141830444336,False
127,4.233333333333333,0.8338379859924316,27.594976127147675,8,150.0000201165703,JUMPING,False,,0.39423737278933346,,,30.453289542347193,11.125845661926268,3.7086152206420895,239.75672912597656,240.98957061767578,158.0009765625,158.59139251708984,False
128,4.266666666666667,0.8441129922866821,26.663572993129492,8,150.0000201165703,JUMPING,False,,0.39423737278933346,,,30.453289542347193,10.986546505737305,3.6621821685791014,240.00588989257812,239.61109161376953,158.0009765625,155.28620147705078,False
129,4.3,0.8334853053092957,26.801845990121365,8,150.0000201165703,JUMPING,False,,0.39423737278933346,,,30.453289542347193,10.986546505737305,3.6621821685791014,240.00588989257812,228.88555145263672,158.0009765625,146.5080795288086,True
130,4.333333333333333,0.7725130915641785,26.801198720932007,8,150.0000201165703,JUMPING,False,,0.39423737278933346,,,30.453289542347193,10.986546505737305,3.6621821685791014,240.00588989257812,222.8953399658203,158.0009765625,138.66958618164062,True
131,4.366666666666666,0.7844851016998291,26.637340895831585,8,150.0000201165703,JUMPING,False,,0.39423737278933346,,,30.453289542347193,10.986546505737305,3.6621821685791014,240.00588989257812,217.78070831298828,158.0009765625,132.6373748779297,True
132,4.4,0.7675582766532898,26.61184873431921,8,150.0000201165703,JUMPING,False,,0.39423737278933346,,,30.453289542347193,10.986546505737305,3.6621821685791014,240.00588989257812,214.98768615722656,158.0009765625,129.2894401550293,True
133,4.433333333333334,0.7763795852661133,41.06240114197135,8,150.0000201165703,JUMPING,False,,0.39423737278933346,,,30.453289542347193,10.986546505737305,3.6621821685791014,240.00588989257812,213.58556365966797,158.0009765625,126.77488708496094,True
134,4.466666666666667,0.7836031913757324,26.698661968111992,8,150.0000201165703,JUMPING,False,,0.39423737278933346,,,30.453289542347193,10.986546505737305,3.6621821685791014,240.00588989257812,216.00629425048828,158.0009765625,129.34959411621094,True
135,4.5,0.792894721031189,26.74110420048237,8,150.0000201165703,JUMPING,False,,0.39423737278933346,,,30.453289542347193,10.658651339821517,2.899390621948242,240.00588989257812,222.76254272460938,158.0009765625,136.00269317626953,True
136,4.533333333333333,0.774567723274231,26.84087911620736,9,149.99999776482585,JUMPING,True,0.39999999999999947,0.39550515077568005,25.77635955810547,30.08795166015625,29.28405704628676,10.658651339821517,3.3147091049194333,239.36192321777344,229.5614776611328,156.8628387451172,143.6343231201172,False
137,4.566666666666666,0.7925452589988708,26.612857822328806,9,149.99999776482585,JUMPING,False,,0.39550515077568005,,,29.28405704628676,12.960895715332033,4.320298571777344,239.36192321777344,233.60240173339844,156.00491333007812,150.4409942626953,False
138,4.6,0.7755966186523438,26.966198347508907,9,149.99999776482585,JUMPING,False,,0.39550515077568005,,,29.28405704628676,12.549343908691405,4.183114636230468,239.36192321777344,235.65532684326172,156.00491333007812,152.31605529785156,False
139,4.633333333333334,0.8564257621765137,27.405825909227133,9,149.99999776482585,JUMPING,False,,0.39550515077568005,,,29.28405704628676,11.551005010986326,3.850335003662109,239.36192321777344,236.5080337524414,156.0128936767578,155.30615997314453,False
140,4.666666666666667,0.7993723154067993,26.746755000203848,9,149.99999776482585,JUMPING,False,,0.39550515077568005,,,29.28405704628676,12.96836119995117,4.32278706665039,239.36192321777344,235.55203247070312,156.0128936767578,154.7986297607422,False
141,4.7,0.8431136608123779,27.163684833794832,9,149.99999776482585,JUMPING,False,,0.39550515077568005,,,29.28405704628676,12.96836119995117,4.32278706665039,239.36192321777344,227.67803955078125,156.0128936767578,147.00355529785156,False
142,4.733333333333333,0.823172926902771,26.793939992785454,9,149.99999776482585,JUMPING,False,,0.39550515077568005,,,29.28405704628676,12.96836119995117,4.32278706665039,239.36192321777344,221.71431732177734,156.0128936767578,139.12747955322266,True
143,4.766666666666667,0.822953462600708,26.979399379342794,9,149.99999776482585,JUMPING,False,,0.39550515077568005,,,29.28405704628676,10.249419966200366,3.2984320861816405,239.36192321777344,216.2816390991211,156.0128936767578,132.95008087158203,True
144,4.8,0.8120468854904175,26.713843923062086,9,149.99999776482585,JUMPING,False,,0.39550515077568005,,,29.28405704628676,11.176237683105468,3.725412561035156,239.36192321777344,212.95535278320312,156.0128936767578,129.8050537109375,True
145,4.833333333333333,0.8077057003974915,26.681459974497557,9,149.99999776482585,JUMPING,False,,0.39550515077568005,,,29.28405704628676,11.176237683105468,3.725412561035156,239.36192321777344,211.21954345703125,156.0128936767578,128.43915557861328,True
146,4.866666666666666,0.8430405259132385,26.73853514716029,9,149.99999776482585,JUMPING,False,,0.39550515077568005,,,29.28405704628676,11.176237683105468,3.725412561035156,239.36192321777344,211.04993438720703,156.0128936767578,128.4194679260254,True
147,4.9,0.7989833950996399,26.89112862572074,9,149.99999776482585,JUMPING,False,,0.39550515077568005,,,29.28405704628676,10.49029538269043,3.4967651275634766,239.36192321777344,218.5015869140625,156.0128936767578,133.94129180908203,True
148,4.933333333333334,0.7317304611206055,26.613277848809958,10,152.54236810408062,JUMPING,True,0.40000000000000036,0.3964940176050305,26.95020294189453,26.878704071044922,28.700593520188704,14.312827111816407,4.770942370605469,238.00013732910156,226.08004760742188,155.2981719970703,141.71996307373047,False
149,4.966666666666667,0.8133025765419006,26.903120800852776,10,152.54236810408062,JUMPING,False,,0.3964940176050305,,,28.700593520188704,15.283340112304687,5.094446704101562,236.51405334472656,231.54916381835938,155.09117126464844,149.65505981445312,False
150,5.0,0.84351646900177,27.006585150957108,10,152.54236810408062,JUMPING,False,,0.3964940176050305,,,28.700593520188704,14.059611447143553,4.686537149047851,236.51405334472656,236.5520782470703,154.48484802246094,153.37207794189453,False
151,5.033333333333333,0.8484797477722168,27.042325120419264,10,152.54236810408062,JUMPING,False,,0.3964940176050305,,,28.700593520188704,14.519078091430664,4.839692697143555,236.53848266601562,241.6317901611328,155.09117126464844,157.88599395751953,False
152,5.066666666666666,0.8157379031181335,27.02282788231969,10,152.54236810408062,JUMPING,False,,0.3964940176050305,,,28.700593520188704,10.986546505737305,3.6621821685791014,238.0137481689453,240.642333984375,155.2981719970703,156.60830688476562,False
153,5.1,0.8221954107284546,27.50909188762307,10,152.54236810408062,JUMPING,False,,0.3964940176050305,,,28.700593520188704,10.986546505737305,3.6621821685791014,238.0137481689453,231.4846954345703,155.2981719970703,149.60714721679688,False
154,5.133333333333334,0.8093268871307373,27.073738165199757,10,152.54236810408062,JUMPING,False,,0.3964940176050305,,,28.700593520188704,10.986546505737305,3.6621821685791014,238.0137481689453,223.89312744140625,155.2981719970703,144.13563537597656,True
155,5.166666666666667,0.8033946752548218,26.994948741048574,10,152.54236810408062,JUMPING,False,,0.3964940176050305,,,28.700593520188704,10.986546505737305,3.6621821685791014,238.0137481689453,219.54783630371094,155.2981719970703,140.74197387695312,True
156,5.2,0.7868481874465942,26.831270195543766,10,152.54236810408062,JUMPING,False,,0.3964940176050305,,,28.700593520188704,10.986546505737305,3.6621821685791014,238.0137481689453,212.2914276123047,155.2981719970703,134.11038970947266,True
157,5.233333333333333,0.8040905594825745,26.599298231303692,10,152.54236810408062,JUMPING,False,,0.3964940176050305,,,28.700593520188704,10.986546505737305,3.6621821685791014,238.0137481689453,208.7233123779297,155.2981719970703,130.13294982910156,True
158,5.266666666666667,0.8101458549499512,26.75397414714098,10,152.54236810408062,JUMPING,False,,0.3964940176050305,,,28.700593520188704,11.977453852844237,3.9924846176147457,238.0137481689453,207.2379913330078,155.2981719970703,127.0295181274414,True
159,5.3,0.823029637336731,27.079838328063488,10,152.54236810408062,JUMPING,False,,0.3964940176050305,,,28.700593520188704,11.977453852844237,3.9924846176147457,238.0137481689453,212.6695785522461,155.2981719970703,129.15579986572266,True
160,5.333333333333333,0.8415472507476807,26.564152911305428,10,152.54236810408062,JUMPING,False,,0.3964940176050305,,,28.700593520188704,12.96836119995117,4.32278706665039,238.0137481689453,220.20502471923828,155.2981719970703,134.80306243896484,True
161,5.366666666666666,0.8015278577804565,26.809126138687134,11,152.54236810408062,JUMPING,True,0.4333333333333327,0.40459866706525693,29.300491333007812,28.06165313720703,28.85056797339348,16.05673038482666,5.352243461608887,236.53848266601562,229.73706817626953,155.09117126464844,143.3581771850586,False
162,5.4,0.7393853664398193,27.261197101324797,11,152.54236810408062,JUMPING,False,,0.40459866706525693,,,28.85056797339348,13.362708457946777,4.454236152648925,236.56150817871094,236.5677947998047,155.09117126464844,152.01398468017578,False
163,5.433333333333334,0.7701196074485779,27.664813213050365,11,152.54236810408062,JUMPING,False,,0.40459866706525693,,,28.85056797339348,10.097698790687717,2.939579814147949,238.39376831054688,240.71531677246094,155.2981719970703,157.1135025024414,False
164,5.466666666666667,0.8291590213775635,26.722262147814035,11,152.54236810408062,JUMPING,False,,0.40459866706525693,,,28.85056797339348,11.056179116821289,3.6853930389404295,240.22982788085938,242.98111724853516,156.0874481201172,161.0358428955078,False
165,5.5,0.8092600107192993,26.787072885781527,11,152.54236810408062,JUMPING,False,,0.40459866706525693,,,28.85056797339348,12.461726266479491,4.1539087554931635,240.22982788085938,239.36956787109375,156.76556396484375,156.8704071044922,False
166,5.533333333333333,0.8183233141899109,26.680400129407644,11,152.54236810408062,JUMPING,False,,0.40459866706525693,,,28.85056797339348,12.461726266479491,4.1539087554931635,240.22982788085938,231.69412231445312,156.76556396484375,148.55931854248047,False
167,5.566666666666666,0.7958627939224243,27.97104697674513,11,152.54236810408062,JUMPING,False,,0.40459866706525693,,,28.85056797339348,12.461726266479491,4.1539087554931635,240.22982788085938,222.9497833251953,156.76556396484375,139.56866455078125,True
168,5.6,0.7932606935501099,26.9004600122571,11,152.54236810408062,JUMPING,False,,0.40459866706525693,,,28.85056797339348,12.461726266479491,4.1539087554931635,240.22982788085938,217.68797302246094,156.76556396484375,133.49445343017578,True
169,5.633333333333334,0.8069973587989807,26.60419838503003,11,152.54236810408062,JUMPING,False,,0.40459866706525693,,,28.85056797339348,12.461726266479491,4.1539087554931635,240.22982788085938,213.2261734008789,156.76556396484375,131.71833038330078,True
170,5.666666666666667,0.7931619882583618,26.80013095960021,11,152.54236810408062,JUMPING,False,,0.40459866706525693,,,28.85056797339348,12.461726266479491,4.1539087554931635,240.22982788085938,209.96815490722656,156.76556396484375,132.04710388183594,True
171,5.7,0.7901384234428406,27.192538138478994,11,152.54236810408062,JUMPING,False,,0.40459866706525693,,,28.85056797339348,11.261819284057616,3.7539397613525387,240.22982788085938,216.60111236572266,156.76556396484375,136.83686065673828,True
172,5.733333333333333,0.7981152534484863,26.747773867100477,11,152.54236810408062,JUMPING,False,,0.40459866706525693,,,28.85056797339348,10.519071432495117,3.506357144165039,239.5144805908203,223.99027252197266,156.0874481201172,143.55614471435547,True
173,5.766666666666667,0.8089367151260376,27.05147536471486,12,152.54235654615772,JUMPING,True,0.40000000000000036,0.4035869603109005,28.28070068359375,24.369117736816406,28.70810115094355,12.461726266479491,4.1539087554931635,238.2488555908203,230.68121337890625,156.0874481201172,150.21920776367188,False
174,5.8,0.8202340602874756,26.694626081734896,12,152.54235654615772,JUMPING,False,,0.4035869603109005,,,28.70810115094355,12.28859489135742,4.09619829711914,238.2488555908203,233.84386444091797,156.0874481201172,153.08992767333984,False
175,5.833333333333333,0.8236287236213684,27.05758810043335,12,152.54235654615772,JUMPING,False,,0.4035869603109005,,,28.70810115094355,12.115463516235351,4.038487838745117,238.33709716796875,236.78839111328125,156.20962524414062,155.61161041259766,False
176,5.866666666666666,0.8560023307800293,26.878380682319403,12,152.54235654615772,JUMPING,False,,0.4035869603109005,,,28.70810115094355,10.047835402830241,2.7605778533935545,238.33709716796875,236.45073699951172,156.29896545410156,155.8349609375,False
177,5.9,0.8663660883903503,26.6830469481647,12,152.54235654615772,JUMPING,False,,0.4035869603109005,,,28.70810115094355,10.047835402830241,2.7605778533935545,238.33709716796875,228.93302154541016,156.29896545410156,148.3984603881836,False
178,5.933333333333334,0.8207635879516602,26.74624789506197,12,152.54235654615772,JUMPING,False,,0.4035869603109005,,,28.70810115094355,10.047835402830241,2.7605778533935545,238.33709716796875,219.98707580566406,156.29896545410156,140.7225112915039,True
179,5.966666666666667,0.8273065090179443,27.143339160829782,12,152.54235654615772,JUMPING,False,,0.4035869603109005,,,28.70810115094355,10.047835402830241,2.7605778533935545,238.33709716796875,213.9974136352539,156.29896545410156,134.46337890625,True
180,6.0,0.8261700868606567,26.868219021707773,12,152.54235654615772,JUMPING,False,,0.4035869603109005,,,28.70810115094355,10.047835402830241,2.7605778533935545,238.33709716796875,210.75920867919922,156.29896545410156,130.42051696777344,True
181,6.033333333333333,0.8368096351623535,26.672470849007368,12,152.54235654615772,JUMPING,False,,0.4035869603109005,,,28.70810115094355,10.047835402830241,2.7605778533935545,238.33709716796875,208.98755645751953,156.29896545410156,127.51729583740234,True
182,6.066666666666666,0.8216586112976074,26.5982779674232,12,152.54235654615772,JUMPING,False,,0.4035869603109005,,,28.70810115094355,10.047835402830241,1.5059692291259765,238.33709716796875,212.55925750732422,156.29896545410156,129.67520904541016,True
183,6.1,0.8116596341133118,26.783643756061792,12,152.54235654615772,JUMPING,False,,0.4035869603109005,,,28.70810115094355,10.047835402830241,2.8299389923095704,238.33709716796875,219.01397705078125,156.29896545410156,135.50253295898438,True
184,6.133333333333334,0.7884478569030762,27.385618072003126,12,152.54235654615772,JUMPING,False,,0.4035869603109005,,,28.70810115094355,11.480557983398437,3.826852661132812,238.33709716796875,226.4491424560547,156.29896545410156,143.2307586669922,True
185,6.166666666666667,0.8357882499694824,27.239893097430468,13,147.5409837507234,JUMPING,True,0.40000000000000036,0.4027978290425025,29.34954071044922,28.78166961669922,28.868461040819966,13.096631799316405,4.365543933105468,238.33709716796875,233.65086364746094,156.29896545410156,151.32352447509766,False
186,6.2,0.8147193193435669,27.02812710776925,13,147.5409837507234,JUMPING,False,,0.4027978290425025,,,28.868461040819966,10.103961364286988,3.1772197631835937,239.19674682617188,238.93749237060547,156.57882690429688,156.5346221923828,False
187,6.233333333333333,0.848220944404602,27.573101222515106,13,147.5409837507234,JUMPING,False,,0.4027978290425025,,,28.868461040819966,10.609878872680664,3.5366262908935546,240.1332244873047,243.80572509765625,156.76556396484375,162.0995330810547,False
188,6.266666666666667,0.8160080313682556,28.195611666888,13,147.5409837507234,JUMPING,False,,0.4027978290425025,,,28.868461040819966,11.480557983398437,3.826852661132812,240.39010620117188,240.01178741455078,157.01626586914062,158.7911834716797,False
189,6.3,0.8158370852470398,27.093532029539347,13,147.5409837507234,JUMPING,False,,0.4027978290425025,,,28.868461040819966,11.480557983398437,3.826852661132812,240.39010620117188,231.0516586303711,157.01626586914062,151.36708068847656,False
190,6.333333333333333,0.8426995277404785,26.823306921869516,13,147.5409837507234,JUMPING,False,,0.4027978290425025,,,28.868461040819966,11.480557983398437,3.826852661132812,240.39010620117188,223.76891326904297,157.01626586914062,143.28507232666016,True
191,6.366666666666666,0.7720314860343933,26.952057145535946,13,147.5409837507234,JUMPING,False,,0.4027978290425025,,,28.868461040819966,11.480557983398437,3.826852661132812,240.39010620117188,218.0796356201172,157.01626586914062,136.69818878173828,True
192,6.4,0.7985234260559082,26.644660159945488,13,147.5409837507234,JUMPING,False,,0.4027978290425025,,,28.868461040819966,11.480557983398437,3.826852661132812,240.39010620117188,213.23326873779297,157.01626586914062,132.58777618408203,True
193,6.433333333333334,0.8134047389030457,26.64354257285595,13,147.5409837507234,JUMPING,False,,0.4027978290425025,,,28.868461040819966,11.480557983398437,3.826852661132812,240.39010620117188,209.97418212890625,157.01626586914062,128.69469451904297,True
194,6.466666666666667,0.7964202165603638,26.760592125356197,13,147.5409837507234,JUMPING,False,,0.4027978290425025,,,28.868461040819966,11.480557983398437,3.826852661132812,240.39010620117188,212.0947723388672,157.01626586914062,129.3833351135254,True
195,6.5,0.8143274188041687,26.63625916466117,13,147.5409837507234,JUMPING,False,,0.4027978290425025,,,28.868461040819966,10.771235142517089,3.590411714172363,240.39010620117188,218.79844665527344,157.01626586914062,134.44068908691406,True
196,6.533333333333333,0.8041404485702515,26.845437940210104,13,147.5409837507234,JUMPING,False,,0.4027978290425025,,,28.868461040819966,11.010266386413575,3.6700887954711914,239.75489807128906,225.72759246826172,156.76556396484375,141.08656311035156,True
197,6.566666666666666,0.821292519569397,27.99227274954319,14,147.5409837507234,JUMPING,True,0.39999999999999947,0.4021823066531518,29.222564697265625,28.041404724121094,28.95698695493138,10.53997478942871,3.51332492980957,239.19674682617188,231.58382415771484,156.73609924316406,148.0849838256836,False
198,6.6,0.7889584302902222,27.144838124513626,14,147.5409837507234,JUMPING,False,,0.4021823066531518,,,28.95698695493138,10.134945434225983,3.1269069213867184,239.19674682617188,235.79364776611328,156.73609924316406,153.14090728759766,False
199,6.633333333333334,0.8265995979309082,26.810187846422195,14,147.5409837507234,JUMPING,False,,0.4021823066531518,,,28.95698695493138,10.53997478942871,3.51332492980957,239.75489807128906,240.58297729492188,157.01626586914062,159.46102142333984,False
200,6.666666666666667,0.8128799796104431,26.836315169930458,14,147.5409837507234,JUMPING,False,,0.4021823066531518,,,28.95698695493138,11.480557983398437,3.826852661132812,240.3544921875,241.09297943115234,157.95669555664062,158.51882934570312,False
201,6.7,0.7733199596405029,27.045467868447304,14,147.5409837507234,JUMPING,False,,0.4021823066531518,,,28.95698695493138,11.480557983398437,3.826852661132812,240.3544921875,233.6989974975586,157.95669555664062,152.6544952392578,False
202,6.733333333333333,0.8283044695854187,26.669910177588463,14,147.5409837507234,JUMPING,False,,0.4021823066531518,,,28.95698695493138,11.480557983398437,3.826852661132812,240.3544921875,224.95581817626953,157.95669555664062,144.82913208007812,True
203,6.766666666666667,0.7995083332061768,27.47897617518902,14,147.5409837507234,JUMPING,False,,0.4021823066531518,,,28.95698695493138,10.134945434225983,3.1909969757080074,240.3544921875,221.47545623779297,157.95669555664062,138.7364044189453,True
204,6.8,0.7861093878746033,26.57032199203968,14,147.5409837507234,JUMPING,False,,0.4021823066531518,,,28.95698695493138,10.134945434225983,3.1909969757080074,240.3544921875,216.43003845214844,157.95669555664062,134.53260803222656,True
205,6.833333333333333,0.7948927283287048,26.639250107109547,14,147.5409837507234,JUMPING,False,,0.4021823066531518,,,28.95698695493138,10.134945434225983,3.1909969757080074,240.3544921875,214.39198303222656,157.95669555664062,131.66004180908203,True
206,6.866666666666666,0.8069921135902405,27.012052945792675,14,147.5409837507234,JUMPING,False,,0.4021823066531518,,,28.95698695493138,10.134945434225983,3.1909969757080074,240.3544921875,213.80382537841797,157.95669555664062,129.11823272705078,True
207,6.9,0.8155170679092407,26.570491027086973,14,147.5409837507234,JUMPING,False,,0.4021823066531518,,,28.95698695493138,10.134945434225983,1.6029979064941406,240.3544921875,217.97577667236328,157.95669555664062,132.0821304321289,True
208,6.933333333333334,0.7877342104911804,26.714541018009186,14,147.5409837507234,JUMPING,False,,0.4021823066531518,,,28.95698695493138,11.06059053955078,3.6868635131835936,239.75489807128906,223.7227020263672,157.8594512939453,138.87642669677734,True
209,6.966666666666667,0.7861775159835815,26.725918985903263,15,147.5409837507234,JUMPING,True,0.40000000000000036,0.4017021991894585,25.392921447753906,27.61786651611328,28.065970578137012,10.82787102355957,3.609290341186523,239.19674682617188,230.01134490966797,156.73609924316406,146.74739837646484,False
210,7.0,0.8029730319976807,27.13156584650278,15,147.5409837507234,JUMPING,False,,0.4017021991894585,,,28.065970578137012,12.667909378051757,4.222636459350586,238.07785034179688,234.88484954833984,156.2547607421875,151.98751831054688,False
211,7.033333333333333,0.8177709579467773,26.605485938489437,15,147.5409837507234,JUMPING,False,,0.4017021991894585,,,28.065970578137012,13.740970989990235,4.580323663330078,239.58206176757812,241.01355743408203,157.7251434326172,158.5900115966797,False
212,7.066666666666666,0.7878862023353577,26.70508623123169,15,147.5409837507234,JUMPING,False,,0.4017021991894585,,,28.065970578137012,9.823089702347954,2.975018243408203,240.3544921875,242.01839447021484,158.56153869628906,159.38878631591797,False
213,7.1,0.8138607740402222,26.724080089479685,15,147.5409837507234,JUMPING,False,,0.4017021991894585,,,28.065970578137012,11.631021432495118,3.877007144165039,240.3544921875,235.27610778808594,158.56153869628906,154.86012268066406,False
214,7.133333333333334,0.8367823362350464,26.821063831448555,15,147.5409837507234,JUMPING,False,,0.4017021991894585,,,28.065970578137012,11.631021432495118,3.877007144165039,240.3544921875,227.85459899902344,158.56153869628906,147.84545135498047,True
215,7.166666666666667,0.8323402404785156,27.356531005352736,15,147.5409837507234,JUMPING,False,,0.4017021991894585,,,28.065970578137012,11.631021432495118,3.877007144165039,240.3544921875,225.03370666503906,158.56153869628906,142.70787811279297,True
216,7.2,0.8080564141273499,27.053533121943474,15,147.5409837507234,JUMPING,False,,0.4017021991894585,,,28.065970578137012,11.631021432495118,3.877007144165039,240.3544921875,219.2559585571289,158.56153869628906,134.58756256103516,True
217,7.233333333333333,0.8054155111312866,26.58246224746108,15,147.5409837507234,JUMPING,False,,0.4017021991894585,,,28.065970578137012,11.631021432495118,3.877007144165039,240.3544921875,210.15403747558594,158.56153869628906,128.18408966064453,True
218,7.266666666666667,0.811637282371521,26.716499123722315,15,147.5409837507234,JUMPING,False,,0.4017021991894585,,,28.065970578137012,12.67204932861328,4.224016442871093,240.3544921875,206.80859375,158.56153869628906,125.24375534057617,True
219,7.3,0.7946759462356567,27.00176928192377,15,147.5409837507234,JUMPING,False,,0.4017021991894585,,,28.065970578137012,11.06059053955078,3.6868635131835936,240.3544921875,208.70516204833984,158.56153869628906,126.01958084106445,True
220,7.333333333333333,0.7678056359291077,26.75736602395773,15,147.5409837507234,JUMPING,False,,0.4017021991894585,,,28.065970578137012,12.381913449096679,4.127304483032226,240.3544921875,215.068603515625,158.56153869628906,130.814208984375,True
221,7.366666666666666,0.7654188871383667,26.942885015159845,15,147.5409837507234,JUMPING,False,,0.4017021991894585,,,28.065970578137012,9.823089702347954,2.975018243408203,240.3544921875,225.11595916748047,158.56153869628906,139.51541137695312,True
222,7.4,0.7652185559272766,27.107419911772013,16,147.5409837507234,JUMPING,True,0.43333333333333357,0.40866104870111103,33.5458984375,33.31778335571289,29.43595254297776,10.999407499694824,3.666469166564941,240.3544921875,237.07240295410156,158.56153869628906,149.96814727783203,False
223,7.433333333333334,0.8521718978881836,26.87789313495159,16,147.5409837507234,JUMPING,False,,0.40866104870111103,,,29.43595254297776,13.84324812927246,4.61441604309082,240.84132385253906,248.55785369873047,158.71070861816406,159.4101104736328,False
224,7.466666666666667,0.811516284942627,27.609738986939192,16,147.5409837507234,JUMPING,False,,0.40866104870111103,,,29.43595254297776,16.8747099609375,5.6249033203125,241.06121826171875,254.37862396240234,159.14974975585938,162.31893157958984,False
225,7.5,0.8172899484634399,26.66694112122059,16,147.5409837507234,JUMPING,False,,0.40866104870111103,,,29.43595254297776,17.818075744628906,5.939358581542969,241.6482391357422,248.62205505371094,159.18716430664062,158.88473510742188,False
226,7.533333333333333,0.7809962034225464,26.931815315037966,16,147.5409837507234,JUMPING,False,,0.40866104870111103,,,29.43595254297776,16.8747099609375,5.6249033203125,241.6482391357422,239.1577606201172,159.18716430664062,153.0718765258789,False
227,7.566666666666666,0.8271132111549377,26.85005823150277,16,147.5409837507234,JUMPING,False,,0.40866104870111103,,,29.43595254297776,16.8747099609375,5.6249033203125,241.6482391357422,226.78236389160156,159.18716430664062,144.1699447631836,False
228,7.6,0.8077951669692993,27.432268019765615,16,147.5409837507234,JUMPING,False,,0.40866104870111103,,,29.43595254297776,16.8747099609375,5.6249033203125,241.6482391357422,215.97754669189453,159.18716430664062,135.52383422851562,True
229,7.633333333333334,0.8265009522438049,27.181402314454317,16,147.5409837507234,JUMPING,False,,0.40866104870111103,,,29.43595254297776,16.8747099609375,5.6249033203125,241.6482391357422,209.2013702392578,159.18716430664062,129.49252319335938,True
230,7.666666666666667,0.7674870491027832,29.713150579482317,16,147.5409837507234,JUMPING,False,,0.40866104870111103,,,29.43595254297776,14.974235115051268,4.991411705017089,241.6482391357422,207.48236083984375,159.18716430664062,127.57196807861328,True
231,7.7,0.828289806842804,29.030860867351294,16,147.5409837507234,JUMPING,False,,0.40866104870111103,,,29.43595254297776,15.614332553100585,5.204777517700195,241.6482391357422,210.51708221435547,159.18716430664062,129.1941146850586,True
232,7.733333333333333,0.7826182842254639,31.63148695603013,16,147.5409837507234,JUMPING,False,,0.40866104870111103,,,29.43595254297776,17.187887040710446,5.729295680236816,241.06121826171875,215.55213928222656,158.84732055664062,133.72565460205078,True
233,7.766666666666667,0.7901208996772766,27.323639020323753,17,149.99999776482585,JUMPING,True,0.36666666666666625,0.39942228465353324,33.578857421875,31.19487762451172,30.47167876270207,21.302013812255858,7.100671270751953,241.06121826171875,220.4630126953125,158.766845703125,139.99915313720703,False
234,7.8,0.7712188363075256,27.434356044977903,17,149.99999776482585,JUMPING,False,,0.39942228465353324,,,30.47167876270207,21.302013812255858,7.100671270751953,241.06121826171875,224.38584899902344,158.766845703125,144.11382293701172,False
235,7.833333333333333,0.7734300494194031,27.008370961993933,17,149.99999776482585,JUMPING,False,,0.39942228465353324,,,30.47167876270207,21.302013812255858,7.100671270751953,241.06121826171875,231.2506332397461,158.766845703125,149.28445434570312,False
236,7.866666666666666,0.7935352325439453,26.915112044662237,17,149.99999776482585,JUMPING,False,,0.39942228465353324,,,30.47167876270207,18.185818730163575,6.061939576721191,241.06121826171875,240.46051788330078,158.766845703125,156.08753967285156,False
237,7.9,0.7485051155090332,26.761238928884268,17,149.99999776482585,JUMPING,False,,0.39942228465353324,,,30.47167876270207,15.614332553100585,5.204777517700195,241.6482391357422,243.69882202148438,158.766845703125,157.373046875,False
238,7.933333333333334,0.8296681642532349,26.72756416723132,17,149.99999776482585,JUMPING,False,,0.39942228465353324,,,30.47167876270207,18.185818730163575,6.061939576721191,241.6482391357422,233.71075439453125,158.766845703125,149.35987854003906,False
239,7.966666666666667,0.8463632464408875,26.623850222676992,17,149.99999776482585,JUMPING,False,,0.39942228465353324,,,30.47167876270207,18.185818730163575,6.061939576721191,241.6482391357422,227.8577117919922,158.766845703125,141.70760345458984,False
240,8.0,0.8216766119003296,26.723291724920273,17,149.99999776482585,JUMPING,False,,0.39942228465353324,,,30.47167876270207,18.185818730163575,6.061939576721191,241.6482391357422,220.3346939086914,158.766845703125,136.22459411621094,True
241,8.033333333333333,0.8347550630569458,28.134215157479048,17,149.99999776482585,JUMPING,False,,0.39942228465353324,,,30.47167876270207,18.185818730163575,6.061939576721191,241.6482391357422,211.26039123535156,158.766845703125,129.11537170410156,True
242,8.066666666666666,0.7649317383766174,26.706723030656576,17,149.99999776482585,JUMPING,False,,0.39942228465353324,,,30.47167876270207,18.185818730163575,6.061939576721191,241.6482391357422,208.016845703125,158.766845703125,127.26001358032227,True
243,8.1,0.7800615429878235,27.13035698980093,17,149.99999776482585,JUMPING,False,,0.39942228465353324,,,30.47167876270207,15.614332553100585,5.204777517700195,241.6482391357422,209.90399932861328,158.766845703125,128.76119995117188,True
244,8.133333333333333,0.789099931716919,26.993696112185717,17,149.99999776482585,JUMPING,False,,0.39942228465353324,,,30.47167876270207,20.294309124755856,6.7647697082519525,241.6482391357422,217.24097442626953,158.56153869628906,133.5008087158203,True
245,8.166666666666666,0.7914329767227173,26.788773015141487,18,149.99996423722166,JUMPING,True,0.39999999999999947,0.3995493820297559,33.599609375,30.843212127685547,31.253661415776552,23.059185287475586,7.686395095825195,241.616455078125,226.3476791381836,158.1032257080078,140.2994842529297,False
246,8.2,0.7628570795059204,26.865927036851645,18,149.99996423722166,JUMPING,False,,0.3995493820297559,,,31.253661415776552,15.069623648071289,5.023207882690429,241.616455078125,238.94489288330078,158.1032257080078,151.44959259033203,False
247,8.233333333333333,0.8272392153739929,26.970599312335253,18,149.99996423722166,JUMPING,False,,0.3995493820297559,,,31.253661415776552,17.529432962036132,5.843144320678711,243.0266571044922,248.71436309814453,158.766845703125,161.71664428710938,False
248,8.266666666666667,0.8375738859176636,27.100996114313602,18,149.99996423722166,JUMPING,False,,0.3995493820297559,,,31.253661415776552,20.197732901000975,6.732577633666992,246.25750732421875,247.96331024169922,159.18716430664062,160.53516387939453,False
249,8.3,0.8177593946456909,26.657845359295607,18,149.99996423722166,JUMPING,False,,0.3995493820297559,,,31.253661415776552,19.582678770446776,6.527559590148925,246.25750732421875,243.5062255859375,159.18716430664062,156.75554656982422,False
250,8.333333333333334,0.8167372345924377,27.533235028386116,18,149.99996423722166,JUMPING,False,,0.3995493820297559,,,31.253661415776552,19.582678770446776,6.527559590148925,246.25750732421875,235.45795440673828,159.18716430664062,150.191650390625,False
251,8.366666666666667,0.8209937810897827,27.223534882068634,18,149.99996423722166,JUMPING,False,,0.3995493820297559,,,31.253661415776552,19.582678770446776,6.527559590148925,246.25750732421875,229.27825927734375,159.18716430664062,143.36676788330078,False
252,8.4,0.7977328896522522,33.92087109386921,18,149.99996423722166,JUMPING,False,,0.3995493820297559,,,31.253661415776552,19.582678770446776,6.527559590148925,246.25750732421875,222.34893035888672,159.18716430664062,138.0907974243164,True
253,8.433333333333334,0.7904620170593262,27.75939693674445,18,149.99996423722166,JUMPING,False,,0.3995493820297559,,,31.253661415776552,19.582678770446776,6.527559590148925,246.25750732421875,212.99364471435547,159.18716430664062,130.89974212646484,True
254,8.466666666666667,0.8259918689727783,26.847946923226118,18,149.99996423722166,JUMPING,False,,0.3995493820297559,,,31.253661415776552,19.582678770446776,6.527559590148925,246.25750732421875,210.80176544189453,159.18716430664062,128.22287368774414,True
255,8.5,0.7838644981384277,26.652193162590265,18,149.99996423722166,JUMPING,False,,0.3995493820297559,,,31.253661415776552,19.582678770446776,6.527559590148925,246.25750732421875,213.85449981689453,159.18716430664062,130.33212280273438,True
256,8.533333333333333,0.7868694067001343,26.78124513477087,18,149.99996423722166,JUMPING,False,,0.3995493820297559,,,31.253661415776552,20.197732901000975,6.732577633666992,246.25750732421875,219.21316528320312,159.18716430664062,134.620849609375,True
257,8.566666666666666,0.7332385778427124,26.7387549392879,18,149.99996423722166,JUMPING,False,,0.3995493820297559,,,31.253661415776552,12.619010453796385,4.2063368179321285,246.25750732421875,228.3476333618164,158.28005981445312,141.25010681152344,True
258,8.6,0.735458254814148,27.570580132305622,19,147.5409513133734,JUMPING,True,0.43333333333333357,0.40698185131654296,35.45574188232422,30.057186126708984,32.304181532413466,12.619010453796385,4.2063368179321285,246.25750732421875,233.89456939697266,158.28005981445312,147.78578186035156,False
259,8.633333333333333,0.7631866335868835,27.264452073723078,19,147.5409513133734,JUMPING,False,,0.40698185131654296,,,32.304181532413466,20.197732901000975,6.732577633666992,246.25750732421875,239.4777603149414,158.28005981445312,156.16577911376953,False
260,8.666666666666666,0.8323085904121399,26.532284915447235,19,147.5409513133734,JUMPING,False,,0.40698185131654296,,,32.304181532413466,19.994909257507324,6.664969752502441,246.34902954101562,243.9276123046875,159.19996643066406,161.238037109375,False
261,8.7,0.8052903413772583,26.81243186816573,19,147.5409513133734,JUMPING,False,,0.40698185131654296,,,32.304181532413466,18.967624639892577,6.322541546630859,246.34902954101562,242.7209701538086,159.5860137939453,159.70327758789062,False
262,8.733333333333333,0.7886677384376526,26.902939658612013,19,147.5409513133734,JUMPING,False,,0.40698185131654296,,,32.304181532413466,18.967624639892577,6.322541546630859,246.34902954101562,236.73755645751953,159.5860137939453,153.89032745361328,False
263,8.766666666666667,0.8106741905212402,28.371545020490885,19,147.5409513133734,JUMPING,False,,0.40698185131654296,,,32.304181532413466,18.967624639892577,6.322541546630859,246.34902954101562,231.41970825195312,159.5860137939453,148.31907653808594,False
264,8.8,0.8010504245758057,27.175470255315304,19,147.5409513133734,JUMPING,False,,0.40698185131654296,,,32.304181532413466,18.967624639892577,6.322541546630859,246.34902954101562,227.76678466796875,159.5860137939453,144.62609100341797,False
265,8.833333333333334,0.8197017908096313,26.99237084016204,19,147.5409513133734,JUMPING,False,,0.40698185131654296,,,32.304181532413466,18.967624639892577,6.322541546630859,246.34902954101562,221.69107818603516,159.5860137939453,137.96849060058594,True
266,8.866666666666667,0.8435620069503784,27.817754074931145,19,147.5409513133734,JUMPING,False,,0.40698185131654296,,,32.304181532413466,18.967624639892577,6.322541546630859,246.34902954101562,215.77574157714844,159.5860137939453,130.346435546875,True
267,8.9,0.8062006831169128,27.781888842582703,19,147.5409513133734,JUMPING,False,,0.40698185131654296,,,32.304181532413466,18.967624639892577,6.322541546630859,246.34902954101562,216.22139739990234,159.5860137939453,129.0504608154297,True
268,8.933333333333334,0.7888844013214111,27.258226182311773,19,147.5409513133734,JUMPING,False,,0.40698185131654296,,,32.304181532413466,18.068203413391114,6.022734471130371,243.83609008789062,220.47342681884766,159.3758544921875,131.19731903076172,True
269,8.966666666666667,0.8112508654594421,28.3604608848691,19,147.5409513133734,JUMPING,False,,0.40698185131654296,,,32.304181532413466,16.88315953216553,5.627719844055176,243.6217803955078,221.87969207763672,158.28005981445312,135.7222442626953,True
270,9.0,0.8476427793502808,27.79775019735098,19,147.5409513133734,JUMPING,False,,0.40698185131654296,,,32.304181532413466,14.425216589355468,4.808405529785156,243.19212341308594,228.5801239013672,157.1260528564453,144.88201141357422,True
271,9.033333333333333,0.8613539934158325,27.36910991370678,20,145.1612612955586,JUMPING,True,0.43333333333333357,0.4127791773602369,27.4163818359375,28.075592041015625,31.082231608294475,14.425216589355468,4.808405529785156,243.19212341308594,236.6944580078125,157.1260528564453,153.82179260253906,False
272,9.066666666666666,0.8055342435836792,27.00575115159154,20,145.1612612955586,JUMPING,False,,0.4127791773602369,,,31.082231608294475,11.422666543579101,3.807555514526367,243.19212341308594,242.3535919189453,158.77117919921875,161.5501937866211,False
273,9.1,0.8353731036186218,27.131339069455862,20,145.1612612955586,JUMPING,False,,0.4127791773602369,,,31.082231608294475,14.425216589355468,4.808405529785156,243.6217803955078,246.37677764892578,160.20240783691406,164.54315948486328,False
274,9.133333333333333,0.8661814332008362,26.711435057222843,20,145.1612612955586,JUMPING,False,,0.4127791773602369,,,31.082231608294475,13.157170092773436,4.385723364257812,243.83609008789062,245.2687759399414,160.95687866210938,162.84983825683594,False
275,9.166666666666666,0.7286144495010376,26.785414200276136,20,145.1612612955586,JUMPING,False,,0.4127791773602369,,,31.082231608294475,11.33206270751953,3.7773542358398435,243.83609008789062,241.30471801757812,160.95687866210938,157.89232635498047,False
276,9.2,0.8464441299438477,26.872538961470127,20,145.1612612955586,JUMPING,False,,0.4127791773602369,,,31.082231608294475,11.33206270751953,3.7773542358398435,243.83609008789062,235.37091827392578,160.95687866210938,151.73441314697266,False
277,9.233333333333333,0.8098819851875305,29.91504268720746,20,145.1612612955586,JUMPING,False,,0.4127791773602369,,,31.082231608294475,11.33206270751953,3.7773542358398435,243.83609008789062,225.45301818847656,160.95687866210938,142.74494171142578,True
278,9.266666666666667,0.8395171165466309,27.72420598194003,20,145.1612612955586,JUMPING,False,,0.4127791773602369,,,31.082231608294475,11.33206270751953,3.7773542358398435,243.83609008789062,218.96746826171875,160.95687866210938,135.16985321044922,True
279,9.3,0.8105648756027222,27.319741901010275,20,145.1612612955586,JUMPING,False,,0.4127791773602369,,,31.082231608294475,11.33206270751953,3.7773542358398435,243.83609008789062,212.63751220703125,160.95687866210938,130.16577911376953,True
280,9.333333333333334,0.8021625876426697,26.83784021064639,20,145.1612612955586,JUMPING,False,,0.4127791773602369,,,31.082231608294475,11.33206270751953,3.7773542358398435,243.83609008789062,211.09750366210938,160.95687866210938,127.9637336730957,True
281,9.366666666666667,0.8123648166656494,27.428508270531893,20,145.1612612955586,JUMPING,False,,0.4127791773602369,,,31.082231608294475,12.049835119628906,4.016611706542968,243.83609008789062,215.0395965576172,160.95687866210938,130.492919921875,True
282,9.4,0.8168594837188721,28.133230283856392,20,145.1612612955586,JUMPING,False,,0.4127791773602369,,,31.082231608294475,14.425216589355468,4.808405529785156,243.75906372070312,222.70829010009766,160.95687866210938,136.67137145996094,True
283,9.433333333333334,0.7235996723175049,27.505934238433838,21,147.5409837507234,JUMPING,True,0.40000000000000036,0.40996775834098487,32.66156005859375,32.99314498901367,31.477063720869292,14.425216589355468,4.808405529785156,243.75906372070312,233.23023986816406,160.95687866210938,145.9813995361328,False
284,9.466666666666667,0.7939772605895996,26.959039736539125,21,147.5409837507234,JUMPING,False,,0.40996775834098487,,,31.477063720869292,11.016972302304252,2.9385504821777344,244.29977416992188,244.54788970947266,160.95687866210938,155.69154357910156,False
285,9.5,0.8088743686676025,26.75520395860076,21,147.5409837507234,JUMPING,False,,0.40996775834098487,,,31.477063720869292,11.016972302304252,3.6311212280273435,244.98040771484375,249.53265380859375,161.4135284423828,161.53050994873047,False
286,9.533333333333333,0.8028683662414551,26.825291104614735,21,147.5409837507234,JUMPING,False,,0.40996775834098487,,,31.477063720869292,11.016972302304252,3.6573748489379883,245.93356323242188,247.03245544433594,161.50216674804688,161.45964813232422,False
287,9.566666666666666,0.8806391358375549,26.739303953945637,21,147.5409837507234,JUMPING,False,,0.40996775834098487,,,31.477063720869292,11.016972302304252,3.6311212280273435,245.93356323242188,242.53189849853516,161.50216674804688,159.3961944580078,False
288,9.6,0.7671383619308472,26.533600874245167,21,147.5409837507234,JUMPING,False,,0.40996775834098487,,,31.477063720869292,11.016972302304252,2.982381925964355,245.93356323242188,232.7975616455078,161.50216674804688,149.30812072753906,True
289,9.633333333333333,0.8140636086463928,27.142058592289686,21,147.5409837507234,JUMPING,False,,0.40996775834098487,,,31.477063720869292,11.016972302304252,2.982381925964355,245.93356323242188,220.74369049072266,161.50216674804688,138.04822540283203,True
290,9.666666666666666,0.8175123333930969,27.00777491554618,21,147.5409837507234,JUMPING,False,,0.40996775834098487,,,31.477063720869292,11.016972302304252,2.982381925964355,245.93356323242188,211.94898986816406,161.50216674804688,128.8723487854004,True
291,9.7,0.7816641330718994,26.838029269129038,21,147.5409837507234,JUMPING,False,,0.40996775834098487,,,31.477063720869292,11.016972302304252,2.982381925964355,245.93356323242188,210.51201629638672,161.50216674804688,127.26057434082031,True
292,9.733333333333333,0.8360416293144226,26.81504189968109,21,147.5409837507234,JUMPING,False,,0.40996775834098487,,,31.477063720869292,11.016972302304252,2.3336426239013672,244.98040771484375,211.9629364013672,161.37100219726562,128.31046295166016,True
293,9.766666666666667,0.8167281150817871,27.03288570046425,21,147.5409837507234,JUMPING,False,,0.40996775834098487,,,31.477063720869292,11.016972302304252,2.1610202590942382,244.29977416992188,219.0101547241211,161.37100219726562,133.31625366210938,True
294,9.8,0.7519280910491943,26.75908198580146,21,147.5409837507234,JUMPING,False,,0.40996775834098487,,,31.477063720869292,11.016972302304252,2.3336426239013672,244.29977416992188,227.5292739868164,161.37100219726562,140.47462463378906,True
295,9.833333333333334,0.7658421397209167,26.695100124925375,22,145.16132409441897,JUMPING,True,0.40000000000000036,0.40777485150596826,33.787757873535156,34.11042785644531,32.05473725903576,11.016972302304252,2.3336426239013672,244.29977416992188,233.40302276611328,161.37100219726562,147.32520294189453,False
296,9.866666666666667,0.8336327075958252,26.85844385996461,22,145.16132409441897,JUMPING,False,,0.40777485150596826,,,32.05473725903576,11.219158040662515,2.9385504821777344,244.29977416992188,240.39197540283203,161.37100219726562,157.04473114013672,False
297,9.9,0.8671348094940186,26.898241136223078,22,145.16132409441897,JUMPING,False,,0.40777485150596826,,,32.05473725903576,11.219158040662515,2.3336426239013672,244.6378173828125,244.6977767944336,161.50216674804688,163.02587127685547,False
298,9.933333333333334,0.8384990692138672,26.871174108237028,22,145.16132409441897,JUMPING,False,,0.40777485150596826,,,32.05473725903576,11.219158040662515,2.9385504821777344,244.6378173828125,240.22025299072266,161.50216674804688,159.72804260253906,False
299,9.966666666666667,0.8598514199256897,26.648967992514372,22,145.16132409441897,JUMPING,False,,0.40777485150596826,,,32.05473725903576,11.219158040662515,2.9385504821777344,244.6378173828125,231.04727935791016,161.50216674804688,151.45388793945312,True
300,10.0,0.8200010061264038,26.751312892884016,22,145.16132409441897,JUMPING,False,,0.40777485150596826,,,32.05473725903576,11.219158040662515,2.9385504821777344,244.6378173828125,223.3202896118164,161.50216674804688,142.67867279052734,True
301,10.033333333333333,0.8251457214355469,27.086878661066294,22,145.16132409441897,JUMPING,False,,0.40777485150596826,,,32.05473725903576,11.219158040662515,2.9385504821777344,244.6378173828125,217.71764373779297,161.50216674804688,135.8923568725586,True
302,10.066666666666666,0.8410584926605225,26.906825602054596,22,145.16132409441897,JUMPING,False,,0.40777485150596826,,,32.05473725903576,11.219158040662515,2.9385504821777344,244.6378173828125,213.478759765625,161.50216674804688,131.71088409423828,True
303,10.1,0.8092451691627502,26.69611992314458,22,145.16132409441897,JUMPING,False,,0.40777485150596826,,,32.05473725903576,11.219158040662515,2.9385504821777344,244.6378173828125,212.5277328491211,161.50216674804688,128.91132736206055,True
304,10.133333333333333,0.8058093190193176,26.71001199632883,22,145.16132409441897,JUMPING,False,,0.40777485150596826,,,32.05473725903576,11.219158040662515,2.3336426239013672,244.6378173828125,215.73411560058594,161.50216674804688,131.66146850585938,True
305,10.166666666666666,0.7730830311775208,27.091002091765404,22,145.16132409441897,JUMPING,False,,0.40777485150596826,,,32.05473725903576,11.219158040662515,2.9385504821777344,244.6378173828125,224.12875366210938,161.50216674804688,138.28943634033203,True
306,10.2,0.7235764265060425,26.6865361481905,22,145.16132409441897,JUMPING,False,,0.40777485150596826,,,32.05473725903576,11.219158040662515,3.2532545928955074,244.6378173828125,232.29576110839844,161.50216674804688,147.84825134277344,True
307,10.233333333333333,0.7917254567146301,26.527442038059235,23,145.161292694982,JUMPING,True,0.3999999999999986,0.40606438417465496,32.110084533691406,32.59083938598633,32.06857407769967,11.219158040662515,3.525982319641113,244.6378173828125,241.01856994628906,161.50216674804688,156.77454376220703,False
308,10.266666666666667,0.791370153427124,26.84671711176634,23,145.161292694982,JUMPING,False,,0.40606438417465496,,,32.06857407769967,11.224000927194885,3.6836284698486326,245.04037475585938,247.6001739501953,161.54232788085938,163.12680053710938,False
309,10.3,0.7950247526168823,26.999925263226032,23,145.161292694982,JUMPING,False,,0.40606438417465496,,,32.06857407769967,11.317437144470215,3.7724790481567383,245.93356323242188,247.30220794677734,162.32998657226562,163.21693420410156,False
310,10.333333333333334,0.8053516149520874,26.61121217533946,23,145.161292694982,JUMPING,False,,0.40606438417465496,,,32.06857407769967,11.224000927194885,3.6836284698486326,245.93356323242188,243.5151138305664,162.32998657226562,159.90365600585938,False
311,10.366666666666667,0.7544324994087219,28.267296962440014,23,145.161292694982,JUMPING,False,,0.40606438417465496,,,32.06857407769967,11.224000927194885,3.6836284698486326,245.93356323242188,234.92084503173828,162.32998657226562,151.31704711914062,False
312,10.4,0.8251440525054932,26.92942274734378,23,145.161292694982,JUMPING,False,,0.40606438417465496,,,32.06857407769967,11.224000927194885,3.6836284698486326,245.93356323242188,225.28399658203125,162.32998657226562,141.4583969116211,True
313,10.433333333333334,0.7678050994873047,27.076550759375095,23,145.161292694982,JUMPING,False,,0.40606438417465496,,,32.06857407769967,11.224000927194885,3.6836284698486326,245.93356323242188,218.71294403076172,162.32998657226562,133.1671600341797,True
314,10.466666666666667,0.7927182912826538,26.9007938914001,23,145.161292694982,JUMPING,False,,0.40606438417465496,,,32.06857407769967,11.224000927194885,3.6836284698486326,245.93356323242188,209.8760223388672,162.32998657226562,127.68661880493164,True
315,10.5,0.7873783111572266,26.60918002948165,23,145.161292694982,JUMPING,False,,0.40606438417465496,,,32.06857407769967,11.224000927194885,3.6836284698486326,245.93356323242188,209.10501098632812,162.32998657226562,125.80210876464844,True
316,10.533333333333333,0.795236349105835,27.969637885689735,23,145.161292694982,JUMPING,False,,0.40606438417465496,,,32.06857407769967,11.224000927194885,3.6836284698486326,245.93356323242188,212.80828094482422,162.32998657226562,127.68634414672852,True
317,10.566666666666666,0.8099339604377747,27.137021999806166,23,145.161292694982,JUMPING,False,,0.40606438417465496,,,32.06857407769967,11.317437144470215,3.7724790481567383,245.93356323242188,221.15486907958984,162.32211303710938,134.0318832397461,True
318,10.6,0.7592418193817139,27.116964105516672,23,145.161292694982,JUMPING,False,,0.40606438417465496,,,32.06857407769967,12.250724523925783,4.083574841308594,245.04037475585938,232.55401611328125,161.50216674804688,143.68106842041016,True
319,10.633333333333333,0.8083128333091736,26.91494207829237,24,147.54101618808767,JUMPING,True,0.40000000000000036,0.40473021965623096,35.532806396484375,35.03514099121094,32.934632157395846,11.224000927194885,3.7013646514892575,244.6378173828125,241.43221282958984,160.83724975585938,154.23413848876953,False
320,10.666666666666666,0.8341647982597351,27.740062214434147,24,147.54101618808767,JUMPING,False,,0.40473021965623096,,,32.934632157395846,13.575983779907226,4.525327926635742,246.0985870361328,248.62759399414062,161.50216674804688,161.81238555908203,False
321,10.7,0.8045575022697449,26.65962977334857,24,147.54101618808767,JUMPING,False,,0.40473021965623096,,,32.934632157395846,13.716911769104005,4.572303923034668,247.19430541992188,249.3510513305664,161.6996307373047,163.47805786132812,False
322,10.733333333333333,0.792224109172821,26.753084268420935,24,147.54101618808767,JUMPING,False,,0.40473021965623096,,,32.934632157395846,13.575983779907226,4.525327926635742,247.19430541992188,243.82601165771484,161.6996307373047,160.0900115966797,False
323,10.766666666666667,0.7784017324447632,26.63167007267475,24,147.54101618808767,JUMPING,False,,0.40473021965623096,,,32.934632157395846,13.575983779907226,4.525327926635742,247.19430541992188,233.0365219116211,161.6996307373047,152.16725158691406,True
324,10.8,0.8453254699707031,26.893853209912777,24,147.54101618808767,JUMPING,False,,0.40473021965623096,,,32.934632157395846,13.575983779907226,4.525327926635742,247.19430541992188,225.30719757080078,161.6996307373047,142.25167846679688,True
325,10.833333333333334,0.7909592986106873,26.618232019245625,24,147.54101618808767,JUMPING,False,,0.40473021965623096,,,32.934632157395846,13.575983779907226,4.525327926635742,247.19430541992188,220.45761108398438,161.6996307373047,134.36105346679688,True
326,10.866666666666667,0.7936471700668335,26.63773065432906,24,147.54101618808767,JUMPING,False,,0.40473021965623096,,,32.934632157395846,13.575983779907226,4.525327926635742,247.19430541992188,218.90447998046875,161.6996307373047,130.20232009887695,True
327,10.9,0.8145551681518555,26.940362993627787,24,147.54101618808767,JUMPING,False,,0.40473021965623096,,,32.934632157395846,13.575983779907226,4.525327926635742,247.19430541992188,217.72077178955078,161.6996307373047,128.29904556274414,True
328,10.933333333333334,0.7744462490081787,27.117962017655373,24,147.54101618808767,JUMPING,False,,0.40473021965623096,,,32.934632157395846,13.575983779907226,4.525327926635742,247.19430541992188,219.02505493164062,161.6996307373047,128.78464889526367,True
329,10.966666666666667,0.7602787017822266,28.404903132468462,24,147.54101618808767,JUMPING,False,,0.40473021965623096,,,32.934632157395846,13.974199516296387,4.658066505432129,247.19430541992188,221.08145904541016,161.6996307373047,132.6672821044922,True
330,11.0,0.7539748549461365,26.62722487002611,24,147.54101618808767,JUMPING,False,,0.40473021965623096,,,32.934632157395846,14.261586740112303,4.753862246704101,246.0985870361328,225.6480712890625,161.67129516601562,140.95342254638672,True
331,11.033333333333333,0.8097478151321411,26.615990325808525,25,149.99999776482585,JUMPING,True,0.40000000000000036,0.40368957133186023,26.62830352783203,32.82438278198242,31.358050000004894,13.189034138488768,4.396344712829589,244.3490753173828,235.29206085205078,161.12342834472656,150.8837890625,False
332,11.066666666666666,0.8174766302108765,26.968761812895536,25,149.99999776482585,JUMPING,False,,0.40368957133186023,,,31.358050000004894,13.189034138488768,4.396344712829589,244.3490753173828,243.31369018554688,161.12342834472656,159.4215850830078,False
333,11.1,0.8206070065498352,27.98905223608017,25,149.99999776482585,JUMPING,False,,0.40368957133186023,,,31.358050000004894,15.160159616088867,5.053386538696289,246.2198028564453,247.23448181152344,162.5404815673828,163.95063018798828,False
334,11.133333333333333,0.8352116346359253,27.01287530362606,25,149.99999776482585,JUMPING,False,,0.40368957133186023,,,31.358050000004894,13.397796235656738,4.465932078552246,247.24142456054688,247.2460479736328,163.08642578125,163.91940307617188,False
335,11.166666666666666,0.8077587485313416,26.877082884311676,25,149.99999776482585,JUMPING,False,,0.40368957133186023,,,31.358050000004894,14.598890908813477,4.866296969604492,247.24142456054688,243.95220184326172,163.08642578125,160.94091796875,False
336,11.2,0.7928943037986755,26.758636813610792,25,149.99999776482585,JUMPING,False,,0.40368957133186023,,,31.358050000004894,14.598890908813477,4.866296969604492,247.24142456054688,239.50636291503906,163.08642578125,155.7828826904297,False
337,11.233333333333333,0.837482213973999,26.492957025766373,25,149.99999776482585,JUMPING,False,,0.40368957133186023,,,31.358050000004894,14.598890908813477,4.866296969604492,247.24142456054688,229.56102752685547,163.08642578125,145.15877532958984,True
338,11.266666666666667,0.8086810111999512,27.09150779992342,25,149.99999776482585,JUMPING,False,,0.40368957133186023,,,31.358050000004894,14.598890908813477,4.866296969604492,247.24142456054688,222.55438232421875,163.08642578125,136.1993865966797,True
339,11.3,0.8381228446960449,26.520014740526676,25,149.99999776482585,JUMPING,False,,0.40368957133186023,,,31.358050000004894,14.598890908813477,4.866296969604492,247.24142456054688,217.51515197753906,163.08642578125,129.97763061523438,True
340,11.333333333333334,0.818720281124115,26.711934246122837,25,149.99999776482585,JUMPING,False,,0.40368957133186023,,,31.358050000004894,14.598890908813477,4.866296969604492,247.24142456054688,213.15862274169922,163.08642578125,126.79472351074219,True
341,11.366666666666667,0.8151262998580933,26.534636970609426,25,149.99999776482585,JUMPING,False,,0.40368957133186023,,,31.358050000004894,12.966528762817383,4.322176254272461,247.24142456054688,214.7760772705078,163.08642578125,128.68199920654297,True
342,11.4,0.7765020728111267,26.66164841502905,25,149.99999776482585,JUMPING,False,,0.40368957133186023,,,31.358050000004894,14.598890908813477,4.866296969604492,247.24142456054688,220.85454559326172,162.6010284423828,134.3175048828125,True
343,11.433333333333334,0.8078982830047607,26.94536419585347,25,149.99999776482585,JUMPING,False,,0.40368957133186023,,,31.358050000004894,10.975317500001712,3.028260722351074,247.24142456054688,227.2815399169922,162.6010284423828,143.92932891845703,True
344,11.466666666666667,0.7994855046272278,26.63730690255761,26,147.54101618808767,JUMPING,True,0.43333333333333357,0.4102111989721844,34.082801818847656,35.806304931640625,32.03923795471559,10.975317500001712,3.028260722351074,247.24142456054688,237.45877075195312,162.6010284423828,154.43753814697266,False
345,11.5,0.8145145773887634,26.84979885816574,26,147.54101618808767,JUMPING,False,,0.4102111989721844,,,32.03923795471559,11.718639074707031,3.9062130249023435,247.24142456054688,246.5869140625,162.6010284423828,161.5800018310547,False
346,11.533333333333333,0.8412742614746094,27.2832871414721,26,147.54101618808767,JUMPING,False,,0.4102111989721844,,,32.03923795471559,11.916610153198242,3.972203384399414,247.27975463867188,249.82880401611328,163.1179656982422,163.10472106933594,False
347,11.566666666666666,0.8521451950073242,28.426410164684057,26,147.54101618808767,JUMPING,False,,0.4102111989721844,,,32.03923795471559,11.718639074707031,3.9062130249023435,247.27975463867188,245.6422348022461,163.1179656982422,159.27213287353516,False
348,11.6,0.8597372770309448,27.141885831952095,26,147.54101618808767,JUMPING,False,,0.4102111989721844,,,32.03923795471559,11.718639074707031,3.9062130249023435,247.27975463867188,236.9757843017578,163.1179656982422,150.5004425048828,False
349,11.633333333333333,0.8451341390609741,26.862083934247494,26,147.54101618808767,JUMPING,False,,0.4102111989721844,,,32.03923795471559,11.718639074707031,3.9062130249023435,247.27975463867188,224.49694061279297,163.1179656982422,140.00304412841797,True
350,11.666666666666666,0.8300784230232239,26.80262690410018,26,147.54101618808767,JUMPING,False,,0.4102111989721844,,,32.03923795471559,11.718639074707031,3.9062130249023435,247.27975463867188,216.56715393066406,163.1179656982422,130.69424438476562,True
351,11.7,0.8433502912521362,26.81107772514224,26,147.54101618808767,JUMPING,False,,0.4102111989721844,,,32.03923795471559,11.718639074707031,3.9062130249023435,247.27975463867188,213.2284927368164,163.1179656982422,128.1201934814453,True
352,11.733333333333333,0.8707701563835144,26.840839069336653,26,147.54101618808767,JUMPING,False,,0.4102111989721844,,,32.03923795471559,11.213733284150456,3.0817520507812497,247.27975463867188,213.65900421142578,163.1179656982422,128.10988235473633,True
353,11.766666666666667,0.8097091317176819,26.608184911310673,26,147.54101618808767,JUMPING,False,,0.4102111989721844,,,32.03923795471559,11.718639074707031,3.9062130249023435,247.24142456054688,217.12063598632812,162.58778381347656,132.00054931640625,True
354,11.8,0.7942560315132141,26.668833568692207,26,147.54101618808767,JUMPING,False,,0.4102111989721844,,,32.03923795471559,11.213733284150456,3.5594073303222653,246.97544860839844,222.2882080078125,161.71942138671875,138.47037506103516,True
355,11.833333333333334,0.7892541885375977,26.53705794364214,26,147.54101618808767,JUMPING,False,,0.4102111989721844,,,32.03923795471559,11.718639074707031,3.9062130249023435,246.97544860839844,230.39519500732422,161.71942138671875,144.75582122802734,True
356,11.866666666666667,0.781253457069397,27.30346377938986,27,147.5409513133734,JUMPING,True,0.40000000000000036,0.4079647351983039,33.74695587158203,33.60953903198242,32.4661674339322,11.718639074707031,3.9062130249023435,246.97544860839844,239.6306381225586,161.71942138671875,153.44361877441406,False
357,11.9,0.8364202380180359,26.482305955141783,27,147.5409513133734,JUMPING,False,,0.4079647351983039,,,32.4661674339322,11.363158601876268,3.5594073303222653,246.97544860839844,242.99478149414062,161.71942138671875,158.7491683959961,False
358,11.933333333333334,0.8248521089553833,26.528059970587492,27,147.5409513133734,JUMPING,False,,0.4079647351983039,,,32.4661674339322,11.363158601876268,3.4523115600585936,246.97544860839844,241.7472915649414,161.71942138671875,157.8994598388672,False
359,11.966666666666667,0.8564205169677734,26.82557562366128,27,147.5409513133734,JUMPING,False,,0.4079647351983039,,,32.4661674339322,11.363158601876268,3.4523115600585936,246.97544860839844,237.83702850341797,161.71942138671875,152.8358154296875,False
360,12.0,0.8544359803199768,27.15383004397154,27,147.5409513133734,JUMPING,False,,0.4079647351983039,,,32.4661674339322,11.363158601876268,3.4523115600585936,246.97544860839844,228.50205993652344,161.71942138671875,142.88070678710938,True
361,12.033333333333333,0.8645392656326294,26.884404942393303,27,147.5409513133734,JUMPING,False,,0.4079647351983039,,,32.4661674339322,11.363158601876268,3.4523115600585936,246.97544860839844,220.0470199584961,161.71942138671875,133.82677459716797,True
362,12.066666666666666,0.8221057653427124,26.710701640695333,27,147.5409513133734,JUMPING,False,,0.4079647351983039,,,32.4661674339322,11.363158601876268,3.4523115600585936,246.97544860839844,214.2728500366211,161.71942138671875,126.99897003173828,True
363,12.1,0.7650696039199829,26.88299771398306,27,147.5409513133734,JUMPING,False,,0.4079647351983039,,,32.4661674339322,11.363158601876268,3.4523115600585936,246.97544860839844,212.64253997802734,161.71942138671875,124.79410552978516,True
364,12.133333333333333,0.7857086658477783,26.629898231476545,27,147.5409513133734,JUMPING,False,,0.4079647351983039,,,32.4661674339322,11.363158601876268,3.5594073303222653,246.97544860839844,214.85962677001953,161.71942138671875,126.8004264831543,True
365,12.166666666666666,0.7925805449485779,27.030676137655973,27,147.5409513133734,JUMPING,False,,0.4079647351983039,,,32.4661674339322,11.363158601876268,3.142889845275879,246.20904541015625,223.9148178100586,161.32437133789062,133.2751235961914,True
366,12.2,0.8196345567703247,26.80620178580284,27,147.5409513133734,JUMPING,False,,0.4079647351983039,,,32.4661674339322,11.363158601876268,3.5876178131103513,244.9662322998047,232.57754516601562,160.60055541992188,142.95603942871094,True
367,12.233333333333333,0.8156206011772156,26.789020281285048,28,149.99999776482585,JUMPING,True,0.36666666666666536,0.39887916012134345,32.323692321777344,35.53907012939453,32.43054865589349,12.512423693847657,4.170807897949219,244.9662322998047,240.96057891845703,160.3331756591797,153.1157684326172,False
368,12.266666666666667,0.8226141929626465,27.006904128938913,28,149.99999776482585,JUMPING,False,,0.39887916012134345,,,32.43054865589349,13.30620831298828,4.4354027709960935,246.20904541015625,250.8076400756836,160.78147888183594,160.5423355102539,False
369,12.3,0.8081657290458679,26.957770809531212,28,149.99999776482585,JUMPING,False,,0.39887916012134345,,,32.43054865589349,11.775376757812499,3.9251255859375,246.97544860839844,253.61823272705078,161.32437133789062,162.07357788085938,False
370,12.333333333333334,0.8285363912582397,27.242413256317377,28,149.99999776482585,JUMPING,False,,0.39887916012134345,,,32.43054865589349,14.419244201660156,4.806414733886719,247.24142456054688,247.36507415771484,161.32437133789062,157.51870727539062,False
371,12.366666666666667,0.7978929877281189,26.754799764603376,28,149.99999776482585,JUMPING,False,,0.39887916012134345,,,32.43054865589349,14.419244201660156,4.806414733886719,247.24142456054688,235.87549591064453,161.32437133789062,148.4755096435547,False
372,12.4,0.8050585985183716,26.727392803877592,28,149.99999776482585,JUMPING,False,,0.39887916012134345,,,32.43054865589349,14.419244201660156,4.806414733886719,247.24142456054688,224.79949188232422,161.32437133789062,138.52720642089844,True
373,12.433333333333334,0.8331559300422668,26.71906817704439,28,149.99999776482585,JUMPING,False,,0.39887916012134345,,,32.43054865589349,14.419244201660156,4.806414733886719,247.24142456054688,217.48224639892578,161.32437133789062,130.40208053588867,True
374,12.466666666666667,0.8255478739738464,26.871175039559603,28,149.99999776482585,JUMPING,False,,0.39887916012134345,,,32.43054865589349,14.419244201660156,4.806414733886719,247.24142456054688,213.91265106201172,161.32437133789062,125.35112380981445,True
375,12.5,0.7728325128555298,26.803651824593544,28,149.99999776482585,JUMPING,False,,0.39887916012134345,,,32.43054865589349,14.419244201660156,4.806414733886719,247.24142456054688,215.04401397705078,161.32437133789062,125.0359115600586,True
376,12.533333333333333,0.7510096430778503,26.59731125459075,28,149.99999776482585,JUMPING,False,,0.39887916012134345,,,32.43054865589349,14.419244201660156,4.806414733886719,247.24142456054688,217.67772674560547,161.32437133789062,127.41046142578125,True
377,12.566666666666666,0.7840908765792847,26.515929028391838,28,149.99999776482585,JUMPING,False,,0.39887916012134345,,,32.43054865589349,13.068941638183592,4.356313879394531,247.24142456054688,224.20931243896484,161.32437133789062,134.72188568115234,True
378,12.6,0.8087512254714966,26.662001851946115,29,152.54233343031714,JUMPING,True,0.36666666666666714,0.39179241156131467,33.069740295410156,35.745567321777344,32.590346565772656,15.198165719604493,5.066055239868164,246.98239135742188,234.12142181396484,160.78147888183594,144.4421844482422,False
379,12.633333333333333,0.8131999373435974,26.861940044909716,29,152.54233343031714,JUMPING,False,,0.39179241156131467,,,32.590346565772656,14.191614788818358,4.730538262939453,246.20904541015625,244.1512680053711,160.03424072265625,154.90470123291016,False
380,12.666666666666666,0.826576292514801,26.851858012378216,29,152.54233343031714,JUMPING,False,,0.39179241156131467,,,32.590346565772656,14.71324855957031,4.904416186523437,247.05381774902344,249.8948974609375,160.03424072265625,161.05323791503906,False
381,12.7,0.8120417594909668,27.178308926522732,29,152.54233343031714,JUMPING,False,,0.39179241156131467,,,32.590346565772656,11.40662129802043,3.750704718017578,248.73304748535156,249.64501953125,160.848876953125,161.77108001708984,False
382,12.733333333333333,0.7877833247184753,28.60864484682679,29,152.54233343031714,JUMPING,False,,0.39179241156131467,,,32.590346565772656,11.785081887817382,3.928360629272461,248.73304748535156,247.05931854248047,160.848876953125,158.4090805053711,False
383,12.766666666666667,0.8332910537719727,27.179119177162647,29,152.54233343031714,JUMPING,False,,0.39179241156131467,,,32.590346565772656,11.785081887817382,3.928360629272461,248.73304748535156,235.33731079101562,160.848876953125,150.43719482421875,True
384,12.8,0.8138864636421204,26.698699221014977,29,152.54233343031714,JUMPING,False,,0.39179241156131467,,,32.590346565772656,11.785081887817382,3.928360629272461,248.73304748535156,226.99790954589844,160.848876953125,141.85794830322266,True
385,12.833333333333334,0.8120827674865723,26.701233349740505,29,152.54233343031714,JUMPING,False,,0.39179241156131467,,,32.590346565772656,11.785081887817382,3.928360629272461,248.73304748535156,222.62403106689453,160.848876953125,136.5080108642578,True
386,12.866666666666667,0.8057174682617188,26.64664341136813,29,152.54233343031714,JUMPING,False,,0.39179241156131467,,,32.590346565772656,11.785081887817382,3.928360629272461,248.73304748535156,218.19176483154297,160.848876953125,129.4456558227539,True
387,12.9,0.8202417492866516,26.803468819707632,29,152.54233343031714,JUMPING,False,,0.39179241156131467,,,32.590346565772656,11.785081887817382,3.928360629272461,248.73304748535156,218.1544647216797,160.848876953125,129.40350341796875,True
388,12.933333333333334,0.791720449924469,26.88172599300742,29,152.54233343031714,JUMPING,False,,0.39179241156131467,,,32.590346565772656,11.785081887817382,3.928360629272461,248.73304748535156,223.38421630859375,160.848876953125,132.86571502685547,True
389,12.966666666666667,0.7930494546890259,26.574669871479273,29,152.54233343031714,JUMPING,False,,0.39179241156131467,,,32.590346565772656,11.785081887817382,3.928360629272461,248.73304748535156,230.9898452758789,160.848876953125,140.72113037109375,True
390,13.0,0.8332455158233643,26.6188932582736,30,152.54240277785985,JUMPING,True,0.40000000000000036,0.3935980810178255,30.578582763671875,30.6307373046875,32.08740561524746,11.40662129802043,3.750704718017578,248.73304748535156,239.43003845214844,160.03424072265625,147.04869842529297,False
391,13.033333333333333,0.771643877029419,26.608383748680353,30,152.54240277785985,JUMPING,False,,0.3935980810178255,,,32.08740561524746,14.29436700439453,4.764789001464844,248.73304748535156,250.9286346435547,159.0629425048828,155.3287353515625,False
392,13.066666666666666,0.8058782815933228,27.04509673640132,30,152.54240277785985,JUMPING,False,,0.3935980810178255,,,32.08740561524746,11.500646923828125,3.833548974609375,249.79495239257812,258.03224182128906,159.72341918945312,160.37293243408203,False
393,13.1,0.7965498566627502,26.83681668713689,30,152.54240277785985,JUMPING,False,,0.3935980810178255,,,32.08740561524746,11.233178970336914,3.7443929901123045,249.869140625,249.8304901123047,160.4745635986328,160.77574157714844,False
394,13.133333333333333,0.79231196641922,26.852549985051155,30,152.54240277785985,JUMPING,False,,0.3935980810178255,,,32.08740561524746,11.230591965336611,3.3802356994628906,249.869140625,248.16720581054688,160.4745635986328,159.9132843017578,False
395,13.166666666666666,0.7864289879798889,26.757547166198492,30,152.54240277785985,JUMPING,False,,0.3935980810178255,,,32.08740561524746,11.230591965336611,2.9089034591674805,249.869140625,243.47259521484375,160.4745635986328,155.7535400390625,False
396,13.2,0.8105707168579102,26.733508799225092,30,152.54240277785985,JUMPING,False,,0.3935980810178255,,,32.08740561524746,11.230591965336611,2.9089034591674805,249.869140625,233.55741119384766,160.4745635986328,146.48787689208984,True
397,13.233333333333333,0.8116298913955688,26.786021422594786,30,152.54240277785985,JUMPING,False,,0.3935980810178255,,,32.08740561524746,11.230591965336611,2.9089034591674805,249.869140625,224.44699096679688,160.4745635986328,137.21875,True
398,13.266666666666667,0.8066504001617432,27.25794492289424,30,152.54240277785985,JUMPING,False,,0.3935980810178255,,,32.08740561524746,11.230591965336611,2.9089034591674805,249.869140625,219.55113220214844,160.4745635986328,130.44246673583984,True
399,13.3,0.7928701043128967,27.24434807896614,30,152.54240277785985,JUMPING,False,,0.3935980810178255,,,32.08740561524746,11.230591965336611,2.9089034591674805,249.869140625,214.34651947021484,160.4745635986328,126.83578109741211,True
400,13.333333333333334,0.7734422087669373,27.391284238547087,30,152.54240277785985,JUMPING,False,,0.3935980810178255,,,32.08740561524746,11.230591965336611,2.9089034591674805,249.869140625,214.04302215576172,160.4745635986328,126.21517181396484,True
401,13.366666666666667,0.7156217694282532,26.87322488054633,30,152.54240277785985,JUMPING,False,,0.3935980810178255,,,32.08740561524746,11.230591965336611,2.9089034591674805,249.869140625,216.72937774658203,160.4745635986328,127.96345138549805,True
402,13.4,0.7637223601341248,26.90023183822632,30,152.54240277785985,JUMPING,False,,0.3935980810178255,,,32.08740561524746,11.230591965336611,3.3802356994628906,249.869140625,222.12226104736328,160.4745635986328,133.58518981933594,True
403,13.433333333333334,0.8205578327178955,26.750036049634218,30,152.54240277785985,JUMPING,False,,0.3935980810178255,,,32.08740561524746,11.230591965336611,2.9231218139648436,249.869140625,229.0750961303711,160.4745635986328,141.3373031616211,True
404,13.466666666666667,0.8283976316452026,27.189258951693773,31,149.99999776482585,JUMPING,True,0.4666666666666668,0.40967316986057056,35.82611846923828,34.25939178466797,33.02208382874517,11.230591965336611,2.9231218139648436,249.869140625,239.88450622558594,160.4745635986328,149.37966918945312,False
405,13.5,0.811518132686615,27.03346498310566,31,149.99999776482585,JUMPING,False,,0.40967316986057056,,,33.02208382874517,11.557729340060808,3.3802356994628906,249.869140625,246.17373657226562,160.4745635986328,154.559814453125,False
406,13.533333333333333,0.8092043399810791,27.186863124370575,31,149.99999776482585,JUMPING,False,,0.40967316986057056,,,33.02208382874517,11.557729340060808,2.9089034591674805,249.869140625,246.17145538330078,160.4745635986328,155.52056884765625,False
407,13.566666666666666,0.8114615678787231,27.873176615685225,31,149.99999776482585,JUMPING,False,,0.40967316986057056,,,33.02208382874517,11.557729340060808,2.9589108947753906,249.869140625,243.33196258544922,160.4745635986328,154.46571350097656,False
408,13.6,0.789598822593689,28.99160608649254,31,149.99999776482585,JUMPING,False,,0.40967316986057056,,,33.02208382874517,11.557729340060808,2.9589108947753906,249.869140625,239.81204223632812,160.4745635986328,152.63037872314453,False
409,13.633333333333333,0.8315001726150513,28.31508405506611,31,149.99999776482585,JUMPING,False,,0.40967316986057056,,,33.02208382874517,11.557729340060808,2.9589108947753906,249.869140625,236.62696075439453,160.4745635986328,150.3260040283203,True
410,13.666666666666666,0.7980884313583374,27.08041574805975,31,149.99999776482585,JUMPING,False,,0.40967316986057056,,,33.02208382874517,11.557729340060808,2.9589108947753906,249.869140625,235.05028533935547,160.4745635986328,149.95677947998047,True
411,13.7,0.8083073496818542,27.164905332028866,31,149.99999776482585,JUMPING,False,,0.40967316986057056,,,33.02208382874517,11.557729340060808,2.9589108947753906,249.869140625,234.94815826416016,160.4745635986328,151.10769653320312,True
412,13.733333333333333,0.8027575016021729,27.205223217606544,31,149.99999776482585,JUMPING,False,,0.40967316986057056,,,33.02208382874517,11.557729340060808,2.9589108947753906,249.869140625,237.03064727783203,160.4745635986328,152.49703979492188,True
413,13.766666666666667,0.8065410852432251,26.73359215259552,31,149.99999776482585,JUMPING,False,,0.40967316986057056,14.808143615722656,10.232292175292969,33.02208382874517,11.557729340060808,3.1083450119018554,249.7563018798828,238.87078094482422,160.18907165527344,154.19684600830078,False
414,13.8,0.7982964515686035,27.125810272991657,31,149.99999776482585,JUMPING,False,,0.40967316986057056,,,33.02208382874517,11.557729340060808,3.6552143829345702,249.05389404296875,239.54425811767578,159.3115997314453,154.93097686767578,False
415,13.833333333333334,0.8180723786354065,27.310180012136698,31,149.99999776482585,JUMPING,False,,0.40967316986057056,,,33.02208382874517,11.557729340060808,3.3350016494750974,249.05389404296875,238.58558654785156,159.3115997314453,154.56420135498047,False
416,13.866666666666667,0.8345611095428467,27.113777119666338,31,149.99999776482585,JUMPING,False,,0.40967316986057056,,,33.02208382874517,11.557729340060808,3.3350016494750974,249.05389404296875,236.9850082397461,159.3115997314453,153.8116226196289,True
417,13.9,0.8150234222412109,26.83229325339198,31,149.99999776482585,JUMPING,False,,0.40967316986057056,,,33.02208382874517,11.557729340060808,3.3350016494750974,249.05389404296875,236.5838623046875,159.3115997314453,153.9004135131836,True
418,13.933333333333334,0.7948278784751892,27.03234599903226,31,149.99999776482585,JUMPING,False,,0.40967316986057056,,,33.02208382874517,11.557729340060808,3.3350016494750974,249.05389404296875,236.21372985839844,159.3115997314453,153.86673736572266,True
419,13.966666666666667,0.8208917379379272,27.02297316864133,31,149.99999776482585,JUMPING,False,,0.40967316986057056,,,33.02208382874517,11.557729340060808,3.3350016494750974,249.05389404296875,235.70874786376953,159.3115997314453,154.17029571533203,True
420,14.0,0.7908622026443481,27.605641167610884,31,149.99999776482585,JUMPING,False,,0.40967316986057056,,,33.02208382874517,11.557729340060808,3.3350016494750974,249.05389404296875,235.73099517822266,159.3115997314453,154.76573181152344,True
421,14.033333333333333,0.8001697063446045,26.69385401532054,31,149.99999776482585,JUMPING,False,,0.40967316986057056,,,33.02208382874517,11.557729340060808,3.3350016494750974,249.05389404296875,235.10826110839844,159.3115997314453,155.5108642578125,True
422,14.066666666666666,0.7839269042015076,30.405467376112938,31,0.0,JUMPING,False,0.5999999999999996,,13.945632934570312,5.499977111816406,33.02208382874517,11.557729340060808,3.3350016494750974,249.05389404296875,237.5030517578125,159.3115997314453,156.22410583496094,False
423,14.1,0.7755815386772156,28.257977217435837,31,149.99999776482585,JUMPING,False,,0.40967316986057056,,,33.02208382874517,11.557729340060808,3.3350016494750974,249.05389404296875,238.2769317626953,159.3115997314453,156.41395568847656,False
424,14.133333333333333,0.7871638536453247,29.665181878954172,31,149.99999776482585,JUMPING,False,,0.40967316986057056,,,33.02208382874517,11.557729340060808,2.955517492675781,249.05389404296875,239.01494598388672,159.3115997314453,156.29827880859375,False
425,14.166666666666666,0.7654126286506653,30.562969855964184,31,149.99999776482585,JUMPING,False,,0.40967316986057056,,,33.02208382874517,15.439572344970701,5.146524114990234,247.7240447998047,239.92681884765625,157.6110382080078,155.9912567138672,False
426,14.2,0.738926887512207,27.658611070364714,31,149.99999776482585,JUMPING,False,,0.40967316986057056,,,33.02208382874517,16.578533825683593,5.526177941894531,246.70509338378906,240.49729919433594,156.36769104003906,155.16397857666016,False
427,14.233333333333333,0.7988475561141968,27.824421878904104,31,149.99999776482585,JUMPING,False,,0.40967316986057056,,,33.02208382874517,11.557729340060808,2.834305169677734,246.17282104492188,240.8307113647461,156.26861572265625,155.61839294433594,False
428,14.266666666666667,0.8223394751548767,31.274952925741673,31,149.99999776482585,JUMPING,False,,0.40967316986057056,,,33.02208382874517,11.557729340060808,2.199999137878418,246.17282104492188,239.8577880859375,156.26861572265625,155.53733825683594,False
429,14.3,0.8268993496894836,28.135217260569334,31,149.99999776482585,JUMPING,False,,0.40967316986057056,,,33.02208382874517,11.557729340060808,2.0343219360351563,246.17282104492188,240.24292755126953,156.26861572265625,155.62882232666016,False
430,14.333333333333334,0.8286986351013184,30.29183717444539,31,149.99999776482585,JUMPING,False,,0.40967316986057056,,,33.02208382874517,11.557729340060808,1.8765739837646482,246.17282104492188,240.17427825927734,156.26861572265625,155.54891967773438,False
431,14.366666666666667,0.843959629535675,31.21501812711358,31,149.99999776482585,JUMPING,False,,0.40967316986057056,,,33.02208382874517,11.557729340060808,1.932565118408203,246.17282104492188,238.50802612304688,156.26861572265625,155.59851837158203,False
432,14.4,0.8277231454849243,30.461268965154886,31,149.99999776482585,JUMPING,False,,0.40967316986057056,,,33.02208382874517,11.557729340060808,1.9605380630493163,246.17282104492188,238.26748657226562,156.26861572265625,155.64258575439453,False
433,14.433333333333334,0.813732385635376,27.05368399620056,31,149.99999776482585,JUMPING,False,,0.40967316986057056,,,33.02208382874517,11.557729340060808,1.5656704833984374,246.17282104492188,239.37400817871094,156.26861572265625,155.77082061767578,False
434,14.466666666666667,0.7690325975418091,28.276420198380947,31,149.99999776482585,JUMPING,False,,0.40967316986057056,,,33.02208382874517,11.557729340060808,1.745735710144043,246.17282104492188,238.51581573486328,156.26861572265625,155.66797637939453,False
435,14.5,0.8120265007019043,28.78218237310648,31,149.99999776482585,JUMPING,False,,0.40967316986057056,,,33.02208382874517,11.557729340060808,1.745735710144043,246.17282104492188,238.97736358642578,156.26861572265625,155.5549774169922,False
436,14.533333333333333,0.7854511141777039,30.99992498755455,31,149.99999776482585,JUMPING,False,,0.40967316986057056,,,33.02208382874517,11.557729340060808,1.4633254760742187,245.09190368652344,239.11127471923828,156.26861572265625,155.85447692871094,False
437,14.566666666666666,0.8170773983001709,30.666002072393894,31,149.99999776482585,JUMPING,False,,0.40967316986057056,,,33.02208382874517,11.557729340060808,1.5247686767578124,243.41635131835938,237.18682861328125,156.13096618652344,155.55445098876953,False
438,14.6,0.7964483499526978,27.90776640176773,31,149.99999776482585,JUMPING,False,,0.40967316986057056,,,33.02208382874517,11.557729340060808,1.6983072601318359,242.3314666748047,236.42820739746094,155.93653869628906,155.47218322753906,False
439,14.633333333333333,0.8537168502807617,26.846867986023426,31,149.99999776482585,JUMPING,False,,0.40967316986057056,,,33.02208382874517,11.557729340060808,2.355405642700195,240.69735717773438,236.77803802490234,155.93653869628906,156.50102996826172,False
440,14.666666666666666,0.8059966564178467,31.510236207395792,31,149.99999776482585,JUMPING,False,,0.40967316986057056,,,33.02208382874517,11.557729340060808,2.201910754394531,240.3955535888672,238.33641052246094,156.13096618652344,156.79367065429688,False
441,14.7,0.813475489616394,28.489161748439074,31,149.99999776482585,JUMPING,False,,0.40967316986057056,,,33.02208382874517,11.557729340060808,2.1469376403808593,240.3955535888672,238.29051971435547,156.26861572265625,156.4477996826172,False
442,14.733333333333333,0.7968729734420776,32.254431396722794,31,149.99999776482585,JUMPING,False,,0.40967316986057056,,,33.02208382874517,11.557729340060808,2.1035020935058593,240.3955535888672,238.24088287353516,156.28355407714844,156.261474609375,False
443,14.766666666666667,0.8228192925453186,27.112356387078762,31,149.99999776482585,JUMPING,False,,0.40967316986057056,,,33.02208382874517,11.557729340060808,2.1295860443115235,240.3955535888672,238.13063049316406,156.28355407714844,155.68878936767578,False
444,14.8,0.8084640502929688,33.07976666837931,31,149.99999776482585,JUMPING,False,,0.40967316986057056,,,33.02208382874517,11.557729340060808,2.187771578979492,240.3955535888672,238.2493896484375,156.28355407714844,155.3507843017578,False
445,14.833333333333334,0.7872166633605957,32.35614579170942,31,149.99999776482585,JUMPING,False,,0.40967316986057056,,,33.02208382874517,11.557729340060808,2.0956746459960938,240.3955535888672,237.90599060058594,156.28355407714844,155.22493743896484,False
446,14.866666666666667,0.8104022741317749,28.04881101474166,31,149.99999776482585,JUMPING,False,,0.40967316986057056,,,33.02208382874517,11.557729340060808,2.003577713012695,240.3955535888672,239.2209243774414,156.28355407714844,155.0517807006836,False
447,14.9,0.7997689247131348,30.064105056226254,31,149.99999776482585,JUMPING,False,,0.40967316986057056,,,33.02208382874517,11.557729340060808,2.0956746459960938,240.3955535888672,236.76151275634766,156.28355407714844,154.45068359375,False
448,14.933333333333334,0.8006064295768738,27.33362279832363,31,149.99999776482585,JUMPING,False,,0.40967316986057056,,,33.02208382874517,11.557729340060808,1.9355513122558592,240.3955535888672,237.4603271484375,156.28355407714844,154.43724060058594,False
449,14.966666666666667,0.8172385096549988,30.860080383718014,31,149.99999776482585,JUMPING,False,,0.40967316986057056,,,33.02208382874517,11.557729340060808,1.8679094970703123,240.3955535888672,238.53472137451172,156.28355407714844,154.65774536132812,False
450,15.0,0.8527899980545044,30.806145165115595,31,149.99999776482585,STOPPED,False,,0.40967316986057056,,,33.02208382874517,11.557729340060808,1.8679094970703123,240.3955535888672,240.52931213378906,156.28355407714844,154.83688354492188,False
451,15.033333333333333,0.8418359756469727,30.538219958543777,31,149.99999776482585,STOPPED,False,,0.40967316986057056,,,33.02208382874517,11.557729340060808,1.8679094970703123,240.3955535888672,241.55372619628906,156.28355407714844,154.9820098876953,False
452,15.066666666666666,0.8487869501113892,29.926382936537266,31,149.99999776482585,STOPPED,False,,0.40967316986057056,,,33.02208382874517,11.557729340060808,1.8679094970703123,240.3955535888672,241.8604507446289,156.28355407714844,155.02023315429688,False
453,15.1,0.8347739577293396,27.012330945581198,31,149.99999776482585,STOPPED,False,,0.40967316986057056,,,33.02208382874517,11.557729340060808,1.8679094970703123,240.51651000976562,241.33321380615234,156.28355407714844,154.74109649658203,False
454,15.133333333333333,0.8254895210266113,31.448388937860727,31,149.99999776482585,STOPPED,False,,0.40967316986057056,,,33.02208382874517,11.557729340060808,1.9359358978271484,240.7101593017578,241.0918960571289,156.28355407714844,154.9252700805664,False
455,15.166666666666666,0.8508294820785522,27.811116073280573,31,149.99999776482585,STOPPED,False,,0.40967316986057056,,,33.02208382874517,11.557729340060808,1.9721095642089843,240.7101593017578,239.83818817138672,156.28355407714844,155.12538146972656,False
456,15.2,0.865760087966919,31.039807945489883,31,149.99999776482585,STOPPED,False,,0.40967316986057056,,,33.02208382874517,11.557729340060808,1.9703449951171874,240.7268524169922,240.57105255126953,156.28355407714844,155.4218978881836,False
457,15.233333333333333,0.8938927054405212,31.15951595827937,31,149.99999776482585,STOPPED,False,,0.40967316986057056,,,33.02208382874517,11.557729340060808,1.9615673950195311,240.97698974609375,241.0744857788086,156.28355407714844,155.47844696044922,False
458,15.266666666666667,0.6571227312088013,27.425068896263838,31,149.99999776482585,STOPPED,False,,0.40967316986057056,,,33.02208382874517,11.557729340060808,1.998397119140625,241.08493041992188,241.43707275390625,156.28355407714844,155.6861572265625,False
459,15.3,0.8710153698921204,33.19092374294996,31,149.99999776482585,STOPPED,False,,0.40967316986057056,,,33.02208382874517,11.557729340060808,2.0311547607421874,241.17031860351562,241.22260284423828,156.28355407714844,155.94381713867188,False
460,15.333333333333334,0.8575178384780884,27.19902480021119,31,149.99999776482585,STOPPED,False,,0.40967316986057056,,,33.02208382874517,11.557729340060808,2.0118576141357423,241.17031860351562,239.48380279541016,156.28355407714844,155.6881561279297,False
461,15.366666666666667,0.850470781326294,30.122985132038593,31,149.99999776482585,STOPPED,False,,0.40967316986057056,,,33.02208382874517,11.557729340060808,1.8893557983398437,241.17031860351562,237.59647369384766,156.28355407714844,154.70098876953125,False
462,15.4,0.8469974398612976,29.65474408119917,31,149.99999776482585,STOPPED,False,,0.40967316986057056,,,33.02208382874517,11.557729340060808,1.8893557983398437,241.17031860351562,235.6176528930664,156.28355407714844,154.2714385986328,False
463,15.433333333333334,0.8324008584022522,27.038443833589554,31,149.99999776482585,STOPPED,False,,0.40967316986057056,,,33.02208382874517,11.557729340060808,1.8893557983398437,241.17031860351562,236.17659759521484,156.28355407714844,153.60602569580078,False
464,15.466666666666667,0.828487753868103,35.26170691475272,31,149.99999776482585,STOPPED,False,,0.40967316986057056,,,33.02208382874517,11.557729340060808,1.7967385437011718,241.17031860351562,238.48111724853516,156.28355407714844,154.16548919677734,False
465,15.5,0.6700764894485474,32.33095398172736,31,149.99999776482585,STOPPED,False,,0.40967316986057056,,,33.02208382874517,11.557729340060808,1.7274905181884765,241.17031860351562,238.58870697021484,156.28355407714844,154.37416076660156,False
466,15.533333333333333,0.8474934697151184,30.407163314521313,31,149.99999776482585,STOPPED,False,,0.40967316986057056,,,33.02208382874517,11.557729340060808,1.762080596923828,241.17031860351562,238.64883422851562,156.28355407714844,153.98770904541016,False
467,15.566666666666666,0.8467680811882019,34.71592999994755,31,149.99999776482585,STOPPED,False,,0.40967316986057056,,,33.02208382874517,11.557729340060808,1.762080596923828,241.17031860351562,238.43539428710938,156.28355407714844,153.85464477539062,False
468,15.6,0.8371176719665527,33.04229583591223,31,149.99999776482585,STOPPED,False,,0.40967316986057056,,,33.02208382874517,11.557729340060808,1.407673681640625,241.17031860351562,239.3359146118164,156.15338134765625,153.9661407470703,False
469,15.633333333333333,0.8299762010574341,31.235325150191784,31,149.99999776482585,STOPPED,False,,0.40967316986057056,,,33.02208382874517,11.557729340060808,1.5884062774658203,241.1812286376953,241.11917114257812,155.97227478027344,154.20138549804688,False
470,15.666666666666666,0.8822465538978577,27.803504839539528,31,149.99999776482585,STOPPED,False,,0.40967316986057056,,,33.02208382874517,11.557729340060808,1.7745683166503905,241.1812286376953,240.560302734375,155.9080810546875,154.01343536376953,False
471,15.7,0.8629669547080994,30.252010095864534,31,149.99999776482585,STOPPED,False,,0.40967316986057056,,,33.02208382874517,11.557729340060808,1.7745683166503905,241.1812286376953,240.25875854492188,155.9080810546875,153.8237533569336,False
472,15.733333333333333,0.8484682440757751,27.114600874483585,31,149.99999776482585,STOPPED,False,,0.40967316986057056,,,33.02208382874517,11.557729340060808,1.7745683166503905,241.1862030029297,241.13160705566406,155.9080810546875,153.84832000732422,False
473,15.766666666666667,0.8642398715019226,30.65454913303256,31,149.99999776482585,STOPPED,False,,0.40967316986057056,,,33.02208382874517,11.557729340060808,1.8763251342773437,241.28897094726562,241.38229370117188,155.9080810546875,154.0237045288086,False
474,15.8,0.8441441059112549,27.0908260717988,31,149.99999776482585,STOPPED,False,,0.40967316986057056,,,33.02208382874517,11.557729340060808,1.8998074768066404,241.28897094726562,240.7430877685547,155.9080810546875,153.38301849365234,False
475,15.833333333333334,0.8251662254333496,28.00686564296484,31,149.99999776482585,STOPPED,False,,0.40967316986057056,,,33.02208382874517,11.557729340060808,1.762080596923828,241.28897094726562,238.18115997314453,155.9080810546875,151.1873779296875,False
476,15.866666666666667,0.8019905090332031,30.343959107995033,31,149.99999776482585,STOPPED,False,,0.40967316986057056,,,33.02208382874517,11.557729340060808,1.904693975830078,241.28897094726562,234.5969696044922,155.9080810546875,149.00432586669922,False
477,15.9,0.823257327079773,27.216866612434387,31,149.99999776482585,STOPPED,False,,0.40967316986057056,,,33.02208382874517,11.557729340060808,2.047307354736328,241.28897094726562,231.19397735595703,155.9080810546875,148.33057403564453,False
478,15.933333333333334,0.8316429853439331,27.238603215664625,31,149.99999776482585,STOPPED,False,,0.40967316986057056,,,33.02208382874517,11.557729340060808,2.074477194213867,241.28897094726562,231.43267822265625,155.9080810546875,148.0239028930664,False
479,15.966666666666667,0.8254776000976562,33.16399594768882,31,149.99999776482585,STOPPED,False,,0.40967316986057056,,,33.02208382874517,11.557729340060808,2.249146911621094,241.28897094726562,232.65038299560547,155.9080810546875,148.71173095703125,False
480,16.0,0.8487186431884766,32.04608894884586,31,149.99999776482585,STOPPED,False,,0.40967316986057056,,,33.02208382874517,11.557729340060808,2.2750385696411133,241.28897094726562,234.60051727294922,155.9080810546875,150.09310913085938,False
481,16.033333333333335,0.8973410129547119,31.39543905854225,31,149.99999776482585,STOPPED,False,,0.40967316986057056,,,33.02208382874517,11.557729340060808,2.5802524658203123,241.28897094726562,235.8959732055664,155.841796875,152.1857681274414,False
482,16.066666666666666,0.8714245557785034,27.44120405986905,31,149.99999776482585,STOPPED,False,,0.40967316986057056,,,33.02208382874517,11.557729340060808,2.741325952148437,241.28897094726562,235.6534881591797,155.841796875,152.72664642333984,False
483,16.1,0.8362624049186707,27.229473926126957,31,149.99999776482585,STOPPED,False,,0.40967316986057056,,,33.02208382874517,11.557729340060808,2.741325952148437,241.28897094726562,235.66588592529297,155.841796875,154.38928985595703,False
484,16.133333333333333,0.8455279469490051,31.337443739175797,31,149.99999776482585,STOPPED,False,,0.40967316986057056,,,33.02208382874517,11.557729340060808,2.685018099975586,241.28897094726562,236.85400390625,155.68853759765625,154.28491973876953,False
485,16.166666666666668,0.848652184009552,39.90455297753215,31,149.99999776482585,STOPPED,False,,0.40967316986057056,,,33.02208382874517,11.557729340060808,2.685018099975586,241.28897094726562,236.93035888671875,155.68736267089844,154.46202087402344,False
486,16.2,0.8558218479156494,31.98100905865431,31,149.99999776482585,STOPPED,False,,0.40967316986057056,,,33.02208382874517,11.557729340060808,2.744018051147461,241.28897094726562,236.7744140625,155.6030731201172,155.4615936279297,False
487,16.233333333333334,0.8308384418487549,27.45891222730279,31,149.99999776482585,STOPPED,False,,0.40967316986057056,,,33.02208382874517,11.557729340060808,2.744018051147461,241.28897094726562,237.47069549560547,155.47171020507812,155.40955352783203,False
488,16.266666666666666,0.8077337741851807,29.374781996011734,31,149.99999776482585,STOPPED,False,,0.40967316986057056,,,33.02208382874517,11.557729340060808,2.7930753341674803,241.28897094726562,236.5479736328125,155.4457244873047,154.88975524902344,False
489,16.3,0.885079562664032,27.628622017800808,31,149.99999776482585,STOPPED,False,,0.40967316986057056,,,33.02208382874517,11.557729340060808,2.855536555480957,241.28897094726562,235.29638671875,155.4457244873047,154.23091888427734,False
490,16.333333333333332,0.8361907005310059,30.925182159990072,31,149.99999776482585,STOPPED,False,,0.40967316986057056,,,33.02208382874517,11.557729340060808,2.8864730712890623,241.28897094726562,235.49456024169922,155.4457244873047,153.7921600341797,False
491,16.366666666666667,0.8245083689689636,27.831660117954016,31,149.99999776482585,STOPPED,False,,0.40967316986057056,,,33.02208382874517,11.557729340060808,2.9390029357910157,241.28897094726562,233.08470916748047,155.4457244873047,152.41038513183594,False
492,16.4,0.852861762046814,27.112403884530067,31,149.99999776482585,STOPPED,False,,0.40967316986057056,,,33.02208382874517,11.557729340060808,2.982302746582031,241.28897094726562,230.91207122802734,155.4457244873047,150.8385772705078,False
493,16.433333333333334,0.8362394571304321,30.497854109853506,31,149.99999776482585,STOPPED,False,,0.40967316986057056,,,33.02208382874517,11.557729340060808,3.104940298461914,241.28897094726562,229.4736557006836,155.4457244873047,148.7783203125,True
494,16.466666666666665,0.8302969932556152,29.836891684681177,31,149.99999776482585,STOPPED,False,,0.40967316986057056,,,33.02208382874517,11.557729340060808,3.1329697998046875,241.28897094726562,227.5875015258789,155.4457244873047,147.07467651367188,True
495,16.5,0.8244205713272095,29.935183934867382,31,149.99999776482585,STOPPED,False,,0.40967316986057056,,,33.02208382874517,11.557729340060808,3.114735919189453,241.28897094726562,229.0228042602539,155.4457244873047,148.24571228027344,True
496,16.533333333333335,0.8119467496871948,29.501711018383503,31,0.0,STOPPED,False,3.066666666666668,,13.598701477050781,8.371047973632812,33.02208382874517,11.557729340060808,3.1098381088256835,241.1862030029297,231.7452621459961,155.4457244873047,150.44308471679688,False
497,16.566666666666666,0.8780221939086914,27.005878277122974,31,0.0,STOPPED,False,,,,,33.02208382874517,11.557729340060808,3.01080732421875,241.1266326904297,237.54727935791016,155.4457244873047,154.8781509399414,False
498,16.6,0.8591136336326599,28.742186725139618,31,0.0,STOPPED,False,,,,,33.02208382874517,11.557729340060808,3.01080732421875,241.1266326904297,245.09408569335938,155.47171020507812,161.19003295898438,False
499,16.633333333333333,0.8538618087768555,27.17389492318034,31,0.0,STOPPED,False,,,,,33.02208382874517,11.557729340060808,3.01080732421875,241.1862030029297,253.01911163330078,155.6030731201172,167.05711364746094,False
500,16.666666666666668,0.8582867383956909,27.417306788265705,31,0.0,STOPPED,False,,,,,33.02208382874517,11.557729340060808,3.0256025573730465,241.31842041015625,258.0824737548828,155.68736267089844,170.03321838378906,False
501,16.7,0.8468524217605591,27.328527066856623,31,0.0,STOPPED,False,,,,,33.02208382874517,11.557729340060808,3.19407366027832,241.4151611328125,254.8949737548828,155.841552734375,169.71633911132812,False
502,16.733333333333334,0.8274040222167969,27.23097614943981,31,0.0,STOPPED,False,,,,,33.02208382874517,11.557729340060808,2.874392559814453,243.6312713623047,251.41910552978516,159.09153747558594,167.4034194946289,False
503,16.766666666666666,0.7970845699310303,27.17455942183733,31,0.0,STOPPED,False,,,,,33.02208382874517,11.557729340060808,2.899820452880859,244.28648376464844,243.07506561279297,161.00299072265625,160.72244262695312,False
504,16.8,0.8106370568275452,27.559577021747828,31,0.0,STOPPED,False,,,,,33.02208382874517,11.557729340060808,3.2811709808349607,244.28648376464844,232.55352783203125,161.00299072265625,151.47889709472656,True
505,16.833333333333332,0.823432207107544,27.11792988702655,31,0.0,STOPPED,False,,,,,33.02208382874517,11.557729340060808,3.6625215087890624,244.28648376464844,225.38539123535156,161.00299072265625,144.8646697998047,True
506,16.866666666666667,0.8188924789428711,31.141382176429033,31,0.0,STOPPED,False,,,,,33.02208382874517,11.557729340060808,3.0802589538574217,244.28648376464844,216.15951538085938,161.00299072265625,135.47077178955078,True
507,16.9,0.803598165512085,32.97036699950695,31,0.0,STOPPED,False,,,,,33.02208382874517,11.557729340060808,3.19407366027832,244.28648376464844,209.04664611816406,161.00299072265625,128.2925033569336,True
508,16.933333333333334,0.80133056640625,29.935838654637337,31,0.0,STOPPED,False,,,,,33.02208382874517,11.557729340060808,3.19407366027832,244.28648376464844,208.1048812866211,161.00299072265625,127.01150131225586,True
509,16.966666666666665,0.8022816181182861,40.14832992106676,31,0.0,STOPPED,False,,,,,33.02208382874517,11.557729340060808,3.4282975845336914,244.28648376464844,210.94232177734375,161.00299072265625,128.01385116577148,True
510,17.0,0.8078516125679016,31.021784991025925,31,0.0,STOPPED,False,,,,,33.02208382874517,11.557729340060808,3.6625215087890624,244.28648376464844,217.2017822265625,161.00299072265625,134.17317962646484,True
511,17.033333333333335,0.7854962944984436,30.904486309736967,31,0.0,STOPPED,False,,,,,33.02208382874517,11.557729340060808,3.3978474563598633,244.28648376464844,228.2567596435547,161.00299072265625,143.92255401611328,True
512,17.066666666666666,0.7856123447418213,27.064833790063858,31,0.0,JUMPING,True,,,36.181602478027344,33.99148941040039,33.81196349106571,12.707544314575195,4.235848104858398,244.28648376464844,240.006591796875,161.00299072265625,154.5167236328125,False
513,17.1,0.8354594111442566,30.35291936248541,31,0.0,JUMPING,False,,,,,33.81196349106571,11.834187221872998,2.5097149475097655,246.81594848632812,247.96385955810547,161.575439453125,161.83235931396484,False
514,17.133333333333333,0.8363412022590637,37.23981883376837,31,0.0,JUMPING,False,,,,,33.81196349106571,22.484682312011717,7.494894104003905,249.68295288085938,250.8290023803711,163.16134643554688,164.04733276367188,False
515,17.166666666666668,0.8217390179634094,32.46417688205838,31,0.0,JUMPING,False,,,,,33.81196349106571,15.368175164794922,5.1227250549316405,251.1830596923828,252.07198333740234,164.6932830810547,165.12391662597656,False
516,17.2,0.8276028037071228,33.527669962495565,31,0.0,JUMPING,False,,,,,33.81196349106571,11.834187221872998,3.7474470520019527,251.1830596923828,250.0054168701172,164.6932830810547,163.47169494628906,False
517,17.233333333333334,0.8374340534210205,28.35584431886673,31,0.0,JUMPING,False,,,,,33.81196349106571,11.834187221872998,3.7474470520019527,251.1830596923828,239.2322998046875,164.6932830810547,155.3102035522461,True
518,17.266666666666666,0.8216609954833984,27.395092882215977,31,0.0,JUMPING,False,,,,,33.81196349106571,11.834187221872998,3.7474470520019527,251.1830596923828,227.4423599243164,164.6932830810547,145.1434783935547,True
519,17.3,0.817002534866333,27.504861820489168,31,0.0,JUMPING,False,,,,,33.81196349106571,11.834187221872998,3.7474470520019527,251.1830596923828,221.9537353515625,164.6932830810547,137.4335174560547,True
520,17.333333333333332,0.8023657202720642,29.92954384535551,31,0.0,JUMPING,False,,,,,33.81196349106571,11.834187221872998,3.7474470520019527,251.1830596923828,215.29562377929688,164.6932830810547,130.59933471679688,True
521,17.366666666666667,0.8115585446357727,29.10235384479165,31,0.0,JUMPING,False,,,,,33.81196349106571,11.834187221872998,3.7474470520019527,251.1830596923828,211.33528900146484,164.6932830810547,127.09009170532227,True
522,17.4,0.817656397819519,29.97486013919115,31,0.0,JUMPING,False,,,,,33.81196349106571,11.834187221872998,3.7474470520019527,251.1830596923828,209.48736572265625,164.6932830810547,125.78159713745117,True
523,17.433333333333334,0.8189429044723511,28.974371030926704,31,0.0,JUMPING,False,,,,,33.81196349106571,11.834187221872998,3.7474470520019527,251.1830596923828,213.76138305664062,164.6932830810547,128.65631866455078,True
524,17.466666666666665,0.7963067293167114,29.75579723715782,31,0.0,JUMPING,False,,,,,33.81196349106571,11.834187221872998,3.7474470520019527,251.1830596923828,220.8740005493164,164.6932830810547,135.0916519165039,True
525,17.5,0.782086193561554,27.44906023144722,31,0.0,JUMPING,False,,,,,33.81196349106571,11.834187221872998,3.7474470520019527,251.1830596923828,228.44454193115234,164.6932830810547,143.7269287109375,True
526,17.533333333333335,0.766333281993866,30.688541010022163,31,0.0,JUMPING,False,,,,,33.81196349106571,11.834187221872998,3.7474470520019527,251.1830596923828,236.40753173828125,164.6932830810547,151.40879821777344,True
527,17.566666666666666,0.8428182005882263,35.09615920484066,31,0.0,JUMPING,False,,,,,33.81196349106571,11.834187221872998,3.7474470520019527,251.1830596923828,238.87783813476562,164.6932830810547,154.8119354248047,True
528,17.6,0.0,29.25396617501974,32,112.50010728846291,JUMPING,True,0.533333333333335,0.533333333333335,41.69569396972656,38.911685943603516,35.782896110730924,11.834187221872998,3.7474470520019527,251.1830596923828,239.60697174072266,164.6932830810547,155.61341857910156,False
529,17.633333333333333,0.8244186639785767,30.67752905189991,32,112.50010728846291,JUMPING,False,,0.533333333333335,,,35.782896110730924,12.524013638755823,3.7474470520019527,251.1830596923828,239.5703887939453,164.6932830810547,155.5625991821289,False
530,17.666666666666668,0.888109028339386,31.195429619401693,32,112.50010728846291,JUMPING,False,,0.533333333333335,,,35.782896110730924,12.524013638755823,3.7474470520019527,251.1830596923828,226.220947265625,164.6932830810547,143.8007049560547,True
531,17.7,0.8374489545822144,30.720758251845837,32,112.50010728846291,JUMPING,False,,0.533333333333335,,,35.782896110730924,12.524013638755823,3.7474470520019527,251.1830596923828,222.6635284423828,164.6932830810547,138.07231903076172,True
532,17.733333333333334,0.8346239328384399,34.57575011998415,32,112.50010728846291,JUMPING,False,,0.533333333333335,,,35.782896110730924,12.524013638755823,3.7474470520019527,251.1830596923828,218.8253173828125,164.6932830810547,134.00221252441406,True
533,17.766666666666666,0.8312866687774658,32.26680215448141,32,112.50010728846291,JUMPING,False,,0.533333333333335,,,35.782896110730924,12.524013638755823,3.7474470520019527,251.1830596923828,213.30992126464844,164.6932830810547,129.8295555114746,True
534,17.8,0.8351266384124756,28.869248926639557,32,112.50010728846291,JUMPING,False,,0.533333333333335,,,35.782896110730924,12.524013638755823,3.7474470520019527,251.1830596923828,213.96648406982422,164.6932830810547,129.9296417236328,True
535,17.833333333333332,0.830845832824707,29.650387819856405,32,112.50010728846291,JUMPING,False,,0.533333333333335,,,35.782896110730924,12.524013638755823,3.7474470520019527,251.1830596923828,217.9604949951172,164.6932830810547,132.94664764404297,True
536,17.866666666666667,0.792910099029541,27.69513428211212,32,112.50010728846291,JUMPING,False,,0.533333333333335,,,35.782896110730924,12.524013638755823,3.7474470520019527,251.1830596923828,224.3331069946289,164.6932830810547,138.6801986694336,True
537,17.9,0.7805461287498474,28.677920810878277,32,112.50010728846291,JUMPING,False,,0.533333333333335,,,35.782896110730924,12.524013638755823,3.7474470520019527,251.1830596923828,230.4136199951172,164.6932830810547,145.59090423583984,True
538,17.933333333333334,0.8147891163825989,28.74904405325651,32,112.50010728846291,JUMPING,False,,0.533333333333335,,,35.782896110730924,12.524013638755823,3.7474470520019527,251.1830596923828,236.6137924194336,164.6932830810547,151.02388763427734,True
539,17.966666666666665,0.7770671844482422,27.2752670571208,33,133.33338984739086,JUMPING,True,0.3666666666666636,0.4966666666666673,37.873138427734375,34.86372756958008,36.30545668998179,12.743582244873046,4.247860748291015,251.1830596923828,242.54816436767578,164.6932830810547,157.92652893066406,False
540,18.0,0.7758312225341797,29.122984036803246,33,133.33338984739086,JUMPING,False,,0.4966666666666673,,,36.30545668998179,12.743582244873046,4.247860748291015,251.1830596923828,241.34776306152344,164.6932830810547,157.61392974853516,False
541,18.033333333333335,0.7977107763290405,28.361006174236536,33,133.33338984739086,JUMPING,False,,0.4966666666666673,,,36.30545668998179,12.743582244873046,4.247860748291015,251.1830596923828,238.33332061767578,164.6932830810547,156.13036346435547,True
542,18.066666666666666,0.8592697381973267,27.27035293355584,33,133.33338984739086,JUMPING,False,,0.4966666666666673,,,36.30545668998179,12.743582244873046,4.247860748291015,251.1830596923828,229.90805053710938,164.6932830810547,148.80364990234375,True
543,18.1,0.8240853548049927,29.173357412219048,33,133.33338984739086,JUMPING,False,,0.4966666666666673,,,36.30545668998179,12.706909841493625,3.7474470520019527,251.1830596923828,221.61802673339844,164.6932830810547,142.3330078125,True
544,18.133333333333333,0.801773726940155,26.962434872984886,33,133.33338984739086,JUMPING,False,,0.4966666666666673,,,36.30545668998179,12.743582244873046,4.247860748291015,250.49957275390625,218.29509735107422,163.81707763671875,136.7514877319336,True
545,18.166666666666668,0.8003191947937012,27.20427419990301,33,133.33338984739086,JUMPING,False,,0.4966666666666673,,,36.30545668998179,12.706909841493625,3.0639027557373044,249.1887969970703,213.8169937133789,162.8159637451172,129.4585723876953,True
546,18.2,0.8048848509788513,26.920491829514503,33,133.33338984739086,JUMPING,False,,0.4966666666666673,,,36.30545668998179,12.867034213256835,4.289011404418945,246.0083465576172,212.3205337524414,161.38839721679688,127.7486801147461,True
547,18.233333333333334,0.7853750586509705,26.7705200240016,33,133.33338984739086,JUMPING,False,,0.4966666666666673,,,36.30545668998179,12.706909841493625,3.768124182128906,242.8643035888672,216.7362823486328,159.6040802001953,128.8057403564453,True
548,18.266666666666666,0.7407839894294739,26.50697296485305,33,133.33338984739086,JUMPING,False,,0.4966666666666673,,,36.30545668998179,12.706909841493625,3.174516352844238,242.0679931640625,223.32090759277344,157.80148315429688,133.77745819091797,True
549,18.3,0.7588872313499451,27.248598635196686,33,133.33338984739086,JUMPING,False,,0.4966666666666673,,,36.30545668998179,12.706909841493625,3.174516352844238,242.0679931640625,228.02626037597656,157.80148315429688,141.11004638671875,True
550,18.333333333333332,0.7691845893859863,26.769894175231457,34,142.10529168887723,JUMPING,True,0.36666666666666714,0.4680666666666673,29.747459411621094,30.05280303955078,34.66595737039162,13.081836566162108,4.360612188720703,242.0679931640625,235.50658416748047,157.80148315429688,147.61227416992188,False
551,18.366666666666667,0.8269183039665222,27.396077755838633,34,142.10529168887723,JUMPING,False,,0.4680666666666673,,,34.66595737039162,12.133085079637064,3.768124182128906,244.2761688232422,245.42818450927734,157.80148315429688,157.34343719482422,False
552,18.4,0.8251152634620667,27.374132070690393,34,142.10529168887723,JUMPING,False,,0.4680666666666673,,,34.66595737039162,19.568087141418456,6.522695713806152,246.94960021972656,249.2459945678711,159.7535400390625,160.9715576171875,False
553,18.433333333333334,0.8082103729248047,29.07469216734171,34,142.10529168887723,JUMPING,False,,0.4680666666666673,,,34.66595737039162,20.1827340637207,6.727578021240234,246.94960021972656,243.26073455810547,159.88345336914062,158.2513198852539,False
554,18.466666666666665,0.8350502252578735,32.61075681075454,34,142.10529168887723,JUMPING,False,,0.4680666666666673,,,34.66595737039162,20.1827340637207,6.727578021240234,246.94960021972656,234.89163970947266,159.88345336914062,151.04974365234375,False
555,18.5,0.8527295589447021,27.58299233391881,34,142.10529168887723,JUMPING,False,,0.4680666666666673,,,34.66595737039162,20.1827340637207,6.727578021240234,246.94960021972656,226.1159439086914,159.88345336914062,143.71288299560547,True
556,18.533333333333335,0.8341857194900513,27.359996922314167,34,142.10529168887723,JUMPING,False,,0.4680666666666673,,,34.66595737039162,20.1827340637207,6.727578021240234,246.94960021972656,221.7526092529297,159.88345336914062,138.97171783447266,True
557,18.566666666666666,0.8367140293121338,26.962206233292818,34,142.10529168887723,JUMPING,False,,0.4680666666666673,,,34.66595737039162,18.14893244934082,6.049644149780273,246.94960021972656,214.55499267578125,159.88345336914062,131.4228515625,True
558,18.6,0.816298246383667,26.793031953275204,34,142.10529168887723,JUMPING,False,,0.4680666666666673,,,34.66595737039162,14.748268469238281,4.916089489746094,244.5612030029297,210.7217559814453,158.12139892578125,128.22536849975586,True
559,18.633333333333333,0.8123090863227844,26.760066859424114,34,142.10529168887723,JUMPING,False,,0.4680666666666673,,,34.66595737039162,13.3129951171875,4.4376650390625,242.9757080078125,211.76432037353516,157.80148315429688,128.1120147705078,True
560,18.666666666666668,0.7941721677780151,26.886723935604095,34,142.10529168887723,JUMPING,False,,0.4680666666666673,,,34.66595737039162,13.244516262817383,4.414838754272461,242.0679931640625,217.38011932373047,157.5057373046875,131.63260650634766,True
561,18.7,0.7813192009925842,26.675257831811905,34,142.10529168887723,JUMPING,False,,0.4680666666666673,,,34.66595737039162,12.857125479125976,4.285708493041992,240.6514434814453,223.17971801757812,156.85821533203125,137.34739685058594,True
562,18.733333333333334,0.7633844614028931,27.31953002512455,35,144.00005493166157,JUMPING,True,0.40000000000000213,0.453092000000001,29.9296875,28.746200561523438,33.48188990279371,13.244516262817383,4.414838754272461,240.6514434814453,229.51611328125,156.85821533203125,142.51553344726562,False
563,18.766666666666666,0.812544047832489,28.129088692367077,35,144.00005493166157,JUMPING,False,,0.453092000000001,,,33.48188990279371,12.068906039428711,4.02296867980957,240.6514434814453,238.8492431640625,156.85821533203125,151.60296630859375,False
564,18.8,0.5140917301177979,31.905385199934244,35,144.00005493166157,JUMPING,False,,0.453092000000001,,,33.48188990279371,13.197415841674804,4.399138613891601,242.0679931640625,244.40960693359375,157.22227478027344,157.04051208496094,False
565,18.833333333333332,0.8427860736846924,32.9953390173614,35,144.00005493166157,JUMPING,False,,0.453092000000001,,,33.48188990279371,13.081836566162108,4.360612188720703,242.35923767089844,242.0758514404297,157.22227478027344,156.22776794433594,False
566,18.866666666666667,0.8288305997848511,27.850294951349497,35,144.00005493166157,JUMPING,False,,0.453092000000001,,,33.48188990279371,12.112782728576658,4.037594242858886,242.35923767089844,237.93743133544922,157.22227478027344,154.2105941772461,False
567,18.9,0.6783559322357178,30.659789219498634,35,144.00005493166157,JUMPING,False,,0.453092000000001,,,33.48188990279371,12.112782728576658,4.037594242858886,242.35923767089844,231.60482025146484,157.22227478027344,149.990966796875,False
568,18.933333333333334,0.8792308568954468,28.285959269851446,35,144.00005493166157,JUMPING,False,,0.453092000000001,,,33.48188990279371,12.112782728576658,4.037594242858886,242.35923767089844,229.61680603027344,157.22227478027344,146.86353302001953,True
569,18.966666666666665,0.8621954321861267,30.685534700751305,35,144.00005493166157,JUMPING,False,,0.453092000000001,,,33.48188990279371,12.112782728576658,4.037594242858886,242.35923767089844,223.47396850585938,157.22227478027344,140.16070556640625,True
570,19.0,0.8488648533821106,30.39743285626173,35,144.00005493166157,JUMPING,False,,0.453092000000001,,,33.48188990279371,12.112782728576658,4.037594242858886,242.35923767089844,219.34337615966797,157.22227478027344,135.04679107666016,True
571,19.033333333333335,0.802299976348877,30.5470060557127,35,144.00005493166157,JUMPING,False,,0.453092000000001,,,33.48188990279371,11.718661465977798,3.6603723541259763,242.35923767089844,215.08706665039062,157.22227478027344,130.6080780029297,True
572,19.066666666666666,0.7897226214408875,28.23071973398328,35,144.00005493166157,JUMPING,False,,0.453092000000001,,,33.48188990279371,11.718661465977798,3.4722195190429685,242.35923767089844,216.99220275878906,157.22227478027344,131.1736831665039,True
573,19.1,0.8115379810333252,28.372688218951225,35,144.00005493166157,JUMPING,False,,0.453092000000001,,,33.48188990279371,13.407671035766601,4.469223678588867,242.35923767089844,220.03682708740234,157.22227478027344,134.8428726196289,True
574,19.133333333333333,0.8172557353973389,33.38805725798011,35,144.00005493166157,JUMPING,False,,0.453092000000001,,,33.48188990279371,13.879489663696289,4.6264965545654295,242.35923767089844,223.15149688720703,157.22227478027344,137.94384765625,True
575,19.166666666666668,0.8486204743385315,31.33804863318801,36,142.85724868587627,JUMPING,True,0.43333333333333357,0.4487450933333342,27.272171020507812,26.61419677734375,31.929460182222236,13.879489663696289,4.6264965545654295,242.35923767089844,229.14669036865234,157.22227478027344,144.33539581298828,False
576,19.2,0.8279372453689575,28.774830978363752,36,142.85724868587627,JUMPING,False,,0.4487450933333342,,,31.929460182222236,13.618469174194335,4.539489724731445,242.35923767089844,237.60791778564453,157.22227478027344,154.24237060546875,False
577,19.233333333333334,0.8323196172714233,27.96541480347514,36,142.85724868587627,JUMPING,False,,0.4487450933333342,,,31.929460182222236,14.351308291625976,4.783769430541992,242.9757080078125,243.8575897216797,157.5057373046875,160.84041595458984,False
578,19.266666666666666,0.8128820657730103,27.23254496231675,36,142.85724868587627,JUMPING,False,,0.4487450933333342,,,31.929460182222236,11.89360288696289,3.9645342956542966,243.6188507080078,245.2221908569336,157.80148315429688,161.94625854492188,False
579,19.3,0.8478888273239136,27.006976772099733,36,142.85724868587627,JUMPING,False,,0.4487450933333342,,,31.929460182222236,13.170743701171874,4.390247900390625,243.6188507080078,239.29983520507812,157.8313446044922,157.68856048583984,False
580,19.333333333333332,0.8460186123847961,27.054728008806705,36,142.85724868587627,JUMPING,False,,0.4487450933333342,,,31.929460182222236,13.170743701171874,4.390247900390625,243.6188507080078,233.96736907958984,157.8313446044922,151.4122543334961,False
581,19.366666666666667,0.8199388384819031,26.589919812977314,36,142.85724868587627,JUMPING,False,,0.4487450933333342,,,31.929460182222236,13.170743701171874,4.390247900390625,243.6188507080078,228.98780059814453,157.8313446044922,145.3983383178711,True
582,19.4,0.8237562775611877,26.937049347907305,36,142.85724868587627,JUMPING,False,,0.4487450933333342,,,31.929460182222236,13.170743701171874,4.390247900390625,243.6188507080078,223.2181167602539,157.8313446044922,137.38575744628906,True
583,19.433333333333334,0.8320260643959045,27.095666155219078,36,142.85724868587627,JUMPING,False,,0.4487450933333342,,,31.929460182222236,13.170743701171874,4.390247900390625,243.6188507080078,219.0123062133789,157.8313446044922,131.97960662841797,True
584,19.466666666666665,0.8227413892745972,26.953520253300667,36,142.85724868587627,JUMPING,False,,0.4487450933333342,,,31.929460182222236,13.99432239074707,4.6647741302490235,243.6188507080078,218.2482681274414,157.65870666503906,130.3401641845703,True
585,19.5,0.8489683270454407,26.4740320853889,36,142.85724868587627,JUMPING,False,,0.4487450933333342,,,31.929460182222236,13.62885298461914,4.542950994873046,243.6188507080078,220.9337615966797,157.55052185058594,132.71680450439453,True
586,19.533333333333335,0.8175992369651794,27.083560824394226,36,142.85724868587627,JUMPING,False,,0.4487450933333342,,,31.929460182222236,11.175311063777782,3.2134612976074215,243.6188507080078,224.30947875976562,157.55052185058594,138.52639770507812,True
587,19.566666666666666,0.8201124668121338,26.834198739379644,36,142.85724868587627,JUMPING,False,,0.4487450933333342,,,31.929460182222236,11.175311063777782,3.2134612976074215,243.6188507080078,231.00090789794922,157.55052185058594,144.93976593017578,True
588,19.6,0.8096088171005249,26.74207091331482,37,149.99999776482585,JUMPING,True,0.43333333333333357,0.44535450613333405,25.370582580566406,27.210357666015625,30.289740781808277,13.62885298461914,4.542950994873046,243.6188507080078,239.28817749023438,157.55052185058594,154.29188537597656,False
589,19.633333333333333,0.7834379076957703,26.65069792419672,37,149.99999776482585,JUMPING,False,,0.44535450613333405,,,30.289740781808277,10.601409273632896,3.445660491943359,244.1887969970703,245.5848159790039,158.02621459960938,161.11138153076172,False
590,19.666666666666668,0.8392868041992188,26.844519656151533,37,149.99999776482585,JUMPING,False,,0.44535450613333405,,,30.289740781808277,10.601409273632896,2.5607743377685543,244.828369140625,245.1075439453125,159.60372924804688,160.50533294677734,False
591,19.7,0.8693341612815857,26.98579104617238,37,149.99999776482585,JUMPING,False,,0.44535450613333405,,,30.289740781808277,10.601409273632896,2.887106506347656,244.828369140625,240.26400756835938,159.60372924804688,156.2407455444336,False
592,19.733333333333334,0.853340744972229,27.338142041116953,37,149.99999776482585,JUMPING,False,,0.44535450613333405,,,30.289740781808277,10.601409273632896,2.887106506347656,244.828369140625,236.26473999023438,159.60372924804688,151.59473419189453,False
593,19.766666666666666,0.8673011064529419,27.917778119444847,37,149.99999776482585,JUMPING,False,,0.44535450613333405,,,30.289740781808277,10.601409273632896,2.887106506347656,244.828369140625,227.314208984375,159.60372924804688,142.39549255371094,True
594,19.8,0.8195134997367859,27.24733017385006,37,149.99999776482585,JUMPING,False,,0.44535450613333405,,,30.289740781808277,10.601409273632896,2.887106506347656,244.828369140625,220.15665435791016,159.60372924804688,134.49208068847656,True
595,19.833333333333332,0.855836808681488,26.704578194767237,37,149.99999776482585,JUMPING,False,,0.44535450613333405,,,30.289740781808277,10.601409273632896,2.887106506347656,244.828369140625,214.98939514160156,159.60372924804688,129.11819076538086,True
596,19.866666666666667,0.8168779015541077,26.648256927728653,37,149.99999776482585,JUMPING,False,,0.44535450613333405,,,30.289740781808277,12.165617999267578,4.055205999755859,244.1887969970703,212.76677703857422,159.60372924804688,127.13936233520508,True
597,19.9,0.8630622029304504,26.586598716676235,37,149.99999776482585,JUMPING,False,,0.44535450613333405,,,30.289740781808277,12.39901619567871,4.13300539855957,243.6188507080078,214.11074829101562,158.02621459960938,128.38334274291992,True
598,19.933333333333334,0.8807711601257324,26.853478979319334,37,149.99999776482585,JUMPING,False,,0.44535450613333405,,,30.289740781808277,13.165823268127442,4.3886077560424805,243.1448974609375,216.9720687866211,157.42935180664062,133.22340393066406,True
599,19.966666666666665,0.8425065279006958,26.73456910997629,37,149.99999776482585,JUMPING,False,,0.44535450613333405,,,30.289740781808277,13.165823268127442,4.3886077560424805,243.1448974609375,224.05669403076172,157.42935180664062,142.3412322998047,True
600,20.0,0.7973505258560181,27.00649108737707,38,147.54101618808767,JUMPING,True,0.3999999999999986,0.43537651478400025,30.37812042236328,30.289989471435547,30.311835691947028,13.165823268127442,4.3886077560424805,243.1448974609375,234.71240997314453,157.42935180664062,151.65018463134766,False
601,20.033333333333335,0.834464430809021,26.72665100544691,38,147.54101618808767,JUMPING,False,,0.43537651478400025,,,30.311835691947028,13.484361923217772,4.494787307739258,244.1887969970703,248.42761993408203,159.37863159179688,164.2689971923828,False
602,20.066666666666666,0.8349273800849915,26.921153999865055,38,147.54101618808767,JUMPING,False,,0.43537651478400025,,,30.311835691947028,14.165349856567383,4.721783285522461,244.828369140625,251.97217559814453,160.70639038085938,166.6979217529297,False
603,20.1,0.8390116691589355,26.857915334403515,38,147.54101618808767,JUMPING,False,,0.43537651478400025,,,30.311835691947028,17.87128428955078,5.957094763183593,245.17633056640625,249.2722625732422,161.0030059814453,164.2669448852539,False
604,20.133333333333333,0.8454874753952026,26.658825110644102,38,147.54101618808767,JUMPING,False,,0.43537651478400025,,,30.311835691947028,16.548875491333007,5.516291830444335,245.17633056640625,240.56183624267578,161.0030059814453,157.63016510009766,False
605,20.166666666666668,0.8643679618835449,27.23880670964718,38,147.54101618808767,JUMPING,False,,0.43537651478400025,,,30.311835691947028,16.548875491333007,5.516291830444335,245.17633056640625,231.03880310058594,161.0030059814453,146.92396545410156,False
606,20.2,0.8990966081619263,27.108351234346628,38,147.54101618808767,JUMPING,False,,0.43537651478400025,,,30.311835691947028,16.548875491333007,5.516291830444335,245.17633056640625,223.44754791259766,161.0030059814453,138.0892333984375,True
607,20.233333333333334,0.7955572009086609,27.15101419016719,38,147.54101618808767,JUMPING,False,,0.43537651478400025,,,30.311835691947028,16.548875491333007,5.516291830444335,245.17633056640625,217.8106460571289,161.0030059814453,130.3208999633789,True
608,20.266666666666666,0.8093698024749756,26.786521077156067,38,147.54101618808767,JUMPING,False,,0.43537651478400025,,,30.311835691947028,17.114148413085935,5.704716137695312,245.17633056640625,213.30633544921875,161.0030059814453,126.75450897216797,True
609,20.3,0.7917561531066895,27.07138517871499,38,147.54101618808767,JUMPING,False,,0.43537651478400025,,,30.311835691947028,17.492716351318357,5.830905450439452,245.17633056640625,213.58950805664062,161.0030059814453,126.51596069335938,True
610,20.333333333333332,0.7809621095657349,26.919011026620865,38,147.54101618808767,JUMPING,False,,0.43537651478400025,,,30.311835691947028,18.523835513305663,6.174611837768555,245.17633056640625,216.82122039794922,161.0030059814453,129.94204330444336,True
611,20.366666666666667,0.7813839316368103,26.867195032536983,38,147.54101618808767,JUMPING,False,,0.43537651478400025,,,30.311835691947028,18.523835513305663,6.174611837768555,245.17633056640625,223.93860626220703,161.0030059814453,138.20124053955078,True
612,20.4,0.8284309506416321,27.01006270945072,39,145.16136596035605,JUMPING,True,0.3999999999999986,0.4275936815315199,31.8699951171875,34.48704528808594,30.701375548257147,18.523835513305663,6.174611837768555,245.17633056640625,234.37171936035156,161.0030059814453,148.6221694946289,False
613,20.433333333333334,0.5693575143814087,26.76389692351222,39,145.16136596035605,JUMPING,False,,0.4275936815315199,,,30.701375548257147,17.492716351318357,5.830905450439452,245.17633056640625,244.37979125976562,161.0030059814453,158.49966430664062,False
614,20.466666666666665,0.7882029414176941,26.6734566539526,39,145.16136596035605,JUMPING,False,,0.4275936815315199,,,30.701375548257147,18.067830139160158,6.022610046386719,245.43975830078125,249.16973114013672,161.6123046875,164.7371826171875,False
615,20.5,0.8003990650177002,26.922850869596004,39,145.16136596035605,JUMPING,False,,0.4275936815315199,,,30.701375548257147,16.162434860229492,5.387478286743164,245.48880004882812,245.3448028564453,162.6742706298828,163.15959930419922,False
616,20.533333333333335,0.7882974147796631,27.369758114218712,39,145.16136596035605,JUMPING,False,,0.4275936815315199,,,30.701375548257147,17.965077923583983,5.9883593078613275,245.48880004882812,241.06844329833984,162.6742706298828,160.2610626220703,False
617,20.566666666666666,0.8356533050537109,26.717218104749918,39,145.16136596035605,JUMPING,False,,0.4275936815315199,,,30.701375548257147,17.965077923583983,5.9883593078613275,245.48880004882812,232.11846160888672,162.6742706298828,151.7826385498047,False
618,20.6,0.8328442573547363,26.902994140982628,39,145.16136596035605,JUMPING,False,,0.4275936815315199,,,30.701375548257147,17.965077923583983,5.9883593078613275,245.48880004882812,224.2088394165039,162.6742706298828,142.15756225585938,True
619,20.633333333333333,0.8133869171142578,27.075659949332476,39,145.16136596035605,JUMPING,False,,0.4275936815315199,,,30.701375548257147,17.965077923583983,5.9883593078613275,245.48880004882812,219.27023315429688,162.6742706298828,134.28990173339844,True
620,20.666666666666668,0.7181270122528076,26.693937834352255,39,145.16136596035605,JUMPING,False,,0.4275936815315199,,,30.701375548257147,17.965077923583983,5.9883593078613275,245.48880004882812,215.83573150634766,162.6742706298828,129.85672760009766,True
621,20.7,0.7879071831703186,26.76109503954649,39,145.16136596035605,JUMPING,False,,0.4275936815315199,,,30.701375548257147,17.965077923583983,5.9883593078613275,245.48880004882812,215.10240173339844,162.6742706298828,127.70782852172852,True
622,20.733333333333334,0.7931497097015381,27.007744181901217,39,145.16136596035605,JUMPING,False,,0.4275936815315199,,,30.701375548257147,18.016454031372067,6.005484677124023,245.48880004882812,215.8358917236328,162.6742706298828,127.47306442260742,True
623,20.766666666666666,0.7503504753112793,26.951908133924007,39,145.16136596035605,JUMPING,False,,0.4275936815315199,,,30.701375548257147,18.067830139160158,6.022610046386719,245.48880004882812,221.1170196533203,162.34031677246094,132.5563201904297,True
624,20.8,0.7757729887962341,26.8037929199636,40,145.16136596035605,JUMPING,True,0.40000000000000213,0.42152307159458596,30.386398315429688,34.867252349853516,30.622631240050282,17.768226667785644,5.922742222595215,245.48880004882812,228.18118286132812,162.34031677246094,141.2792205810547,False
625,20.833333333333332,0.8011768460273743,26.993785053491592,40,145.16136596035605,JUMPING,False,,0.42152307159458596,,,30.622631240050282,17.768226667785644,5.922742222595215,245.48880004882812,237.2410888671875,162.34031677246094,150.41797637939453,False
626,20.866666666666667,0.8352814316749573,26.85900218784809,40,145.16136596035605,JUMPING,False,,0.42152307159458596,,,30.622631240050282,16.706770491027832,5.568923497009277,247.2904815673828,249.87120056152344,163.0660858154297,162.9258041381836,False
627,20.9,0.8215367197990417,26.838664896786213,40,145.16136596035605,JUMPING,False,,0.42152307159458596,,,30.622631240050282,14.204849057006836,4.734949685668945,248.87289428710938,253.05440521240234,163.82400512695312,165.36803436279297,False
628,20.933333333333334,0.8184598088264465,28.70776178315282,40,145.16136596035605,JUMPING,False,,0.42152307159458596,,,30.622631240050282,12.464644592285156,4.154881530761719,249.2312469482422,249.95213317871094,164.26817321777344,164.51581573486328,False
629,20.966666666666665,0.7939838171005249,27.0030302926898,40,145.16136596035605,JUMPING,False,,0.42152307159458596,,,30.622631240050282,14.204849057006836,4.734949685668945,249.2312469482422,243.6017303466797,164.26817321777344,160.5069351196289,False
630,21.0,0.7899303436279297,26.59741323441267,40,145.16136596035605,JUMPING,False,,0.42152307159458596,,,30.622631240050282,14.204849057006836,4.734949685668945,249.2312469482422,237.33153533935547,164.26817321777344,155.02886199951172,False
631,21.033333333333335,0.8228926658630371,27.018344029784203,40,145.16136596035605,JUMPING,False,,0.42152307159458596,,,30.622631240050282,14.204849057006836,4.734949685668945,249.2312469482422,224.68888092041016,164.26817321777344,143.51222229003906,True
632,21.066666666666666,0.7901880145072937,26.964970398694277,40,145.16136596035605,JUMPING,False,,0.42152307159458596,,,30.622631240050282,14.204849057006836,4.734949685668945,249.2312469482422,217.75015258789062,164.26817321777344,133.2599868774414,True
633,21.1,0.7738787531852722,26.659884955734015,40,145.16136596035605,JUMPING,False,,0.42152307159458596,,,30.622631240050282,14.204849057006836,4.734949685668945,249.2312469482422,213.414794921875,164.26817321777344,128.84594345092773,True
634,21.133333333333333,0.7748231291770935,26.902227196842432,40,145.16136596035605,JUMPING,False,,0.42152307159458596,,,30.622631240050282,12.464644592285156,4.154881530761719,249.2312469482422,209.77840423583984,164.26817321777344,126.08850860595703,True
635,21.166666666666668,0.7906192541122437,26.969049125909805,40,145.16136596035605,JUMPING,False,,0.42152307159458596,,,30.622631240050282,10.717920934017599,2.627579113769531,249.2312469482422,209.11007690429688,164.26817321777344,125.89799499511719,True
636,21.2,0.7921677827835083,26.837597135454416,40,145.16136596035605,JUMPING,False,,0.42152307159458596,,,30.622631240050282,10.717920934017599,2.627579113769531,249.2312469482422,212.94580841064453,164.26817321777344,129.4315528869629,True
637,21.233333333333334,0.8016402721405029,26.763175148516893,40,145.16136596035605,JUMPING,False,,0.42152307159458596,,,30.622631240050282,10.717920934017599,2.627579113769531,249.2312469482422,220.81752014160156,164.26817321777344,137.41124725341797,True
638,21.266666666666666,0.8067176938056946,28.756463900208473,40,145.16136596035605,JUMPING,False,,0.42152307159458596,,,30.622631240050282,10.717920934017599,2.627579113769531,249.2312469482422,231.83428192138672,164.26817321777344,147.8404083251953,True
639,21.3,0.8021386861801147,26.957300025969744,41,140.6250064173949,JUMPING,True,0.5,0.43878799584377703,40.12117004394531,38.37017822265625,32.99726594102404,12.464644592285156,4.154881530761719,249.2312469482422,244.4938735961914,164.26817321777344,157.94158935546875,False
640,21.333333333333332,0.8318029642105103,27.266009245067835,41,140.6250064173949,JUMPING,False,,0.43878799584377703,,,32.99726594102404,13.255171545410157,4.418390515136719,249.63162231445312,252.43018341064453,164.41708374023438,164.95343780517578,False
641,21.366666666666667,0.8232054710388184,27.098612394183874,41,140.6250064173949,JUMPING,False,,0.43878799584377703,,,32.99726594102404,12.008639218139649,4.002879739379883,249.9197540283203,251.91964721679688,164.6486358642578,165.36187744140625,False
642,21.4,0.8102178573608398,26.61952981725335,41,140.6250064173949,JUMPING,False,,0.43878799584377703,,,32.99726594102404,12.119807070922851,4.039935690307617,249.9197540283203,246.84209442138672,164.6486358642578,161.17290496826172,False
643,21.433333333333334,0.791930079460144,26.536209043115377,41,140.6250064173949,JUMPING,False,,0.43878799584377703,,,32.99726594102404,12.119807070922851,4.039935690307617,249.9197540283203,235.75171661376953,164.6486358642578,151.7586669921875,True
644,21.466666666666665,0.808800995349884,26.714446023106575,41,140.6250064173949,JUMPING,False,,0.43878799584377703,,,32.99726594102404,12.119807070922851,4.039935690307617,249.9197540283203,224.24998474121094,164.6486358642578,140.9729461669922,True
645,21.5,0.8116791248321533,26.568015106022358,41,140.6250064173949,JUMPING,False,,0.43878799584377703,,,32.99726594102404,12.119807070922851,4.039935690307617,249.9197540283203,217.23370361328125,164.6486358642578,133.60552215576172,True
646,21.533333333333335,0.8386985063552856,26.633428875356913,41,140.6250064173949,JUMPING,False,,0.43878799584377703,,,32.99726594102404,12.008639218139649,4.002879739379883,249.9197540283203,211.22564697265625,164.6486358642578,127.37020492553711,True
647,21.566666666666666,0.8280004262924194,26.97894722223282,41,140.6250064173949,JUMPING,False,,0.43878799584377703,,,32.99726594102404,13.138370645141599,4.379456881713867,249.63162231445312,210.24888610839844,164.416259765625,126.01047897338867,True
648,21.6,0.7978841066360474,26.8429359421134,41,140.6250064173949,JUMPING,False,,0.43878799584377703,,,32.99726594102404,14.501771740722656,4.8339239135742185,249.5906219482422,213.30449676513672,163.97332763671875,129.07744598388672,True
649,21.633333333333333,0.8027613162994385,27.091240976005793,41,140.6250064173949,JUMPING,False,,0.43878799584377703,,,32.99726594102404,14.501771740722656,4.8339239135742185,249.5906219482422,221.50503540039062,163.97332763671875,137.26595306396484,True
650,21.666666666666668,0.7989924550056458,26.63973905146122,41,140.6250064173949,JUMPING,False,,0.43878799584377703,,,32.99726594102404,14.501771740722656,4.8339239135742185,249.5906219482422,233.7043914794922,163.97332763671875,150.19176483154297,True
651,21.7,0.8190526366233826,26.889473665505648,42,142.85711690682604,JUMPING,True,0.3999999999999986,0.4302546367581458,39.34173583984375,37.96284866333008,34.58338341572897,15.874606494140624,5.2915354980468745,249.5906219482422,243.09259796142578,163.97332763671875,158.42804718017578,False
652,21.733333333333334,0.8109322786331177,26.554779149591923,42,142.85711690682604,JUMPING,False,,0.4302546367581458,,,34.58338341572897,14.805888436889648,4.9352961456298825,249.5906219482422,248.67362213134766,163.97332763671875,161.94124603271484,False
653,21.766666666666666,0.8288310766220093,26.893078815191984,42,142.85711690682604,JUMPING,False,,0.4302546367581458,,,34.58338341572897,15.757160847473145,5.252386949157715,249.9197540283203,253.91045379638672,164.6486358642578,164.8040771484375,False
654,21.8,0.7838126420974731,26.97185007855296,42,142.85711690682604,JUMPING,False,,0.4302546367581458,,,34.58338341572897,14.805888436889648,4.9352961456298825,249.9197540283203,247.6333465576172,164.6486358642578,160.02953338623047,False
655,21.833333333333332,0.7983416318893433,27.364192996174097,42,142.85711690682604,JUMPING,False,,0.4302546367581458,,,34.58338341572897,14.805888436889648,4.9352961456298825,249.9197540283203,239.69812774658203,164.6486358642578,152.70951080322266,False
656,21.866666666666667,0.8409633040428162,26.8034259788692,42,142.85711690682604,JUMPING,False,,0.4302546367581458,,,34.58338341572897,14.805888436889648,4.9352961456298825,249.9197540283203,225.14888763427734,164.6486358642578,140.1502914428711,True
657,21.9,0.810468316078186,27.17281598597765,42,142.85711690682604,JUMPING,False,,0.4302546367581458,,,34.58338341572897,14.805888436889648,4.9352961456298825,249.9197540283203,221.28357696533203,164.6486358642578,133.3868865966797,True
658,21.933333333333334,0.7988014221191406,26.772302109748125,42,142.85711690682604,JUMPING,False,,0.4302546367581458,,,34.58338341572897,14.469738024902341,4.823246008300781,249.9197540283203,215.7492218017578,164.6486358642578,129.266357421875,True
659,21.966666666666665,0.7920869588851929,26.651567313820124,42,142.85711690682604,JUMPING,False,,0.4302546367581458,,,34.58338341572897,14.805888436889648,4.9352961456298825,249.9197540283203,211.47271728515625,163.97332763671875,126.22463607788086,True
660,22.0,0.8134124279022217,27.08703698590398,42,142.85711690682604,JUMPING,False,,0.4302546367581458,,,34.58338341572897,12.909791079711912,4.303263693237304,249.9197540283203,213.40228271484375,163.8798065185547,127.83433151245117,True
661,22.033333333333335,0.8016787171363831,26.557073928415775,42,142.85711690682604,JUMPING,False,,0.4302546367581458,,,34.58338341572897,12.909791079711912,4.303263693237304,249.9197540283203,219.34034729003906,163.8798065185547,133.4032211303711,True
662,22.066666666666666,0.7622825503349304,26.83798223733902,42,142.85711690682604,JUMPING,False,,0.4302546367581458,,,34.58338341572897,12.909791079711912,4.303263693237304,249.9197540283203,229.4760971069336,163.8798065185547,143.19440460205078,True
663,22.1,0.7997235655784607,26.754879858344793,42,142.85711690682604,JUMPING,False,,0.4302546367581458,,,34.58338341572897,12.909791079711912,4.303263693237304,249.9197540283203,236.78421020507812,163.8798065185547,151.94224548339844,True
664,22.133333333333333,0.8160594701766968,27.079803869128227,43,140.6250064173949,JUMPING,True,0.43333333333333357,0.4309319500046871,38.44703674316406,37.65517044067383,35.54929674758774,12.909791079711912,4.303263693237304,249.9197540283203,241.45957946777344,163.8798065185547,157.7398452758789,False
665,22.166666666666668,0.8576883673667908,26.703733019530773,43,140.6250064173949,JUMPING,False,,0.4309319500046871,,,35.54929674758774,14.437704309082031,4.812568103027344,249.9197540283203,247.36254119873047,164.5142364501953,164.5118637084961,False
666,22.2,0.8573635816574097,26.643145829439163,43,140.6250064173949,JUMPING,False,,0.4309319500046871,,,35.54929674758774,16.514194921875,5.504731640625,249.9197540283203,242.75491333007812,164.5142364501953,161.72848510742188,False
667,22.233333333333334,0.8540776968002319,26.680632960051298,43,140.6250064173949,JUMPING,False,,0.4309319500046871,,,35.54929674758774,16.514194921875,5.504731640625,249.9197540283203,236.131103515625,164.5142364501953,154.0265350341797,False
668,22.266666666666666,0.8368884921073914,26.93361835554242,43,140.6250064173949,JUMPING,False,,0.4309319500046871,,,35.54929674758774,16.514194921875,5.504731640625,249.9197540283203,228.40823364257812,164.5142364501953,144.61793518066406,True
669,22.3,0.817216157913208,26.73199214041233,43,140.6250064173949,JUMPING,False,,0.4309319500046871,,,35.54929674758774,16.514194921875,5.504731640625,249.9197540283203,223.2006607055664,164.5142364501953,137.67550659179688,True
670,22.333333333333332,0.8596562147140503,27.26493403315544,43,140.6250064173949,JUMPING,False,,0.4309319500046871,,,35.54929674758774,16.514194921875,5.504731640625,249.9197540283203,219.1033935546875,164.5142364501953,132.07396697998047,True
671,22.366666666666667,0.7892427444458008,26.908166706562042,43,140.6250064173949,JUMPING,False,,0.4309319500046871,,,35.54929674758774,18.461905924987793,6.153968641662598,249.4407196044922,216.9800567626953,164.5142364501953,127.33062744140625,True
672,22.4,0.8057155609130859,26.75784472376108,43,140.6250064173949,JUMPING,False,,0.4309319500046871,,,35.54929674758774,16.72736844177246,5.57578948059082,248.25750732421875,217.8599395751953,163.48362731933594,127.88055419921875,True
673,22.433333333333334,0.8054630160331726,26.689520105719566,43,140.6250064173949,JUMPING,False,,0.4309319500046871,,,35.54929674758774,16.67707822265625,5.55902607421875,247.5250244140625,222.02142333984375,161.85614013671875,132.5342559814453,True
674,22.466666666666665,0.7526881694793701,26.616148184984922,43,140.6250064173949,JUMPING,False,,0.4309319500046871,,,35.54929674758774,18.58545969543457,6.195153231811523,247.5250244140625,227.34749603271484,161.85614013671875,140.46084594726562,True
675,22.5,0.7925358414649963,26.83688560500741,44,142.85711690682604,JUMPING,True,0.36666666666666714,0.4167935876703227,30.544967651367188,34.5255126953125,34.2982144735326,18.58545969543457,6.195153231811523,247.5250244140625,234.5211181640625,161.85614013671875,149.0828094482422,False
676,22.533333333333335,0.7968271970748901,26.621730998158455,44,142.85711690682604,JUMPING,False,,0.4167935876703227,,,34.2982144735326,18.17899799194336,6.059665997314453,247.5250244140625,239.73357391357422,161.85614013671875,154.15209197998047,False
677,22.566666666666666,0.8028501272201538,26.915334165096283,44,142.85711690682604,JUMPING,False,,0.4167935876703227,,,34.2982144735326,15.445680468749998,5.148560156249999,247.5250244140625,245.95072174072266,161.85614013671875,160.5726547241211,False
678,22.6,0.7670876979827881,26.567677035927773,44,142.85711690682604,JUMPING,False,,0.4167935876703227,,,34.2982144735326,12.71236294555664,4.237454315185547,247.5250244140625,245.47457122802734,161.85614013671875,159.22010040283203,False
679,22.633333333333333,0.8683229684829712,27.31439098715782,44,142.85711690682604,JUMPING,False,,0.4167935876703227,,,34.2982144735326,12.71236294555664,4.237454315185547,247.5250244140625,238.63533782958984,161.85614013671875,152.93934631347656,False
680,22.666666666666668,0.8535482883453369,27.18996675685048,44,142.85711690682604,JUMPING,False,,0.4167935876703227,,,34.2982144735326,12.71236294555664,4.237454315185547,247.5250244140625,233.62029266357422,161.85614013671875,144.22970581054688,True
681,22.7,0.8480674624443054,26.828949339687824,44,142.85711690682604,JUMPING,False,,0.4167935876703227,,,34.2982144735326,12.71236294555664,4.237454315185547,247.5250244140625,228.45156860351562,161.85614013671875,137.71744537353516,True
682,22.733333333333334,0.8172304034233093,26.783917099237442,44,142.85711690682604,JUMPING,False,,0.4167935876703227,,,34.2982144735326,12.71236294555664,4.237454315185547,247.5250244140625,222.47718048095703,161.85614013671875,132.2508087158203,True
683,22.766666666666666,0.8210875988006592,26.95327578112483,44,142.85711690682604,JUMPING,False,,0.4167935876703227,,,34.2982144735326,12.71236294555664,4.237454315185547,247.5250244140625,215.7801742553711,161.85614013671875,125.82944107055664,True
684,22.8,0.8150529861450195,27.153430972248316,44,142.85711690682604,JUMPING,False,,0.4167935876703227,,,34.2982144735326,15.445680468749998,5.148560156249999,247.5250244140625,212.1737289428711,161.85614013671875,125.6521224975586,True
685,22.833333333333332,0.8358484506607056,26.57789085060358,44,142.85711690682604,JUMPING,False,,0.4167935876703227,,,34.2982144735326,12.71236294555664,4.237454315185547,247.1543731689453,215.59872436523438,161.50625610351562,129.54505157470703,True
686,22.866666666666667,0.7787337303161621,26.780152693390846,44,142.85711690682604,JUMPING,False,,0.4167935876703227,,,34.2982144735326,12.096528332519531,4.032176110839844,246.4855499267578,222.24769592285156,160.9328155517578,136.23932647705078,True
687,22.9,0.781152606010437,26.537889149039984,44,142.85711690682604,JUMPING,False,,0.4167935876703227,,,34.2982144735326,14.296844187927245,4.765614729309082,245.76025390625,231.20603942871094,160.35540771484375,144.42786407470703,True
688,22.933333333333334,0.8005926012992859,26.63907501846552,45,140.6250064173949,JUMPING,True,0.43333333333333357,0.4204323317161851,33.586524963378906,34.703285217285156,34.12029209599418,15.097924621582031,5.032641540527344,245.76025390625,237.90912628173828,160.35540771484375,149.45770263671875,False
689,22.966666666666665,0.7908515930175781,27.3818951100111,45,140.6250064173949,JUMPING,False,,0.4204323317161851,,,34.12029209599418,12.404445639038086,4.134815213012695,246.7978057861328,248.23741149902344,160.35540771484375,155.3572540283203,False
690,23.0,0.8036237955093384,26.64963621646166,45,140.6250064173949,JUMPING,False,,0.4204323317161851,,,34.12029209599418,12.71236294555664,4.237454315185547,247.5250244140625,250.81465911865234,160.35540771484375,157.4774932861328,False
691,23.033333333333335,0.8156053423881531,26.78119670599699,45,140.6250064173949,JUMPING,False,,0.4204323317161851,,,34.12029209599418,12.404445639038086,4.134815213012695,247.5250244140625,243.1144256591797,160.35540771484375,153.0100555419922,False
692,23.066666666666666,0.826880156993866,26.88037697225809,45,140.6250064173949,JUMPING,False,,0.4204323317161851,,,34.12029209599418,12.363080067443846,4.121026689147949,247.5250244140625,231.36702728271484,160.35540771484375,145.2523422241211,True
693,23.1,0.7681033611297607,28.000055346637964,45,140.6250064173949,JUMPING,False,,0.4204323317161851,,,34.12029209599418,12.363080067443846,4.121026689147949,247.5250244140625,226.78545379638672,160.35540771484375,140.75074768066406,True
694,23.133333333333333,0.7646441459655762,26.96203999221325,45,140.6250064173949,JUMPING,False,,0.4204323317161851,,,34.12029209599418,12.363080067443846,4.121026689147949,247.5250244140625,225.3969955444336,160.35540771484375,138.31918334960938,True
695,23.166666666666668,0.8071091175079346,26.963642332702875,45,140.6250064173949,JUMPING,False,,0.4204323317161851,,,34.12029209599418,12.363080067443846,4.121026689147949,247.5250244140625,220.19559478759766,160.35540771484375,133.09112548828125,True
696,23.2,0.7755298614501953,26.94987179711461,45,140.6250064173949,JUMPING,False,,0.4204323317161851,,,34.12029209599418,11.942102233597963,2.799104278564453,247.5250244140625,214.2157440185547,160.35540771484375,126.63531112670898,True
697,23.233333333333334,0.8196023106575012,26.499066036194563,45,140.6250064173949,JUMPING,False,,0.4204323317161851,,,34.12029209599418,12.355886054992675,4.118628684997558,246.7978057861328,213.13324737548828,159.7057647705078,125.76652908325195,True
698,23.266666666666666,0.8020739555358887,26.99363511055708,45,140.6250064173949,JUMPING,False,,0.4204323317161851,,,34.12029209599418,12.096528332519531,4.032176110839844,245.76025390625,217.00916290283203,158.62799072265625,127.95238494873047,True
699,23.3,0.7786017060279846,27.091097552329302,45,140.6250064173949,JUMPING,False,,0.4204323317161851,,,34.12029209599418,14.316627722167969,4.772209240722656,244.530517578125,223.73323822021484,157.63490295410156,133.75236129760742,True
700,23.333333333333332,0.7963539361953735,26.80230885744095,45,140.6250064173949,JUMPING,False,,0.4204323317161851,,,34.12029209599418,15.037318460083007,5.012439486694336,244.530517578125,229.46150970458984,157.63490295410156,142.18122100830078,True
701,23.366666666666667,0.802606999874115,26.910312939435244,46,145.1612298961488,JUMPING,True,0.43333333333333357,0.4232705520719578,31.39727020263672,31.86837387084961,33.43953662265481,15.037318460083007,5.012439486694336,244.530517578125,237.3554458618164,157.63490295410156,150.14830017089844,False
702,23.4,0.814961314201355,27.063694782555103,46,145.1612298961488,JUMPING,False,,0.4232705520719578,,,33.43953662265481,11.703837817929184,3.7976694030761715,245.76025390625,247.08495330810547,158.62799072265625,159.52396392822266,False
703,23.433333333333334,0.8197846412658691,26.729843113571405,46,145.1612298961488,JUMPING,False,,0.4232705520719578,,,33.43953662265481,12.61524377746582,4.205081259155273,246.63125610351562,250.83340454101562,159.40240478515625,163.67195892333984,False
704,23.466666666666665,0.8465102910995483,27.088447008281946,46,145.1612298961488,JUMPING,False,,0.4232705520719578,,,33.43953662265481,11.703837817929184,2.387552471923828,247.2515106201172,248.5883331298828,160.15318298339844,160.6315689086914,False
705,23.5,0.8327375650405884,26.92047692835331,46,145.1612298961488,JUMPING,False,,0.4232705520719578,,,33.43953662265481,11.703837817929184,2.387552471923828,247.2515106201172,237.93495178222656,160.15318298339844,151.89739990234375,False
706,23.533333333333335,0.8531596660614014,28.503054287284613,46,145.1612298961488,JUMPING,False,,0.4232705520719578,,,33.43953662265481,11.703837817929184,2.387552471923828,247.2515106201172,229.33705139160156,160.15318298339844,143.23068237304688,True
707,23.566666666666666,0.8434352874755859,26.87011193484068,46,145.1612298961488,JUMPING,False,,0.4232705520719578,,,33.43953662265481,11.703837817929184,2.387552471923828,247.2515106201172,224.18921661376953,160.15318298339844,137.27740478515625,True
708,23.6,0.8459244966506958,27.088214177638292,46,145.1612298961488,JUMPING,False,,0.4232705520719578,,,33.43953662265481,11.703837817929184,2.387552471923828,247.2515106201172,218.85548400878906,160.15318298339844,130.974365234375,True
709,23.633333333333333,0.8320893049240112,26.940939016640186,46,145.1612298961488,JUMPING,False,,0.4232705520719578,,,33.43953662265481,11.703837817929184,2.308226042175293,247.2515106201172,217.39381408691406,160.15318298339844,127.52026748657227,True
710,23.666666666666668,0.8078425526618958,26.643598917871714,46,145.1612298961488,JUMPING,False,,0.4232705520719578,,,33.43953662265481,12.17342282409668,4.057807608032227,246.63125610351562,219.0044937133789,159.40240478515625,128.29480743408203,True
711,23.7,0.7814765572547913,26.708042714744806,46,145.1612298961488,JUMPING,False,,0.4232705520719578,,,33.43953662265481,11.703837817929184,2.387552471923828,246.63125610351562,223.01828002929688,158.52305603027344,134.1770248413086,True
712,23.733333333333334,0.7894876003265381,26.92128997296095,46,145.1612298961488,JUMPING,False,,0.4232705520719578,,,33.43953662265481,11.703837817929184,2.387552471923828,246.63125610351562,227.85694122314453,158.52305603027344,140.84178161621094,True
713,23.766666666666666,0.7757903933525085,26.629986241459846,47,145.16136596035605,JUMPING,True,0.3999999999999986,0.4181510306161268,29.237442016601562,31.002788543701172,32.3890129711415,11.703837817929184,2.387552471923828,246.63125610351562,235.33422088623047,158.52305603027344,150.7878875732422,False
714,23.8,0.80698162317276,26.93917788565159,47,145.16136596035605,JUMPING,False,,0.4181510306161268,,,32.3890129711415,11.336154539899523,3.57201947479248,246.63125610351562,243.76974487304688,158.74411010742188,158.03013610839844,False
715,23.833333333333332,0.7911158204078674,27.07304572686553,47,145.16136596035605,JUMPING,False,,0.4181510306161268,,,32.3890129711415,11.336154539899523,3.39025754699707,246.63125610351562,244.12123107910156,159.23562622070312,159.24597930908203,False
716,23.866666666666667,0.8151372075080872,27.19053579494357,47,145.16136596035605,JUMPING,False,,0.4181510306161268,,,32.3890129711415,11.336154539899523,3.3118812698364257,246.63125610351562,243.83216857910156,159.2886199951172,159.3170623779297,False
717,23.9,0.8477485775947571,26.65971638634801,47,145.16136596035605,JUMPING,False,,0.4181510306161268,,,32.3890129711415,11.336154539899523,3.3118812698364257,246.63125610351562,237.87574005126953,159.2886199951172,153.61788177490234,False
718,23.933333333333334,0.8741750717163086,26.986889075487852,47,145.16136596035605,JUMPING,False,,0.4181510306161268,,,32.3890129711415,11.336154539899523,3.3118812698364257,246.63125610351562,233.48331451416016,159.2886199951172,149.2328109741211,True
719,23.966666666666665,0.8047384023666382,26.88481193035841,47,145.16136596035605,JUMPING,False,,0.4181510306161268,,,32.3890129711415,11.336154539899523,3.3118812698364257,246.63125610351562,223.52537536621094,159.2886199951172,140.05690002441406,True
720,24.0,0.8139504194259644,26.750254910439253,47,145.16136596035605,JUMPING,False,,0.4181510306161268,,,32.3890129711415,11.336154539899523,3.3118812698364257,246.63125610351562,219.18640899658203,159.2886199951172,133.2636947631836,True
721,24.033333333333335,0.799556314945221,26.887566316872835,47,145.16136596035605,JUMPING,False,,0.4181510306161268,,,32.3890129711415,11.336154539899523,3.233504992675781,246.63125610351562,215.94486236572266,159.2886199951172,129.5107192993164,True
722,24.066666666666666,0.8138696551322937,26.769639924168587,47,145.16136596035605,JUMPING,False,,0.4181510306161268,,,32.3890129711415,11.336154539899523,3.5257447814941405,246.44081115722656,214.44985961914062,159.23562622070312,126.77991485595703,True
723,24.1,0.8056859970092773,26.726576033979654,47,145.16136596035605,JUMPING,False,,0.4181510306161268,,,32.3890129711415,14.46776985168457,4.8225899505615235,245.8994598388672,217.3350601196289,158.75962829589844,128.68125534057617,True
724,24.133333333333333,0.8100042939186096,26.953808031976223,47,145.16136596035605,JUMPING,False,,0.4181510306161268,,,32.3890129711415,14.46776985168457,4.8225899505615235,245.8994598388672,222.3372039794922,158.75962829589844,134.16845703125,True
725,24.166666666666668,0.8104566335678101,26.680575218051672,48,147.54101618808767,JUMPING,True,0.40000000000000213,0.4141578038805794,31.449600219726562,31.979713439941406,32.15415978328777,14.46776985168457,4.8225899505615235,245.8994598388672,231.80355072021484,158.75962829589844,144.29061126708984,False
726,24.2,0.8462446928024292,26.842102874070406,48,147.54101618808767,JUMPING,False,,0.4141578038805794,,,32.15415978328777,11.393008209228515,3.7976694030761715,245.8994598388672,242.83425903320312,158.75962829589844,155.02774047851562,False
727,24.233333333333334,0.8053777813911438,27.148730121552944,48,147.54101618808767,JUMPING,False,,0.4141578038805794,,,32.15415978328777,14.46776985168457,4.8225899505615235,247.77642822265625,249.86161041259766,159.2886199951172,162.5931167602539,False
728,24.266666666666666,0.8199023008346558,27.264725882560015,48,147.54101618808767,JUMPING,False,,0.4141578038805794,,,32.15415978328777,14.389789471435547,4.796596490478516,248.44796752929688,250.95950317382812,159.44119262695312,164.52629852294922,False
729,24.3,0.8077973127365112,26.687282137572765,48,147.54101618808767,JUMPING,False,,0.4141578038805794,,,32.15415978328777,14.745418011474609,4.915139337158203,248.44796752929688,243.67471313476562,160.1885223388672,160.6647186279297,False
730,24.333333333333332,0.7913821935653687,27.300854213535786,48,147.54101618808767,JUMPING,False,,0.4141578038805794,,,32.15415978328777,14.745418011474609,4.915139337158203,248.44796752929688,238.37579345703125,160.1885223388672,155.72422790527344,False
731,24.366666666666667,0.8229101896286011,26.98435401543975,48,147.54101618808767,JUMPING,False,,0.4141578038805794,,,32.15415978328777,14.745418011474609,4.915139337158203,248.44796752929688,228.3005828857422,160.1885223388672,145.17357635498047,True
732,24.4,0.8329209089279175,27.744820807129145,48,147.54101618808767,JUMPING,False,,0.4141578038805794,,,32.15415978328777,14.745418011474609,4.915139337158203,248.44796752929688,220.957275390625,160.1885223388672,136.64834594726562,True
733,24.433333333333334,0.8156650066375732,26.727830059826374,48,147.54101618808767,JUMPING,False,,0.4141578038805794,,,32.15415978328777,14.745418011474609,4.915139337158203,248.44796752929688,217.09841918945312,160.1885223388672,129.88946533203125,True
734,24.466666666666665,0.8283539414405823,26.97016904130578,48,147.54101618808767,JUMPING,False,,0.4141578038805794,,,32.15415978328777,11.69213660430908,3.897378868103027,247.9869842529297,216.02664184570312,160.1885223388672,125.95882797241211,True
735,24.5,0.7750122547149658,26.697493623942137,48,147.54101618808767,JUMPING,False,,0.4141578038805794,,,32.15415978328777,11.253955924150718,1.9080647552490233,245.8994598388672,219.63236236572266,160.1885223388672,126.3951644897461,True
736,24.533333333333335,0.7489241361618042,26.834851130843163,48,147.54101618808767,JUMPING,False,,0.4141578038805794,,,32.15415978328777,11.253955924150718,3.4820377624511716,245.8994598388672,221.55542755126953,160.1885223388672,129.36777114868164,True
737,24.566666666666666,0.7861115336418152,26.629952248185873,48,147.54101618808767,JUMPING,False,,0.4141578038805794,,,32.15415978328777,11.253955924150718,3.4820377624511716,245.8994598388672,226.5912857055664,160.1885223388672,137.12583923339844,True
738,24.6,0.8038260340690613,27.02140621840954,49,142.85711690682604,JUMPING,True,0.43333333333333357,0.4183764203601853,29.872817993164062,34.22969436645508,31.58382433575684,11.253955924150718,3.4820377624511716,245.8994598388672,234.75963592529297,160.1885223388672,148.22286987304688,False
739,24.633333333333333,0.8021533489227295,26.578374207019806,49,142.85711690682604,JUMPING,False,,0.4183764203601853,,,31.58382433575684,11.054338517514894,3.261376135253906,246.60076904296875,245.87448120117188,160.1885223388672,158.04869079589844,False
740,24.666666666666668,0.7829277515411377,26.9670938141644,49,142.85711690682604,JUMPING,False,,0.4183764203601853,,,31.58382433575684,12.264773208618164,4.088257736206055,247.9869842529297,253.78972625732422,160.65145874023438,164.18492126464844,False
741,24.7,0.7951412796974182,27.01949095353484,49,142.85711690682604,JUMPING,False,,0.4183764203601853,,,31.58382433575684,14.745418011474609,4.915139337158203,249.352294921875,253.3776626586914,161.82174682617188,164.5244598388672,False
742,24.733333333333334,0.7590603232383728,26.487124152481556,49,142.85711690682604,JUMPING,False,,0.4183764203601853,,,31.58382433575684,15.2076333114624,5.0692111038208,249.6924285888672,249.43865966796875,162.2842559814453,161.82097625732422,False
743,24.766666666666666,0.8149193525314331,26.637582574039698,49,142.85711690682604,JUMPING,False,,0.4183764203601853,,,31.58382433575684,15.2076333114624,5.0692111038208,249.6924285888672,238.9485626220703,162.2842559814453,153.92021942138672,False
744,24.8,0.8119879961013794,27.19635795801878,49,142.85711690682604,JUMPING,False,,0.4183764203601853,,,31.58382433575684,15.2076333114624,5.0692111038208,249.6924285888672,229.3083953857422,162.2842559814453,144.80862426757812,True
745,24.833333333333332,0.8045713901519775,26.582281105220318,49,142.85711690682604,JUMPING,False,,0.4183764203601853,,,31.58382433575684,15.2076333114624,5.0692111038208,249.6924285888672,221.99970245361328,162.2842559814453,137.46243286132812,True
746,24.866666666666667,0.7628329396247864,26.85420075431466,49,142.85711690682604,JUMPING,False,,0.4183764203601853,,,31.58382433575684,15.2076333114624,5.0692111038208,249.6924285888672,212.63735961914062,162.2842559814453,127.32263565063477,True
747,24.9,0.8171113133430481,27.18936186283827,49,142.85711690682604,JUMPING,False,,0.4183764203601853,,,31.58382433575684,19.868776501464843,6.6229255004882805,249.6924285888672,207.69430541992188,162.2842559814453,124.04832077026367,True
748,24.933333333333334,0.8332998156547546,27.054980862885714,49,142.85711690682604,JUMPING,False,,0.4183764203601853,,,31.58382433575684,15.257991398620605,5.085997132873535,249.09852600097656,209.1079864501953,161.3584747314453,123.70073318481445,True
749,24.966666666666665,0.8084873557090759,29.009426943957806,49,142.85711690682604,JUMPING,False,,0.4183764203601853,,,31.58382433575684,13.522300158691406,4.507433386230469,248.0129852294922,215.66751098632812,161.3584747314453,127.62808227539062,True
750,25.0,0.8013944625854492,29.626889154314995,49,142.85711690682604,JUMPING,False,,0.4183764203601853,,,31.58382433575684,13.522300158691406,4.507433386230469,248.0129852294922,224.04986572265625,161.3584747314453,135.88365936279297,True
751,25.033333333333335,0.8211886882781982,30.09676281362772,50,142.85711690682604,JUMPING,True,0.43333333333333357,0.42166694121427795,40.31867980957031,37.65774154663086,33.76753820421021,13.522300158691406,4.507433386230469,248.0129852294922,234.91387939453125,161.3584747314453,147.4047393798828,False
752,25.066666666666666,0.827771008014679,34.87691609188914,50,142.85711690682604,JUMPING,False,,0.42166694121427795,,,33.76753820421021,12.818440695190429,4.272813565063476,248.5502471923828,247.2176284790039,161.3584747314453,158.6427001953125,False
753,25.1,0.7960560321807861,27.08649169653654,50,142.85711690682604,JUMPING,False,,0.42166694121427795,,,33.76753820421021,15.335462768554686,5.111820922851562,249.6924285888672,255.0045928955078,162.2842559814453,165.68363189697266,False
754,25.133333333333333,0.7932260036468506,26.918143965303898,50,142.85711690682604,JUMPING,False,,0.42166694121427795,,,33.76753820421021,20.13600691680908,6.712002305603027,250.5203399658203,255.46964263916016,163.54818725585938,167.398193359375,False
755,25.166666666666668,0.81591796875,26.684689801186323,50,142.85711690682604,JUMPING,False,,0.42166694121427795,,,33.76753820421021,17.602730447387692,5.867576815795898,252.15667724609375,252.9547882080078,164.38864135742188,167.5120620727539,False
756,25.2,0.8408190608024597,26.708608027547598,50,142.85711690682604,JUMPING,False,,0.42166694121427795,,,33.76753820421021,17.519863568115234,5.839954522705078,252.15667724609375,247.5201873779297,164.38864135742188,163.5954818725586,False
757,25.233333333333334,0.7894164323806763,27.25726692005992,50,142.85711690682604,JUMPING,False,,0.42166694121427795,,,33.76753820421021,17.519863568115234,5.839954522705078,252.15667724609375,236.07064056396484,164.38864135742188,154.1034698486328,False
758,25.266666666666666,0.8113768696784973,28.971177991479635,50,142.85711690682604,JUMPING,False,,0.42166694121427795,,,33.76753820421021,17.519863568115234,5.839954522705078,252.15667724609375,227.20065307617188,164.38864135742188,144.43000030517578,True
759,25.3,0.8568205237388611,26.901260018348694,50,142.85711690682604,JUMPING,False,,0.42166694121427795,,,33.76753820421021,16.686308276367185,5.562102758789062,252.15667724609375,221.41136932373047,164.38864135742188,136.53243255615234,True
760,25.333333333333332,0.7936230897903442,27.146429289132357,50,142.85711690682604,JUMPING,False,,0.42166694121427795,,,33.76753820421021,15.638697180175782,5.212899060058594,252.15667724609375,216.52159118652344,164.38864135742188,129.37944793701172,True
761,25.366666666666667,0.8183024525642395,27.063399087637663,50,142.85711690682604,JUMPING,False,,0.42166694121427795,,,33.76753820421021,13.69930001220703,4.566433337402343,252.15667724609375,213.09344482421875,164.38864135742188,125.51359558105469,True
762,25.4,0.7982305288314819,27.15082885697484,50,142.85711690682604,JUMPING,False,,0.42166694121427795,,,33.76753820421021,13.69930001220703,4.566433337402343,252.15667724609375,212.8343734741211,164.38864135742188,124.23419952392578,True
763,25.433333333333334,0.7947726249694824,26.789571158587933,50,142.85711690682604,JUMPING,False,,0.42166694121427795,,,33.76753820421021,13.69930001220703,4.566433337402343,252.15667724609375,216.41779327392578,164.38864135742188,127.27594757080078,True
764,25.466666666666665,0.802448570728302,27.16193301603198,50,142.85711690682604,JUMPING,False,,0.42166694121427795,,,33.76753820421021,13.69930001220703,4.566433337402343,252.15667724609375,221.6042251586914,164.38864135742188,134.46685791015625,True
765,25.5,0.7926003932952881,27.111010625958443,50,142.85711690682604,JUMPING,False,,0.42166694121427795,,,33.76753820421021,13.69930001220703,4.566433337402343,252.15667724609375,230.04566192626953,164.38864135742188,144.11554718017578,True
766,25.533333333333335,0.8212995529174805,26.716201100498438,50,142.85711690682604,JUMPING,False,,0.42166694121427795,,,33.76753820421021,13.69930001220703,4.566433337402343,252.15667724609375,237.70095825195312,164.38864135742188,153.10193634033203,True
767,25.566666666666666,0.8028104901313782,28.193204663693905,51,136.36359092126736,JUMPING,True,0.5333333333333314,0.4462335474804697,39.322303771972656,40.154441833496094,35.15622959615082,13.69930001220703,4.566433337402343,252.15667724609375,242.84945678710938,164.38864135742188,157.8817138671875,False
768,25.6,0.7751752734184265,27.068435214459896,51,136.36359092126736,JUMPING,False,,0.4462335474804697,,,35.15622959615082,13.757870132446287,4.585956710815429,252.15667724609375,247.40989685058594,164.38864135742188,160.8370590209961,False
769,25.633333333333333,0.8295804262161255,26.926569174975157,51,136.36359092126736,JUMPING,False,,0.4462335474804697,,,35.15622959615082,13.757870132446287,4.585956710815429,252.15667724609375,243.35472106933594,164.38864135742188,156.8910903930664,False
770,25.666666666666668,0.8030178546905518,26.919187977910042,51,136.36359092126736,JUMPING,False,,0.4462335474804697,,,35.15622959615082,13.757870132446287,4.585956710815429,252.15667724609375,231.1526107788086,164.38864135742188,145.85587310791016,True
771,25.7,0.8130472898483276,27.0295231603086,51,136.36359092126736,JUMPING,False,,0.4462335474804697,,,35.15622959615082,13.757870132446287,4.585956710815429,252.15667724609375,224.90579986572266,164.38864135742188,139.2600326538086,True
772,25.733333333333334,0.83109450340271,26.70490089803934,51,136.36359092126736,JUMPING,False,,0.4462335474804697,,,35.15622959615082,13.69930001220703,4.566433337402343,252.15667724609375,221.21541595458984,164.38864135742188,134.68433380126953,True
773,25.766666666666666,0.8233557939529419,27.072075754404068,51,136.36359092126736,JUMPING,False,,0.4462335474804697,,,35.15622959615082,20.6379589553833,6.879319651794433,251.54832458496094,218.01444244384766,163.9491424560547,130.00750732421875,True
774,25.8,0.7825493812561035,26.827406603842974,51,136.36359092126736,JUMPING,False,,0.4462335474804697,,,35.15622959615082,15.852752984619139,5.284250994873046,251.54832458496094,217.90386962890625,163.9491424560547,130.45938110351562,True
775,25.833333333333332,0.7798255681991577,26.815476827323437,51,136.36359092126736,JUMPING,False,,0.4462335474804697,,,35.15622959615082,15.852752984619139,5.284250994873046,251.54832458496094,221.9347152709961,163.9491424560547,134.77963256835938,True
776,25.866666666666667,0.8302748799324036,27.204678393900394,51,136.36359092126736,JUMPING,False,,0.4462335474804697,,,35.15622959615082,15.852752984619139,5.284250994873046,251.54832458496094,227.5590057373047,163.9491424560547,142.2372055053711,True
777,25.9,0.8396285176277161,26.936742942780256,51,136.36359092126736,JUMPING,False,,0.4462335474804697,,,35.15622959615082,15.852752984619139,5.284250994873046,251.54832458496094,235.5694808959961,163.9491424560547,151.15646362304688,True
778,25.933333333333334,0.6427262425422668,27.20530703663826,52,138.46157528240573,JUMPING,True,0.36666666666666714,0.42872883370143317,33.64445495605469,33.94163513183594,34.77828593612679,15.852752984619139,5.284250994873046,251.54832458496094,241.51702880859375,163.9491424560547,157.11591339111328,False
779,25.966666666666665,0.8180500268936157,26.674144435673952,52,138.46157528240573,JUMPING,False,,0.42872883370143317,,,34.77828593612679,15.74589475250244,5.24863158416748,251.54832458496094,248.06114196777344,164.38864135742188,165.06861877441406,False
780,26.0,0.8372312784194946,26.870745234191418,52,138.46157528240573,JUMPING,False,,0.42872883370143317,,,34.77828593612679,12.172400077644376,3.2419432525634764,251.54832458496094,247.97311401367188,164.8509521484375,165.12857818603516,False
781,26.033333333333335,0.8318417072296143,26.828568894416094,52,138.46157528240573,JUMPING,False,,0.42872883370143317,,,34.77828593612679,14.468652136230467,4.822884045410156,251.54832458496094,243.65377044677734,164.8509521484375,160.2373046875,False
782,26.066666666666666,0.8685382604598999,26.83221036568284,52,138.46157528240573,JUMPING,False,,0.42872883370143317,,,34.77828593612679,14.468652136230467,4.822884045410156,251.54832458496094,236.40386962890625,164.8509521484375,153.19432830810547,True
783,26.1,0.8487643003463745,26.79590694606304,52,138.46157528240573,JUMPING,False,,0.42872883370143317,,,34.77828593612679,14.468652136230467,4.822884045410156,251.54832458496094,231.1729507446289,164.8509521484375,146.0247573852539,True
784,26.133333333333333,0.8354446887969971,28.194219805300236,52,138.46157528240573,JUMPING,False,,0.42872883370143317,,,34.77828593612679,19.603073117065428,6.5343577056884765,251.54832458496094,227.69427490234375,164.8509521484375,140.4200668334961,True
785,26.166666666666668,0.8134616613388062,26.766156777739525,52,138.46157528240573,JUMPING,False,,0.42872883370143317,,,34.77828593612679,18.869317781066894,6.289772593688965,248.8876495361328,221.29470825195312,164.8509521484375,132.7314910888672,True
786,26.2,0.817115306854248,26.7338827252388,52,138.46157528240573,JUMPING,False,,0.42872883370143317,,,34.77828593612679,17.197015292358397,5.7323384307861325,248.0259246826172,219.95359802246094,164.4793701171875,129.58856201171875,True
787,26.233333333333334,0.7793554067611694,27.089874260127544,52,138.46157528240573,JUMPING,False,,0.42872883370143317,,,34.77828593612679,17.616813066101074,5.872271022033691,247.7919464111328,219.41290283203125,164.4793701171875,129.57558822631836,True
788,26.266666666666666,0.7821688055992126,26.716936845332384,52,138.46157528240573,JUMPING,False,,0.42872883370143317,,,34.77828593612679,17.616813066101074,5.872271022033691,247.7919464111328,222.12113189697266,164.4793701171875,133.10691833496094,True
789,26.3,0.7677627205848694,26.68809611350298,52,138.46157528240573,JUMPING,False,,0.42872883370143317,,,34.77828593612679,17.616813066101074,5.872271022033691,247.7919464111328,224.76600646972656,164.4793701171875,139.51961517333984,True
790,26.333333333333332,0.7988989353179932,26.647341903299093,53,138.4614610108126,JUMPING,True,0.3999999999999986,0.4224084902871176,28.379043579101562,34.90378189086914,33.178475346870485,17.616813066101074,5.872271022033691,247.7919464111328,231.11222076416016,164.4793701171875,145.83004760742188,False
791,26.366666666666667,0.8558247089385986,26.63669316098094,53,138.4614610108126,JUMPING,False,,0.4224084902871176,,,33.178475346870485,18.036610839843746,6.012203613281249,247.7919464111328,240.56724548339844,164.4793701171875,155.77237701416016,False
792,26.4,0.8155568838119507,26.871245820075274,53,138.4614610108126,JUMPING,False,,0.4224084902871176,,,33.178475346870485,16.982518345642088,5.660839448547363,247.7919464111328,247.23497009277344,164.4793701171875,162.55602264404297,False
793,26.433333333333334,0.7812824249267578,26.67206898331642,53,138.4614610108126,JUMPING,False,,0.4224084902871176,,,33.178475346870485,16.706465084838868,5.568821694946289,247.96844482421875,247.9614486694336,164.4793701171875,162.72281646728516,False
794,26.466666666666665,0.7727555632591248,27.000220026820898,53,138.4614610108126,JUMPING,False,,0.4224084902871176,,,33.178475346870485,16.982518345642088,5.660839448547363,247.96844482421875,241.9137420654297,164.4793701171875,157.8980255126953,False
795,26.5,0.8111119866371155,27.176402043551207,53,138.4614610108126,JUMPING,False,,0.4224084902871176,,,33.178475346870485,16.982518345642088,5.660839448547363,247.96844482421875,235.60187530517578,164.4793701171875,152.07230377197266,False
796,26.533333333333335,0.8049513697624207,26.5013100579381,53,138.4614610108126,JUMPING,False,,0.4224084902871176,,,33.178475346870485,16.982518345642088,5.660839448547363,247.96844482421875,232.13140869140625,164.4793701171875,146.8590087890625,False
797,26.566666666666666,0.8355295062065125,26.578896213322878,53,138.4614610108126,JUMPING,False,,0.4224084902871176,,,33.178475346870485,18.036610839843746,6.012203613281249,247.96844482421875,224.63292694091797,164.4793701171875,137.6916732788086,True
798,26.6,0.8091851472854614,27.523871045559645,53,138.4614610108126,JUMPING,False,,0.4224084902871176,,,33.178475346870485,16.982518345642088,5.660839448547363,247.78494262695312,221.1887664794922,163.2464141845703,132.13642120361328,True
799,26.633333333333333,0.7432007789611816,26.87211101874709,53,138.4614610108126,JUMPING,False,,0.4224084902871176,,,33.178475346870485,15.92842585144043,5.309475283813477,247.47607421875,217.8797149658203,162.65609741210938,128.92041397094727,True
800,26.666666666666668,0.762246310710907,26.634699665009975,53,138.4614610108126,JUMPING,False,,0.4224084902871176,,,33.178475346870485,11.612466371404668,1.2248824218749998,247.3399200439453,219.59223175048828,161.86843872070312,129.0811309814453,True
801,26.7,0.7850058078765869,26.722655165940523,53,138.4614610108126,JUMPING,False,,0.4224084902871176,,,33.178475346870485,13.728279666137695,4.576093222045898,245.802490234375,223.80653381347656,160.59716796875,133.0549545288086,True
802,26.733333333333334,0.7881482243537903,26.89128601923585,53,138.4614610108126,JUMPING,False,,0.4224084902871176,,,33.178475346870485,13.728279666137695,4.576093222045898,245.802490234375,228.64422607421875,160.59716796875,139.78675842285156,True
803,26.766666666666666,0.794538676738739,26.746729854494333,54,138.46157528240573,JUMPING,True,0.43333333333333357,0.4248119557572851,27.922775268554688,31.676753997802734,31.864550327291536,13.728279666137695,4.576093222045898,245.802490234375,235.56185150146484,160.59716796875,150.2309341430664,False
804,26.8,0.7853297591209412,26.67499426752329,54,138.46157528240573,JUMPING,False,,0.4248119557572851,,,31.864550327291536,12.716129621887205,4.238709873962402,246.2114715576172,244.67623901367188,160.59716796875,159.3246078491211,False
805,26.833333333333332,0.8222776055335999,26.397190988063812,54,138.46157528240573,JUMPING,False,,0.4248119557572851,,,31.864550327291536,11.152592614552036,3.2671788528442383,247.3399200439453,249.09403228759766,161.86843872070312,164.1418228149414,False
806,26.866666666666667,0.7789007425308228,38.286582101136446,54,138.46157528240573,JUMPING,False,,0.4248119557572851,,,31.864550327291536,11.152592614552036,3.255290634155273,247.3399200439453,245.77745056152344,162.25660705566406,161.8074722290039,False
807,26.9,0.8044807314872742,27.03801915049553,54,138.46157528240573,JUMPING,False,,0.4248119557572851,,,31.864550327291536,11.152592614552036,3.255290634155273,247.3399200439453,238.13677215576172,162.25660705566406,156.9186248779297,False
808,26.933333333333334,0.7933472394943237,26.806550100445747,54,138.46157528240573,JUMPING,False,,0.4248119557572851,,,31.864550327291536,11.152592614552036,3.255290634155273,247.3399200439453,234.8742904663086,162.25660705566406,152.29438018798828,True
809,26.966666666666665,0.8001405000686646,27.0821419544518,54,138.46157528240573,JUMPING,False,,0.4248119557572851,,,31.864550327291536,11.152592614552036,3.255290634155273,247.3399200439453,228.82703399658203,162.25660705566406,143.69314575195312,True
810,27.0,0.757823646068573,27.145119849592447,54,138.46157528240573,JUMPING,False,,0.4248119557572851,,,31.864550327291536,11.152592614552036,3.255290634155273,247.3399200439453,224.15684509277344,162.25660705566406,136.08080291748047,True
811,27.033333333333335,0.6707998514175415,26.844612788408995,54,138.46157528240573,JUMPING,False,,0.4248119557572851,,,31.864550327291536,11.152592614552036,3.255290634155273,247.3399200439453,220.15045928955078,162.25660705566406,131.18384170532227,True
812,27.066666666666666,0.7016284465789795,26.56422881409526,54,138.46157528240573,JUMPING,False,,0.4248119557572851,,,31.864550327291536,11.152592614552036,2.509228559875488,247.3399200439453,218.00151824951172,162.25660705566406,127.49065399169922,True
813,27.1,0.7742366194725037,26.793743949383497,54,138.46157528240573,JUMPING,False,,0.4248119557572851,,,31.864550327291536,11.152592614552036,3.255290634155273,246.65196228027344,215.74767303466797,162.25660705566406,124.5926513671875,True
814,27.133333333333333,0.7782998085021973,26.699588168412447,54,138.46157528240573,JUMPING,False,,0.4248119557572851,,,31.864550327291536,11.152592614552036,2.509228559875488,246.65196228027344,215.69307708740234,162.25660705566406,125.23990249633789,True
815,27.166666666666668,0.7866330742835999,26.608134154230356,54,138.46157528240573,JUMPING,False,,0.4248119557572851,,,31.864550327291536,11.152592614552036,2.509228559875488,246.65196228027344,219.36685943603516,162.25660705566406,130.07294464111328,True
816,27.2,0.7408336997032166,26.670274790376425,54,138.46157528240573,JUMPING,False,,0.4248119557572851,,,31.864550327291536,11.152592614552036,2.509228559875488,246.65196228027344,226.0025863647461,162.25660705566406,137.17928314208984,True
817,27.233333333333334,0.7907895445823669,26.646369602531195,55,136.36359092126736,JUMPING,True,0.46666666666666856,0.43401999215734943,30.958885192871094,37.66395568847656,31.638134043686424,11.152592614552036,2.509228559875488,246.65196228027344,236.07884216308594,162.25660705566406,148.4490966796875,False
818,27.266666666666666,0.8084468245506287,26.526059955358505,55,136.36359092126736,JUMPING,False,,0.43401999215734943,,,31.638134043686424,11.073346915290248,3.2380069061279295,246.65196228027344,244.4736557006836,162.25660705566406,158.63955688476562,False
819,27.3,0.8124005198478699,26.93404210731387,55,136.36359092126736,JUMPING,False,,0.43401999215734943,,,31.638134043686424,11.073346915290248,2.464944662475586,247.67086791992188,248.89754486083984,162.65609741210938,164.0556182861328,False
820,27.333333333333332,0.797179102897644,26.8183178268373,55,136.36359092126736,JUMPING,False,,0.43401999215734943,,,31.638134043686424,11.073346915290248,2.4584180191040037,247.67086791992188,246.4073715209961,162.98521423339844,163.16014862060547,False
821,27.366666666666667,0.7982812523841858,26.570363901555538,55,136.36359092126736,JUMPING,False,,0.43401999215734943,,,31.638134043686424,11.073346915290248,2.5665883666992184,247.67086791992188,242.86547088623047,162.98521423339844,158.95467376708984,False
822,27.4,0.8027191162109375,28.05438218638301,55,136.36359092126736,JUMPING,False,,0.43401999215734943,,,31.638134043686424,11.073346915290248,2.5665883666992184,247.67086791992188,235.71088409423828,162.98521423339844,149.7948226928711,True
823,27.433333333333334,0.8305523991584778,26.972962077707052,55,136.36359092126736,JUMPING,False,,0.43401999215734943,,,31.638134043686424,11.073346915290248,2.5665883666992184,247.67086791992188,225.52185821533203,162.98521423339844,139.8278579711914,True
824,27.466666666666665,0.832922637462616,26.699314825236797,55,136.36359092126736,JUMPING,False,,0.43401999215734943,,,31.638134043686424,11.073346915290248,2.7796940185546872,246.9039306640625,217.05397033691406,162.65609741210938,131.2437400817871,True
825,27.5,0.8021543622016907,26.8120551481843,55,136.36359092126736,JUMPING,False,,0.43401999215734943,,,31.638134043686424,11.073346915290248,3.2391041061401364,246.15541076660156,212.77516174316406,162.25660705566406,125.97113800048828,True
826,27.533333333333335,0.8007975220680237,26.86515310779214,55,136.36359092126736,JUMPING,False,,0.43401999215734943,,,31.638134043686424,11.073346915290248,3.2380069061279295,246.15541076660156,210.84566497802734,162.25660705566406,124.45664978027344,True
827,27.566666666666666,0.7765676975250244,26.703509036451578,55,136.36359092126736,JUMPING,False,,0.43401999215734943,,,31.638134043686424,11.073346915290248,3.2380069061279295,246.15541076660156,212.88186645507812,162.25660705566406,126.83318710327148,True
828,27.6,0.7752548456192017,26.830225251615047,55,136.36359092126736,JUMPING,False,,0.43401999215734943,,,31.638134043686424,11.073346915290248,3.2380069061279295,246.15541076660156,219.54013061523438,162.25660705566406,133.36312103271484,True
829,27.633333333333333,0.780045211315155,27.332894038408995,55,136.36359092126736,JUMPING,False,,0.43401999215734943,,,31.638134043686424,11.073346915290248,3.2380069061279295,246.15541076660156,229.54086303710938,162.25660705566406,143.21747589111328,True
830,27.666666666666668,0.8297269940376282,26.875020004808903,56,142.85724868587627,JUMPING,True,0.43333333333333357,0.43386892721606596,35.30974578857422,37.799957275390625,32.55603697990837,11.332944992065428,3.7776483306884763,246.15541076660156,240.74684143066406,162.25660705566406,153.06873321533203,False
831,27.7,0.8357207775115967,26.556740049272776,56,142.85724868587627,JUMPING,False,,0.43386892721606596,,,32.55603697990837,12.951869265747069,4.317289755249023,246.9039306640625,250.9804458618164,162.25660705566406,160.5611114501953,False
832,27.733333333333334,0.7656136751174927,26.585312094539404,56,142.85724868587627,JUMPING,False,,0.43386892721606596,,,32.55603697990837,12.913659558105467,4.304553186035156,247.67086791992188,253.15824127197266,162.25660705566406,161.15543365478516,False
833,27.766666666666666,0.8089200258255005,26.996184140443802,56,142.85724868587627,JUMPING,False,,0.43386892721606596,,,32.55603697990837,12.951869265747069,4.317289755249023,247.67086791992188,244.8599090576172,162.25660705566406,156.10149383544922,False
834,27.8,0.7660586833953857,26.79859707131982,56,142.85724868587627,JUMPING,False,,0.43386892721606596,,,32.55603697990837,12.951869265747069,4.317289755249023,247.67086791992188,234.03820037841797,162.25660705566406,147.21995544433594,True
835,27.833333333333332,0.8194887638092041,26.78960422053933,56,142.85724868587627,JUMPING,False,,0.43386892721606596,,,32.55603697990837,12.951869265747069,4.317289755249023,247.67086791992188,227.8344268798828,162.25660705566406,138.21717071533203,True
836,27.866666666666667,0.7649234533309937,26.690616738051176,56,142.85724868587627,JUMPING,False,,0.43386892721606596,,,32.55603697990837,11.394612942967928,3.4649802612304685,247.67086791992188,222.89891052246094,162.25660705566406,132.0588836669922,True
837,27.9,0.7582278847694397,27.022034861147404,56,142.85724868587627,JUMPING,False,,0.43386892721606596,,,32.55603697990837,12.951869265747069,4.317289755249023,247.33982849121094,216.83325958251953,161.54664611816406,128.15535736083984,True
838,27.933333333333334,0.7833023071289062,27.369719929993153,56,142.85724868587627,JUMPING,False,,0.43386892721606596,,,32.55603697990837,13.027915406799314,4.342638468933105,246.15541076660156,213.95423889160156,160.91769409179688,126.19759750366211,True
839,27.966666666666665,0.8541727066040039,27.162312995642424,56,142.85724868587627,JUMPING,False,,0.43386892721606596,,,32.55603697990837,12.951869265747069,4.317289755249023,246.15541076660156,213.36981201171875,160.91769409179688,126.45658874511719,True
840,28.0,0.7646423578262329,26.631176006048918,56,142.85724868587627,JUMPING,False,,0.43386892721606596,,,32.55603697990837,12.951869265747069,4.317289755249023,246.15541076660156,218.69561004638672,160.91769409179688,130.0377426147461,True
841,28.033333333333335,0.8168109655380249,27.100414037704468,56,142.85724868587627,JUMPING,False,,0.43386892721606596,,,32.55603697990837,12.951869265747069,4.317289755249023,246.15541076660156,224.9315948486328,160.91769409179688,137.9862289428711,True
842,28.066666666666666,0.8427541851997375,26.974587235599756,57,140.62487872444308,JUMPING,True,0.3999999999999986,0.42641776322853114,32.78559875488281,34.720096588134766,32.613427423651984,12.951869265747069,4.317289755249023,246.15541076660156,233.82042694091797,160.91769409179688,145.70266723632812,False
843,28.1,0.8316212296485901,26.691142935305834,57,140.62487872444308,JUMPING,False,,0.42641776322853114,,,32.613427423651984,11.414699598278194,2.903734176635742,246.15541076660156,245.47879028320312,160.91769409179688,157.0588607788086,False
844,28.133333333333333,0.8282986879348755,27.07780711352825,57,140.62487872444308,JUMPING,False,,0.42641776322853114,,,32.613427423651984,12.951869265747069,4.317289755249023,247.8336944580078,248.7845687866211,160.91769409179688,159.45674896240234,False
845,28.166666666666668,0.8217154741287231,26.674737222492695,57,140.62487872444308,JUMPING,False,,0.42641776322853114,,,32.613427423651984,11.414699598278194,3.524432666015625,248.85235595703125,251.47144317626953,161.19456481933594,161.2206573486328,False
846,28.2,0.7953746318817139,26.582878082990646,57,140.62487872444308,JUMPING,False,,0.42641776322853114,,,32.613427423651984,12.577950288391111,4.192650096130371,249.01544189453125,252.70654296875,161.54873657226562,161.76744842529297,False
847,28.233333333333334,0.8134675025939941,27.60861301794648,57,140.62487872444308,JUMPING,False,,0.42641776322853114,,,32.613427423651984,11.414699598278194,3.6919309936523437,249.01544189453125,242.6242446899414,161.54873657226562,156.26068878173828,False
848,28.266666666666666,0.8265982866287231,26.827193796634674,57,140.62487872444308,JUMPING,False,,0.42641776322853114,,,32.613427423651984,11.414699598278194,3.6919309936523437,249.01544189453125,233.24602508544922,161.54873657226562,146.9197998046875,True
849,28.3,0.8354946374893188,26.90537739545107,57,140.62487872444308,JUMPING,False,,0.42641776322853114,,,32.613427423651984,13.028458351135253,4.342819450378418,249.01544189453125,225.4638214111328,161.54873657226562,138.91436004638672,True
850,28.333333333333332,0.7992058396339417,26.750681921839714,57,140.62487872444308,JUMPING,False,,0.42641776322853114,,,32.613427423651984,11.414699598278194,3.6919309936523437,248.85235595703125,220.83661651611328,161.19456481933594,132.08445739746094,True
851,28.366666666666667,0.8138442635536194,26.670286897569895,57,140.62487872444308,JUMPING,False,,0.42641776322853114,,,32.613427423651984,14.470416705322265,4.823472235107421,248.85235595703125,217.6416778564453,160.91769409179688,128.74328231811523,True
852,28.4,0.7676653861999512,26.928046252578497,57,140.62487872444308,JUMPING,False,,0.42641776322853114,,,32.613427423651984,14.470416705322265,4.823472235107421,248.85235595703125,216.74785614013672,160.91769409179688,127.13003921508789,True
853,28.433333333333334,0.7933093905448914,26.996256783604622,57,140.62487872444308,JUMPING,False,,0.42641776322853114,,,32.613427423651984,14.470416705322265,4.823472235107421,248.85235595703125,217.5020294189453,160.91769409179688,130.54332733154297,True
854,28.466666666666665,0.755943775177002,26.67133416980505,57,140.62487872444308,JUMPING,False,,0.42641776322853114,,,32.613427423651984,14.470416705322265,4.823472235107421,248.85235595703125,224.06039428710938,160.91769409179688,136.9428939819336,True
855,28.5,0.774301290512085,26.84977324679494,58,138.46157528240573,JUMPING,True,0.43333333333333357,0.4279391886515877,32.10449981689453,33.787654876708984,32.48619552196262,14.470416705322265,4.823472235107421,248.85235595703125,234.7166976928711,160.91769409179688,147.94778442382812,False
856,28.533333333333335,0.7954257726669312,27.573517058044672,58,138.46157528240573,JUMPING,False,,0.4279391886515877,,,32.48619552196262,11.370168432686917,3.6919309936523437,248.85235595703125,246.19203186035156,160.91769409179688,158.72818756103516,False
857,28.566666666666666,0.7831488251686096,26.781987864524126,58,138.46157528240573,JUMPING,False,,0.4279391886515877,,,32.48619552196262,14.470416705322265,4.823472235107421,250.14727783203125,253.58860778808594,161.19456481933594,166.22736358642578,False
858,28.6,0.7829750776290894,26.869903784245253,58,138.46157528240573,JUMPING,False,,0.4279391886515877,,,32.48619552196262,15.205970544433594,5.068656848144531,251.27503967285156,253.39934539794922,161.54873657226562,166.14492797851562,False
859,28.633333333333333,0.813373863697052,26.646786369383335,58,138.46157528240573,JUMPING,False,,0.4279391886515877,,,32.48619552196262,14.487621253967285,4.829207084655762,251.27503967285156,249.67545318603516,162.51620483398438,163.01537322998047,False
860,28.666666666666668,0.8014669418334961,30.21486708894372,58,138.46157528240573,JUMPING,False,,0.4279391886515877,,,32.48619552196262,14.487621253967285,4.829207084655762,251.27503967285156,240.7086410522461,162.51620483398438,154.9414520263672,False
861,28.7,0.8218944668769836,27.55436673760414,58,138.46157528240573,JUMPING,False,,0.4279391886515877,,,32.48619552196262,14.487621253967285,4.829207084655762,251.27503967285156,230.26780700683594,162.51620483398438,144.50064849853516,True
862,28.733333333333334,0.8658853769302368,27.114348020404577,58,138.46157528240573,JUMPING,False,,0.4279391886515877,,,32.48619552196262,14.487621253967285,4.829207084655762,251.27503967285156,221.02201080322266,162.51620483398438,135.85771942138672,True
863,28.766666666666666,0.7941268086433411,27.68649999052286,58,138.46157528240573,JUMPING,False,,0.4279391886515877,,,32.48619552196262,14.535705761718749,4.8452352539062495,251.27503967285156,212.9103546142578,162.51620483398438,129.5456314086914,True
864,28.8,0.7037960886955261,26.953019201755524,58,138.46157528240573,JUMPING,False,,0.4279391886515877,,,32.48619552196262,13.124797036743164,4.374932345581055,251.27503967285156,208.9925079345703,161.54873657226562,126.18943405151367,True
865,28.833333333333332,0.7404961585998535,26.751646772027016,58,138.46157528240573,JUMPING,False,,0.4279391886515877,,,32.48619552196262,11.370168432686917,3.255584729003906,251.27503967285156,209.0307159423828,161.19456481933594,126.37001419067383,True
866,28.866666666666667,0.775917112827301,26.891659945249557,58,138.46157528240573,JUMPING,False,,0.4279391886515877,,,32.48619552196262,11.370168432686917,3.255584729003906,251.27503967285156,214.58367919921875,161.19456481933594,130.6105499267578,True
867,28.9,0.7865183353424072,26.708186138421297,58,138.46157528240573,JUMPING,False,,0.4279391886515877,,,32.48619552196262,11.370168432686917,3.255584729003906,251.27503967285156,224.69979858398438,161.19456481933594,139.660888671875,True
868,28.933333333333334,0.8031354546546936,26.93066280335188,58,138.46157528240573,JUMPING,False,,0.4279391886515877,,,32.48619552196262,11.370168432686917,3.255584729003906,251.27503967285156,237.37359619140625,161.19456481933594,150.56485748291016,True
869,28.966666666666665,0.8289008736610413,26.430764235556126,59,136.36359092126736,JUMPING,True,0.466666666666665,0.4364592338149047,42.28253173828125,35.005130767822266,34.93527957604228,11.370168432686917,3.242192102050781,251.27503967285156,250.57707977294922,161.19456481933594,160.8524398803711,False
870,29.0,0.7709433436393738,26.856711599975824,59,136.36359092126736,JUMPING,False,,0.4364592338149047,,,34.93527957604228,12.227347851614796,3.255584729003906,252.21249389648438,257.96519470214844,161.54873657226562,166.37476348876953,False
871,29.033333333333335,0.6988257169723511,26.89338894560933,59,136.36359092126736,JUMPING,False,,0.4364592338149047,,,34.93527957604228,12.227347851614796,3.3626013198852536,252.97755432128906,256.4487991333008,162.51620483398438,165.40794372558594,False
872,29.066666666666666,0.7712215185165405,27.237500995397568,59,136.36359092126736,JUMPING,False,,0.4364592338149047,,,34.93527957604228,12.227347851614796,3.5481412353515625,252.97755432128906,248.58724975585938,162.51620483398438,161.3288345336914,False
873,29.1,0.7651633024215698,26.671695988625288,59,136.36359092126736,JUMPING,False,,0.4364592338149047,,,34.93527957604228,12.227347851614796,3.5481412353515625,252.97755432128906,236.6048812866211,162.51620483398438,151.68599700927734,True
874,29.133333333333333,0.8359896540641785,26.926521211862564,59,136.36359092126736,JUMPING,False,,0.4364592338149047,,,34.93527957604228,12.227347851614796,3.5481412353515625,252.97755432128906,226.4144287109375,162.51620483398438,141.82675170898438,True
875,29.166666666666668,0.87632817029953,27.02975505962968,59,136.36359092126736,JUMPING,False,,0.4364592338149047,,,34.93527957604228,12.227347851614796,3.5481412353515625,252.97755432128906,220.44693756103516,162.51620483398438,133.8257598876953,True
876,29.2,0.7892209887504578,26.91908972337842,59,136.36359092126736,JUMPING,False,,0.4364592338149047,,,34.93527957604228,12.227347851614796,3.567212155151367,252.97755432128906,216.16539001464844,162.51620483398438,127.90159225463867,True
877,29.233333333333334,0.7782368063926697,26.82166127488017,59,136.36359092126736,JUMPING,False,,0.4364592338149047,,,34.93527957604228,12.552873046875,4.184291015625,252.21249389648438,213.60438537597656,162.51620483398438,125.71782302856445,True
878,29.266666666666666,0.7709097862243652,26.77009580656886,59,136.36359092126736,JUMPING,False,,0.4364592338149047,,,34.93527957604228,12.227347851614796,3.567212155151367,252.21249389648438,214.59111785888672,162.51620483398438,126.24741744995117,True
879,29.3,0.7889214754104614,26.69451292604208,59,136.36359092126736,JUMPING,False,,0.4364592338149047,,,34.93527957604228,12.227347851614796,3.567212155151367,252.21249389648438,221.54515075683594,162.51620483398438,131.4457130432129,True
880,29.333333333333332,0.740045964717865,26.706397999078035,59,136.36359092126736,JUMPING,False,,0.4364592338149047,,,34.93527957604228,12.227347851614796,3.567212155151367,252.21249389648438,229.76702117919922,162.51620483398438,140.0895233154297,True
881,29.366666666666667,0.8516809940338135,27.486402075737715,60,140.6250064173949,JUMPING,True,0.40000000000000213,0.42843820237562613,38.60810852050781,36.79838180541992,35.853486812158664,12.227347851614796,3.567212155151367,252.21249389648438,240.80435180664062,162.51620483398438,149.89774322509766,False
882,29.4,0.8364440202713013,26.692315004765987,60,140.6250064173949,JUMPING,False,,0.42843820237562613,,,35.853486812158664,12.548720384255532,3.157130822753906,252.21249389648438,248.46001434326172,162.51620483398438,156.9691619873047,False
883,29.433333333333334,0.8006222248077393,26.727558579295874,60,140.6250064173949,JUMPING,False,,0.42843820237562613,,,35.853486812158664,12.548720384255532,3.1479460144042966,252.21249389648438,249.7909164428711,162.51620483398438,159.45487213134766,False
884,29.466666666666665,0.8595349788665771,26.767902076244354,60,140.6250064173949,JUMPING,False,,0.42843820237562613,,,35.853486812158664,12.548720384255532,2.4915263122558593,252.21249389648438,249.44866943359375,162.51620483398438,160.70639038085938,False
885,29.5,0.844882071018219,26.551613118499517,60,140.6250064173949,JUMPING,False,,0.42843820237562613,,,35.853486812158664,12.548720384255532,2.4915263122558593,252.21249389648438,242.06472778320312,162.51620483398438,154.6250228881836,False
886,29.533333333333335,0.8092010021209717,27.507395949214697,60,140.6250064173949,JUMPING,False,,0.42843820237562613,,,35.853486812158664,12.548720384255532,2.4915263122558593,252.21249389648438,229.72635650634766,162.51620483398438,144.54549407958984,True
887,29.566666666666666,0.8087390661239624,28.59173621982336,60,140.6250064173949,JUMPING,False,,0.42843820237562613,,,35.853486812158664,12.548720384255532,2.4915263122558593,252.21249389648438,222.22750091552734,162.51620483398438,134.89739227294922,True
888,29.6,0.7899172306060791,29.320106841623783,60,140.6250064173949,JUMPING,False,,0.42843820237562613,,,35.853486812158664,12.548720384255532,2.4616643737792967,252.21249389648438,218.03370666503906,162.51620483398438,128.9784812927246,True
889,29.633333333333333,0.7963681221008301,27.00339863076806,60,140.6250064173949,JUMPING,False,,0.42843820237562613,,,35.853486812158664,12.548720384255532,3.1387612060546872,252.21249389648438,216.2320785522461,162.51620483398438,126.28275680541992,True
890,29.666666666666668,0.808442234992981,27.970421127974987,60,140.6250064173949,JUMPING,False,,0.42843820237562613,,,35.853486812158664,12.548720384255532,3.1479460144042966,251.85475158691406,216.83167266845703,162.51620483398438,125.16032028198242,True
891,29.7,0.763793408870697,26.93996485322714,60,140.6250064173949,JUMPING,False,,0.42843820237562613,,,35.853486812158664,15.49352743835449,5.164509146118164,250.2626190185547,221.15623474121094,162.34075927734375,129.24063110351562,True
892,29.733333333333334,0.7742810845375061,27.29257522150874,60,140.6250064173949,JUMPING,False,,0.42843820237562613,,,35.853486812158664,12.548720384255532,3.5688522994995115,250.2626190185547,227.6666717529297,162.34075927734375,135.9093017578125,True
893,29.766666666666666,0.7873002290725708,27.25255535915494,61,142.85711690682604,JUMPING,True,0.3999999999999986,0.4221817978529881,34.030540466308594,37.18043899536133,35.39775022569614,12.548720384255532,3.5688522994995115,250.2626190185547,238.63658142089844,162.34075927734375,147.13153839111328,False
894,29.8,0.8186326622962952,27.744067832827568,61,142.85711690682604,JUMPING,False,,0.4221817978529881,,,35.39775022569614,12.38921257899365,3.6072316772460935,250.2626190185547,247.24240112304688,162.34075927734375,156.2135467529297,False
895,29.833333333333332,0.6923215389251709,27.116381097584963,61,142.85711690682604,JUMPING,False,,0.4221817978529881,,,35.39775022569614,12.38921257899365,2.269575192260742,251.0238800048828,251.3217315673828,162.34075927734375,161.24323272705078,False
896,29.866666666666667,0.7571619749069214,27.517252136021852,61,142.85711690682604,JUMPING,False,,0.4221817978529881,,,35.39775022569614,12.38921257899365,3.02400765838623,251.0238800048828,243.50443267822266,162.34075927734375,160.29793548583984,False
897,29.9,0.7641833424568176,26.76697773858905,61,142.85711690682604,JUMPING,False,,0.4221817978529881,,,35.39775022569614,12.38921257899365,3.02400765838623,251.0238800048828,242.12029266357422,162.34075927734375,155.6297836303711,False
898,29.933333333333334,0.7777023315429688,27.56196493282914,61,142.85711690682604,JUMPING,False,,0.4221817978529881,,,35.39775022569614,12.38921257899365,3.02400765838623,251.0238800048828,237.63800811767578,162.34075927734375,150.68748474121094,True
899,29.966666666666665,0.7633289098739624,27.248612139374018,61,142.85711690682604,JUMPING,False,,0.4221817978529881,,,35.39775022569614,12.38921257899365,3.02400765838623,251.0238800048828,227.4602508544922,162.34075927734375,140.67433166503906,True
900,30.0,0.8451841473579407,27.093139942735434,61,142.85711690682604,JUMPING,False,,0.4221817978529881,,,35.39775022569614,12.38921257899365,3.02400765838623,251.0238800048828,221.99322509765625,162.34075927734375,132.69467163085938,True
901,30.033333333333335,0.7996461987495422,26.81144420057535,61,142.85711690682604,JUMPING,False,,0.4221817978529881,,,35.39775022569614,12.38921257899365,2.269575192260742,251.0238800048828,217.91805267333984,162.34075927734375,127.11143112182617,True
902,30.066666666666666,0.7781813144683838,26.793524157255888,61,142.85711690682604,JUMPING,False,,0.4221817978529881,,,35.39775022569614,12.38921257899365,3.02400765838623,250.2626190185547,215.0448226928711,161.29458618164062,125.15911483764648,True
903,30.1,0.7994662523269653,26.84808662161231,61,142.85711690682604,JUMPING,False,,0.4221817978529881,,,35.39775022569614,12.38921257899365,2.777001919555664,249.74473571777344,215.41547393798828,161.0869140625,126.07911682128906,True
904,30.133333333333333,0.763026237487793,26.66440373286605,61,142.85711690682604,JUMPING,False,,0.4221817978529881,,,35.39775022569614,12.38921257899365,3.02400765838623,249.65402221679688,219.96633911132812,160.7940216064453,130.76433944702148,True
905,30.166666666666668,0.8173906803131104,27.025992050766945,61,142.85711690682604,JUMPING,False,,0.4221817978529881,,,35.39775022569614,12.38921257899365,3.02400765838623,249.65402221679688,228.48477172851562,160.7940216064453,140.43941497802734,True
906,30.2,0.810734748840332,27.056219056248665,62,140.6250064173949,JUMPING,True,0.43333333333333357,0.4246351356586641,34.60919952392578,35.63490676879883,35.20061255025355,12.38921257899365,3.02400765838623,249.65402221679688,240.61725616455078,160.7940216064453,151.82447814941406,False
907,30.233333333333334,0.7793009281158447,27.314426843076944,62,140.6250064173949,JUMPING,False,,0.4246351356586641,,,35.20061255025355,12.320214392588742,3.2710133972167967,250.2626190185547,252.8116455078125,161.0869140625,161.51909637451172,False
908,30.266666666666666,0.7706960439682007,26.964795775711536,62,140.6250064173949,JUMPING,False,,0.4246351356586641,,,35.20061255025355,12.320214392588742,3.225858526611328,251.0238800048828,256.65006256103516,161.29458618164062,165.7912826538086,False
909,30.3,0.7924127578735352,27.055048383772373,62,140.6250064173949,JUMPING,False,,0.4246351356586641,,,35.20061255025355,12.320214392588742,3.1387612060546872,251.82630920410156,252.16268920898438,161.4429931640625,164.49098205566406,False
910,30.333333333333332,0.7879539728164673,26.551897637546062,62,140.6250064173949,JUMPING,False,,0.4246351356586641,,,35.20061255025355,12.320214392588742,3.1387612060546872,251.82630920410156,246.9566879272461,161.4429931640625,160.0520477294922,False
911,30.366666666666667,0.8211730122566223,26.949191000312567,62,140.6250064173949,JUMPING,False,,0.4246351356586641,,,35.20061255025355,12.320214392588742,3.1387612060546872,251.82630920410156,237.82273864746094,161.4429931640625,150.28050994873047,True
912,30.4,0.8211016058921814,26.713133323937654,62,140.6250064173949,JUMPING,False,,0.4246351356586641,,,35.20061255025355,12.320214392588742,3.1387612060546872,251.82630920410156,228.77731323242188,161.4429931640625,140.498291015625,True
913,30.433333333333334,0.8215821981430054,26.54072130098939,62,140.6250064173949,JUMPING,False,,0.4246351356586641,,,35.20061255025355,12.320214392588742,3.1387612060546872,251.82630920410156,221.8204345703125,161.4429931640625,132.39476776123047,True
914,30.466666666666665,0.8062149286270142,26.523669250309467,62,140.6250064173949,JUMPING,False,,0.4246351356586641,,,35.20061255025355,12.320214392588742,3.225858526611328,251.82630920410156,216.3188705444336,161.4429931640625,127.17853927612305,True
915,30.5,0.7560465931892395,26.621981989592314,62,140.6250064173949,JUMPING,False,,0.4246351356586641,,,35.20061255025355,12.320214392588742,3.6474095581054686,250.70941162109375,214.99560546875,161.29458618164062,126.14771270751953,True
916,30.533333333333335,0.784156858921051,26.705981232225895,62,140.6250064173949,JUMPING,False,,0.4246351356586641,,,35.20061255025355,12.320214392588742,4.054142733764648,249.65402221679688,216.1844711303711,161.0284881591797,127.88885116577148,True
917,30.566666666666666,0.7880215048789978,26.5188361518085,62,140.6250064173949,JUMPING,False,,0.4246351356586641,,,35.20061255025355,12.399864546203613,4.133288182067871,249.65402221679688,221.4103546142578,160.5430145263672,133.0500717163086,True
918,30.6,0.7931997776031494,26.5284376218915,62,140.6250064173949,JUMPING,False,,0.4246351356586641,,,35.20061255025355,12.399864546203613,4.133288182067871,249.65402221679688,230.40260314941406,160.5430145263672,142.63030242919922,True
919,30.633333333333333,0.8252168893814087,27.168712113052607,63,140.6250064173949,JUMPING,True,0.43333333333333357,0.4265487391470914,34.658416748046875,34.395301818847656,35.06506359970189,16.468723333740233,5.489574444580078,249.65402221679688,242.5966033935547,160.5430145263672,153.1632080078125,False
920,30.666666666666668,0.8239452242851257,28.55020808055997,63,140.6250064173949,JUMPING,False,,0.4265487391470914,,,35.06506359970189,12.27277225989566,3.7784401245117185,250.70941162109375,254.6469268798828,161.0284881591797,162.45144653320312,False
921,30.7,0.8145772814750671,27.46425522491336,63,140.6250064173949,JUMPING,False,,0.4265487391470914,,,35.06506359970189,12.728311935424806,4.242770645141602,251.82630920410156,259.8035125732422,161.40875244140625,166.13312530517578,False
922,30.733333333333334,0.7825767993927002,27.120964135974646,63,140.6250064173949,JUMPING,False,,0.4265487391470914,,,35.06506359970189,13.759057823181152,4.586352607727051,252.55206298828125,256.1596450805664,162.07850646972656,165.4896011352539,False
923,30.766666666666666,0.7944152355194092,26.733991224318743,63,140.6250064173949,JUMPING,False,,0.4265487391470914,,,35.06506359970189,14.789803710937498,4.9299345703125,252.55206298828125,247.1843490600586,162.07850646972656,160.07967376708984,False
924,30.8,0.791098952293396,26.844666805118322,63,140.6250064173949,JUMPING,False,,0.4265487391470914,,,35.06506359970189,14.789803710937498,4.9299345703125,252.55206298828125,237.7932357788086,162.07850646972656,152.911865234375,False
925,30.833333333333332,0.8183282017707825,27.36611571162939,63,140.6250064173949,JUMPING,False,,0.4265487391470914,,,35.06506359970189,14.789803710937498,4.9299345703125,252.55206298828125,232.310791015625,162.07850646972656,146.7038116455078,True
926,30.866666666666667,0.8342934250831604,26.957842987030745,63,140.6250064173949,JUMPING,False,,0.4265487391470914,,,35.06506359970189,14.789803710937498,4.9299345703125,252.55206298828125,223.3909912109375,162.07850646972656,136.2437744140625,True
927,30.9,0.8166816234588623,26.589186396449804,63,140.6250064173949,JUMPING,False,,0.4265487391470914,,,35.06506359970189,16.283681117248534,5.427893705749511,252.55206298828125,219.27159118652344,162.07850646972656,128.9855842590332,True
928,30.933333333333334,0.7809333801269531,26.875668205320835,63,140.6250064173949,JUMPING,False,,0.4265487391470914,,,35.06506359970189,17.77762639160156,5.925875463867187,252.55206298828125,216.72954559326172,162.07850646972656,127.45988464355469,True
929,30.966666666666665,0.7863073348999023,26.805033907294273,63,140.6250064173949,JUMPING,False,,0.4265487391470914,,,35.06506359970189,17.425051913452148,5.808350637817383,252.55206298828125,217.0291290283203,162.07850646972656,128.78979110717773,True
930,31.0,0.7970101833343506,26.696679182350636,63,140.6250064173949,JUMPING,False,,0.4265487391470914,,,35.06506359970189,17.425051913452148,5.808350637817383,252.55206298828125,222.1811752319336,162.07850646972656,134.1483612060547,True
931,31.033333333333335,0.7949161529541016,27.474484406411648,63,140.6250064173949,JUMPING,False,,0.4265487391470914,,,35.06506359970189,17.425051913452148,5.808350637817383,252.55206298828125,229.21111297607422,162.07850646972656,142.38369750976562,True
932,31.066666666666666,0.8085840940475464,26.747081894427538,64,142.85711690682604,JUMPING,True,0.43333333333333357,0.4280413498680647,35.82251739501953,34.618621826171875,35.2544270485313,17.425051913452148,5.808350637817383,252.55206298828125,239.05030059814453,162.07850646972656,151.13182830810547,False
933,31.1,0.8409578800201416,26.776807848364115,64,142.85711690682604,JUMPING,False,,0.4280413498680647,,,35.2544270485313,17.425051913452148,5.808350637817383,252.55206298828125,244.34676361083984,162.07850646972656,155.75692749023438,False
934,31.133333333333333,0.8199222087860107,27.52385614439845,64,142.85711690682604,JUMPING,False,,0.4280413498680647,,,35.2544270485313,17.77762639160156,5.925875463867187,252.55206298828125,249.98876190185547,162.07850646972656,161.4198455810547,False
935,31.166666666666668,0.8209584951400757,27.09658769890666,64,142.85711690682604,JUMPING,False,,0.4280413498680647,,,35.2544270485313,17.483893505859374,5.827964501953125,252.55206298828125,248.29782104492188,162.07850646972656,161.39486694335938,False
936,31.2,0.8948233127593994,26.78654994815588,64,142.85711690682604,JUMPING,False,,0.4280413498680647,,,35.2544270485313,17.483893505859374,5.827964501953125,252.55206298828125,243.82843017578125,162.07850646972656,157.23387908935547,False
937,31.233333333333334,0.8090145587921143,26.660099159926176,64,142.85711690682604,JUMPING,False,,0.4280413498680647,,,35.2544270485313,17.483893505859374,5.827964501953125,252.55206298828125,237.87271118164062,162.07850646972656,152.1261978149414,False
938,31.266666666666666,0.8544549942016602,26.70367993414402,64,142.85711690682604,JUMPING,False,,0.4280413498680647,,,35.2544270485313,17.483893505859374,5.827964501953125,252.55206298828125,227.0368194580078,162.07850646972656,142.27840423583984,True
939,31.3,0.843784749507904,26.570491958409548,64,142.85711690682604,JUMPING,False,,0.4280413498680647,,,35.2544270485313,17.190160620117187,5.730053540039062,252.55206298828125,220.0431137084961,162.07850646972656,133.77978515625,True
940,31.333333333333332,0.8089269995689392,26.575752068310976,64,142.85711690682604,JUMPING,False,,0.4280413498680647,,,35.2544270485313,17.425051913452148,5.808350637817383,252.55206298828125,215.7590789794922,162.07850646972656,128.72584533691406,True
941,31.366666666666667,0.8133062124252319,26.770482771098614,64,142.85711690682604,JUMPING,False,,0.4280413498680647,,,35.2544270485313,17.425051913452148,5.808350637817383,252.55206298828125,215.6165313720703,162.07850646972656,127.9776382446289,True
942,31.4,0.8570276498794556,27.21539093181491,64,142.85711690682604,JUMPING,False,,0.4280413498680647,,,35.2544270485313,17.425051913452148,5.808350637817383,252.55206298828125,218.84456634521484,162.07850646972656,132.22684478759766,True
943,31.433333333333334,0.8325059413909912,27.40647131577134,64,142.85711690682604,JUMPING,False,,0.4280413498680647,,,35.2544270485313,17.425051913452148,5.808350637817383,252.55206298828125,223.65229034423828,162.07850646972656,137.7735824584961,True
944,31.466666666666665,0.859802782535553,26.684999000281096,64,142.85711690682604,JUMPING,False,,0.4280413498680647,,,35.2544270485313,17.425051913452148,5.808350637817383,252.55206298828125,231.32881927490234,162.07850646972656,147.07308197021484,True
945,31.5,0.8125561475753784,30.301752034574747,65,140.6250064173949,JUMPING,True,0.43333333333333357,0.4292055862304239,36.93553161621094,34.100868225097656,35.67470319045121,17.425051913452148,5.808350637817383,252.55206298828125,240.61798858642578,162.07850646972656,156.4726791381836,False
946,31.533333333333335,0.8088114857673645,30.891448259353638,65,140.6250064173949,JUMPING,False,,0.4292055862304239,,,35.67470319045121,17.190160620117187,5.730053540039062,252.55206298828125,248.40511322021484,163.09266662597656,163.52015686035156,False
947,31.566666666666666,0.8076686263084412,27.20439387485385,65,140.6250064173949,JUMPING,False,,0.4292055862304239,,,35.67470319045121,14.119776466369627,4.706592155456542,252.55206298828125,249.5320587158203,163.53927612304688,163.55201721191406,False
948,31.6,0.8261683583259583,26.61650301888585,65,140.6250064173949,JUMPING,False,,0.4292055862304239,,,35.67470319045121,14.119776466369627,4.706592155456542,252.55206298828125,240.9756088256836,163.53927612304688,156.29631805419922,False
949,31.633333333333333,0.8114194273948669,26.623724028468132,65,140.6250064173949,JUMPING,False,,0.4292055862304239,,,35.67470319045121,14.119776466369627,4.706592155456542,252.55206298828125,231.62305450439453,163.53927612304688,146.88707733154297,True
950,31.666666666666668,0.8429704904556274,26.794198900461197,65,140.6250064173949,JUMPING,False,,0.4292055862304239,,,35.67470319045121,14.119776466369627,4.706592155456542,252.55206298828125,224.38658905029297,163.53927612304688,139.2959976196289,True
951,31.7,0.7973376512527466,30.285093002021313,65,140.6250064173949,JUMPING,False,,0.4292055862304239,,,35.67470319045121,14.119776466369627,4.706592155456542,252.55206298828125,221.14844512939453,163.53927612304688,133.71521759033203,True
952,31.733333333333334,0.7999439239501953,30.74557613581419,65,140.6250064173949,JUMPING,False,,0.4292055862304239,,,35.67470319045121,12.486146116657924,3.9001727691650387,251.29312133789062,217.98235321044922,163.53927612304688,130.07080841064453,True
953,31.766666666666666,0.7916429042816162,30.75255360454321,65,140.6250064173949,JUMPING,False,,0.4292055862304239,,,35.67470319045121,16.712912548828125,5.570970849609375,249.80609130859375,216.79312896728516,163.09266662597656,128.26255416870117,True
954,31.8,0.803331732749939,26.930893771350384,65,140.6250064173949,JUMPING,False,,0.4292055862304239,,,35.67470319045121,12.547239999389646,4.182413333129882,249.08128356933594,218.99958038330078,162.03880310058594,131.99859619140625,True
955,31.833333333333332,0.8392447829246521,27.832457330077887,65,140.6250064173949,JUMPING,False,,0.4292055862304239,,,35.67470319045121,18.050727392578125,6.016909130859375,249.08128356933594,226.70125579833984,162.03880310058594,139.5244140625,True
956,31.866666666666667,0.8262909054756165,26.9217980094254,66,142.85711690682604,JUMPING,True,0.36666666666666714,0.41544702392639743,32.28815460205078,33.776248931884766,34.8280660433511,18.050727392578125,6.016909130859375,249.08128356933594,239.28599548339844,162.03880310058594,151.42403411865234,False
957,31.9,0.8383631110191345,26.693942956626415,66,142.85711690682604,JUMPING,False,,0.41544702392639743,,,34.8280660433511,14.246452166748046,4.748817388916016,249.80609130859375,250.1217269897461,162.03880310058594,160.13201904296875,False
958,31.933333333333334,0.8051611185073853,31.907235737890005,66,142.85711690682604,JUMPING,False,,0.41544702392639743,,,34.8280660433511,17.917773898315428,5.972591299438476,250.06854248046875,253.56050872802734,163.09266662597656,163.87313842773438,False
959,31.966666666666665,0.8083236217498779,27.972436975687742,66,142.85711690682604,JUMPING,False,,0.41544702392639743,,,34.8280660433511,14.179941485595702,4.726647161865234,252.18499755859375,256.5731658935547,163.53927612304688,167.0446548461914,False
960,32.0,0.8056565523147583,27.85627730190754,66,142.85711690682604,JUMPING,False,,0.41544702392639743,,,34.8280660433511,12.47346743774414,4.157822479248047,252.18499755859375,249.3401336669922,163.53927612304688,163.0907974243164,False
961,32.03333333333333,0.8329959511756897,26.65799716487527,66,142.85711690682604,JUMPING,False,,0.41544702392639743,,,34.8280660433511,12.47346743774414,4.157822479248047,252.18499755859375,239.54364013671875,163.53927612304688,153.70304107666016,True
962,32.06666666666667,0.8453689813613892,27.24332781508565,66,142.85711690682604,JUMPING,False,,0.41544702392639743,,,34.8280660433511,12.47346743774414,4.157822479248047,252.18499755859375,230.65010833740234,163.53927612304688,146.0148162841797,True
963,32.1,0.847759485244751,26.59234870225191,66,142.85711690682604,JUMPING,False,,0.41544702392639743,,,34.8280660433511,12.47346743774414,4.157822479248047,252.18499755859375,224.75558471679688,163.53927612304688,140.1115951538086,True
964,32.13333333333333,0.848974883556366,26.596023701131344,66,142.85711690682604,JUMPING,False,,0.41544702392639743,,,34.8280660433511,12.47346743774414,4.157822479248047,252.18499755859375,221.3112564086914,163.53927612304688,136.15032958984375,True
965,32.166666666666664,0.820063054561615,26.742149144411087,66,142.85711690682604,JUMPING,False,,0.41544702392639743,,,34.8280660433511,12.189823115172885,3.480703024291992,250.06854248046875,217.85890197753906,163.53927612304688,131.72103881835938,True
966,32.2,0.7860510349273682,26.635087095201015,66,142.85711690682604,JUMPING,False,,0.41544702392639743,,,34.8280660433511,12.189823115172885,2.5130178588867187,249.80609130859375,218.95426177978516,163.34840393066406,131.84893798828125,True
967,32.233333333333334,0.8029818534851074,26.56950894743204,66,142.85711690682604,JUMPING,False,,0.41544702392639743,,,34.8280660433511,12.189823115172885,1.5453326934814453,249.45529174804688,222.66371154785156,162.4224090576172,135.09874725341797,True
968,32.266666666666666,0.7975196838378906,27.774210087954998,66,142.85711690682604,JUMPING,False,,0.41544702392639743,,,34.8280660433511,12.189823115172885,1.6080653869628905,249.45529174804688,229.2985076904297,162.4224090576172,141.47583770751953,True
969,32.3,0.800803005695343,26.611413806676865,66,142.85711690682604,JUMPING,False,,0.41544702392639743,,,34.8280660433511,12.189823115172885,1.6080653869628905,249.45529174804688,236.51577758789062,162.4224090576172,148.37242126464844,True
970,32.333333333333336,0.7969480752944946,26.584137696772814,67,140.62513411057864,JUMPING,True,0.46666666666666856,0.4267153453292571,31.596389770507812,30.701370239257812,34.02014697514028,12.189823115172885,1.6080653869628905,249.45529174804688,240.50645446777344,162.4224090576172,153.02825927734375,False
971,32.36666666666667,0.8381759524345398,26.581341866403818,67,140.62513411057864,JUMPING,False,,0.4267153453292571,,,34.02014697514028,11.907051441299096,1.5453326934814453,249.45529174804688,245.23686981201172,162.4224090576172,158.31480407714844,False
972,32.4,0.8187366724014282,26.660310104489326,67,140.62513411057864,JUMPING,False,,0.4267153453292571,,,34.02014697514028,11.907051441299096,1.3520671325683593,249.45529174804688,248.96875762939453,162.9735107421875,162.79757690429688,False
973,32.43333333333333,0.7821850776672363,26.523439213633537,67,140.62513411057864,JUMPING,False,,0.4267153453292571,,,34.02014697514028,11.907051441299096,1.3520671325683593,249.45529174804688,241.4999542236328,162.9735107421875,156.206787109375,False
974,32.46666666666667,0.7840018272399902,26.913997251540422,67,140.62513411057864,JUMPING,False,,0.4267153453292571,,,34.02014697514028,11.907051441299096,1.3520671325683593,249.45529174804688,233.4009780883789,162.9735107421875,148.23793029785156,True
975,32.5,0.8270516395568848,26.701583061367273,67,140.62513411057864,JUMPING,False,,0.4267153453292571,,,34.02014697514028,11.907051441299096,1.3520671325683593,249.45529174804688,227.136474609375,162.9735107421875,141.3957061767578,True
976,32.53333333333333,0.8237642049789429,26.767500210553408,67,140.62513411057864,JUMPING,False,,0.4267153453292571,,,34.02014697514028,11.907051441299096,1.3520671325683593,249.45529174804688,221.61933135986328,162.9735107421875,135.67285919189453,True
977,32.56666666666667,0.7831029891967773,27.208450715988874,67,140.62513411057864,JUMPING,False,,0.4267153453292571,,,34.02014697514028,11.907051441299096,1.3520671325683593,249.45529174804688,216.1485137939453,162.9735107421875,129.1000633239746,True
978,32.6,0.7836289405822754,26.596615090966225,67,140.62513411057864,JUMPING,False,,0.4267153453292571,,,34.02014697514028,11.907051441299096,1.3862500030517577,249.45529174804688,214.75879669189453,162.9735107421875,128.62457656860352,True
979,32.63333333333333,0.7943843007087708,26.620405726134777,67,140.62513411057864,JUMPING,False,,0.4267153453292571,,,34.02014697514028,11.907051441299096,1.3520671325683593,249.1915740966797,218.46675872802734,162.9735107421875,131.54796600341797,True
980,32.666666666666664,0.773162305355072,26.69848734512925,67,140.62513411057864,JUMPING,False,,0.4267153453292571,,,34.02014697514028,11.907051441299096,1.3862500030517577,249.1915740966797,223.74819946289062,162.9735107421875,137.7242431640625,True
981,32.7,0.7999434471130371,26.690858881920576,67,140.62513411057864,JUMPING,False,,0.4267153453292571,,,34.02014697514028,11.907051441299096,1.2725257873535156,249.1915740966797,233.34165954589844,162.9735107421875,145.25891876220703,True
982,32.733333333333334,0.8233687281608582,26.617492083460093,68,142.85711690682604,JUMPING,True,0.3999999999999986,0.4208379693568202,34.432777404785156,34.348934173583984,34.1233045825515,11.907051441299096,1.2725257873535156,249.1915740966797,240.31720733642578,162.9735107421875,151.60594940185547,False
983,32.766666666666666,0.7925047874450684,26.741976849734783,68,142.85711690682604,JUMPING,False,,0.4208379693568202,,,34.1233045825515,11.943156603893023,0.8742534942626953,249.45529174804688,249.58365631103516,162.9735107421875,160.79263305664062,False
984,32.8,0.8198367357254028,26.84448193758726,68,142.85711690682604,JUMPING,False,,0.4208379693568202,,,34.1233045825515,11.943156603893023,1.2912347442626952,249.56301879882812,252.0123748779297,163.30116271972656,163.44140625,False
985,32.833333333333336,0.8211681246757507,28.161137830466032,68,142.85711690682604,JUMPING,False,,0.4208379693568202,,,34.1233045825515,11.943156603893023,1.6707980804443359,249.56301879882812,246.1023941040039,163.30116271972656,158.61568450927734,False
986,32.86666666666667,0.8167210221290588,27.897126972675323,68,142.85711690682604,JUMPING,False,,0.4208379693568202,,,34.1233045825515,11.943156603893023,1.6707980804443359,249.56301879882812,235.9623260498047,163.30116271972656,150.6906280517578,True
987,32.9,0.8241068124771118,27.405623346567154,68,142.85711690682604,JUMPING,False,,0.4208379693568202,,,34.1233045825515,11.943156603893023,1.6707980804443359,249.56301879882812,230.82334899902344,163.30116271972656,144.80432891845703,True
988,32.93333333333333,0.822297990322113,27.10195817053318,68,142.85711690682604,JUMPING,False,,0.4208379693568202,,,34.1233045825515,11.943156603893023,1.6707980804443359,249.56301879882812,228.3662338256836,163.30116271972656,140.93482971191406,True
989,32.96666666666667,0.8075706362724304,27.306911069899797,68,142.85711690682604,JUMPING,False,,0.4208379693568202,,,34.1233045825515,11.943156603893023,1.6707980804443359,249.56301879882812,221.98333740234375,163.30116271972656,133.60457611083984,True
990,33.0,0.7637324333190918,27.84157218411565,68,142.85711690682604,JUMPING,False,,0.4208379693568202,,,34.1233045825515,11.943156603893023,1.6707980804443359,249.56301879882812,217.4164581298828,163.30116271972656,127.98814010620117,True
991,33.03333333333333,0.737267255783081,27.137406636029482,68,142.85711690682604,JUMPING,False,,0.4208379693568202,,,34.1233045825515,11.943156603893023,2.2562391220092772,249.56301879882812,217.1807403564453,162.9735107421875,126.42733764648438,True
992,33.06666666666667,0.7523220777511597,27.438361663371325,68,142.85711690682604,JUMPING,False,,0.4208379693568202,,,34.1233045825515,11.943156603893023,3.600829458618164,249.48623657226562,217.7701644897461,161.99559020996094,127.55366516113281,True
993,33.1,0.7554846405982971,27.23100734874606,68,142.85711690682604,JUMPING,False,,0.4208379693568202,,,34.1233045825515,11.943156603893023,3.600829458618164,249.48623657226562,221.14041900634766,161.99559020996094,132.00689697265625,True
994,33.13333333333333,0.7902153730392456,27.085980866104364,68,142.85711690682604,JUMPING,False,,0.4208379693568202,,,34.1233045825515,11.943156603893023,3.600829458618164,249.48623657226562,225.51715850830078,161.99559020996094,135.67376708984375,True
995,33.166666666666664,0.7792848348617554,26.83998318389058,68,142.85711690682604,JUMPING,False,,0.4208379693568202,,,34.1233045825515,11.943156603893023,3.600829458618164,249.48623657226562,233.45079803466797,161.99559020996094,142.5806884765625,True
996,33.2,0.7672182321548462,26.83486696332693,69,140.6250064173949,JUMPING,True,0.46666666666666856,0.43092028276498684,32.30549621582031,35.56825256347656,33.6688524908687,13.143223210144043,4.381074403381348,249.48623657226562,245.21167755126953,161.99559020996094,152.49916076660156,False
997,33.233333333333334,0.8184082508087158,27.72469073534012,69,140.6250064173949,JUMPING,False,,0.43092028276498684,,,33.6688524908687,12.200773645019531,4.066924548339844,249.906494140625,252.32675170898438,161.99559020996094,158.9225311279297,False
998,33.266666666666666,0.8444303870201111,27.021422050893307,69,140.6250064173949,JUMPING,False,,0.43092028276498684,,,33.6688524908687,11.784098371804046,3.4349938980102537,250.87835693359375,251.3827667236328,161.99559020996094,158.2098846435547,False
999,33.3,0.7858591079711914,26.600609067827463,69,140.6250064173949,JUMPING,False,,0.43092028276498684,,,33.6688524908687,11.784098371804046,3.4349938980102537,250.87835693359375,241.9945068359375,161.99559020996094,153.3155746459961,False
1000,33.333333333333336,0.8220818042755127,26.737838052213192,69,140.6250064173949,JUMPING,False,,0.43092028276498684,,,33.6688524908687,11.784098371804046,3.4349938980102537,250.87835693359375,234.9557647705078,161.99559020996094,146.67858123779297,True
1001,33.36666666666667,0.8118789196014404,27.219510171562433,69,140.6250064173949,JUMPING,False,,0.43092028276498684,,,33.6688524908687,11.784098371804046,3.4349938980102537,250.87835693359375,229.43225860595703,161.99559020996094,140.21027374267578,True
1002,33.4,0.8199660181999207,26.53081575408578,69,140.6250064173949,JUMPING,False,,0.43092028276498684,,,33.6688524908687,12.200773645019531,4.066924548339844,250.66311645507812,222.8677749633789,161.99559020996094,132.21386337280273,True
1003,33.43333333333333,0.8289286494255066,26.49880386888981,69,140.6250064173949,JUMPING,False,,0.43092028276498684,,,33.6688524908687,13.283879727172852,4.427959909057617,249.48623657226562,218.19837951660156,160.04458618164062,127.40436553955078,True
1004,33.46666666666667,0.8237984776496887,26.72249311581254,69,140.6250064173949,JUMPING,False,,0.43092028276498684,,,33.6688524908687,11.885594458007812,3.961864819335937,249.1915740966797,218.2278823852539,158.79978942871094,125.41469955444336,True
1005,33.5,0.7857083678245544,27.780870907008648,69,140.6250064173949,JUMPING,False,,0.43092028276498684,,,33.6688524908687,13.7239021774292,4.574634059143066,247.82220458984375,222.188232421875,158.49533081054688,128.42102813720703,True
1006,33.53333333333333,0.7982133626937866,27.571592014282942,69,140.6250064173949,JUMPING,False,,0.43092028276498684,,,33.6688524908687,13.7239021774292,4.574634059143066,247.82220458984375,229.30117797851562,158.49533081054688,134.1288070678711,True
1007,33.56666666666667,0.8425338864326477,27.195930015295744,70,145.16136596035605,JUMPING,True,0.36666666666666714,0.41678448722335654,29.623825073242188,33.080631256103516,32.65759563646208,13.7239021774292,4.574634059143066,247.82220458984375,236.7488021850586,158.49533081054688,141.10842895507812,False
1008,33.6,0.8510767221450806,27.6301559060812,70,145.16136596035605,JUMPING,False,,0.41678448722335654,,,32.65759563646208,15.483958044433592,5.161319348144531,247.82220458984375,245.50731658935547,158.49533081054688,150.59542083740234,False
1009,33.63333333333333,0.813152015209198,27.029753662645817,70,145.16136596035605,JUMPING,False,,0.41678448722335654,,,32.65759563646208,12.869104188537596,4.289701396179199,249.3376922607422,251.4675750732422,158.5179443359375,158.3713150024414,False
1010,33.666666666666664,0.8356097340583801,28.27077778056264,70,145.16136596035605,JUMPING,False,,0.41678448722335654,,,32.65759563646208,11.430158472761725,3.600829458618164,250.65438842773438,251.36822509765625,158.75779724121094,158.85252380371094,False
1011,33.7,0.8222405314445496,26.672940235584974,70,145.16136596035605,JUMPING,False,,0.41678448722335654,,,32.65759563646208,11.430158472761725,3.600829458618164,250.65438842773438,243.68921661376953,158.75779724121094,152.8973846435547,False
1012,33.733333333333334,0.8091481924057007,26.99569519609213,70,145.16136596035605,JUMPING,False,,0.41678448722335654,,,32.65759563646208,11.430158472761725,3.600829458618164,250.65438842773438,239.74187469482422,158.75779724121094,148.51292419433594,False
1013,33.766666666666666,0.808066725730896,26.787610724568367,70,145.16136596035605,JUMPING,False,,0.41678448722335654,,,32.65759563646208,11.430158472761725,3.600829458618164,250.65438842773438,230.88807678222656,158.75779724121094,139.10772705078125,True
1014,33.8,0.8226061463356018,26.78575413301587,70,145.16136596035605,JUMPING,False,,0.41678448722335654,,,32.65759563646208,11.430158472761725,3.600829458618164,250.65438842773438,222.18518829345703,158.75779724121094,131.58047103881836,True
1015,33.833333333333336,0.7603235244750977,27.389415074139833,70,145.16136596035605,JUMPING,False,,0.41678448722335654,,,32.65759563646208,11.430158472761725,3.600829458618164,250.65438842773438,219.53522491455078,158.75779724121094,126.18830490112305,True
1016,33.86666666666667,0.7642101645469666,27.74900011718273,70,145.16136596035605,JUMPING,False,,0.41678448722335654,,,32.65759563646208,11.430158472761725,2.2562391220092772,250.65438842773438,216.33721923828125,158.75779724121094,122.5093002319336,True
1017,33.9,0.7776621580123901,26.96928335353732,70,145.16136596035605,JUMPING,False,,0.41678448722335654,,,32.65759563646208,11.430158472761725,1.421111553955078,250.65438842773438,216.7553939819336,158.5179443359375,123.08612823486328,True
1018,33.93333333333333,0.7895375490188599,26.65024297311902,70,145.16136596035605,JUMPING,False,,0.41678448722335654,,,32.65759563646208,11.430158472761725,1.421111553955078,250.65438842773438,221.38616943359375,158.5179443359375,128.3821792602539,True
1019,33.96666666666667,0.7900940179824829,26.985276024788618,70,145.16136596035605,JUMPING,False,,0.41678448722335654,,,32.65759563646208,11.430158472761725,1.421111553955078,250.65438842773438,232.24567413330078,158.5179443359375,139.3538360595703,True
1020,34.0,0.8317709565162659,26.756548788398504,71,140.6250064173949,JUMPING,True,0.43333333333333,0.4204252333675507,34.317169189453125,36.008644104003906,33.07248902470984,11.430158472761725,2.510970506286621,250.65438842773438,245.45252227783203,158.5179443359375,151.59850311279297,False
1021,34.03333333333333,0.7982631921768188,26.48543007671833,71,140.6250064173949,JUMPING,False,,0.4204252333675507,,,33.07248902470984,13.842365844726562,4.614121948242187,251.376953125,258.9415588378906,158.75779724121094,162.64828491210938,False
1022,34.06666666666667,0.7869575023651123,26.783118955790997,71,140.6250064173949,JUMPING,False,,0.4204252333675507,,,33.07248902470984,23.42139702758789,7.807132342529297,251.43365478515625,265.6203155517578,158.89453125,167.91826629638672,False
1023,34.1,0.7879292964935303,30.063235200941563,71,140.6250064173949,JUMPING,False,,0.4204252333675507,,,33.07248902470984,24.777061166381834,8.259020388793944,251.79444885253906,264.9922332763672,160.04458618164062,167.35708618164062,False
1024,34.13333333333333,0.8032239675521851,30.586989130824804,71,140.6250064173949,JUMPING,False,,0.4204252333675507,,,33.07248902470984,24.344911052286626,8.710931057739257,252.2010040283203,261.4919738769531,161.90602111816406,164.2602081298828,False
1025,34.166666666666664,0.8084558248519897,29.60534067824483,71,140.6250064173949,JUMPING,False,,0.4204252333675507,,,33.07248902470984,23.775351198911668,7.954428616333008,252.61630249023438,252.80934143066406,161.90602111816406,155.59715270996094,False
1026,34.2,0.7996361255645752,33.16635871306062,71,140.6250064173949,JUMPING,False,,0.4204252333675507,,,33.07248902470984,23.863285848999023,7.954428616333008,252.61630249023438,235.08963012695312,161.90602111816406,140.4342269897461,False
1027,34.233333333333334,0.8335974216461182,26.885064784437418,71,140.6250064173949,JUMPING,False,,0.4204252333675507,,,33.07248902470984,23.863285848999023,7.954428616333008,252.61630249023438,224.47332000732422,161.90602111816406,132.0193862915039,True
1028,34.266666666666666,0.880034327507019,27.02991059049964,71,140.6250064173949,JUMPING,False,,0.4204252333675507,,,33.07248902470984,26.39822508544922,8.799408361816406,252.61630249023438,217.5364227294922,161.15797424316406,127.1154899597168,True
1029,34.3,0.7847716808319092,26.71353705227375,71,140.6250064173949,JUMPING,False,,0.4204252333675507,,,33.07248902470984,26.44328946533203,8.814429821777344,252.61630249023438,213.94872283935547,158.89453125,124.8718376159668,True
1030,34.333333333333336,0.7728106379508972,27.537311892956495,71,140.6250064173949,JUMPING,False,,0.4204252333675507,,,33.07248902470984,26.753785757446288,8.91792858581543,252.61630249023438,215.3765869140625,158.89453125,125.97070693969727,True
1031,34.36666666666667,0.7918688058853149,26.78696671500802,71,140.6250064173949,JUMPING,False,,0.4204252333675507,,,33.07248902470984,26.753785757446288,8.91792858581543,252.61630249023438,223.752685546875,158.89453125,132.13243865966797,True
1032,34.4,0.8040658831596375,27.35394425690174,72,145.16109383219663,JUMPING,True,0.3999999999999986,0.4159316820266893,38.667579650878906,34.0226936340332,34.4712616812521,26.753785757446288,8.91792858581543,252.61630249023438,235.7717742919922,158.89453125,142.1579360961914,False
1033,34.43333333333333,0.8133127689361572,26.7265560105443,72,145.16109383219663,JUMPING,False,,0.4159316820266893,,,34.4712616812521,26.121187470257283,8.814429821777344,252.61630249023438,249.2443618774414,158.89453125,153.34430694580078,False
1034,34.46666666666667,0.7990500926971436,27.30865776538849,72,145.16109383219663,JUMPING,False,,0.4159316820266893,,,34.4712616812521,15.856349990844727,5.285449996948242,256.4886474609375,261.346923828125,161.15797424316406,162.75798797607422,False
1035,34.5,0.8170504570007324,26.973858941346407,72,145.16109383219663,JUMPING,False,,0.4159316820266893,,,34.4712616812521,23.825986542105678,9.807113049316406,260.384765625,267.1719665527344,162.714111328125,165.31897735595703,False
1036,34.53333333333333,0.785137951374054,26.708200108259916,72,145.16109383219663,JUMPING,False,,0.4159316820266893,,,34.4712616812521,15.568521624755856,5.189507208251952,261.4339599609375,262.9037780761719,163.65931701660156,164.3172607421875,False
1037,34.56666666666667,0.7967737913131714,26.682791765779257,72,145.16109383219663,JUMPING,False,,0.4159316820266893,,,34.4712616812521,17.28789060058594,5.7626302001953125,261.4339599609375,252.68732452392578,163.65931701660156,159.1626205444336,False
1038,34.6,0.8231302499771118,26.817314326763153,72,145.16109383219663,JUMPING,False,,0.4159316820266893,,,34.4712616812521,17.28789060058594,5.7626302001953125,261.4339599609375,238.7553253173828,163.65931701660156,149.6194076538086,True
1039,34.63333333333333,0.834935188293457,27.187615633010864,72,145.16109383219663,JUMPING,False,,0.4159316820266893,,,34.4712616812521,17.28789060058594,5.7626302001953125,261.4339599609375,228.9306640625,163.65931701660156,140.44165802001953,True
1040,34.666666666666664,0.7637386918067932,26.73148876056075,72,145.16109383219663,JUMPING,False,,0.4159316820266893,,,34.4712616812521,17.28789060058594,5.7626302001953125,261.4339599609375,222.90444946289062,163.65931701660156,132.78394317626953,True
1041,34.7,0.7564710974693298,26.559606194496155,72,145.16109383219663,JUMPING,False,,0.4159316820266893,,,34.4712616812521,17.28789060058594,5.7626302001953125,261.4339599609375,217.97921752929688,163.65931701660156,127.65792465209961,True
1042,34.733333333333334,0.778456449508667,26.86202572658658,72,145.16109383219663,JUMPING,False,,0.4159316820266893,,,34.4712616812521,15.568521624755856,5.189507208251952,261.4339599609375,215.9965591430664,163.65931701660156,126.06152725219727,True
1043,34.766666666666666,0.768116295337677,26.57451806589961,72,145.16109383219663,JUMPING,False,,0.4159316820266893,,,34.4712616812521,15.568521624755856,5.189507208251952,261.4339599609375,218.67060089111328,163.65931701660156,127.66260147094727,True
1044,34.8,0.7814413905143738,26.741879992187023,72,145.16109383219663,JUMPING,False,,0.4159316820266893,,,34.4712616812521,15.568521624755856,5.189507208251952,261.4339599609375,226.455078125,163.65931701660156,134.35797882080078,True
1045,34.833333333333336,0.7951368689537048,27.198619209229946,72,145.16109383219663,JUMPING,False,,0.4159316820266893,,,34.4712616812521,15.568521624755856,5.189507208251952,261.4339599609375,236.4663543701172,163.65931701660156,143.46896362304688,True
1046,34.86666666666667,0.8286532163619995,27.02939882874489,73,140.62513411057864,JUMPING,True,0.46666666666666856,0.4270933786474847,45.437400817871094,37.5977897644043,37.21279646540685,15.568521624755856,5.189507208251952,261.4339599609375,249.96817779541016,163.65931701660156,156.4719467163086,False
1047,34.9,0.809230387210846,26.997716166079044,73,140.62513411057864,JUMPING,False,,0.4270933786474847,,,37.21279646540685,17.28789060058594,5.7626302001953125,261.4339599609375,256.76194763183594,163.6865692138672,162.8261260986328,False
1048,34.93333333333333,0.8015251755714417,27.8092073276639,73,140.62513411057864,JUMPING,False,,0.4270933786474847,,,37.21279646540685,19.00712384033203,6.335707946777344,261.4339599609375,255.22881317138672,163.8812255859375,163.312744140625,False
1049,34.96666666666667,0.8091925382614136,27.012778911739588,73,140.62513411057864,JUMPING,False,,0.4270933786474847,,,37.21279646540685,19.00712384033203,6.335707946777344,261.4339599609375,250.69930267333984,163.8812255859375,161.10023498535156,False
1050,35.0,0.7927058935165405,27.07016421481967,73,140.62513411057864,JUMPING,False,,0.4270933786474847,,,37.21279646540685,19.00712384033203,6.335707946777344,261.4339599609375,243.5438690185547,163.8812255859375,153.4319839477539,False
1051,35.03333333333333,0.8505047559738159,26.5937689691782,73,140.62513411057864,JUMPING,False,,0.4270933786474847,,,37.21279646540685,19.00712384033203,6.335707946777344,261.4339599609375,230.9270782470703,163.8812255859375,143.80382537841797,True
1052,35.06666666666667,0.7980853915214539,26.698344852775335,73,140.62513411057864,JUMPING,False,,0.4270933786474847,,,37.21279646540685,19.00712384033203,6.335707946777344,261.4339599609375,224.37592315673828,163.8812255859375,136.97081756591797,True
1053,35.1,0.8062790632247925,26.692067738622427,73,140.62513411057864,JUMPING,False,,0.4270933786474847,,,37.21279646540685,19.00712384033203,6.335707946777344,261.4339599609375,221.67750549316406,163.8812255859375,132.33119201660156,True
1054,35.13333333333333,0.7935245633125305,26.74897573888302,73,140.62513411057864,JUMPING,False,,0.4270933786474847,,,37.21279646540685,19.00712384033203,6.335707946777344,261.4339599609375,218.46356201171875,163.8812255859375,129.2801742553711,True
1055,35.166666666666664,0.8196279406547546,26.65324229747057,73,140.62513411057864,JUMPING,False,,0.4270933786474847,,,37.21279646540685,19.00712384033203,6.335707946777344,261.4339599609375,216.33724975585938,163.8812255859375,125.9931640625,True
1056,35.2,0.7896146178245544,26.810946874320507,73,140.62513411057864,JUMPING,False,,0.4270933786474847,,,37.21279646540685,19.00712384033203,6.335707946777344,261.4339599609375,215.89468383789062,163.8812255859375,124.5571174621582,True
1057,35.233333333333334,0.770887553691864,27.31247991323471,73,140.62513411057864,JUMPING,False,,0.4270933786474847,,,37.21279646540685,19.00712384033203,6.335707946777344,261.4339599609375,220.98479461669922,163.8812255859375,128.7404327392578,True
1058,35.266666666666666,0.7574480175971985,27.001122012734413,73,140.62513411057864,JUMPING,False,,0.4270933786474847,,,37.21279646540685,19.00712384033203,6.335707946777344,261.4339599609375,229.5500717163086,163.8812255859375,136.24105072021484,True
1059,35.3,0.7644000053405762,26.799450162798166,73,140.62513411057864,JUMPING,False,,0.4270933786474847,,,37.21279646540685,19.00712384033203,6.335707946777344,261.4339599609375,238.95980072021484,163.8812255859375,145.53872680664062,True
1060,35.333333333333336,0.791100800037384,26.762619148939848,74,140.62513411057864,JUMPING,True,0.46666666666666856,0.43579950201170514,45.539276123046875,39.3241081237793,39.29441637981686,19.00712384033203,6.335707946777344,261.4339599609375,247.3624267578125,163.8812255859375,155.28744506835938,False
1061,35.36666666666667,0.8107240796089172,26.732813101261854,74,140.62513411057864,JUMPING,False,,0.43579950201170514,,,39.29441637981686,19.00712384033203,6.335707946777344,261.4339599609375,250.95907592773438,163.8812255859375,159.9600601196289,False
1062,35.4,0.7952737212181091,26.61988139152527,74,140.62513411057864,JUMPING,False,,0.43579950201170514,,,39.29441637981686,21.71288693847656,7.237628979492187,261.4339599609375,252.00534057617188,163.9159393310547,163.39955139160156,False
1063,35.43333333333333,0.8052829504013062,26.68709773570299,74,140.62513411057864,JUMPING,False,,0.43579950201170514,,,39.29441637981686,21.71288693847656,7.237628979492187,261.4339599609375,248.21373748779297,163.9159393310547,159.91381072998047,False
1064,35.46666666666667,0.8384296894073486,27.0773540250957,74,140.62513411057864,JUMPING,False,,0.43579950201170514,,,39.29441637981686,21.71288693847656,7.237628979492187,261.4339599609375,239.92472076416016,163.9159393310547,151.46834564208984,False
1065,35.5,0.8154762983322144,26.663786731660366,74,140.62513411057864,JUMPING,False,,0.43579950201170514,,,39.29441637981686,21.71288693847656,7.237628979492187,261.4339599609375,230.57980346679688,163.9159393310547,141.85670471191406,True
1066,35.53333333333333,0.8565793633460999,26.783673092722893,74,140.62513411057864,JUMPING,False,,0.43579950201170514,,,39.29441637981686,20.3929892578125,6.7976630859375,261.4339599609375,223.10526275634766,163.9159393310547,134.07044219970703,True
1067,35.56666666666667,0.8587309122085571,26.729681063443422,74,140.62513411057864,JUMPING,False,,0.43579950201170514,,,39.29441637981686,20.146356793212888,6.715452264404297,259.512939453125,219.40889739990234,163.3648223876953,130.56009674072266,True
1068,35.6,0.8323608040809631,27.18888269737363,74,140.62513411057864,JUMPING,False,,0.43579950201170514,,,39.29441637981686,15.313609259033202,5.104536419677734,256.1487121582031,218.42505645751953,163.11810302734375,129.12828063964844,True
1069,35.63333333333333,0.7890039086341858,26.454376056790352,74,140.62513411057864,JUMPING,False,,0.43579950201170514,,,39.29441637981686,13.7530457329359,4.436285055541992,254.2610321044922,222.56204223632812,162.7988739013672,132.99312591552734,True
1070,35.666666666666664,0.7586284875869751,26.615414768457413,74,140.62513411057864,JUMPING,False,,0.43579950201170514,,,39.29441637981686,14.337395343017576,4.779131781005859,254.21221923828125,232.0489273071289,162.7988739013672,141.89165496826172,True
1071,35.7,0.8205273151397705,26.754037011414766,75,140.62487872444308,JUMPING,True,0.36666666666666714,0.4205902782357968,35.78716278076172,33.67059326171875,38.417602980053076,14.337395343017576,4.779131781005859,254.21221923828125,240.1566390991211,162.7988739013672,149.31571197509766,False
1072,35.733333333333334,0.7965312004089355,26.640047784894705,75,140.62487872444308,JUMPING,False,,0.4205902782357968,,,38.417602980053076,15.60082681274414,5.200275604248047,254.21221923828125,246.59381103515625,162.7988739013672,154.99057006835938,False
1073,35.766666666666666,0.8022775650024414,26.652230881154537,75,140.62487872444308,JUMPING,False,,0.4205902782357968,,,38.417602980053076,14.337395343017576,4.779131781005859,254.67164611816406,253.83586883544922,162.7988739013672,161.7739028930664,False
1074,35.8,0.8143424987792969,26.7530451528728,75,140.62487872444308,JUMPING,False,,0.4205902782357968,,,38.417602980053076,13.446161043018575,4.436285055541992,254.67164611816406,252.86109924316406,162.7988739013672,161.02982330322266,False
1075,35.833333333333336,0.8055824637413025,26.835530065000057,75,140.62487872444308,JUMPING,False,,0.4205902782357968,,,38.417602980053076,13.446161043018575,4.436285055541992,254.67164611816406,243.68331909179688,162.7988739013672,154.09954071044922,False
1076,35.86666666666667,0.7786863446235657,26.560701429843903,75,140.62487872444308,JUMPING,False,,0.4205902782357968,,,38.417602980053076,13.446161043018575,4.436285055541992,254.67164611816406,236.98011016845703,162.7988739013672,147.76554107666016,True
1077,35.9,0.8506988286972046,27.187293861061335,75,140.62487872444308,JUMPING,False,,0.4205902782357968,,,38.417602980053076,13.446161043018575,4.436285055541992,254.67164611816406,229.48775482177734,162.7988739013672,141.92820739746094,True
1078,35.93333333333333,0.8252570033073425,26.77451493218541,75,140.62487872444308,JUMPING,False,,0.4205902782357968,,,38.417602980053076,13.446161043018575,4.031406939697265,254.67164611816406,224.29503631591797,162.7988739013672,136.3009490966797,True
1079,35.96666666666667,0.8263987302780151,27.291364036500454,75,140.62487872444308,JUMPING,False,,0.4205902782357968,,,38.417602980053076,13.446161043018575,3.8997203155517575,253.4459686279297,217.66431427001953,162.4052276611328,129.0209197998047,True
1080,36.0,0.8307355642318726,27.885911986231804,75,140.62487872444308,JUMPING,False,,0.4205902782357968,,,38.417602980053076,13.446161043018575,3.0203088500976563,252.7915802001953,215.7826919555664,161.50442504882812,126.4159164428711,True
1081,36.03333333333333,0.794939398765564,27.05132169649005,75,140.62487872444308,JUMPING,False,,0.4205902782357968,,,38.417602980053076,13.446161043018575,2.867130679321289,252.41452026367188,216.7066879272461,161.0720672607422,127.3736801147461,True
1082,36.06666666666667,0.7810691595077515,26.809746865183115,75,140.62487872444308,JUMPING,False,,0.4205902782357968,,,38.417602980053076,13.446161043018575,4.070227459716796,251.5868377685547,222.4754409790039,161.0720672607422,132.50259399414062,True
1083,36.1,0.8176394104957581,27.59051602333784,75,140.62487872444308,JUMPING,False,,0.4205902782357968,,,38.417602980053076,13.446161043018575,4.070227459716796,251.5868377685547,229.39649963378906,161.0720672607422,139.1393280029297,True
1084,36.13333333333333,0.7931826114654541,26.85116184875369,75,140.62487872444308,JUMPING,False,,0.4205902782357968,,,38.417602980053076,13.446161043018575,4.070227459716796,251.5868377685547,235.79026794433594,161.0720672607422,144.78030395507812,True
1085,36.166666666666664,0.8088195323944092,26.69318113476038,76,138.4614610108126,JUMPING,True,0.46666666666666146,0.43072708369058704,35.80414581298828,34.656150817871094,37.76423868828688,13.446161043018575,4.070227459716796,251.5868377685547,244.1978302001953,161.0720672607422,153.3278579711914,False
1086,36.2,0.8175598382949829,26.780577842146158,76,138.4614610108126,JUMPING,False,,0.43072708369058704,,,37.76423868828688,13.217483540900407,3.303748416137695,252.518798828125,253.58523559570312,161.50442504882812,162.30533599853516,False
1087,36.233333333333334,0.8069384694099426,26.754156220704317,76,138.4614610108126,JUMPING,False,,0.43072708369058704,,,37.76423868828688,13.217483540900407,3.8935443237304685,252.518798828125,248.5083770751953,161.50442504882812,159.55541229248047,False
1088,36.266666666666666,0.8216410875320435,26.79595211520791,76,138.4614610108126,JUMPING,False,,0.43072708369058704,,,37.76423868828688,13.217483540900407,3.8935443237304685,252.518798828125,240.77870178222656,161.50442504882812,152.8929901123047,False
1089,36.3,0.820878267288208,26.59283997491002,76,138.4614610108126,JUMPING,False,,0.43072708369058704,,,37.76423868828688,13.217483540900407,3.8935443237304685,252.518798828125,235.1936264038086,161.50442504882812,146.0648193359375,True
1090,36.333333333333336,0.8402131199836731,27.121071238070726,76,138.4614610108126,JUMPING,False,,0.43072708369058704,,,37.76423868828688,13.217483540900407,3.8935443237304685,252.518798828125,228.36722564697266,161.50442504882812,139.53702545166016,True
1091,36.36666666666667,0.8183939456939697,26.659610215574503,76,138.4614610108126,JUMPING,False,,0.43072708369058704,,,37.76423868828688,13.217483540900407,3.9492752975463863,252.518798828125,218.77670288085938,161.50442504882812,130.09727096557617,True
1092,36.4,0.8326934576034546,26.664643082767725,76,138.4614610108126,JUMPING,False,,0.43072708369058704,,,37.76423868828688,13.217483540900407,3.9818858917236324,251.5868377685547,214.0507354736328,161.0720672607422,125.3800163269043,True
1093,36.43333333333333,0.7951411008834839,26.754662860184908,76,138.4614610108126,JUMPING,False,,0.43072708369058704,,,37.76423868828688,13.217483540900407,4.011566848754883,250.85516357421875,213.61038970947266,160.60191345214844,124.13883209228516,True
1094,36.46666666666667,0.7701930403709412,26.709849014878273,76,138.4614610108126,JUMPING,False,,0.43072708369058704,,,37.76423868828688,17.363122325134277,5.787707441711426,249.97879028320312,217.72207641601562,159.94155883789062,127.59439849853516,True
1095,36.5,0.8304473161697388,26.689941063523293,76,138.4614610108126,JUMPING,False,,0.43072708369058704,,,37.76423868828688,15.553794259643553,5.184598086547851,249.97879028320312,223.91409301757812,159.94155883789062,134.84634399414062,True
1096,36.53333333333333,0.8357674479484558,27.166031301021576,76,138.4614610108126,JUMPING,False,,0.43072708369058704,,,37.76423868828688,15.553794259643553,5.184598086547851,249.97879028320312,231.18856048583984,159.94155883789062,141.66638946533203,True
1097,36.56666666666667,0.8001389503479004,26.608255691826344,77,138.4616990768445,JUMPING,True,0.4000000000000057,0.42396712527865915,36.36840057373047,35.80272674560547,37.41527915964778,17.363122325134277,5.787707441711426,249.97879028320312,243.0045166015625,159.94155883789062,152.29421997070312,False
1098,36.6,0.839883029460907,26.66452992707491,77,138.4616990768445,JUMPING,False,,0.42396712527865915,,,37.41527915964778,13.095347705876723,3.303748416137695,251.5868377685547,252.30529022216797,159.94155883789062,159.65418243408203,False
1099,36.63333333333333,0.7945071458816528,26.567026041448116,77,138.4616990768445,JUMPING,False,,0.42396712527865915,,,37.41527915964778,13.095347705876723,2.7139525085449216,252.18531799316406,254.52264404296875,159.94155883789062,159.65355682373047,False
1100,36.666666666666664,0.8005565404891968,26.714345905929804,77,138.4616990768445,JUMPING,False,,0.42396712527865915,,,37.41527915964778,13.095347705876723,3.9492752975463863,252.18531799316406,245.51190948486328,159.94155883789062,154.8507537841797,False
1101,36.7,0.823871374130249,27.07447297871113,77,138.4616990768445,JUMPING,False,,0.42396712527865915,,,37.41527915964778,13.095347705876723,3.9492752975463863,252.18531799316406,238.29553985595703,159.94155883789062,148.5114288330078,True
1102,36.733333333333334,0.8172136545181274,26.82245895266533,77,138.4616990768445,JUMPING,False,,0.42396712527865915,,,37.41527915964778,13.095347705876723,3.9492752975463863,252.18531799316406,233.1648406982422,159.94155883789062,143.14044189453125,True
1103,36.766666666666666,0.8335275650024414,26.734518818557262,77,138.4616990768445,JUMPING,False,,0.42396712527865915,,,37.41527915964778,13.095347705876723,3.9492752975463863,252.18531799316406,224.6600570678711,159.94155883789062,134.01358032226562,True
1104,36.8,0.8238537907600403,26.601254008710384,77,138.4616990768445,JUMPING,False,,0.42396712527865915,,,37.41527915964778,13.095347705876723,3.9492752975463863,252.18531799316406,219.41748809814453,159.94155883789062,128.73990631103516,True
1105,36.833333333333336,0.8425447344779968,26.468948926776648,77,138.4616990768445,JUMPING,False,,0.42396712527865915,,,37.41527915964778,13.095347705876723,2.7139525085449216,252.18531799316406,217.92366790771484,159.94155883789062,126.56946563720703,True
1106,36.86666666666667,0.8017978668212891,26.60099510103464,77,138.4616990768445,JUMPING,False,,0.42396712527865915,,,37.41527915964778,13.095347705876723,3.000694985961914,252.18531799316406,219.27112579345703,159.80996704101562,126.9775505065918,True
1107,36.9,0.8021134734153748,26.463881134986877,77,138.4616990768445,JUMPING,False,,0.42396712527865915,,,37.41527915964778,19.172450390625,6.390816796875,250.78652954101562,225.06399536132812,159.6539306640625,131.21573638916016,True
1108,36.93333333333333,0.7935158610343933,26.59624768421054,77,138.4616990768445,JUMPING,False,,0.42396712527865915,,,37.41527915964778,16.105629309082033,5.368543103027344,250.78652954101562,230.245849609375,159.6143035888672,136.81562042236328,True
1109,36.96666666666667,0.833037257194519,26.6143549233675,78,142.85698512801892,JUMPING,True,0.3999999999999986,0.41869435771735386,32.86286163330078,33.044837951660156,36.27717477806103,16.105629309082033,5.368543103027344,250.78652954101562,239.15240478515625,159.6143035888672,146.59369659423828,False
1110,37.0,0.7780165672302246,27.258697897195816,78,142.85698512801892,JUMPING,False,,0.41869435771735386,,,36.27717477806103,19.172450390625,6.390816796875,250.78652954101562,246.71723175048828,159.6143035888672,155.8917999267578,False
1111,37.03333333333333,0.8247402906417847,26.503445580601692,78,142.85698512801892,JUMPING,False,,0.41869435771735386,,,36.27717477806103,14.523218041992187,4.8410726806640625,251.32679748535156,249.85906219482422,159.6539306640625,160.12823486328125,False
1112,37.06666666666667,0.8222180604934692,26.739744935184717,78,142.85698512801892,JUMPING,False,,0.41869435771735386,,,36.27717477806103,15.107833355712891,5.035944451904297,251.32679748535156,248.11251831054688,159.6539306640625,158.6326904296875,False
1113,37.1,0.8246356844902039,26.650880929082632,78,142.85698512801892,JUMPING,False,,0.41869435771735386,,,36.27717477806103,15.107833355712891,5.035944451904297,251.32679748535156,243.35626983642578,159.6539306640625,154.71564483642578,False
1114,37.13333333333333,0.8160165548324585,26.551915798336267,78,142.85698512801892,JUMPING,False,,0.41869435771735386,,,36.27717477806103,15.107833355712891,5.035944451904297,251.32679748535156,240.4548110961914,159.6539306640625,152.10765075683594,False
1115,37.166666666666664,0.8050841093063354,26.485005859285593,78,142.85698512801892,JUMPING,False,,0.41869435771735386,,,36.27717477806103,15.107833355712891,5.035944451904297,251.32679748535156,234.76384735107422,159.6539306640625,145.46788787841797,True
1116,37.2,0.8524983525276184,26.710023172199726,78,142.85698512801892,JUMPING,False,,0.41869435771735386,,,36.27717477806103,15.107833355712891,5.035944451904297,251.32679748535156,229.27330017089844,159.6539306640625,139.9965057373047,True
1117,37.233333333333334,0.8228518962860107,26.442518923431635,78,142.85698512801892,JUMPING,False,,0.41869435771735386,,,36.27717477806103,13.974301318359373,4.658100439453125,251.32679748535156,222.80272674560547,159.6539306640625,132.64820861816406,True
1118,37.266666666666666,0.8059145212173462,26.70015301555395,78,142.85698512801892,JUMPING,False,,0.41869435771735386,,,36.27717477806103,18.648644842529297,6.216214947509766,249.31878662109375,217.62606811523438,159.6143035888672,127.93678283691406,True
1119,37.3,0.8220142722129822,26.706965174525976,78,142.85698512801892,JUMPING,False,,0.41869435771735386,,,36.27717477806103,15.45297628326416,5.150992094421387,248.35003662109375,215.76726531982422,159.1863250732422,126.46100997924805,True
1120,37.333333333333336,0.7868508100509644,26.62327140569687,78,142.85698512801892,JUMPING,False,,0.41869435771735386,,,36.27717477806103,17.41174977722168,5.8039165924072265,248.35003662109375,217.48908233642578,159.1863250732422,127.63296127319336,True
1121,37.36666666666667,0.7773784399032593,26.712318882346153,78,142.85698512801892,JUMPING,False,,0.41869435771735386,,,36.27717477806103,17.41174977722168,5.8039165924072265,248.35003662109375,223.4745330810547,159.1863250732422,133.48174285888672,True
1122,37.4,0.7708142399787903,26.552663184702396,79,145.16109383219663,JUMPING,True,0.43333333333333,0.42191493235286864,32.58277130126953,32.72531509399414,35.353573908863154,17.41174977722168,5.8039165924072265,248.35003662109375,234.16981506347656,159.1863250732422,144.69898986816406,False
1123,37.43333333333333,0.8318847417831421,26.674246415495872,79,145.16109383219663,JUMPING,False,,0.42191493235286864,,,35.353573908863154,12.59003079986572,4.196676933288574,248.35003662109375,245.99662017822266,159.1863250732422,156.16947174072266,False
1124,37.46666666666667,0.8373209834098816,30.928296968340874,79,145.16109383219663,JUMPING,False,,0.42191493235286864,,,35.353573908863154,17.41174977722168,5.8039165924072265,249.31878662109375,255.98548889160156,159.6143035888672,164.39754486083984,False
1125,37.5,0.8436529636383057,27.4722408503294,79,145.16109383219663,JUMPING,False,,0.42191493235286864,,,35.353573908863154,15.253546041870116,5.084515347290039,251.32679748535156,257.8452911376953,159.6539306640625,165.47499084472656,False
1126,37.53333333333333,0.8090665340423584,27.349494863301516,79,145.16109383219663,JUMPING,False,,0.42191493235286864,,,35.353573908863154,16.457864447021482,5.485954815673828,251.32679748535156,249.69683837890625,159.93861389160156,162.81864166259766,False
1127,37.56666666666667,0.7794480919837952,32.5342551805079,79,145.16109383219663,JUMPING,False,,0.42191493235286864,,,35.353573908863154,15.107833355712891,5.035944451904297,251.32679748535156,243.61203002929688,159.93861389160156,157.208984375,False
1128,37.6,0.8314316868782043,27.746707666665316,79,145.16109383219663,JUMPING,False,,0.42191493235286864,,,35.353573908863154,15.107833355712891,5.035944451904297,251.32679748535156,231.2323989868164,159.93861389160156,145.50479888916016,True
1129,37.63333333333333,0.8336024880409241,28.998984023928642,79,145.16109383219663,JUMPING,False,,0.42191493235286864,,,35.353573908863154,15.107833355712891,5.035944451904297,251.32679748535156,219.8072052001953,159.93861389160156,134.60467529296875,True
1130,37.666666666666664,0.7836822867393494,32.68672386184335,79,145.16109383219663,JUMPING,False,,0.42191493235286864,,,35.353573908863154,15.107833355712891,5.035944451904297,251.32679748535156,212.14732360839844,159.93861389160156,125.56237411499023,True
1131,37.7,0.7898948788642883,28.104146011173725,79,145.16109383219663,JUMPING,False,,0.42191493235286864,,,35.353573908863154,15.107833355712891,5.035944451904297,249.79417419433594,210.7961883544922,159.6539306640625,123.21026611328125,True
1132,37.733333333333334,0.7691496014595032,31.007655896246433,79,145.16109383219663,JUMPING,False,,0.42191493235286864,,,35.353573908863154,18.648644842529297,6.216214947509766,249.79417419433594,214.4810562133789,159.6539306640625,124.46136093139648,True
1133,37.766666666666666,0.7714245915412903,27.192506939172745,79,145.16109383219663,JUMPING,False,,0.42191493235286864,,,35.353573908863154,18.648644842529297,6.216214947509766,249.79417419433594,223.61505126953125,159.6539306640625,130.5417366027832,True
1134,37.8,0.800841212272644,31.073221936821938,80,142.85724868587627,JUMPING,True,0.3999999999999986,0.41709364723523723,38.99798583984375,36.44366455078125,36.2646768916083,18.648644842529297,6.216214947509766,249.79417419433594,234.14723205566406,159.6539306640625,140.12966918945312,False
1135,37.833333333333336,0.8216037154197693,28.382168617099524,80,142.85724868587627,JUMPING,False,,0.41709364723523723,,,36.2646768916083,16.155546253967284,5.385182084655761,249.79417419433594,243.9532012939453,159.6539306640625,150.17947387695312,False
1136,37.86666666666667,0.7926501631736755,31.348467338830233,80,142.85724868587627,JUMPING,False,,0.41709364723523723,,,36.2646768916083,18.648644842529297,6.216214947509766,251.32679748535156,255.9307861328125,159.93861389160156,163.43830108642578,False
1137,37.9,0.7909671664237976,27.505737263709307,80,142.85724868587627,JUMPING,False,,0.41709364723523723,,,36.2646768916083,20.490040557861327,6.830013519287109,253.6356964111328,258.8840637207031,161.7424774169922,166.66570281982422,False
1138,37.93333333333333,0.8270971775054932,27.386341243982315,80,142.85724868587627,JUMPING,False,,0.41709364723523723,,,36.2646768916083,15.618133163452146,5.206044387817382,254.4229736328125,254.2734603881836,163.1904296875,163.83228302001953,False
1139,37.96666666666667,0.7839138507843018,26.86154004186392,80,142.85724868587627,JUMPING,False,,0.41709364723523723,,,36.2646768916083,15.618133163452146,5.206044387817382,254.4229736328125,244.1263656616211,163.1904296875,157.18206787109375,False
1140,38.0,0.7972437739372253,27.1617928519845,80,142.85724868587627,JUMPING,False,,0.41709364723523723,,,36.2646768916083,15.618133163452146,5.206044387817382,254.4229736328125,233.45880889892578,163.1904296875,145.8974380493164,True
1141,38.03333333333333,0.8606387376785278,27.489486150443554,80,142.85724868587627,JUMPING,False,,0.41709364723523723,,,36.2646768916083,15.618133163452146,5.206044387817382,254.4229736328125,224.3254623413086,163.1904296875,135.8985595703125,True
1142,38.06666666666667,0.7829172611236572,27.251081075519323,80,142.85724868587627,JUMPING,False,,0.41709364723523723,,,36.2646768916083,15.618133163452146,5.206044387817382,254.4229736328125,217.5733642578125,163.1904296875,128.22850036621094,True
1143,38.1,0.7748937010765076,28.087787330150604,80,142.85724868587627,JUMPING,False,,0.41709364723523723,,,36.2646768916083,19.634360284423828,6.544786761474609,254.4229736328125,211.29762268066406,163.1904296875,123.226318359375,True
1144,38.13333333333333,0.7661296129226685,28.94505299627781,80,142.85724868587627,JUMPING,False,,0.41709364723523723,,,36.2646768916083,20.355933306884765,6.785311102294921,252.50770568847656,210.69273376464844,163.1904296875,122.19580459594727,True
1145,38.166666666666664,0.7864802479743958,27.38759433850646,80,142.85724868587627,JUMPING,False,,0.41709364723523723,,,36.2646768916083,22.566123962402344,7.522041320800781,252.50770568847656,213.92111206054688,163.1904296875,125.50482177734375,True
1146,38.2,0.7703874707221985,27.203883044421673,80,142.85724868587627,JUMPING,False,,0.41709364723523723,,,36.2646768916083,22.566123962402344,7.522041320800781,252.50770568847656,221.40233612060547,163.1904296875,133.73048400878906,True
1147,38.233333333333334,0.7319729328155518,26.694777887314558,81,145.16136596035605,JUMPING,True,0.4333333333333371,0.42066637817681923,41.814971923828125,40.994625091552734,37.65225064966326,22.566123962402344,7.522041320800781,252.50770568847656,234.4365463256836,163.1904296875,147.42279052734375,False
1148,38.266666666666666,0.8460371494293213,26.809545699506998,81,145.16136596035605,JUMPING,False,,0.42066637817681923,,,37.65225064966326,20.355933306884765,6.785311102294921,252.50770568847656,245.81837463378906,163.1904296875,157.839111328125,False
1149,38.3,0.842900276184082,26.67099330574274,81,145.16136596035605,JUMPING,False,,0.42066637817681923,,,37.65225064966326,19.688485047912597,6.562828349304199,253.845703125,253.20407104492188,163.6746826171875,165.13925170898438,False
1150,38.333333333333336,0.8277413845062256,26.718491222709417,81,145.16136596035605,JUMPING,False,,0.42066637817681923,,,37.65225064966326,15.599469451904296,5.199823150634765,254.34442138671875,254.39171600341797,164.17144775390625,165.44403076171875,False
1151,38.36666666666667,0.8466798067092896,26.797282975167036,81,145.16136596035605,JUMPING,False,,0.42066637817681923,,,37.65225064966326,14.561224145507811,4.853741381835937,254.34442138671875,252.89944458007812,164.17144775390625,163.7517547607422,False
1152,38.4,0.8205741047859192,26.740352157503366,81,145.16136596035605,JUMPING,False,,0.42066637817681923,,,37.65225064966326,14.561224145507811,4.853741381835937,254.34442138671875,243.1668701171875,164.17144775390625,155.593994140625,False
1153,38.43333333333333,0.8364559412002563,27.59928908199072,81,145.16136596035605,JUMPING,False,,0.42066637817681923,,,37.65225064966326,14.561224145507811,4.853741381835937,254.34442138671875,234.1607208251953,164.17144775390625,145.6817855834961,True
1154,38.46666666666667,0.8277978897094727,26.874219067394733,81,145.16136596035605,JUMPING,False,,0.42066637817681923,,,37.65225064966326,14.561224145507811,4.853741381835937,254.34442138671875,225.8790512084961,164.17144775390625,137.74869537353516,True
1155,38.5,0.857722818851471,26.795385871082544,81,145.16136596035605,JUMPING,False,,0.42066637817681923,,,37.65225064966326,14.87789642944336,4.959298809814453,254.34442138671875,220.25890350341797,164.17144775390625,131.74557876586914,True
1156,38.53333333333333,0.8748713731765747,26.728476397693157,81,145.16136596035605,JUMPING,False,,0.42066637817681923,,,37.65225064966326,13.985329875183105,4.661776625061035,254.34442138671875,217.96942901611328,164.17144775390625,129.67888259887695,True
1157,38.56666666666667,0.8056999444961548,27.36502094194293,81,145.16136596035605,JUMPING,False,,0.42066637817681923,,,37.65225064966326,13.17828772738214,2.538242147827148,254.34442138671875,218.3673095703125,164.17144775390625,130.32110595703125,True
1158,38.6,0.8205558061599731,26.757562067359686,81,145.16136596035605,JUMPING,False,,0.42066637817681923,,,37.65225064966326,13.17828772738214,2.538242147827148,254.34442138671875,223.42093658447266,164.17144775390625,135.64199829101562,True
1159,38.63333333333333,0.7823007702827454,27.068024966865778,81,145.16136596035605,JUMPING,False,,0.42066637817681923,,,37.65225064966326,13.17828772738214,2.538242147827148,254.34442138671875,232.23756408691406,164.17144775390625,143.8030242919922,True
1160,38.666666666666664,0.8311470746994019,26.87441138550639,82,142.85698512801892,JUMPING,True,0.43333333333333,0.4234531083112516,36.37499237060547,34.4925651550293,37.332936079898815,13.17828772738214,2.538242147827148,254.34442138671875,241.99932098388672,164.17144775390625,153.52105712890625,False
1161,38.7,0.7828730344772339,26.731691788882017,82,142.85698512801892,JUMPING,False,,0.4234531083112516,,,37.332936079898815,13.066527627964584,4.353452110290527,254.34442138671875,250.11275482177734,164.17144775390625,162.13478088378906,False
1162,38.733333333333334,0.7818352580070496,27.09616906940937,82,142.85698512801892,JUMPING,False,,0.4234531083112516,,,37.332936079898815,13.066527627964584,4.042650411987305,254.34442138671875,253.25875854492188,164.7530975341797,164.99012756347656,False
1163,38.766666666666666,0.8004300594329834,26.681990828365088,82,142.85698512801892,JUMPING,False,,0.4234531083112516,,,37.332936079898815,13.066527627964584,2.247133493041992,254.9129180908203,255.26039123535156,165.07960510253906,166.52959442138672,False
1164,38.8,0.7675598859786987,26.677477173507214,82,142.85698512801892,JUMPING,False,,0.4234531083112516,,,37.332936079898815,13.066527627964584,2.4571398376464844,254.9129180908203,248.6829605102539,165.07960510253906,160.2032012939453,False
1165,38.833333333333336,0.8163573145866394,26.44849382340908,82,142.85698512801892,JUMPING,False,,0.4234531083112516,,,37.332936079898815,13.066527627964584,2.4571398376464844,254.9129180908203,239.48092651367188,165.07960510253906,151.05443572998047,True
1166,38.86666666666667,0.8266390562057495,26.795517187565565,82,142.85698512801892,JUMPING,False,,0.4234531083112516,,,37.332936079898815,13.066527627964584,2.4571398376464844,254.9129180908203,229.92372131347656,165.07960510253906,141.8165740966797,True
1167,38.9,0.7955828905105591,27.301830239593983,82,142.85698512801892,JUMPING,False,,0.4234531083112516,,,37.332936079898815,13.066527627964584,2.4571398376464844,254.9129180908203,224.37371063232422,165.07960510253906,136.02576446533203,True
1168,38.93333333333333,0.7730507254600525,26.84505982324481,82,142.85698512801892,JUMPING,False,,0.4234531083112516,,,37.332936079898815,13.066527627964584,2.4571398376464844,254.9129180908203,220.7129135131836,165.07960510253906,132.66646575927734,True
1169,38.96666666666667,0.8092775940895081,26.571460999548435,82,142.85698512801892,JUMPING,False,,0.4234531083112516,,,37.332936079898815,13.066527627964584,3.9615481018066405,254.34442138671875,216.41175842285156,165.07960510253906,128.47007369995117,True
1170,39.0,0.7826281785964966,26.844562962651253,82,142.85698512801892,JUMPING,False,,0.4234531083112516,,,37.332936079898815,13.066527627964584,3.5051242080688474,253.86758422851562,216.7010955810547,164.5269775390625,129.10609817504883,True
1171,39.03333333333333,0.7712218761444092,26.627229992300272,82,142.85698512801892,JUMPING,False,,0.4234531083112516,,,37.332936079898815,13.066527627964584,2.9676206268310543,253.86758422851562,219.79065704345703,164.5269775390625,132.98390197753906,True
1172,39.06666666666667,0.7701190114021301,26.5199257992208,82,142.85698512801892,JUMPING,False,,0.4234531083112516,,,37.332936079898815,13.066527627964584,2.9676206268310543,253.86758422851562,226.90628814697266,164.5269775390625,138.98346710205078,True
1173,39.1,0.8278080821037292,26.691791601479053,82,142.85698512801892,JUMPING,False,,0.4234531083112516,,,37.332936079898815,13.066527627964584,2.9676206268310543,253.86758422851562,235.14348602294922,164.5269775390625,146.71930694580078,True
1174,39.13333333333333,0.568872332572937,26.565035805106163,82,142.85698512801892,JUMPING,False,,0.4234531083112516,,,37.332936079898815,13.066527627964584,2.9676206268310543,253.86758422851562,240.24340057373047,164.5269775390625,152.4755096435547,True
1175,39.166666666666664,0.8124996423721313,27.143134735524654,83,136.36359092126736,JUMPING,True,0.5,0.44029342448277625,37.45582580566406,36.05690383911133,37.36365851134013,13.066527627964584,3.5051242080688474,253.86758422851562,247.77173614501953,164.5269775390625,160.74669647216797,False
1176,39.2,0.8206769824028015,26.674563996493816,83,136.36359092126736,JUMPING,False,,0.44029342448277625,,,37.36365851134013,13.077280478969044,4.04262778930664,253.86758422851562,249.65914154052734,164.5269775390625,162.88633728027344,False
1177,39.233333333333334,0.7820591926574707,26.625690050423145,83,136.36359092126736,JUMPING,False,,0.44029342448277625,,,37.36365851134013,13.077280478969044,4.312900955200195,253.86758422851562,249.2176742553711,164.5269775390625,162.49024200439453,False
1178,39.266666666666666,0.7929837703704834,26.877955999225378,83,136.36359092126736,JUMPING,False,,0.44029342448277625,,,37.36365851134013,13.077280478969044,4.312900955200195,253.86758422851562,243.81109619140625,164.5269775390625,157.26983642578125,False
1179,39.3,0.8104649782180786,27.428791858255863,83,136.36359092126736,JUMPING,False,,0.44029342448277625,,,37.36365851134013,13.077280478969044,4.312900955200195,253.86758422851562,236.935302734375,164.5269775390625,150.1114501953125,True
1180,39.333333333333336,0.8146657347679138,26.974995154887438,83,136.36359092126736,JUMPING,False,,0.44029342448277625,,,37.36365851134013,13.077280478969044,4.312900955200195,253.86758422851562,231.1292724609375,164.5269775390625,143.9842758178711,True
1181,39.36666666666667,0.7935194969177246,26.57021675258875,83,136.36359092126736,JUMPING,False,,0.44029342448277625,,,37.36365851134013,13.077280478969044,4.131534924316406,253.23687744140625,221.84686279296875,164.5269775390625,133.79717254638672,True
1182,39.4,0.783744215965271,26.66564378887415,83,136.36359092126736,JUMPING,False,,0.44029342448277625,,,37.36365851134013,13.077280478969044,3.7478542602539062,253.08221435546875,217.9223175048828,163.80006408691406,128.1254768371582,True
1183,39.43333333333333,0.7746528387069702,26.744998060166836,83,136.36359092126736,JUMPING,False,,0.44029342448277625,,,37.36365851134013,15.767103515625,5.255701171875,251.78477478027344,216.46965789794922,163.4055938720703,126.39419937133789,True
1184,39.46666666666667,0.7551031112670898,26.561883743852377,83,136.36359092126736,JUMPING,False,,0.44029342448277625,,,37.36365851134013,14.080854144287109,4.693618048095703,251.78477478027344,220.0975570678711,163.4055938720703,128.95337677001953,True
1185,39.5,0.7655981779098511,26.690442115068436,83,136.36359092126736,JUMPING,False,,0.44029342448277625,,,37.36365851134013,14.080854144287109,4.693618048095703,251.78477478027344,227.38156127929688,163.4055938720703,135.36578369140625,True
1186,39.53333333333333,0.7665930986404419,26.647008955478668,83,136.36359092126736,JUMPING,False,,0.44029342448277625,,,37.36365851134013,14.080854144287109,4.693618048095703,251.78477478027344,234.61874389648438,163.4055938720703,143.1679916381836,True
1187,39.56666666666667,0.7668908834457397,26.6468427143991,84,138.4616990768445,JUMPING,True,0.4000000000000057,0.43142887109656675,35.31511688232422,37.01139450073242,36.85152310408615,14.080854144287109,4.693618048095703,251.78477478027344,240.60044860839844,163.4055938720703,149.7837142944336,False
1188,39.6,0.7914676666259766,26.74519596621394,84,138.4616990768445,JUMPING,False,,0.43142887109656675,,,36.85152310408615,14.412185925292967,4.804061975097656,251.78477478027344,246.81725311279297,163.4055938720703,157.4776153564453,False
1189,39.63333333333333,0.8167988657951355,26.722260750830173,84,138.4616990768445,JUMPING,False,,0.43142887109656675,,,36.85152310408615,12.898033086430152,4.213383782958984,251.78477478027344,247.11211395263672,163.4055938720703,159.3126220703125,False
1190,39.666666666666664,0.8106458187103271,27.15291315689683,84,138.4616990768445,JUMPING,False,,0.43142887109656675,,,36.85152310408615,12.898033086430152,4.213383782958984,251.78477478027344,240.13790893554688,163.4055938720703,152.56703186035156,False
1191,39.7,0.8280189633369446,27.38337405025959,84,138.4616990768445,JUMPING,False,,0.43142887109656675,,,36.85152310408615,12.898033086430152,4.213383782958984,251.78477478027344,232.61141967773438,163.4055938720703,145.64434814453125,True
1192,39.733333333333334,0.8374163508415222,26.73762757331133,84,138.4616990768445,JUMPING,False,,0.43142887109656675,,,36.85152310408615,12.898033086430152,4.213383782958984,251.78477478027344,227.98328399658203,163.4055938720703,140.51690673828125,True
1193,39.766666666666666,0.7818823456764221,26.71530796214938,84,138.4616990768445,JUMPING,False,,0.43142887109656675,,,36.85152310408615,12.898033086430152,4.290142538452148,251.78477478027344,221.49211883544922,163.4055938720703,132.22589111328125,True
1194,39.8,0.7635512351989746,26.68836386874318,84,138.4616990768445,JUMPING,False,,0.43142887109656675,,,36.85152310408615,12.898033086430152,3.558864385986328,249.9313201904297,218.1423568725586,162.72789001464844,126.12913513183594,True
1195,39.833333333333336,0.7551947832107544,27.167553082108498,84,138.4616990768445,JUMPING,False,,0.43142887109656675,,,36.85152310408615,12.898033086430152,2.943889434814453,249.48255920410156,218.7090301513672,162.34805297851562,123.45211029052734,True
1196,39.86666666666667,0.7400959730148315,26.953838765621185,84,138.4616990768445,JUMPING,False,,0.43142887109656675,,,36.85152310408615,12.898033086430152,2.328914483642578,249.0037841796875,220.37681579589844,161.5795440673828,122.89189910888672,True
1197,39.9,0.7572925090789795,28.296430595219135,84,138.4616990768445,JUMPING,False,,0.43142887109656675,,,36.85152310408615,12.898033086430152,2.2363424743652343,249.0037841796875,225.09112548828125,161.5795440673828,125.41548156738281,True
1198,39.93333333333333,0.7434082627296448,26.794740930199623,84,138.4616990768445,JUMPING,False,,0.43142887109656675,,,36.85152310408615,12.898033086430152,2.2363424743652343,249.0037841796875,228.41372680664062,161.5795440673828,129.34680938720703,True
1199,39.96666666666667,0.7866905331611633,26.649740990251303,84,138.4616990768445,JUMPING,False,,0.43142887109656675,,,36.85152310408615,12.898033086430152,2.2363424743652343,249.0037841796875,235.2715072631836,161.5795440673828,138.5383071899414,True
1200,40.0,0.7934610247612,26.97960799559951,85,136.36359092126736,JUMPING,True,0.43333333333333,0.4318478527886547,30.861427307128906,38.687644958496094,35.35399915484684,12.898033086430152,2.328914483642578,249.0037841796875,244.07823181152344,161.5795440673828,147.3271942138672,False
1201,40.03333333333333,0.8059759140014648,26.815311051905155,85,136.36359092126736,JUMPING,False,,0.4318478527886547,,,35.35399915484684,12.373899704196393,2.224375076293945,249.0037841796875,248.49199676513672,161.5795440673828,153.74665069580078,False
1202,40.06666666666667,0.7977478504180908,26.4931321144104,85,136.36359092126736,JUMPING,False,,0.4318478527886547,,,35.35399915484684,12.373899704196393,2.0458142578125,249.0037841796875,248.2566146850586,161.5795440673828,155.71470642089844,False
1203,40.1,0.7555547952651978,30.969686806201935,85,136.36359092126736,JUMPING,False,,0.4318478527886547,,,35.35399915484684,12.373899704196393,1.9680601043701171,249.0037841796875,247.0042724609375,161.5795440673828,158.28252410888672,False
1204,40.13333333333333,0.7857047915458679,31.250937841832638,85,136.36359092126736,JUMPING,False,,0.4318478527886547,,,35.35399915484684,12.373899704196393,2.0793863159179686,249.0037841796875,243.6083221435547,161.5795440673828,156.9371566772461,False
1205,40.166666666666664,0.7919461131095886,30.27124796062708,85,136.36359092126736,JUMPING,False,,0.4318478527886547,,,35.35399915484684,12.373899704196393,2.1115783905029297,249.0037841796875,243.1643829345703,161.5795440673828,155.8770751953125,False
1206,40.2,0.7768286466598511,31.920468900352716,85,136.36359092126736,JUMPING,False,,0.4318478527886547,,,35.35399915484684,12.373899704196393,2.9599967834472656,248.6065673828125,241.64122009277344,160.529296875,154.1043701171875,False
1207,40.233333333333334,0.8308109045028687,27.103248983621597,85,136.36359092126736,JUMPING,False,,0.4318478527886547,,,35.35399915484684,12.373899704196393,3.121703704833984,248.39785766601562,240.13961029052734,159.8469696044922,151.02740478515625,False
1208,40.266666666666666,0.8273895978927612,26.912682224065065,85,136.36359092126736,JUMPING,False,,0.4318478527886547,,,35.35399915484684,12.373899704196393,2.328914483642578,248.0626678466797,239.44896697998047,158.9005889892578,149.70797729492188,False
1209,40.3,0.8240240812301636,28.240023646503687,85,136.36359092126736,JUMPING,False,,0.4318478527886547,,,35.35399915484684,12.373899704196393,3.281600811767578,247.5078887939453,240.32363891601562,157.9605712890625,150.73148345947266,False
1210,40.333333333333336,0.8123031258583069,26.95824485272169,85,136.36359092126736,JUMPING,False,,0.4318478527886547,,,35.35399915484684,12.373899704196393,3.747492297363281,247.5078887939453,241.9147186279297,157.9605712890625,151.33171844482422,False
1211,40.36666666666667,0.6708304286003113,26.587861124426126,85,136.36359092126736,JUMPING,False,,0.4318478527886547,,,35.35399915484684,12.373899704196393,4.060884292602539,247.5078887939453,244.0171661376953,157.9605712890625,152.57276153564453,False
1212,40.4,0.8367881774902344,27.0889806561172,85,136.36359092126736,JUMPING,False,,0.4318478527886547,,,35.35399915484684,12.373899704196393,3.0863331436157226,247.5078887939453,244.49785614013672,157.9605712890625,153.25340270996094,False
1213,40.43333333333333,0.8434754014015198,27.25942200049758,85,136.36359092126736,JUMPING,False,,0.4318478527886547,,,35.35399915484684,12.373899704196393,3.716001525878906,247.5078887939453,244.04266357421875,157.9605712890625,153.09127044677734,False
1214,40.46666666666667,0.8538191914558411,26.840148027986288,85,136.36359092126736,JUMPING,False,,0.4318478527886547,,,35.35399915484684,12.373899704196393,3.634254469299316,247.5078887939453,243.67766571044922,157.9605712890625,152.6771011352539,False
1215,40.5,0.8632099032402039,26.655035093426704,85,136.36359092126736,JUMPING,False,,0.4318478527886547,,,35.35399915484684,12.373899704196393,3.2076246459960935,247.5078887939453,243.18297576904297,157.9605712890625,152.89303588867188,False
1216,40.53333333333333,0.8144055604934692,26.863436214625835,85,136.36359092126736,JUMPING,False,,0.4318478527886547,,,35.35399915484684,12.373899704196393,3.384013687133789,247.5078887939453,241.56803131103516,157.9605712890625,153.58311462402344,False
1217,40.56666666666667,0.8370850086212158,26.828411035239697,85,136.36359092126736,JUMPING,False,,0.4318478527886547,,,35.35399915484684,12.373899704196393,3.384013687133789,247.5078887939453,241.32227325439453,157.9605712890625,153.90595245361328,False
1218,40.6,0.8304709196090698,26.566232088953257,85,136.36359092126736,JUMPING,False,,0.4318478527886547,,,35.35399915484684,12.373899704196393,3.154891177368164,247.5078887939453,243.66238403320312,157.9605712890625,154.33743286132812,False
1219,40.63333333333333,0.8791240453720093,26.654262095689774,85,136.36359092126736,JUMPING,False,,0.4318478527886547,,,35.35399915484684,12.373899704196393,2.2553568374633786,247.5078887939453,244.95716094970703,157.9605712890625,155.2974090576172,False
1220,40.666666666666664,0.8244597911834717,26.735672261565924,85,136.36359092126736,JUMPING,False,,0.4318478527886547,,,35.35399915484684,12.373899704196393,1.354872344970703,247.60165405273438,247.92801666259766,157.39450073242188,155.42269134521484,False
1221,40.7,0.840941846370697,26.779264211654663,85,136.36359092126736,JUMPING,False,,0.4318478527886547,,,35.35399915484684,12.373899704196393,1.354872344970703,247.60165405273438,248.07769775390625,157.1367645263672,154.97027587890625,False
1222,40.733333333333334,0.8132597804069519,27.27734576910734,85,136.36359092126736,JUMPING,False,,0.4318478527886547,,,35.35399915484684,12.373899704196393,1.354872344970703,247.60165405273438,248.33782196044922,156.51312255859375,154.07461547851562,False
1223,40.766666666666666,0.8325631618499756,28.605079278349876,85,136.36359092126736,JUMPING,False,,0.4318478527886547,,,35.35399915484684,12.373899704196393,2.657961373901367,248.017822265625,249.69374084472656,155.8121337890625,153.17473602294922,False
1224,40.8,0.7899854183197021,27.031693141907454,85,136.36359092126736,JUMPING,False,,0.4318478527886547,,,35.35399915484684,12.373899704196393,2.7577952636718748,248.18505859375,252.66407775878906,155.8121337890625,152.88074493408203,False
1225,40.833333333333336,0.8168008327484131,26.66396601125598,85,136.36359092126736,JUMPING,False,,0.4318478527886547,,,35.35399915484684,12.373899704196393,3.2871886138916016,248.3053436279297,251.79524993896484,155.8121337890625,154.13516235351562,False
1226,40.86666666666667,0.8490808606147766,27.390438597649336,85,136.36359092126736,JUMPING,False,,0.4318478527886547,,,35.35399915484684,12.373899704196393,4.0508511337280275,248.43032836914062,249.5923080444336,155.8121337890625,154.98133850097656,False
1227,40.9,0.8332834243774414,26.980740949511528,85,136.36359092126736,JUMPING,False,,0.4318478527886547,,,35.35399915484684,12.373899704196393,3.8370328674316405,248.72201538085938,248.87535095214844,155.8121337890625,155.50472259521484,False
1228,40.93333333333333,0.8251134753227234,26.644779834896326,85,136.36359092126736,JUMPING,False,,0.4318478527886547,,,35.35399915484684,12.373899704196393,3.776517196655273,248.82505798339844,248.74962615966797,155.8534698486328,155.81806182861328,False
1229,40.96666666666667,0.7959078550338745,26.637619826942682,85,136.36359092126736,JUMPING,False,,0.4318478527886547,,,35.35399915484684,12.373899704196393,3.716001525878906,248.82505798339844,246.99978637695312,156.12847900390625,156.29608917236328,False
1230,41.0,0.8142645359039307,26.87442023307085,85,136.36359092126736,JUMPING,False,,0.4318478527886547,,,35.35399915484684,12.373899704196393,3.3722046478271483,248.82505798339844,246.14879608154297,156.18991088867188,156.0306625366211,False
1231,41.03333333333333,0.7911837697029114,27.546322904527187,85,136.36359092126736,JUMPING,False,,0.4318478527886547,,,35.35399915484684,12.373899704196393,3.7093504577636716,248.82505798339844,243.77342987060547,156.18991088867188,155.8401870727539,False
1232,41.06666666666667,0.8175898194313049,26.8007586710155,85,136.36359092126736,JUMPING,False,,0.4318478527886547,,,35.35399915484684,12.373899704196393,3.7093504577636716,248.82505798339844,242.60747528076172,156.21536254882812,156.0942840576172,False
1233,41.1,0.8568699955940247,26.62274008616805,85,136.36359092126736,JUMPING,False,,0.4318478527886547,,,35.35399915484684,12.373899704196393,3.7093504577636716,248.82505798339844,245.37583923339844,156.21536254882812,156.63255310058594,False
1234,41.13333333333333,0.8131999969482422,27.23758388310671,85,136.36359092126736,JUMPING,False,,0.4318478527886547,,,35.35399915484684,12.373899704196393,3.2454497680664063,248.82505798339844,244.64807891845703,156.21536254882812,156.9922332763672,False
1235,41.166666666666664,0.7910006642341614,26.840178295969963,85,136.36359092126736,JUMPING,False,,0.4318478527886547,,,35.35399915484684,12.373899704196393,3.153454637145996,248.82505798339844,244.04156494140625,156.4979705810547,157.17179107666016,False
1236,41.2,0.8057059645652771,26.61413187161088,85,136.36359092126736,JUMPING,False,,0.4318478527886547,,,35.35399915484684,12.373899704196393,2.5403686798095704,248.82505798339844,244.60061645507812,156.4979705810547,156.11862182617188,False
1237,41.233333333333334,0.8530408143997192,26.671570260077715,85,136.36359092126736,JUMPING,False,,0.4318478527886547,,,35.35399915484684,12.373899704196393,2.5140924362182617,248.82505798339844,244.36290740966797,156.4979705810547,155.08802795410156,False
1238,41.266666666666666,0.8375762701034546,27.044616173952818,85,136.36359092126736,JUMPING,False,,0.4318478527886547,,,35.35399915484684,12.373899704196393,2.0873042541503906,248.82505798339844,243.5492935180664,156.4979705810547,154.01348114013672,False
1239,41.3,0.7945013046264648,26.85836609452963,85,136.36359092126736,JUMPING,False,,0.4318478527886547,,,35.35399915484684,12.373899704196393,2.0873042541503906,248.82505798339844,242.15819549560547,156.4979705810547,152.89899444580078,False
1240,41.333333333333336,0.7992624640464783,26.891411747783422,85,136.36359092126736,JUMPING,False,,0.4318478527886547,,,35.35399915484684,12.373899704196393,1.9270225616455077,248.82505798339844,244.30423736572266,156.4979705810547,152.38345336914062,False
1241,41.36666666666667,0.8228281736373901,26.885319035500288,85,136.36359092126736,JUMPING,False,,0.4318478527886547,,,35.35399915484684,12.373899704196393,2.172139306640625,248.82505798339844,243.0598373413086,156.4979705810547,152.9200668334961,False
1242,41.4,0.815466582775116,26.721293106675148,85,136.36359092126736,JUMPING,False,,0.4318478527886547,,,35.35399915484684,12.373899704196393,2.172139306640625,248.82505798339844,241.92264556884766,156.4979705810547,153.2146759033203,False
1243,41.43333333333333,0.8312038779258728,26.64376888424158,85,136.36359092126736,JUMPING,False,,0.4318478527886547,,,35.35399915484684,12.373899704196393,2.172139306640625,248.82505798339844,242.22259521484375,156.4979705810547,152.77740478515625,False
1244,41.46666666666667,0.8360733389854431,29.209407046437263,85,136.36359092126736,JUMPING,False,,0.4318478527886547,,,35.35399915484684,12.373899704196393,2.172139306640625,248.82505798339844,241.58573150634766,156.4979705810547,152.37488555908203,False
1245,41.5,0.8271545171737671,27.72778831422329,85,136.36359092126736,JUMPING,False,,0.4318478527886547,,,35.35399915484684,12.373899704196393,2.1997163543701173,248.82505798339844,243.03275299072266,156.4979705810547,151.84088134765625,False
1246,41.53333333333333,0.8470879793167114,27.187580708414316,85,136.36359092126736,STOPPED,False,,0.4318478527886547,,,35.35399915484684,12.373899704196393,2.1997163543701173,248.82505798339844,246.6054229736328,156.4979705810547,151.85943603515625,False
1247,41.56666666666667,0.8634408712387085,27.031827252358198,85,136.36359092126736,STOPPED,False,,0.4318478527886547,,,35.35399915484684,12.373899704196393,2.1997163543701173,248.82505798339844,247.26554107666016,156.4979705810547,151.07654571533203,False
1248,41.6,0.8685204982757568,26.80934825912118,85,136.36359092126736,STOPPED,False,,0.4318478527886547,,,35.35399915484684,12.373899704196393,2.1997163543701173,248.82505798339844,248.38758087158203,156.22509765625,150.13471221923828,False
1249,41.63333333333333,0.8431379795074463,26.98726998642087,85,136.36359092126736,STOPPED,False,,0.4318478527886547,,,35.35399915484684,12.373899704196393,2.6303843261718747,248.83815002441406,248.7823486328125,156.10888671875,150.01400756835938,False
1250,41.666666666666664,0.8486427664756775,26.62150515243411,85,136.36359092126736,STOPPED,False,,0.4318478527886547,,,35.35399915484684,12.373899704196393,2.7080479888916016,248.83815002441406,248.1683349609375,156.10888671875,149.66383361816406,False
1251,41.7,0.8507669568061829,26.75688313320279,85,136.36359092126736,STOPPED,False,,0.4318478527886547,,,35.35399915484684,12.373899704196393,3.102044595336914,248.83815002441406,246.23705291748047,156.10888671875,149.69656372070312,False
1252,41.733333333333334,0.8507765531539917,26.63842961192131,85,136.36359092126736,STOPPED,False,,0.4318478527886547,,,35.35399915484684,12.373899704196393,2.5403686798095704,248.83815002441406,244.54115295410156,156.10888671875,148.6938934326172,False
1253,41.766666666666666,0.873772382736206,26.9554341211915,85,136.36359092126736,STOPPED,False,,0.4318478527886547,,,35.35399915484684,12.373899704196393,2.5403686798095704,248.83815002441406,242.79835510253906,156.10888671875,145.64498138427734,False
1254,41.8,0.8817610740661621,26.96522604674101,85,136.36359092126736,STOPPED,False,,0.4318478527886547,,,35.35399915484684,12.373899704196393,2.5403686798095704,248.83815002441406,241.88877868652344,156.10888671875,144.33360290527344,False
1255,41.833333333333336,0.8649637699127197,26.748191099613905,85,136.36359092126736,STOPPED,False,,0.4318478527886547,,,35.35399915484684,12.373899704196393,2.5403686798095704,248.83815002441406,241.3606719970703,156.10888671875,143.51490783691406,False
1256,41.86666666666667,0.8603410720825195,26.78375504910946,85,136.36359092126736,STOPPED,False,,0.4318478527886547,,,35.35399915484684,12.373899704196393,3.102044595336914,248.83815002441406,241.5609130859375,156.10888671875,143.44125366210938,False
1257,41.9,0.8744441866874695,26.760580949485302,85,136.36359092126736,STOPPED,False,,0.4318478527886547,,,35.35399915484684,12.373899704196393,3.124192199707031,248.83815002441406,242.73548126220703,156.10888671875,143.38661193847656,False
1258,41.93333333333333,0.8562380075454712,27.287484146654606,85,136.36359092126736,STOPPED,False,,0.4318478527886547,,,35.35399915484684,12.373899704196393,3.2454497680664063,248.83815002441406,243.4910125732422,156.10888671875,145.90775299072266,False
1259,41.96666666666667,0.8469948768615723,26.69407892972231,85,136.36359092126736,STOPPED,False,,0.4318478527886547,,,35.35399915484684,12.373899704196393,3.124192199707031,248.83815002441406,244.65658569335938,156.10888671875,149.35771942138672,False
1260,42.0,0.8585273027420044,26.621054857969284,85,136.36359092126736,STOPPED,False,,0.4318478527886547,,,35.35399915484684,12.373899704196393,2.99415703125,248.83815002441406,245.234130859375,156.10888671875,150.73756408691406,False
1261,42.03333333333333,0.8722556233406067,26.637870352715254,85,136.36359092126736,STOPPED,False,,0.4318478527886547,,,35.35399915484684,12.373899704196393,3.0310546234130857,248.83815002441406,245.35401916503906,156.10888671875,151.70818328857422,False
1262,42.06666666666667,0.8738834261894226,27.132726274430752,85,136.36359092126736,STOPPED,False,,0.4318478527886547,,,35.35399915484684,12.373899704196393,2.5403686798095704,248.83815002441406,244.60472106933594,156.10888671875,151.98503875732422,False
1263,42.1,0.8715718388557434,26.989064179360867,85,136.36359092126736,STOPPED,False,,0.4318478527886547,,,35.35399915484684,12.373899704196393,2.4076640350341796,248.83815002441406,244.22474670410156,156.10888671875,152.12065887451172,False
1264,42.13333333333333,0.9116690754890442,26.72075806185603,85,136.36359092126736,STOPPED,False,,0.4318478527886547,,,35.35399915484684,12.373899704196393,2.7080479888916016,248.83815002441406,243.36752319335938,156.10888671875,153.38030242919922,False
1265,42.166666666666664,0.8648342490196228,26.65002690628171,85,136.36359092126736,STOPPED,False,,0.4318478527886547,,,35.35399915484684,12.373899704196393,2.5578560119628904,248.83815002441406,242.74147033691406,156.10888671875,154.40424346923828,False
1266,42.2,0.8754372000694275,26.82123426347971,85,136.36359092126736,STOPPED,False,,0.4318478527886547,,,35.35399915484684,12.373899704196393,2.5578560119628904,248.83815002441406,243.31830596923828,156.22509765625,156.7615966796875,False
1267,42.233333333333334,0.8644814491271973,26.68127790093422,85,136.36359092126736,STOPPED,False,,0.4318478527886547,,,35.35399915484684,12.373899704196393,2.2477556167602537,248.83815002441406,243.13008880615234,156.4979705810547,157.97948455810547,False
1268,42.266666666666666,0.8304674029350281,26.78235899657011,85,136.36359092126736,STOPPED,False,,0.4318478527886547,,,35.35399915484684,12.373899704196393,2.098253631591797,248.76925659179688,241.66961669921875,156.70997619628906,157.75443267822266,False
1269,42.3,0.7935286164283752,27.406360022723675,85,136.36359092126736,STOPPED,False,,0.4318478527886547,,,35.35399915484684,12.373899704196393,2.2353018310546875,248.6048126220703,240.0204849243164,156.8999786376953,157.61456298828125,False
1270,42.333333333333336,0.8007267713546753,26.630112901329994,85,136.36359092126736,STOPPED,False,,0.4318478527886547,,,35.35399915484684,12.373899704196393,2.180192980957031,248.2998809814453,238.614501953125,156.92727661132812,156.82984161376953,False
1271,42.36666666666667,0.8154477477073669,26.620627846568823,85,136.36359092126736,STOPPED,False,,0.4318478527886547,,,35.35399915484684,12.373899704196393,1.9085172088623046,247.80722045898438,235.26506805419922,156.92727661132812,155.01983642578125,True
1272,42.4,0.8103161454200745,26.664460077881813,85,136.36359092126736,STOPPED,False,,0.4318478527886547,,,35.35399915484684,12.373899704196393,1.9364109741210938,247.15924072265625,232.55638885498047,156.92727661132812,152.37440490722656,True
1273,42.43333333333333,0.8162456750869751,27.06956071779132,85,136.36359092126736,STOPPED,False,,0.4318478527886547,,,35.35399915484684,12.373899704196393,1.8325276245117186,246.842041015625,233.33959197998047,156.92727661132812,150.89031219482422,True
1274,42.46666666666667,0.7996862530708313,27.484990190714598,85,136.36359092126736,STOPPED,False,,0.4318478527886547,,,35.35399915484684,12.373899704196393,1.5388852294921873,246.4580841064453,233.32223510742188,156.92727661132812,149.4685516357422,True
1275,42.5,0.7932849526405334,26.914068963378668,85,136.36359092126736,STOPPED,False,,0.4318478527886547,,,35.35399915484684,12.373899704196393,1.4692073730468749,246.4580841064453,231.88886260986328,156.92727661132812,148.34027099609375,True
1276,42.53333333333333,0.779396653175354,26.865199208259583,85,136.36359092126736,STOPPED,False,,0.4318478527886547,,,35.35399915484684,12.373899704196393,1.6290592346191406,246.4580841064453,231.13876342773438,156.92727661132812,145.81982421875,True
1277,42.56666666666667,0.7923399806022644,26.73418167978525,85,136.36359092126736,STOPPED,False,,0.4318478527886547,,,35.35399915484684,12.373899704196393,1.5670391555786132,246.4580841064453,230.43880462646484,156.92727661132812,144.0426254272461,True
1278,42.6,0.7734008431434631,26.71288000419736,85,136.36359092126736,STOPPED,False,,0.4318478527886547,,,35.35399915484684,12.373899704196393,1.6290592346191406,246.4580841064453,232.4145050048828,156.92727661132812,145.4778823852539,True
1279,42.63333333333333,0.798827052116394,26.762262918055058,85,0.0,STOPPED,False,2.633333333333333,,16.01927947998047,12.759910583496094,35.35399915484684,12.373899704196393,1.6464447647094727,246.4580841064453,237.04842376708984,156.8025360107422,149.0005645751953,False
1280,42.666666666666664,0.8328287601470947,27.412906289100647,85,0.0,STOPPED,False,,,,,35.35399915484684,12.373899704196393,1.8043171417236328,246.4580841064453,241.9093780517578,156.50440979003906,154.62747192382812,False
1281,42.7,0.8216532468795776,26.6077877022326,85,0.0,STOPPED,False,,,,,35.35399915484684,12.373899704196393,1.8520509979248045,246.76763916015625,246.87578582763672,156.8025360107422,160.744384765625,False
1282,42.733333333333334,0.8054283857345581,26.721759233623743,85,0.0,STOPPED,False,,,,,35.35399915484684,12.373899704196393,2.0590937713623045,247.10963439941406,253.19278717041016,157.30067443847656,165.43811798095703,False
1283,42.766666666666666,0.799003541469574,26.88088919967413,85,0.0,STOPPED,False,,,,,35.35399915484684,12.373899704196393,2.2624829818725583,247.80722045898438,259.6799011230469,157.698486328125,171.07833099365234,False
1284,42.8,0.7953317761421204,26.678061112761497,85,0.0,STOPPED,False,,,,,35.35399915484684,12.373899704196393,2.375358847045898,248.2998809814453,258.62709045410156,157.88946533203125,170.5946502685547,False
1285,42.833333333333336,0.7971793413162231,27.04676380380988,85,0.0,STOPPED,False,,,,,35.35399915484684,12.373899704196393,2.8155509674072263,248.6244354248047,252.38973999023438,159.638427734375,164.91073608398438,False
1286,42.86666666666667,0.8271312117576599,26.69515088200569,85,0.0,STOPPED,False,,,,,35.35399915484684,12.373899704196393,2.7634735565185546,248.6244354248047,243.23558807373047,159.638427734375,155.42819213867188,False
1287,42.9,0.8047073483467102,26.508198119699955,85,0.0,STOPPED,False,,,,,35.35399915484684,12.373899704196393,2.7634735565185546,248.6244354248047,235.7368927001953,159.638427734375,150.0471954345703,True
1288,42.93333333333333,0.7867081165313721,26.70004265382886,85,0.0,STOPPED,False,,,,,35.35399915484684,12.373899704196393,2.7634735565185546,248.6244354248047,232.72176361083984,159.638427734375,146.4721450805664,True
1289,42.96666666666667,0.8240768313407898,26.594451162964106,85,0.0,STOPPED,False,,,,,35.35399915484684,12.373899704196393,2.7634735565185546,248.6244354248047,225.7610626220703,159.638427734375,138.96871185302734,True
1290,43.0,0.8008084297180176,27.25568087771535,85,0.0,STOPPED,False,,,,,35.35399915484684,12.373899704196393,2.7713462493896484,248.6244354248047,219.37867736816406,159.638427734375,133.6383056640625,True
1291,43.03333333333333,0.7929285764694214,26.96918696165085,85,0.0,STOPPED,False,,,,,35.35399915484684,12.373899704196393,2.677100161743164,248.6244354248047,217.18896484375,159.638427734375,131.88711547851562,True
1292,43.06666666666667,0.7381885051727295,26.647689286619425,85,0.0,STOPPED,False,,,,,35.35399915484684,12.373899704196393,2.5957263793945313,248.6244354248047,218.94781494140625,159.638427734375,132.66004943847656,True
1293,43.1,0.7696435451507568,26.494641322642565,85,0.0,STOPPED,False,,,,,35.35399915484684,12.373899704196393,2.207996255493164,248.5367431640625,218.00536346435547,159.638427734375,133.43907928466797,True
1294,43.13333333333333,0.7824428081512451,26.7369719222188,85,0.0,STOPPED,False,,,,,35.35399915484684,12.373899704196393,2.3754719604492185,247.6513214111328,220.7030792236328,159.638427734375,135.35865783691406,True
1295,43.166666666666664,0.7631307244300842,27.142159640789032,85,0.0,STOPPED,False,,,,,35.35399915484684,12.373899704196393,2.2686476623535157,246.62030029296875,228.285400390625,159.638427734375,141.72415161132812,True
1296,43.2,0.817892849445343,26.65445301681757,85,0.0,JUMPING,True,,,29.078109741210938,27.751312255859375,33.785026801437866,12.373899704196393,2.1406259124755858,246.26707458496094,241.11063385009766,159.638427734375,152.7139663696289,False
1297,43.233333333333334,0.7815688252449036,26.465928182005882,85,0.0,JUMPING,False,,,,,33.785026801437866,11.824759380503252,2.1147681884765626,249.41575622558594,251.1090850830078,161.5446014404297,162.0780792236328,False
1298,43.266666666666666,0.8002991080284119,26.58152813091874,85,0.0,JUMPING,False,,,,,33.785026801437866,23.66044713288546,8.532460729980468,251.87747192382812,255.9037628173828,163.7776641845703,166.0696029663086,False
1299,43.3,0.7923364639282227,26.705071795731783,85,0.0,JUMPING,False,,,,,33.785026801437866,23.593047281801702,7.947110179138183,252.1703338623047,251.8412094116211,164.69430541992188,164.36965942382812,False
1300,43.333333333333336,0.7537698149681091,26.638553012162447,85,0.0,JUMPING,False,,,,,33.785026801437866,21.325767626953123,7.108589208984375,252.1703338623047,247.87364196777344,164.69430541992188,161.46995544433594,False
1301,43.36666666666667,0.7904919385910034,26.65640227496624,85,0.0,JUMPING,False,,,,,33.785026801437866,21.325767626953123,7.108589208984375,252.1703338623047,243.77606964111328,164.69430541992188,157.33935546875,False
1302,43.4,0.0,27.393087279051542,85,0.0,JUMPING,False,,,,,33.785026801437866,21.325767626953123,7.108589208984375,252.1703338623047,234.08619689941406,164.69430541992188,148.25199127197266,False
1303,43.43333333333333,0.8226943016052246,27.101821731776,85,0.0,JUMPING,False,,,,,33.785026801437866,21.325767626953123,7.108589208984375,252.1703338623047,219.24610137939453,164.69430541992188,133.2745819091797,True
1304,43.46666666666667,0.7742937803268433,26.631166227161884,85,0.0,JUMPING,False,,,,,33.785026801437866,18.668699848937987,6.222899949645996,252.1703338623047,212.6230697631836,164.69430541992188,125.7530288696289,True
1305,43.5,0.7763494849205017,27.52007031813264,85,0.0,JUMPING,False,,,,,33.785026801437866,21.325767626953123,7.108589208984375,252.1703338623047,210.86861419677734,164.69430541992188,122.1035270690918,True
1306,43.53333333333333,0.7567881345748901,26.736382860690355,85,0.0,JUMPING,False,,,,,33.785026801437866,20.077301060485837,6.692433686828613,252.1703338623047,214.47557830810547,164.69430541992188,122.90282821655273,True
1307,43.56666666666667,0.751264214515686,26.65095590054989,85,0.0,JUMPING,False,,,,,33.785026801437866,18.069391104125977,6.023130368041992,252.1703338623047,219.6482391357422,164.69430541992188,128.45640563964844,True
1308,43.6,0.7507902979850769,26.706792879849672,85,0.0,JUMPING,False,,,,,33.785026801437866,17.85818575744629,5.9527285858154295,252.1703338623047,229.4280548095703,164.69430541992188,138.74462890625,True
1309,43.63333333333333,0.7917210459709167,26.995291002094746,86,138.46121342300785,JUMPING,True,0.43333333333333,0.43333333333333,41.301719665527344,42.59077835083008,35.66420001746023,17.85818575744629,5.9527285858154295,252.1703338623047,241.319580078125,164.69430541992188,151.94447326660156,False
1310,43.666666666666664,0.7989354133605957,26.78741794079542,86,138.46121342300785,JUMPING,False,,0.43333333333333,,,35.66420001746023,12.48247000611108,3.5542946044921875,252.87156677246094,254.0246810913086,164.69430541992188,164.2845458984375,False
1311,43.7,0.8258070349693298,26.738645043224096,86,138.46121342300785,JUMPING,False,,0.43333333333333,,,35.66420001746023,12.48247000611108,2.7031162445068357,253.08859252929688,252.93231964111328,165.22715759277344,165.59136199951172,False
1312,43.733333333333334,0.8094005584716797,27.524519711732864,86,138.46121342300785,JUMPING,False,,0.43333333333333,,,35.66420001746023,12.48247000611108,2.9778121444702146,253.08859252929688,250.1959457397461,165.22715759277344,162.4684295654297,False
1313,43.766666666666666,0.8126933574676514,26.650405954569578,86,138.46121342300785,JUMPING,False,,0.43333333333333,,,35.66420001746023,12.48247000611108,2.9778121444702146,253.08859252929688,243.74352264404297,165.22715759277344,154.35303497314453,False
1314,43.8,0.8458799719810486,26.83623367920518,86,138.46121342300785,JUMPING,False,,0.43333333333333,,,35.66420001746023,12.48247000611108,2.9778121444702146,253.08859252929688,232.2184829711914,165.22715759277344,143.8260955810547,True
1315,43.833333333333336,0.8383792638778687,27.221427764743567,86,138.46121342300785,JUMPING,False,,0.43333333333333,,,35.66420001746023,12.48247000611108,2.9778121444702146,253.08859252929688,222.9202423095703,165.22715759277344,135.36180877685547,True
1316,43.86666666666667,0.7993559837341309,27.213817927986383,86,138.46121342300785,JUMPING,False,,0.43333333333333,,,35.66420001746023,12.48247000611108,2.9778121444702146,253.08859252929688,216.0122833251953,165.22715759277344,128.88185501098633,True
1317,43.9,0.7946504354476929,26.571728754788637,86,138.46121342300785,JUMPING,False,,0.43333333333333,,,35.66420001746023,12.48247000611108,2.9778121444702146,253.08859252929688,212.49452209472656,165.22715759277344,125.88079452514648,True
1318,43.93333333333333,0.7986928224563599,27.089526876807213,86,138.46121342300785,JUMPING,False,,0.43333333333333,,,35.66420001746023,12.48247000611108,2.9778121444702146,253.08859252929688,212.23924255371094,165.22715759277344,125.42490768432617,True
1319,43.96666666666667,0.7675314545631409,26.74666093662381,86,138.46121342300785,JUMPING,False,,0.43333333333333,,,35.66420001746023,12.48247000611108,2.9778121444702146,253.08859252929688,216.00381469726562,165.22715759277344,127.46629333496094,True
1320,44.0,0.7793579697608948,28.03079690784216,86,138.46121342300785,JUMPING,False,,0.43333333333333,,,35.66420001746023,12.48247000611108,2.9778121444702146,253.08859252929688,224.0923309326172,165.22715759277344,135.4475326538086,True
1321,44.03333333333333,0.8196532726287842,26.633670553565025,86,138.46121342300785,JUMPING,False,,0.43333333333333,,,35.66420001746023,12.48247000611108,2.9778121444702146,253.08859252929688,237.92157745361328,165.22715759277344,146.43672943115234,True
1322,44.06666666666667,0.846464991569519,26.831296738237143,87,138.46182287150458,JUMPING,True,0.4333333333333371,0.43333333333333157,40.84934997558594,39.802249908447266,36.960487506991655,12.48247000611108,2.4239749877929686,253.08859252929688,251.09032440185547,165.22715759277344,156.86135864257812,False
1323,44.1,0.7567734718322754,28.148145880550146,87,138.46182287150458,JUMPING,False,,0.43333333333333157,,,36.960487506991655,12.936170627447078,2.991713781738281,253.69192504882812,260.25238037109375,165.22715759277344,164.12273406982422,False
1324,44.13333333333333,0.7392098903656006,27.57061691954732,87,138.46182287150458,JUMPING,False,,0.43333333333333157,,,36.960487506991655,12.936170627447078,4.056925323486328,255.15213012695312,258.41200256347656,165.53005981445312,165.75132751464844,False
1325,44.166666666666664,0.7821412086486816,28.68053875863552,87,138.46182287150458,JUMPING,False,,0.43333333333333157,,,36.960487506991655,12.936170627447078,2.991713781738281,255.15213012695312,252.1624755859375,165.66339111328125,165.71139526367188,False
1326,44.2,0.8217141628265381,29.252871870994568,87,138.46182287150458,JUMPING,False,,0.43333333333333157,,,36.960487506991655,12.936170627447078,2.7309195190429687,255.15213012695312,244.8008041381836,165.66339111328125,158.70700073242188,False
1327,44.233333333333334,0.8130042552947998,28.150792699307203,87,138.46182287150458,JUMPING,False,,0.43333333333333157,,,36.960487506991655,12.936170627447078,2.991713781738281,255.15213012695312,239.66426849365234,165.66339111328125,152.24134826660156,True
1328,44.266666666666666,0.7883540391921997,29.39200820401311,87,138.46182287150458,JUMPING,False,,0.43333333333333157,,,36.960487506991655,12.936170627447078,2.838241516113281,253.58773803710938,228.03680419921875,165.31912231445312,140.9311065673828,True
1329,44.3,0.8139859437942505,31.99414862319827,87,138.46182287150458,JUMPING,False,,0.43333333333333157,,,36.960487506991655,12.936170627447078,2.7609171936035155,252.7152862548828,218.83116149902344,164.69430541992188,130.51610565185547,True
1330,44.333333333333336,0.7972208261489868,27.129795867949724,87,138.46182287150458,JUMPING,False,,0.43333333333333157,,,36.960487506991655,13.679312873840331,4.559770957946777,252.62437438964844,216.04334259033203,164.3356170654297,127.73036575317383,True
1331,44.36666666666667,0.77753746509552,30.602179002016783,87,138.46182287150458,JUMPING,False,,0.43333333333333157,,,36.960487506991655,13.679312873840331,4.559770957946777,252.62437438964844,215.82816314697266,164.3356170654297,127.26376724243164,True
1332,44.4,0.7686558365821838,28.821948915719986,87,138.46182287150458,JUMPING,False,,0.43333333333333157,,,36.960487506991655,13.679312873840331,4.559770957946777,252.62437438964844,221.4502944946289,164.3356170654297,132.0423126220703,True
1333,44.43333333333333,0.7760576009750366,32.369513995945454,87,138.46182287150458,JUMPING,False,,0.43333333333333157,,,36.960487506991655,13.679312873840331,4.559770957946777,252.62437438964844,230.41854095458984,164.3356170654297,140.71517181396484,True
1334,44.46666666666667,0.7965421676635742,27.70408196374774,88,142.10529168887723,JUMPING,True,0.3999999999999986,0.4259999999999983,36.79621124267578,37.07184982299805,36.919418440912686,13.679312873840331,4.559770957946777,252.62437438964844,241.11490631103516,164.3356170654297,150.57524871826172,False
1335,44.5,0.8242635726928711,26.994061190634966,88,142.10529168887723,JUMPING,False,,0.4259999999999983,,,36.919418440912686,12.96802185974121,4.32267395324707,252.62437438964844,248.71440887451172,164.3356170654297,158.97887420654297,False
1336,44.53333333333333,0.8120123147964478,27.269809041172266,88,142.10529168887723,JUMPING,False,,0.4259999999999983,,,36.919418440912686,12.92179645431944,2.838241516113281,252.90106201171875,252.8541717529297,164.3356170654297,162.46312713623047,False
1337,44.56666666666667,0.7973403930664062,29.585036914795637,88,142.10529168887723,JUMPING,False,,0.4259999999999983,,,36.919418440912686,12.92179645431944,2.9155658386230465,253.58773803710938,254.66024780273438,164.6295623779297,164.80282592773438,False
1338,44.6,0.8108938336372375,28.37025187909603,88,142.10529168887723,JUMPING,False,,0.4259999999999983,,,36.919418440912686,12.92179645431944,3.470206100463867,253.58773803710938,245.83482360839844,164.6295623779297,160.06737518310547,False
1339,44.63333333333333,0.8147627711296082,30.534945894032717,88,142.10529168887723,JUMPING,False,,0.4259999999999983,,,36.919418440912686,12.92179645431944,3.470206100463867,253.58773803710938,238.66934967041016,164.6295623779297,152.26155853271484,True
1340,44.666666666666664,0.8261414170265198,26.959155220538378,88,142.10529168887723,JUMPING,False,,0.4259999999999983,,,36.919418440912686,12.92179645431944,3.470206100463867,253.58773803710938,232.7727813720703,164.6295623779297,144.8786849975586,True
1341,44.7,0.7052019834518433,33.362078946083784,88,142.10529168887723,JUMPING,False,,0.4259999999999983,,,36.919418440912686,12.92179645431944,3.470206100463867,253.58773803710938,227.5513687133789,164.6295623779297,138.40241241455078,True
1342,44.733333333333334,0.9080149531364441,32.07011707127094,88,142.10529168887723,JUMPING,False,,0.4259999999999983,,,36.919418440912686,12.92179645431944,3.7031970886230465,253.58773803710938,223.1468505859375,164.6295623779297,134.51242065429688,True
1343,44.766666666666666,0.8141083121299744,27.36477693542838,88,142.10529168887723,JUMPING,False,,0.4259999999999983,,,36.919418440912686,12.92179645431944,3.470206100463867,252.90106201171875,217.83106994628906,164.3356170654297,129.43994903564453,True
1344,44.8,0.7959860563278198,26.77372097969055,88,142.10529168887723,JUMPING,False,,0.4259999999999983,,,36.919418440912686,12.92179645431944,3.7031970886230465,252.90106201171875,215.25143432617188,164.21981811523438,127.52720642089844,True
1345,44.833333333333336,0.8197092413902283,27.13197795674205,88,142.10529168887723,JUMPING,False,,0.4259999999999983,,,36.919418440912686,12.92179645431944,3.3093814636230467,252.90106201171875,218.69139099121094,164.21981811523438,129.37954330444336,True
1346,44.86666666666667,0.8125627040863037,27.33084326609969,88,142.10529168887723,JUMPING,False,,0.4259999999999983,,,36.919418440912686,12.92179645431944,3.3093814636230467,252.90106201171875,224.35411834716797,164.21981811523438,134.7579116821289,True
1347,44.9,0.8095903396606445,26.72814577817917,88,142.10529168887723,JUMPING,False,,0.4259999999999983,,,36.919418440912686,12.92179645431944,3.3093814636230467,252.90106201171875,232.15398406982422,164.21981811523438,142.44644165039062,True
1348,44.93333333333333,0.8260902166366577,36.505214869976044,89,138.46151814658558,JUMPING,True,0.46666666666666146,0.4349466666666642,37.649627685546875,36.69261169433594,37.10197075207123,12.92179645431944,3.3093814636230467,252.90106201171875,243.37358856201172,164.21981811523438,153.9347152709961,False
1349,44.96666666666667,0.7966411709785461,35.227701999247074,89,138.46151814658558,JUMPING,False,,0.4349466666666642,,,37.10197075207123,12.985689763224931,2.6776883514404295,253.2385711669922,253.44273376464844,164.21981811523438,164.09390258789062,False
1350,45.0,0.8203117251396179,36.117142997682095,89,138.46151814658558,JUMPING,False,,0.4349466666666642,,,37.10197075207123,12.985689763224931,2.7309195190429687,253.79190063476562,258.33790588378906,164.59552001953125,168.38465118408203,False
1351,45.03333333333333,0.7576960921287537,27.860461734235287,89,138.46151814658558,JUMPING,False,,0.4349466666666642,,,37.10197075207123,12.985689763224931,2.646378561401367,254.3621826171875,254.58718872070312,165.2759552001953,166.4334945678711,False
1352,45.06666666666667,0.8241031169891357,27.66514802351594,89,138.46151814658558,JUMPING,False,,0.4349466666666642,,,37.10197075207123,12.985689763224931,2.7309195190429687,254.3621826171875,246.1111831665039,165.2759552001953,160.76319122314453,False
1353,45.1,0.8240253329277039,28.72544201090932,89,138.46151814658558,JUMPING,False,,0.4349466666666642,,,37.10197075207123,12.985689763224931,2.7309195190429687,254.3621826171875,236.26428985595703,165.2759552001953,150.30381774902344,True
1354,45.13333333333333,0.8498566150665283,27.640471700578928,89,138.46151814658558,JUMPING,False,,0.4349466666666642,,,37.10197075207123,12.985689763224931,2.7309195190429687,254.3621826171875,228.16148376464844,165.2759552001953,140.78428649902344,True
1355,45.166666666666664,0.7882574200630188,27.658401057124138,89,138.46151814658558,JUMPING,False,,0.4349466666666642,,,37.10197075207123,12.985689763224931,3.3360083587646483,254.12940979003906,223.9348907470703,165.2759552001953,134.0775604248047,True
1356,45.2,0.8227252960205078,28.061843011528254,89,138.46151814658558,JUMPING,False,,0.4349466666666642,,,37.10197075207123,12.985689763224931,3.941074575805664,254.12940979003906,217.67566680908203,164.53079223632812,128.79874420166016,True
1357,45.233333333333334,0.8153926134109497,27.881877031177282,89,138.46151814658558,JUMPING,False,,0.4349466666666642,,,37.10197075207123,14.437907913208006,4.812635971069335,254.12940979003906,214.6375961303711,164.53079223632812,126.47152328491211,True
1358,45.266666666666666,0.8123787641525269,28.156705666333437,89,138.46151814658558,JUMPING,False,,0.4349466666666642,,,37.10197075207123,14.437907913208006,4.812635971069335,254.12940979003906,214.74717712402344,164.53079223632812,127.18655395507812,True
1359,45.3,0.7910868525505066,27.672171127051115,89,138.46151814658558,JUMPING,False,,0.4349466666666642,,,37.10197075207123,14.437907913208006,4.812635971069335,254.12940979003906,221.5448989868164,164.53079223632812,133.07904052734375,True
1360,45.333333333333336,0.7962812185287476,27.996887918561697,89,138.46151814658558,JUMPING,False,,0.4349466666666642,,,37.10197075207123,14.437907913208006,4.812635971069335,254.12940979003906,230.24959564208984,164.53079223632812,141.77281188964844,True
1361,45.36666666666667,0.8220710158348083,27.692805975675583,90,138.4616990768445,JUMPING,True,0.4333333333333371,0.43459173333333223,39.49181365966797,38.059268951416016,37.69943147897042,14.437907913208006,4.812635971069335,254.12940979003906,240.87918090820312,164.53079223632812,152.14813995361328,False
1362,45.4,0.8418503999710083,28.08629209175706,90,138.4616990768445,JUMPING,False,,0.43459173333333223,,,37.69943147897042,13.194801017639646,3.6932883544921875,254.12940979003906,250.3630828857422,164.53079223632812,161.60772705078125,False
1363,45.43333333333333,0.8271476030349731,27.636571787297726,90,138.4616990768445,JUMPING,False,,0.43459173333333223,,,37.69943147897042,13.194801017639646,3.5412639404296873,254.6310272216797,255.68939971923828,164.9476776123047,165.04424285888672,False
1364,45.46666666666667,0.8395711779594421,27.619349770247936,90,138.4616990768445,JUMPING,False,,0.43459173333333223,,,37.69943147897042,15.553319183349608,5.184439727783203,255.27772521972656,258.97442626953125,165.4445343017578,168.13609313964844,False
1365,45.5,0.8322137594223022,27.87842508405447,90,138.4616990768445,JUMPING,False,,0.43459173333333223,,,37.69943147897042,13.2504547164917,4.416818238830566,255.27772521972656,250.9813690185547,165.4445343017578,163.66554260253906,False
1366,45.53333333333333,0.8353286385536194,27.773327194154263,90,138.4616990768445,JUMPING,False,,0.43459173333333223,,,37.69943147897042,13.2504547164917,4.416818238830566,255.27772521972656,241.14043426513672,165.4445343017578,154.42693328857422,True
1367,45.56666666666667,0.8555389046669006,27.66560297459364,90,138.4616990768445,JUMPING,False,,0.43459173333333223,,,37.69943147897042,16.03796487121582,5.345988290405273,255.27772521972656,232.7429656982422,165.4445343017578,144.59422302246094,True
1368,45.6,0.8342772126197815,27.92980708181858,90,138.4616990768445,JUMPING,False,,0.43459173333333223,,,37.69943147897042,13.194801017639646,3.6220382217407225,254.6310272216797,226.26116180419922,165.4445343017578,137.0176010131836,True
1369,45.63333333333333,0.8574944734573364,27.661126106977463,90,138.4616990768445,JUMPING,False,,0.43459173333333223,,,37.69943147897042,13.194801017639646,3.33089563293457,254.12940979003906,221.49324798583984,164.9476776123047,131.71719360351562,True
1370,45.666666666666664,0.8183978199958801,28.541285078972578,90,138.4616990768445,JUMPING,False,,0.43459173333333223,,,37.69943147897042,13.194801017639646,3.490057502746582,254.12940979003906,216.51020050048828,164.51925659179688,126.03494262695312,True
1371,45.7,0.7899278998374939,27.83970581367612,90,138.4616990768445,JUMPING,False,,0.43459173333333223,,,37.69943147897042,13.194801017639646,3.6492193725585937,254.12940979003906,213.41798400878906,164.51925659179688,124.49682998657227,True
1372,45.733333333333334,0.8042030930519104,27.7273110114038,90,138.4616990768445,JUMPING,False,,0.43459173333333223,,,37.69943147897042,13.194801017639646,3.6492193725585937,254.12940979003906,215.62398529052734,164.51925659179688,126.56279754638672,True
1373,45.766666666666666,0.7991570830345154,27.563652023673058,90,138.4616990768445,JUMPING,False,,0.43459173333333223,,,37.69943147897042,13.194801017639646,3.6492193725585937,254.12940979003906,221.79985809326172,164.51925659179688,132.66803741455078,True
1374,45.8,0.8079427480697632,27.890007011592388,90,138.4616990768445,JUMPING,False,,0.43459173333333223,,,37.69943147897042,13.194801017639646,3.6492193725585937,254.12940979003906,230.2117691040039,164.51925659179688,143.2343978881836,True
1375,45.833333333333336,0.8236491084098816,27.346561662852764,91,136.36382182792792,JUMPING,True,0.46666666666666856,0.4416482186666662,40.71142578125,40.02242660522461,38.452430054540315,13.194801017639646,3.6492193725585937,254.12940979003906,243.6014633178711,164.51925659179688,154.8307876586914,False
1376,45.86666666666667,0.8045918941497803,27.687355410307646,91,136.36382182792792,JUMPING,False,,0.4416482186666662,,,38.452430054540315,13.458350519089109,2.569370956420898,254.6310272216797,255.15995025634766,164.51925659179688,163.7752914428711,False
1377,45.9,0.8152750730514526,27.654394041746855,91,136.36382182792792,JUMPING,False,,0.4416482186666662,,,38.452430054540315,13.458350519089109,4.011838320922851,254.96006774902344,260.26837158203125,164.9476776123047,167.25518798828125,False
1378,45.93333333333333,0.8349831700325012,27.986973989754915,91,136.36382182792792,JUMPING,False,,0.4416482186666662,,,38.452430054540315,16.35741974487305,5.452473248291016,255.4776153564453,258.79473876953125,165.87779235839844,167.52112579345703,False
1379,45.96666666666667,0.8247895836830139,27.808320708572865,91,136.36382182792792,JUMPING,False,,0.4416482186666662,,,38.452430054540315,13.458350519089109,4.011838320922851,255.4776153564453,253.7398223876953,165.87779235839844,164.80475616455078,False
1380,46.0,0.8371109366416931,27.955444995313883,91,136.36382182792792,JUMPING,False,,0.4416482186666662,,,38.452430054540315,13.458350519089109,4.011838320922851,255.4776153564453,247.81665802001953,165.87779235839844,160.43133544921875,False
1381,46.03333333333333,0.803203821182251,27.511823922395706,91,136.36382182792792,JUMPING,False,,0.4416482186666662,,,38.452430054540315,16.35741974487305,5.452473248291016,255.4776153564453,235.9817886352539,165.87779235839844,150.12783813476562,True
1382,46.06666666666667,0.8166135549545288,27.961572166532278,91,136.36382182792792,JUMPING,False,,0.4416482186666662,,,38.452430054540315,16.36016840057373,5.45338946685791,255.4776153564453,225.64479064941406,165.87779235839844,140.0706787109375,True
1383,46.1,0.7869993448257446,27.75523066520691,91,136.36382182792792,JUMPING,False,,0.4416482186666662,,,38.452430054540315,16.36016840057373,5.45338946685791,255.4776153564453,217.30753326416016,165.87779235839844,131.56483459472656,True
1384,46.13333333333333,0.7970374226570129,28.807796072214842,91,136.36382182792792,JUMPING,False,,0.4416482186666662,,,38.452430054540315,16.36016840057373,5.45338946685791,255.4776153564453,212.64986419677734,165.87779235839844,126.700439453125,True
1385,46.166666666666664,0.7766744494438171,27.55488408729434,91,136.36382182792792,JUMPING,False,,0.4416482186666662,,,38.452430054540315,16.36016840057373,5.45338946685791,255.4776153564453,213.1308364868164,165.87779235839844,125.55827713012695,True
1386,46.2,0.7653008103370667,27.071135118603706,91,136.36382182792792,JUMPING,False,,0.4416482186666662,,,38.452430054540315,16.36016840057373,5.45338946685791,255.4776153564453,216.82135772705078,165.87779235839844,127.93609237670898,True
1387,46.233333333333334,0.7713882923126221,27.6410230435431,91,136.36382182792792,JUMPING,False,,0.4416482186666662,,,38.452430054540315,16.36016840057373,5.45338946685791,255.4776153564453,223.9306640625,165.87779235839844,134.96430206298828,True
1388,46.266666666666666,0.760916531085968,27.644813060760498,91,136.36382182792792,JUMPING,False,,0.4416482186666662,,,38.452430054540315,16.36016840057373,5.45338946685791,255.4776153564453,231.2423553466797,165.87779235839844,145.76951599121094,True
1389,46.3,0.7417439222335815,27.092753909528255,92,134.32834291277723,JUMPING,True,0.46666666666666146,0.4471522772266652,42.82775115966797,40.319515228271484,39.54626033082223,16.36016840057373,5.45338946685791,255.4776153564453,240.47313690185547,165.87779235839844,155.28109741210938,False
1390,46.333333333333336,0.8036221861839294,27.02581835910678,92,134.32834291277723,JUMPING,False,,0.4471522772266652,,,39.54626033082223,16.36016840057373,5.45338946685791,255.4776153564453,246.42462921142578,165.87779235839844,161.41192626953125,False
1391,46.36666666666667,0.793849527835846,27.571411337703466,92,134.32834291277723,JUMPING,False,,0.4471522772266652,,,39.54626033082223,16.36016840057373,5.45338946685791,255.4776153564453,246.61226654052734,165.87779235839844,161.29894256591797,False
1392,46.4,0.8138421773910522,27.73833693936467,92,134.32834291277723,JUMPING,False,,0.4471522772266652,,,39.54626033082223,16.36016840057373,5.45338946685791,255.4776153564453,241.9487762451172,165.87779235839844,156.65670013427734,False
1393,46.43333333333333,0.8207224011421204,27.127155102789402,92,134.32834291277723,JUMPING,False,,0.4471522772266652,,,39.54626033082223,16.36016840057373,5.45338946685791,255.4776153564453,234.12346649169922,165.87779235839844,147.34815979003906,True
1394,46.46666666666667,0.8171446323394775,27.37683104351163,92,134.32834291277723,JUMPING,False,,0.4471522772266652,,,39.54626033082223,16.166846282958986,5.388948760986328,255.4776153564453,228.03961944580078,165.87779235839844,139.81002807617188,True
1395,46.5,0.8152218461036682,27.278750203549862,92,134.32834291277723,JUMPING,False,,0.4471522772266652,,,39.54626033082223,18.751159519958495,6.2503865066528315,254.93084716796875,223.87372589111328,164.94845581054688,134.14994049072266,True
1396,46.53333333333333,0.8350470066070557,27.704128064215183,92,134.32834291277723,JUMPING,False,,0.4471522772266652,,,39.54626033082223,22.888972238159177,7.629657412719726,254.59188842773438,218.73214721679688,164.39295959472656,129.9223175048828,True
1397,46.56666666666667,0.819507896900177,27.03631017357111,92,134.32834291277723,JUMPING,False,,0.4471522772266652,,,39.54626033082223,22.48325708312988,7.49441902770996,254.59188842773438,213.93749237060547,164.39295959472656,126.2989616394043,True
1398,46.6,0.7938137054443359,27.09735883399844,92,134.32834291277723,JUMPING,False,,0.4471522772266652,,,39.54626033082223,22.48325708312988,7.49441902770996,254.59188842773438,215.8968276977539,164.39295959472656,127.73360824584961,True
1399,46.63333333333333,0.7806805968284607,27.19439985230565,92,134.32834291277723,JUMPING,False,,0.4471522772266652,,,39.54626033082223,22.48325708312988,7.49441902770996,254.59188842773438,221.13687896728516,164.39295959472656,132.70640563964844,True
1400,46.666666666666664,0.7819926142692566,28.563268017023802,92,134.32834291277723,JUMPING,False,,0.4471522772266652,,,39.54626033082223,22.48325708312988,7.49441902770996,254.59188842773438,230.69467163085938,164.39295959472656,141.24634552001953,True
1401,46.7,0.7885363101959229,27.320632711052895,93,134.32834291277723,JUMPING,True,0.4000000000000057,0.4367787762368001,40.654396057128906,38.093997955322266,39.823294262398896,22.48325708312988,7.49441902770996,254.59188842773438,239.70855712890625,164.39295959472656,150.27684783935547,False
1402,46.733333333333334,0.7936170101165771,27.476441580802202,93,134.32834291277723,JUMPING,False,,0.4367787762368001,,,39.823294262398896,22.888972238159177,7.629657412719726,254.59188842773438,246.23765563964844,164.39295959472656,156.38055419921875,False
1403,46.766666666666666,0.7638728618621826,27.521878946572542,93,134.32834291277723,JUMPING,False,,0.4367787762368001,,,39.823294262398896,22.48325708312988,7.49441902770996,254.6337127685547,253.84439849853516,164.39918518066406,163.79082489013672,False
1404,46.8,0.8126586675643921,27.110591996461153,93,134.32834291277723,JUMPING,False,,0.4367787762368001,,,39.823294262398896,16.166846282958986,5.388948760986328,255.4776153564453,256.39696502685547,164.94845581054688,166.1195831298828,False
1405,46.833333333333336,0.8199467658996582,28.956762980669737,93,134.32834291277723,JUMPING,False,,0.4367787762368001,,,39.823294262398896,16.3213478805542,5.440449293518066,255.4776153564453,250.68390655517578,164.94845581054688,161.0806121826172,False
1406,46.86666666666667,0.8091211318969727,27.502872049808502,93,134.32834291277723,JUMPING,False,,0.4367787762368001,,,39.823294262398896,16.3213478805542,5.440449293518066,255.4776153564453,239.50279998779297,164.94845581054688,151.18035888671875,False
1407,46.9,0.8144803643226624,27.441304177045822,93,134.32834291277723,JUMPING,False,,0.4367787762368001,,,39.823294262398896,16.166846282958986,5.388948760986328,255.4776153564453,233.2898712158203,164.94845581054688,144.7655258178711,True
1408,46.93333333333333,0.8312800526618958,28.749243821948767,93,134.32834291277723,JUMPING,False,,0.4367787762368001,,,39.823294262398896,22.48325708312988,7.49441902770996,254.6337127685547,229.82268524169922,164.39918518066406,140.28810119628906,True
1409,46.96666666666667,0.8597996234893799,27.048397343605757,93,134.32834291277723,JUMPING,False,,0.4367787762368001,,,39.823294262398896,19.081778686523435,6.360592895507812,253.8025665283203,221.21257781982422,163.7846221923828,134.0002212524414,True
1410,47.0,0.8158764243125916,27.795291040092707,93,134.32834291277723,JUMPING,False,,0.4367787762368001,,,39.823294262398896,22.48325708312988,7.49441902770996,253.8025665283203,217.76161193847656,163.7846221923828,129.84686660766602,True
1411,47.03333333333333,0.7969196438789368,27.636785991489887,93,134.32834291277723,JUMPING,False,,0.4367787762368001,,,39.823294262398896,22.48325708312988,7.49441902770996,253.8025665283203,218.64300537109375,163.7846221923828,130.10112762451172,True
1412,47.06666666666667,0.7841373682022095,27.549975086003542,93,134.32834291277723,JUMPING,False,,0.4367787762368001,,,39.823294262398896,22.48325708312988,7.49441902770996,253.8025665283203,220.8341064453125,163.7846221923828,133.10929107666016,True
1413,47.1,0.78072190284729,27.607800904661417,93,134.32834291277723,JUMPING,False,,0.4367787762368001,,,39.823294262398896,22.48325708312988,7.49441902770996,253.8025665283203,226.91722869873047,163.7846221923828,138.09414672851562,True
1414,47.13333333333333,0.8003180027008057,28.84381962940097,94,136.36359092126736,JUMPING,True,0.43333333333333,0.4360207787980367,36.04095458984375,33.9377555847168,38.87770934426011,22.48325708312988,7.49441902770996,253.8025665283203,237.70894622802734,163.7846221923828,147.14138793945312,False
1415,47.166666666666664,0.8263474702835083,27.30535715818405,94,136.36359092126736,JUMPING,False,,0.4360207787980367,,,38.87770934426011,22.48325708312988,7.49441902770996,253.8025665283203,241.90963745117188,163.7846221923828,150.92928314208984,False
1416,47.2,0.7853990793228149,27.338698040694,94,136.36359092126736,JUMPING,False,,0.4360207787980367,,,38.87770934426011,21.35542596130371,7.11847532043457,253.8025665283203,247.00435638427734,163.7846221923828,156.48509216308594,False
1417,47.233333333333334,0.7905564308166504,27.676832862198353,94,136.36359092126736,JUMPING,False,,0.4360207787980367,,,38.87770934426011,19.887372344970704,6.629124114990234,253.8025665283203,252.2879409790039,163.7846221923828,162.29747009277344,False
1418,47.266666666666666,0.885659396648407,27.907653246074915,94,136.36359092126736,JUMPING,False,,0.4360207787980367,,,38.87770934426011,18.684970742464067,6.360592895507812,253.8025665283203,251.67586517333984,163.7846221923828,161.35650634765625,False
1419,47.3,0.8084923624992371,27.2751422598958,94,136.36359092126736,JUMPING,False,,0.4360207787980367,,,38.87770934426011,19.081778686523435,6.360592895507812,253.8025665283203,244.94253540039062,163.7846221923828,156.4225845336914,False
1420,47.333333333333336,0.8293454647064209,26.72782726585865,94,136.36359092126736,JUMPING,False,,0.4360207787980367,,,38.87770934426011,19.081778686523435,6.360592895507812,253.8025665283203,236.41055297851562,163.7846221923828,149.2422332763672,False
1421,47.36666666666667,0.8531730771064758,26.93858789280057,94,136.36359092126736,JUMPING,False,,0.4360207787980367,,,38.87770934426011,19.443854690551756,6.481284896850585,253.1590576171875,230.95883178710938,163.1934814453125,142.91655731201172,True
1422,47.4,0.8410409688949585,26.944150682538748,94,136.36359092126736,JUMPING,False,,0.4360207787980367,,,38.87770934426011,16.36583538208008,5.455278460693359,252.04310607910156,223.17720794677734,161.94325256347656,134.30030822753906,True
1423,47.43333333333333,0.8153985738754272,27.20144996419549,94,136.36359092126736,JUMPING,False,,0.4360207787980367,,,38.87770934426011,13.607198270491038,4.3279111038208,251.27908325195312,220.2071533203125,161.38975524902344,128.08348083496094,True
1424,47.46666666666667,0.7877748012542725,27.273387648165226,94,136.36359092126736,JUMPING,False,,0.4360207787980367,,,38.87770934426011,16.36583538208008,5.455278460693359,249.53700256347656,219.7065658569336,161.33348083496094,125.86676025390625,True
1425,47.5,0.7537245154380798,27.46247686445713,94,136.36359092126736,JUMPING,False,,0.4360207787980367,,,38.87770934426011,19.426039329528805,6.475346443176269,249.2120819091797,222.33739471435547,161.33348083496094,128.9141845703125,True
1426,47.53333333333333,0.7709373831748962,27.640386950224638,94,136.36359092126736,JUMPING,False,,0.4360207787980367,,,38.87770934426011,19.426039329528805,6.475346443176269,249.2120819091797,226.38761138916016,161.33348083496094,134.85013580322266,True
1427,47.56666666666667,0.7738656997680664,27.0547429099679,95,136.36359092126736,JUMPING,True,0.4333333333333371,0.43542954079580276,29.505516052246094,35.46672058105469,36.53466102125661,19.426039329528805,6.475346443176269,249.2120819091797,232.71392059326172,161.33348083496094,141.91512298583984,False
1428,47.6,0.5174664258956909,27.357804588973522,95,136.36359092126736,JUMPING,False,,0.43542954079580276,,,36.53466102125661,19.426039329528805,6.475346443176269,249.2120819091797,240.4460906982422,161.33348083496094,151.3084487915039,False
1429,47.63333333333333,0.8149009346961975,27.626589871942997,95,136.36359092126736,JUMPING,False,,0.43542954079580276,,,36.53466102125661,18.109772589111326,6.036590863037109,249.2120819091797,244.9159698486328,161.33348083496094,158.87265014648438,False
1430,47.666666666666664,0.8009663820266724,27.240708004683256,95,136.36359092126736,JUMPING,False,,0.43542954079580276,,,36.53466102125661,18.314598339843748,6.10486611328125,249.2120819091797,242.44854736328125,161.33348083496094,159.1034164428711,False
1431,47.7,0.7848410606384277,28.797899838536978,95,136.36359092126736,JUMPING,False,,0.43542954079580276,,,36.53466102125661,18.314598339843748,6.10486611328125,249.2120819091797,239.15814971923828,161.33348083496094,153.17410278320312,False
1432,47.733333333333334,0.8074999451637268,27.367406990379095,95,136.36359092126736,JUMPING,False,,0.43542954079580276,,,36.53466102125661,18.314598339843748,6.10486611328125,249.2120819091797,234.50088500976562,161.33348083496094,147.60140228271484,False
1433,47.766666666666666,0.8264499306678772,27.343299705535173,95,136.36359092126736,JUMPING,False,,0.43542954079580276,,,36.53466102125661,18.314598339843748,6.10486611328125,249.2120819091797,224.88074493408203,161.33348083496094,137.4213409423828,True
1434,47.8,0.8158526420593262,27.255799155682325,95,136.36359092126736,JUMPING,False,,0.43542954079580276,,,36.53466102125661,18.314598339843748,6.10486611328125,249.2120819091797,218.5880584716797,161.33348083496094,131.11248779296875,True
1435,47.833333333333336,0.8127878308296204,26.9870781339705,95,136.36359092126736,JUMPING,False,,0.43542954079580276,,,36.53466102125661,18.519424090576173,6.1731413635253904,249.2120819091797,214.6073760986328,161.21160888671875,127.64670944213867,True
1436,47.86666666666667,0.8072766661643982,27.68666110932827,95,136.36359092126736,JUMPING,False,,0.43542954079580276,,,36.53466102125661,19.669685600280758,6.556561866760253,249.2120819091797,215.61261749267578,160.28973388671875,127.70555114746094,True
1437,47.9,0.7925196290016174,27.411411982029676,95,136.36359092126736,JUMPING,False,,0.43542954079580276,,,36.53466102125661,20.26336129760742,6.75445376586914,249.2120819091797,220.26427459716797,160.28973388671875,131.5465087890625,True
1438,47.93333333333333,0.7626947164535522,26.879660319536924,95,136.36359092126736,JUMPING,False,,0.43542954079580276,,,36.53466102125661,20.26336129760742,6.75445376586914,249.2120819091797,225.53427124023438,160.28973388671875,137.62014770507812,True
1439,47.96666666666667,0.8003328442573547,26.95541176944971,96,140.62487872444308,JUMPING,True,0.3999999999999986,0.42763504182072587,34.604705810546875,32.64302444458008,36.05217221857917,20.26336129760742,6.75445376586914,249.2120819091797,234.3803482055664,160.28973388671875,147.91836547851562,False
1440,48.0,0.8147878050804138,28.244497254490852,96,140.62487872444308,JUMPING,False,,0.42763504182072587,,,36.05217221857917,18.314598339843748,6.10486611328125,249.2120819091797,243.5586700439453,160.28973388671875,156.75665283203125,False
1441,48.03333333333333,0.8039282560348511,26.98548510670662,96,140.62487872444308,JUMPING,False,,0.42763504182072587,,,36.05217221857917,15.033348179626465,5.011116059875488,249.87786865234375,248.66883850097656,161.24615478515625,162.01358795166016,False
1442,48.06666666666667,0.81802898645401,27.336991857737303,96,140.62487872444308,JUMPING,False,,0.42763504182072587,,,36.05217221857917,15.325757638549804,5.1085858795166015,249.87786865234375,246.6516342163086,161.24615478515625,160.96663665771484,False
1443,48.1,0.8021134734153748,27.333607897162437,96,140.62487872444308,JUMPING,False,,0.42763504182072587,,,36.05217221857917,15.325757638549804,5.1085858795166015,249.87786865234375,240.6943588256836,161.24615478515625,156.43177032470703,False
1444,48.13333333333333,0.8062313199043274,27.30672527104616,96,140.62487872444308,JUMPING,False,,0.42763504182072587,,,36.05217221857917,15.325757638549804,5.1085858795166015,249.87786865234375,235.9254913330078,161.24615478515625,151.32360076904297,False
1445,48.166666666666664,0.8282256126403809,27.21758373081684,96,140.62487872444308,JUMPING,False,,0.42763504182072587,,,36.05217221857917,15.325757638549804,5.1085858795166015,249.87786865234375,226.9611587524414,161.24615478515625,141.17415618896484,True
1446,48.2,0.8381556868553162,27.373756282031536,96,140.62487872444308,JUMPING,False,,0.42763504182072587,,,36.05217221857917,15.325757638549804,5.1085858795166015,249.87786865234375,219.57048797607422,161.24615478515625,133.05201721191406,True
1447,48.233333333333334,0.8200005888938904,27.373962104320526,96,140.62487872444308,JUMPING,False,,0.42763504182072587,,,36.05217221857917,15.033348179626465,5.011116059875488,249.87786865234375,214.0688934326172,161.24615478515625,128.21806716918945,True
1448,48.266666666666666,0.8301786184310913,27.564933989197016,96,140.62487872444308,JUMPING,False,,0.42763504182072587,,,36.05217221857917,16.092123568725583,5.364041189575195,248.0030517578125,212.8055419921875,161.03501892089844,126.87639236450195,True
1449,48.3,0.7928661108016968,27.976639103144407,96,140.62487872444308,JUMPING,False,,0.42763504182072587,,,36.05217221857917,13.489723498535154,4.496574499511718,246.86328125,214.83234405517578,160.2213592529297,128.915771484375,True
1450,48.333333333333336,0.7989404201507568,27.243403252214193,96,140.62487872444308,JUMPING,False,,0.42763504182072587,,,36.05217221857917,14.03280357055664,4.6776011901855465,245.96800231933594,220.91690826416016,159.0111083984375,134.6324920654297,True
1451,48.36666666666667,0.7747641801834106,27.429032139480114,96,140.62487872444308,JUMPING,False,,0.42763504182072587,,,36.05217221857917,13.371565237426758,4.457188412475586,245.96800231933594,232.4554901123047,159.0111083984375,145.05650329589844,True
1452,48.4,0.8088425993919373,27.04772213473916,97,142.85698512801892,JUMPING,True,0.43333333333333,0.4288886659534988,33.25628662109375,32.13471603393555,35.353200819207814,12.61826027650271,4.077398849487304,246.06182861328125,245.17711639404297,159.0111083984375,155.80431365966797,False
1453,48.43333333333333,0.8058621883392334,26.90644282847643,97,142.85698512801892,JUMPING,False,,0.4288886659534988,,,35.353200819207814,12.812943383789062,4.270981127929687,246.86328125,254.3163299560547,160.2213592529297,163.93961334228516,False
1454,48.46666666666667,0.7938873767852783,28.64624187350273,97,142.85698512801892,JUMPING,False,,0.4288886659534988,,,35.353200819207814,14.533126776123048,4.844375592041016,248.0030517578125,256.99146270751953,161.2005615234375,165.86814880371094,False
1455,48.5,0.7971365451812744,28.315129224210978,97,142.85698512801892,JUMPING,False,,0.4288886659534988,,,35.353200819207814,15.033348179626465,5.011116059875488,250.47305297851562,252.59062957763672,161.5209197998047,161.63053131103516,False
1456,48.53333333333333,0.8224638104438782,28.50362006574869,97,142.85698512801892,JUMPING,False,,0.4288886659534988,,,35.353200819207814,12.373620286722733,3.096253189086914,250.47305297851562,245.36795043945312,161.5209197998047,155.1841049194336,False
1457,48.56666666666667,0.8228921890258789,29.241487849503756,97,142.85698512801892,JUMPING,False,,0.4288886659534988,,,35.353200819207814,12.373620286722733,3.096253189086914,250.47305297851562,234.08116912841797,161.5209197998047,145.49654388427734,True
1458,48.6,0.793056309223175,28.856233693659306,97,142.85698512801892,JUMPING,False,,0.4288886659534988,,,35.353200819207814,12.373620286722733,3.096253189086914,250.47305297851562,225.915283203125,161.5209197998047,137.87258911132812,True
1459,48.63333333333333,0.8355496525764465,27.85195503383875,97,142.85698512801892,JUMPING,False,,0.4288886659534988,,,35.353200819207814,12.373620286722733,3.096253189086914,250.47305297851562,218.21710205078125,161.5209197998047,132.10824584960938,True
1460,48.666666666666664,0.7708171606063843,27.945745270699263,97,142.85698512801892,JUMPING,False,,0.4288886659534988,,,35.353200819207814,12.373620286722733,3.096253189086914,250.47305297851562,215.94474029541016,161.5209197998047,129.45225143432617,True
1461,48.7,0.7775592803955078,27.920186053961515,97,142.85698512801892,JUMPING,False,,0.4288886659534988,,,35.353200819207814,15.033348179626465,5.011116059875488,250.47305297851562,216.96314239501953,161.5209197998047,130.12747192382812,True
1462,48.733333333333334,0.7891832590103149,28.219559229910374,97,142.85698512801892,JUMPING,False,,0.4288886659534988,,,35.353200819207814,13.833305461120606,4.611101820373535,247.86195373535156,221.33580780029297,161.2005615234375,133.9444351196289,True
1463,48.766666666666666,0.7590300440788269,30.788891948759556,97,142.85698512801892,JUMPING,False,,0.4288886659534988,,,35.353200819207814,13.833305461120606,4.611101820373535,246.13816833496094,229.9179916381836,160.2213592529297,141.30614471435547,True
1464,48.8,0.8115996718406677,30.258755199611187,98,142.85724868587627,JUMPING,True,0.3999999999999986,0.42253315944372877,30.19342803955078,30.769107818603516,34.063257624293556,17.734428382873535,5.911476127624511,246.13816833496094,239.58112335205078,160.2213592529297,149.2217788696289,False
1465,48.833333333333336,0.8103675246238708,27.969439048320055,98,142.85724868587627,JUMPING,False,,0.42253315944372877,,,34.063257624293556,15.530447653198241,5.176815884399414,246.46791076660156,246.19232177734375,160.2213592529297,155.2505645751953,False
1466,48.86666666666667,0.7196030616760254,29.10178992897272,98,142.85724868587627,JUMPING,False,,0.42253315944372877,,,34.063257624293556,13.833305461120606,4.611101820373535,247.86195373535156,253.49954223632812,161.36497497558594,162.02201080322266,False
1467,48.9,0.8290776014328003,28.206365182995796,98,142.85724868587627,JUMPING,False,,0.42253315944372877,,,34.063257624293556,11.922140168502743,3.9046520599365233,247.9000244140625,246.74683380126953,161.36497497558594,159.18959045410156,False
1468,48.93333333333333,0.8182636499404907,28.115611989051104,98,142.85724868587627,JUMPING,False,,0.42253315944372877,,,34.063257624293556,13.833305461120606,4.611101820373535,247.9000244140625,241.55826568603516,161.36497497558594,155.4552230834961,False
1469,48.96666666666667,0.832375168800354,27.83867483958602,98,142.85724868587627,JUMPING,False,,0.42253315944372877,,,34.063257624293556,13.833305461120606,4.611101820373535,247.9000244140625,233.6894073486328,161.36497497558594,147.7176742553711,True
1470,49.0,0.8374425768852234,27.80879382044077,98,142.85724868587627,JUMPING,False,,0.42253315944372877,,,34.063257624293556,13.833305461120606,4.611101820373535,247.9000244140625,227.43731689453125,161.36497497558594,139.63539123535156,True
1471,49.03333333333333,0.8000718951225281,28.2273986376822,98,142.85724868587627,JUMPING,False,,0.42253315944372877,,,34.063257624293556,13.833305461120606,4.611101820373535,247.9000244140625,223.0382843017578,161.36497497558594,134.77154541015625,True
1472,49.06666666666667,0.7909217476844788,27.86702010780573,98,142.85724868587627,JUMPING,False,,0.42253315944372877,,,34.063257624293556,13.833305461120606,4.611101820373535,247.9000244140625,219.66057586669922,161.36497497558594,131.23978424072266,True
1473,49.1,0.7852647304534912,27.937162667512894,98,142.85724868587627,JUMPING,False,,0.42253315944372877,,,34.063257624293556,11.922140168502743,3.9046520599365233,247.9000244140625,218.23603057861328,161.36497497558594,130.07591247558594,True
1474,49.13333333333333,0.7787601947784424,27.926163747906685,98,142.85724868587627,JUMPING,False,,0.42253315944372877,,,34.063257624293556,15.204239909362794,5.068079969787598,247.9000244140625,218.0204086303711,161.36497497558594,131.66373443603516,True
1475,49.166666666666664,0.8166437745094299,28.080179821699858,98,142.85724868587627,JUMPING,False,,0.42253315944372877,,,34.063257624293556,13.756919979858399,4.585639993286133,247.9000244140625,221.71160125732422,161.36497497558594,137.35581970214844,True
1476,49.2,0.771393895149231,27.909775264561176,98,142.85724868587627,JUMPING,False,,0.42253315944372877,,,34.063257624293556,13.756919979858399,4.585639993286133,247.9000244140625,228.42660522460938,161.36497497558594,144.4071273803711,True
1477,49.233333333333334,0.8028727173805237,27.749073691666126,99,142.85724868587627,JUMPING,True,0.4333333333333371,0.42490919769944263,29.879615783691406,31.2890625,33.01734716414302,13.756919979858399,4.585639993286133,247.9000244140625,239.3663330078125,161.36497497558594,154.53932189941406,False
1478,49.266666666666666,0.8156800866127014,27.77587901800871,99,142.85724868587627,JUMPING,False,,0.42490919769944263,,,33.01734716414302,11.680022158813475,3.893340719604492,249.72503662109375,250.4291763305664,161.8603515625,162.60919189453125,False
1479,49.3,0.803943932056427,28.021984733641148,99,142.85724868587627,JUMPING,False,,0.42490919769944263,,,33.01734716414302,16.25052757873535,5.416842526245117,251.72604370117188,256.2411346435547,162.0186309814453,165.8733367919922,False
1480,49.333333333333336,0.789436399936676,27.59967977181077,99,142.85724868587627,JUMPING,False,,0.42490919769944263,,,33.01734716414302,16.801683947753904,5.600561315917968,252.89913940429688,253.10478973388672,162.3743133544922,164.21617126464844,False
1481,49.36666666666667,0.8099126219749451,27.817135211080313,99,142.85724868587627,JUMPING,False,,0.42490919769944263,,,33.01734716414302,15.372654455566405,5.124218151855469,252.89913940429688,246.38631439208984,162.3743133544922,158.39605712890625,False
1482,49.4,0.8314082622528076,27.546078898012638,99,142.85724868587627,JUMPING,False,,0.42490919769944263,,,33.01734716414302,15.372654455566405,5.124218151855469,252.89913940429688,233.85072326660156,162.3743133544922,147.56501007080078,True
1483,49.43333333333333,0.8382700681686401,27.81959204003215,99,142.85724868587627,JUMPING,False,,0.42490919769944263,,,33.01734716414302,15.372654455566405,5.124218151855469,252.89913940429688,222.7459716796875,162.3743133544922,137.50104522705078,True
1484,49.46666666666667,0.8371354341506958,28.011414222419262,99,142.85724868587627,JUMPING,False,,0.42490919769944263,,,33.01734716414302,15.372654455566405,5.124218151855469,252.89913940429688,215.7746810913086,162.3743133544922,130.65322875976562,True
1485,49.5,0.7969722151756287,38.12524303793907,99,142.85724868587627,JUMPING,False,,0.42490919769944263,,,33.01734716414302,15.372654455566405,5.124218151855469,252.89913940429688,214.94419860839844,162.3743133544922,129.15066146850586,True
1486,49.53333333333333,0.8068188428878784,28.849301859736443,99,142.85724868587627,JUMPING,False,,0.42490919769944263,,,33.01734716414302,17.289315829467775,5.763105276489258,252.89913940429688,217.5286102294922,162.3743133544922,130.88258361816406,True
1487,49.56666666666667,0.7971857190132141,34.13159679621458,99,142.85724868587627,JUMPING,False,,0.42490919769944263,,,33.01734716414302,21.114426544189453,7.038142181396484,252.89913940429688,223.72295379638672,162.3743133544922,135.84569549560547,True
1488,49.6,0.7925803065299988,29.796469025313854,100,147.54101618808767,JUMPING,True,0.36666666666666714,0.41209584087223206,37.95494079589844,33.22365188598633,34.25174557208187,21.114426544189453,7.038142181396484,252.89913940429688,233.41703033447266,162.3743133544922,144.44709014892578,False
1489,49.63333333333333,0.8461321592330933,35.482535138726234,100,147.54101618808767,JUMPING,False,,0.41209584087223206,,,34.25174557208187,21.114426544189453,7.038142181396484,252.89913940429688,243.86307525634766,162.3743133544922,154.5669174194336,False
1490,49.666666666666664,0.7855780124664307,27.34804293140769,100,147.54101618808767,JUMPING,False,,0.41209584087223206,,,34.25174557208187,11.988110950228656,3.966887054443359,253.34164428710938,253.50332641601562,163.0793914794922,163.3928680419922,False
1491,49.7,0.7801556587219238,29.113105032593012,100,147.54101618808767,JUMPING,False,,0.41209584087223206,,,34.25174557208187,11.988110950228656,3.806831588745117,253.34164428710938,250.13091278076172,163.0793914794922,162.03871154785156,False
1492,49.733333333333334,0.7795394659042358,27.308595832437277,100,147.54101618808767,JUMPING,False,,0.41209584087223206,,,34.25174557208187,11.988110950228656,3.806831588745117,253.34164428710938,244.35359954833984,163.0793914794922,157.80736541748047,False
1493,49.766666666666666,0.7829995155334473,27.01734798029065,100,147.54101618808767,JUMPING,False,,0.41209584087223206,,,34.25174557208187,11.988110950228656,3.806831588745117,253.34164428710938,235.43597412109375,163.0793914794922,150.25692749023438,True
1494,49.8,0.8100396990776062,26.92052209749818,100,147.54101618808767,JUMPING,False,,0.41209584087223206,,,34.25174557208187,11.988110950228656,3.806831588745117,253.34164428710938,228.7776641845703,163.0793914794922,143.89704132080078,True
1495,49.833333333333336,0.8090529441833496,27.141929138451815,100,147.54101618808767,JUMPING,False,,0.41209584087223206,,,34.25174557208187,11.988110950228656,3.806831588745117,253.34164428710938,226.7917022705078,163.0793914794922,140.23767852783203,True
1496,49.86666666666667,0.8446447253227234,27.514414861798286,100,147.54101618808767,JUMPING,False,,0.41209584087223206,,,34.25174557208187,11.988110950228656,3.806831588745117,253.34164428710938,225.0338363647461,163.0793914794922,136.3583221435547,True
1497,49.9,0.814565896987915,27.44892006739974,100,147.54101618808767,JUMPING,False,,0.41209584087223206,,,34.25174557208187,11.988110950228656,3.806831588745117,253.34164428710938,226.98707580566406,163.0793914794922,137.5382308959961,True
1498,49.93333333333333,0.8206973075866699,27.302709873765707,100,147.54101618808767,JUMPING,False,,0.41209584087223206,,,34.25174557208187,14.954994525146484,4.984998175048828,252.89913940429688,229.6746368408203,162.38099670410156,139.59080505371094,True
1499,49.96666666666667,0.8038042783737183,27.044028975069523,100,147.54101618808767,JUMPING,False,,0.41209584087223206,,,34.25174557208187,15.025780892944336,5.008593630981445,251.72604370117188,233.06475067138672,162.0320281982422,143.65475463867188,True
1500,50.0,0.8403751850128174,28.62194227054715,101,147.54101618808767,JUMPING,True,0.3999999999999986,0.40943475588034073,25.276039123535156,25.6737060546875,32.0078189599452,15.914648638916013,5.304882879638671,250.30987548828125,237.46417999267578,162.0320281982422,148.6885757446289,False
1501,50.03333333333333,0.8236772418022156,27.577314991503954,101,147.54101618808767,JUMPING,False,,0.40943475588034073,,,32.0078189599452,15.051774353027344,5.017258117675781,250.30987548828125,240.01998138427734,162.0320281982422,152.06259155273438,False
1502,50.06666666666667,0.7834732532501221,27.13214000687003,101,147.54101618808767,JUMPING,False,,0.40943475588034073,,,32.0078189599452,15.051774353027344,5.017258117675781,250.30987548828125,240.24551391601562,162.0320281982422,153.45989227294922,False
1503,50.1,0.7962682843208313,27.661393862217665,101,147.54101618808767,JUMPING,False,,0.40943475588034073,,,32.0078189599452,15.051774353027344,5.017258117675781,250.30987548828125,239.9315643310547,162.0320281982422,153.10507202148438,False
1504,50.13333333333333,0.8039151430130005,27.84916991367936,101,147.54101618808767,JUMPING,False,,0.40943475588034073,,,32.0078189599452,15.051774353027344,5.017258117675781,250.30987548828125,238.8535919189453,162.0320281982422,152.4714126586914,False
1505,50.166666666666664,0.7951073050498962,27.125854045152664,101,147.54101618808767,JUMPING,False,,0.40943475588034073,,,32.0078189599452,15.051774353027344,5.017258117675781,250.30987548828125,237.8916473388672,162.0320281982422,151.54615020751953,False
1506,50.2,0.8263325095176697,27.00655907392502,101,147.54101618808767,JUMPING,False,,0.40943475588034073,,,32.0078189599452,15.051774353027344,5.017258117675781,250.30987548828125,238.83021545410156,162.0320281982422,151.1225814819336,False
1507,50.233333333333334,0.8177334070205688,27.13834121823311,101,147.54101618808767,JUMPING,False,,0.40943475588034073,,,32.0078189599452,15.051774353027344,5.017258117675781,250.30987548828125,240.72653198242188,162.0320281982422,151.70538330078125,False
1508,50.266666666666666,0.8314791917800903,28.765808325260878,101,147.54101618808767,JUMPING,False,,0.40943475588034073,,,32.0078189599452,15.051774353027344,5.017258117675781,250.30987548828125,241.7538833618164,162.0320281982422,152.56621551513672,False
1509,50.3,0.7664604187011719,27.162139303982258,101,147.54101618808767,JUMPING,False,,0.40943475588034073,,,32.0078189599452,15.051774353027344,5.017258117675781,250.30987548828125,241.5144271850586,162.0320281982422,152.6375503540039,False
1510,50.333333333333336,0.7939103841781616,27.110907714813948,101,147.54101618808767,JUMPING,False,,0.40943475588034073,,,32.0078189599452,15.025780892944336,5.008593630981445,250.30987548828125,241.81916046142578,162.0320281982422,153.57503509521484,False
1511,50.36666666666667,0.7907891273498535,26.857274118810892,101,147.54101618808767,JUMPING,False,,0.40943475588034073,,,32.0078189599452,16.8642582824707,5.621419427490234,248.77728271484375,241.59848022460938,160.89906311035156,153.72130584716797,False
1512,50.4,0.7986195683479309,27.073701843619347,101,147.54101618808767,JUMPING,False,,0.40943475588034073,,,32.0078189599452,11.439701422119139,3.8132338073730465,248.63307189941406,241.28125762939453,160.58164978027344,153.7722396850586,False
1513,50.43333333333333,0.8102918863296509,27.364354114979506,101,147.54101618808767,JUMPING,False,,0.40943475588034073,,,32.0078189599452,12.628070837402344,4.209356945800781,248.63307189941406,241.01326751708984,160.58164978027344,153.9883041381836,False
1514,50.46666666666667,0.7897371053695679,27.128223795443773,101,147.54101618808767,JUMPING,False,,0.40943475588034073,,,32.0078189599452,12.628070837402344,4.209356945800781,248.63307189941406,240.42832946777344,160.58164978027344,154.1141128540039,False
1515,50.5,0.8425130844116211,27.52511203289032,101,147.54101618808767,JUMPING,False,,0.40943475588034073,,,32.0078189599452,11.350251342773436,3.783417114257812,248.63307189941406,242.2839126586914,160.58164978027344,154.72061157226562,False
1516,50.53333333333333,0.8595898747444153,27.554120868444443,101,147.54101618808767,JUMPING,False,,0.40943475588034073,,,32.0078189599452,11.202736635980818,3.4820830078125,248.63307189941406,243.7164764404297,160.58164978027344,155.26506805419922,False
1517,50.56666666666667,0.8608385324478149,28.932608664035797,101,147.54101618808767,JUMPING,False,,0.40943475588034073,,,32.0078189599452,11.202736635980818,3.605919561767578,248.63307189941406,246.068115234375,160.58164978027344,156.47987365722656,False
1518,50.6,0.8369014859199524,27.494255919009447,101,147.54101618808767,JUMPING,False,,0.40943475588034073,,,32.0078189599452,14.602352178955076,4.867450726318359,249.2994384765625,248.05220794677734,160.58164978027344,157.1074447631836,False
1519,50.63333333333333,0.7611634135246277,27.50131906941533,101,147.54101618808767,JUMPING,False,,0.40943475588034073,,,32.0078189599452,16.450670434570313,5.483556811523437,249.4137420654297,248.33798217773438,160.58164978027344,157.34198760986328,False
1520,50.666666666666664,0.8261719346046448,27.57267700508237,101,147.54101618808767,JUMPING,False,,0.40943475588034073,,,32.0078189599452,13.511441271972656,4.5038137573242185,249.4137420654297,247.9752197265625,160.58164978027344,158.3806610107422,False
1521,50.7,0.8153097629547119,27.0394217222929,101,147.54101618808767,JUMPING,False,,0.40943475588034073,,,32.0078189599452,11.202736635980818,3.6382247497558593,249.4137420654297,247.8836669921875,160.79981994628906,158.94149017333984,False
1522,50.733333333333334,0.8138493299484253,28.689588885754347,101,147.54101618808767,JUMPING,False,,0.40943475588034073,,,32.0078189599452,11.202736635980818,3.4850013336181638,249.4137420654297,245.83995056152344,160.79981994628906,158.86463928222656,False
1523,50.766666666666666,0.8307056427001953,27.34568016603589,101,147.54101618808767,JUMPING,False,,0.40943475588034073,,,32.0078189599452,13.780741662597656,4.593580554199218,248.2236785888672,242.50870513916016,158.92446899414062,158.89892578125,False
1524,50.8,0.8119086623191833,27.15776301920414,101,147.54101618808767,JUMPING,False,,0.40943475588034073,,,32.0078189599452,12.198669735717772,4.066223245239257,248.02142333984375,241.61097717285156,158.92446899414062,159.18804168701172,False
1525,50.833333333333336,0.8031744360923767,28.15111493691802,101,147.54101618808767,JUMPING,False,,0.40943475588034073,,,32.0078189599452,11.202736635980818,3.3111007873535154,247.9385986328125,242.61106872558594,158.92446899414062,159.74637603759766,False
1526,50.86666666666667,0.8299757838249207,31.65162494406104,101,147.54101618808767,JUMPING,False,,0.40943475588034073,,,32.0078189599452,11.202736635980818,2.530878465270996,247.9385986328125,241.3990020751953,158.9263153076172,158.90353393554688,False
1527,50.9,0.8284935355186462,27.31316303834319,101,147.54101618808767,JUMPING,False,,0.40943475588034073,,,32.0078189599452,11.202736635980818,1.856213571166992,247.9385986328125,241.4645233154297,158.9263153076172,158.61007690429688,False
1528,50.93333333333333,0.8455114364624023,27.206371072679758,101,147.54101618808767,JUMPING,False,,0.40943475588034073,,,32.0078189599452,11.202736635980818,1.808400535583496,247.9385986328125,241.44217681884766,158.9263153076172,157.89171600341797,False
1529,50.96666666666667,0.7796491384506226,27.289411053061485,101,147.54101618808767,JUMPING,False,,0.40943475588034073,,,32.0078189599452,11.202736635980818,1.7906530426025389,247.9385986328125,241.5929946899414,158.9263153076172,157.46416473388672,False
1530,51.0,0.8878582119941711,27.59551489725709,101,147.54101618808767,JUMPING,False,,0.40943475588034073,,,32.0078189599452,11.202736635980818,2.3247745330810545,247.9385986328125,241.67476654052734,158.9263153076172,156.16354370117188,False
1531,51.03333333333333,0.7970589399337769,26.922801975160837,101,147.54101618808767,JUMPING,False,,0.40943475588034073,,,32.0078189599452,11.202736635980818,3.2140834213256833,247.9385986328125,241.72242736816406,158.9263153076172,155.69408416748047,False
1532,51.06666666666667,0.824211835861206,27.036075945943594,101,147.54101618808767,JUMPING,False,,0.40943475588034073,,,32.0078189599452,11.202736635980818,3.2799041107177733,247.9385986328125,242.44768524169922,158.9263153076172,155.11901092529297,False
1533,51.1,0.8384418487548828,26.783413719385862,101,147.54101618808767,JUMPING,False,,0.40943475588034073,,,32.0078189599452,12.067005734252927,4.022335244750976,247.9385986328125,242.31978607177734,158.9263153076172,154.69554901123047,False
1534,51.13333333333333,0.8605329990386963,26.98589116334915,101,147.54101618808767,JUMPING,False,,0.40943475588034073,,,32.0078189599452,12.067005734252927,4.022335244750976,247.9385986328125,243.29692840576172,158.9263153076172,155.17251586914062,False
1535,51.166666666666664,0.872218132019043,27.26874314248562,101,147.54101618808767,JUMPING,False,,0.40943475588034073,,,32.0078189599452,11.202736635980818,1.3583675491333007,247.15744018554688,244.00631713867188,158.9016876220703,155.33153533935547,False
1536,51.2,0.8355371356010437,27.590520214289427,101,147.54101618808767,JUMPING,False,,0.40943475588034073,,,32.0078189599452,11.202736635980818,1.1740945037841797,245.9768524169922,243.35110473632812,158.8852081298828,154.71636199951172,False
1537,51.233333333333334,0.8288558721542358,27.501976117491722,101,147.54101618808767,JUMPING,False,,0.40943475588034073,,,32.0078189599452,11.202736635980818,1.1740945037841797,245.9768524169922,242.99908447265625,158.8852081298828,154.36888885498047,False
1538,51.266666666666666,0.8487396240234375,27.3658512160182,101,147.54101618808767,JUMPING,False,,0.40943475588034073,,,32.0078189599452,11.202736635980818,1.0547259292602538,245.9768524169922,242.31937408447266,158.8852081298828,154.59469604492188,False
1539,51.3,0.8486171960830688,27.426190674304962,101,147.54101618808767,JUMPING,False,,0.40943475588034073,,,32.0078189599452,11.202736635980818,1.0223189392089844,245.9768524169922,241.43390655517578,158.8852081298828,154.9886245727539,False
1540,51.333333333333336,0.8185645937919617,27.44881622493267,101,147.54101618808767,JUMPING,False,,0.40943475588034073,,,32.0078189599452,11.202736635980818,0.9439652847290039,245.9768524169922,242.67240142822266,158.8852081298828,155.1098175048828,False
1541,51.36666666666667,0.846818208694458,27.029522228986025,101,147.54101618808767,JUMPING,False,,0.40943475588034073,,,32.0078189599452,11.202736635980818,1.2479575561523437,245.9768524169922,242.39615631103516,158.8852081298828,154.77994537353516,False
1542,51.4,0.8488680720329285,26.895309798419476,101,147.54101618808767,JUMPING,False,,0.40943475588034073,,,32.0078189599452,11.202736635980818,1.2576739974975586,245.9768524169922,242.6600799560547,158.8852081298828,153.9781494140625,False
1543,51.43333333333333,0.8524564504623413,26.59073006361723,101,147.54101618808767,JUMPING,False,,0.40943475588034073,,,32.0078189599452,11.202736635980818,1.300532666015625,245.9768524169922,243.27120971679688,158.8852081298828,153.10808563232422,False
1544,51.46666666666667,0.859796404838562,26.624144986271858,101,147.54101618808767,JUMPING,False,,0.40943475588034073,,,32.0078189599452,11.202736635980818,1.3069801300048827,245.9768524169922,243.7710189819336,158.8852081298828,151.65267944335938,False
1545,51.5,0.8776268362998962,27.527189813554287,101,147.54101618808767,JUMPING,False,,0.40943475588034073,,,32.0078189599452,11.202736635980818,1.3134275939941407,245.9768524169922,243.31626892089844,158.8852081298828,149.0711212158203,False
1546,51.53333333333333,0.8816714882850647,26.66160510852933,101,147.54101618808767,STOPPED,False,,0.40943475588034073,,,32.0078189599452,11.202736635980818,1.3011661010742186,245.9768524169922,241.9151840209961,158.8852081298828,147.83672332763672,False
1547,51.56666666666667,0.8712633848190308,26.905152946710587,101,147.54101618808767,STOPPED,False,,0.40943475588034073,,,32.0078189599452,11.202736635980818,1.3011661010742186,245.9768524169922,240.61495208740234,158.8852081298828,148.46239471435547,False
1548,51.6,0.8523090481758118,26.696377899497747,101,147.54101618808767,STOPPED,False,,0.40943475588034073,,,32.0078189599452,11.202736635980818,1.3011661010742186,245.9768524169922,238.3656997680664,158.8852081298828,148.63201141357422,False
1549,51.63333333333333,0.8159284591674805,27.06830995157361,101,147.54101618808767,STOPPED,False,,0.40943475588034073,,,32.0078189599452,11.202736635980818,1.3011661010742186,245.9768524169922,239.2249298095703,158.8852081298828,148.6371078491211,False
1550,51.666666666666664,0.8582944869995117,26.728366035968065,101,147.54101618808767,STOPPED,False,,0.40943475588034073,,,32.0078189599452,11.202736635980818,1.3011661010742186,245.9768524169922,238.5898208618164,158.8852081298828,147.48412322998047,False
1551,51.7,0.8719722628593445,26.61834005266428,101,147.54101618808767,STOPPED,False,,0.40943475588034073,,,32.0078189599452,11.202736635980818,1.3011661010742186,245.9768524169922,238.66515350341797,158.8852081298828,146.67034149169922,False
1552,51.733333333333334,0.8585208058357239,27.13216980919242,101,147.54101618808767,STOPPED,False,,0.40943475588034073,,,32.0078189599452,11.202736635980818,1.339296629333496,245.9768524169922,239.18614196777344,158.8852081298828,146.30726623535156,False
1553,51.766666666666666,0.846880316734314,26.750069111585617,101,147.54101618808767,STOPPED,False,,0.40943475588034073,,,32.0078189599452,11.202736635980818,1.3558677429199217,245.9768524169922,240.26243591308594,158.8852081298828,146.6230926513672,False
1554,51.8,0.861640453338623,26.915650349110365,101,147.54101618808767,STOPPED,False,,0.40943475588034073,,,32.0078189599452,11.202736635980818,1.363898794555664,245.9768524169922,240.59044647216797,158.8852081298828,148.56671905517578,False
1555,51.833333333333336,0.8353124260902405,26.73526108264923,101,147.54101618808767,STOPPED,False,,0.40943475588034073,,,32.0078189599452,11.202736635980818,1.3810694091796873,245.9768524169922,240.35791015625,158.8852081298828,150.97525787353516,False
1556,51.86666666666667,0.8848706483840942,26.891805697232485,101,147.54101618808767,STOPPED,False,,0.40943475588034073,,,32.0078189599452,11.202736635980818,1.4143699951171875,245.9768524169922,239.1224136352539,158.8852081298828,153.2399673461914,False
1557,51.9,0.8373685479164124,26.5292190015316,101,147.54101618808767,STOPPED,False,,0.40943475588034073,,,32.0078189599452,11.202736635980818,1.3985228073120117,245.9768524169922,237.4957046508789,158.8852081298828,154.00767517089844,False
1558,51.93333333333333,0.8321579098701477,27.092282194644213,101,147.54101618808767,STOPPED,False,,0.40943475588034073,,,32.0078189599452,11.202736635980818,1.3393984313964844,245.9768524169922,239.6449203491211,158.8852081298828,154.77828216552734,False
1559,51.96666666666667,0.883969783782959,26.526528876274824,101,147.54101618808767,STOPPED,False,,0.40943475588034073,,,32.0078189599452,11.202736635980818,1.2877508514404297,245.9768524169922,242.41282653808594,158.8852081298828,155.9524383544922,False
1560,52.0,0.8789847493171692,26.63699211552739,101,147.54101618808767,STOPPED,False,,0.40943475588034073,,,32.0078189599452,11.202736635980818,1.2877508514404297,245.9768524169922,241.6572036743164,158.8852081298828,156.12010192871094,False
1561,52.03333333333333,0.8046748638153076,26.835059747099876,101,147.54101618808767,STOPPED,False,,0.40943475588034073,,,32.0078189599452,11.202736635980818,1.3394436767578124,245.9768524169922,241.35243225097656,158.8852081298828,156.92498016357422,False
1562,52.06666666666667,0.833134651184082,26.669180020689964,101,147.54101618808767,STOPPED,False,,0.40943475588034073,,,32.0078189599452,11.202736635980818,1.4112028198242186,245.1064910888672,241.29693603515625,158.8852081298828,157.35555267333984,False
1563,52.1,0.8219908475875854,26.975085958838463,101,147.54101618808767,STOPPED,False,,0.40943475588034073,,,32.0078189599452,11.202736635980818,1.5319513778686522,243.91220092773438,240.71568298339844,158.8852081298828,157.84342193603516,False
1564,52.13333333333333,0.7898841500282288,26.794778183102608,101,147.54101618808767,STOPPED,False,,0.40943475588034073,,,32.0078189599452,11.202736635980818,1.482973274230957,243.60305786132812,240.82705688476562,158.8852081298828,157.86766815185547,False
1565,52.166666666666664,0.8401277661323547,27.45423885062337,101,147.54101618808767,STOPPED,False,,0.40943475588034073,,,32.0078189599452,11.202736635980818,1.4827357360839843,243.33717346191406,240.62943267822266,158.8852081298828,156.63457489013672,False
1566,52.2,0.8486310243606567,28.788531199097633,101,147.54101618808767,STOPPED,False,,0.40943475588034073,,,32.0078189599452,11.202736635980818,1.479715608215332,243.30853271484375,237.2530746459961,158.7628173828125,154.03311920166016,False
1567,52.233333333333334,0.8341152667999268,27.03654859215021,101,147.54101618808767,STOPPED,False,,0.40943475588034073,,,32.0078189599452,11.202736635980818,1.4500233398437499,243.28665161132812,235.82819366455078,158.32273864746094,151.9470443725586,False
1568,52.266666666666666,0.7671400308609009,27.036041021347046,101,147.54101618808767,STOPPED,False,,0.40943475588034073,,,32.0078189599452,11.202736635980818,1.3767710998535156,243.28665161132812,234.2258529663086,157.88211059570312,149.82481384277344,False
1569,52.3,0.7959587574005127,27.105677872896194,101,147.54101618808767,STOPPED,False,,0.40943475588034073,,,32.0078189599452,11.202736635980818,1.457647183227539,243.28665161132812,232.643310546875,157.85797119140625,147.95743560791016,False
1570,52.333333333333336,0.793662428855896,28.10923382639885,101,147.54101618808767,STOPPED,False,,0.40943475588034073,,,32.0078189599452,11.202736635980818,1.4483831954956055,243.28665161132812,232.48004150390625,157.69171142578125,147.56241607666016,False
1571,52.36666666666667,0.8172479867935181,26.691995095461607,101,147.54101618808767,STOPPED,False,,0.40943475588034073,,,32.0078189599452,11.202736635980818,1.5491559265136718,243.28665161132812,237.73746490478516,157.4207305908203,151.25887298583984,False
1572,52.4,0.8195817470550537,26.95415774360299,101,147.54101618808767,STOPPED,False,,0.40943475588034073,,,32.0078189599452,11.202736635980818,1.703001466369629,243.28665161132812,243.00831604003906,157.18333435058594,154.89452362060547,False
1573,52.43333333333333,0.8584251999855042,26.76718682050705,101,147.54101618808767,STOPPED,False,,0.40943475588034073,,,32.0078189599452,11.202736635980818,1.715726724243164,243.30853271484375,252.19509887695312,157.18333435058594,161.80841827392578,False
1574,52.46666666666667,0.8050687313079834,27.389757335186005,101,147.54101618808767,STOPPED,False,,0.40943475588034073,,,32.0078189599452,11.202736635980818,1.957902520751953,243.33717346191406,260.0821838378906,157.18333435058594,168.48131561279297,False
1575,52.5,0.8162796497344971,26.498537976294756,101,147.54101618808767,STOPPED,False,,0.40943475588034073,,,32.0078189599452,11.202736635980818,1.906458544921875,243.60305786132812,265.19395446777344,157.6482696533203,172.11176300048828,False
1576,52.53333333333333,0.7851153016090393,26.557588018476963,101,147.54101618808767,STOPPED,False,,0.40943475588034073,,,32.0078189599452,11.202736635980818,1.9954448593139646,243.91220092773438,264.61912536621094,157.85797119140625,172.12879180908203,False
1577,52.56666666666667,0.8098539113998413,26.764176785945892,101,147.54101618808767,STOPPED,False,,0.40943475588034073,,,32.0078189599452,11.202736635980818,1.130794692993164,248.91957092285156,261.23475646972656,160.23211669921875,170.3969268798828,False
1578,52.6,0.7854347825050354,26.634814217686653,101,147.54101618808767,STOPPED,False,,0.40943475588034073,,,32.0078189599452,18.894734362792967,6.298244787597656,252.74525451660156,253.11202239990234,162.50209045410156,162.9645538330078,False
1579,52.63333333333333,0.8020395636558533,26.835456024855375,101,147.54101618808767,STOPPED,False,,0.40943475588034073,,,32.0078189599452,18.894734362792967,6.298244787597656,252.74525451660156,242.94649505615234,162.50209045410156,154.0843505859375,False
1580,52.666666666666664,0.8189323544502258,27.19119004905224,101,147.54101618808767,STOPPED,False,,0.40943475588034073,,,32.0078189599452,18.894734362792967,6.298244787597656,252.74525451660156,233.8701934814453,162.50209045410156,145.97181701660156,False
1581,52.7,0.8220580816268921,26.964648626744747,101,147.54101618808767,STOPPED,False,,0.40943475588034073,,,32.0078189599452,18.894734362792967,6.298244787597656,252.74525451660156,228.26715850830078,162.50209045410156,140.90023040771484,True
1582,52.733333333333334,0.8426690697669983,26.916345115751028,101,147.54101618808767,STOPPED,False,,0.40943475588034073,,,32.0078189599452,18.894734362792967,6.298244787597656,252.74525451660156,221.18897247314453,162.50209045410156,134.13851165771484,True
1583,52.766666666666666,0.8406784534454346,26.675468776375055,101,147.54101618808767,STOPPED,False,,0.40943475588034073,,,32.0078189599452,18.894734362792967,6.298244787597656,252.74525451660156,221.01099395751953,162.50209045410156,133.68497467041016,True
1584,52.8,0.848741888999939,26.825307868421078,101,147.54101618808767,STOPPED,False,,0.40943475588034073,,,32.0078189599452,18.894734362792967,6.298244787597656,252.74525451660156,222.5129623413086,162.50209045410156,134.80975341796875,True
1585,52.833333333333336,0.807055652141571,27.16795913875103,101,147.54101618808767,STOPPED,False,,0.40943475588034073,,,32.0078189599452,18.894734362792967,6.298244787597656,252.74525451660156,226.7148208618164,162.50209045410156,138.2476348876953,True
1586,52.86666666666667,0.8261347413063049,26.734822429716587,101,0.0,STOPPED,False,2.866666666666667,,31.73426055908203,28.817115783691406,32.0078189599452,18.894734362792967,6.298244787597656,252.74525451660156,234.21509552001953,162.50209045410156,145.28719329833984,False
1587,52.9,0.8427662253379822,27.57150074467063,101,0.0,STOPPED,False,,,,,32.0078189599452,18.894734362792967,6.298244787597656,252.74525451660156,242.54520416259766,162.50209045410156,153.5037841796875,False
1588,52.93333333333333,0.8341466188430786,28.51372677832842,101,0.0,STOPPED,False,,,,,32.0078189599452,22.736201275634766,7.578733758544922,252.74525451660156,245.17426300048828,162.50209045410156,155.36890411376953,False
1589,52.96666666666667,0.8055823445320129,26.77464997395873,101,0.0,STOPPED,False,,,,,32.0078189599452,24.709732779562476,9.384611865234374,252.74525451660156,247.8980255126953,162.50209045410156,157.03973388671875,False
1590,53.0,0.8247020840644836,27.48648915439844,101,0.0,STOPPED,False,,,,,32.0078189599452,24.509965876042845,10.8835001953125,252.74525451660156,245.77120208740234,162.50209045410156,155.26918029785156,False
1591,53.03333333333333,0.7908296585083008,27.35904697328806,101,0.0,STOPPED,False,,,,,32.0078189599452,24.780980658829215,10.8835001953125,252.74525451660156,241.82660675048828,162.50209045410156,153.22028350830078,False
1592,53.06666666666667,0.8347111940383911,26.885079685598612,101,0.0,STOPPED,False,,,,,32.0078189599452,24.762624745666983,10.8835001953125,252.74525451660156,240.29566955566406,162.50209045410156,151.19257354736328,False
1593,53.1,0.7213761210441589,26.820048224180937,101,0.0,STOPPED,False,,,,,32.0078189599452,24.942354782223703,10.8835001953125,252.74525451660156,240.4772720336914,162.50209045410156,151.04103088378906,False
1594,53.13333333333333,0.8020268678665161,26.62070607766509,101,0.0,STOPPED,False,,,,,32.0078189599452,24.896489049494267,10.8835001953125,252.74525451660156,240.20807647705078,162.50209045410156,150.45611572265625,False
1595,53.166666666666664,0.8177897334098816,26.479225140064955,101,0.0,STOPPED,False,,,,,32.0078189599452,24.925777046978475,10.8835001953125,252.74525451660156,240.67918395996094,162.50209045410156,151.0946044921875,False
1596,53.2,0.8283759951591492,27.24316017702222,101,0.0,STOPPED,False,,,,,32.0078189599452,25.253776419460774,10.8835001953125,252.74525451660156,240.70269012451172,162.50209045410156,152.3203887939453,False
1597,53.233333333333334,0.8224748969078064,26.7599462531507,101,0.0,STOPPED,False,,,,,32.0078189599452,25.366363992989065,10.8835001953125,252.74525451660156,241.66888427734375,162.50209045410156,153.34326934814453,False
1598,53.266666666666666,0.8643068671226501,26.8034883774817,101,0.0,STOPPED,False,,,,,32.0078189599452,25.031002196371556,10.8835001953125,252.74525451660156,241.67729949951172,162.50209045410156,153.98809814453125,False
1599,53.3,0.851732075214386,26.94237930700183,101,0.0,STOPPED,False,,,,,32.0078189599452,25.150501892864707,10.8835001953125,252.74525451660156,241.15185546875,162.50209045410156,153.74962615966797,False
1600,53.333333333333336,0.8305338025093079,26.71132516115904,101,0.0,STOPPED,False,,,,,32.0078189599452,24.79294843584299,10.8835001953125,252.74525451660156,241.48938751220703,162.50209045410156,153.74735260009766,False
1601,53.36666666666667,0.6211684942245483,26.508172042667866,101,0.0,STOPPED,False,,,,,32.0078189599452,25.039198189377785,10.8835001953125,252.74525451660156,240.80037689208984,162.50209045410156,154.09441375732422,False
1602,53.4,0.8857038617134094,27.26588910445571,101,0.0,STOPPED,False,,,,,32.0078189599452,25.06271312117577,10.8835001953125,252.74525451660156,240.74179077148438,162.50209045410156,154.59027862548828,False
1603,53.43333333333333,0.8111217021942139,27.06994116306305,101,0.0,STOPPED,False,,,,,32.0078189599452,24.731593877971175,10.8835001953125,252.74525451660156,240.56182861328125,162.50209045410156,154.10899353027344,False
1604,53.46666666666667,0.8376773595809937,27.034528087824583,101,0.0,STOPPED,False,,,,,32.0078189599452,25.001978239119055,10.8835001953125,252.74525451660156,240.9559555053711,162.50209045410156,154.38016510009766,False
1605,53.5,0.8335260152816772,26.574683841317892,101,0.0,STOPPED,False,,,,,32.0078189599452,24.791876412034036,10.8835001953125,252.74525451660156,240.68343353271484,162.50209045410156,154.4760971069336,False
1606,53.53333333333333,0.8447926640510559,26.88899217173457,101,0.0,STOPPED,False,,,,,32.0078189599452,24.706766932308675,10.8835001953125,252.74525451660156,240.90467834472656,162.50209045410156,154.51889038085938,False
1607,53.56666666666667,0.8369038105010986,27.238500770181417,101,0.0,STOPPED,False,,,,,32.0078189599452,24.695957657396796,10.8835001953125,252.74525451660156,241.42831420898438,162.50209045410156,154.8368682861328,False
1608,53.6,0.8247259259223938,27.09061373025179,101,0.0,STOPPED,False,,,,,32.0078189599452,24.978904397785666,10.8835001953125,252.74525451660156,241.6133804321289,162.50209045410156,155.5169677734375,False
1609,53.63333333333333,0.8244657516479492,26.643703691661358,101,0.0,STOPPED,False,,,,,32.0078189599452,24.70351043611765,10.8835001953125,252.74525451660156,241.56029510498047,162.50209045410156,156.22329711914062,False
1610,53.666666666666664,0.8294095396995544,27.227289974689484,101,0.0,STOPPED,False,,,,,32.0078189599452,24.67337710052729,10.8835001953125,252.74525451660156,242.44831085205078,162.50209045410156,156.86595916748047,False
1611,53.7,0.8468714952468872,26.7760893329978,101,0.0,STOPPED,False,,,,,32.0078189599452,24.647993930578235,10.8835001953125,252.74525451660156,242.33116149902344,162.50209045410156,157.036376953125,False
1612,53.733333333333334,0.8507387042045593,26.874386239796877,101,0.0,STOPPED,False,,,,,32.0078189599452,24.538358388245108,10.8835001953125,252.74525451660156,241.89312744140625,162.50209045410156,157.0829849243164,False
1613,53.766666666666666,0.8409541249275208,27.14787982404232,101,0.0,STOPPED,False,,,,,32.0078189599452,24.551198112070562,10.8835001953125,252.74525451660156,241.82604217529297,162.50209045410156,157.08006286621094,False
1614,53.8,0.8281629681587219,26.7033358104527,101,0.0,STOPPED,False,,,,,32.0078189599452,24.5006866016984,10.8835001953125,252.74525451660156,242.09268951416016,162.50209045410156,157.1927947998047,False
1615,53.833333333333336,0.8392127156257629,26.779449079185724,101,0.0,STOPPED,False,,,,,32.0078189599452,24.51781083881855,10.8835001953125,252.74525451660156,243.5724334716797,162.50209045410156,157.1494903564453,False
1616,53.86666666666667,0.8151893019676208,26.647492311894894,101,0.0,STOPPED,False,,,,,32.0078189599452,24.93737383723259,10.732584292602539,252.74525451660156,245.60411834716797,162.50209045410156,156.9139633178711,False
1617,53.9,0.8384621143341064,26.531563606113195,101,0.0,STOPPED,False,,,,,32.0078189599452,24.554106648266316,9.77177642211914,252.74525451660156,245.68653869628906,162.50209045410156,156.87226104736328,False
1618,53.93333333333333,0.8564940690994263,27.309687808156013,101,0.0,STOPPED,False,,,,,32.0078189599452,12.133211009216307,4.044403669738769,251.0264129638672,244.6409912109375,160.6558380126953,156.92855072021484,False
1619,53.96666666666667,0.839133620262146,26.98245784267783,101,0.0,STOPPED,False,,,,,32.0078189599452,11.202736635980818,1.6633325958251952,247.04730224609375,244.67935943603516,157.17547607421875,157.02259826660156,False
1620,54.0,0.8549284934997559,26.602876372635365,101,0.0,STOPPED,False,,,,,32.0078189599452,11.202736635980818,1.6633325958251952,245.73733520507812,244.10214233398438,157.16610717773438,157.17718505859375,False
1621,54.03333333333333,0.8634715676307678,26.836673729121685,101,0.0,STOPPED,False,,,,,32.0078189599452,11.202736635980818,1.6633325958251952,245.65357971191406,243.6668701171875,157.16610717773438,157.28594207763672,False
1622,54.06666666666667,0.8508003950119019,26.650751009583473,101,0.0,STOPPED,False,,,,,32.0078189599452,11.202736635980818,1.634352941894531,245.4321746826172,242.23657989501953,157.1228790283203,156.43962860107422,False
1623,54.1,0.8332851529121399,26.734868064522743,101,0.0,STOPPED,False,,,,,32.0078189599452,11.202736635980818,1.5644941040039062,244.97628784179688,242.05432891845703,157.08181762695312,156.14712524414062,False
1624,54.13333333333333,0.8573228120803833,27.683493215590715,101,0.0,STOPPED,False,,,,,32.0078189599452,11.202736635980818,1.4437455459594726,244.97628784179688,242.21569061279297,157.08181762695312,155.9365463256836,False
1625,54.166666666666664,0.8151195049285889,26.798415929079056,101,0.0,STOPPED,False,,,,,32.0078189599452,11.202736635980818,1.366839743041992,244.97628784179688,242.45339965820312,157.08181762695312,155.20176696777344,False
1626,54.2,0.8268266916275024,26.662145275622606,101,0.0,STOPPED,False,,,,,32.0078189599452,11.202736635980818,1.390627491760254,244.97628784179688,242.7806167602539,157.08181762695312,154.44518280029297,False
1627,54.233333333333334,0.7928038835525513,26.655856985598803,101,0.0,STOPPED,False,,,,,32.0078189599452,11.202736635980818,1.366839743041992,244.97628784179688,241.81228637695312,157.08181762695312,154.11929321289062,False
1628,54.266666666666666,0.7962390780448914,26.82182239368558,101,0.0,STOPPED,False,,,,,32.0078189599452,11.202736635980818,1.3526100769042968,244.97628784179688,241.9080810546875,157.08181762695312,154.1094970703125,False
1629,54.3,0.7962524890899658,27.13117515668273,101,0.0,STOPPED,False,,,,,32.0078189599452,11.202736635980818,1.315780352783203,244.97628784179688,242.0482940673828,157.08181762695312,153.6505126953125,False
1630,54.333333333333336,0.8066340684890747,26.904942002147436,101,0.0,STOPPED,False,,,,,32.0078189599452,11.202736635980818,1.2073950897216796,244.97628784179688,241.94105529785156,157.08181762695312,153.89307403564453,False
1631,54.36666666666667,0.8529950380325317,26.961471885442734,101,0.0,STOPPED,False,,,,,32.0078189599452,11.202736635980818,1.315780352783203,244.97628784179688,240.83301544189453,157.08181762695312,153.8020477294922,False
1632,54.4,0.84361732006073,26.68606722727418,101,0.0,STOPPED,False,,,,,32.0078189599452,11.202736635980818,1.366839743041992,244.97628784179688,240.54882049560547,157.08181762695312,153.62885284423828,False
1633,54.43333333333333,0.8226560950279236,26.74169698730111,101,0.0,STOPPED,False,,,,,32.0078189599452,11.202736635980818,1.366025326538086,244.66400146484375,240.51646423339844,157.08181762695312,153.65591430664062,False
1634,54.46666666666667,0.834639310836792,26.849498972296715,101,0.0,STOPPED,False,,,,,32.0078189599452,11.202736635980818,1.3456196685791015,244.42544555664062,239.83863067626953,157.08181762695312,153.41341400146484,False
1635,54.5,0.8149130344390869,27.006614953279495,101,0.0,STOPPED,False,,,,,32.0078189599452,11.202736635980818,1.1506347839355469,243.92803955078125,239.40753936767578,157.08181762695312,153.36353302001953,False
1636,54.53333333333333,0.8168226480484009,26.729939971119165,101,0.0,STOPPED,False,,,,,32.0078189599452,11.202736635980818,1.2392704467773437,243.92803955078125,239.0983123779297,157.08181762695312,153.1822509765625,False
1637,54.56666666666667,0.8032110333442688,26.816476136446,101,0.0,STOPPED,False,,,,,32.0078189599452,11.202736635980818,1.2392704467773437,243.92803955078125,238.88491821289062,157.08181762695312,153.61748504638672,False
1638,54.6,0.817760169506073,31.00826032459736,101,0.0,STOPPED,False,,,,,32.0078189599452,11.202736635980818,1.2392704467773437,243.92803955078125,239.0264129638672,157.08181762695312,153.99983978271484,False
1639,54.63333333333333,0.863911509513855,31.13646386191249,101,0.0,STOPPED,False,,,,,32.0078189599452,11.202736635980818,1.2392704467773437,243.92803955078125,238.76348876953125,157.08181762695312,154.8713607788086,False
1640,54.666666666666664,0.8454954624176025,31.740739941596985,101,0.0,STOPPED,False,,,,,32.0078189599452,11.202736635980818,1.2392704467773437,243.92803955078125,238.1018829345703,157.08181762695312,155.21520233154297,False
1641,54.7,0.8215963244438171,27.32546441257,101,0.0,STOPPED,False,,,,,32.0078189599452,11.202736635980818,1.2011964752197264,243.92803955078125,237.62430572509766,157.08181762695312,154.8016357421875,False
1642,54.733333333333334,0.8278130888938904,26.908860076218843,101,0.0,STOPPED,False,,,,,32.0078189599452,11.202736635980818,1.2517581665039061,243.92803955078125,237.634033203125,157.08181762695312,154.75765228271484,False
1643,54.766666666666666,0.8394099473953247,26.943502947688103,101,0.0,STOPPED,False,,,,,32.0078189599452,11.202736635980818,1.3286074127197265,243.92803955078125,237.1915054321289,157.08181762695312,154.3925018310547,False
1644,54.8,0.7899255752563477,26.784582994878292,101,0.0,STOPPED,False,,,,,32.0078189599452,11.202736635980818,1.451878399658203,243.92803955078125,236.98831176757812,157.08181762695312,154.5268783569336,False
1645,54.833333333333336,0.7941449284553528,26.75793506205082,101,0.0,STOPPED,False,,,,,32.0078189599452,11.202736635980818,1.4862648742675781,243.92803955078125,236.35052490234375,157.08181762695312,154.32881927490234,False
1646,54.86666666666667,0.8515545725822449,27.062356006354094,101,0.0,STOPPED,False,,,,,32.0078189599452,11.202736635980818,1.4722840576171874,243.92803955078125,236.37718963623047,157.08181762695312,154.18890380859375,False
1647,54.9,0.7186739444732666,26.75666008144617,101,0.0,STOPPED,False,,,,,32.0078189599452,11.202736635980818,1.468879344177246,243.92803955078125,235.93736267089844,157.08181762695312,154.1457977294922,False
1648,54.93333333333333,0.8115197420120239,26.862407103180885,101,0.0,STOPPED,False,,,,,32.0078189599452,11.202736635980818,1.4654746307373046,243.92803955078125,236.9634017944336,157.08181762695312,154.1971664428711,False
1649,54.96666666666667,0.7624676823616028,26.55173884704709,101,0.0,STOPPED,False,,,,,32.0078189599452,11.202736635980818,1.5717333618164062,243.92803955078125,238.79579162597656,157.08181762695312,154.45987701416016,False
1650,55.0,0.8694087266921997,28.27176684513688,101,0.0,STOPPED,False,,,,,32.0078189599452,11.202736635980818,1.5717333618164062,243.92803955078125,239.9717025756836,157.08181762695312,154.4595489501953,False
1651,55.03333333333333,0.8715157508850098,27.381145395338535,101,0.0,STOPPED,False,,,,,32.0078189599452,11.202736635980818,1.9930581665039062,243.92803955078125,240.3105697631836,157.08181762695312,154.47720336914062,False
1652,55.06666666666667,0.874060869216919,26.691362727433443,101,0.0,STOPPED,False,,,,,32.0078189599452,11.202736635980818,2.0410408721923825,243.92803955078125,240.22948455810547,157.08181762695312,154.85169219970703,False
1653,55.1,0.860429584980011,26.79604897275567,101,0.0,STOPPED,False,,,,,32.0078189599452,11.202736635980818,2.136802679443359,243.92803955078125,240.45187377929688,157.08181762695312,154.9159927368164,False
1654,55.13333333333333,0.8714709877967834,27.12695999071002,101,0.0,STOPPED,False,,,,,32.0078189599452,11.202736635980818,2.346288702392578,243.92803955078125,239.16565704345703,157.08181762695312,154.92724609375,False
1655,55.166666666666664,0.8456613421440125,28.787598945200443,101,0.0,STOPPED,False,,,,,32.0078189599452,11.202736635980818,2.3670563232421875,243.92803955078125,239.128662109375,157.08181762695312,154.80731201171875,False
1656,55.2,0.8482040166854858,27.019432745873928,101,0.0,STOPPED,False,,,,,32.0078189599452,11.202736635980818,2.6095940826416015,243.92803955078125,239.93949127197266,157.08181762695312,154.71282958984375,False
1657,55.233333333333334,0.8546628952026367,26.889938861131668,101,0.0,STOPPED,False,,,,,32.0078189599452,11.202736635980818,2.1134108276367187,243.92803955078125,239.24261474609375,157.0570831298828,154.56122589111328,False
1658,55.266666666666666,0.8516731262207031,26.567617896944284,101,0.0,STOPPED,False,,,,,32.0078189599452,11.202736635980818,2.2231082061767578,243.92803955078125,239.8419189453125,156.9849853515625,154.65243530273438,False
1659,55.3,0.827428936958313,26.803848799318075,101,0.0,STOPPED,False,,,,,32.0078189599452,11.202736635980818,2.112098712158203,243.92803955078125,240.46448516845703,156.9227294921875,154.49940490722656,False
1660,55.333333333333336,0.8350277543067932,26.66246285662055,101,0.0,STOPPED,False,,,,,32.0078189599452,11.202736635980818,2.13207453918457,243.92803955078125,240.44376373291016,156.89727783203125,154.22093200683594,False
1661,55.36666666666667,0.8436064720153809,26.666583959013224,101,0.0,STOPPED,False,,,,,32.0078189599452,11.202736635980818,2.101352938842773,243.31236267089844,240.02386474609375,156.69920349121094,154.87738800048828,False
1662,55.4,0.861156165599823,28.602867852896452,101,0.0,STOPPED,False,,,,,32.0078189599452,11.202736635980818,1.9071032913208006,242.64971923828125,238.8955841064453,156.3226318359375,155.0647430419922,False
1663,55.43333333333333,0.8581817746162415,27.460234239697456,101,0.0,STOPPED,False,,,,,32.0078189599452,11.202736635980818,1.7434168853759764,242.36666870117188,237.20162963867188,156.06289672851562,154.66524505615234,False
1664,55.46666666666667,0.867765486240387,33.109820913523436,101,0.0,STOPPED,False,,,,,32.0078189599452,11.202736635980818,1.6472591812133788,242.2282257080078,236.44788360595703,155.64801025390625,154.50498962402344,False
1665,55.5,0.7255790829658508,27.056029066443443,101,0.0,STOPPED,False,,,,,32.0078189599452,11.202736635980818,1.5724912216186522,242.15115356445312,237.820068359375,155.2098388671875,154.4571990966797,False
1666,55.53333333333333,0.8446186780929565,26.627022307366133,101,0.0,STOPPED,False,,,,,32.0078189599452,11.202736635980818,1.5831804382324217,242.05191040039062,237.94651794433594,155.14695739746094,154.4084930419922,False
1667,55.56666666666667,0.8337482810020447,28.044120874255896,101,0.0,STOPPED,False,,,,,32.0078189599452,11.202736635980818,1.8139204696655273,242.00540161132812,236.59174346923828,155.00975036621094,154.50374603271484,False
1668,55.6,0.8503886461257935,26.85025380924344,101,0.0,STOPPED,False,,,,,32.0078189599452,11.202736635980818,1.9071259140014647,241.92787170410156,235.05996704101562,154.92274475097656,154.1669158935547,False
1669,55.63333333333333,0.8719182014465332,26.853762101382017,101,0.0,STOPPED,False,,,,,32.0078189599452,11.202736635980818,1.9603005249023437,241.86976623535156,236.1616439819336,154.90054321289062,154.0442352294922,False
1670,55.666666666666664,0.8507640361785889,26.652580127120018,101,0.0,STOPPED,False,,,,,32.0078189599452,11.202736635980818,1.9936237335205078,241.4205780029297,236.0007095336914,154.87496948242188,154.1511001586914,False
1671,55.7,0.8922634720802307,26.651892345398664,101,0.0,STOPPED,False,,,,,32.0078189599452,11.202736635980818,2.101352938842773,240.71932983398438,236.1878890991211,154.87496948242188,154.4755096435547,False
1672,55.733333333333334,0.880892276763916,26.67466877028346,101,0.0,STOPPED,False,,,,,32.0078189599452,11.202736635980818,2.295319802856445,240.535888671875,235.50363159179688,154.87496948242188,153.69786071777344,False
1673,55.766666666666666,0.8630341291427612,26.662721764296293,101,0.0,STOPPED,False,,,,,32.0078189599452,11.202736635980818,2.311133056640625,240.49566650390625,234.59149169921875,154.87496948242188,153.3145294189453,False
1674,55.8,0.8479655981063843,27.354749850928783,101,0.0,STOPPED,False,,,,,32.0078189599452,11.202736635980818,2.3635045623779294,240.45944213867188,235.91141510009766,154.87496948242188,153.0704345703125,False
1675,55.833333333333336,0.8382359743118286,26.629468891769648,101,0.0,STOPPED,False,,,,,32.0078189599452,11.202736635980818,2.2937135925292966,240.44862365722656,237.3367691040039,154.87496948242188,153.00064849853516,False
1676,55.86666666666667,0.8115867972373962,27.134011033922434,101,0.0,STOPPED,False,,,,,32.0078189599452,11.202736635980818,2.191097113037109,240.39048767089844,238.46160888671875,154.87496948242188,153.3534393310547,False
1677,55.9,0.8238637447357178,26.798266917467117,101,0.0,STOPPED,False,,,,,32.0078189599452,11.202736635980818,2.2389440826416016,240.27813720703125,237.35723876953125,154.87496948242188,153.4977264404297,False
1678,55.93333333333333,0.8170222043991089,26.531219016760588,101,0.0,STOPPED,False,,,,,32.0078189599452,11.202736635980818,2.008599948120117,240.14724731445312,236.80728912353516,154.87496948242188,153.44793701171875,False
1679,55.96666666666667,0.8331241607666016,27.240633964538574,101,0.0,STOPPED,False,,,,,32.0078189599452,11.202736635980818,2.0344124267578123,240.14724731445312,235.83179473876953,154.87496948242188,153.3019256591797,False
1680,56.0,0.8329690098762512,26.731798890978098,101,0.0,STOPPED,False,,,,,32.0078189599452,11.202736635980818,2.1440419372558592,240.14724731445312,234.84223175048828,154.87496948242188,153.0694808959961,False
1681,56.03333333333333,0.8285244703292847,26.591885834932327,101,0.0,STOPPED,False,,,,,32.0078189599452,11.202736635980818,2.1296086669921874,240.14724731445312,234.65741729736328,154.87496948242188,152.71348571777344,False
1682,56.06666666666667,0.8408976793289185,26.690185070037842,101,0.0,STOPPED,False,,,,,32.0078189599452,11.202736635980818,2.1327984649658203,240.14724731445312,234.87161254882812,154.87496948242188,152.6918487548828,False
1683,56.1,0.8325194120407104,26.58295026049018,101,0.0,STOPPED,False,,,,,32.0078189599452,11.202736635980818,2.1132298461914063,240.14724731445312,235.95956420898438,154.87496948242188,152.8931121826172,False
1684,56.13333333333333,0.8453695178031921,27.378785889595747,101,0.0,STOPPED,False,,,,,32.0078189599452,11.202736635980818,1.8744022064208983,240.14724731445312,237.0460205078125,154.86709594726562,152.9866180419922,False
1685,56.166666666666664,0.81794273853302,26.859440375119448,101,0.0,STOPPED,False,,,,,32.0078189599452,11.202736635980818,1.9128833862304686,240.14724731445312,239.46082305908203,154.8339385986328,152.99591064453125,False
1686,56.2,0.8634952306747437,26.677646208554506,101,0.0,STOPPED,False,,,,,32.0078189599452,11.202736635980818,2.0309285339355467,240.27813720703125,241.3337173461914,154.8339385986328,153.14881896972656,False
1687,56.233333333333334,0.8549784421920776,26.550776325166225,101,0.0,STOPPED,False,,,,,32.0078189599452,11.202736635980818,2.3635045623779294,240.39048767089844,241.18377685546875,154.8339385986328,153.40276336669922,False
1688,56.266666666666666,0.8738147020339966,26.70773584395647,101,0.0,STOPPED,False,,,,,32.0078189599452,11.202736635980818,2.3111104339599606,240.44862365722656,240.83619689941406,154.8339385986328,153.82603454589844,False
1689,56.3,0.8057460188865662,26.517434045672417,101,0.0,STOPPED,False,,,,,32.0078189599452,11.202736635980818,2.6263122436523436,240.45944213867188,240.87347412109375,154.8339385986328,154.06653594970703,False
1690,56.333333333333336,0.8003774285316467,27.486860752105713,101,0.0,STOPPED,False,,,,,32.0078189599452,11.202736635980818,2.7912994537353515,240.5211639404297,240.55894470214844,154.8339385986328,154.00731658935547,False
1691,56.36666666666667,0.8025252819061279,26.618435978889465,101,0.0,STOPPED,False,,,,,32.0078189599452,11.202736635980818,2.9458576080322265,240.5211639404297,239.6592254638672,154.8339385986328,153.91744232177734,False
1692,56.4,0.8086820244789124,26.74979204311967,101,0.0,STOPPED,False,,,,,32.0078189599452,11.202736635980818,2.7412807067871094,240.5211639404297,239.2422866821289,154.8339385986328,154.15250396728516,False
1693,56.43333333333333,0.7952569723129272,26.708723977208138,101,0.0,STOPPED,False,,,,,32.0078189599452,11.202736635980818,2.4553074005126954,240.5211639404297,239.36949157714844,154.8339385986328,153.6135025024414,False
1694,56.46666666666667,0.7970203161239624,26.89420711249113,101,0.0,STOPPED,False,,,,,32.0078189599452,11.202736635980818,2.555638989257812,240.5211639404297,238.72000122070312,154.8339385986328,153.54039001464844,False
1695,56.5,0.7913235425949097,26.850086636841297,101,0.0,STOPPED,False,,,,,32.0078189599452,11.202736635980818,2.555638989257812,240.5211639404297,240.0083999633789,154.8339385986328,153.21366119384766,False
1696,56.53333333333333,0.8238953351974487,26.561595033854246,101,0.0,STOPPED,False,,,,,32.0078189599452,11.202736635980818,2.555638989257812,240.5211639404297,239.6583709716797,154.8339385986328,153.40367126464844,False
1697,56.56666666666667,0.8172767758369446,26.611709967255592,101,0.0,STOPPED,False,,,,,32.0078189599452,11.202736635980818,2.555638989257812,240.5211639404297,239.27520751953125,154.76951599121094,153.4554672241211,False
1698,56.6,0.8269422054290771,26.942919939756393,101,0.0,STOPPED,False,,,,,32.0078189599452,11.202736635980818,2.4818438049316405,240.5211639404297,239.07656860351562,154.6938018798828,153.6881332397461,False
1699,56.63333333333333,0.8340824842453003,26.777879800647497,101,0.0,STOPPED,False,,,,,32.0078189599452,11.202736635980818,2.4818438049316405,240.5211639404297,238.73201751708984,154.66012573242188,153.68473052978516,False
1700,56.666666666666664,0.801560640335083,27.294115163385868,101,0.0,STOPPED,False,,,,,32.0078189599452,11.202736635980818,2.316200537109375,240.5211639404297,237.4258804321289,154.61595153808594,153.59031677246094,False
1701,56.7,0.8084454536437988,27.098129969090223,101,0.0,STOPPED,False,,,,,32.0078189599452,11.202736635980818,2.539260168457031,240.5211639404297,236.48779296875,154.53872680664062,153.75025939941406,False
1702,56.733333333333334,0.8035402297973633,27.21448615193367,101,0.0,STOPPED,False,,,,,32.0078189599452,11.202736635980818,2.4587686706542966,240.5211639404297,236.995849609375,154.50450134277344,153.60973358154297,False
1703,56.766666666666666,0.8079613447189331,26.83975175023079,101,0.0,STOPPED,False,,,,,32.0078189599452,11.202736635980818,2.4630669799804688,240.5211639404297,237.58097076416016,154.50201416015625,153.09107208251953,False
1704,56.8,0.8345996737480164,26.643117889761925,101,0.0,STOPPED,False,,,,,32.0078189599452,11.202736635980818,2.4038860473632813,240.5128631591797,238.1647720336914,154.49246215820312,152.77278900146484,False
1705,56.833333333333336,0.8567464351654053,26.639762334525585,101,0.0,STOPPED,False,,,,,32.0078189599452,11.202736635980818,2.4038860473632813,240.34490966796875,239.9402084350586,154.49246215820312,152.45848846435547,False
1706,56.86666666666667,0.8358418941497803,26.847397908568382,101,0.0,STOPPED,False,,,,,32.0078189599452,11.202736635980818,2.3428953002929687,240.33872985839844,239.02896881103516,154.4681854248047,153.00263214111328,False
1707,56.9,0.8315712809562683,27.185778133571148,101,0.0,STOPPED,False,,,,,32.0078189599452,11.202736635980818,2.3428953002929687,240.33872985839844,238.26880645751953,154.43771362304688,152.90647888183594,False
1708,56.93333333333333,0.8395269513130188,26.93224186077714,101,0.0,STOPPED,False,,,,,32.0078189599452,11.202736635980818,2.2971748626708983,240.33872985839844,238.1642608642578,154.31185913085938,152.9208755493164,False
1709,56.96666666666667,0.8499034643173218,26.607071049511433,101,0.0,STOPPED,False,,,,,32.0078189599452,11.202736635980818,2.212339810180664,240.33872985839844,237.87728881835938,154.16114807128906,153.1204376220703,False
1710,57.0,0.8412693738937378,26.644987054169178,101,0.0,STOPPED,False,,,,,32.0078189599452,11.202736635980818,2.1627056488037106,240.33872985839844,238.4751968383789,154.1519317626953,153.64254760742188,False
1711,57.03333333333333,0.8516770601272583,26.6317930072546,101,0.0,STOPPED,False,,,,,32.0078189599452,11.202736635980818,2.215167645263672,240.33872985839844,238.64122772216797,154.1327362060547,154.10520935058594,False
1712,57.06666666666667,0.8658828139305115,27.751414105296135,101,0.0,STOPPED,False,,,,,32.0078189599452,11.202736635980818,2.0126041625976563,240.33872985839844,238.77078247070312,154.1327362060547,154.20046997070312,False
1713,57.1,0.859432578086853,26.61496214568615,101,0.0,STOPPED,False,,,,,32.0078189599452,11.202736635980818,1.88727451171875,240.33872985839844,238.96419525146484,154.1327362060547,154.28652954101562,False
1714,57.13333333333333,0.8983834385871887,26.79185615852475,101,0.0,STOPPED,False,,,,,32.0078189599452,11.202736635980818,1.7755863372802734,240.33872985839844,239.79851531982422,154.1519317626953,154.3288345336914,False
1715,57.166666666666664,0.8968477845191956,26.903573889285326,101,0.0,STOPPED,False,,,,,32.0078189599452,11.202736635980818,1.7541852813720702,240.33872985839844,239.60394287109375,154.1812744140625,154.30533599853516,False
1716,57.2,0.8610577583312988,26.62424184381962,101,0.0,STOPPED,False,,,,,32.0078189599452,11.202736635980818,1.741742807006836,240.33872985839844,238.6006622314453,154.13357543945312,153.91064453125,False
1717,57.233333333333334,0.8753811717033386,27.743629179894924,101,0.0,STOPPED,False,,,,,32.0078189599452,11.202736635980818,1.5719595886230469,240.33872985839844,238.9192352294922,154.13357543945312,153.59521484375,False
1718,57.266666666666666,0.8453381061553955,26.757937856018543,101,0.0,STOPPED,False,,,,,32.0078189599452,11.202736635980818,1.5990163146972656,240.33872985839844,239.8313446044922,154.13357543945312,153.51934814453125,False
1719,57.3,0.8546510934829712,27.296679094433784,101,0.0,STOPPED,False,,,,,32.0078189599452,11.202736635980818,1.4491976119995116,240.7252960205078,240.95110321044922,154.13357543945312,153.1385269165039,False
1720,57.333333333333336,0.8414167165756226,27.655606158077717,101,0.0,STOPPED,False,,,,,32.0078189599452,11.202736635980818,1.3036319732666015,240.8585662841797,241.99372100830078,154.13357543945312,153.38018035888672,False
1721,57.36666666666667,0.8475566506385803,26.963322889059782,101,0.0,STOPPED,False,,,,,32.0078189599452,11.202736635980818,1.2358091766357422,240.92005920410156,242.2350616455078,154.13357543945312,153.51471710205078,False
1722,57.4,0.8431899547576904,26.55038284137845,101,0.0,STOPPED,False,,,,,32.0078189599452,11.202736635980818,1.3161423156738281,241.09071350097656,242.31536102294922,154.13357543945312,153.72547149658203,False
1723,57.43333333333333,0.8336407542228699,26.954075787216425,101,0.0,STOPPED,False,,,,,32.0078189599452,11.202736635980818,1.2895606658935546,241.27374267578125,241.70262908935547,154.13558959960938,154.11023712158203,False
1724,57.46666666666667,0.8431276082992554,26.76520636305213,101,0.0,STOPPED,False,,,,,32.0078189599452,11.202736635980818,1.314694464111328,241.27374267578125,240.61357879638672,154.1812744140625,154.65323638916016,False
1725,57.5,0.8555686473846436,27.02496014535427,101,0.0,STOPPED,False,,,,,32.0078189599452,11.202736635980818,1.13728740234375,241.27374267578125,239.21493530273438,154.25210571289062,155.24847412109375,False
1726,57.53333333333333,0.8615400791168213,27.226645965129137,101,0.0,STOPPED,False,,,,,32.0078189599452,11.202736635980818,1.2895606658935546,241.27374267578125,237.9828109741211,154.2978057861328,155.56925201416016,False
1727,57.56666666666667,0.8438127040863037,26.914047077298164,101,0.0,STOPPED,False,,,,,32.0078189599452,11.202736635980818,1.4027419372558594,241.27374267578125,238.21004486083984,154.31942749023438,155.77772521972656,False
1728,57.6,0.8711591362953186,26.872020214796066,101,0.0,STOPPED,False,,,,,32.0078189599452,11.202736635980818,1.4027419372558594,241.27374267578125,238.0450668334961,154.52346801757812,155.91651916503906,False
1729,57.63333333333333,0.8832830190658569,26.687487959861755,101,0.0,STOPPED,False,,,,,32.0078189599452,11.202736635980818,1.17637939453125,241.27374267578125,239.20704650878906,155.0103759765625,155.95050811767578,False
1730,57.666666666666664,0.8624426126480103,26.72424493357539,101,0.0,STOPPED,False,,,,,32.0078189599452,11.202736635980818,1.1880753204345702,241.27374267578125,238.89447021484375,155.44093322753906,156.26673889160156,False
1731,57.7,0.8685593605041504,26.54241817072034,101,0.0,STOPPED,False,,,,,32.0078189599452,11.202736635980818,1.1975994689941405,241.09071350097656,238.63575744628906,155.6943359375,156.115234375,False
1732,57.733333333333334,0.8780031204223633,26.683560106903315,101,0.0,STOPPED,False,,,,,32.0078189599452,11.202736635980818,1.1896136627197265,240.92005920410156,237.8581771850586,155.8610076904297,156.25588989257812,False
1733,57.766666666666666,0.8446998596191406,26.925079058855772,101,0.0,STOPPED,False,,,,,32.0078189599452,11.202736635980818,1.1852474853515624,240.92005920410156,237.66471099853516,155.93690490722656,156.0279312133789,False
1734,57.8,0.8458236455917358,27.909273747354746,101,0.0,STOPPED,False,,,,,32.0078189599452,11.202736635980818,1.1185784454345702,240.81610107421875,236.97232055664062,155.93690490722656,155.68699645996094,False
1735,57.833333333333336,0.8553870916366577,26.517393998801708,101,0.0,STOPPED,False,,,,,32.0078189599452,11.202736635980818,1.132559262084961,240.81610107421875,236.22017669677734,155.93690490722656,155.22692108154297,False
1736,57.86666666666667,0.876578152179718,26.849649846553802,101,0.0,STOPPED,False,,,,,32.0078189599452,11.202736635980818,1.1682352294921874,240.81610107421875,236.02588653564453,155.93690490722656,154.71902465820312,False
1737,57.9,0.860537588596344,26.50207281112671,101,0.0,STOPPED,False,,,,,32.0078189599452,11.202736635980818,1.267232080078125,240.81610107421875,237.3912124633789,155.93690490722656,154.7667465209961,False
1738,57.93333333333333,0.8557811975479126,26.72877488657832,101,0.0,STOPPED,False,,,,,32.0078189599452,11.202736635980818,1.2494054077148438,240.81610107421875,238.32389068603516,155.93690490722656,154.27762603759766,False
1739,57.96666666666667,0.8728032112121582,27.332976926118135,101,0.0,STOPPED,False,,,,,32.0078189599452,11.202736635980818,1.2927052185058594,240.81610107421875,240.20992279052734,155.93690490722656,154.77936553955078,False
1740,58.0,0.8969023823738098,26.603962294757366,101,0.0,STOPPED,False,,,,,32.0078189599452,11.202736635980818,1.2927052185058594,240.81610107421875,240.46033477783203,155.93690490722656,154.8123779296875,False
1741,58.03333333333333,0.8243137001991272,26.686246041208506,101,0.0,STOPPED,False,,,,,32.0078189599452,11.202736635980818,1.2927052185058594,240.81610107421875,239.72462463378906,155.93690490722656,154.95945739746094,False
1742,58.06666666666667,0.8581799268722534,26.711284182965755,101,0.0,STOPPED,False,,,,,32.0078189599452,11.202736635980818,1.1609507263183594,240.81610107421875,238.44420623779297,155.93690490722656,155.28775024414062,False
1743,58.1,0.8501489162445068,26.690921746194363,101,0.0,STOPPED,False,,,,,32.0078189599452,11.202736635980818,1.211467172241211,240.81610107421875,239.45835876464844,155.93690490722656,154.53929901123047,False
1744,58.13333333333333,0.8567476272583008,26.9620418548584,101,0.0,STOPPED,False,,,,,32.0078189599452,11.202736635980818,1.3029985382080078,240.81610107421875,239.5200958251953,155.93690490722656,154.4318389892578,False
1745,58.166666666666664,0.8455357551574707,31.317043118178844,101,0.0,STOPPED,False,,,,,32.0078189599452,11.202736635980818,1.2226427764892578,240.81610107421875,238.6954345703125,155.93690490722656,154.0542755126953,False
1746,58.2,0.8784996271133423,33.200657926499844,101,0.0,STOPPED,False,,,,,32.0078189599452,11.202736635980818,1.1682352294921874,240.81610107421875,238.93968200683594,155.93690490722656,153.75039672851562,False
1747,58.233333333333334,0.8467772006988525,37.181681022048,101,0.0,STOPPED,False,,,,,32.0078189599452,11.202736635980818,1.2307869415283204,240.91610717773438,240.86359405517578,155.93690490722656,153.7252426147461,False
1748,58.266666666666666,0.8395482301712036,27.406043838709593,101,0.0,STOPPED,False,,,,,32.0078189599452,11.202736635980818,1.1940703308105467,240.91610717773438,240.22274017333984,155.93690490722656,153.71749877929688,False
1749,58.3,0.8517444133758545,30.45166004449129,101,0.0,STOPPED,False,,,,,32.0078189599452,11.202736635980818,1.1940703308105467,240.91610717773438,238.13243865966797,155.93690490722656,153.6170425415039,False
1750,58.333333333333336,0.842566192150116,29.70870491117239,101,0.0,STOPPED,False,,,,,32.0078189599452,11.202736635980818,1.2307869415283204,240.91610717773438,236.32843017578125,155.93690490722656,154.1601791381836,False
1751,58.36666666666667,0.8915926218032837,32.33645623549819,101,0.0,STOPPED,False,,,,,32.0078189599452,11.202736635980818,1.2137746856689453,240.91610717773438,234.30088806152344,155.93690490722656,154.85602569580078,False
1752,58.4,0.9118905663490295,34.548894967883825,101,0.0,STOPPED,False,,,,,32.0078189599452,11.202736635980818,1.2912008102416992,240.91610717773438,235.88909149169922,155.93690490722656,155.00421905517578,False
1753,58.43333333333333,0.8495258092880249,26.782433968037367,101,0.0,STOPPED,False,,,,,32.0078189599452,11.202736635980818,1.2912008102416992,240.91610717773438,238.68667602539062,155.93690490722656,154.8029556274414,False
1754,58.46666666666667,0.850857138633728,26.810261886566877,101,0.0,STOPPED,False,,,,,32.0078189599452,11.202736635980818,1.299831362915039,240.91610717773438,240.27811431884766,155.93690490722656,155.14035034179688,False
1755,58.5,0.8290721774101257,27.396557852625847,101,0.0,STOPPED,False,,,,,32.0078189599452,11.202736635980818,1.3241620559692382,240.91610717773438,240.75159454345703,155.93690490722656,155.24021911621094,False
1756,58.53333333333333,0.8118203282356262,27.06129103899002,101,0.0,STOPPED,False,,,,,32.0078189599452,11.202736635980818,1.39066142578125,241.3001251220703,241.5327911376953,155.93690490722656,155.63926696777344,False
1757,58.56666666666667,0.7554137110710144,27.098195161670446,101,0.0,STOPPED,False,,,,,32.0078189599452,11.202736635980818,1.650957989501953,241.63470458984375,242.87843322753906,155.9969482421875,156.18216705322266,False
1758,58.6,0.8069934844970703,26.572337839752436,101,0.0,STOPPED,False,,,,,32.0078189599452,11.202736635980818,1.6638302947998045,241.87728881835938,243.12340545654297,156.08030700683594,156.4477996826172,False
1759,58.63333333333333,0.8057206273078918,26.639690157026052,101,0.0,STOPPED,False,,,,,32.0078189599452,11.202736635980818,1.7278072357177734,242.13851928710938,242.57764434814453,156.1553955078125,156.62813568115234,False
1760,58.666666666666664,0.7892858982086182,26.492603588849306,101,0.0,STOPPED,False,,,,,32.0078189599452,11.202736635980818,1.8392691833496093,242.152587890625,242.02887725830078,156.2263946533203,156.71424102783203,False
1761,58.7,0.8824403285980225,27.368274983018637,101,0.0,STOPPED,False,,,,,32.0078189599452,11.202736635980818,1.9540340423583984,242.152587890625,241.03508758544922,156.2624053955078,156.45762634277344,False
1762,58.733333333333334,0.8814696073532104,26.57611109316349,101,0.0,STOPPED,False,,,,,32.0078189599452,11.202736635980818,1.9475639556884765,242.152587890625,240.3829116821289,156.2624053955078,156.2008285522461,False
1763,58.766666666666666,0.8365368843078613,26.67068224400282,101,0.0,STOPPED,False,,,,,32.0078189599452,11.202736635980818,1.9540340423583984,242.152587890625,239.2663803100586,156.2624053955078,155.28084564208984,False
1764,58.8,0.812372624874115,26.730928104370832,101,0.0,STOPPED,False,,,,,32.0078189599452,11.202736635980818,1.8392691833496093,242.152587890625,238.66390228271484,156.2624053955078,155.26668548583984,False
1765,58.833333333333336,0.8074256181716919,26.54509898275137,101,0.0,STOPPED,False,,,,,32.0078189599452,11.202736635980818,1.7330330749511718,242.152587890625,238.46206665039062,156.2624053955078,155.6131820678711,False
1766,58.86666666666667,0.7914291620254517,26.79393719881773,101,0.0,STOPPED,False,,,,,32.0078189599452,11.202736635980818,1.7227397552490233,241.89837646484375,238.39776611328125,156.2624053955078,155.6992950439453,False
1767,58.9,0.8242191076278687,27.044944930821657,101,0.0,STOPPED,False,,,,,32.0078189599452,11.202736635980818,1.6945745178222655,241.63470458984375,239.68435668945312,156.2624053955078,156.0519790649414,False
1768,58.93333333333333,0.8049353361129761,26.63206495344639,101,0.0,STOPPED,False,,,,,32.0078189599452,11.202736635980818,1.650957989501953,241.33370971679688,239.79681396484375,156.2624053955078,155.9919891357422,False
1769,58.96666666666667,0.8301771283149719,26.712125167250633,101,0.0,STOPPED,False,,,,,32.0078189599452,11.202736635980818,1.5706927185058592,241.33370971679688,239.35091400146484,156.2624053955078,155.56138610839844,False
1770,59.0,0.8650949597358704,26.60032222047448,101,0.0,STOPPED,False,,,,,32.0078189599452,11.202736635980818,1.650957989501953,241.33370971679688,240.2283477783203,156.2624053955078,155.46832275390625,False
1771,59.03333333333333,0.8429144620895386,26.652555912733078,101,0.0,STOPPED,False,,,,,32.0078189599452,11.202736635980818,1.5330485778808594,241.33370971679688,240.30750274658203,156.2624053955078,155.07113647460938,False
1772,59.06666666666667,0.8423683643341064,27.209899853914976,101,0.0,STOPPED,False,,,,,32.0078189599452,11.202736635980818,1.4704516204833984,241.74960327148438,241.8941421508789,156.2624053955078,154.99944305419922,False
1773,59.1,0.8376516103744507,26.759278029203415,101,0.0,STOPPED,False,,,,,32.0078189599452,11.202736635980818,1.4715827545166016,241.7637176513672,241.5680923461914,156.2624053955078,154.90727996826172,False
1774,59.13333333333333,0.8197214007377625,26.71616617590189,101,0.0,STOPPED,False,,,,,32.0078189599452,11.202736635980818,1.5837686279296874,241.77052307128906,241.58509826660156,156.2624053955078,154.94872283935547,False
1775,59.166666666666664,0.8366994857788086,26.95651398971677,101,0.0,STOPPED,False,,,,,32.0078189599452,11.202736635980818,1.8121672119140624,241.9749755859375,242.2885513305664,156.23387145996094,155.08922576904297,False
1776,59.2,0.839958667755127,26.624128222465515,101,0.0,STOPPED,False,,,,,32.0078189599452,11.202736635980818,1.9073860748291014,242.18467712402344,242.65430450439453,156.23387145996094,155.16922760009766,False
1777,59.233333333333334,0.8326225876808167,26.829826645553112,101,0.0,STOPPED,False,,,,,32.0078189599452,11.202736635980818,2.0167101791381836,242.46200561523438,242.9552001953125,156.193359375,155.18734741210938,False
1778,59.266666666666666,0.8380882143974304,27.228851802647114,101,0.0,STOPPED,False,,,,,32.0078189599452,11.202736635980818,2.0030460800170897,242.46200561523438,241.66259002685547,156.193359375,154.95101165771484,False
1779,59.3,0.8597865104675293,29.14539212360978,101,0.0,STOPPED,False,,,,,32.0078189599452,11.202736635980818,1.9484349288940428,242.46200561523438,240.45603942871094,156.193359375,154.7461166381836,False
1780,59.333333333333336,0.8679385185241699,27.219686657190323,101,0.0,STOPPED,False,,,,,32.0078189599452,11.202736635980818,1.9125214233398435,242.46200561523438,240.63890838623047,156.193359375,154.89019012451172,False
1781,59.36666666666667,0.848417341709137,27.386703994125128,101,0.0,STOPPED,False,,,,,32.0078189599452,11.202736635980818,1.864572651672363,242.46200561523438,241.08779907226562,156.193359375,154.80196380615234,False
1782,59.4,0.8443080186843872,27.114155236631632,101,0.0,STOPPED,False,,,,,32.0078189599452,11.202736635980818,1.6800846908569336,242.46200561523438,241.28240966796875,156.193359375,155.0971908569336,False
1783,59.43333333333333,0.8445119261741638,28.748573269695044,101,0.0,STOPPED,False,,,,,32.0078189599452,11.202736635980818,1.6767817794799804,242.46200561523438,241.83650970458984,156.193359375,155.25950622558594,False
1784,59.46666666666667,0.8361992239952087,27.338029351085424,101,0.0,STOPPED,False,,,,,32.0078189599452,11.202736635980818,1.658140690612793,242.46200561523438,241.70863342285156,156.193359375,155.00469970703125,False
1785,59.5,0.8452789783477783,27.114282827824354,101,0.0,STOPPED,False,,,,,32.0078189599452,11.202736635980818,1.6873918167114257,242.46200561523438,242.01232147216797,156.193359375,155.2240219116211,False
1786,59.53333333333333,0.8384017944335938,27.76111988350749,101,0.0,STOPPED,False,,,,,32.0078189599452,11.202736635980818,1.7171632644653319,242.46200561523438,241.4988250732422,156.193359375,155.15442657470703,False
1787,59.56666666666667,0.8229272365570068,26.820414699614048,101,0.0,STOPPED,False,,,,,32.0078189599452,11.202736635980818,1.5682042236328124,242.46200561523438,241.06112670898438,156.193359375,154.9901580810547,False
1788,59.6,0.8555516004562378,27.370252180844545,101,0.0,STOPPED,False,,,,,32.0078189599452,11.202736635980818,1.3580395202636717,242.46200561523438,241.12108612060547,156.193359375,154.51060485839844,False
1789,59.63333333333333,0.864194393157959,27.29505207389593,101,0.0,STOPPED,False,,,,,32.0078189599452,11.202736635980818,1.236849819946289,242.46200561523438,241.89122772216797,156.193359375,154.37147521972656,False
1790,59.666666666666664,0.8718949556350708,27.62109786272049,101,0.0,STOPPED,False,,,,,32.0078189599452,11.202736635980818,1.2130960052490234,242.46200561523438,241.71340942382812,156.193359375,154.17230224609375,False
1791,59.7,0.8741744756698608,26.85482334345579,101,0.0,STOPPED,False,,,,,32.0078189599452,11.202736635980818,1.2033456298828125,242.46200561523438,242.10928344726562,156.193359375,154.2360382080078,False
1792,59.733333333333334,0.8484010100364685,26.837530080229044,101,0.0,STOPPED,False,,,,,32.0078189599452,11.202736635980818,1.2760549255371092,242.46327209472656,242.2917251586914,156.193359375,154.96857452392578,False
1793,59.766666666666666,0.835209846496582,26.882850099354982,101,0.0,STOPPED,False,,,,,32.0078189599452,11.202736635980818,1.3336070251464842,242.48623657226562,242.34911346435547,156.193359375,154.72769927978516,False
1794,59.8,0.8592107892036438,26.845467276871204,101,0.0,STOPPED,False,,,,,32.0078189599452,11.202736635980818,1.1929165740966796,242.48684692382812,242.35066986083984,156.193359375,154.90000915527344,False
1795,59.833333333333336,0.8717585802078247,26.627935003489256,101,0.0,STOPPED,False,,,,,32.0078189599452,11.202736635980818,1.1582133819580078,242.48684692382812,241.87696075439453,156.193359375,154.9293975830078,False
1796,59.86666666666667,0.855448842048645,26.66657790541649,101,0.0,STOPPED,False,,,,,32.0078189599452,11.202736635980818,1.1415630889892578,242.48684692382812,241.6222686767578,156.193359375,154.72492218017578,False
1797,59.9,0.8504939675331116,26.667557191103697,101,0.0,STOPPED,False,,,,,32.0078189599452,11.202736635980818,1.1251842681884765,242.48684692382812,241.03485107421875,156.193359375,154.875732421875,False
1798,59.93333333333333,0.8501396775245667,27.44043990969658,101,0.0,STOPPED,False,,,,,32.0078189599452,11.202736635980818,1.1204787506103515,242.48684692382812,241.0274429321289,156.193359375,154.7653045654297,False
1799,59.96666666666667,0.8681594133377075,26.869438122957945,101,0.0,STOPPED,False,,,,,32.0078189599452,11.202736635980818,1.1204787506103515,242.48684692382812,240.7690887451172,156.193359375,154.75442504882812,False
1800,60.0,0.8803278803825378,26.928687933832407,101,0.0,STOPPED,False,,,,,32.0078189599452,11.202736635980818,1.1204787506103515,242.48684692382812,240.68824768066406,156.193359375,154.92235565185547,False
1801,60.03333333333333,0.8708851337432861,26.65298106148839,101,0.0,STOPPED,False,,,,,32.0078189599452,11.202736635980818,1.081907080078125,242.48684692382812,241.03803253173828,156.193359375,154.6018524169922,False
1802,60.06666666666667,0.8555751442909241,26.626605074852705,101,0.0,STOPPED,False,,,,,32.0078189599452,11.202736635980818,0.9540436889648437,242.3500518798828,240.86629486083984,156.14129638671875,154.60633087158203,False
1803,60.1,0.8855684399604797,26.62417897954583,101,0.0,STOPPED,False,,,,,32.0078189599452,11.202736635980818,1.1206371093749998,242.32615661621094,239.67727661132812,156.02798461914062,154.41114044189453,False
1804,60.13333333333333,0.8677923679351807,26.648622937500477,101,0.0,STOPPED,False,,,,,32.0078189599452,11.202736635980818,1.156878643798828,242.2904510498047,239.56751251220703,155.87490844726562,153.98316192626953,False
1805,60.166666666666664,0.8421097993850708,27.401421684771776,101,0.0,STOPPED,False,,,,,32.0078189599452,11.202736635980818,1.1495941406249999,242.2904510498047,239.23369598388672,155.66485595703125,153.3929214477539,False
1806,60.2,0.8395100831985474,27.001340873539448,101,0.0,STOPPED,False,,,,,32.0078189599452,11.202736635980818,1.2095442443847655,242.2904510498047,239.6397705078125,155.59246826171875,153.34757232666016,False
1807,60.233333333333334,0.868830680847168,26.648642029613256,101,0.0,STOPPED,False,,,,,32.0078189599452,11.202736635980818,1.230719073486328,242.2904510498047,239.7802734375,155.52415466308594,154.1737823486328,False
1808,60.266666666666666,0.8510808944702148,27.921540196985006,101,0.0,STOPPED,False,,,,,32.0078189599452,11.202736635980818,1.2095442443847655,242.2904510498047,240.2768096923828,155.52415466308594,154.3367919921875,False
1809,60.3,0.8597518801689148,26.9658244214952,101,0.0,STOPPED,False,,,,,32.0078189599452,11.202736635980818,1.2095442443847655,242.2904510498047,239.318359375,155.52415466308594,153.43505096435547,False
1810,60.333333333333336,0.8625853061676025,27.11332682520151,101,0.0,STOPPED,False,,,,,32.0078189599452,11.202736635980818,1.2095442443847655,242.2904510498047,238.67056274414062,155.38479614257812,153.19939422607422,False
1811,60.36666666666667,0.8567714691162109,26.801459956914186,101,0.0,STOPPED,False,,,,,32.0078189599452,11.202736635980818,1.2095442443847655,242.2904510498047,238.94508361816406,155.2453155517578,153.55353546142578,False
1812,60.4,0.8507206439971924,26.83048415929079,101,0.0,STOPPED,False,,,,,32.0078189599452,11.202736635980818,1.1628284088134766,242.2904510498047,240.85746002197266,155.2093505859375,154.00701904296875,False
1813,60.43333333333333,0.7388961911201477,26.747218798846006,101,0.0,STOPPED,False,,,,,32.0078189599452,11.202736635980818,1.1628284088134766,242.2904510498047,239.87731170654297,155.1800994873047,154.48281860351562,False
