frame_idx,timestamp,best_conf,infer_ms,jump_count,jump_type,spm,state,cycle_ok,dt,expected_dt,hip_amp,shoulder_amp,amp_ewma,lift_th,lift_noise_sigma,ground_y,hip_y,shoulder_ground_y,shoulder_y,is_airborne
0,0.0,0.8459944725036621,33.283089054748416,0,unknown,0.0,IDLE,False,,,,,,,,,252.1519775390625,,157.057861328125,False
1,0.03333333333333333,0.8521946668624878,27.263297932222486,0,unknown,0.0,IDLE,False,,,,,,,,,249.31103515625,,158.15689086914062,False
2,0.06666666666666667,0.8425254821777344,26.701282942667603,0,unknown,0.0,IDLE,False,,,,,,,,,250.4840545654297,,157.69187927246094,False
3,0.1,0.8336058259010315,26.24434104654938,0,unknown,0.0,IDLE,False,,,,,,,,,250.68765258789062,,157.48797607421875,False
4,0.13333333333333333,0.8500187397003174,26.436116080731153,0,unknown,0.0,IDLE,False,,,,,,,,,250.24655151367188,,157.78590393066406,False
5,0.16666666666666666,0.832254946231842,26.738425949588418,0,unknown,0.0,IDLE,False,,,,,,,,,249.33340454101562,,157.3043212890625,False
6,0.2,0.8238716125488281,27.30764204170555,0,unknown,0.0,IDLE,False,,,,,,,,,249.09927368164062,,156.8655242919922,False
7,0.23333333333333334,0.8121215105056763,27.340022032149136,0,unknown,0.0,IDLE,False,,,,,,,,,248.50765991210938,,156.27606201171875,False
8,0.26666666666666666,0.7508004903793335,26.716731023043394,0,unknown,0.0,IDLE,False,,,,,,,,,248.22303771972656,,154.0303192138672,False
9,0.3,0.7566646337509155,26.863423991017044,0,unknown,0.0,IDLE,False,,,,,,4.50009232635498,1.50003077545166,250.83409118652344,246.73841857910156,157.822998046875,151.45993041992188,False
10,0.3333333333333333,0.7541139125823975,26.36030502617359,0,unknown,0.0,IDLE,False,,,,,,4.839194998168946,1.6130649993896484,250.68765258789062,245.66879272460938,157.78590393066406,150.0970916748047,True
11,0.36666666666666664,0.6699904203414917,27.40244404412806,0,unknown,0.0,IDLE,False,,,,,,5.160109034729004,1.7200363449096678,250.66729736328125,245.02647399902344,157.77650451660156,148.84109497070312,True
12,0.4,0.6541945934295654,26.86714695300907,1,unknown,0.0,JUMPING,True,,,5.620452880859375,9.563186645507812,5.620452880859375,6.159228414916992,2.053076138305664,250.6469268798828,246.06968688964844,157.76710510253906,148.20391845703125,False
13,0.43333333333333335,0.6583689451217651,26.558262994512916,1,unknown,0.0,JUMPING,False,,,,,5.620452880859375,7.679710093688964,2.559903364562988,250.62657165527344,247.03079223632812,157.7576904296875,148.13211059570312,False
14,0.4666666666666667,0.7339590787887573,26.44379495177418,1,unknown,0.0,JUMPING,False,,,,,5.620452880859375,6.159228414916992,2.053076138305664,250.60621643066406,249.73077392578125,157.748291015625,148.97317504882812,False
15,0.5,0.7898436784744263,26.402694988064468,1,unknown,0.0,JUMPING,False,,,,,5.620452880859375,5.217355728149414,1.7391185760498047,251.41981506347656,254.0770721435547,157.7388916015625,152.24368286132812,False
16,0.5333333333333333,0.811665415763855,26.44753991626203,1,unknown,0.0,JUMPING,False,,,,,5.620452880859375,4.256004913330077,1.4186683044433592,252.92201232910156,259.6344299316406,157.7294921875,157.6827392578125,False
17,0.5666666666666667,0.7836256623268127,26.561531936749816,1,unknown,0.0,JUMPING,False,,,,,5.620452880859375,8.474953875732421,2.8249846252441406,255.74427795410156,264.2525939941406,157.89720153808594,163.57235717773438,False
18,0.6,0.7938356399536133,26.497857994399965,1,unknown,0.0,JUMPING,False,,,,,5.620452880859375,10.24155900878906,3.413853002929687,260.55804443359375,266.91680908203125,159.23997497558594,166.7123565673828,False
19,0.6333333333333333,0.8274585008621216,26.55843400862068,1,unknown,0.0,JUMPING,False,,,,,5.620452880859375,11.389003994750976,3.796334664916992,264.5190124511719,267.46795654296875,163.8841094970703,166.68980407714844,False
20,0.6666666666666666,0.835273027420044,26.744839968159795,1,unknown,0.0,JUMPING,False,,,,,5.620452880859375,12.00897855834961,4.002992852783203,264.2525939941406,261.53668212890625,163.57235717773438,161.93887329101562,False
21,0.7,0.8209047317504883,26.656629983335733,1,unknown,0.0,JUMPING,False,,,,,5.620452880859375,11.389003994750976,3.796334664916992,263.9809875488281,251.58648681640625,163.4090118408203,153.07077026367188,True
22,0.7333333333333333,0.8554412722587585,26.99803502764553,1,unknown,0.0,JUMPING,False,,,,,5.620452880859375,12.00897855834961,4.002992852783203,263.70941162109375,245.33335876464844,163.24566650390625,147.46832275390625,True
23,0.7666666666666667,0.7847610712051392,26.798576000146568,1,unknown,0.0,JUMPING,False,,,,,5.620452880859375,12.039213771057128,4.0130712570190425,263.43780517578125,237.81130981445312,163.08230590820312,140.25711059570312,True
24,0.8,0.8535529375076294,26.278359000571072,1,unknown,0.0,JUMPING,False,,,,,5.620452880859375,12.53644898071289,4.178816326904297,263.1662292480469,231.425537109375,162.91896057128906,134.17132568359375,True
25,0.8333333333333334,0.8330389261245728,26.269995025359094,1,unknown,0.0,JUMPING,False,,,,,5.620452880859375,13.526406175231934,4.5088020584106445,262.8946533203125,225.6077117919922,162.755615234375,130.51727294921875,True
26,0.8666666666666667,0.7743091583251953,26.508113951422274,1,unknown,0.0,JUMPING,False,,,,,5.620452880859375,14.41686882019043,4.8056229400634765,262.623046875,225.2114715576172,162.59226989746094,129.28648376464844,True
27,0.9,0.8039267063140869,26.439787005074322,1,unknown,0.0,JUMPING,False,,,,,5.620452880859375,14.83748101043701,4.945827003479003,262.3514404296875,229.0950469970703,162.42892456054688,130.723388671875,True
28,0.9333333333333333,0.8444080352783203,26.370236068032682,1,unknown,0.0,JUMPING,False,,,,,5.620452880859375,15.258093200683593,5.086031066894531,262.0798645019531,231.809814453125,162.26556396484375,132.04200744628906,True
29,0.9666666666666667,0.7704572677612305,26.324128033593297,1,unknown,0.0,JUMPING,False,,,,,5.620452880859375,15.163926292419433,5.0546420974731445,261.8082580566406,237.4095001220703,162.1022186279297,136.97662353515625,True
30,1.0,0.7705315947532654,26.35736099909991,1,unknown,0.0,JUMPING,False,,,,,5.620452880859375,16.19528299255371,5.39842766418457,261.53668212890625,242.6942596435547,161.93887329101562,145.23434448242188,True
31,1.0333333333333334,0.7958135604858398,26.424231007695198,2,unknown,94.73684329405387,JUMPING,True,0.6333333333333334,0.6333333333333334,36.13499450683594,32.27418518066406,13.249088287353516,16.19528299255371,5.39842766418457,261.3464660644531,252.13552856445312,161.5606689453125,154.5315704345703,False
32,1.0666666666666667,0.8033034801483154,26.434839935973287,2,unknown,94.73684329405387,JUMPING,False,,0.6333333333333334,,,13.249088287353516,23.929728662109376,7.976576220703125,261.1562194824219,255.51815795898438,161.55123901367188,160.00067138671875,False
33,1.1,0.7767314910888672,26.25569305382669,2,unknown,94.73684329405387,JUMPING,False,,0.6333333333333334,,,13.249088287353516,19.424512298583984,6.474837432861328,260.96600341796875,257.170654296875,162.4322509765625,162.64370727539062,False
34,1.1333333333333333,0.7984029054641724,26.422747992910445,2,unknown,94.73684329405387,JUMPING,False,,0.6333333333333334,,,13.249088287353516,18.30835447998047,6.102784826660156,260.7757873535156,255.75558471679688,162.3617706298828,160.3572540283203,False
35,1.1666666666666667,0.6948809623718262,26.57745499163866,2,unknown,94.73684329405387,JUMPING,False,,0.6333333333333334,,,13.249088287353516,18.30835447998047,6.102784826660156,260.5855712890625,248.92153930664062,162.29129028320312,154.03506469726562,False
36,1.2,0.7857900857925415,26.47573093418032,2,unknown,94.73684329405387,JUMPING,False,,0.6333333333333334,,,13.249088287353516,18.30835447998047,6.102784826660156,260.39532470703125,241.6805419921875,162.22080993652344,146.68218994140625,True
37,1.2333333333333334,0.7706786394119263,26.303661987185478,2,unknown,94.73684329405387,JUMPING,False,,0.6333333333333334,,,13.249088287353516,18.30835447998047,6.102784826660156,260.2051086425781,233.96096801757812,162.15032958984375,139.42901611328125,True
38,1.2666666666666666,0.7799909114837646,26.628162944689393,2,unknown,94.73684329405387,JUMPING,False,,0.6333333333333334,,,13.249088287353516,18.30835447998047,6.102784826660156,260.014892578125,229.92697143554688,162.079833984375,135.60336303710938,True
39,1.3,0.7600211501121521,26.346980943344533,2,unknown,94.73684329405387,JUMPING,False,,0.6333333333333334,,,13.249088287353516,18.30835447998047,6.102784826660156,259.82464599609375,227.28494262695312,162.0093536376953,135.12783813476562,True
40,1.3333333333333333,0.7727124094963074,26.412907987833023,2,unknown,94.73684329405387,JUMPING,False,,0.6333333333333334,,,13.249088287353516,19.419218591308592,6.473072863769531,259.6344299316406,233.29241943359375,161.93887329101562,137.43890380859375,True
41,1.3666666666666667,0.8142397403717041,26.551607996225357,2,unknown,94.73684329405387,JUMPING,False,,0.6333333333333334,,,13.249088287353516,19.419218591308592,6.473072863769531,259.3880615234375,239.5738067626953,161.78070068359375,143.31842041015625,True
42,1.4,0.7973774075508118,26.410660007968545,3,unknown,120.0,JUMPING,True,0.3666666666666665,0.5746666666666668,31.856719970703125,26.494705200195312,17.900996208190918,19.211745986938475,6.403915328979492,259.14166259765625,244.12289428710938,161.62254333496094,147.48248291015625,False
43,1.4333333333333333,0.8075158596038818,26.466254028491676,3,unknown,120.0,JUMPING,False,,0.5746666666666668,,,17.900996208190918,19.211745986938475,6.403915328979492,258.8952941894531,250.82376098632812,161.46438598632812,154.19418334960938,False
44,1.4666666666666666,0.7800456285476685,26.45604603458196,3,unknown,120.0,JUMPING,False,,0.5746666666666668,,,17.900996208190918,16.10128575439453,5.367095251464844,258.64892578125,254.02227783203125,161.3062286376953,159.220947265625,False
45,1.5,0.7668576240539551,26.233181939460337,3,unknown,120.0,JUMPING,False,,0.5746666666666668,,,17.900996208190918,16.10128575439453,5.367095251464844,258.64892578125,254.94326782226562,161.3062286376953,159.52261352539062,False
46,1.5333333333333334,0.8002663254737854,26.486096088774502,3,unknown,120.0,JUMPING,False,,0.5746666666666668,,,17.900996208190918,16.10128575439453,5.367095251464844,258.64892578125,249.14810180664062,161.3062286376953,154.3249053955078,False
47,1.5666666666666667,0.8438465595245361,26.381419971585274,3,unknown,120.0,JUMPING,False,,0.5746666666666668,,,17.900996208190918,16.10128575439453,5.367095251464844,258.64892578125,242.07728576660156,161.3062286376953,147.13442993164062,True
48,1.6,0.860340416431427,26.54246101155877,3,unknown,120.0,JUMPING,False,,0.5746666666666668,,,17.900996208190918,16.10128575439453,5.367095251464844,258.64892578125,237.39541625976562,161.3062286376953,142.42596435546875,True
49,1.6333333333333333,0.795829713344574,26.29321999847889,3,unknown,120.0,JUMPING,False,,0.5746666666666668,,,17.900996208190918,16.10128575439453,5.367095251464844,258.64892578125,231.34420776367188,161.3062286376953,138.65365600585938,True
50,1.6666666666666667,0.7890181541442871,26.278735022060573,3,unknown,120.0,JUMPING,False,,0.5746666666666668,,,17.900996208190918,16.10128575439453,5.367095251464844,258.64892578125,225.69668579101562,161.3062286376953,136.37527465820312,True
51,1.7,0.7792136073112488,26.289515080861747,3,unknown,120.0,JUMPING,False,,0.5746666666666668,,,17.900996208190918,16.10128575439453,5.367095251464844,258.64892578125,224.80374145507812,161.3062286376953,136.341064453125,True
52,1.7333333333333334,0.7723059058189392,26.387088000774384,3,unknown,120.0,JUMPING,False,,0.5746666666666668,,,17.900996208190918,16.10128575439453,5.367095251464844,258.64892578125,226.92776489257812,161.3062286376953,139.26919555664062,True
53,1.7666666666666666,0.7914481163024902,26.285271043889225,3,unknown,120.0,JUMPING,False,,0.5746666666666668,,,17.900996208190918,16.10128575439453,5.367095251464844,258.64892578125,231.8690185546875,161.3062286376953,145.30535888671875,True
54,1.8,0.7689772844314575,26.397499023005366,3,unknown,120.0,JUMPING,False,,0.5746666666666668,,,17.900996208190918,16.10128575439453,5.367095251464844,258.64892578125,234.55023193359375,161.3062286376953,148.95672607421875,True
55,1.8333333333333333,0.7958016395568848,26.731831952929497,4,unknown,125.5813871673024,JUMPING,True,0.43333333333333335,0.5435733333333335,33.845184326171875,24.965164184570312,21.887043237686157,16.10128575439453,5.367095251464844,258.64892578125,243.93307495117188,161.3062286376953,155.41299438476562,False
56,1.8666666666666667,0.7745279669761658,29.893934028223157,4,unknown,125.5813871673024,JUMPING,False,,0.5435733333333335,,,21.887043237686157,16.67680675048828,5.558935583496093,258.64892578125,250.9942626953125,161.3062286376953,159.2340545654297,False
57,1.9,0.7970845699310303,26.87965298537165,4,unknown,125.5813871673024,JUMPING,False,,0.5435733333333335,,,21.887043237686157,17.487286907958985,5.829095635986328,258.64892578125,251.38917541503906,161.3062286376953,158.5838623046875,False
58,1.9333333333333333,0.7882832884788513,26.353606022894382,4,unknown,125.5813871673024,JUMPING,False,,0.5435733333333335,,,21.887043237686157,17.487286907958985,5.829095635986328,258.64892578125,249.18687438964844,161.3062286376953,157.54177856445312,False
59,1.9666666666666666,0.8150723576545715,26.441838941536844,4,unknown,125.5813871673024,JUMPING,False,,0.5435733333333335,,,21.887043237686157,17.487286907958985,5.829095635986328,258.64892578125,244.20225524902344,161.3062286376953,148.87939453125,False
60,2.0,0.8129719495773315,26.298167067579925,4,unknown,125.5813871673024,JUMPING,False,,0.5435733333333335,,,21.887043237686157,17.897820693969727,5.965940231323242,258.64892578125,240.7398681640625,161.3062286376953,143.4122314453125,True
61,2.033333333333333,0.7965903282165527,26.34831191971898,4,unknown,125.5813871673024,JUMPING,False,,0.5435733333333335,,,21.887043237686157,14.63794896697998,4.87931632232666,256.6046142578125,237.3885498046875,161.3062286376953,138.8854522705078,True
62,2.066666666666667,0.7407954931259155,26.518837083131075,4,unknown,125.5813871673024,JUMPING,False,,0.5435733333333335,,,21.887043237686157,11.37733069152832,3.7924435638427734,255.66061401367188,234.5810546875,160.21461486816406,136.0033416748047,True
63,2.1,0.7925183176994324,26.42880007624626,4,unknown,125.5813871673024,JUMPING,False,,0.5435733333333335,,,21.887043237686157,13.115024038696287,4.371674679565429,255.2882080078125,233.54135131835938,159.8094482421875,135.13121032714844,True
64,2.1333333333333333,0.7749690413475037,26.540362974628806,4,unknown,125.5813871673024,JUMPING,False,,0.5435733333333335,,,21.887043237686157,11.980236442565918,3.9934121475219726,254.5748748779297,233.03089904785156,159.40719604492188,135.17703247070312,True
65,2.1666666666666665,0.7856329679489136,26.29408403299749,4,unknown,125.5813871673024,JUMPING,False,,0.5435733333333335,,,21.887043237686157,10.833911279296874,3.611303759765625,253.267578125,240.531005859375,159.2288055419922,142.7342529296875,True
66,2.2,0.803919792175293,26.36387594975531,5,unknown,133.3333280351429,JUMPING,True,0.3666666666666669,0.5046538666666669,20.236679077148438,24.09759521484375,21.474452197551727,10.975551882934571,3.6585172943115234,253.267578125,248.69723510742188,159.2288055419922,151.97332763671875,False
67,2.2333333333333334,0.8475900888442993,26.252974988892674,5,unknown,133.3333280351429,JUMPING,False,,0.5046538666666669,,,21.474452197551727,11.612493457031249,3.87083115234375,254.23077392578125,254.36978149414062,159.2288055419922,157.27098083496094,False
68,2.2666666666666666,0.792241096496582,26.27737307921052,5,unknown,133.3333280351429,JUMPING,False,,0.5046538666666669,,,21.474452197551727,10.369218795776368,3.456406265258789,254.7138671875,255.48638916015625,159.40719604492188,160.1127471923828,False
69,2.3,0.8039945363998413,26.29535598680377,5,unknown,133.3333280351429,JUMPING,False,,0.5046538666666669,,,21.474452197551727,12.488262670898436,4.162754223632812,254.7138671875,252.08984375,159.40719604492188,158.67750549316406,False
70,2.3333333333333335,0.8324166536331177,26.981344097293913,5,unknown,133.3333280351429,JUMPING,False,,0.5046538666666669,,,21.474452197551727,12.488262670898436,4.162754223632812,254.7138671875,247.02536010742188,159.40719604492188,153.1451416015625,False
71,2.3666666666666667,0.8056697249412537,26.302617974579334,5,unknown,133.3333280351429,JUMPING,False,,0.5046538666666669,,,21.474452197551727,12.488262670898436,4.162754223632812,254.7138671875,239.15623474121094,159.40719604492188,146.37469482421875,True
72,2.4,0.8259032368659973,26.60912903957069,5,unknown,133.3333280351429,JUMPING,False,,0.5046538666666669,,,21.474452197551727,12.488262670898436,4.162754223632812,254.7138671875,235.03668212890625,159.40719604492188,141.1580047607422,True
73,2.433333333333333,0.8108716011047363,26.296898955479264,5,unknown,133.3333280351429,JUMPING,False,,0.5046538666666669,,,21.474452197551727,12.488262670898436,4.162754223632812,254.7138671875,232.17459106445312,159.40719604492188,138.28799438476562,True
74,2.466666666666667,0.8070883750915527,26.30375698208809,5,unknown,133.3333280351429,JUMPING,False,,0.5046538666666669,,,21.474452197551727,12.488262670898436,4.162754223632812,254.7138671875,228.72036743164062,159.40719604492188,137.29013061523438,True
75,2.5,0.8576093316078186,26.37524507008493,5,unknown,133.3333280351429,JUMPING,False,,0.5046538666666669,,,21.474452197551727,12.488262670898436,4.162754223632812,254.7138671875,229.88397216796875,159.40719604492188,138.9004364013672,True
76,2.533333333333333,0.7807750701904297,26.39150805771351,5,unknown,133.3333280351429,JUMPING,False,,0.5046538666666669,,,21.474452197551727,10.369218795776368,3.456406265258789,254.7138671875,235.46656799316406,159.40719604492188,142.96932983398438,True
77,2.566666666666667,0.752647876739502,26.291607995517552,6,unknown,138.46154671448977,JUMPING,False,0.3666666666666667,0.47429668266666686,25.510406494140625,21.938674926757812,22.48344077169895,11.612493457031249,3.87083115234375,254.23077392578125,244.17190551757812,159.2288055419922,149.97238159179688,False
78,2.6,0.7980175018310547,27.172133093699813,6,unknown,138.46154671448977,JUMPING,False,,0.47429668266666686,,,22.48344077169895,9.755352355957031,3.2517841186523437,253.24929809570312,249.07528686523438,159.00357055664062,154.1859588623047,False
79,2.6333333333333333,0.8081081509590149,27.19249506480992,6,unknown,138.46154671448977,JUMPING,False,,0.47429668266666686,,,22.48344077169895,9.755352355957031,3.2517841186523437,253.24929809570312,256.833984375,159.00357055664062,159.29083251953125,False
80,2.6666666666666665,0.8117442727088928,27.082387008704245,6,unknown,138.46154671448977,JUMPING,False,,0.47429668266666686,,,22.48344077169895,11.612493457031249,3.87083115234375,254.23077392578125,258.3507080078125,159.2288055419922,161.06556701660156,False
81,2.7,0.804578423500061,26.882381993345916,6,unknown,138.46154671448977,JUMPING,False,,0.47429668266666686,,,22.48344077169895,12.691459588623047,4.2304865295410155,254.64080810546875,254.8214874267578,159.2288055419922,157.86761474609375,False
82,2.7333333333333334,0.805518627166748,26.660348055884242,6,unknown,138.46154671448977,JUMPING,False,,0.47429668266666686,,,22.48344077169895,12.426333082580566,4.142111027526855,254.64080810546875,251.832763671875,159.2288055419922,155.58248901367188,False
83,2.7666666666666666,0.8333077430725098,26.50709799490869,6,unknown,138.46154671448977,JUMPING,False,,0.47429668266666686,,,22.48344077169895,12.426333082580566,4.142111027526855,254.64080810546875,245.1881103515625,159.2288055419922,150.00314331054688,False
84,2.8,0.8157246112823486,26.560086058452725,6,unknown,138.46154671448977,JUMPING,False,,0.47429668266666686,,,22.48344077169895,12.426333082580566,4.142111027526855,254.64080810546875,237.9001922607422,159.2288055419922,143.76443481445312,True
85,2.8333333333333335,0.8394650220870972,26.427309028804302,6,unknown,138.46154671448977,JUMPING,False,,0.47429668266666686,,,22.48344077169895,12.426333082580566,4.142111027526855,254.64080810546875,232.57540893554688,159.2288055419922,139.145263671875,True
86,2.8666666666666667,0.788508951663971,26.401823037303984,6,unknown,138.46154671448977,JUMPING,False,,0.47429668266666686,,,22.48344077169895,12.426333082580566,4.142111027526855,254.64080810546875,229.58377075195312,159.2288055419922,136.7715606689453,True
87,2.9,0.7809845209121704,26.2040039524436,6,unknown,138.46154671448977,JUMPING,False,,0.47429668266666686,,,22.48344077169895,12.426333082580566,4.142111027526855,254.64080810546875,228.45895385742188,159.2288055419922,137.5806884765625,True
88,2.933333333333333,0.7742209434509277,26.38451405800879,6,unknown,138.46154671448977,JUMPING,False,,0.47429668266666686,,,22.48344077169895,12.691459588623047,4.2304865295410155,254.64080810546875,228.4010009765625,159.2288055419922,138.49398803710938,True
89,2.966666666666667,0.7720723152160645,26.63777000270784,6,unknown,138.46154671448977,JUMPING,False,,0.47429668266666686,,,22.48344077169895,12.617042280578612,4.2056807601928705,254.64080810546875,231.96240234375,159.0114288330078,142.41265869140625,True
90,3.0,0.782505214214325,26.323958998546004,7,unknown,152.54236810408062,JUMPING,False,0.4333333333333331,0.46528474581333346,25.056808471679688,21.868484497070312,23.126782696694136,11.940839044189453,3.980279681396484,253.4578094482422,243.55044555664062,158.64004516601562,149.9871368408203,False
91,3.033333333333333,0.7800120115280151,26.48813894484192,7,unknown,152.54236810408062,JUMPING,False,,0.46528474581333346,,,23.126782696694136,12.149804745483399,4.049934915161133,254.427490234375,254.46597290039062,158.64004516601562,157.95840454101562,False
92,3.066666666666667,0.7698582410812378,27.034341939724982,7,unknown,152.54236810408062,JUMPING,False,,0.46528474581333346,,,23.126782696694136,9.990040045166015,3.330013348388672,254.6792755126953,259.41864013671875,159.0114288330078,161.94241333007812,False
93,3.1,0.7603910565376282,26.439375011250377,7,unknown,152.54236810408062,JUMPING,False,,0.46528474581333346,,,23.126782696694136,11.122214721679686,3.7074049072265622,255.22042846679688,256.31463623046875,159.26812744140625,159.79501342773438,False
94,3.1333333333333333,0.7772983312606812,26.438204920850694,7,unknown,152.54236810408062,JUMPING,False,,0.46528474581333346,,,23.126782696694136,10.960281573486327,3.653427191162109,255.22042846679688,253.28204345703125,159.26812744140625,157.46588134765625,False
95,3.1666666666666665,0.8126318454742432,26.293372036889195,7,unknown,152.54236810408062,JUMPING,False,,0.46528474581333346,,,23.126782696694136,10.960281573486327,3.653427191162109,255.22042846679688,245.70936584472656,159.26812744140625,151.19390869140625,False
96,3.2,0.8262417316436768,26.466949959285557,7,unknown,152.54236810408062,JUMPING,False,,0.46528474581333346,,,23.126782696694136,10.532441436767577,3.510813812255859,255.22042846679688,237.80328369140625,159.26812744140625,144.04656982421875,True
97,3.2333333333333334,0.7648851871490479,26.33953292388469,7,unknown,152.54236810408062,JUMPING,False,,0.46528474581333346,,,23.126782696694136,10.532441436767577,3.510813812255859,255.22042846679688,231.66925048828125,159.26812744140625,138.7898712158203,True
98,3.2666666666666666,0.7755078673362732,26.42388897947967,7,unknown,152.54236810408062,JUMPING,False,,0.46528474581333346,,,23.126782696694136,10.532441436767577,3.510813812255859,255.22042846679688,227.82980346679688,159.26812744140625,135.7271728515625,True
99,3.3,0.7585479021072388,26.389083941467106,7,unknown,152.54236810408062,JUMPING,False,,0.46528474581333346,,,23.126782696694136,10.532441436767577,3.510813812255859,255.22042846679688,227.57492065429688,159.26812744140625,135.62301635742188,True
100,3.3333333333333335,0.7578810453414917,26.34188800584525,7,unknown,152.54236810408062,JUMPING,False,,0.46528474581333346,,,23.126782696694136,10.532441436767577,3.510813812255859,255.22042846679688,231.11532592773438,159.26812744140625,139.1585693359375,True
101,3.3666666666666667,0.7729508280754089,26.303193997591734,7,unknown,152.54236810408062,JUMPING,False,,0.46528474581333346,,,23.126782696694136,8.586800408935547,2.8622668029785157,255.22042846679688,239.37387084960938,159.04550170898438,145.6585693359375,True
102,3.4,0.821765124797821,26.369590079411864,8,unknown,149.99999776482585,JUMPING,True,0.3999999999999999,0.45092210173440006,27.6455078125,23.4224853515625,24.2564639756456,8.586800408935547,2.8622668029785157,255.22042846679688,250.40966796875,159.04550170898438,154.41778564453125,False
103,3.433333333333333,0.7949060201644897,26.482866960577667,8,unknown,149.99999776482585,JUMPING,False,,0.45092210173440006,,,24.2564639756456,8.9511839263916,2.983727975463867,255.98333740234375,257.2279052734375,159.50070190429688,159.640625,False
104,3.466666666666667,0.7935526967048645,26.39004692900926,8,unknown,149.99999776482585,JUMPING,False,,0.45092210173440006,,,24.2564639756456,8.77520209350586,2.925067364501953,256.6262512207031,263.7521667480469,159.73326110839844,162.9442138671875,False
105,3.5,0.7889406085014343,26.623415993526578,8,unknown,149.99999776482585,JUMPING,False,,0.45092210173440006,,,24.2564639756456,8.853182473754883,2.9510608245849608,257.0703430175781,259.77581787109375,159.98565673828125,161.50753784179688,False
106,3.533333333333333,0.8210477232933044,26.55433805193752,8,unknown,149.99999776482585,JUMPING,False,,0.45092210173440006,,,24.2564639756456,8.853182473754883,2.9510608245849608,257.0703430175781,250.1285400390625,159.98565673828125,155.89418029785156,False
107,3.566666666666667,0.8589120507240295,26.364944060333073,8,unknown,149.99999776482585,JUMPING,False,,0.45092210173440006,,,24.2564639756456,8.853182473754883,2.9510608245849608,257.0703430175781,242.39901733398438,159.98565673828125,148.16470336914062,True
108,3.6,0.8277324438095093,26.302246027626097,8,unknown,149.99999776482585,JUMPING,False,,0.45092210173440006,,,24.2564639756456,8.853182473754883,2.9510608245849608,257.0703430175781,237.52947998046875,159.98565673828125,143.27728271484375,True
109,3.6333333333333333,0.7956603765487671,26.266818051226437,8,unknown,149.99999776482585,JUMPING,False,,0.45092210173440006,,,24.2564639756456,8.853182473754883,2.9510608245849608,257.0703430175781,232.28311157226562,159.98565673828125,138.35626220703125,True
110,3.6666666666666665,0.7836630344390869,26.5170430066064,8,unknown,149.99999776482585,JUMPING,False,,0.45092210173440006,,,24.2564639756456,8.853182473754883,2.9510608245849608,257.0703430175781,227.44906616210938,159.98565673828125,135.18618774414062,True
111,3.7,0.7613939046859741,26.274334988556802,8,unknown,149.99999776482585,JUMPING,False,,0.45092210173440006,,,24.2564639756456,9.804488818359374,3.268162939453125,257.0703430175781,225.92933654785156,159.98565673828125,134.56671142578125,True
112,3.7333333333333334,0.7350205183029175,26.389032951556146,8,unknown,149.99999776482585,JUMPING,False,,0.45092210173440006,,,24.2564639756456,11.272203094482421,3.7574010314941404,257.0703430175781,228.26220703125,159.98565673828125,136.95565795898438,True
113,3.7666666666666666,0.7641817927360535,26.547382003627717,8,unknown,149.99999776482585,JUMPING,False,,0.45092210173440006,,,24.2564639756456,13.488366137695312,4.496122045898438,257.0703430175781,235.61822509765625,159.73326110839844,142.18594360351562,True
114,3.8,0.7783560156822205,26.44777891691774,8,unknown,149.99999776482585,JUMPING,False,,0.45092210173440006,,,24.2564639756456,11.014236666870117,3.671412222290039,257.0703430175781,239.27273559570312,159.73326110839844,146.117919921875,True
115,3.8333333333333335,0.8581730127334595,26.529556955210865,9,unknown,150.00000894069726,JUMPING,True,0.43333333333333357,0.44705257268616544,31.141006469726562,25.166549682617188,25.977599599165842,11.014236666870117,3.671412222290039,257.0703430175781,247.14715576171875,159.73326110839844,152.72381591796875,False
116,3.8666666666666667,0.8243410587310791,26.339730015024543,9,unknown,150.00000894069726,JUMPING,False,,0.44705257268616544,,,25.977599599165842,13.488366137695312,4.496122045898438,257.0703430175781,251.41799926757812,159.73326110839844,156.1584014892578,False
117,3.9,0.8178367018699646,26.374922948889434,9,unknown,150.00000894069726,JUMPING,False,,0.44705257268616544,,,25.977599599165842,11.272203094482421,3.7574010314941404,257.0703430175781,253.80361938476562,159.73326110839844,159.3660888671875,False
118,3.933333333333333,0.8154677748680115,26.784309069626033,9,unknown,150.00000894069726,JUMPING,False,,0.44705257268616544,,,25.977599599165842,10.703265298461915,3.5677550994873046,257.0703430175781,254.76947021484375,160.33909606933594,160.70181274414062,False
119,3.966666666666667,0.8180678486824036,26.42874699085951,9,unknown,150.00000894069726,JUMPING,False,,0.44705257268616544,,,25.977599599165842,10.703265298461915,3.5677550994873046,257.0703430175781,244.89239501953125,160.33909606933594,152.921630859375,True
120,4.0,0.7944639325141907,26.427912060171366,9,unknown,150.00000894069726,JUMPING,False,,0.44705257268616544,,,25.977599599165842,10.703265298461915,3.5677550994873046,257.0703430175781,238.1642303466797,160.33909606933594,147.47311401367188,True
121,4.033333333333333,0.8063596487045288,26.375866029411554,9,unknown,150.00000894069726,JUMPING,False,,0.44705257268616544,,,25.977599599165842,10.703265298461915,3.5677550994873046,257.0703430175781,231.27464294433594,160.33909606933594,141.66226196289062,True
122,4.066666666666666,0.7920928001403809,26.537984958849847,9,unknown,150.00000894069726,JUMPING,False,,0.44705257268616544,,,25.977599599165842,10.703265298461915,3.5677550994873046,257.0703430175781,227.55706787109375,160.33909606933594,137.20556640625,True
123,4.1,0.7868491411209106,26.44958603195846,9,unknown,150.00000894069726,JUMPING,False,,0.44705257268616544,,,25.977599599165842,10.703265298461915,3.5677550994873046,257.0703430175781,225.48834228515625,160.33909606933594,135.56771850585938,True
124,4.133333333333334,0.770814061164856,26.33124392013997,9,unknown,150.00000894069726,JUMPING,False,,0.44705257268616544,,,25.977599599165842,13.061883361816406,4.353961120605469,256.86260986328125,227.201416015625,160.33909606933594,136.30584716796875,True
125,4.166666666666667,0.7511457800865173,26.48339793086052,9,unknown,150.00000894069726,JUMPING,False,,0.44705257268616544,,,25.977599599165842,11.998255407714844,3.999418469238281,255.71737670898438,228.55892944335938,159.73326110839844,137.51979064941406,True
126,4.2,0.7901644706726074,26.463762973435223,9,unknown,150.00000894069726,JUMPING,False,,0.44705257268616544,,,25.977599599165842,12.284522808837888,4.094840936279296,255.69656372070312,238.84674072265625,159.73326110839844,146.30755615234375,True
127,4.233333333333333,0.7877135276794434,26.40847605653107,10,unknown,147.54100537563133,JUMPING,True,0.3999999999999999,0.436701006695209,30.208221435546875,24.165542602539062,27.0352550582611,12.920649966430663,4.3068833221435545,255.69656372070312,245.60906982421875,159.73326110839844,151.8890380859375,False
128,4.266666666666667,0.7966739535331726,26.48872195277363,10,unknown,147.54100537563133,JUMPING,False,,0.436701006695209,,,27.0352550582611,12.284522808837888,4.094840936279296,255.69656372070312,254.3204345703125,159.73326110839844,158.60345458984375,False
129,4.3,0.8019961714744568,26.26799698919058,10,unknown,147.54100537563133,JUMPING,False,,0.436701006695209,,,27.0352550582611,12.253982189941405,4.0846607299804685,256.86260986328125,257.5176696777344,160.33909606933594,161.57577514648438,False
130,4.333333333333333,0.8054239749908447,26.379834045656025,10,unknown,147.54100537563133,JUMPING,False,,0.436701006695209,,,27.0352550582611,12.284522808837888,4.094840936279296,256.86260986328125,252.6750946044922,160.33909606933594,158.832275390625,False
131,4.366666666666666,0.7085524797439575,26.454891078174114,10,unknown,147.54100537563133,JUMPING,False,,0.436701006695209,,,27.0352550582611,12.284522808837888,4.094840936279296,256.86260986328125,246.39154052734375,160.33909606933594,152.81979370117188,False
132,4.4,0.8643826842308044,26.36353997513652,10,unknown,147.54100537563133,JUMPING,False,,0.436701006695209,,,27.0352550582611,12.284522808837888,4.094840936279296,256.86260986328125,241.68960571289062,160.33909606933594,148.55453491210938,True
133,4.433333333333334,0.8180304765701294,26.364952907897532,10,unknown,147.54100537563133,JUMPING,False,,0.436701006695209,,,27.0352550582611,12.284522808837888,4.094840936279296,256.86260986328125,236.2947235107422,160.33909606933594,143.44943237304688,True
134,4.466666666666667,0.8374992609024048,26.595767005346715,10,unknown,147.54100537563133,JUMPING,False,,0.436701006695209,,,27.0352550582611,12.284522808837888,4.094840936279296,256.86260986328125,230.88671875,160.33909606933594,138.00253295898438,True
135,4.5,0.805213212966919,26.251018047332764,10,unknown,147.54100537563133,JUMPING,False,,0.436701006695209,,,27.0352550582611,12.284522808837888,4.094840936279296,256.86260986328125,230.20977783203125,160.33909606933594,136.00155639648438,True
136,4.533333333333333,0.834248423576355,26.280860067345202,10,unknown,147.54100537563133,JUMPING,False,,0.436701006695209,,,27.0352550582611,12.577644882202147,4.192548294067382,256.86260986328125,231.0723114013672,160.33909606933594,136.5599365234375,True
137,4.566666666666666,0.798485279083252,26.589257991872728,10,unknown,147.54100537563133,JUMPING,False,,0.436701006695209,,,27.0352550582611,12.909451739501952,4.303150579833984,255.69656372070312,233.78131103515625,159.73326110839844,140.47976684570312,True
138,4.6,0.8029607534408569,26.304482016712427,10,unknown,147.54100537563133,JUMPING,False,,0.436701006695209,,,27.0352550582611,12.920649966430663,4.3068833221435545,254.58985900878906,235.64053344726562,159.5308074951172,143.27877807617188,True
139,4.633333333333334,0.7999599575996399,26.5533069614321,11,unknown,145.161292694982,JUMPING,True,0.40000000000000036,0.4286267852222631,24.380081176757812,23.529251098632812,26.37146158788528,12.931848193359375,4.310616064453125,254.58985900878906,242.5821075439453,159.5308074951172,148.95376586914062,False
140,4.666666666666667,0.7979933023452759,26.36911894660443,11,unknown,145.161292694982,JUMPING,False,,0.4286267852222631,,,26.37146158788528,13.643376745605469,4.547792248535156,254.58985900878906,251.093017578125,159.5308074951172,156.31219482421875,False
141,4.7,0.7988001108169556,26.425224030390382,11,unknown,145.161292694982,JUMPING,False,,0.4286267852222631,,,26.37146158788528,14.220662310791013,4.740220770263671,256.2445373535156,257.61151123046875,160.27732849121094,161.02786254882812,False
142,4.733333333333333,0.8453859090805054,26.341176009736955,11,unknown,145.161292694982,JUMPING,False,,0.4286267852222631,,,26.37146158788528,12.272951307678223,4.090983769226074,257.4017639160156,262.158935546875,160.89744567871094,163.04086303710938,False
143,4.766666666666667,0.821295440196991,26.33066603448242,11,unknown,145.161292694982,JUMPING,False,,0.4286267852222631,,,26.37146158788528,12.931848193359375,4.310616064453125,257.573974609375,257.71588134765625,160.89744567871094,160.41705322265625,False
144,4.8,0.7828665971755981,26.386762969195843,11,unknown,145.161292694982,JUMPING,False,,0.4286267852222631,,,26.37146158788528,12.931848193359375,4.310616064453125,257.573974609375,248.1148681640625,160.89744567871094,153.7853240966797,False
145,4.833333333333333,0.8319678902626038,26.51254495140165,11,unknown,145.161292694982,JUMPING,False,,0.4286267852222631,,,26.37146158788528,12.931848193359375,4.310616064453125,257.573974609375,241.27218627929688,160.89744567871094,146.44186401367188,True
146,4.866666666666666,0.7600642442703247,26.424424024298787,11,unknown,145.161292694982,JUMPING,False,,0.4286267852222631,,,26.37146158788528,12.931848193359375,4.310616064453125,257.573974609375,234.95706176757812,160.89744567871094,139.70590209960938,True
147,4.9,0.7692297101020813,26.29330288618803,11,unknown,145.161292694982,JUMPING,False,,0.4286267852222631,,,26.37146158788528,12.931848193359375,4.310616064453125,257.573974609375,231.177978515625,160.89744567871094,135.73748779296875,True
148,4.933333333333334,0.7504919171333313,26.431138045154512,11,unknown,145.161292694982,JUMPING,False,,0.4286267852222631,,,26.37146158788528,12.917290498352049,4.305763499450683,257.573974609375,228.61505126953125,160.89744567871094,133.45907592773438,True
149,4.966666666666667,0.7605787515640259,26.464171009138227,11,unknown,145.161292694982,JUMPING,False,,0.4286267852222631,,,26.37146158788528,13.773751254272462,4.59125041809082,256.41839599609375,228.49371337890625,160.58790588378906,133.71749877929688,True
150,5.0,0.7906622886657715,26.478125946596265,11,unknown,145.161292694982,JUMPING,False,,0.4286267852222631,,,26.37146158788528,14.287783804321286,4.762594601440429,254.58985900878906,233.1859130859375,159.9966583251953,137.48379516601562,True
151,5.033333333333333,0.800994873046875,27.55932090803981,11,unknown,145.161292694982,JUMPING,False,,0.4286267852222631,,,26.37146158788528,14.220662310791013,4.740220770263671,254.58985900878906,240.2380828857422,159.9966583251953,144.21493530273438,True
152,5.066666666666666,0.8093818426132202,26.76812093704939,12,unknown,145.161292694982,JUMPING,True,0.4333333333333327,0.42966222580669844,26.096145629882812,26.537582397460938,26.302632598384662,14.287783804321286,4.762594601440429,254.58985900878906,249.5029754638672,159.9966583251953,152.35073852539062,False
153,5.1,0.8021088242530823,27.005476062186062,12,unknown,145.161292694982,JUMPING,False,,0.42966222580669844,,,26.302632598384662,13.430746170043944,4.476915390014648,255.24966430664062,255.56979370117188,159.9966583251953,157.76123046875,False
154,5.133333333333334,0.8251523971557617,26.821488048881292,12,unknown,145.161292694982,JUMPING,False,,0.42966222580669844,,,26.302632598384662,10.978096934509278,3.659365644836426,256.738525390625,259.1693115234375,160.404296875,160.38516235351562,False
155,5.166666666666667,0.7703408002853394,26.412587030790746,12,unknown,145.161292694982,JUMPING,False,,0.42966222580669844,,,26.302632598384662,9.20592140943463,3.0270504089355468,256.75018310546875,255.59893798828125,160.404296875,159.26828002929688,False
156,5.2,0.822898268699646,26.528042973950505,12,unknown,145.161292694982,JUMPING,False,,0.42966222580669844,,,26.302632598384662,9.20592140943463,3.0270504089355468,256.75018310546875,250.12014770507812,160.404296875,153.70391845703125,False
157,5.233333333333333,0.8001210689544678,26.88493998721242,12,unknown,145.161292694982,JUMPING,False,,0.42966222580669844,,,26.302632598384662,9.20592140943463,3.0270504089355468,256.75018310546875,240.98541259765625,160.404296875,144.90576171875,True
158,5.266666666666667,0.7889728546142578,26.903565041720867,12,unknown,145.161292694982,JUMPING,False,,0.42966222580669844,,,26.302632598384662,9.20592140943463,3.0270504089355468,256.75018310546875,236.54959106445312,160.404296875,139.36915588378906,True
159,5.3,0.7773427963256836,26.75725508015603,12,unknown,145.161292694982,JUMPING,False,,0.42966222580669844,,,26.302632598384662,9.20592140943463,3.0270504089355468,256.75018310546875,231.99758911132812,160.404296875,136.33450317382812,True
160,5.333333333333333,0.8138575553894043,26.705919997766614,12,unknown,145.161292694982,JUMPING,False,,0.42966222580669844,,,26.302632598384662,9.20592140943463,3.0270504089355468,256.75018310546875,228.83258056640625,160.404296875,135.74725341796875,True
161,5.366666666666666,0.8126049637794495,26.281727012246847,12,unknown,145.161292694982,JUMPING,False,,0.42966222580669844,,,26.302632598384662,9.20592140943463,2.935881005859375,256.75018310546875,230.4422607421875,160.404296875,138.53070068359375,True
162,5.4,0.8077279329299927,26.41105104703456,12,unknown,145.161292694982,JUMPING,False,,0.42966222580669844,,,26.302632598384662,9.20592140943463,2.9838410888671874,256.75018310546875,232.6202392578125,160.404296875,140.83334350585938,True
163,5.433333333333334,0.8150519728660583,26.465105009265244,12,unknown,145.161292694982,JUMPING,False,,0.42966222580669844,,,26.302632598384662,9.20592140943463,2.5170446960449215,256.75018310546875,240.00689697265625,159.9384002685547,146.74081420898438,True
164,5.466666666666667,0.8154566884040833,26.373948086984456,13,unknown,145.161292694982,JUMPING,True,0.40000000000000036,0.42313653612922486,27.9176025390625,24.191146850585938,26.70637508355412,9.20592140943463,2.5170446960449215,256.75018310546875,248.7274932861328,159.9384002685547,153.55923461914062,False
165,5.5,0.7894359827041626,26.249240967445076,13,unknown,145.161292694982,JUMPING,False,,0.42313653612922486,,,26.70637508355412,9.347231279243942,2.9838410888671874,256.75018310546875,254.84381103515625,159.9384002685547,157.97259521484375,False
166,5.533333333333333,0.7933032512664795,26.290528941899538,13,unknown,145.161292694982,JUMPING,False,,0.42313653612922486,,,26.70637508355412,9.347231279243942,3.082815316772461,256.75018310546875,252.82972717285156,159.9384002685547,157.4463348388672,False
167,5.566666666666666,0.8432592749595642,26.33906400296837,13,unknown,145.161292694982,JUMPING,False,,0.42313653612922486,,,26.70637508355412,9.347231279243942,3.082815316772461,256.75018310546875,248.3260040283203,159.9384002685547,152.12197875976562,False
168,5.6,0.8419378995895386,26.398529997095466,13,unknown,145.161292694982,JUMPING,False,,0.42313653612922486,,,26.70637508355412,9.347231279243942,3.082815316772461,256.75018310546875,245.15994262695312,159.9384002685547,148.12786865234375,True
169,5.633333333333334,0.825585663318634,26.282130042091012,13,unknown,145.161292694982,JUMPING,False,,0.42313653612922486,,,26.70637508355412,9.347231279243942,3.082815316772461,256.75018310546875,240.4931182861328,159.9384002685547,143.13076782226562,True
170,5.666666666666667,0.7589252591133118,26.345196994952857,13,unknown,145.161292694982,JUMPING,False,,0.42313653612922486,,,26.70637508355412,9.347231279243942,3.082815316772461,256.75018310546875,237.51806640625,159.9384002685547,139.23863220214844,True
171,5.7,0.772788405418396,26.57718595582992,13,unknown,145.161292694982,JUMPING,False,,0.42313653612922486,,,26.70637508355412,9.347231279243942,3.082815316772461,256.75018310546875,236.0988311767578,159.9384002685547,137.39892578125,True
172,5.733333333333333,0.7718421816825867,26.666518999263644,13,unknown,145.161292694982,JUMPING,False,,0.42313653612922486,,,26.70637508355412,9.347231279243942,3.082815316772461,256.75018310546875,235.16824340820312,159.9384002685547,138.48463439941406,True
173,5.766666666666667,0.7837187647819519,26.240503997541964,13,unknown,145.161292694982,JUMPING,False,,0.42313653612922486,,,26.70637508355412,9.415740673828125,3.138580224609375,256.75018310546875,239.82318115234375,159.9384002685547,144.25,True
174,5.8,0.8632402420043945,26.551015907898545,13,unknown,145.161292694982,JUMPING,False,,0.42313653612922486,,,26.70637508355412,12.187267904663084,4.062422634887695,255.5872802734375,242.61505126953125,159.0938720703125,147.9456787109375,True
175,5.833333333333333,0.8561115264892578,26.24052600003779,14,unknown,149.99998658895612,JUMPING,True,0.36666666666666625,0.410713164847462,20.419036865234375,21.35107421875,25.134540528974185,10.866318269348143,3.6221060897827146,255.5872802734375,245.8330078125,158.75,152.65000915527344,False
176,5.866666666666666,0.7908826470375061,26.47038095165044,14,unknown,149.99998658895612,JUMPING,False,,0.410713164847462,,,25.134540528974185,12.187267904663084,4.062422634887695,255.5872802734375,250.51263427734375,158.75,156.37379455566406,False
177,5.9,0.8089722394943237,26.35261998511851,14,unknown,149.99998658895612,JUMPING,False,,0.410713164847462,,,25.134540528974185,12.187267904663084,4.062422634887695,255.5872802734375,249.31112670898438,158.75,155.57952880859375,False
178,5.933333333333334,0.8080488443374634,26.356397080235183,14,unknown,149.99998658895612,JUMPING,False,,0.410713164847462,,,25.134540528974185,12.187267904663084,4.062422634887695,255.5872802734375,246.5513458251953,158.75,154.66818237304688,False
179,5.966666666666667,0.8185189366340637,26.385860983282328,14,unknown,149.99998658895612,JUMPING,False,,0.410713164847462,,,25.134540528974185,12.187267904663084,4.062422634887695,255.5872802734375,239.54342651367188,158.75,147.18345642089844,True
180,6.0,0.8128629326820374,26.43211802933365,14,unknown,149.99998658895612,JUMPING,False,,0.410713164847462,,,25.134540528974185,12.187267904663084,4.062422634887695,255.5872802734375,234.37423706054688,158.75,142.42388916015625,True
181,6.033333333333333,0.8013807535171509,26.333633926697075,14,unknown,149.99998658895612,JUMPING,False,,0.410713164847462,,,25.134540528974185,12.187267904663084,4.062422634887695,255.5872802734375,231.54730224609375,158.75,138.88499450683594,True
182,6.066666666666666,0.7809015512466431,26.408049976453185,14,unknown,149.99998658895612,JUMPING,False,,0.410713164847462,,,25.134540528974185,12.187267904663084,4.062422634887695,255.5872802734375,228.9407196044922,158.75,137.67987060546875,True
183,6.1,0.8355243802070618,26.396506931632757,14,unknown,149.99998658895612,JUMPING,False,,0.410713164847462,,,25.134540528974185,12.187267904663084,4.062422634887695,255.5872802734375,229.47354125976562,158.75,138.86907958984375,True
184,6.133333333333334,0.7956429719924927,26.421154965646565,14,unknown,149.99998658895612,JUMPING,False,,0.410713164847462,,,25.134540528974185,12.187267904663084,4.062422634887695,255.5872802734375,233.91571044921875,158.75,143.1995849609375,True
185,6.166666666666667,0.7683348059654236,26.41506097279489,14,unknown,149.99998658895612,JUMPING,False,,0.410713164847462,,,25.134540528974185,10.866318269348143,3.6221060897827146,255.5872802734375,238.3856201171875,158.75,146.17147827148438,True
186,6.2,0.8315152525901794,26.607089093886316,15,unknown,152.54236810408062,JUMPING,True,0.36666666666666714,0.4010229352476872,26.33868408203125,20.208175659179688,25.43557641723845,19.238961071777343,6.412987023925781,255.27940368652344,247.72085571289062,157.88804626464844,153.43113708496094,False
187,6.233333333333333,0.7242546081542969,26.59274998586625,15,unknown,152.54236810408062,JUMPING,False,,0.4010229352476872,,,25.43557641723845,13.643580349731444,4.547860116577148,254.48150634765625,253.93804931640625,157.79278564453125,157.81381225585938,False
188,6.266666666666667,0.8519858717918396,26.46421396639198,15,unknown,152.54236810408062,JUMPING,False,,0.4010229352476872,,,25.43557641723845,12.187267904663084,4.062422634887695,254.22076416015625,254.40924072265625,157.79278564453125,159.87820434570312,False
189,6.3,0.8329277038574219,26.699390029534698,15,unknown,152.54236810408062,JUMPING,False,,0.4010229352476872,,,25.43557641723845,12.06873636932373,4.02291212310791,254.22076416015625,248.98240661621094,157.79278564453125,156.65921020507812,False
190,6.333333333333333,0.8018983602523804,26.459335000254214,15,unknown,152.54236810408062,JUMPING,False,,0.4010229352476872,,,25.43557641723845,12.06873636932373,4.02291212310791,254.22076416015625,242.9996795654297,157.79278564453125,150.32371520996094,False
191,6.366666666666666,0.826421856880188,26.38982201460749,15,unknown,152.54236810408062,JUMPING,False,,0.4010229352476872,,,25.43557641723845,12.06873636932373,4.02291212310791,254.22076416015625,236.41839599609375,157.79278564453125,144.82589721679688,True
192,6.4,0.8045448660850525,26.498465100303292,15,unknown,152.54236810408062,JUMPING,False,,0.4010229352476872,,,25.43557641723845,12.06873636932373,4.02291212310791,254.22076416015625,232.53843688964844,157.79278564453125,141.53781127929688,True
193,6.433333333333334,0.7937080264091492,26.252811076119542,15,unknown,152.54236810408062,JUMPING,False,,0.4010229352476872,,,25.43557641723845,12.06873636932373,4.02291212310791,254.22076416015625,231.54605102539062,157.79278564453125,139.43081665039062,True
194,6.466666666666667,0.7349915504455566,27.74297504220158,15,unknown,152.54236810408062,JUMPING,False,,0.4010229352476872,,,25.43557641723845,12.06873636932373,4.02291212310791,254.22076416015625,230.5703887939453,157.79278564453125,138.9457550048828,True
195,6.5,0.8001841902732849,26.421225047670305,15,unknown,152.54236810408062,JUMPING,False,,0.4010229352476872,,,25.43557641723845,12.06873636932373,4.02291212310791,254.22076416015625,233.17739868164062,157.79278564453125,141.8399658203125,True
196,6.533333333333333,0.8180443048477173,26.25847700983286,15,unknown,152.54236810408062,JUMPING,False,,0.4010229352476872,,,25.43557641723845,12.06873636932373,4.02291212310791,254.22076416015625,240.9198455810547,157.79278564453125,148.03260803222656,True
197,6.566666666666666,0.7435053586959839,26.356530957855284,16,unknown,155.17240629822726,JUMPING,True,0.36666666666666625,0.39346455615986253,23.650375366210938,18.847030639648438,24.989276154481573,12.304136672973634,4.101378890991211,254.22076416015625,251.04971313476562,157.79278564453125,154.97080993652344,False
198,6.6,0.7410416603088379,26.273941970430315,16,unknown,155.17240629822726,JUMPING,False,,0.39346455615986253,,,24.989276154481573,12.304136672973634,4.101378890991211,254.22076416015625,257.6412658691406,157.90908813476562,158.97433471679688,False
199,6.633333333333334,0.7891111373901367,26.378300040960312,16,unknown,155.17240629822726,JUMPING,False,,0.39346455615986253,,,24.989276154481573,12.304136672973634,4.101378890991211,254.22076416015625,261.07440185546875,157.90908813476562,161.08609008789062,False
200,6.666666666666667,0.7612360119819641,26.638799929060042,16,unknown,155.17240629822726,JUMPING,False,,0.39346455615986253,,,24.989276154481573,12.304136672973634,4.101378890991211,254.22076416015625,256.6555480957031,157.90908813476562,159.2122802734375,False
201,6.7,0.8400075435638428,26.318524032831192,16,unknown,155.17240629822726,JUMPING,False,,0.39346455615986253,,,24.989276154481573,15.650031143188476,5.216677047729492,254.22076416015625,247.8430938720703,157.90908813476562,152.95730590820312,False
202,6.733333333333333,0.8287947177886963,26.515994919463992,16,unknown,155.17240629822726,JUMPING,False,,0.39346455615986253,,,24.989276154481573,15.650031143188476,5.216677047729492,254.22076416015625,241.59527587890625,157.90908813476562,149.18795776367188,False
203,6.766666666666667,0.8003050088882446,26.33744606282562,16,unknown,155.17240629822726,JUMPING,False,,0.39346455615986253,,,24.989276154481573,15.650031143188476,5.216677047729492,254.22076416015625,234.86370849609375,157.90908813476562,144.13197326660156,True
204,6.8,0.7819218635559082,26.526664034463465,16,unknown,155.17240629822726,JUMPING,False,,0.39346455615986253,,,24.989276154481573,15.650031143188476,5.216677047729492,254.22076416015625,230.71392822265625,157.90908813476562,140.50802612304688,True
205,6.833333333333333,0.7551283836364746,26.410589925944805,16,unknown,155.17240629822726,JUMPING,False,,0.39346455615986253,,,24.989276154481573,15.650031143188476,5.216677047729492,254.22076416015625,228.20982360839844,157.90908813476562,138.4027099609375,True
206,6.866666666666666,0.7977404594421387,26.36628202162683,16,unknown,155.17240629822726,JUMPING,False,,0.39346455615986253,,,24.989276154481573,15.650031143188476,5.216677047729492,254.22076416015625,229.44540405273438,157.90908813476562,139.7576904296875,True
207,6.9,0.7571554780006409,26.274919975548983,16,unknown,155.17240629822726,JUMPING,False,,0.39346455615986253,,,24.989276154481573,15.650031143188476,5.216677047729492,254.22076416015625,233.8607177734375,157.90908813476562,144.15142822265625,True
208,6.933333333333334,0.7857329249382019,26.3588820816949,16,unknown,155.17240629822726,JUMPING,False,,0.39346455615986253,,,24.989276154481573,15.650031143188476,5.216677047729492,254.22076416015625,237.81591796875,157.90908813476562,147.22328186035156,True
209,6.966666666666667,0.7987237572669983,26.33037301711738,17,unknown,157.89472644018733,JUMPING,True,0.40000000000000036,0.39490235380469285,26.010940551757812,19.506378173828125,25.244692253800633,13.661226040649414,4.553742013549805,254.22076416015625,246.60174560546875,157.90908813476562,152.9842529296875,False
210,7.0,0.7903310656547546,26.406201999634504,17,unknown,157.89472644018733,JUMPING,False,,0.39490235380469285,,,25.244692253800633,13.661226040649414,4.553742013549805,254.19760131835938,254.37063598632812,158.0457763671875,158.20040893554688,False
211,7.033333333333333,0.7907460331916809,26.428072014823556,17,unknown,157.89472644018733,JUMPING,False,,0.39490235380469285,,,25.244692253800633,14.547107592773438,4.849035864257813,254.393798828125,255.02145385742188,158.65196228027344,158.9530029296875,False
212,7.066666666666666,0.7991178631782532,26.40840399544686,17,unknown,157.89472644018733,JUMPING,False,,0.39490235380469285,,,25.244692253800633,14.658954125976564,4.886318041992188,254.393798828125,248.8677215576172,158.65196228027344,155.25131225585938,False
213,7.1,0.8466120958328247,26.59186697565019,17,unknown,157.89472644018733,JUMPING,False,,0.39490235380469285,,,25.244692253800633,14.658954125976564,4.886318041992188,254.393798828125,241.35137939453125,158.65196228027344,148.78326416015625,False
214,7.133333333333334,0.8294666409492493,26.383262942545116,17,unknown,157.89472644018733,JUMPING,False,,0.39490235380469285,,,25.244692253800633,14.658954125976564,4.886318041992188,254.393798828125,235.84027099609375,158.65196228027344,144.41806030273438,True
215,7.166666666666667,0.7858790159225464,26.340079959481955,17,unknown,157.89472644018733,JUMPING,False,,0.39490235380469285,,,25.244692253800633,14.658954125976564,4.886318041992188,254.393798828125,231.29931640625,158.65196228027344,140.79693603515625,True
216,7.2,0.7880104184150696,26.281194994226098,17,unknown,157.89472644018733,JUMPING,False,,0.39490235380469285,,,25.244692253800633,14.658954125976564,4.886318041992188,254.393798828125,229.46878051757812,158.65196228027344,138.69805908203125,True
217,7.233333333333333,0.7415322065353394,26.369891013018787,17,unknown,157.89472644018733,JUMPING,False,,0.39490235380469285,,,25.244692253800633,14.658954125976564,4.886318041992188,254.393798828125,231.16384887695312,158.65196228027344,141.606689453125,True
218,7.266666666666667,0.7386388778686523,26.261964929290116,17,unknown,157.89472644018733,JUMPING,False,,0.39490235380469285,,,25.244692253800633,14.658954125976564,4.886318041992188,254.393798828125,233.03298950195312,158.65196228027344,143.5638427734375,True
219,7.3,0.7654362320899963,26.43575193360448,18,unknown,163.6363467894327,JUMPING,True,0.33333333333333304,0.38135716930099367,24.925018310546875,19.953903198242188,25.164773767987192,14.658954125976564,4.886318041992188,254.393798828125,239.80369567871094,158.65196228027344,148.7508544921875,False
220,7.333333333333333,0.7793247699737549,26.71444194857031,18,unknown,163.6363467894327,JUMPING,False,,0.38135716930099367,,,25.164773767987192,14.856653732299803,4.952217910766601,254.393798828125,250.5978240966797,158.65196228027344,155.43247985839844,False
221,7.366666666666666,0.7932360768318176,26.26337599940598,18,unknown,163.6363467894327,JUMPING,False,,0.38135716930099367,,,25.164773767987192,13.659732943725583,4.553244314575195,254.393798828125,254.12083435058594,158.96435546875,158.971923828125,False
222,7.4,0.7837076783180237,26.778736035339534,18,unknown,163.6363467894327,JUMPING,False,,0.38135716930099367,,,25.164773767987192,10.162832080078125,3.387610693359375,254.7765655517578,255.60154724121094,158.97337341308594,160.86685180664062,False
223,7.433333333333334,0.7547983527183533,27.683407999575138,18,unknown,163.6363467894327,JUMPING,False,,0.38135716930099367,,,25.164773767987192,12.466816369628905,4.155605456542968,254.7765655517578,250.4276123046875,158.97337341308594,158.5997314453125,False
224,7.466666666666667,0.8258815407752991,27.119522099383175,18,unknown,163.6363467894327,JUMPING,False,,0.38135716930099367,,,25.164773767987192,12.466816369628905,4.155605456542968,254.7765655517578,242.2376708984375,158.97337341308594,152.52049255371094,True
225,7.5,0.8426758050918579,26.789198978804052,18,unknown,163.6363467894327,JUMPING,False,,0.38135716930099367,,,25.164773767987192,12.466816369628905,4.155605456542968,254.7765655517578,236.02940368652344,158.97337341308594,146.30743408203125,True
226,7.533333333333333,0.8148627877235413,26.462305104359984,18,unknown,163.6363467894327,JUMPING,False,,0.38135716930099367,,,25.164773767987192,12.466816369628905,4.155605456542968,254.7765655517578,231.7083740234375,158.97337341308594,141.4601593017578,True
227,7.566666666666666,0.763011634349823,26.55283606145531,18,unknown,163.6363467894327,JUMPING,False,,0.38135716930099367,,,25.164773767987192,12.466816369628905,4.155605456542968,254.7765655517578,229.27337646484375,158.97337341308594,138.95504760742188,True
228,7.6,0.7429227828979492,26.394248940050602,18,unknown,163.6363467894327,JUMPING,False,,0.38135716930099367,,,25.164773767987192,12.466816369628905,4.155605456542968,254.7765655517578,228.83270263671875,158.97337341308594,137.75375366210938,True
229,7.633333333333334,0.7719860672950745,26.250410941429436,18,unknown,163.6363467894327,JUMPING,False,,0.38135716930099367,,,25.164773767987192,12.466816369628905,4.155605456542968,254.7765655517578,230.85467529296875,158.97337341308594,139.1558074951172,True
230,7.666666666666667,0.7317129373550415,26.443919981829822,18,unknown,163.6363467894327,JUMPING,False,,0.38135716930099367,,,25.164773767987192,12.466816369628905,4.155605456542968,254.7765655517578,235.49301147460938,158.97337341308594,143.75238037109375,True
231,7.7,0.7816142439842224,30.171907041221857,19,unknown,160.71431068893986,JUMPING,True,0.40000000000000036,0.3854585920547752,25.943862915039062,21.219619750976562,25.35954605475016,12.466816369628905,4.155605456542968,254.7765655517578,243.0530548095703,158.97337341308594,150.79159545898438,False
232,7.733333333333333,0.7652634382247925,26.379789924249053,19,unknown,160.71431068893986,JUMPING,False,,0.3854585920547752,,,25.35954605475016,14.575069226074216,4.858356408691406,254.7765655517578,250.88790893554688,158.97337341308594,157.321044921875,False
233,7.766666666666667,0.7579940557479858,26.132568018510938,19,unknown,160.71431068893986,JUMPING,False,,0.3854585920547752,,,25.35954605475016,12.497187318420409,4.1657291061401365,254.76112365722656,252.98440551757812,158.97337341308594,159.32485961914062,False
234,7.8,0.7833749651908875,26.438764994964004,19,unknown,160.71431068893986,JUMPING,False,,0.3854585920547752,,,25.35954605475016,12.039519177246092,4.013173059082031,254.76112365722656,253.23048400878906,159.11709594726562,160.03915405273438,False
235,7.833333333333333,0.765251874923706,26.522778091020882,19,unknown,160.71431068893986,JUMPING,False,,0.3854585920547752,,,25.35954605475016,12.039519177246092,4.013173059082031,254.76112365722656,248.6328887939453,159.11709594726562,156.34466552734375,False
236,7.866666666666666,0.7954321503639221,26.39162400737405,19,unknown,160.71431068893986,JUMPING,False,,0.3854585920547752,,,25.35954605475016,12.039519177246092,4.013173059082031,254.76112365722656,242.43099975585938,159.11709594726562,149.68453979492188,True
237,7.9,0.8425995111465454,26.208891067653894,19,unknown,160.71431068893986,JUMPING,False,,0.3854585920547752,,,25.35954605475016,12.039519177246092,4.013173059082031,254.76112365722656,234.00381469726562,159.11709594726562,143.29220581054688,True
238,7.933333333333334,0.8258969783782959,26.356449001468718,19,unknown,160.71431068893986,JUMPING,False,,0.3854585920547752,,,25.35954605475016,12.039519177246092,4.013173059082031,254.76112365722656,229.16256713867188,159.11709594726562,139.9417724609375,True
239,7.966666666666667,0.7486942410469055,26.29108796827495,19,unknown,160.71431068893986,JUMPING,False,,0.3854585920547752,,,25.35954605475016,12.039519177246092,4.013173059082031,254.76112365722656,227.8502197265625,159.11709594726562,138.13754272460938,True
240,8.0,0.7670536637306213,26.39122703112662,19,unknown,160.71431068893986,JUMPING,False,,0.3854585920547752,,,25.35954605475016,12.039519177246092,4.013173059082031,254.76112365722656,231.44290161132812,159.11709594726562,140.55438232421875,True
241,8.033333333333333,0.7735533118247986,26.191103970631957,19,unknown,160.71431068893986,JUMPING,False,,0.3854585920547752,,,25.35954605475016,12.039519177246092,4.013173059082031,254.76112365722656,233.6546173095703,159.11709594726562,142.68258666992188,True
242,8.066666666666666,0.8006869554519653,26.34714904706925,19,unknown,160.71431068893986,JUMPING,False,,0.3854585920547752,,,25.35954605475016,11.273899795532227,3.757966598510742,254.76112365722656,240.63699340820312,159.11709594726562,147.77005004882812,True
243,8.1,0.805942714214325,26.373613043688238,20,unknown,157.8946892904916,JUMPING,True,0.39999999999999947,0.3886577018027245,26.420501708984375,20.978591918945312,25.624784968308717,11.127779901123047,3.7092599670410156,254.27072143554688,249.8277587890625,159.1161346435547,154.5609588623047,False
244,8.133333333333333,0.7772406935691833,26.400074013508856,20,unknown,157.8946892904916,JUMPING,False,,0.3886577018027245,,,25.624784968308717,10.615036843872069,3.5383456146240233,253.7667694091797,253.23568725585938,158.96435546875,158.4088897705078,False
245,8.166666666666666,0.770317792892456,26.238048914819956,20,unknown,157.8946892904916,JUMPING,False,,0.3886577018027245,,,25.624784968308717,9.631696783447266,3.210565594482422,253.23361206054688,252.76332092285156,158.8116912841797,157.66246032714844,False
246,8.2,0.7795865535736084,26.495099999010563,20,unknown,157.8946892904916,JUMPING,False,,0.3886577018027245,,,25.624784968308717,8.96867473890805,2.7804858123779295,253.23361206054688,250.96702575683594,158.8116912841797,156.62130737304688,False
247,8.233333333333333,0.8617219924926758,26.160154957324266,20,unknown,157.8946892904916,JUMPING,False,,0.3886577018027245,,,25.624784968308717,8.96867473890805,2.7804858123779295,253.23361206054688,243.5906219482422,158.8116912841797,149.38670349121094,True
248,8.266666666666667,0.7224600315093994,26.419663918204606,20,unknown,157.8946892904916,JUMPING,False,,0.3886577018027245,,,25.624784968308717,8.96867473890805,2.7804858123779295,253.23361206054688,237.84774780273438,158.8116912841797,144.99740600585938,True
249,8.3,0.8064312934875488,26.851709000766277,20,unknown,157.8946892904916,JUMPING,False,,0.3886577018027245,,,25.624784968308717,8.96867473890805,2.7804858123779295,253.23361206054688,232.86570739746094,158.8116912841797,141.10604858398438,True
250,8.333333333333334,0.7728403806686401,26.481229928322136,20,unknown,157.8946892904916,JUMPING,False,,0.3886577018027245,,,25.624784968308717,8.96867473890805,2.7804858123779295,253.23361206054688,230.0579833984375,158.8116912841797,139.38522338867188,True
251,8.366666666666667,0.7580394148826599,27.723536011762917,20,unknown,157.8946892904916,JUMPING,False,,0.3886577018027245,,,25.624784968308717,8.96867473890805,2.7804858123779295,253.23361206054688,229.81167602539062,158.8116912841797,139.76174926757812,True
252,8.4,0.7529296875,27.175939991138875,20,unknown,157.8946892904916,JUMPING,False,,0.3886577018027245,,,25.624784968308717,8.96867473890805,2.7804858123779295,253.23361206054688,230.61001586914062,158.8116912841797,141.0040283203125,True
253,8.433333333333334,0.7608799934387207,26.634688023477793,20,unknown,157.8946892904916,JUMPING,False,,0.3886577018027245,,,25.624784968308717,8.96867473890805,2.7804858123779295,253.23361206054688,235.6868896484375,158.8116912841797,145.2943572998047,True
254,8.466666666666667,0.8056615591049194,27.915854938328266,21,unknown,157.89476358990052,JUMPING,True,0.36666666666666714,0.38381967407279194,23.42193603515625,19.426467895507812,25.0740727350206,8.96867473890805,2.7804858123779295,253.23361206054688,244.85714721679688,158.8116912841797,152.36282348632812,False
255,8.5,0.7685363292694092,26.831320021301508,21,unknown,157.89476358990052,JUMPING,False,,0.38381967407279194,,,25.0740727350206,8.775925457257209,2.825437078857422,253.13204956054688,251.07867431640625,158.8116912841797,157.99310302734375,False
256,8.533333333333333,0.7239987254142761,26.556385913863778,21,unknown,157.89476358990052,JUMPING,False,,0.38381967407279194,,,25.0740727350206,8.775925457257209,2.825437078857422,253.13204956054688,254.84249877929688,158.8230438232422,159.762451171875,False
257,8.566666666666666,0.8033488988876343,27.704938082024455,21,unknown,157.89476358990052,JUMPING,False,,0.38381967407279194,,,25.0740727350206,8.775925457257209,2.49765705871582,253.13204956054688,250.68157958984375,158.8230438232422,156.6317138671875,False
258,8.6,0.7833051681518555,26.97251900099218,21,unknown,157.89476358990052,JUMPING,False,,0.38381967407279194,,,25.0740727350206,8.775925457257209,2.7443008346557614,253.13204956054688,247.44287109375,158.8230438232422,154.20559692382812,False
259,8.633333333333333,0.7935549020767212,26.587749016471207,21,unknown,157.89476358990052,JUMPING,False,,0.38381967407279194,,,25.0740727350206,8.775925457257209,2.7443008346557614,253.13204956054688,243.91766357421875,158.8230438232422,152.40171813964844,True
260,8.666666666666666,0.807665228843689,28.1706340610981,21,unknown,157.89476358990052,JUMPING,False,,0.38381967407279194,,,25.0740727350206,8.775925457257209,2.7443008346557614,253.13204956054688,238.21250915527344,158.8230438232422,146.29446411132812,True
261,8.7,0.794034481048584,26.89269999973476,21,unknown,157.89476358990052,JUMPING,False,,0.38381967407279194,,,25.0740727350206,8.775925457257209,2.7443008346557614,253.13204956054688,234.89846801757812,158.8230438232422,141.98777770996094,True
262,8.733333333333333,0.7922256588935852,26.51447698008269,21,unknown,157.89476358990052,JUMPING,False,,0.38381967407279194,,,25.0740727350206,8.775925457257209,2.7443008346557614,253.13204956054688,233.64193725585938,158.8230438232422,139.81936645507812,True
263,8.766666666666667,0.7697485685348511,27.590855024755,21,unknown,157.89476358990052,JUMPING,False,,0.38381967407279194,,,25.0740727350206,8.775925457257209,2.7443008346557614,253.13204956054688,232.4394073486328,158.8230438232422,139.67825317382812,True
264,8.8,0.7994627952575684,26.737162028439343,21,unknown,157.89476358990052,JUMPING,False,,0.38381967407279194,,,25.0740727350206,8.775925457257209,2.7443008346557614,253.13204956054688,234.44285583496094,158.8230438232422,142.35934448242188,True
265,8.833333333333334,0.7870908975601196,26.464607915841043,21,unknown,157.89476358990052,JUMPING,False,,0.38381967407279194,,,25.0740727350206,8.775925457257209,2.825437078857422,253.13204956054688,242.184326171875,158.8230438232422,148.1226806640625,True
266,8.866666666666667,0.790626585483551,27.720390004105866,22,unknown,157.89472644018733,JUMPING,True,0.40000000000000036,0.3873793457767778,20.456558227539062,18.845138549804688,23.919694108150217,8.972901699829102,2.990967233276367,252.89596557617188,248.82444763183594,158.5233917236328,155.02322387695312,False
267,8.9,0.7724510431289673,26.69767092447728,22,unknown,157.89472644018733,JUMPING,False,,0.3873793457767778,,,23.919694108150217,8.972901699829102,2.990967233276367,252.89596557617188,253.7432861328125,158.5233917236328,159.69100952148438,False
268,8.933333333333334,0.7380670309066772,26.5350149711594,22,unknown,157.89472644018733,JUMPING,False,,0.3873793457767778,,,23.919694108150217,9.570819149780274,3.1902730499267578,253.13204956054688,256.7269287109375,158.95846557617188,161.96063232421875,False
269,8.966666666666667,0.7616587281227112,27.941989013925195,22,unknown,157.89472644018733,JUMPING,False,,0.3873793457767778,,,23.919694108150217,8.371892937852575,1.9453129989624023,253.21585083007812,253.19390869140625,159.5445556640625,159.84521484375,False
270,9.0,0.8154885172843933,26.68212994467467,22,unknown,157.89472644018733,JUMPING,False,,0.3873793457767778,,,23.919694108150217,8.371892937852575,1.9453129989624023,253.21585083007812,246.03773498535156,159.5445556640625,154.3696746826172,False
271,9.033333333333333,0.8502643704414368,27.464947081170976,22,unknown,157.89472644018733,JUMPING,False,,0.3873793457767778,,,23.919694108150217,8.371892937852575,1.9453129989624023,253.21585083007812,238.4701385498047,159.5445556640625,148.3184814453125,True
272,9.066666666666666,0.8279036283493042,28.600789955817163,22,unknown,157.89472644018733,JUMPING,False,,0.3873793457767778,,,23.919694108150217,8.371892937852575,1.9453129989624023,253.21585083007812,232.9962158203125,159.5445556640625,143.15472412109375,True
273,9.1,0.8143900632858276,38.61035907175392,22,unknown,157.89472644018733,JUMPING,False,,0.3873793457767778,,,23.919694108150217,8.371892937852575,1.9453129989624023,253.21585083007812,230.43557739257812,159.5445556640625,140.37033081054688,True
274,9.133333333333333,0.7741599082946777,29.008551966398954,22,unknown,157.89472644018733,JUMPING,False,,0.3873793457767778,,,23.919694108150217,8.371892937852575,1.9453129989624023,253.21585083007812,228.97592163085938,159.5445556640625,138.99583435058594,True
275,9.166666666666666,0.773070752620697,28.228238923475146,22,unknown,157.89472644018733,JUMPING,False,,0.3873793457767778,,,23.919694108150217,8.371892937852575,1.9453129989624023,253.21585083007812,230.58021545410156,159.5445556640625,139.71615600585938,True
276,9.2,0.782263994216919,26.83664602227509,22,unknown,157.89472644018733,JUMPING,False,,0.3873793457767778,,,23.919694108150217,8.371892937852575,1.9453129989624023,253.21585083007812,236.87039184570312,159.5445556640625,143.97067260742188,True
277,9.233333333333333,0.7693296670913696,26.53218898922205,22,unknown,157.89472644018733,JUMPING,False,,0.3873793457767778,,,23.919694108150217,8.371892937852575,2.6631872131347656,253.21585083007812,243.88623046875,159.5445556640625,151.1207733154297,True
278,9.266666666666667,0.8074167966842651,29.74055998492986,23,unknown,152.54240277785985,JUMPING,True,0.40000000000000036,0.39015588970588677,24.2576904296875,20.182327270507812,24.004193188534536,8.533388259887694,2.844462753295898,253.23361206054688,254.681884765625,159.17816162109375,157.28619384765625,False
279,9.3,0.7870131731033325,27.466833009384573,23,unknown,152.54240277785985,JUMPING,False,,0.39015588970588677,,,24.004193188534536,8.69881661224365,2.8996055374145504,253.54025268554688,260.76104736328125,159.17816162109375,160.89114379882812,False
280,9.333333333333334,0.7566784620285034,26.819417951628566,23,unknown,152.54240277785985,JUMPING,False,,0.39015588970588677,,,24.004193188534536,9.749346034240723,3.2497820114135743,254.3064422607422,256.8780822753906,159.50222778320312,159.21905517578125,False
281,9.366666666666667,0.8197745680809021,27.782605960965157,23,unknown,152.54240277785985,JUMPING,False,,0.39015588970588677,,,24.004193188534536,9.904729916381836,3.301576638793945,254.3064422607422,249.64773559570312,159.50222778320312,153.8212890625,False
282,9.4,0.8295523524284363,27.30376401450485,23,unknown,152.54240277785985,JUMPING,False,,0.39015588970588677,,,24.004193188534536,9.904729916381836,3.301576638793945,254.3064422607422,244.52969360351562,159.50222778320312,150.18161010742188,False
283,9.433333333333334,0.8494611978530884,26.71365300193429,23,unknown,152.54240277785985,JUMPING,False,,0.39015588970588677,,,24.004193188534536,9.904729916381836,3.301576638793945,254.3064422607422,238.41482543945312,159.50222778320312,145.95108032226562,True
284,9.466666666666667,0.803654670715332,27.804277022369206,23,unknown,152.54240277785985,JUMPING,False,,0.39015588970588677,,,24.004193188534536,9.904729916381836,3.301576638793945,254.3064422607422,233.12271118164062,159.50222778320312,142.5552215576172,True
285,9.5,0.765697181224823,26.91388805396855,23,unknown,152.54240277785985,JUMPING,False,,0.39015588970588677,,,24.004193188534536,9.904729916381836,3.301576638793945,254.3064422607422,229.7779083251953,159.50222778320312,141.42454528808594,True
286,9.533333333333333,0.7878068685531616,26.853960007429123,23,unknown,152.54240277785985,JUMPING,False,,0.39015588970588677,,,24.004193188534536,9.904729916381836,3.301576638793945,254.3064422607422,231.7640380859375,159.50222778320312,142.83712768554688,True
287,9.566666666666666,0.7767450213432312,28.73506094329059,23,unknown,152.54240277785985,JUMPING,False,,0.39015588970588677,,,24.004193188534536,9.904729916381836,3.301576638793945,254.3064422607422,240.18911743164062,159.50222778320312,147.85641479492188,True
288,9.6,0.775699257850647,28.693467960692942,24,unknown,157.8946892904916,JUMPING,True,0.33333333333333215,0.3776549273039248,24.528533935546875,18.077682495117188,24.13527837528762,9.408139453124999,3.136046484375,254.3064422607422,251.29849243164062,159.50222778320312,155.72036743164062,False
289,9.633333333333333,0.7776462435722351,26.978383073583245,24,unknown,157.8946892904916,JUMPING,False,,0.3776549273039248,,,24.13527837528762,9.904729916381836,3.301576638793945,254.77825927734375,257.42437744140625,159.73387145996094,160.22103881835938,False
290,9.666666666666666,0.8098161220550537,28.27069698832929,24,unknown,157.8946892904916,JUMPING,False,,0.3776549273039248,,,24.13527837528762,12.198058923339843,4.066019641113281,255.97315979003906,263.4583740234375,159.81210327148438,163.5916748046875,False
291,9.7,0.8068828582763672,27.079146006144583,24,unknown,157.8946892904916,JUMPING,False,,0.3776549273039248,,,24.13527837528762,11.483679913330077,3.827893304443359,256.817626953125,264.252685546875,160.07070922851562,163.554443359375,False
292,9.733333333333333,0.7510672807693481,27.26974291726947,24,unknown,157.8946892904916,JUMPING,False,,0.3776549273039248,,,24.13527837528762,9.408139453124999,3.136046484375,256.817626953125,256.2154846191406,160.07070922851562,159.66494750976562,False
293,9.766666666666667,0.8495842814445496,28.799994033761322,24,unknown,157.8946892904916,JUMPING,False,,0.3776549273039248,,,24.13527837528762,9.408139453124999,3.136046484375,256.817626953125,246.08004760742188,160.07070922851562,153.22219848632812,True
294,9.8,0.8411549925804138,27.83055801410228,24,unknown,157.8946892904916,JUMPING,False,,0.3776549273039248,,,24.13527837528762,9.408139453124999,3.136046484375,256.817626953125,239.0781707763672,160.07070922851562,149.08087158203125,True
295,9.833333333333334,0.8165872097015381,27.394957025535405,24,unknown,157.8946892904916,JUMPING,False,,0.3776549273039248,,,24.13527837528762,9.408139453124999,3.136046484375,256.817626953125,232.62681579589844,160.07070922851562,144.70343017578125,True
296,9.866666666666667,0.8198915719985962,27.710043010301888,24,unknown,157.8946892904916,JUMPING,False,,0.3776549273039248,,,24.13527837528762,9.408139453124999,3.136046484375,256.817626953125,227.93275451660156,160.07070922851562,141.93167114257812,True
297,9.9,0.8054566383361816,26.803840999491513,24,unknown,157.8946892904916,JUMPING,False,,0.3776549273039248,,,24.13527837528762,9.408139453124999,3.136046484375,256.817626953125,227.0316619873047,160.07070922851562,141.17047119140625,True
298,9.933333333333334,0.8254284858703613,26.447174954228103,24,unknown,157.8946892904916,JUMPING,False,,0.3776549273039248,,,24.13527837528762,9.408139453124999,3.136046484375,256.817626953125,227.29205322265625,160.07070922851562,141.23646545410156,True
299,9.966666666666667,0.8132818341255188,27.553780935704708,24,unknown,157.8946892904916,JUMPING,False,,0.3776549273039248,,,24.13527837528762,9.408139453124999,3.136046484375,256.817626953125,234.98532104492188,160.07070922851562,147.3337860107422,True
300,10.0,0.8063653707504272,26.92937501706183,24,unknown,157.8946892904916,JUMPING,False,,0.3776549273039248,,,24.13527837528762,10.995844427490233,3.665281475830078,256.817626953125,239.88990783691406,160.07070922851562,151.17727661132812,True
301,10.033333333333333,0.7966444492340088,26.519228937104344,25,unknown,155.17240629822726,JUMPING,True,0.43333333333333357,0.3899041766303947,29.785964965820312,18.900238037109375,25.547950022920794,13.35493756713867,4.45164585571289,256.817626953125,250.07205200195312,160.07070922851562,156.10342407226562,False
302,10.066666666666666,0.7959557771682739,27.628067997284234,25,unknown,155.17240629822726,JUMPING,False,,0.3899041766303947,,,25.547950022920794,10.045827575683592,3.348609191894531,256.817626953125,256.0177307128906,160.08131408691406,159.87173461914062,False
303,10.1,0.7625026702880859,26.875483919866383,25,unknown,155.17240629822726,JUMPING,False,,0.3899041766303947,,,25.547950022920794,9.095946459960937,3.031982153320312,257.1482238769531,257.32830810546875,160.62310791015625,161.09307861328125,False
304,10.133333333333333,0.7786617279052734,26.719853980466723,25,unknown,155.17240629822726,JUMPING,False,,0.3899041766303947,,,25.547950022920794,10.045827575683592,3.348609191894531,257.1482238769531,253.53501892089844,160.62310791015625,160.16766357421875,False
305,10.166666666666666,0.7987841963768005,27.967231930233538,25,unknown,155.17240629822726,JUMPING,False,,0.3899041766303947,,,25.547950022920794,10.045827575683592,3.348609191894531,257.1482238769531,249.1377410888672,160.62310791015625,157.71653747558594,False
306,10.2,0.8222641348838806,26.76062099635601,25,unknown,155.17240629822726,JUMPING,False,,0.3899041766303947,,,25.547950022920794,10.045827575683592,3.348609191894531,257.1482238769531,246.4662322998047,160.62310791015625,155.9144744873047,True
307,10.233333333333333,0.8404638767242432,26.655797963030636,25,unknown,155.17240629822726,JUMPING,False,,0.3899041766303947,,,25.547950022920794,10.045827575683592,3.348609191894531,257.1482238769531,244.30889892578125,160.62310791015625,154.1854248046875,True
308,10.266666666666667,0.8193912506103516,27.797491056844592,25,unknown,155.17240629822726,JUMPING,False,,0.3899041766303947,,,25.547950022920794,10.045827575683592,3.348609191894531,257.1482238769531,243.4749755859375,160.62310791015625,153.41851806640625,True
309,10.3,0.8445783257484436,26.869475026614964,25,unknown,155.17240629822726,JUMPING,False,,0.3899041766303947,,,25.547950022920794,10.045827575683592,3.348609191894531,257.1482238769531,243.96646118164062,160.62310791015625,154.10826110839844,True
310,10.333333333333334,0.8237871527671814,26.588358101435006,25,unknown,155.17240629822726,JUMPING,False,,0.3899041766303947,,,25.547950022920794,10.045827575683592,3.348609191894531,257.1482238769531,245.28457641601562,160.62310791015625,155.03306579589844,True
311,10.366666666666667,0.8226595520973206,27.61022699996829,25,unknown,155.17240629822726,JUMPING,False,,0.3899041766303947,,,25.547950022920794,10.045827575683592,3.348609191894531,257.1482238769531,245.71566772460938,160.62310791015625,155.56060791015625,True
312,10.4,0.8126506805419922,27.047752984799445,25,unknown,155.17240629822726,JUMPING,False,,0.3899041766303947,,,25.547950022920794,9.095946459960937,3.031982153320312,257.1482238769531,246.1286163330078,160.62310791015625,156.352294921875,True
313,10.433333333333334,0.8433749079704285,26.562512037344277,26,unknown,152.54233343031714,JUMPING,True,0.40000000000000036,0.392125257771708,13.673248291015625,6.7811737060546875,22.579274589944504,10.845211308288574,3.6150704360961914,257.1482238769531,247.18995666503906,160.19969177246094,156.31515502929688,False
314,10.466666666666667,0.8303531408309937,27.60075405240059,26,unknown,152.54233343031714,JUMPING,False,,0.392125257771708,,,22.579274589944504,9.768247283935546,3.2560824279785154,257.1482238769531,246.0689697265625,160.19969177246094,155.99176025390625,True
315,10.5,0.835084080696106,26.953325024805963,26,unknown,152.54233343031714,JUMPING,False,,0.392125257771708,,,22.579274589944504,9.768247283935546,3.2560824279785154,257.1482238769531,246.1415557861328,160.19969177246094,155.68701171875,True
316,10.533333333333333,0.8019721508026123,26.54032502323389,26,unknown,152.54233343031714,JUMPING,False,,0.392125257771708,,,22.579274589944504,9.768247283935546,3.2560824279785154,257.1482238769531,246.24981689453125,160.19969177246094,155.41372680664062,True
317,10.566666666666666,0.8415590524673462,27.69448608160019,26,unknown,152.54233343031714,JUMPING,False,,0.392125257771708,,,22.579274589944504,9.768247283935546,3.2560824279785154,257.1482238769531,246.35858154296875,160.19969177246094,155.3726043701172,True
318,10.6,0.8281232118606567,26.841572020202875,26,unknown,152.54233343031714,JUMPING,False,,0.392125257771708,,,22.579274589944504,9.768247283935546,3.2560824279785154,257.1482238769531,246.8011474609375,160.19969177246094,156.30482482910156,True
319,10.633333333333333,0.8302412629127502,26.51332807727158,26,unknown,152.54233343031714,JUMPING,False,,0.392125257771708,11.079254150390625,4.82708740234375,22.579274589944504,9.768247283935546,3.2560824279785154,257.1482238769531,249.05712890625,160.19969177246094,156.868408203125,False
320,10.666666666666666,0.8373821377754211,27.852279017679393,26,unknown,152.54233343031714,JUMPING,False,,0.392125257771708,,,22.579274589944504,9.768247283935546,3.2560824279785154,257.1482238769531,248.66934204101562,160.19969177246094,157.3548583984375,False
321,10.7,0.8504900932312012,26.94402600172907,26,unknown,152.54233343031714,JUMPING,False,,0.392125257771708,,,22.579274589944504,9.768247283935546,3.2560824279785154,257.1482238769531,247.9219207763672,160.19969177246094,157.67135620117188,False
322,10.733333333333333,0.8196099996566772,26.687765028327703,26,unknown,152.54233343031714,JUMPING,False,,0.392125257771708,,,22.579274589944504,9.768247283935546,3.2560824279785154,257.1482238769531,247.3580322265625,160.19969177246094,157.8034210205078,True
323,10.766666666666667,0.8306198716163635,28.060588985681534,26,unknown,0.0,JUMPING,False,0.3333333333333339,,10.151901245117188,2.396270751953125,22.579274589944504,10.34929952545166,3.4497665084838864,257.1482238769531,246.99632263183594,160.19969177246094,157.8321075439453,False
324,10.8,0.8199310302734375,26.934891939163208,26,unknown,152.54233343031714,JUMPING,False,,0.392125257771708,,,22.579274589944504,8.649544413757322,2.883181471252441,256.613037109375,246.9095916748047,160.04928588867188,157.40191650390625,True
325,10.833333333333334,0.8282512426376343,26.715382002294064,26,unknown,0.0,JUMPING,False,0.40000000000000036,,9.565338134765625,2.647369384765625,22.579274589944504,16.456201679992674,5.485400559997558,256.1363830566406,246.571044921875,160.04928588867188,157.51907348632812,False
326,10.866666666666667,0.8338928818702698,27.787789003923535,26,unknown,152.54233343031714,JUMPING,False,,0.392125257771708,,,22.579274589944504,11.9221753326416,3.974058444213867,256.1363830566406,245.91683959960938,160.04928588867188,157.5978240966797,False
327,10.9,0.8392245173454285,26.72228100709617,26,unknown,152.54233343031714,JUMPING,False,,0.392125257771708,,,22.579274589944504,11.9221753326416,3.974058444213867,256.1363830566406,245.20965576171875,160.04928588867188,157.27432250976562,False
328,10.933333333333334,0.8220247030258179,26.461552013643086,26,unknown,152.54233343031714,JUMPING,False,,0.392125257771708,,,22.579274589944504,11.9221753326416,3.974058444213867,256.1363830566406,245.4774169921875,160.04928588867188,157.2373046875,False
329,10.966666666666667,0.8648916482925415,28.095443034544587,26,unknown,152.54233343031714,JUMPING,False,,0.392125257771708,,,22.579274589944504,11.9221753326416,3.974058444213867,256.1363830566406,244.73475646972656,160.04928588867188,156.77603149414062,False
330,11.0,0.8069614171981812,26.866364991292357,26,unknown,152.54233343031714,JUMPING,False,,0.392125257771708,,,22.579274589944504,11.9221753326416,3.974058444213867,256.1363830566406,245.95193481445312,160.04928588867188,156.90957641601562,False
331,11.033333333333333,0.8484992384910583,27.28191902860999,26,unknown,152.54233343031714,JUMPING,False,,0.392125257771708,,,22.579274589944504,11.9221753326416,3.974058444213867,256.1363830566406,246.078125,160.04928588867188,157.1786346435547,False
332,11.066666666666666,0.8417546153068542,27.90432400070131,26,unknown,152.54233343031714,JUMPING,False,,0.392125257771708,,,22.579274589944504,11.9221753326416,3.974058444213867,256.1363830566406,245.94992065429688,160.04928588867188,157.48861694335938,False
333,11.1,0.861137866973877,27.02851698268205,26,unknown,152.54233343031714,JUMPING,False,,0.392125257771708,,,22.579274589944504,8.875748597717285,2.9585828659057616,256.1363830566406,245.95645141601562,160.04928588867188,157.09603881835938,True
334,11.133333333333333,0.8678021430969238,26.737098931334913,26,unknown,0.0,JUMPING,False,0.6999999999999993,,9.252365112304688,3.132232666015625,22.579274589944504,23.001667121887206,7.667222373962402,255.02464294433594,245.77227783203125,159.7890167236328,156.6567840576172,False
335,11.166666666666666,0.8321554064750671,27.728967019356787,26,unknown,152.54233343031714,JUMPING,False,,0.392125257771708,,,22.579274589944504,7.902746106480576,0.8677155395507812,252.1498260498047,246.3275146484375,158.9318084716797,156.57920837402344,False
336,11.2,0.8265804052352905,26.960082002915442,26,unknown,152.54233343031714,JUMPING,False,,0.392125257771708,,,22.579274589944504,7.902746106480576,0.9071242492675781,249.69833374023438,246.70443725585938,157.8206329345703,156.68450927734375,False
337,11.233333333333333,0.8652663230895996,26.855889009311795,26,unknown,152.54233343031714,JUMPING,False,,0.392125257771708,,,22.579274589944504,7.902746106480576,0.9848784027099609,249.10549926757812,247.282958984375,157.76866149902344,157.39804077148438,False
338,11.266666666666667,0.8311456441879272,32.811117940582335,26,unknown,152.54233343031714,JUMPING,False,,0.392125257771708,,,22.579274589944504,7.902746106480576,1.1120857360839844,249.10549926757812,248.6919403076172,157.8206329345703,158.69436645507812,False
339,11.3,0.8454102873802185,27.41542994044721,26,unknown,152.54233343031714,JUMPING,False,,0.392125257771708,,,22.579274589944504,7.902746106480576,1.0928903915405273,249.6208953857422,249.94300842285156,158.34945678710938,159.6931610107422,False
340,11.333333333333334,0.8236485719680786,26.672056992538273,26,unknown,152.54233343031714,JUMPING,False,,0.392125257771708,,,22.579274589944504,7.902746106480576,1.1127870391845702,249.7513885498047,249.46397399902344,159.29364013671875,159.89480590820312,False
341,11.366666666666667,0.8299575448036194,27.885023970156908,26,unknown,152.54233343031714,JUMPING,False,,0.392125257771708,,,22.579274589944504,7.902746106480576,1.1618330108642578,249.7513885498047,248.7247772216797,159.78184509277344,159.84097290039062,False
342,11.4,0.8344174027442932,27.161415084265172,26,unknown,152.54233343031714,JUMPING,False,,0.392125257771708,,,22.579274589944504,7.902746106480576,1.1842520874023437,249.7513885498047,248.12940979003906,159.78184509277344,159.63796997070312,False
343,11.433333333333334,0.8521077632904053,26.98041102848947,26,unknown,152.54233343031714,JUMPING,False,,0.392125257771708,,,22.579274589944504,7.902746106480576,1.3251008972167968,249.7513885498047,248.76681518554688,159.78184509277344,159.19891357421875,False
344,11.466666666666667,0.8375579118728638,36.838399013504386,26,unknown,152.54233343031714,JUMPING,False,,0.392125257771708,,,22.579274589944504,7.902746106480576,1.46594970703125,249.7513885498047,248.95123291015625,159.78184509277344,158.95343017578125,False
345,11.5,0.8492836356163025,30.653783003799617,26,unknown,152.54233343031714,JUMPING,False,,0.392125257771708,,,22.579274589944504,7.902746106480576,1.6354953872680664,249.7565460205078,249.47686767578125,159.78184509277344,158.52565002441406,False
346,11.533333333333333,0.8394109010696411,27.09528396371752,26,unknown,152.54233343031714,JUMPING,False,,0.392125257771708,,,22.579274589944504,7.902746106480576,1.6354953872680664,249.63693237304688,249.74365234375,159.78184509277344,158.59075927734375,False
347,11.566666666666666,0.8440976142883301,27.877946966327727,26,unknown,152.54233343031714,JUMPING,False,,0.392125257771708,,,22.579274589944504,7.902746106480576,1.6354953872680664,249.63693237304688,249.89186096191406,159.67108154296875,158.68307495117188,False
348,11.6,0.8390070796012878,27.165604988113046,26,unknown,152.54233343031714,JUMPING,False,,0.392125257771708,,,22.579274589944504,7.902746106480576,1.6354953872680664,249.63693237304688,251.58505249023438,159.46234130859375,158.70912170410156,False
349,11.633333333333333,0.8419885039329529,26.657255017198622,26,unknown,152.54233343031714,JUMPING,False,,0.392125257771708,,,22.579274589944504,7.902746106480576,1.6354953872680664,249.63693237304688,252.8680419921875,159.10072326660156,158.57882690429688,False
350,11.666666666666666,0.8451645970344543,27.976048993878067,26,unknown,152.54233343031714,JUMPING,False,,0.392125257771708,,,22.579274589944504,7.902746106480576,1.6354953872680664,249.83258056640625,252.21066284179688,159.10072326660156,158.66970825195312,False
351,11.7,0.8586978912353516,27.70789200440049,26,unknown,152.54233343031714,JUMPING,False,,0.392125257771708,,,22.579274589944504,7.902746106480576,1.7893069931030272,249.92254638671875,251.07394409179688,159.10072326660156,158.185546875,False
352,11.733333333333333,0.8712319731712341,28.490221011452377,26,unknown,152.54233343031714,JUMPING,False,,0.392125257771708,,,22.579274589944504,7.902746106480576,1.8147688201904295,250.5308074951172,250.9226837158203,159.10072326660156,157.74734497070312,False
353,11.766666666666667,0.8779624104499817,28.49619195330888,26,unknown,152.54233343031714,JUMPING,False,,0.392125257771708,,,22.579274589944504,7.902746106480576,2.000274801635742,250.5308074951172,249.890869140625,159.10072326660156,157.48959350585938,False
354,11.8,0.806602418422699,27.507639955729246,26,unknown,152.54233343031714,JUMPING,False,,0.392125257771708,,,22.579274589944504,7.902746106480576,2.1857807830810545,250.63902282714844,250.21353149414062,159.10072326660156,157.4384307861328,False
355,11.833333333333334,0.5563617944717407,27.010809048078954,26,unknown,152.54233343031714,JUMPING,False,,0.392125257771708,,,22.579274589944504,7.902746106480576,2.0571821548461915,250.76536560058594,250.52938842773438,159.10072326660156,157.3931121826172,False
356,11.866666666666667,0.8484926819801331,28.497176012024283,26,unknown,152.54233343031714,JUMPING,False,,0.392125257771708,,,22.579274589944504,7.902746106480576,2.322399151611328,250.8592529296875,250.76409912109375,159.10072326660156,157.69146728515625,False
357,11.9,0.8305115103721619,27.254364918917418,26,unknown,152.54233343031714,JUMPING,False,,0.392125257771708,,,22.579274589944504,8.09733609008789,2.699112030029297,250.8592529296875,250.29592895507812,159.10072326660156,157.71444702148438,False
358,11.933333333333334,0.8414642214775085,26.65263705421239,26,unknown,152.54233343031714,JUMPING,False,,0.392125257771708,,,22.579274589944504,8.100525888061524,2.700175296020508,250.8592529296875,249.983154296875,159.10072326660156,157.81007385253906,False
359,11.966666666666667,0.854436993598938,27.764210011810064,26,unknown,152.54233343031714,STOPPED,False,,0.392125257771708,,,22.579274589944504,8.29123508605957,2.7637450286865235,251.01344299316406,251.29696655273438,159.10072326660156,157.8292694091797,False
360,12.0,0.8494014739990234,27.177903917618096,26,unknown,152.54233343031714,STOPPED,False,,0.392125257771708,,,22.579274589944504,8.29123508605957,2.7637450286865235,251.207763671875,252.2174072265625,159.10072326660156,158.14883422851562,False
361,12.033333333333333,0.8428370952606201,27.042791014537215,26,unknown,152.54233343031714,STOPPED,False,,0.392125257771708,,,22.579274589944504,8.2605587310791,2.753519577026367,251.46981811523438,254.00950622558594,159.10072326660156,158.19235229492188,False
362,12.066666666666666,0.837246835231781,27.823911048471928,26,unknown,152.54233343031714,STOPPED,False,,0.392125257771708,,,22.579274589944504,7.902746106480576,2.143566860961914,251.96041870117188,254.32022094726562,159.10072326660156,158.15811157226562,False
363,12.1,0.8299304246902466,27.917206985875964,26,unknown,152.54233343031714,STOPPED,False,,0.392125257771708,,,22.579274589944504,7.902746106480576,1.7825315002441404,252.21470642089844,253.6147918701172,159.10072326660156,158.27761840820312,False
364,12.133333333333333,0.839310884475708,28.22202502284199,26,unknown,152.54233343031714,STOPPED,False,,0.392125257771708,,,22.579274589944504,7.902746106480576,1.8336700698852537,252.6077880859375,253.2376251220703,159.10072326660156,158.1671142578125,False
365,12.166666666666666,0.8335483074188232,28.313481016084552,26,unknown,152.54233343031714,STOPPED,False,,0.392125257771708,,,22.579274589944504,7.902746106480576,1.931105955505371,252.6077880859375,252.03628540039062,159.10072326660156,157.7939453125,False
366,12.2,0.8319904208183289,27.096742996945977,26,unknown,152.54233343031714,STOPPED,False,,0.392125257771708,,,22.579274589944504,7.902746106480576,2.005285725402832,252.6077880859375,251.31991577148438,159.10072326660156,157.56124877929688,False
367,12.233333333333333,0.8373891115188599,26.712941005825996,26,unknown,152.54233343031714,STOPPED,False,,0.392125257771708,,,22.579274589944504,7.902746106480576,1.952450454711914,252.6077880859375,250.83981323242188,159.10072326660156,157.22482299804688,False
368,12.266666666666667,0.8466038703918457,28.16818398423493,26,unknown,152.54233343031714,STOPPED,False,,0.392125257771708,,,22.579274589944504,7.902746106480576,1.7559046051025389,252.6077880859375,250.05923461914062,159.10072326660156,156.74099731445312,False
369,12.3,0.8684855699539185,27.186729945242405,26,unknown,152.54233343031714,STOPPED,False,,0.392125257771708,,,22.579274589944504,7.902746106480576,1.7559046051025389,252.6077880859375,248.9385986328125,159.10072326660156,156.44448852539062,False
370,12.333333333333334,0.8545658588409424,26.715270010754466,26,unknown,152.54233343031714,STOPPED,False,,0.392125257771708,,,22.579274589944504,7.902746106480576,1.8714838806152343,252.6077880859375,247.50772094726562,159.10072326660156,155.46725463867188,False
371,12.366666666666667,0.8436136841773987,27.855067048221827,26,unknown,152.54233343031714,STOPPED,False,,0.392125257771708,,,22.579274589944504,7.902746106480576,1.7664693969726561,252.6077880859375,247.24368286132812,159.10072326660156,154.63009643554688,False
372,12.4,0.8533201217651367,27.443096973001957,26,unknown,152.54233343031714,STOPPED,False,,0.392125257771708,,,22.579274589944504,7.902746106480576,1.8690858764648437,252.6077880859375,247.7083740234375,159.10072326660156,154.14984130859375,False
373,12.433333333333334,0.8684972524642944,26.71783196274191,26,unknown,152.54233343031714,STOPPED,False,,0.392125257771708,,,22.579274589944504,7.902746106480576,1.9067639511108396,252.6077880859375,247.686279296875,159.10072326660156,154.04098510742188,False
374,12.466666666666667,0.8867340087890625,27.88102102931589,26,unknown,152.54233343031714,STOPPED,False,,0.392125257771708,,,22.579274589944504,7.902746106480576,1.9143538604736328,252.6077880859375,246.84881591796875,159.10072326660156,154.01617431640625,False
375,12.5,0.854223370552063,27.025326970033348,26,unknown,152.54233343031714,STOPPED,False,,0.392125257771708,,,22.579274589944504,7.902746106480576,1.9143538604736328,252.6077880859375,246.56890869140625,159.10072326660156,153.5854034423828,False
376,12.533333333333333,0.8781928420066833,26.700378046371043,26,unknown,152.54233343031714,STOPPED,False,,0.392125257771708,,,22.579274589944504,7.902746106480576,1.9143538604736328,252.6077880859375,246.10205078125,159.10072326660156,153.05126953125,False
377,12.566666666666666,0.8865525722503662,27.89399994071573,26,unknown,152.54233343031714,STOPPED,False,,0.392125257771708,,,22.579274589944504,7.902746106480576,1.9143538604736328,252.6077880859375,245.71282958984375,159.10072326660156,152.87454223632812,False
378,12.6,0.8879188895225525,27.204078040085733,26,unknown,152.54233343031714,STOPPED,False,,0.392125257771708,,,22.579274589944504,7.902746106480576,1.9143538604736328,252.6077880859375,245.85659790039062,159.10072326660156,152.61167907714844,False
379,12.633333333333333,0.8797726035118103,26.632945984601974,26,unknown,152.54233343031714,STOPPED,False,,0.392125257771708,,,22.579274589944504,7.902746106480576,1.9143538604736328,252.6077880859375,246.19631958007812,159.10072326660156,152.68553161621094,False
380,12.666666666666666,0.8745945692062378,28.054836089722812,26,unknown,152.54233343031714,STOPPED,False,,0.392125257771708,,,22.579274589944504,7.902746106480576,1.9143538604736328,252.6077880859375,246.5999298095703,159.10072326660156,152.81631469726562,False
381,12.7,0.8890543580055237,26.984835043549538,26,unknown,152.54233343031714,STOPPED,False,,0.392125257771708,,,22.579274589944504,7.902746106480576,1.9143538604736328,252.6077880859375,247.17372131347656,159.10072326660156,153.14068603515625,False
382,12.733333333333333,0.8867843747138977,26.585052022710443,26,unknown,152.54233343031714,STOPPED,False,,0.392125257771708,,,22.579274589944504,7.902746106480576,1.9143538604736328,252.6077880859375,247.37017822265625,159.10072326660156,153.16140747070312,False
383,12.766666666666667,0.871233344078064,27.83917309716344,26,unknown,152.54233343031714,STOPPED,False,,0.392125257771708,,,22.579274589944504,7.902746106480576,1.9478580505371093,252.6077880859375,248.22584533691406,159.10072326660156,153.057861328125,False
384,12.8,0.9046667218208313,26.983949937857687,26,unknown,152.54233343031714,STOPPED,False,,0.392125257771708,,,22.579274589944504,7.902746106480576,1.9818825622558593,252.6077880859375,248.06158447265625,158.855712890625,153.0067901611328,False
385,12.833333333333334,0.9001448750495911,26.592350914143026,26,unknown,152.54233343031714,STOPPED,False,,0.392125257771708,,,22.579274589944504,7.902746106480576,2.3749742614746094,252.6077880859375,248.1726531982422,158.69869995117188,153.2571563720703,False
386,12.866666666666667,0.876860499382019,28.58081995509565,26,unknown,152.54233343031714,STOPPED,False,,0.392125257771708,,,22.579274589944504,7.902746106480576,2.3749742614746094,252.6077880859375,248.3832550048828,158.677734375,153.90646362304688,False
387,12.9,0.8968603610992432,27.122572995722294,26,unknown,152.54233343031714,STOPPED,False,,0.392125257771708,,,22.579274589944504,7.902746106480576,2.3720106903076172,252.6077880859375,248.41522216796875,158.63812255859375,154.23089599609375,False
389,12.966666666666667,0.8813910484313965,28.07115006726235,26,unknown,152.54233343031714,STOPPED,False,,0.392125257771708,,,22.579274589944504,7.902746106480576,2.3749742614746094,252.6077880859375,247.9109344482422,158.5859832763672,154.0628662109375,False
390,13.0,0.9012646079063416,27.19015092588961,26,unknown,152.54233343031714,STOPPED,False,,0.392125257771708,,,22.579274589944504,7.902746106480576,2.605386264038086,252.6077880859375,247.75711059570312,158.55755615234375,153.99815368652344,False
391,13.033333333333333,0.8807234168052673,26.798851904459298,26,unknown,152.54233343031714,STOPPED,False,,0.392125257771708,,,22.579274589944504,8.052746786499023,2.6842489288330076,252.6077880859375,247.90184020996094,158.45834350585938,154.5404052734375,False
392,13.066666666666666,0.8783060908317566,27.668916969560087,26,unknown,152.54233343031714,STOPPED,False,,0.392125257771708,,,22.579274589944504,8.546758264160156,2.8489194213867184,252.6077880859375,247.60031127929688,158.24351501464844,154.28086853027344,False
393,13.1,0.8707023859024048,27.348548057489097,26,unknown,152.54233343031714,STOPPED,False,,0.392125257771708,,,22.579274589944504,8.546758264160156,2.8489194213867184,252.6077880859375,248.07095336914062,158.18963623046875,154.46112060546875,False
394,13.133333333333333,0.8914772868156433,26.710491976700723,26,unknown,152.54233343031714,STOPPED,False,,0.392125257771708,,,22.579274589944504,8.136292346191407,2.7120974487304688,252.6077880859375,248.52157592773438,158.1781768798828,154.4520263671875,False
395,13.166666666666666,0.8807745575904846,27.944784029386938,26,unknown,152.54233343031714,STOPPED,False,,0.392125257771708,,,22.579274589944504,7.902746106480576,2.1118724853515625,252.21470642089844,248.78909301757812,158.16351318359375,154.4189453125,False
396,13.2,0.8645604848861694,26.97234903462231,26,unknown,152.54233343031714,STOPPED,False,,0.392125257771708,,,22.579274589944504,7.902746106480576,2.0871685180664064,252.14495849609375,248.90585327148438,158.15440368652344,154.5863037109375,False
397,13.233333333333333,0.8755428791046143,26.970698963850737,26,unknown,152.54233343031714,STOPPED,False,,0.392125257771708,,,22.579274589944504,7.902746106480576,2.030770175170898,252.14495849609375,248.7679443359375,158.02101135253906,154.7784423828125,False
398,13.266666666666667,0.8716011643409729,28.424322954379022,26,unknown,152.54233343031714,STOPPED,False,,0.392125257771708,,,22.579274589944504,7.902746106480576,1.8676267135620117,252.14495849609375,248.3804931640625,158.02101135253906,155.01852416992188,False
399,13.3,0.8850091099739075,27.442379971034825,26,unknown,152.54233343031714,STOPPED,False,,0.392125257771708,,,22.579274589944504,7.902746106480576,1.6670653381347655,252.14495849609375,248.44747924804688,158.02101135253906,154.93109130859375,False
400,13.333333333333334,0.8583291172981262,26.985527016222477,26,unknown,152.54233343031714,STOPPED,False,,0.392125257771708,,,22.579274589944504,7.902746106480576,1.4713339050292968,252.14495849609375,248.800537109375,158.02101135253906,154.9898681640625,False
401,13.366666666666667,0.8785607814788818,27.89062703959644,26,unknown,152.54233343031714,STOPPED,False,,0.392125257771708,,,22.579274589944504,7.902746106480576,1.3007362701416014,252.14495849609375,248.44747924804688,158.02101135253906,154.94540405273438,False
402,13.4,0.8414584398269653,27.17894606757909,26,unknown,152.54233343031714,STOPPED,False,,0.392125257771708,,,22.579274589944504,7.902746106480576,1.1683709655761718,252.14495849609375,248.78659057617188,158.02101135253906,155.35003662109375,False
403,13.433333333333334,0.8632699847221375,26.797211030498147,26,unknown,152.54233343031714,STOPPED,False,,0.392125257771708,,,22.579274589944504,7.902746106480576,1.0882640533447265,252.14495849609375,248.81304931640625,158.02101135253906,155.86407470703125,False
404,13.466666666666667,0.8486050367355347,27.877382934093475,26,unknown,152.54233343031714,STOPPED,False,,0.392125257771708,,,22.579274589944504,7.902746106480576,1.0357568115234375,252.14495849609375,248.7333984375,158.02101135253906,156.03585815429688,False
405,13.5,0.8772979974746704,27.621539076790214,26,unknown,152.54233343031714,STOPPED,False,,0.392125257771708,,,22.579274589944504,7.902746106480576,0.8923403274536132,252.14495849609375,248.59120178222656,158.0068817138672,156.1527099609375,False
406,13.533333333333333,0.8728984594345093,26.96353301871568,26,unknown,152.54233343031714,STOPPED,False,,0.392125257771708,,,22.579274589944504,7.902746106480576,0.8758370819091796,251.74974060058594,248.7532958984375,157.70086669921875,156.36422729492188,False
407,13.566666666666666,0.8436009287834167,28.912038076668978,26,unknown,152.54233343031714,STOPPED,False,,0.392125257771708,,,22.579274589944504,7.902746106480576,0.8233524627685547,251.12786865234375,248.428466796875,157.4266815185547,156.68540954589844,False
408,13.6,0.8401573300361633,27.722841943614185,26,unknown,152.54233343031714,STOPPED,False,,0.392125257771708,,,22.579274589944504,7.902746106480576,0.82744716796875,250.527587890625,247.60984802246094,157.0312957763672,156.55247497558594,False
409,13.633333333333333,0.8520252704620361,27.412148076109588,26,unknown,152.54233343031714,STOPPED,False,,0.392125257771708,,,22.579274589944504,7.902746106480576,0.835071011352539,249.61097717285156,247.72012329101562,156.99029541015625,157.156494140625,False
410,13.666666666666666,0.8473718166351318,27.9741840204224,26,unknown,152.54233343031714,STOPPED,False,,0.392125257771708,,,22.579274589944504,7.902746106480576,0.8825786407470703,248.92550659179688,246.56639099121094,156.99029541015625,157.59906005859375,False
411,13.7,0.8572782278060913,27.31489995494485,26,unknown,152.54233343031714,STOPPED,False,,0.392125257771708,,,22.579274589944504,7.902746106480576,1.0116410339355468,248.8687286376953,246.58380126953125,156.99029541015625,158.51910400390625,False
412,13.733333333333333,0.815237283706665,26.99260099325329,26,unknown,152.54233343031714,STOPPED,False,,0.392125257771708,,,22.579274589944504,7.902746106480576,0.9960313842773437,248.80804443359375,247.9979248046875,156.99029541015625,158.76950073242188,False
413,13.766666666666667,0.8189765810966492,27.956361998803914,26,unknown,152.54233343031714,STOPPED,False,,0.392125257771708,,,22.579274589944504,7.902746106480576,0.879592446899414,248.79595947265625,247.65846252441406,156.99029541015625,158.80970764160156,False
414,13.8,0.8181791305541992,26.92636102437973,26,unknown,152.54233343031714,STOPPED,False,,0.392125257771708,,,22.579274589944504,7.902746106480576,0.9053370574951172,248.7880859375,247.17784118652344,157.42202758789062,158.8472900390625,False
415,13.833333333333334,0.811339795589447,27.22340007312596,26,unknown,152.54233343031714,STOPPED,False,,0.392125257771708,,,22.579274589944504,7.902746106480576,0.8089644378662109,248.7791290283203,247.3837890625,158.15109252929688,158.53140258789062,False
416,13.866666666666667,0.8138396143913269,28.335922048427165,26,unknown,152.54233343031714,STOPPED,False,,0.392125257771708,,,22.579274589944504,7.902746106480576,0.8089644378662109,248.7791290283203,247.4551544189453,158.41464233398438,158.2579345703125,False
417,13.9,0.8176407814025879,27.62521302793175,26,unknown,152.54233343031714,STOPPED,False,,0.392125257771708,,,22.579274589944504,7.902746106480576,0.8089644378662109,248.7791290283203,246.92706298828125,158.41464233398438,157.24107360839844,False
418,13.933333333333334,0.8001292943954468,27.112954994663596,26,unknown,152.54233343031714,STOPPED,False,,0.392125257771708,,,22.579274589944504,7.902746106480576,0.9188201751708984,248.7791290283203,246.60073852539062,158.41464233398438,156.9173583984375,False
419,13.966666666666667,0.7717829346656799,27.82251697499305,26,unknown,152.54233343031714,STOPPED,False,,0.392125257771708,,,22.579274589944504,7.902746106480576,1.0220474670410156,248.7791290283203,246.88845825195312,158.41464233398438,155.30474853515625,False
420,14.0,0.7659368515014648,27.0977180916816,26,unknown,152.54233343031714,STOPPED,False,,0.392125257771708,,,22.579274589944504,7.902746106480576,1.0220474670410156,248.7791290283203,246.8277587890625,158.41464233398438,154.18661499023438,False
421,14.033333333333333,0.7152688503265381,27.015294996090233,26,unknown,152.54233343031714,STOPPED,False,,0.392125257771708,,,22.579274589944504,7.902746106480576,1.0220474670410156,248.7791290283203,245.89569091796875,158.41464233398438,152.81704711914062,False
422,14.066666666666666,0.6923696994781494,27.83358294982463,26,unknown,152.54233343031714,STOPPED,False,,0.392125257771708,,,22.579274589944504,7.902746106480576,1.0220474670410156,248.7791290283203,245.2068328857422,158.41464233398438,151.82884216308594,False
423,14.1,0.6263655424118042,26.918497984297574,26,unknown,152.54233343031714,STOPPED,False,,0.392125257771708,,,22.579274589944504,7.902746106480576,1.0220474670410156,248.7791290283203,245.46450805664062,158.41464233398438,151.56800842285156,False
424,14.133333333333333,0.7041311264038086,26.843942003324628,26,unknown,152.54233343031714,STOPPED,False,,0.392125257771708,,,22.579274589944504,7.902746106480576,1.0220474670410156,248.7791290283203,247.08499145507812,158.41464233398438,151.79104614257812,False
425,14.166666666666666,0.7159219980239868,27.79835497494787,26,unknown,152.54233343031714,STOPPED,False,,0.392125257771708,,,22.579274589944504,7.902746106480576,1.0085643493652343,248.7880859375,248.83975219726562,158.41464233398438,152.8709716796875,False
426,14.2,0.725673496723175,27.04073500353843,26,unknown,152.54233343031714,STOPPED,False,,0.392125257771708,,,22.579274589944504,7.902746106480576,0.9306970825195312,248.79595947265625,250.28207397460938,158.41464233398438,153.9968719482422,False
427,14.233333333333333,0.7717794179916382,26.670621009543538,26,unknown,152.54233343031714,STOPPED,False,,0.392125257771708,,,22.579274589944504,7.902746106480576,1.004899475097656,248.80804443359375,252.66030883789062,158.41464233398438,156.310302734375,False
428,14.266666666666667,0.7657199501991272,27.879129047505558,26,unknown,152.54233343031714,STOPPED,False,,0.392125257771708,,,22.579274589944504,7.902746106480576,1.0116410339355468,248.82907104492188,254.20516967773438,158.41464233398438,157.89694213867188,False
429,14.3,0.7941456437110901,26.936643989756703,26,unknown,152.54233343031714,STOPPED,False,,0.392125257771708,,,22.579274589944504,7.902746106480576,1.0187898010253906,248.87940979003906,260.50933837890625,158.5264892578125,162.76634216308594,False
430,14.333333333333334,0.8235846757888794,28.97347090765834,26,unknown,152.54233343031714,STOPPED,False,,0.392125257771708,,,22.579274589944504,7.902746106480576,0.9139336761474609,249.73158264160156,265.2267761230469,158.67425537109375,166.49517822265625,False
431,14.366666666666667,0.8662533760070801,29.027314041741192,26,unknown,152.54233343031714,STOPPED,False,,0.392125257771708,,,22.579274589944504,7.902746106480576,0.9283217010498046,251.70901489257812,266.2685241699219,158.7936248779297,167.75601196289062,False
432,14.4,0.6694416403770447,27.533584041520953,26,unknown,152.54233343031714,STOPPED,False,,0.392125257771708,,,22.579274589944504,7.902746106480576,0.6472575164794921,253.58721923828125,266.34320068359375,158.83226013183594,167.17642211914062,False
433,14.433333333333334,0.8284357786178589,27.86407805979252,26,unknown,152.54233343031714,STOPPED,False,,0.392125257771708,,,22.579274589944504,25.015753070068357,8.338584356689452,257.9876708984375,260.64422607421875,161.19871520996094,163.06747436523438,False
434,14.466666666666667,0.8548412322998047,28.883442981168628,26,unknown,152.54233343031714,STOPPED,False,,0.392125257771708,,,22.579274589944504,25.481802914428705,8.493934304809569,257.9876708984375,252.15264892578125,161.19871520996094,155.58868408203125,False
435,14.5,0.6270660161972046,27.706286986358464,26,unknown,152.54233343031714,STOPPED,False,,0.392125257771708,,,22.579274589944504,25.481802914428705,8.493934304809569,257.9876708984375,243.30239868164062,161.19871520996094,147.9261474609375,False
437,14.566666666666666,0.7925933599472046,27.74392196442932,26,unknown,152.54233343031714,STOPPED,False,,0.392125257771708,,,22.579274589944504,25.481802914428705,8.493934304809569,257.9876708984375,233.75738525390625,161.19871520996094,139.07028198242188,False
438,14.6,0.7872205972671509,26.810297975316644,26,unknown,152.54233343031714,STOPPED,False,,0.392125257771708,,,22.579274589944504,25.481802914428705,8.493934304809569,257.9876708984375,226.96218872070312,161.19871520996094,134.0484619140625,True
439,14.633333333333333,0.7843557596206665,26.88129199668765,26,unknown,152.54233343031714,STOPPED,False,,0.392125257771708,,,22.579274589944504,25.481802914428705,8.493934304809569,257.9876708984375,224.5350341796875,161.19871520996094,132.64404296875,True
440,14.666666666666666,0.7761306762695312,26.930222986266017,26,unknown,152.54233343031714,STOPPED,False,,0.392125257771708,,,22.579274589944504,25.481802914428705,8.493934304809569,257.9876708984375,227.48663330078125,161.19871520996094,134.4073028564453,True
441,14.7,0.7864367365837097,26.912419009022415,26,unknown,152.54233343031714,STOPPED,False,,0.392125257771708,,,22.579274589944504,25.481802914428705,8.493934304809569,257.9876708984375,231.62814331054688,161.19871520996094,139.262451171875,True
442,14.733333333333333,0.7683315277099609,27.59171195793897,26,unknown,0.0,STOPPED,False,4.299999999999999,,33.45263671875,28.554672241210938,22.579274589944504,25.481802914428705,8.493934304809569,257.9876708984375,235.0452880859375,161.19871520996094,142.63368225097656,False
443,14.766666666666667,0.7719634175300598,29.582336894236505,26,unknown,0.0,STOPPED,False,,,,,22.579274589944504,25.481802914428705,8.493934304809569,257.9876708984375,242.91500854492188,161.19871520996094,148.79164123535156,False
444,14.8,0.8096920847892761,28.508218936622143,26,unknown,0.0,STOPPED,False,,,,,22.579274589944504,24.908462151288987,8.649284252929688,257.9876708984375,251.89654541015625,161.19871520996094,157.15133666992188,False
445,14.833333333333334,0.7875576019287109,27.561755967326462,26,unknown,0.0,STOPPED,False,,,,,22.579274589944504,22.998986334228515,7.6663287780761715,260.1365966796875,259.5775146484375,162.947021484375,164.23426818847656,False
446,14.866666666666667,0.8027690649032593,27.308236924000084,26,unknown,0.0,STOPPED,False,,,,,22.579274589944504,12.563392593383789,4.18779753112793,260.59027099609375,262.42578125,163.76754760742188,164.7999725341797,False
447,14.9,0.8435251712799072,28.374285087920725,26,unknown,0.0,STOPPED,False,,,,,22.579274589944504,19.112183569335937,6.3707278564453125,260.59027099609375,256.34722900390625,163.76754760742188,160.67433166503906,False
448,14.933333333333334,0.8232604265213013,27.783781057223678,26,unknown,0.0,STOPPED,False,,,,,22.579274589944504,19.112183569335937,6.3707278564453125,260.59027099609375,251.19834899902344,163.76754760742188,157.43756103515625,False
449,14.966666666666667,0.7855870127677917,27.195372036658227,26,unknown,0.0,STOPPED,False,,,,,22.579274589944504,19.112183569335937,6.3707278564453125,260.59027099609375,246.56346130371094,163.76754760742188,150.89122009277344,False
450,15.0,0.8278909921646118,28.147306060418487,26,unknown,0.0,STOPPED,False,,,,,22.579274589944504,19.112183569335937,6.3707278564453125,260.59027099609375,238.07241821289062,163.76754760742188,143.943359375,True
451,15.033333333333333,0.8025025129318237,27.846818091347814,26,unknown,0.0,STOPPED,False,,,,,22.579274589944504,19.112183569335937,6.3707278564453125,260.59027099609375,231.40646362304688,163.76754760742188,138.921875,True
452,15.066666666666666,0.7744146585464478,26.751206954941154,26,unknown,0.0,STOPPED,False,,,,,22.579274589944504,19.112183569335937,6.3707278564453125,260.59027099609375,228.16329956054688,163.76754760742188,136.81610107421875,True
453,15.1,0.8178221583366394,27.6847219793126,26,unknown,0.0,STOPPED,False,,,,,22.579274589944504,19.112183569335937,6.3707278564453125,260.59027099609375,229.04171752929688,163.76754760742188,138.59609985351562,True
454,15.133333333333333,0.7632240056991577,27.021076064556837,26,unknown,0.0,STOPPED,False,,,,,22.579274589944504,19.112183569335937,6.3707278564453125,260.59027099609375,230.3428955078125,163.76754760742188,139.08370971679688,True
455,15.166666666666666,0.7894601821899414,26.87790896743536,26,unknown,0.0,STOPPED,False,,,,,22.579274589944504,19.112183569335937,6.3707278564453125,260.59027099609375,236.52239990234375,163.76754760742188,143.51870727539062,True
456,15.2,0.8141767382621765,27.95439399778843,26,unknown,0.0,JUMPING,True,,,32.426971435546875,26.951446533203125,25.041198801345097,19.112183569335937,6.3707278564453125,260.59027099609375,243.27574157714844,163.76754760742188,150.79759216308594,False
457,15.233333333333333,0.8332045674324036,26.941791060380638,26,unknown,0.0,JUMPING,False,,,,,25.041198801345097,19.747224838256834,6.582408279418945,260.59027099609375,255.76296997070312,163.76754760742188,160.44921875,False
458,15.266666666666667,0.819913923740387,26.986786047928035,26,unknown,0.0,JUMPING,False,,,,,25.041198801345097,19.112183569335937,6.3707278564453125,261.7131652832031,262.48248291015625,164.5736846923828,166.03628540039062,False
459,15.3,0.788320779800415,28.128859004937112,26,unknown,0.0,JUMPING,False,,,,,25.041198801345097,12.668520190429687,4.222840063476562,262.4598083496094,265.69256591796875,165.54176330566406,168.5058135986328,False
460,15.333333333333334,0.8008831739425659,27.557073044590652,26,unknown,0.0,JUMPING,False,,,,,25.041198801345097,10.341528634643554,3.4471762115478515,263.8900451660156,264.82843017578125,165.54176330566406,164.1875,False
461,15.366666666666667,0.7996489405632019,26.818283018656075,26,unknown,0.0,JUMPING,False,,,,,25.041198801345097,12.206067352294921,4.06868911743164,263.8900451660156,257.2367248535156,165.54176330566406,156.8486328125,False
462,15.4,0.7948952913284302,27.85467798821628,26,unknown,0.0,JUMPING,False,,,,,25.041198801345097,12.206067352294921,4.06868911743164,263.8900451660156,252.58154296875,165.54176330566406,152.2193603515625,False
463,15.433333333333334,0.8487594127655029,26.9398030359298,26,unknown,0.0,JUMPING,False,,,,,25.041198801345097,12.206067352294921,4.06868911743164,263.8900451660156,245.66891479492188,165.54176330566406,146.7241973876953,True
464,15.466666666666667,0.7961517572402954,26.879015029408038,26,unknown,0.0,JUMPING,False,,,,,25.041198801345097,12.206067352294921,4.06868911743164,263.8900451660156,238.1295623779297,165.54176330566406,142.41067504882812,True
465,15.5,0.7983596324920654,27.681499952450395,26,unknown,0.0,JUMPING,False,,,,,25.041198801345097,12.206067352294921,4.06868911743164,263.8900451660156,234.2757568359375,165.54176330566406,140.00625610351562,True
466,15.533333333333333,0.7925187349319458,27.061811997555196,26,unknown,0.0,JUMPING,False,,,,,25.041198801345097,12.206067352294921,4.06868911743164,263.8900451660156,233.06021118164062,165.54176330566406,140.39878845214844,True
467,15.566666666666666,0.8200821876525879,27.144918916746974,26,unknown,0.0,JUMPING,False,,,,,25.041198801345097,12.206067352294921,4.06868911743164,263.8900451660156,235.74449157714844,165.54176330566406,143.76986694335938,True
468,15.6,0.8295884132385254,27.94714004267007,26,unknown,0.0,JUMPING,False,,,,,25.041198801345097,12.206067352294921,4.06868911743164,263.8900451660156,237.82192993164062,165.54176330566406,146.31285095214844,True
469,15.633333333333333,0.8101804256439209,27.198355994187295,26,unknown,0.0,JUMPING,False,,,,,25.041198801345097,12.206067352294921,4.06868911743164,263.8900451660156,244.59933471679688,165.54176330566406,152.92083740234375,True
470,15.666666666666666,0.757239580154419,26.82564000133425,27,unknown,128.571288439845,JUMPING,True,0.4666666666666668,0.4666666666666668,30.829833984375,25.535507202148438,26.48835759710257,12.206067352294921,4.06868911743164,263.8900451660156,254.2318878173828,165.54176330566406,160.08859252929688,False
471,15.7,0.7627884149551392,27.688230969943106,27,unknown,128.571288439845,JUMPING,False,,0.4666666666666668,,,26.48835759710257,12.563392593383789,4.18779753112793,263.8900451660156,259.536865234375,165.98373413085938,165.9049072265625,False
472,15.733333333333333,0.7805087566375732,27.02641801442951,27,unknown,128.571288439845,JUMPING,False,,0.4666666666666668,,,26.48835759710257,12.206067352294921,4.06868911743164,264.5787658691406,264.20428466796875,166.31161499023438,169.2608642578125,False
473,15.766666666666667,0.8033183813095093,26.716148015111685,27,unknown,128.571288439845,JUMPING,False,,0.4666666666666668,,,26.48835759710257,9.270925158985898,2.6368091674804686,265.06744384765625,265.4462890625,166.9039306640625,170.16957092285156,False
474,15.8,0.803708553314209,27.788172010332346,27,unknown,128.571288439845,JUMPING,False,,0.4666666666666668,,,26.48835759710257,9.270925158985898,2.6531201202392576,265.1510925292969,265.03753662109375,167.524169921875,169.19662475585938,False
475,15.833333333333334,0.814458966255188,27.117787045426667,27,unknown,128.571288439845,JUMPING,False,,0.4666666666666668,,,26.48835759710257,9.270925158985898,2.6531201202392576,265.1510925292969,262.61053466796875,167.524169921875,166.9536895751953,False
476,15.866666666666667,0.7880311012268066,27.014305000193417,27,unknown,128.571288439845,JUMPING,False,,0.4666666666666668,,,26.48835759710257,9.616222869873045,3.2054076232910154,264.9538879394531,258.93853759765625,167.524169921875,164.490966796875,False
477,15.9,0.8125725984573364,27.833336032927036,27,unknown,128.571288439845,JUMPING,False,,0.4666666666666668,,,26.48835759710257,12.920717834472654,4.306905944824218,264.5787658691406,258.74627685546875,167.0873260498047,162.38583374023438,False
478,15.933333333333334,0.8147521615028381,27.185049024410546,27,unknown,128.571288439845,JUMPING,False,,0.4666666666666668,,,26.48835759710257,12.138063574218748,4.04602119140625,263.5667724609375,257.6869201660156,166.58673095703125,161.15924072265625,False
479,15.966666666666667,0.8434280753135681,26.626024045981467,27,unknown,128.571288439845,JUMPING,False,,0.4666666666666668,,,26.48835759710257,12.849320654296873,4.283106884765624,263.5667724609375,254.88853454589844,166.58673095703125,160.1292724609375,False
480,16.0,0.8326835632324219,27.50700304750353,27,unknown,128.571288439845,JUMPING,False,,0.4666666666666668,,,26.48835759710257,12.849320654296873,4.283106884765624,263.5667724609375,253.47613525390625,166.58673095703125,159.81912231445312,False
481,16.033333333333335,0.9057791829109192,27.103933971375227,27,unknown,128.571288439845,JUMPING,False,,0.4666666666666668,,,26.48835759710257,12.849320654296873,4.283106884765624,263.5667724609375,252.38201904296875,166.58673095703125,160.54647827148438,False
482,16.066666666666666,0.8624638915061951,27.025377959944308,27,unknown,128.571288439845,JUMPING,False,,0.4666666666666668,,,26.48835759710257,12.849320654296873,4.283106884765624,263.5667724609375,252.03399658203125,166.58673095703125,161.3785858154297,False
483,16.1,0.8491770029067993,27.802291908301413,27,unknown,128.571288439845,JUMPING,False,,0.4666666666666668,,,26.48835759710257,12.849320654296873,4.283106884765624,263.5667724609375,252.702392578125,166.58673095703125,161.32435607910156,False
484,16.133333333333333,0.8643559217453003,27.152749011293054,27,unknown,128.571288439845,JUMPING,False,,0.4666666666666668,,,26.48835759710257,12.885019244384765,4.295006414794922,263.5667724609375,252.01426696777344,166.58673095703125,161.02911376953125,False
485,16.166666666666668,0.8426836133003235,26.829926064237952,27,unknown,128.571288439845,JUMPING,False,,0.4666666666666668,,,26.48835759710257,12.885019244384765,4.295006414794922,263.5667724609375,251.8813018798828,166.58673095703125,160.7855224609375,False
486,16.2,0.853624701499939,27.65109098982066,27,unknown,128.571288439845,JUMPING,False,,0.4666666666666668,,,26.48835759710257,12.885019244384765,4.295006414794922,263.5667724609375,251.6834716796875,166.58673095703125,160.72219848632812,False
487,16.233333333333334,0.8265496492385864,27.06851193215698,27,unknown,128.571288439845,JUMPING,False,,0.4666666666666668,,,26.48835759710257,12.885019244384765,4.295006414794922,263.5667724609375,250.8367156982422,166.58673095703125,160.4591522216797,False
488,16.266666666666666,0.8297685384750366,26.649056002497673,27,unknown,128.571288439845,JUMPING,False,,0.4666666666666668,,,26.48835759710257,12.885019244384765,4.295006414794922,263.5667724609375,249.72140502929688,166.58673095703125,160.36770629882812,True
489,16.3,0.8455113172531128,27.949473005719483,27,unknown,128.571288439845,JUMPING,False,,0.4666666666666668,,,26.48835759710257,12.885019244384765,4.295006414794922,263.5667724609375,249.63552856445312,166.58673095703125,160.59390258789062,True
490,16.333333333333332,0.833446204662323,26.89483400899917,27,unknown,128.571288439845,JUMPING,False,,0.4666666666666668,,,26.48835759710257,13.101518298339844,4.367172766113281,263.5667724609375,249.17047119140625,166.58673095703125,160.08737182617188,True
491,16.366666666666667,0.8212264776229858,26.852967916056514,27,unknown,128.571288439845,JUMPING,False,,0.4666666666666668,,,26.48835759710257,13.141967651367187,4.380655883789062,263.5667724609375,249.5283966064453,166.58673095703125,160.20953369140625,True
492,16.4,0.8180270791053772,27.77849300764501,27,unknown,128.571288439845,JUMPING,False,,0.4666666666666668,,,26.48835759710257,13.141967651367187,4.380655883789062,263.5667724609375,249.39566040039062,166.58673095703125,160.14395141601562,True
493,16.433333333333334,0.8012893795967102,27.027389965951443,27,unknown,128.571288439845,JUMPING,False,,0.4666666666666668,,,26.48835759710257,13.141967651367187,4.380655883789062,263.5667724609375,250.408203125,166.58673095703125,160.29611206054688,True
494,16.466666666666665,0.8405811190605164,26.87817602418363,28,unknown,94.73678979850128,JUMPING,True,0.7999999999999989,0.5399999999999998,14.39630126953125,6.499359130859375,23.46534351520974,13.141967651367187,4.380655883789062,263.5667724609375,250.6449737548828,166.58673095703125,160.39056396484375,False
495,16.5,0.8253090381622314,28.087849961593747,28,unknown,94.73678979850128,JUMPING,False,,0.5399999999999998,,,23.46534351520974,13.141967651367187,4.380655883789062,263.5667724609375,250.98577880859375,166.58673095703125,160.4058074951172,False
496,16.533333333333335,0.8330098986625671,27.21829595975578,28,unknown,94.73678979850128,JUMPING,False,,0.5399999999999998,,,23.46534351520974,13.141967651367187,4.380655883789062,263.5667724609375,250.77638244628906,166.58673095703125,160.6890869140625,False
497,16.566666666666666,0.8044934272766113,26.847991975955665,28,unknown,94.73678979850128,JUMPING,False,,0.5399999999999998,,,23.46534351520974,13.141967651367187,4.380655883789062,263.5667724609375,251.46267700195312,166.58673095703125,160.73672485351562,False
498,16.6,0.8208265900611877,27.704612002708018,28,unknown,94.73678979850128,JUMPING,False,,0.5399999999999998,,,23.46534351520974,13.141967651367187,4.380655883789062,263.5667724609375,252.8575439453125,166.58673095703125,160.88201904296875,False
499,16.633333333333333,0.8171078562736511,27.835723012685776,28,unknown,94.73678979850128,JUMPING,False,,0.5399999999999998,,,23.46534351520974,12.612868395996092,4.204289465332031,263.5667724609375,252.77801513671875,166.58673095703125,160.09808349609375,False
500,16.666666666666668,0.8143364191055298,26.99173497967422,28,unknown,94.73678979850128,JUMPING,False,,0.5399999999999998,,,23.46534351520974,12.612868395996092,4.204289465332031,263.5667724609375,252.671630859375,166.58673095703125,159.89529418945312,False
501,16.7,0.8055092096328735,27.79445901978761,28,unknown,94.73678979850128,JUMPING,False,,0.5399999999999998,,,23.46534351520974,12.612868395996092,4.204289465332031,263.5667724609375,252.50714111328125,166.58673095703125,159.87802124023438,False
502,16.733333333333334,0.8176543116569519,27.072307071648538,28,unknown,94.73678979850128,JUMPING,False,,0.5399999999999998,,,23.46534351520974,12.612868395996092,4.204289465332031,263.5667724609375,252.58712768554688,166.58673095703125,159.69915771484375,False
503,16.766666666666666,0.7881482839584351,28.993075946345925,28,unknown,94.73678979850128,JUMPING,False,,0.5399999999999998,,,23.46534351520974,9.616222869873045,3.2054076232910154,263.5667724609375,254.1383056640625,166.5341796875,159.1510009765625,False
504,16.8,0.7808031439781189,30.016471981070936,28,unknown,94.73678979850128,JUMPING,False,,0.5399999999999998,,,23.46534351520974,14.493966915893553,4.831322305297851,261.3810729980469,253.58885192871094,165.33932495117188,159.37774658203125,False
505,16.833333333333332,0.7994170784950256,27.39319996908307,28,unknown,94.73678979850128,JUMPING,False,,0.5399999999999998,,,23.46534351520974,15.783527581787109,5.261175860595703,259.29754638671875,253.47146606445312,165.33932495117188,159.69227600097656,False
506,16.866666666666667,0.7720958590507507,27.07214606925845,28,unknown,94.73678979850128,JUMPING,False,,0.5399999999999998,,,23.46534351520974,17.271602270507813,5.757200756835937,259.29754638671875,253.80374145507812,165.33932495117188,159.93991088867188,False
507,16.9,0.7501532435417175,27.601395035162568,28,unknown,94.73678979850128,JUMPING,False,,0.5399999999999998,,,23.46534351520974,17.271602270507813,5.757200756835937,259.29754638671875,252.84420776367188,165.33932495117188,160.15394592285156,False
508,16.933333333333334,0.7745119333267212,26.771039003506303,28,unknown,94.73678979850128,JUMPING,False,,0.5399999999999998,,,23.46534351520974,17.271602270507813,5.757200756835937,259.29754638671875,252.46669006347656,165.33932495117188,160.06488037109375,False
509,16.966666666666665,0.7599804401397705,26.77769004367292,28,unknown,94.73678979850128,JUMPING,False,,0.5399999999999998,,,23.46534351520974,17.271602270507813,5.757200756835937,259.29754638671875,252.21197509765625,165.33932495117188,160.0267333984375,False
510,17.0,0.7474927306175232,29.14475603029132,28,unknown,94.73678979850128,JUMPING,False,,0.5399999999999998,,,23.46534351520974,17.271602270507813,5.757200756835937,259.29754638671875,251.59426879882812,165.33932495117188,160.11221313476562,False
511,17.033333333333335,0.7638387680053711,27.346296003088355,28,unknown,94.73678979850128,JUMPING,False,,0.5399999999999998,,,23.46534351520974,17.271602270507813,5.757200756835937,259.29754638671875,251.08297729492188,165.33932495117188,160.25576782226562,False
512,17.066666666666666,0.7701738476753235,26.56851289793849,28,unknown,94.73678979850128,JUMPING,False,,0.5399999999999998,,,23.46534351520974,17.271602270507813,5.757200756835937,259.29754638671875,252.52203369140625,165.33932495117188,159.96209716796875,False
513,17.1,0.7692830562591553,28.25989795383066,28,unknown,94.73678979850128,JUMPING,False,,0.5399999999999998,,,23.46534351520974,11.89716595916748,3.96572198638916,259.29754638671875,254.0620574951172,165.33932495117188,160.08963012695312,False
514,17.133333333333333,0.7343124151229858,26.861276011914015,28,unknown,94.73678979850128,JUMPING,False,,0.5399999999999998,,,23.46534351520974,8.212870230323409,2.10094573059082,259.29754638671875,254.88059997558594,165.33932495117188,160.22616577148438,False
515,17.166666666666668,0.803063154220581,26.680391980335116,28,unknown,94.73678979850128,JUMPING,False,,0.5399999999999998,,,23.46534351520974,8.212870230323409,2.10094573059082,259.29754638671875,254.8627471923828,165.33932495117188,160.91702270507812,False
516,17.2,0.7425487041473389,27.57095906417817,28,unknown,94.73678979850128,JUMPING,False,,0.5399999999999998,,,23.46534351520974,8.212870230323409,2.0822593963623044,258.86163330078125,253.52732849121094,163.64891052246094,161.26126098632812,False
517,17.233333333333334,0.8016502857208252,26.770642027258873,28,unknown,94.73678979850128,JUMPING,False,,0.5399999999999998,,,23.46534351520974,8.212870230323409,1.5816647186279296,258.3225402832031,255.08779907226562,162.0890655517578,161.64390563964844,False
518,17.266666666666666,0.7826881408691406,26.510538067668676,28,unknown,94.73678979850128,JUMPING,False,,0.5399999999999998,,,23.46534351520974,8.212870230323409,1.427988848876953,257.1974182128906,256.46319580078125,161.7321014404297,161.7908935546875,False
519,17.3,0.8396376967430115,27.714414056390524,28,unknown,94.73678979850128,JUMPING,False,,0.5399999999999998,,,23.46534351520974,8.212870230323409,1.5717559844970703,256.685546875,256.83380126953125,161.7321014404297,161.89926147460938,False
520,17.333333333333332,0.8015936613082886,26.824034983292222,28,unknown,94.73678979850128,JUMPING,False,,0.5399999999999998,,,23.46534351520974,8.212870230323409,1.5717559844970703,255.9130401611328,253.6432342529297,161.53778076171875,160.9653778076172,False
521,17.366666666666667,0.790596604347229,26.55237994622439,28,unknown,94.73678979850128,JUMPING,False,,0.5399999999999998,,,23.46534351520974,8.212870230323409,1.9002599304199217,255.00808715820312,249.87156677246094,161.3568878173828,159.84402465820312,False
522,17.4,0.7781504988670349,27.585207019001245,28,unknown,94.73678979850128,JUMPING,False,,0.5399999999999998,,,23.46534351520974,8.212870230323409,1.7923158096313476,254.88536071777344,247.54714965820312,161.2991180419922,159.3132781982422,False
523,17.433333333333334,0.8006859421730042,27.021198999136686,28,unknown,94.73678979850128,JUMPING,False,,0.5399999999999998,,,23.46534351520974,8.212870230323409,1.6843716888427733,254.8734588623047,246.58932495117188,161.2991180419922,158.67160034179688,True
524,17.466666666666665,0.8106462955474854,26.801241911016405,28,unknown,0.0,JUMPING,False,1.0,,8.07763671875,2.8832855224609375,23.46534351520974,8.212870230323409,1.6740557464599608,254.57296752929688,246.49533081054688,161.2991180419922,158.41583251953125,False
525,17.5,0.8324790000915527,27.38898794632405,28,unknown,94.73678979850128,JUMPING,False,,0.5399999999999998,,,23.46534351520974,8.212870230323409,1.8979184829711913,254.57296752929688,248.60684204101562,161.2991180419922,158.53451538085938,False
526,17.533333333333335,0.8288925886154175,26.91820403560996,28,unknown,94.73678979850128,JUMPING,False,,0.5399999999999998,,,23.46534351520974,8.212870230323409,1.9699717208862304,254.57296752929688,249.68356323242188,161.2991180419922,158.95266723632812,False
527,17.566666666666666,0.8113034963607788,26.577851036563516,28,unknown,94.73678979850128,JUMPING,False,,0.5399999999999998,,,23.46534351520974,8.212870230323409,2.088955709838867,254.57296752929688,249.79574584960938,161.16839599609375,159.05816650390625,False
528,17.6,0.8182709217071533,27.934420970268548,28,unknown,94.73678979850128,JUMPING,False,,0.5399999999999998,,,23.46534351520974,8.212870230323409,2.182296890258789,254.57296752929688,249.91262817382812,161.0036163330078,159.03903198242188,False
529,17.633333333333333,0.8556982278823853,26.838605059310794,28,unknown,94.73678979850128,JUMPING,False,,0.5399999999999998,,,23.46534351520974,8.212870230323409,2.2575173034667966,254.57296752929688,250.5435028076172,160.94602966308594,158.83551025390625,False
530,17.666666666666668,0.8075422048568726,26.973302010446787,28,unknown,94.73678979850128,JUMPING,False,,0.5399999999999998,,,23.46534351520974,8.212870230323409,2.387529849243164,254.57296752929688,249.3820037841797,160.94602966308594,159.29244995117188,False
531,17.7,0.8367295861244202,27.948557981289923,28,unknown,94.73678979850128,JUMPING,False,,0.5399999999999998,,,23.46534351520974,8.212870230323409,2.3599528015136717,254.57296752929688,248.11448669433594,160.94602966308594,159.43931579589844,False
532,17.733333333333334,0.8273620009422302,26.97089605499059,28,unknown,94.73678979850128,JUMPING,False,,0.5399999999999998,,,23.46534351520974,8.212870230323409,2.533084176635742,254.57296752929688,248.10581970214844,160.94602966308594,159.53256225585938,False
533,17.766666666666666,0.8424166440963745,26.68305695988238,28,unknown,94.73678979850128,JUMPING,False,,0.5399999999999998,,,23.46534351520974,8.212870230323409,2.533084176635742,254.57296752929688,249.28353881835938,160.94602966308594,159.85403442382812,False
534,17.8,0.870130181312561,27.62483700644225,28,unknown,94.73678979850128,JUMPING,False,,0.5399999999999998,,,23.46534351520974,8.212870230323409,2.533084176635742,254.57296752929688,250.28472900390625,160.94602966308594,159.60238647460938,False
535,17.833333333333332,0.8237272500991821,27.02849800698459,28,unknown,94.73678979850128,JUMPING,False,,0.5399999999999998,,,23.46534351520974,8.212870230323409,2.533084176635742,254.57296752929688,250.19711303710938,160.94602966308594,159.38587951660156,False
536,17.866666666666667,0.8643677234649658,27.14209002442658,28,unknown,94.73678979850128,JUMPING,False,,0.5399999999999998,,,23.46534351520974,8.212870230323409,2.533084176635742,254.57296752929688,250.4500274658203,160.94602966308594,159.29364013671875,False
537,17.9,0.8216697573661804,27.681619045324624,28,unknown,94.73678979850128,JUMPING,False,,0.5399999999999998,,,23.46534351520974,8.212870230323409,2.4146318206787107,254.57296752929688,250.87733459472656,160.94602966308594,159.42636108398438,False
538,17.933333333333334,0.8309916257858276,28.358971001580358,28,unknown,94.73678979850128,JUMPING,False,,0.5399999999999998,,,23.46534351520974,8.212870230323409,2.2441812332153317,254.57296752929688,251.0554962158203,160.94602966308594,158.9814453125,False
539,17.966666666666665,0.8348798751831055,28.184602968394756,28,unknown,94.73678979850128,JUMPING,False,,0.5399999999999998,,,23.46534351520974,8.212870230323409,2.169345405578613,254.57296752929688,251.64114379882812,160.94602966308594,159.05166625976562,False
540,18.0,0.8551017045974731,29.68551602680236,28,unknown,94.73678979850128,STOPPED,False,,0.5399999999999998,,,23.46534351520974,8.212870230323409,2.169345405578613,254.57296752929688,252.02572631835938,160.94602966308594,158.88961791992188,False
541,18.033333333333335,0.8512890338897705,27.028826996684074,28,unknown,94.73678979850128,STOPPED,False,,0.5399999999999998,,,23.46534351520974,8.212870230323409,2.037274195861816,254.57296752929688,252.31736755371094,160.94602966308594,158.59133911132812,False
542,18.066666666666666,0.8341127634048462,26.537464000284672,28,unknown,94.73678979850128,STOPPED,False,,0.5399999999999998,,,23.46534351520974,8.212870230323409,2.1018393264770507,254.57296752929688,253.133056640625,160.94602966308594,158.23431396484375,False
543,18.1,0.8371654152870178,27.532920008525252,28,unknown,94.73678979850128,STOPPED,False,,0.5399999999999998,,,23.46534351520974,8.212870230323409,2.1018393264770507,254.57296752929688,252.8309783935547,160.94602966308594,157.72335815429688,False
544,18.133333333333333,0.8416076898574829,27.00511401053518,28,unknown,94.73678979850128,STOPPED,False,,0.5399999999999998,,,23.46534351520974,8.212870230323409,2.037274195861816,254.57296752929688,251.61724853515625,160.94602966308594,157.00173950195312,False
545,18.166666666666668,0.8046520948410034,26.697086985222995,28,unknown,94.73678979850128,STOPPED,False,,0.5399999999999998,,,23.46534351520974,8.212870230323409,2.0503614166259765,254.57296752929688,251.35354614257812,160.94602966308594,157.2534637451172,False
546,18.2,0.8232677578926086,27.58319105487317,28,unknown,94.73678979850128,STOPPED,False,,0.5399999999999998,,,23.46534351520974,8.212870230323409,2.2197374267578125,254.57296752929688,251.09829711914062,160.94602966308594,157.2216796875,False
547,18.233333333333334,0.8355768918991089,27.012523962184787,28,unknown,94.73678979850128,STOPPED,False,,0.5399999999999998,,,23.46534351520974,8.212870230323409,2.361061312866211,254.57296752929688,250.34754943847656,160.94602966308594,157.3404541015625,False
548,18.266666666666666,0.7563830614089966,26.557967998087406,28,unknown,94.73678979850128,STOPPED,False,,0.5399999999999998,,,23.46534351520974,8.212870230323409,2.1764149932861327,254.54246520996094,250.11831665039062,160.94602966308594,156.89971923828125,False
549,18.3,0.82681804895401,27.601531008258462,28,unknown,94.73678979850128,STOPPED,False,,0.5399999999999998,,,23.46534351520974,8.212870230323409,2.146869772338867,254.54246520996094,249.91738891601562,160.94602966308594,156.5260009765625,False
550,18.333333333333332,0.8040138483047485,27.08267094567418,28,unknown,94.73678979850128,STOPPED,False,,0.5399999999999998,,,23.46534351520974,8.212870230323409,2.0218002822875976,254.54246520996094,249.09255981445312,160.94602966308594,156.75027465820312,False
551,18.366666666666667,0.8069926500320435,26.755904080346227,28,unknown,94.73678979850128,STOPPED,False,,0.5399999999999998,,,23.46534351520974,8.212870230323409,1.9435597412109373,254.54246520996094,249.62078857421875,160.94602966308594,157.32879638671875,False
552,18.4,0.8427270650863647,27.874888968653977,28,unknown,94.73678979850128,STOPPED,False,,0.5399999999999998,,,23.46534351520974,8.212870230323409,1.8692781692504883,254.54246520996094,249.7668914794922,160.94602966308594,157.6157989501953,False
553,18.433333333333334,0.7409225702285767,26.857841992750764,28,unknown,94.73678979850128,STOPPED,False,,0.5399999999999998,,,23.46534351520974,8.212870230323409,1.813072119140625,254.54246520996094,251.14657592773438,160.94602966308594,158.26365661621094,False
554,18.466666666666665,0.8509904742240906,26.480632019229233,28,unknown,94.73678979850128,STOPPED,False,,0.5399999999999998,,,23.46534351520974,8.212870230323409,1.813072119140625,254.54246520996094,251.68768310546875,160.94602966308594,158.3153076171875,False
555,18.5,0.8149311542510986,27.575048035942018,28,unknown,94.73678979850128,STOPPED,False,,0.5399999999999998,,,23.46534351520974,8.212870230323409,1.8692781692504883,254.54246520996094,252.50698852539062,160.94602966308594,158.26077270507812,False
556,18.533333333333335,0.8080183267593384,26.863178005442023,28,unknown,94.73678979850128,STOPPED,False,,0.5399999999999998,,,23.46534351520974,8.212870230323409,1.9107455429077147,254.54246520996094,252.1790771484375,160.94602966308594,157.96969604492188,False
557,18.566666666666666,0.7939119338989258,26.590975001454353,28,unknown,94.73678979850128,STOPPED,False,,0.5399999999999998,,,23.46534351520974,8.212870230323409,1.813072119140625,254.54246520996094,250.55221557617188,160.94602966308594,157.23992919921875,False
558,18.6,0.7632817625999451,27.543482021428645,28,unknown,94.73678979850128,STOPPED,False,,0.5399999999999998,,,23.46534351520974,8.212870230323409,1.7570244277954101,254.37493896484375,249.282958984375,160.94602966308594,156.835693359375,False
559,18.633333333333333,0.8026993870735168,26.944571058265865,28,unknown,94.73678979850128,STOPPED,False,,0.5399999999999998,,,23.46534351520974,8.212870230323409,1.6554146575927733,253.5968780517578,249.16183471679688,160.94602966308594,156.8426513671875,False
560,18.666666666666668,0.7913986444473267,26.52511594351381,28,unknown,94.73678979850128,STOPPED,False,,0.5399999999999998,,,23.46534351520974,8.212870230323409,1.7302957305908202,253.36961364746094,248.74386596679688,160.52084350585938,156.32177734375,False
561,18.7,0.7943443059921265,27.667650021612644,28,unknown,94.73678979850128,STOPPED,False,,0.5399999999999998,,,23.46534351520974,8.212870230323409,1.5783618072509764,253.01222229003906,248.24322509765625,159.85003662109375,155.94593811035156,False
562,18.733333333333334,0.8387728929519653,26.900931959971786,28,unknown,94.73678979850128,STOPPED,False,,0.5399999999999998,,,23.46534351520974,8.212870230323409,1.5846282897949218,252.70138549804688,247.70364379882812,159.74737548828125,155.6524200439453,False
563,18.766666666666666,0.821140706539154,26.51012595742941,28,unknown,94.73678979850128,STOPPED,False,,0.5399999999999998,,,23.46534351520974,8.212870230323409,1.5244972045898437,252.43113708496094,247.48004150390625,159.574462890625,155.15585327148438,False
564,18.8,0.8306065797805786,27.547879028134048,28,unknown,94.73678979850128,STOPPED,False,,0.5399999999999998,,,23.46534351520974,8.212870230323409,1.750814501953125,252.26205444335938,247.44358825683594,159.49526977539062,154.3704833984375,False
565,18.833333333333332,0.8374091386795044,27.024206006899476,28,unknown,94.73678979850128,STOPPED,False,,0.5399999999999998,,,23.46534351520974,8.212870230323409,1.7578727783203123,252.11773681640625,247.20582580566406,159.4341278076172,154.40911865234375,False
566,18.866666666666667,0.8465873003005981,26.623422978445888,28,unknown,94.73678979850128,STOPPED,False,,0.5399999999999998,,,23.46534351520974,8.212870230323409,1.829450939941406,252.11773681640625,247.6986846923828,159.41017150878906,154.03555297851562,False
567,18.9,0.8131546974182129,27.56034501362592,28,unknown,94.73678979850128,STOPPED,False,,0.5399999999999998,,,23.46534351520974,8.212870230323409,1.829450939941406,252.11773681640625,248.17919921875,159.41017150878906,154.04928588867188,False
568,18.933333333333334,0.8464364409446716,27.45848090853542,28,unknown,94.73678979850128,STOPPED,False,,0.5399999999999998,,,23.46534351520974,8.212870230323409,1.829450939941406,252.11773681640625,248.56588745117188,159.41017150878906,153.9977264404297,False
569,18.966666666666665,0.8004422187805176,26.70187398325652,28,unknown,94.73678979850128,STOPPED,False,,0.5399999999999998,,,23.46534351520974,8.212870230323409,1.7578727783203123,252.11773681640625,248.94912719726562,159.41017150878906,154.41738891601562,False
570,19.0,0.8285589218139648,27.675112010911107,28,unknown,94.73678979850128,STOPPED,False,,0.5399999999999998,,,23.46534351520974,8.212870230323409,1.7328068481445311,252.11773681640625,249.10028076171875,159.41017150878906,154.55548095703125,False
571,19.033333333333335,0.834868311882019,27.2448310861364,28,unknown,94.73678979850128,STOPPED,False,,0.5399999999999998,,,23.46534351520974,8.212870230323409,1.7578727783203123,252.11773681640625,248.56552124023438,159.41017150878906,154.93862915039062,False
572,19.066666666666666,0.8733962178230286,26.76972805056721,28,unknown,94.73678979850128,STOPPED,False,,0.5399999999999998,,,23.46534351520974,8.212870230323409,1.829450939941406,252.11773681640625,248.49049377441406,159.41017150878906,155.35848999023438,False
573,19.1,0.7304211854934692,27.748967055231333,28,unknown,94.73678979850128,STOPPED,False,,0.5399999999999998,,,23.46534351520974,8.212870230323409,1.8223926635742187,252.11773681640625,250.13912963867188,159.41017150878906,155.13262939453125,False
574,19.133333333333333,0.7255585193634033,28.33313203882426,28,unknown,94.73678979850128,STOPPED,False,,0.5399999999999998,,,23.46534351520974,8.212870230323409,1.8223926635742187,252.11773681640625,251.1316680908203,159.41017150878906,155.0890655517578,False
575,19.166666666666668,0.553960919380188,27.45898999273777,28,unknown,94.73678979850128,STOPPED,False,,0.5399999999999998,,,23.46534351520974,8.212870230323409,1.8078010345458984,252.11773681640625,249.9632110595703,159.41017150878906,156.00820922851562,False
576,19.2,0.8577556014060974,27.90014201309532,28,unknown,94.73678979850128,STOPPED,False,,0.5399999999999998,,,23.46534351520974,8.212870230323409,1.754456753540039,252.11773681640625,249.9278564453125,159.34898376464844,157.14712524414062,False
577,19.233333333333334,0.876919686794281,27.05186395905912,28,unknown,94.73678979850128,STOPPED,False,,0.5399999999999998,,,23.46534351520974,8.212870230323409,1.5244972045898437,252.11773681640625,250.67596435546875,159.1968536376953,157.89044189453125,False
578,19.266666666666666,0.8345576524734497,26.857128948904574,28,unknown,94.73678979850128,STOPPED,False,,0.5399999999999998,,,23.46534351520974,8.212870230323409,1.5617793823242188,252.11773681640625,251.19253540039062,159.02357482910156,157.97244262695312,False
579,19.3,0.7797720432281494,27.6888869702816,28,unknown,94.73678979850128,STOPPED,False,,0.5399999999999998,,,23.46534351520974,8.212870230323409,1.5617793823242188,252.11773681640625,251.18203735351562,158.94471740722656,158.0727081298828,False
580,19.333333333333332,0.7629003524780273,27.041795081458986,28,unknown,94.73678979850128,STOPPED,False,,0.5399999999999998,,,23.46534351520974,8.212870230323409,1.5617793823242188,252.11773681640625,250.44659423828125,158.7703094482422,157.58633422851562,False
581,19.366666666666667,0.7625222206115723,26.548470021225512,28,unknown,94.73678979850128,STOPPED,False,,0.5399999999999998,,,23.46534351520974,8.212870230323409,1.59263671875,252.11773681640625,250.101318359375,158.48092651367188,157.16677856445312,False
582,19.4,0.7533383369445801,27.597590000368655,28,unknown,94.73678979850128,STOPPED,False,,0.5399999999999998,,,23.46534351520974,8.212870230323409,1.6178383850097655,252.11773681640625,250.05722045898438,158.29464721679688,156.75375366210938,False
583,19.433333333333334,0.8000274896621704,26.879683951847255,28,unknown,94.73678979850128,STOPPED,False,,0.5399999999999998,,,23.46534351520974,8.212870230323409,1.6676535278320312,252.11773681640625,249.1566162109375,158.2624969482422,155.2099609375,False
584,19.466666666666665,0.73194420337677,26.904565980657935,28,unknown,94.73678979850128,STOPPED,False,,0.5399999999999998,,,23.46534351520974,8.212870230323409,1.8070318634033202,252.11773681640625,248.01119995117188,158.25018310546875,152.75018310546875,False
585,19.5,0.7167839407920837,27.620423934422433,28,unknown,94.73678979850128,STOPPED,False,,0.5399999999999998,,,23.46534351520974,8.212870230323409,1.8068735046386717,251.98251342773438,246.80467224121094,158.169677734375,150.63880920410156,False
586,19.533333333333335,0.7684889435768127,26.82632301002741,28,unknown,94.73678979850128,STOPPED,False,,0.5399999999999998,,,23.46534351520974,8.212870230323409,1.8035819046020507,251.65951538085938,245.58010864257812,158.03260803222656,148.98023986816406,False
587,19.566666666666666,0.6898215413093567,26.624548016116023,28,unknown,94.73678979850128,STOPPED,False,,0.5399999999999998,,,23.46534351520974,8.212870230323409,1.8924324829101562,251.5117645263672,244.90438842773438,157.97134399414062,149.46978759765625,False
588,19.6,0.6934393048286438,27.688656002283096,28,unknown,94.73678979850128,STOPPED,False,,0.5399999999999998,,,23.46534351520974,8.212870230323409,1.7811515167236327,251.2891387939453,244.74005126953125,157.97134399414062,149.80807495117188,False
589,19.633333333333333,0.7246764898300171,26.942462078295648,28,unknown,94.73678979850128,STOPPED,False,,0.5399999999999998,,,23.46534351520974,8.212870230323409,1.5645393493652342,251.18833923339844,246.56350708007812,157.97134399414062,150.66571044921875,False
590,19.666666666666668,0.7663406729698181,26.53825411107391,28,unknown,94.73678979850128,STOPPED,False,,0.5399999999999998,,,23.46534351520974,8.212870230323409,1.56440361328125,251.1678466796875,250.0630645751953,157.97134399414062,152.55810546875,False
591,19.7,0.77740877866745,27.57236803881824,28,unknown,94.73678979850128,STOPPED,False,,0.5399999999999998,,,23.46534351520974,8.212870230323409,1.56440361328125,251.18833923339844,254.6857452392578,157.97134399414062,156.2369384765625,False
592,19.733333333333334,0.7880280017852783,26.913085021078587,28,unknown,94.73678979850128,STOPPED,False,,0.5399999999999998,,,23.46534351520974,8.212870230323409,1.5645393493652342,251.4896240234375,261.3885498046875,158.03260803222656,160.5294647216797,False
593,19.766666666666666,0.8761254549026489,26.706737000495195,28,unknown,94.73678979850128,STOPPED,False,,0.5399999999999998,,,23.46534351520974,8.212870230323409,1.7284746047973631,251.98251342773438,265.42266845703125,158.185546875,165.21493530273438,False
594,19.8,0.7330218553543091,27.67626498825848,28,unknown,94.73678979850128,STOPPED,False,,0.5399999999999998,,,23.46534351520974,8.212870230323409,1.957902520751953,252.37582397460938,268.25299072265625,158.2624969482422,168.64889526367188,False
595,19.833333333333332,0.8184982538223267,26.976610999554396,28,unknown,94.73678979850128,STOPPED,False,,0.5399999999999998,,,23.46534351520974,8.212870230323409,1.6515235565185546,253.81423950195312,269.77862548828125,158.29464721679688,169.29473876953125,False
596,19.866666666666667,0.8326377272605896,27.007779921405017,28,unknown,94.73678979850128,STOPPED,False,,0.5399999999999998,,,23.46534351520974,15.265830157470702,5.0886100524902345,258.7074279785156,265.5672302246094,159.643798828125,166.2200164794922,False
597,19.9,0.8440268039703369,27.56585890892893,28,unknown,94.73678979850128,STOPPED,False,,0.5399999999999998,,,23.46534351520974,17.942952941894532,5.980984313964844,259.2149963378906,255.95468139648438,160.02554321289062,159.26966857910156,False
598,19.933333333333334,0.8443730473518372,26.84213500469923,28,unknown,94.73678979850128,STOPPED,False,,0.5399999999999998,,,23.46534351520974,17.942952941894532,5.980984313964844,259.2149963378906,249.43402099609375,160.02554321289062,154.656494140625,False
599,19.966666666666665,0.7531371116638184,26.514525059610605,28,unknown,94.73678979850128,STOPPED,False,,0.5399999999999998,,,23.46534351520974,17.942952941894532,5.980984313964844,259.2149963378906,236.95599365234375,160.02554321289062,144.06076049804688,True
600,20.0,0.7973277568817139,27.68727403599769,28,unknown,94.73678979850128,STOPPED,False,,0.5399999999999998,,,23.46534351520974,24.95304299926758,8.31768099975586,259.2149963378906,229.19027709960938,160.02554321289062,137.99124145507812,True
601,20.033333333333335,0.8050622940063477,27.03471400309354,28,unknown,94.73678979850128,STOPPED,False,,0.5399999999999998,,,23.46534351520974,23.478677655029294,7.826225885009765,259.2149963378906,221.76852416992188,160.02554321289062,132.56121826171875,True
602,20.066666666666666,0.8170652389526367,26.525208028033376,28,unknown,94.73678979850128,STOPPED,False,,0.5399999999999998,,,23.46534351520974,8.212870230323409,1.7000152725219726,259.2149963378906,218.12939453125,160.02554321289062,129.42922973632812,True
603,20.1,0.7815362811088562,27.74444699753076,28,unknown,94.73678979850128,STOPPED,False,,0.5399999999999998,,,23.46534351520974,8.212870230323409,1.7000152725219726,259.2149963378906,219.6883544921875,160.02554321289062,129.9547882080078,True
604,20.133333333333333,0.8311506509780884,27.007407043129206,28,unknown,94.73678979850128,STOPPED,False,,0.5399999999999998,,,23.46534351520974,8.212870230323409,1.7000152725219726,259.2149963378906,225.17593383789062,160.02554321289062,133.41278076171875,True
605,20.166666666666668,0.8012632131576538,26.51469106785953,28,unknown,94.73678979850128,STOPPED,False,,0.5399999999999998,,,23.46534351520974,8.212870230323409,1.7000152725219726,259.2149963378906,233.31602478027344,160.02554321289062,139.37890625,True
606,20.2,0.8356447219848633,28.159850975498557,28,unknown,94.73678979850128,STOPPED,False,,0.5399999999999998,,,23.46534351520974,8.212870230323409,1.7000152725219726,259.2149963378906,238.8553466796875,160.02554321289062,143.38632202148438,True
607,20.233333333333334,0.8013648986816406,27.1093089831993,28,unknown,94.73678979850128,STOPPED,False,,0.5399999999999998,,,23.46534351520974,8.212870230323409,1.7000152725219726,259.2149963378906,248.2456817626953,160.02554321289062,150.7129364013672,True
608,20.266666666666666,0.8457463979721069,26.70631802175194,28,unknown,0.0,STOPPED,False,3.8000000000000007,,41.085601806640625,30.5963134765625,23.46534351520974,8.212870230323409,1.8070318634033202,259.2149963378906,255.7489471435547,160.02554321289062,158.30828857421875,False
609,20.3,0.8398210406303406,27.6209800504148,28,unknown,0.0,STOPPED,False,,,,,23.46534351520974,24.168759906005857,8.056253302001952,260.9110412597656,260.1947937011719,160.6233367919922,160.6859130859375,False
610,20.333333333333332,0.8355423212051392,26.95059892721474,28,unknown,0.0,STOPPED,False,,,,,23.46534351520974,21.377347338867185,7.125782446289062,261.48681640625,261.55230712890625,161.1985321044922,161.540283203125,False
611,20.366666666666667,0.755032479763031,26.535182958468795,28,unknown,0.0,STOPPED,False,,,,,23.46534351520974,24.168759906005857,8.056253302001952,261.48681640625,253.53981018066406,161.1985321044922,152.6771697998047,False
612,20.4,0.7751348614692688,27.703176019713283,28,unknown,0.0,STOPPED,False,,,,,23.46534351520974,24.168759906005857,8.056253302001952,261.48681640625,246.68560791015625,161.1985321044922,146.27037048339844,False
613,20.433333333333334,0.814552903175354,27.088336064480245,28,unknown,0.0,STOPPED,False,,,,,23.46534351520974,24.168759906005857,8.056253302001952,261.48681640625,237.26535034179688,161.1985321044922,139.76187133789062,True
614,20.466666666666665,0.7891649007797241,26.809969916939735,28,unknown,0.0,STOPPED,False,,,,,23.46534351520974,24.168759906005857,8.056253302001952,261.48681640625,228.70965576171875,161.1985321044922,134.71426391601562,True
615,20.5,0.7999855875968933,27.636363985948265,28,unknown,0.0,STOPPED,False,,,,,23.46534351520974,24.168759906005857,8.056253302001952,261.48681640625,225.15565490722656,161.1985321044922,132.81417846679688,True
616,20.533333333333335,0.846970796585083,26.982781942933798,28,unknown,0.0,STOPPED,False,,,,,23.46534351520974,24.168759906005857,8.056253302001952,261.48681640625,225.73703002929688,161.1985321044922,134.1593475341797,True
617,20.566666666666666,0.8099885582923889,26.988359983079135,28,unknown,0.0,STOPPED,False,,,,,23.46534351520974,24.168759906005857,8.056253302001952,261.48681640625,229.83950805664062,161.1985321044922,137.9090576171875,True
618,20.6,0.7793769240379333,27.712711016647518,28,unknown,0.0,STOPPED,False,,,,,23.46534351520974,24.168759906005857,8.056253302001952,261.48681640625,233.07980346679688,161.1985321044922,140.71817016601562,True
619,20.633333333333333,0.8071697950363159,26.851469068787992,28,unknown,0.0,JUMPING,True,,,36.33116149902344,28.384353637695312,26.681798011163163,24.168759906005857,8.056253302001952,261.48681640625,240.19436645507812,161.1985321044922,147.21359252929688,False
620,20.666666666666668,0.8111008405685425,27.052192948758602,28,unknown,0.0,JUMPING,False,,,,,26.681798011163163,24.168759906005857,8.056253302001952,261.48681640625,249.7647705078125,161.1985321044922,154.8798065185547,False
621,20.7,0.8060463666915894,27.496935916133225,28,unknown,0.0,JUMPING,False,,,,,26.681798011163163,21.377347338867185,7.125782446289062,261.48681640625,257.0181579589844,161.1985321044922,160.3582763671875,False
622,20.733333333333334,0.7888097167015076,26.95431001484394,28,unknown,0.0,JUMPING,False,,,,,26.681798011163163,20.382130371093748,6.79404345703125,261.48681640625,260.9847106933594,162.5136260986328,163.16253662109375,False
623,20.766666666666666,0.790881335735321,26.644292986020446,28,unknown,0.0,JUMPING,False,,,,,26.681798011163163,21.055856423950196,7.018618807983398,261.48681640625,256.8268127441406,162.5342254638672,161.59176635742188,False
624,20.8,0.8272716999053955,27.59393898304552,28,unknown,0.0,JUMPING,False,,,,,26.681798011163163,21.055856423950196,7.018618807983398,261.48681640625,249.16107177734375,162.5342254638672,155.40005493164062,False
625,20.833333333333332,0.8854889869689941,26.826445944607258,28,unknown,0.0,JUMPING,False,,,,,26.681798011163163,21.055856423950196,7.018618807983398,261.48681640625,241.79891967773438,162.5342254638672,147.306396484375,False
626,20.866666666666667,0.8114168643951416,26.55587694607675,28,unknown,0.0,JUMPING,False,,,,,26.681798011163163,21.055856423950196,7.018618807983398,261.48681640625,234.03916931152344,162.5342254638672,141.08538818359375,True
627,20.9,0.7645708322525024,27.620095061138272,28,unknown,0.0,JUMPING,False,,,,,26.681798011163163,21.055856423950196,7.018618807983398,261.48681640625,231.53607177734375,162.5342254638672,136.75747680664062,True
628,20.933333333333334,0.7727674841880798,26.853678980842233,28,unknown,0.0,JUMPING,False,,,,,26.681798011163163,21.055856423950196,7.018618807983398,261.48681640625,228.55184936523438,162.5342254638672,134.78250122070312,True
629,20.966666666666665,0.7809990644454956,26.546364999376237,28,unknown,0.0,JUMPING,False,,,,,26.681798011163163,21.055856423950196,7.018618807983398,261.48681640625,228.3941650390625,162.5342254638672,135.58367919921875,True
630,21.0,0.7916257381439209,27.848153025843203,28,unknown,0.0,JUMPING,False,,,,,26.681798011163163,21.055856423950196,7.018618807983398,261.48681640625,229.07080078125,162.5342254638672,138.47348022460938,True
631,21.033333333333335,0.7619626522064209,26.77085902541876,28,unknown,0.0,JUMPING,False,,,,,26.681798011163163,21.055856423950196,7.018618807983398,261.48681640625,234.30587768554688,162.5342254638672,144.41102600097656,True
632,21.066666666666666,0.7960571050643921,26.477967971004546,29,unknown,138.46121342300785,JUMPING,True,0.43333333333333357,0.43333333333333357,33.0926513671875,27.751724243164062,28.284511350169247,21.055856423950196,7.018618807983398,261.48681640625,243.41403198242188,162.5342254638672,153.47836303710938,False
633,21.1,0.7636707425117493,27.61024096980691,29,unknown,138.46121342300785,JUMPING,False,,0.43333333333333357,,,28.284511350169247,19.774236318969727,6.591412106323242,261.48681640625,252.74288940429688,162.5342254638672,160.75552368164062,False
634,21.133333333333333,0.7915712594985962,26.812024996615946,29,unknown,138.46121342300785,JUMPING,False,,0.43333333333333357,,,28.284511350169247,16.63442315826416,5.544807719421386,261.48681640625,258.98870849609375,164.0437469482422,164.6312255859375,False
635,21.166666666666668,0.8134178519248962,26.528905029408634,29,unknown,138.46121342300785,JUMPING,False,,0.43333333333333357,,,28.284511350169247,18.85917150878906,6.286390502929687,261.5728454589844,261.5865173339844,164.9814453125,165.5662384033203,False
636,21.2,0.8199619650840759,27.5611849501729,29,unknown,138.46121342300785,JUMPING,False,,0.43333333333333357,,,28.284511350169247,15.255514215087889,5.085171405029296,261.5728454589844,256.764892578125,164.9814453125,161.62313842773438,False
637,21.233333333333334,0.8424261808395386,26.80947503540665,29,unknown,138.46121342300785,JUMPING,False,,0.43333333333333357,,,28.284511350169247,14.375062106323242,4.791687368774414,261.5728454589844,245.3185577392578,164.9814453125,150.94384765625,True
638,21.266666666666666,0.8515286445617676,27.274506981484592,29,unknown,138.46121342300785,JUMPING,False,,0.43333333333333357,,,28.284511350169247,11.554534149169921,3.8515113830566405,261.32525634765625,237.25901794433594,164.0437469482422,144.00511169433594,True
639,21.3,0.7820916771888733,27.570709004066885,29,unknown,138.46121342300785,JUMPING,False,,0.43333333333333357,,,28.284511350169247,11.643814558410645,3.8812715194702148,260.6687316894531,231.125,162.54676818847656,138.610595703125,True
640,21.333333333333332,0.7875913977622986,26.88044193200767,29,unknown,138.46121342300785,JUMPING,False,,0.43333333333333357,,,28.284511350169247,14.12904045410156,4.709680151367187,259.7123718261719,226.21084594726562,161.610595703125,135.56362915039062,True
641,21.366666666666667,0.734632134437561,30.777422012761235,29,unknown,138.46121342300785,JUMPING,False,,0.43333333333333357,,,28.284511350169247,11.872360189819336,3.957453396606445,258.20050048828125,227.43963623046875,161.5711669921875,135.74002075195312,True
642,21.4,0.7492508888244629,30.45677300542593,29,unknown,138.46121342300785,JUMPING,False,,0.43333333333333357,,,28.284511350169247,14.12904045410156,4.709680151367187,258.20050048828125,229.1654052734375,161.5711669921875,136.2235107421875,True
643,21.433333333333334,0.7901883125305176,28.577583958394825,29,unknown,138.46121342300785,JUMPING,False,,0.43333333333333357,,,28.284511350169247,14.12904045410156,4.709680151367187,258.20050048828125,233.6939697265625,161.5711669921875,140.44796752929688,True
644,21.466666666666665,0.7736189961433411,33.44398410990834,29,unknown,138.46121342300785,JUMPING,False,,0.43333333333333357,,,28.284511350169247,14.12904045410156,4.709680151367187,258.20050048828125,240.94268798828125,161.5711669921875,146.72032165527344,True
645,21.5,0.7904197573661804,29.00546893943101,30,unknown,138.46151814658558,JUMPING,True,0.43333333333333357,0.43333333333333357,31.989654541015625,26.007537841796875,29.21079714788084,14.12904045410156,4.709680151367187,258.20050048828125,250.30023193359375,161.5711669921875,155.2159423828125,False
646,21.533333333333335,0.783726155757904,27.657650993205607,30,unknown,138.46151814658558,JUMPING,False,,0.43333333333333357,,,29.21079714788084,10.223779001758293,3.3546042022705076,258.4492492675781,257.6400451660156,161.5711669921875,161.2335968017578,False
647,21.566666666666666,0.7563105225563049,29.828471946530044,30,unknown,138.46151814658558,JUMPING,False,,0.43333333333333357,,,29.21079714788084,10.223779001758293,2.921538226318359,258.4492492675781,256.82989501953125,161.610595703125,162.1331024169922,False
648,21.6,0.7706167697906494,28.19944394286722,30,unknown,138.46151814658558,JUMPING,False,,0.43333333333333357,,,29.21079714788084,10.223779001758293,2.5523700119018553,258.4492492675781,255.5456085205078,161.7841033935547,161.89141845703125,False
649,21.633333333333333,0.8105929493904114,33.06066291406751,30,unknown,138.46151814658558,JUMPING,False,,0.43333333333333357,,,29.21079714788084,10.223779001758293,2.5523700119018553,258.4492492675781,251.35040283203125,161.7841033935547,157.205322265625,False
650,21.666666666666668,0.8254207968711853,26.945153018459678,30,unknown,138.46151814658558,JUMPING,False,,0.43333333333333357,,,29.21079714788084,10.223779001758293,2.5523700119018553,258.4492492675781,246.71112060546875,161.7841033935547,149.9472198486328,True
651,21.7,0.7947120666503906,30.28768498916179,30,unknown,138.46151814658558,JUMPING,False,,0.43333333333333357,,,29.21079714788084,10.223779001758293,2.5523700119018553,258.4492492675781,239.0882110595703,161.7841033935547,143.28988647460938,True
652,21.733333333333334,0.7658782601356506,30.264363973401487,30,unknown,138.46151814658558,JUMPING,False,,0.43333333333333357,,,29.21079714788084,10.223779001758293,2.5523700119018553,258.4492492675781,234.0160369873047,161.7841033935547,138.91848754882812,True
653,21.766666666666666,0.7452466487884521,28.103610035032034,30,unknown,138.46151814658558,JUMPING,False,,0.43333333333333357,,,29.21079714788084,10.223779001758293,2.921538226318359,258.4492492675781,230.33335876464844,161.7841033935547,137.33053588867188,True
654,21.8,0.7469771504402161,28.485924005508423,30,unknown,138.46151814658558,JUMPING,False,,0.43333333333333357,,,29.21079714788084,10.223779001758293,3.2006568603515624,257.39129638671875,228.18392944335938,161.7841033935547,136.76107788085938,True
655,21.833333333333332,0.7774540185928345,27.48291997704655,30,unknown,138.46151814658558,JUMPING,False,,0.43333333333333357,,,29.21079714788084,10.223779001758293,2.5523700119018553,256.9428405761719,228.95663452148438,161.7841033935547,138.96926879882812,True
656,21.866666666666667,0.8037132620811462,27.212820947170258,30,unknown,138.46151814658558,JUMPING,False,,0.43333333333333357,,,29.21079714788084,10.223779001758293,1.9040831634521482,256.9428405761719,235.63186645507812,161.7841033935547,144.59104919433594,True
657,21.9,0.8231120705604553,28.605684987269342,30,unknown,138.46151814658558,JUMPING,False,,0.43333333333333357,,,29.21079714788084,10.223779001758293,1.9040831634521482,256.9428405761719,245.3009490966797,161.7841033935547,153.21778869628906,True
658,21.933333333333334,0.8079010248184204,27.458510943688452,31,unknown,138.4616228956252,JUMPING,True,0.43333333333333357,0.43333333333333357,28.7589111328125,25.023025512695312,29.097825644113755,10.223779001758293,2.5523700119018553,256.9428405761719,250.45590209960938,161.7841033935547,157.9741668701172,False
659,21.966666666666665,0.7963559627532959,27.633307967334986,31,unknown,138.4616228956252,JUMPING,False,,0.43333333333333357,,,29.097825644113755,10.184238975439813,1.8995133819580077,256.9428405761719,255.95431518554688,162.0364227294922,162.2650146484375,False
660,22.0,0.7994613647460938,33.623623894527555,31,unknown,138.4616228956252,JUMPING,False,,0.43333333333333357,,,29.097825644113755,10.184238975439813,1.9040831634521482,257.39129638671875,258.39599609375,162.21224975585938,164.5605010986328,False
661,22.033333333333335,0.8281816244125366,27.371788979507983,31,unknown,138.4616228956252,JUMPING,False,,0.43333333333333357,,,29.097825644113755,10.184238975439813,2.1129923080444333,257.39129638671875,254.0919189453125,162.21224975585938,161.1195068359375,False
662,22.066666666666666,0.8545647263526917,27.380190906114876,31,unknown,138.4616228956252,JUMPING,False,,0.43333333333333357,,,29.097825644113755,10.184238975439813,2.1129923080444333,257.39129638671875,247.1223907470703,162.21224975585938,154.18365478515625,True
663,22.1,0.7986613512039185,27.835524990223348,31,unknown,138.4616228956252,JUMPING,False,,0.43333333333333357,,,29.097825644113755,10.184238975439813,2.1129923080444333,257.39129638671875,238.82363891601562,162.21224975585938,146.36647033691406,True
664,22.133333333333333,0.7712303400039673,26.79967600852251,31,unknown,138.4616228956252,JUMPING,False,,0.43333333333333357,,,29.097825644113755,10.184238975439813,2.1129923080444333,257.39129638671875,232.1898956298828,162.21224975585938,139.91506958007812,True
665,22.166666666666668,0.7810428738594055,26.875365059822798,31,unknown,138.4616228956252,JUMPING,False,,0.43333333333333357,,,29.097825644113755,10.184238975439813,2.1129923080444333,257.39129638671875,228.77239990234375,162.21224975585938,136.59535217285156,True
666,22.2,0.763661801815033,27.72342402022332,31,unknown,138.4616228956252,JUMPING,False,,0.43333333333333357,,,29.097825644113755,10.184238975439813,2.3264712341308593,257.31597900390625,227.24685668945312,162.21224975585938,135.16122436523438,True
667,22.233333333333334,0.8071228265762329,26.982420939020813,31,unknown,138.4616228956252,JUMPING,False,,0.43333333333333357,,,29.097825644113755,10.184238975439813,2.1129923080444333,256.82867431640625,228.89990234375,162.0364227294922,136.42465209960938,True
668,22.266666666666666,0.8026934266090393,26.54133108444512,31,unknown,138.4616228956252,JUMPING,False,,0.43333333333333357,,,29.097825644113755,10.184238975439813,3.1906123901367187,256.80389404296875,232.43226623535156,162.0364227294922,140.75799560546875,True
669,22.3,0.779791533946991,27.688622009009123,31,unknown,138.4616228956252,JUMPING,False,,0.43333333333333357,,,29.097825644113755,10.184238975439813,3.1906123901367187,256.80389404296875,240.1427459716797,162.0364227294922,147.94573974609375,True
670,22.333333333333332,0.799319326877594,26.977643952704966,31,unknown,138.4616228956252,JUMPING,False,,0.43333333333333357,,,29.097825644113755,10.184238975439813,3.1906123901367187,256.80389404296875,245.5225067138672,162.0364227294922,152.33209228515625,True
671,22.366666666666667,0.7975631356239319,26.88670007046312,32,unknown,138.46151814658558,JUMPING,True,0.43333333333333357,0.43333333333333357,29.557037353515625,26.875198364257812,29.212628571464222,10.184238975439813,2.7611886657714844,256.80389404296875,254.1927032470703,162.0364227294922,159.64712524414062,False
672,22.4,0.8326166272163391,27.626279974356294,32,unknown,138.46151814658558,JUMPING,False,,0.43333333333333357,,,29.212628571464222,10.224420000012477,2.418274072265625,257.31597900390625,257.9321594238281,162.119384765625,162.09881591796875,False
673,22.433333333333334,0.8342573642730713,26.988008990883827,32,unknown,138.46151814658558,JUMPING,False,,0.43333333333333357,,,29.212628571464222,10.224420000012477,2.3219014526367188,257.8153076171875,259.03143310546875,162.21224975585938,162.99806213378906,False
674,22.466666666666665,0.8261693120002747,27.213658904656768,32,unknown,138.46151814658558,JUMPING,False,,0.43333333333333357,,,29.212628571464222,10.224420000012477,2.8094654663085934,257.8153076171875,251.75509643554688,162.21224975585938,157.30667114257812,False
675,22.5,0.8891026973724365,28.1403319677338,32,unknown,138.46151814658558,JUMPING,False,,0.43333333333333357,,,29.212628571464222,10.224420000012477,2.8094654663085934,257.8153076171875,244.8194122314453,162.21224975585938,150.04837036132812,True
676,22.533333333333335,0.8648668527603149,27.00327697675675,32,unknown,138.46151814658558,JUMPING,False,,0.43333333333333357,,,29.212628571464222,10.224420000012477,2.8094654663085934,257.8153076171875,237.57662963867188,162.21224975585938,142.79751586914062,True
677,22.566666666666666,0.8319763541221619,26.53443196322769,32,unknown,138.46151814658558,JUMPING,False,,0.43333333333333357,,,29.212628571464222,10.224420000012477,2.8094654663085934,257.8153076171875,232.72674560546875,162.21224975585938,138.5670166015625,True
678,22.6,0.7811350226402283,27.487411978654563,32,unknown,138.46151814658558,JUMPING,False,,0.43333333333333357,,,29.212628571464222,10.224420000012477,2.3219014526367188,257.8153076171875,229.14547729492188,162.21224975585938,136.20138549804688,True
679,22.633333333333333,0.7810782194137573,27.045659022405744,32,unknown,138.46151814658558,JUMPING,False,,0.43333333333333357,,,29.212628571464222,10.224420000012477,2.418274072265625,257.31597900390625,229.1874542236328,162.119384765625,136.2198486328125,True
680,22.666666666666668,0.775823712348938,26.600906043313444,32,unknown,138.46151814658558,JUMPING,False,,0.43333333333333357,,,29.212628571464222,10.224420000012477,2.675290347290039,256.80389404296875,231.0435791015625,162.01585388183594,138.9007110595703,True
681,22.7,0.7580367922782898,27.757843025028706,32,unknown,138.46151814658558,JUMPING,False,,0.43333333333333357,,,29.212628571464222,10.224420000012477,2.7611886657714844,256.47967529296875,235.2451171875,162.01585388183594,144.39419555664062,True
682,22.733333333333334,0.7806804180145264,26.977720903232694,32,unknown,138.46151814658558,JUMPING,False,,0.43333333333333357,,,29.212628571464222,10.224420000012477,2.7611886657714844,256.47967529296875,237.8111572265625,162.01585388183594,147.58822631835938,True
683,22.766666666666666,0.7773246169090271,27.084324043244123,32,unknown,138.46151814658558,JUMPING,False,,0.43333333333333357,,,29.212628571464222,10.224420000012477,2.7611886657714844,256.47967529296875,239.79281616210938,162.01585388183594,149.25270080566406,True
684,22.8,0.7893745303153992,27.532014064490795,33,unknown,138.46157528240573,JUMPING,True,0.43333333333333357,0.43333333333333357,27.334197998046875,25.814468383789062,28.743020928109885,10.224420000012477,2.7611886657714844,256.47967529296875,247.90748596191406,162.01585388183594,154.86077880859375,False
685,22.833333333333332,0.7650516629219055,27.278191060759127,33,unknown,138.46157528240573,JUMPING,False,,0.43333333333333357,,,28.743020928109885,10.060057324838459,2.6302259674072266,256.47967529296875,254.9999237060547,162.01585388183594,160.9453887939453,False
686,22.866666666666667,0.8028635382652283,26.56876901164651,33,unknown,138.46157528240573,JUMPING,False,,0.43333333333333357,,,28.743020928109885,10.060057324838459,2.7611886657714844,257.31597900390625,259.33758544921875,162.119384765625,163.43975830078125,False
687,22.9,0.814940333366394,27.620714972727,33,unknown,138.46157528240573,JUMPING,False,,0.43333333333333357,,,28.743020928109885,10.060057324838459,2.666003736877441,257.31597900390625,255.92669677734375,162.119384765625,160.5824737548828,False
688,22.933333333333334,0.8413659334182739,27.02775993384421,33,unknown,138.46157528240573,JUMPING,False,,0.43333333333333357,,,28.743020928109885,10.060057324838459,2.666003736877441,257.31597900390625,250.06765747070312,162.119384765625,154.07069396972656,False
689,22.966666666666665,0.8563722372055054,26.479586958885193,33,unknown,138.46157528240573,JUMPING,False,,0.43333333333333357,,,28.743020928109885,10.060057324838459,2.666003736877441,257.31597900390625,246.18817138671875,162.119384765625,150.12841796875,True
690,23.0,0.8514800667762756,27.73352700751275,33,unknown,138.46157528240573,JUMPING,False,,0.43333333333333357,,,28.743020928109885,10.060057324838459,2.666003736877441,257.31597900390625,240.02052307128906,162.119384765625,143.90521240234375,True
691,23.033333333333335,0.8085029721260071,26.855207979679108,33,unknown,138.46157528240573,JUMPING,False,,0.43333333333333357,,,28.743020928109885,10.060057324838459,2.720241613769531,256.47967529296875,234.69161987304688,162.119384765625,138.61102294921875,True
692,23.066666666666666,0.7939745187759399,26.596565963700414,33,unknown,138.46157528240573,JUMPING,False,,0.43333333333333357,,,28.743020928109885,12.859975936889649,4.286658645629883,255.94326782226562,230.34249877929688,162.01585388183594,135.63388061523438,True
693,23.1,0.7696625590324402,27.67165401019156,33,unknown,138.46157528240573,JUMPING,False,,0.43333333333333357,,,28.743020928109885,14.432342733764647,4.8107809112548825,255.94326782226562,229.36318969726562,161.70709228515625,135.73153686523438,True
694,23.133333333333333,0.762669026851654,27.022078982554376,33,unknown,138.46157528240573,JUMPING,False,,0.43333333333333357,,,28.743020928109885,12.01243982849121,4.00414660949707,255.94326782226562,230.64578247070312,161.70709228515625,138.71226501464844,True
695,23.166666666666668,0.7694109678268433,26.693799998611212,33,unknown,138.46157528240573,JUMPING,False,,0.43333333333333357,,,28.743020928109885,12.01243982849121,4.00414660949707,255.94326782226562,232.42596435546875,161.70709228515625,141.03433227539062,True
696,23.2,0.7673065066337585,27.971616946160793,33,unknown,138.46157528240573,JUMPING,False,,0.43333333333333357,,,28.743020928109885,12.01243982849121,4.00414660949707,255.94326782226562,239.6016082763672,161.70709228515625,147.19102478027344,True
697,23.233333333333334,0.7895907759666443,27.099604019895196,34,unknown,138.46157528240573,JUMPING,True,0.43333333333333357,0.43333333333333357,26.580078125,26.073211669921875,28.202285227332414,14.432342733764647,4.8107809112548825,255.94326782226562,250.33505249023438,161.70709228515625,156.5085906982422,False
698,23.266666666666666,0.7935214042663574,26.71229001134634,34,unknown,138.46157528240573,JUMPING,False,,0.43333333333333357,,,28.202285227332414,13.737170379638671,4.5790567932128905,255.94326782226562,253.08706665039062,161.70709228515625,159.26129150390625,False
699,23.3,0.7973953485488892,27.66333904583007,34,unknown,138.46157528240573,JUMPING,False,,0.43333333333333357,,,28.202285227332414,13.737170379638671,4.5790567932128905,255.94326782226562,248.09971618652344,161.70709228515625,156.02740478515625,False
700,23.333333333333332,0.8029714822769165,26.768328971229494,34,unknown,138.46157528240573,JUMPING,False,,0.43333333333333357,,,28.202285227332414,13.737170379638671,4.5790567932128905,255.94326782226562,244.41285705566406,161.70709228515625,153.41098022460938,False
701,23.366666666666667,0.8202442526817322,26.559139019809663,34,unknown,138.46157528240573,JUMPING,False,,0.43333333333333357,,,28.202285227332414,13.737170379638671,4.5790567932128905,255.94326782226562,239.6902313232422,161.70709228515625,147.1871337890625,True
702,23.4,0.802429735660553,27.784947073087096,34,unknown,138.46157528240573,JUMPING,False,,0.43333333333333357,,,28.202285227332414,13.737170379638671,4.5790567932128905,255.94326782226562,234.36279296875,161.70709228515625,140.381103515625,True
703,23.433333333333334,0.7991929650306702,26.890613022260368,34,unknown,138.46157528240573,JUMPING,False,,0.43333333333333357,,,28.202285227332414,13.041998025512695,4.3473326751708985,255.94326782226562,229.62667846679688,161.70709228515625,136.23092651367188,True
704,23.466666666666665,0.7471048831939697,26.77146694622934,34,unknown,138.46157528240573,JUMPING,False,,0.43333333333333357,,,28.202285227332414,13.737170379638671,4.5790567932128905,255.5559844970703,229.15618896484375,161.04986572265625,134.90618896484375,True
705,23.5,0.7565827369689941,27.78363204561174,34,unknown,138.46157528240573,JUMPING,False,,0.43333333333333357,,,28.202285227332414,10.841987576293945,3.6139958587646484,254.67703247070312,230.7952423095703,160.8002166748047,136.40684509277344,True
706,23.533333333333335,0.7714441418647766,27.45824004523456,34,unknown,138.46157528240573,JUMPING,False,,0.43333333333333357,,,28.202285227332414,13.737170379638671,4.5790567932128905,254.67703247070312,235.67112731933594,160.2083282470703,141.20416259765625,True
707,23.566666666666666,0.778513491153717,27.245544944889843,34,unknown,138.46157528240573,JUMPING,False,,0.43333333333333357,,,28.202285227332414,13.737170379638671,4.5790567932128905,254.67703247070312,238.24258422851562,160.2083282470703,144.17581176757812,True
708,23.6,0.748130202293396,27.610874036327004,35,unknown,142.85711690682604,JUMPING,True,0.36666666666666714,0.41866666666666696,25.520843505859375,25.302139282226562,27.531924796964155,13.737170379638671,4.5790567932128905,254.67703247070312,244.8216552734375,160.2083282470703,151.47036743164062,False
709,23.633333333333333,0.7724078893661499,27.272531064227223,35,unknown,142.85711690682604,JUMPING,False,,0.41866666666666696,,,27.531924796964155,11.50641570739746,3.83547190246582,254.67703247070312,251.605712890625,160.2083282470703,158.42526245117188,False
710,23.666666666666668,0.7796494960784912,26.844394044019282,35,unknown,142.85711690682604,JUMPING,False,,0.41866666666666696,,,27.531924796964155,12.969379220581054,4.323126406860351,255.5559844970703,256.9106140136719,160.8002166748047,162.2063751220703,False
711,23.7,0.7969285845756531,27.60332392062992,35,unknown,142.85711690682604,JUMPING,False,,0.41866666666666696,,,27.531924796964155,11.50641570739746,3.83547190246582,255.5559844970703,253.965087890625,160.8002166748047,159.89295959472656,False
712,23.733333333333334,0.8271474242210388,26.98770398274064,35,unknown,142.85711690682604,JUMPING,False,,0.41866666666666696,,,27.531924796964155,11.50641570739746,3.83547190246582,255.5559844970703,246.0117645263672,160.8002166748047,153.059326171875,False
713,23.766666666666666,0.8194977641105652,26.96036407724023,35,unknown,142.85711690682604,JUMPING,False,,0.41866666666666696,,,27.531924796964155,11.50641570739746,3.83547190246582,255.5559844970703,240.5330810546875,160.8002166748047,148.47857666015625,True
714,23.8,0.8453641533851624,28.640471980907023,35,unknown,142.85711690682604,JUMPING,False,,0.41866666666666696,,,27.531924796964155,11.50641570739746,3.83547190246582,255.5559844970703,233.1024627685547,160.8002166748047,142.633544921875,True
715,23.833333333333332,0.8003268241882324,27.468606014735997,35,unknown,142.85711690682604,JUMPING,False,,0.41866666666666696,,,27.531924796964155,11.50641570739746,3.83547190246582,255.5559844970703,227.84095764160156,160.8002166748047,137.925048828125,True
716,23.866666666666667,0.7726904153823853,26.688570040278137,35,unknown,142.85711690682604,JUMPING,False,,0.41866666666666696,,,27.531924796964155,12.46321936340332,4.1544064544677735,255.5559844970703,225.46044921875,160.8002166748047,135.33798217773438,True
717,23.9,0.7168422937393188,27.530711027793586,35,unknown,142.85711690682604,JUMPING,False,,0.41866666666666696,,,27.531924796964155,10.494028125,3.4980093749999996,254.5859832763672,225.26185607910156,160.30667114257812,135.31619262695312,True
718,23.933333333333334,0.7296996116638184,26.83107100892812,35,unknown,142.85711690682604,JUMPING,False,,0.41866666666666696,,,27.531924796964155,10.96886688079834,3.6562889602661133,253.61387634277344,224.76202392578125,159.64028930664062,135.66317749023438,True
719,23.966666666666665,0.775898814201355,26.756627950817347,35,unknown,142.85711690682604,JUMPING,False,,0.41866666666666696,,,27.531924796964155,12.63010687866211,4.210035626220703,253.61387634277344,228.3163299560547,159.64028930664062,138.73280334472656,True
720,24.0,0.7775404453277588,27.92659599799663,35,unknown,142.85711690682604,JUMPING,False,,0.41866666666666696,,,27.531924796964155,12.63010687866211,4.210035626220703,253.61387634277344,236.74899291992188,159.64028930664062,145.29159545898438,True
721,24.033333333333335,0.8155051469802856,26.863767998293042,36,unknown,142.85711690682604,JUMPING,True,0.43333333333333357,0.4218933333333336,28.851852416992188,24.3240966796875,27.861906701971165,12.63010687866211,4.210035626220703,253.61387634277344,246.93936157226562,159.64028930664062,153.4719696044922,False
722,24.066666666666666,0.7618919014930725,26.598902069963515,36,unknown,142.85711690682604,JUMPING,False,,0.4218933333333336,,,27.861906701971165,9.751667345689906,2.870524081420898,254.5859832763672,255.21853637695312,159.97718811035156,160.03334045410156,False
723,24.1,0.8034518957138062,27.69295498728752,36,unknown,142.85711690682604,JUMPING,False,,0.4218933333333336,,,27.861906701971165,9.751667345689906,2.836001870727539,255.13108825683594,257.2958679199219,160.36282348632812,161.67095947265625,False
724,24.133333333333333,0.7921013832092285,26.881040073931217,36,unknown,142.85711690682604,JUMPING,False,,0.4218933333333336,,,27.861906701971165,11.656471948242187,3.8854906494140624,255.13108825683594,251.39984130859375,160.36282348632812,157.07199096679688,False
725,24.166666666666668,0.7984283566474915,26.74925501924008,36,unknown,142.85711690682604,JUMPING,False,,0.4218933333333336,,,27.861906701971165,11.656471948242187,3.8854906494140624,255.13108825683594,246.11013793945312,160.36282348632812,153.66250610351562,False
726,24.2,0.8211685419082642,27.596430969424546,36,unknown,142.85711690682604,JUMPING,False,,0.4218933333333336,,,27.861906701971165,11.656471948242187,3.8854906494140624,255.13108825683594,239.85916137695312,160.36282348632812,147.44601440429688,True
727,24.233333333333334,0.8191421031951904,26.91583603154868,36,unknown,142.85711690682604,JUMPING,False,,0.4218933333333336,,,27.861906701971165,11.656471948242187,3.8854906494140624,255.13108825683594,233.88706970214844,160.36282348632812,141.6581573486328,True
728,24.266666666666666,0.7803240418434143,26.77077695261687,36,unknown,142.85711690682604,JUMPING,False,,0.4218933333333336,,,27.861906701971165,11.656471948242187,3.8854906494140624,255.13108825683594,228.82264709472656,160.36282348632812,137.43980407714844,True
729,24.3,0.755155622959137,27.573470026254654,36,unknown,142.85711690682604,JUMPING,False,,0.4218933333333336,,,27.861906701971165,11.656471948242187,3.8854906494140624,255.13108825683594,227.00595092773438,160.36282348632812,135.257568359375,True
730,24.333333333333332,0.7779661417007446,27.129922062158585,36,unknown,142.85711690682604,JUMPING,False,,0.4218933333333336,,,27.861906701971165,11.409703747558593,3.803234582519531,254.71714782714844,226.93267822265625,159.97718811035156,134.73182678222656,True
731,24.366666666666667,0.7624462842941284,26.693271938711405,36,unknown,142.85711690682604,JUMPING,False,,0.4218933333333336,,,27.861906701971165,12.240408581542967,4.080136193847656,253.61387634277344,228.46054077148438,159.64028930664062,136.33348083496094,True
732,24.4,0.763149619102478,27.5866340380162,36,unknown,142.85711690682604,JUMPING,False,,0.4218933333333336,,,27.861906701971165,10.494028125,3.4980093749999996,252.49452209472656,233.00088500976562,158.9268798828125,141.69198608398438,True
733,24.433333333333334,0.8175100088119507,27.126827044412494,37,unknown,145.16136596035605,JUMPING,True,0.3999999999999986,0.4170767999999999,25.561843872070312,24.195053100585938,27.286890994495952,10.860379815673827,3.620126605224609,252.49452209472656,241.6676025390625,158.9268798828125,150.0301513671875,False
734,24.466666666666665,0.8241503238677979,26.608144980855286,37,unknown,145.16136596035605,JUMPING,False,,0.4170767999999999,,,27.286890994495952,10.494028125,3.4980093749999996,252.49452209472656,250.23199462890625,158.9268798828125,158.26605224609375,False
735,24.5,0.8280030488967896,27.723956969566643,37,unknown,145.16136596035605,JUMPING,False,,0.4170767999999999,,,27.286890994495952,9.550411848073583,3.1601170166015624,253.61387634277344,254.24676513671875,159.64028930664062,161.16217041015625,False
736,24.533333333333335,0.8284038305282593,26.821337058208883,37,unknown,145.16136596035605,JUMPING,False,,0.4170767999999999,,,27.286890994495952,9.550411848073583,2.899752584838867,253.61387634277344,252.12115478515625,159.64028930664062,157.7614288330078,False
737,24.566666666666666,0.8494012951850891,26.81189402937889,37,unknown,145.16136596035605,JUMPING,False,,0.4170767999999999,,,27.286890994495952,9.550411848073583,2.733815222167969,253.61387634277344,250.52902221679688,159.64028930664062,154.9825897216797,False
738,24.6,0.8294520974159241,27.68011495936662,37,unknown,145.16136596035605,JUMPING,False,,0.4170767999999999,,,27.286890994495952,9.550411848073583,2.733815222167969,253.61387634277344,245.03164672851562,159.64028930664062,148.72738647460938,False
739,24.633333333333333,0.816633939743042,26.909457985311747,37,unknown,145.16136596035605,JUMPING,False,,0.4170767999999999,,,27.286890994495952,9.550411848073583,2.733815222167969,253.61387634277344,237.980712890625,159.64028930664062,141.92462158203125,True
740,24.666666666666668,0.7970079183578491,26.622117031365633,37,unknown,145.16136596035605,JUMPING,False,,0.4170767999999999,,,27.286890994495952,9.550411848073583,2.733815222167969,253.61387634277344,228.70042419433594,159.64028930664062,136.46810913085938,True
741,24.7,0.7707530856132507,27.767734020017087,37,unknown,145.16136596035605,JUMPING,False,,0.4170767999999999,,,27.286890994495952,9.550411848073583,2.733815222167969,253.61387634277344,224.63328552246094,159.64028930664062,133.78237915039062,True
742,24.733333333333334,0.8377746939659119,26.947545004077256,37,unknown,145.16136596035605,JUMPING,False,,0.4170767999999999,,,27.286890994495952,9.550411848073583,2.7559628265380858,253.61387634277344,222.27764892578125,159.64028930664062,132.7344207763672,True
743,24.766666666666666,0.7904211282730103,26.867349981330335,37,unknown,145.16136596035605,JUMPING,False,,0.4170767999999999,,,27.286890994495952,9.974158923339843,3.324719641113281,253.22750854492188,220.67251586914062,159.30587768554688,132.59803771972656,True
744,24.8,0.7922534942626953,27.795572066679597,37,unknown,145.16136596035605,JUMPING,False,,0.4170767999999999,,,27.286890994495952,9.550411848073583,2.80086884765625,253.22750854492188,222.69329833984375,159.30587768554688,134.84512329101562,True
745,24.833333333333332,0.8013098835945129,27.441637008450925,37,unknown,145.16136596035605,JUMPING,False,,0.4170767999999999,,,27.286890994495952,9.550411848073583,2.80086884765625,253.22750854492188,229.06329345703125,159.30587768554688,139.86007690429688,True
746,24.866666666666667,0.8270093202590942,26.486384915187955,37,unknown,145.16136596035605,JUMPING,False,,0.4170767999999999,,,27.286890994495952,9.550411848073583,2.80086884765625,253.22750854492188,237.77316284179688,159.30587768554688,147.32510375976562,True
747,24.9,0.8468430638313293,27.75573800317943,38,unknown,142.85711690682604,JUMPING,True,0.466666666666665,0.42798657066666623,32.55499267578125,26.707839965820312,28.603916414817277,9.974158923339843,3.324719641113281,253.22750854492188,247.84378051757812,159.30587768554688,156.2201385498047,False
748,24.933333333333334,0.8432177901268005,26.88197698444128,38,unknown,142.85711690682604,JUMPING,False,,0.42798657066666623,,,28.603916414817277,10.011370745186046,2.7559628265380858,253.5580291748047,252.9474639892578,159.97718811035156,160.7867431640625,False
749,24.966666666666665,0.8324365615844727,26.493728975765407,38,unknown,142.85711690682604,JUMPING,False,,0.42798657066666623,,,28.603916414817277,10.101275765991211,3.36709192199707,254.13409423828125,255.28936767578125,160.48538208007812,162.7911376953125,False
750,25.0,0.816190779209137,27.599537977948785,38,unknown,142.85711690682604,JUMPING,False,,0.42798657066666623,,,28.603916414817277,10.011370745186046,2.7559628265380858,254.13409423828125,252.36538696289062,160.48538208007812,159.977294921875,False
751,25.033333333333335,0.8642600178718567,26.92109195049852,38,unknown,142.85711690682604,JUMPING,False,,0.42798657066666623,,,28.603916414817277,10.011370745186046,2.7559628265380858,254.13409423828125,246.37911987304688,160.48538208007812,153.12518310546875,False
752,25.066666666666666,0.7997064590454102,26.572748087346554,38,unknown,142.85711690682604,JUMPING,False,,0.42798657066666623,,,28.603916414817277,10.011370745186046,2.7559628265380858,254.13409423828125,240.3463592529297,160.48538208007812,145.4274139404297,True
753,25.1,0.8075730204582214,27.81533298548311,38,unknown,142.85711690682604,JUMPING,False,,0.42798657066666623,,,28.603916414817277,10.011370745186046,2.7559628265380858,254.13409423828125,232.34774780273438,160.48538208007812,139.0580596923828,True
754,25.133333333333333,0.8085014820098877,26.864597923122346,38,unknown,142.85711690682604,JUMPING,False,,0.42798657066666623,,,28.603916414817277,10.101275765991211,3.36709192199707,254.13409423828125,229.4228515625,160.48538208007812,136.4444122314453,True
755,25.166666666666668,0.7818333506584167,26.82554896455258,38,unknown,142.85711690682604,JUMPING,False,,0.42798657066666623,,,28.603916414817277,10.011370745186046,2.7559628265380858,253.5580291748047,227.8457489013672,160.01092529296875,136.6463623046875,True
756,25.2,0.7893087863922119,27.59576099924743,38,unknown,142.85711690682604,JUMPING,False,,0.42798657066666623,,,28.603916414817277,10.011370745186046,3.151429907226562,252.71463012695312,227.26150512695312,160.01092529296875,137.5955810546875,True
757,25.233333333333334,0.7856709957122803,26.9692400470376,38,unknown,142.85711690682604,JUMPING,False,,0.42798657066666623,,,28.603916414817277,10.011370745186046,3.151429907226562,252.71463012695312,233.69398498535156,160.01092529296875,144.4674072265625,True
758,25.266666666666666,0.8004539012908936,26.626582024618983,39,unknown,147.54101618808767,JUMPING,True,0.36666666666666714,0.41449619178666647,25.453125,23.566513061523438,27.816218561112958,10.011370745186046,3.151429907226562,252.71463012695312,243.17950439453125,160.01092529296875,154.09475708007812,False
759,25.3,0.846892237663269,27.77054498437792,39,unknown,147.54101618808767,JUMPING,False,,0.41449619178666647,,,27.816218561112958,9.735676496389535,2.976149377441406,252.71463012695312,251.60467529296875,160.48538208007812,161.33262634277344,False
760,25.333333333333332,0.8221421241760254,26.899997959844768,39,unknown,147.54101618808767,JUMPING,False,,0.41449619178666647,,,27.816218561112958,9.735676496389535,2.7559628265380858,253.00079345703125,253.03634643554688,161.01199340820312,163.09371948242188,False
761,25.366666666666667,0.8369492888450623,26.81950607802719,39,unknown,147.54101618808767,JUMPING,False,,0.41449619178666647,,,27.816218561112958,9.735676496389535,2.7225943725585937,253.15988159179688,253.24224853515625,161.2644500732422,163.50308227539062,False
762,25.4,0.8297629952430725,27.6305420557037,39,unknown,147.54101618808767,JUMPING,False,,0.41449619178666647,,,27.816218561112958,9.735676496389535,2.110424633789062,253.15988159179688,252.83819580078125,161.53562927246094,162.89376831054688,False
763,25.433333333333334,0.8710556626319885,26.999079971574247,39,unknown,147.54101618808767,JUMPING,False,,0.41449619178666647,,,27.816218561112958,9.735676496389535,2.110424633789062,253.15988159179688,245.4443359375,161.53562927246094,153.04176330566406,False
764,25.466666666666665,0.7967519760131836,26.493718032725155,39,unknown,147.54101618808767,JUMPING,False,,0.41449619178666647,,,27.816218561112958,9.735676496389535,2.110424633789062,253.15988159179688,236.2010040283203,161.53562927246094,144.68585205078125,True
765,25.5,0.7580628991127014,27.52773300744593,39,unknown,147.54101618808767,JUMPING,False,,0.41449619178666647,,,27.816218561112958,9.735676496389535,2.110424633789062,253.15988159179688,231.92269897460938,161.53562927246094,139.3804931640625,True
766,25.533333333333335,0.7968987822532654,26.950169005431235,39,unknown,147.54101618808767,JUMPING,False,,0.41449619178666647,,,27.816218561112958,9.735676496389535,2.0883448974609373,253.15988159179688,226.62982177734375,161.53562927246094,136.77655029296875,True
767,25.566666666666666,0.7873731851577759,26.46584389731288,39,unknown,147.54101618808767,JUMPING,False,,0.41449619178666647,,,27.816218561112958,9.735676496389535,1.6301677459716797,253.00079345703125,223.57110595703125,161.53562927246094,135.83755493164062,True
768,25.6,0.8623218536376953,27.66859799157828,39,unknown,147.54101618808767,JUMPING,False,,0.41449619178666647,,,27.816218561112958,9.735676496389535,1.3000349670410156,252.9037628173828,228.20849609375,161.2644500732422,138.38742065429688,True
769,25.633333333333333,0.7793759107589722,26.87052101828158,39,unknown,147.54101618808767,JUMPING,False,,0.41449619178666647,,,27.816218561112958,9.735676496389535,1.2139330444335936,252.9037628173828,234.49143981933594,161.2644500732422,143.80111694335938,True
770,25.666666666666668,0.6898530721664429,26.559559046290815,40,unknown,145.16136596035605,JUMPING,True,0.40000000000000213,0.4113070295936003,29.332656860351562,25.426895141601562,28.19532813592261,9.735676496389535,1.3000349670410156,252.9037628173828,247.23086547851562,161.2644500732422,151.89572143554688,False
771,25.7,0.813709020614624,27.641023974865675,40,unknown,145.16136596035605,JUMPING,False,,0.4113070295936003,,,28.19532813592261,9.868364847572913,1.9585812011718748,253.00079345703125,254.58477783203125,161.2644500732422,159.0599365234375,False
772,25.733333333333334,0.8319057822227478,26.942485943436623,40,unknown,145.16136596035605,JUMPING,False,,0.4113070295936003,,,28.19532813592261,9.868364847572913,2.689406900024414,253.15988159179688,258.94342041015625,162.20773315429688,163.13427734375,False
773,25.766666666666666,0.8379504680633545,26.682383031584322,40,unknown,145.16136596035605,JUMPING,False,,0.4113070295936003,,,28.19532813592261,9.868364847572913,2.25792451171875,253.84495544433594,259.83526611328125,162.85272216796875,163.1878204345703,False
774,25.8,0.8599927425384521,27.667063986882567,40,unknown,145.16136596035605,JUMPING,False,,0.4113070295936003,,,28.19532813592261,9.868364847572913,1.990818521118164,254.14266967773438,253.98651123046875,162.85272216796875,158.61993408203125,False
775,25.833333333333332,0.835682213306427,27.141045895405114,40,unknown,145.16136596035605,JUMPING,False,,0.4113070295936003,,,28.19532813592261,9.868364847572913,2.25792451171875,254.14266967773438,248.9300537109375,162.85272216796875,151.06112670898438,False
776,25.866666666666667,0.7967707514762878,27.031995938159525,40,unknown,145.16136596035605,JUMPING,False,,0.4113070295936003,,,28.19532813592261,9.868364847572913,2.25792451171875,254.14266967773438,241.27017211914062,162.85272216796875,144.0404815673828,True
777,25.9,0.7961428165435791,27.729245950467885,40,unknown,145.16136596035605,JUMPING,False,,0.4113070295936003,,,28.19532813592261,9.868364847572913,2.25792451171875,254.14266967773438,236.72158813476562,162.85272216796875,138.75198364257812,True
778,25.933333333333334,0.8073211312294006,27.405757922679186,40,unknown,145.16136596035605,JUMPING,False,,0.4113070295936003,,,28.19532813592261,9.868364847572913,2.25792451171875,254.14266967773438,233.91293334960938,162.85272216796875,135.8875732421875,True
779,25.966666666666665,0.7441873550415039,30.043764039874077,40,unknown,145.16136596035605,JUMPING,False,,0.4113070295936003,,,28.19532813592261,9.868364847572913,1.990818521118164,254.14266967773438,233.4354248046875,162.85272216796875,135.64964294433594,True
780,26.0,0.768255352973938,27.85834006499499,40,unknown,145.16136596035605,JUMPING,False,,0.4113070295936003,,,28.19532813592261,9.868364847572913,2.209150012207031,253.68881225585938,235.3400115966797,162.85272216796875,138.09091186523438,True
781,26.033333333333335,0.7678766250610352,26.85432997532189,40,unknown,145.16136596035605,JUMPING,False,,0.4113070295936003,,,28.19532813592261,9.868364847572913,2.4274815032958985,253.68881225585938,240.21969604492188,162.85272216796875,143.69113159179688,True
782,26.066666666666666,0.7962350845336914,26.533634983934462,41,unknown,147.54088643871617,JUMPING,True,0.3999999999999986,0.408819483083008,20.253387451171875,27.203079223632812,26.209842964734925,9.868364847572913,2.4274815032958985,253.68881225585938,248.87701416015625,162.85272216796875,151.6751708984375,False
783,26.1,0.8016479015350342,27.5881749112159,41,unknown,147.54088643871617,JUMPING,False,,0.408819483083008,,,26.209842964734925,9.173445037657222,2.295704388427734,254.34547424316406,257.69256591796875,162.85272216796875,158.32269287109375,False
784,26.133333333333333,0.7767343521118164,27.105012093670666,41,unknown,147.54088643871617,JUMPING,False,,0.408819483083008,,,26.209842964734925,9.173445037657222,2.4278660888671872,255.00753784179688,258.7109375,162.85272216796875,160.38600158691406,False
785,26.166666666666668,0.7856111526489258,27.524876059032977,41,unknown,147.54088643871617,JUMPING,False,,0.408819483083008,,,26.209842964734925,9.173445037657222,2.496480679321289,256.7312927246094,259.15643310546875,162.85272216796875,161.1069793701172,False
786,26.2,0.798407793045044,28.166695032268763,41,unknown,147.54088643871617,JUMPING,False,,0.408819483083008,,,26.209842964734925,9.173445037657222,1.9804799560546873,256.7312927246094,252.65069580078125,162.85272216796875,156.716064453125,False
787,26.233333333333334,0.8538352251052856,27.26597001310438,41,unknown,147.54088643871617,JUMPING,False,,0.408819483083008,,,26.209842964734925,9.173445037657222,1.9804799560546873,256.7312927246094,244.37208557128906,162.85272216796875,149.4606170654297,True
788,26.266666666666666,0.8439128994941711,26.506580994464457,41,unknown,147.54088643871617,JUMPING,False,,0.408819483083008,,,26.209842964734925,9.173445037657222,1.9804799560546873,256.7312927246094,236.0017852783203,162.85272216796875,142.24163818359375,True
789,26.3,0.7446363568305969,27.719573001377285,41,unknown,147.54088643871617,JUMPING,False,,0.408819483083008,,,26.209842964734925,9.173445037657222,1.9804799560546873,256.7312927246094,230.85739135742188,162.85272216796875,137.30294799804688,True
790,26.333333333333332,0.7520573139190674,26.758035994134843,41,unknown,147.54088643871617,JUMPING,False,,0.408819483083008,,,26.209842964734925,9.173445037657222,1.9804799560546873,256.7312927246094,229.75,162.85272216796875,136.20684814453125,True
791,26.366666666666667,0.7473745346069336,26.546444045379758,41,unknown,147.54088643871617,JUMPING,False,,0.408819483083008,,,26.209842964734925,9.173445037657222,1.9804799560546873,256.7312927246094,229.3247528076172,162.85272216796875,135.91290283203125,True
792,26.4,0.7264354825019836,27.6367460610345,41,unknown,147.54088643871617,JUMPING,False,,0.408819483083008,,,26.209842964734925,9.173445037657222,1.9804799560546873,256.7312927246094,229.4305877685547,162.85272216796875,136.32846069335938,True
793,26.433333333333334,0.7757406234741211,27.086757007054985,41,unknown,147.54088643871617,JUMPING,False,,0.408819483083008,,,26.209842964734925,9.173445037657222,2.635474429321289,256.7312927246094,236.5417022705078,162.85272216796875,142.32723999023438,True
794,26.466666666666665,0.7752920389175415,26.671622064895928,41,unknown,147.54088643871617,JUMPING,False,,0.408819483083008,,,26.209842964734925,9.173445037657222,2.403478839111328,256.4494323730469,246.67356872558594,162.26930236816406,151.2915496826172,True
795,26.5,0.790726900100708,27.86762802861631,42,unknown,145.1612298961488,JUMPING,True,0.43333333333333357,0.4142125301380796,27.124679565429688,26.356399536132812,26.438552114908617,9.173445037657222,1.9804799560546873,256.4494323730469,253.96405029296875,162.26930236816406,158.6086883544922,False
796,26.533333333333335,0.7835887670516968,27.240718947723508,42,unknown,145.1612298961488,JUMPING,False,,0.4142125301380796,,,26.438552114908617,9.413568896484374,3.1378562988281247,257.3689880371094,256.88360595703125,162.3330078125,161.49188232421875,False
797,26.566666666666666,0.814587414264679,26.62811102345586,42,unknown,145.1612298961488,JUMPING,False,,0.4142125301380796,,,26.438552114908617,12.205728012084961,4.06857600402832,258.19189453125,258.5247802734375,162.88250732421875,162.86563110351562,False
798,26.6,0.7873618602752686,27.675456018187106,42,unknown,145.1612298961488,JUMPING,False,,0.4142125301380796,,,26.438552114908617,9.253493240218015,2.86747001953125,258.19189453125,252.70025634765625,162.88250732421875,158.6321563720703,False
799,26.633333333333333,0.7970191836357117,26.77522599697113,42,unknown,145.1612298961488,JUMPING,False,,0.4142125301380796,,,26.438552114908617,9.253493240218015,2.86747001953125,258.19189453125,244.15048217773438,162.88250732421875,151.48361206054688,True
800,26.666666666666668,0.8368364572525024,26.443721959367394,42,unknown,145.1612298961488,JUMPING,False,,0.4142125301380796,,,26.438552114908617,9.253493240218015,2.86747001953125,258.19189453125,236.26966857910156,162.88250732421875,144.00308227539062,True
801,26.7,0.8017473220825195,27.739719953387976,42,unknown,145.1612298961488,JUMPING,False,,0.4142125301380796,,,26.438552114908617,9.253493240218015,2.86747001953125,258.19189453125,232.47634887695312,162.88250732421875,138.336669921875,True
802,26.733333333333334,0.78560471534729,26.898007025010884,42,unknown,145.1612298961488,JUMPING,False,,0.4142125301380796,,,26.438552114908617,9.253493240218015,2.86747001953125,258.19189453125,229.9483184814453,162.88250732421875,135.339599609375,True
803,26.766666666666666,0.7735119462013245,26.785419089719653,42,unknown,145.1612298961488,JUMPING,False,,0.4142125301380796,,,26.438552114908617,9.253493240218015,2.86747001953125,258.19189453125,227.67141723632812,162.88250732421875,134.97850036621094,True
804,26.8,0.7639840841293335,27.634709957055748,42,unknown,145.1612298961488,JUMPING,False,,0.4142125301380796,,,26.438552114908617,9.253493240218015,2.86747001953125,258.19189453125,227.10275268554688,162.88250732421875,135.19052124023438,True
805,26.833333333333332,0.7650504112243652,27.036239975132048,42,unknown,145.1612298961488,JUMPING,False,,0.4142125301380796,,,26.438552114908617,12.646395208740234,4.215465069580078,258.19189453125,228.13035583496094,162.31613159179688,137.80963134765625,True
806,26.866666666666667,0.7632272839546204,26.480040047317743,42,unknown,145.1612298961488,JUMPING,False,,0.4142125301380796,,,26.438552114908617,10.224727734375,3.408242578125,258.19189453125,233.099853515625,161.33792114257812,142.39413452148438,True
807,26.9,0.8583647012710571,27.803231962025166,42,unknown,145.1612298961488,JUMPING,False,,0.4142125301380796,,,26.438552114908617,9.819691259765625,3.273230419921875,258.19189453125,243.52764892578125,160.81858825683594,149.73016357421875,True
808,26.933333333333334,0.7898877859115601,27.0891539985314,43,unknown,147.54101618808767,JUMPING,True,0.43333333333333357,0.4184191068410355,31.089141845703125,25.840087890625,27.601199547607244,10.224727734375,3.408242578125,258.19189453125,253.64105224609375,160.81858825683594,157.86541748046875,False
809,26.966666666666665,0.7603583931922913,26.775557082146406,43,unknown,147.54101618808767,JUMPING,False,,0.4184191068410355,,,27.601199547607244,9.894617578125,3.298205859375,258.636474609375,259.19012451171875,161.33792114257812,162.39744567871094,False
810,27.0,0.8339834213256836,28.156628948636353,43,unknown,147.54101618808767,JUMPING,False,,0.4184191068410355,,,27.601199547607244,9.660419841662534,3.1767673095703124,258.8504333496094,261.9990234375,162.03521728515625,164.6337127685547,False
811,27.033333333333335,0.7850518226623535,27.435234980657697,43,unknown,147.54101618808767,JUMPING,False,,0.4184191068410355,,,27.601199547607244,9.660419841662534,3.069128594970703,258.8504333496094,257.192626953125,162.03521728515625,161.211669921875,False
812,27.066666666666666,0.814857006072998,26.819266960956156,43,unknown,147.54101618808767,JUMPING,False,,0.4184191068410355,,,27.601199547607244,9.660419841662534,3.069128594970703,258.8504333496094,251.62246704101562,162.03521728515625,154.5301513671875,False
813,27.1,0.8288416862487793,28.21960300207138,43,unknown,147.54101618808767,JUMPING,False,,0.4184191068410355,,,27.601199547607244,9.660419841662534,3.069128594970703,258.8504333496094,242.74267578125,162.03521728515625,147.26461791992188,True
814,27.133333333333333,0.7777595520019531,27.1596199600026,43,unknown,147.54101618808767,JUMPING,False,,0.4184191068410355,,,27.601199547607244,9.660419841662534,3.069128594970703,258.8504333496094,235.30783081054688,162.03521728515625,140.70791625976562,True
815,27.166666666666668,0.7843661308288574,26.54793404508382,43,unknown,147.54101618808767,JUMPING,False,,0.4184191068410355,,,27.601199547607244,9.660419841662534,3.069128594970703,258.8504333496094,230.77444458007812,162.03521728515625,137.38339233398438,True
816,27.2,0.7349557876586914,27.767625055275857,43,unknown,147.54101618808767,JUMPING,False,,0.4184191068410355,,,27.601199547607244,9.660419841662534,2.2202803710937498,258.8504333496094,228.03042602539062,162.03521728515625,136.0360107421875,True
817,27.233333333333334,0.7724807262420654,26.926564052700996,43,unknown,147.54101618808767,JUMPING,False,,0.4184191068410355,,,27.601199547607244,9.660419841662534,3.069128594970703,258.636474609375,229.72543334960938,161.37979125976562,139.47366333007812,True
818,27.266666666666666,0.8022404909133911,26.596602983772755,43,unknown,147.54101618808767,JUMPING,False,,0.4184191068410355,,,27.601199547607244,9.660419841662534,2.9614898803710936,258.19189453125,238.16098022460938,161.1697998046875,147.32513427734375,True
819,27.3,0.7993583679199219,27.6099689071998,44,unknown,147.54101618808767,JUMPING,True,0.36666666666666714,0.4070335700026745,30.161468505859375,25.1337890625,28.241266787170275,9.660419841662534,2.565909686279297,258.19189453125,249.5952606201172,161.1697998046875,156.2074737548828,False
820,27.333333333333332,0.8114840984344482,26.99733106419444,44,unknown,147.54101618808767,JUMPING,False,,0.4070335700026745,,,28.241266787170275,9.884443375509596,2.9115390014648437,258.19189453125,256.7982177734375,161.37979125976562,161.810546875,False
821,27.366666666666667,0.7770830392837524,26.561270002275705,44,unknown,147.54101618808767,JUMPING,False,,0.4070335700026745,,,28.241266787170275,9.884443375509596,2.565909686279297,258.636474609375,259.86572265625,161.68307495117188,164.634521484375,False
822,27.4,0.7747425436973572,27.588029042817652,44,unknown,147.54101618808767,JUMPING,False,,0.4070335700026745,,,28.241266787170275,9.884443375509596,2.1703294921875,258.64825439453125,258.55426025390625,162.16268920898438,162.94024658203125,False
823,27.433333333333334,0.7745300531387329,27.09246997255832,44,unknown,147.54101618808767,JUMPING,False,,0.4070335700026745,,,28.241266787170275,9.884443375509596,2.1703294921875,258.64825439453125,249.36679077148438,162.16268920898438,157.03460693359375,False
824,27.466666666666665,0.823560893535614,26.605596067383885,44,unknown,147.54101618808767,JUMPING,False,,0.4070335700026745,,,28.241266787170275,9.884443375509596,2.1703294921875,258.64825439453125,241.23609924316406,162.16268920898438,149.43148803710938,True
825,27.5,0.8225656747817993,27.9970740666613,44,unknown,147.54101618808767,JUMPING,False,,0.4070335700026745,,,28.241266787170275,9.884443375509596,2.1703294921875,258.64825439453125,233.71307373046875,162.16268920898438,142.9053955078125,True
826,27.533333333333335,0.7772824764251709,26.948381098918617,44,unknown,147.54101618808767,JUMPING,False,,0.4070335700026745,,,28.241266787170275,9.884443375509596,2.1703294921875,258.64825439453125,228.55494689941406,162.16268920898438,138.59011840820312,True
827,27.566666666666666,0.77763831615448,26.76085103303194,44,unknown,147.54101618808767,JUMPING,False,,0.4070335700026745,,,28.241266787170275,9.884443375509596,2.1703294921875,258.64825439453125,225.552978515625,162.16268920898438,136.35015869140625,True
828,27.6,0.7606550455093384,27.425153995864093,44,unknown,147.54101618808767,JUMPING,False,,0.4070335700026745,,,28.241266787170275,9.884443375509596,1.9489891845703124,258.64825439453125,225.11923217773438,162.16268920898438,137.03530883789062,True
829,27.633333333333333,0.7758479118347168,27.055718936026096,44,unknown,147.54101618808767,JUMPING,False,,0.4070335700026745,,,28.241266787170275,9.884443375509596,2.9614898803710936,258.54248046875,229.5906524658203,162.16268920898438,139.90817260742188,True
830,27.666666666666668,0.7719889879226685,26.644696947187185,44,unknown,147.54101618808767,JUMPING,False,,0.4070335700026745,,,28.241266787170275,12.985599682617188,4.3285332275390624,257.9919128417969,236.24676513671875,162.16268920898438,146.11135864257812,True
831,27.7,0.7976540923118591,27.6103219948709,45,unknown,147.54088643871617,JUMPING,True,0.3999999999999986,0.4054861846020858,32.8726806640625,25.812530517578125,29.39912025639333,11.074164147949219,3.691388049316406,257.9919128417969,247.52882385253906,162.16268920898438,154.37823486328125,False
832,27.733333333333334,0.7745828628540039,26.99119201861322,45,unknown,147.54088643871617,JUMPING,False,,0.4054861846020858,,,29.39912025639333,12.985599682617188,4.3285332275390624,257.9919128417969,253.9104461669922,162.16268920898438,159.79403686523438,False
833,27.766666666666666,0.7577751874923706,26.681454037316144,45,unknown,147.54088643871617,JUMPING,False,,0.4054861846020858,,,29.39912025639333,11.156420214843749,3.7188067382812497,257.9919128417969,257.1556396484375,162.52566528320312,162.61114501953125,False
834,27.8,0.7848870158195496,27.68423198722303,45,unknown,147.54088643871617,JUMPING,False,,0.4054861846020858,,,29.39912025639333,10.289692089737665,3.4196444091796874,257.9919128417969,255.5194549560547,162.52566528320312,161.7637939453125,False
835,27.833333333333332,0.7686406373977661,26.858418015763164,45,unknown,147.54088643871617,JUMPING,False,,0.4054861846020858,,,29.39912025639333,10.289692089737665,3.4196444091796874,257.9919128417969,250.60855102539062,162.52566528320312,156.9522247314453,False
836,27.866666666666667,0.8317858576774597,26.591465924866498,45,unknown,147.54088643871617,JUMPING,False,,0.4054861846020858,,,29.39912025639333,10.289692089737665,3.4196444091796874,257.9919128417969,243.1796875,162.52566528320312,149.63400268554688,True
837,27.9,0.7942219376564026,27.609520009718835,45,unknown,147.54088643871617,JUMPING,False,,0.4054861846020858,,,29.39912025639333,10.289692089737665,3.4196444091796874,257.9919128417969,236.59107971191406,162.52566528320312,143.22467041015625,True
838,27.933333333333334,0.8232641220092773,26.78627602290362,45,unknown,147.54088643871617,JUMPING,False,,0.4054861846020858,,,29.39912025639333,10.289692089737665,3.4196444091796874,257.9919128417969,232.6856231689453,162.52566528320312,139.7151641845703,True
839,27.966666666666665,0.7734336256980896,26.655624038539827,45,unknown,147.54088643871617,JUMPING,False,,0.4054861846020858,,,29.39912025639333,10.289692089737665,3.4196444091796874,257.9919128417969,230.73577880859375,162.52566528320312,138.84957885742188,True
840,28.0,0.7434263229370117,27.489732950925827,45,unknown,147.54088643871617,JUMPING,False,,0.4054861846020858,,,29.39912025639333,10.289692089737665,2.746619659423828,257.9919128417969,230.4005126953125,162.52566528320312,138.74325561523438,True
841,28.033333333333335,0.8061873316764832,26.86661505140364,45,unknown,147.54088643871617,JUMPING,False,,0.4054861846020858,,,29.39912025639333,10.289692089737665,3.016327258300781,257.9919128417969,232.28985595703125,162.52566528320312,141.86508178710938,True
842,28.066666666666666,0.8037272095680237,26.552653056569397,45,unknown,147.54088643871617,JUMPING,False,,0.4054861846020858,,,29.39912025639333,12.844230551147461,4.2814101837158205,257.1778259277344,239.52932739257812,162.16268920898438,148.13702392578125,True
843,28.1,0.7978850603103638,27.695382945239544,46,unknown,147.54101618808767,JUMPING,True,0.40000000000000213,0.4042792239896274,26.777313232421875,23.41943359375,28.743668500400467,11.34631499633789,3.7821049987792965,257.1778259277344,250.41477966308594,162.16268920898438,156.16705322265625,False
844,28.133333333333333,0.8068935871124268,27.116445009596646,46,unknown,147.54101618808767,JUMPING,False,,0.4042792239896274,,,28.743668500400467,10.638722790527343,3.546240930175781,257.1778259277344,256.0032043457031,162.16268920898438,161.63754272460938,False
845,28.166666666666668,0.8132860064506531,27.50489709433168,46,unknown,147.54101618808767,JUMPING,False,,0.4042792239896274,,,28.743668500400467,10.060283975140162,2.4258074249267576,258.0096130371094,258.71044921875,162.52566528320312,164.44207763671875,False
846,28.2,0.7701668739318848,28.131745057180524,46,unknown,147.54101618808767,JUMPING,False,,0.4042792239896274,,,28.743668500400467,10.060283975140162,2.4543346252441407,258.0096130371094,256.38726806640625,162.80860900878906,163.33335876464844,False
847,28.233333333333334,0.8106224536895752,27.223197044804692,46,unknown,147.54101618808767,JUMPING,False,,0.4042792239896274,,,28.743668500400467,10.060283975140162,2.4543346252441407,258.0096130371094,250.26385498046875,162.80860900878906,158.00787353515625,False
848,28.266666666666666,0.8505553007125854,26.837944984436035,46,unknown,147.54101618808767,JUMPING,False,,0.4042792239896274,,,28.743668500400467,10.060283975140162,2.4543346252441407,258.0096130371094,242.4576873779297,162.80860900878906,150.46432495117188,True
849,28.3,0.8082065582275391,27.660141000524163,46,unknown,147.54101618808767,JUMPING,False,,0.4042792239896274,,,28.743668500400467,10.060283975140162,2.4543346252441407,258.0096130371094,234.69601440429688,162.80860900878906,144.0405731201172,True
850,28.333333333333332,0.7798657417297363,27.150844107382,46,unknown,147.54101618808767,JUMPING,False,,0.4042792239896274,,,28.743668500400467,10.060283975140162,2.4543346252441407,258.0096130371094,227.38436889648438,162.80860900878906,139.6827850341797,True
851,28.366666666666667,0.7977526783943176,26.844542007893324,46,unknown,147.54101618808767,JUMPING,False,,0.4042792239896274,,,28.743668500400467,10.060283975140162,2.4543346252441407,258.0096130371094,223.21768188476562,162.80860900878906,137.44992065429688,True
852,28.4,0.7786856293678284,27.486926061101258,46,unknown,147.54101618808767,JUMPING,False,,0.4042792239896274,,,28.743668500400467,10.060283975140162,2.4543346252441407,258.0096130371094,222.79502868652344,162.80860900878906,137.4936065673828,True
853,28.433333333333334,0.753774881362915,26.971844024956226,46,unknown,147.54101618808767,JUMPING,False,,0.4042792239896274,,,28.743668500400467,10.060283975140162,2.3051606689453124,258.0096130371094,222.5147705078125,162.80860900878906,138.00302124023438,True
854,28.466666666666665,0.7499895095825195,26.576538919471204,46,unknown,147.54101618808767,JUMPING,False,,0.4042792239896274,,,28.743668500400467,10.333045129394531,3.4443483764648435,257.1778259277344,232.91085815429688,162.80860900878906,144.50836181640625,True
855,28.5,0.7722495198249817,28.29575107898563,46,unknown,147.54101618808767,JUMPING,False,,0.4042792239896274,,,28.743668500400467,10.060283975140162,3.2127826171875,257.0126647949219,246.73687744140625,162.29090881347656,153.88583374023438,True
856,28.533333333333335,0.7668436169624329,27.62200904544443,47,unknown,147.54101618808767,JUMPING,True,0.43333333333333357,0.41067112804524275,34.11907958984375,25.058303833007812,30.087521272761286,10.327378147888183,3.4424593826293943,256.63385009765625,255.642822265625,162.5082244873047,162.35385131835938,False
857,28.566666666666666,0.7842182517051697,27.03047194518149,47,unknown,147.54101618808767,JUMPING,False,,0.41067112804524275,,,30.087521272761286,10.53063244546645,3.4424593826293943,257.0126647949219,260.666259765625,162.80860900878906,167.13677978515625,False
858,28.6,0.828007698059082,27.70278404932469,47,unknown,147.54101618808767,JUMPING,False,,0.41067112804524275,,,30.087521272761286,10.53063244546645,2.249701167297363,257.99481201171875,263.12158203125,163.17611694335938,167.4805450439453,False
859,28.633333333333333,0.7871553301811218,26.919160038232803,47,unknown,147.54101618808767,JUMPING,False,,0.41067112804524275,,,30.087521272761286,10.53063244546645,2.3051606689453124,258.6479797363281,259.12396240234375,163.17611694335938,162.67642211914062,False
860,28.666666666666668,0.8392922282218933,26.804891997016966,47,unknown,147.54101618808767,JUMPING,False,,0.41067112804524275,,,30.087521272761286,10.53063244546645,2.3051606689453124,258.6479797363281,251.12399291992188,163.17611694335938,155.19769287109375,False
861,28.7,0.8070988655090332,27.78340899385512,47,unknown,147.54101618808767,JUMPING,False,,0.41067112804524275,,,30.087521272761286,10.53063244546645,2.3051606689453124,258.6479797363281,240.8082275390625,163.17611694335938,147.30548095703125,True
862,28.733333333333334,0.8210781812667847,26.862568920478225,47,unknown,147.54101618808767,JUMPING,False,,0.41067112804524275,,,30.087521272761286,10.53063244546645,2.3051606689453124,258.6479797363281,234.05865478515625,163.17611694335938,142.88412475585938,True
863,28.766666666666666,0.8226849436759949,26.53969789389521,47,unknown,147.54101618808767,JUMPING,False,,0.41067112804524275,,,30.087521272761286,10.53063244546645,2.3051606689453124,258.6479797363281,228.05499267578125,163.17611694335938,139.47589111328125,True
864,28.8,0.8093668818473816,27.698358986526728,47,unknown,147.54101618808767,JUMPING,False,,0.41067112804524275,,,30.087521272761286,10.53063244546645,2.3051606689453124,258.6479797363281,226.22256469726562,163.17611694335938,137.9658203125,True
865,28.833333333333332,0.7446609735488892,27.272730018012226,47,unknown,147.54101618808767,JUMPING,False,,0.41067112804524275,,,30.087521272761286,10.53063244546645,2.863284823608398,258.6479797363281,227.77992248535156,163.17611694335938,138.42526245117188,True
866,28.866666666666667,0.7422546148300171,26.7254930222407,47,unknown,147.54101618808767,JUMPING,False,,0.41067112804524275,,,30.087521272761286,10.53063244546645,2.758971643066406,257.99481201171875,229.59283447265625,162.834716796875,139.4375,True
867,28.9,0.7922072410583496,27.530589955858886,47,unknown,147.54101618808767,JUMPING,False,,0.41067112804524275,,,30.087521272761286,13.76234942321777,4.587449807739257,256.8482971191406,230.35430908203125,162.6503143310547,143.19183349609375,True
868,28.933333333333334,0.7965633869171143,27.071904973126948,47,unknown,147.54101618808767,JUMPING,False,,0.41067112804524275,,,30.087521272761286,13.76234942321777,4.587449807739257,256.8482971191406,239.2296142578125,162.6503143310547,149.97909545898438,True
869,28.966666666666665,0.8013383150100708,27.372290031053126,48,unknown,147.54088643871617,JUMPING,True,0.43333333333333,0.41565681320862197,30.625732421875,24.684494018554688,30.222074060039716,13.76234942321777,4.587449807739257,256.8482971191406,248.59555053710938,162.6503143310547,157.9884490966797,False
870,29.0,0.8168214559555054,27.497633011080325,48,unknown,147.54088643871617,JUMPING,False,,0.41565681320862197,,,30.222074060039716,13.644191162109374,4.548063720703125,256.8482971191406,254.88336181640625,162.68496704101562,162.690673828125,False
871,29.033333333333335,0.8099854588508606,26.954052038490772,48,unknown,147.54088643871617,JUMPING,False,,0.41565681320862197,,,30.222074060039716,10.674726786804198,3.5582422622680663,256.8482971191406,256.1375732421875,162.68496704101562,162.3372344970703,False
872,29.066666666666666,0.8080535531044006,26.749126031063497,48,unknown,147.54088643871617,JUMPING,False,,0.41565681320862197,,,30.222074060039716,10.5777259210139,3.1027232757568357,256.8482971191406,256.24066162109375,162.68496704101562,161.49508666992188,False
873,29.1,0.822398841381073,27.95163495466113,48,unknown,147.54088643871617,JUMPING,False,,0.41565681320862197,,,30.222074060039716,10.674726786804198,3.5582422622680663,256.8482971191406,250.21405029296875,162.68496704101562,155.69979858398438,False
874,29.133333333333333,0.8807864189147949,26.825170032680035,48,unknown,147.54088643871617,JUMPING,False,,0.41565681320862197,,,30.222074060039716,10.674726786804198,3.5582422622680663,256.8482971191406,244.36752319335938,162.68496704101562,148.669921875,True
875,29.166666666666668,0.8147691488265991,26.600407902151346,48,unknown,147.54088643871617,JUMPING,False,,0.41565681320862197,,,30.222074060039716,10.674726786804198,3.5582422622680663,256.8482971191406,236.67733764648438,162.68496704101562,142.59315490722656,True
876,29.2,0.7932454347610474,27.49479899648577,48,unknown,147.54088643871617,JUMPING,False,,0.41565681320862197,,,30.222074060039716,10.674726786804198,3.5582422622680663,256.8482971191406,231.9620361328125,162.68496704101562,139.24024963378906,True
877,29.233333333333334,0.7659043073654175,26.868754997849464,48,unknown,147.54088643871617,JUMPING,False,,0.41565681320862197,,,30.222074060039716,12.04128374633789,4.013761248779296,256.8482971191406,231.1831817626953,162.68496704101562,139.08477783203125,True
878,29.266666666666666,0.7804149389266968,27.034795028157532,48,unknown,147.54088643871617,JUMPING,False,,0.41565681320862197,,,30.222074060039716,13.76234942321777,4.587449807739257,256.32861328125,234.587158203125,162.68496704101562,142.06918334960938,True
879,29.3,0.7971138954162598,27.955508907325566,48,unknown,147.54088643871617,JUMPING,False,,0.41565681320862197,,,30.222074060039716,13.880507684326172,4.6268358947753905,256.32861328125,241.240478515625,162.68496704101562,148.15591430664062,True
880,29.333333333333332,0.791898787021637,26.988581055775285,49,unknown,147.54088643871617,JUMPING,True,0.36666666666666714,0.4048789809693919,25.145431518554688,23.600189208984375,28.95291342466846,13.880507684326172,4.6268358947753905,256.32861328125,249.7503662109375,162.68496704101562,156.76803588867188,False
881,29.366666666666667,0.7912900447845459,27.103946078568697,49,unknown,147.54088643871617,JUMPING,False,,0.4048789809693919,,,28.95291342466846,13.667944976806638,4.555981658935546,256.32861328125,255.68528747558594,162.68496704101562,161.7789306640625,False
882,29.4,0.7995397448539734,27.669606963172555,49,unknown,147.54088643871617,JUMPING,False,,0.4048789809693919,,,28.95291342466846,10.13351969863396,2.0123326904296874,257.7811584472656,259.29437255859375,163.07627868652344,164.58746337890625,False
883,29.433333333333334,0.831037163734436,27.31501206289977,49,unknown,147.54088643871617,JUMPING,False,,0.4048789809693919,,,28.95291342466846,10.13351969863396,2.2296914062499997,258.95855712890625,260.91326904296875,163.9985809326172,165.47955322265625,False
884,29.466666666666665,0.8327611684799194,26.488843956030905,49,unknown,147.54088643871617,JUMPING,False,,0.4048789809693919,,,28.95291342466846,10.13351969863396,2.837019891357422,258.95855712890625,252.0941162109375,163.9985809326172,158.7432861328125,False
885,29.5,0.8004264235496521,27.531899977475405,49,unknown,147.54088643871617,JUMPING,False,,0.4048789809693919,,,28.95291342466846,10.13351969863396,2.837019891357422,258.95855712890625,243.92034912109375,163.9985809326172,150.41351318359375,True
886,29.533333333333335,0.8171948194503784,27.160840923897922,49,unknown,147.54088643871617,JUMPING,False,,0.4048789809693919,,,28.95291342466846,10.13351969863396,2.837019891357422,258.95855712890625,235.33673095703125,163.9985809326172,143.40481567382812,True
887,29.566666666666666,0.820095956325531,26.58089599572122,49,unknown,147.54088643871617,JUMPING,False,,0.4048789809693919,,,28.95291342466846,10.13351969863396,2.837019891357422,258.95855712890625,230.06434631347656,163.9985809326172,139.52577209472656,True
888,29.6,0.7919532060623169,27.528531034477055,49,unknown,147.54088643871617,JUMPING,False,,0.4048789809693919,,,28.95291342466846,10.13351969863396,2.837019891357422,258.95855712890625,228.3735809326172,163.9985809326172,137.5515899658203,True
889,29.633333333333333,0.7622650861740112,26.757629006169736,49,unknown,147.54088643871617,JUMPING,False,,0.4048789809693919,,,28.95291342466846,10.333045129394531,3.4443483764648435,258.95855712890625,226.85977172851562,163.9985809326172,137.59735107421875,True
890,29.666666666666668,0.7772849202156067,26.463384041562676,49,unknown,147.54088643871617,JUMPING,False,,0.4048789809693919,,,28.95291342466846,12.82434521484375,4.274781738281249,258.0292663574219,228.76248168945312,163.07627868652344,140.41934204101562,True
891,29.7,0.8113492727279663,27.554895030334592,49,unknown,147.54088643871617,JUMPING,False,,0.4048789809693919,,,28.95291342466846,13.432578607177732,4.4775262023925775,257.97064208984375,235.30006408691406,162.68496704101562,146.2389373779297,True
892,29.733333333333334,0.798720121383667,26.79564489517361,50,unknown,147.54101618808767,JUMPING,True,0.40000000000000213,0.4038056051561262,31.110870361328125,25.133377075195312,29.492402658833377,13.432578607177732,4.4775262023925775,257.97064208984375,245.8897247314453,162.68496704101562,154.453857421875,False
893,29.766666666666666,0.7971574664115906,26.9251000136137,50,unknown,147.54101618808767,JUMPING,False,,0.4038056051561262,,,29.492402658833377,14.040811999511718,4.6802706665039056,257.97064208984375,252.3131103515625,162.68496704101562,159.04998779296875,False
894,29.8,0.8162282109260559,27.730412082746625,50,unknown,147.54101618808767,JUMPING,False,,0.4038056051561262,,,29.492402658833377,13.5822955078125,4.5274318359375,259.2261962890625,260.07232666015625,163.02853393554688,163.2537841796875,False
895,29.833333333333332,0.8220940828323364,27.170460089109838,50,unknown,147.54101618808767,JUMPING,False,,0.4038056051561262,,,29.492402658833377,10.391411645507812,3.463803881835937,259.63433837890625,259.8609619140625,163.34454345703125,163.40505981445312,False
896,29.866666666666667,0.8214033842086792,26.52584796305746,50,unknown,147.54101618808767,JUMPING,False,,0.4038056051561262,,,29.492402658833377,12.82434521484375,4.274781738281249,259.63433837890625,254.76669311523438,163.34454345703125,158.93310546875,False
897,29.9,0.8675805926322937,27.735798968933523,50,unknown,147.54101618808767,JUMPING,False,,0.4038056051561262,,,29.492402658833377,12.82434521484375,4.274781738281249,259.63433837890625,248.50802612304688,163.34454345703125,151.4175262451172,False
898,29.933333333333334,0.8465372920036316,26.97418804746121,50,unknown,147.54101618808767,JUMPING,False,,0.4038056051561262,,,29.492402658833377,12.82434521484375,4.274781738281249,259.63433837890625,244.7860107421875,163.34454345703125,146.8146514892578,True
899,29.966666666666665,0.7887248992919922,26.67639101855457,50,unknown,147.54101618808767,JUMPING,False,,0.4038056051561262,,,29.492402658833377,12.82434521484375,4.274781738281249,259.63433837890625,236.3859100341797,163.34454345703125,141.6968231201172,True
900,30.0,0.7999248504638672,28.04930100683123,50,unknown,147.54101618808767,JUMPING,False,,0.4038056051561262,,,29.492402658833377,12.82434521484375,4.274781738281249,259.63433837890625,231.30613708496094,163.34454345703125,138.90957641601562,True
901,30.033333333333335,0.7679094076156616,26.933867018669844,50,unknown,147.54101618808767,JUMPING,False,,0.4038056051561262,,,29.492402658833377,10.391411645507812,3.463803881835937,259.63433837890625,228.29054260253906,163.34454345703125,138.90414428710938,True
902,30.066666666666666,0.7960590124130249,26.767014991492033,50,unknown,147.54101618808767,JUMPING,False,,0.4038056051561262,,,29.492402658833377,12.82434521484375,4.274781738281249,259.2261962890625,227.20864868164062,163.02853393554688,140.4846649169922,True
903,30.1,0.7981534004211426,27.913030004128814,50,unknown,147.54101618808767,JUMPING,False,,0.4038056051561262,,,29.492402658833377,13.432578607177732,4.4775262023925775,257.97064208984375,231.55105590820312,162.68496704101562,145.5396728515625,True
904,30.133333333333333,0.7999542951583862,26.994555024430156,50,unknown,147.54101618808767,JUMPING,False,,0.4038056051561262,,,29.492402658833377,15.97281155090332,5.324270516967773,256.1994323730469,235.0853271484375,162.54930114746094,148.8091583251953,True
905,30.166666666666668,0.7910627722740173,26.916836039163172,51,unknown,145.16136596035605,JUMPING,True,0.43333333333333357,0.4103017053551118,28.99078369140625,23.645156860351562,29.366997916976594,15.525629022216796,5.175209674072265,256.1994323730469,245.6907958984375,162.54930114746094,155.44772338867188,False
906,30.2,0.799336314201355,27.67892403062433,51,unknown,145.16136596035605,JUMPING,False,,0.4103017053551118,,,29.366997916976594,10.278449270941808,3.359762173461914,257.0659484863281,257.6161193847656,162.54930114746094,161.72097778320312,False
907,30.233333333333334,0.8198596835136414,27.145807980559766,51,unknown,145.16136596035605,JUMPING,False,,0.4103017053551118,,,29.366997916976594,10.278449270941808,3.3282035339355467,258.6230773925781,260.2027587890625,163.02853393554688,164.0087890625,False
908,30.266666666666666,0.8589253425598145,26.785867987200618,51,unknown,145.16136596035605,JUMPING,False,,0.4103017053551118,,,29.366997916976594,10.278449270941808,3.118468661499023,258.6230773925781,255.3722381591797,163.02853393554688,160.389892578125,False
909,30.3,0.8886504769325256,27.61238708626479,51,unknown,145.16136596035605,JUMPING,False,,0.4103017053551118,,,29.366997916976594,10.278449270941808,3.118468661499023,258.6230773925781,246.8355712890625,163.02853393554688,153.88571166992188,True
910,30.333333333333332,0.8626688122749329,26.844298001378775,51,unknown,145.16136596035605,JUMPING,False,,0.4103017053551118,,,29.366997916976594,10.278449270941808,3.118468661499023,258.6230773925781,239.08546447753906,163.02853393554688,146.95941162109375,True
911,30.366666666666667,0.8515630960464478,26.95974800735712,51,unknown,145.16136596035605,JUMPING,False,,0.4103017053551118,,,29.366997916976594,10.278449270941808,3.118468661499023,258.6230773925781,233.84814453125,163.02853393554688,142.66452026367188,True
912,30.4,0.8464946746826172,27.815775014460087,51,unknown,145.16136596035605,JUMPING,False,,0.4103017053551118,,,29.366997916976594,10.278449270941808,3.118468661499023,258.6230773925781,228.89785766601562,163.02853393554688,138.96031188964844,True
913,30.433333333333334,0.8442212343215942,27.169393026269972,51,unknown,145.16136596035605,JUMPING,False,,0.4103017053551118,,,29.366997916976594,10.278449270941808,3.118468661499023,258.6230773925781,226.16226196289062,163.02853393554688,137.31161499023438,True
914,30.466666666666665,0.7975757122039795,26.971317012794316,51,unknown,145.16136596035605,JUMPING,False,,0.4103017053551118,,,29.366997916976594,10.278449270941808,2.1853057067871093,258.6230773925781,224.7506103515625,163.02853393554688,136.93997192382812,True
915,30.5,0.8008179068565369,28.203621972352266,51,unknown,145.16136596035605,JUMPING,False,,0.4103017053551118,,,29.366997916976594,10.278449270941808,3.3563687713623045,258.6230773925781,230.80990600585938,162.8871612548828,141.9062042236328,True
916,30.533333333333335,0.8129299283027649,27.015403960831463,51,unknown,145.16136596035605,JUMPING,False,,0.4103017053551118,,,29.366997916976594,10.278449270941808,3.3282035339355467,258.6230773925781,240.0579833984375,162.66383361816406,149.35247802734375,True
917,30.566666666666666,0.816006064414978,26.758220978081226,51,unknown,145.16136596035605,JUMPING,False,,0.4103017053551118,,,29.366997916976594,10.278449270941808,3.1175411315917967,258.6230773925781,246.25143432617188,162.66383361816406,154.40432739257812,True
918,30.6,0.8095093965530396,27.602707035839558,52,unknown,145.1612298961488,JUMPING,True,0.43333333333333357,0.4153686635103206,33.872467041015625,25.723861694335938,30.49336519798635,10.92471871948242,3.6415729064941402,258.6230773925781,253.63278198242188,162.66383361816406,160.77362060546875,False
919,30.633333333333333,0.8476365804672241,26.948841055855155,52,unknown,145.1612298961488,JUMPING,False,,0.4153686635103206,,,30.49336519798635,10.672677819295222,2.400175927734375,259.63433837890625,259.8817138671875,163.34454345703125,163.82904052734375,False
920,30.666666666666668,0.7885067462921143,26.887240004725754,52,unknown,145.1612298961488,JUMPING,False,,0.4153686635103206,,,30.49336519798635,10.672677819295222,2.64099436340332,259.63433837890625,256.6401062011719,163.34454345703125,162.47128295898438,False
921,30.7,0.8326094150543213,28.128174017183483,52,unknown,145.1612298961488,JUMPING,False,,0.4153686635103206,,,30.49336519798635,10.672677819295222,2.64099436340332,259.63433837890625,250.15899658203125,163.34454345703125,156.50479125976562,False
922,30.733333333333334,0.8510754704475403,26.890006964094937,52,unknown,145.1612298961488,JUMPING,False,,0.4153686635103206,,,30.49336519798635,10.672677819295222,2.64099436340332,259.63433837890625,245.78115844726562,163.34454345703125,152.48634338378906,True
923,30.766666666666666,0.8290438652038574,26.656301924958825,52,unknown,145.1612298961488,JUMPING,False,,0.4153686635103206,,,30.49336519798635,10.672677819295222,2.64099436340332,259.63433837890625,239.10104370117188,163.34454345703125,146.55038452148438,True
924,30.8,0.7756758332252502,27.613312005996704,52,unknown,145.1612298961488,JUMPING,False,,0.4153686635103206,,,30.49336519798635,10.672677819295222,2.64099436340332,259.63433837890625,229.59783935546875,163.34454345703125,141.33340454101562,True
925,30.833333333333332,0.784544050693512,27.049798984080553,52,unknown,145.1612298961488,JUMPING,False,,0.4153686635103206,,,30.49336519798635,10.672677819295222,2.64099436340332,259.63433837890625,223.91064453125,163.34454345703125,138.07029724121094,True
926,30.866666666666667,0.7808928489685059,31.051849015057087,52,unknown,145.1612298961488,JUMPING,False,,0.4153686635103206,,,30.49336519798635,10.672677819295222,2.400175927734375,259.63433837890625,221.0167236328125,163.34454345703125,136.8411865234375,True
927,30.9,0.7922197580337524,28.102645999751985,52,unknown,145.1612298961488,JUMPING,False,,0.4153686635103206,,,30.49336519798635,12.671370648193358,4.223790216064453,258.9630126953125,222.12564086914062,162.94078063964844,137.14431762695312,True
928,30.933333333333334,0.7678008079528809,27.24060299806297,52,unknown,145.1612298961488,JUMPING,False,,0.4153686635103206,,,30.49336519798635,14.32572203979492,4.77524067993164,257.2257080078125,226.12295532226562,162.17115783691406,140.1856689453125,True
929,30.966666666666665,0.8282483816146851,26.75043500494212,52,unknown,145.1612298961488,JUMPING,False,,0.4153686635103206,,,30.49336519798635,12.201316589355468,4.067105529785156,257.2257080078125,233.03927612304688,162.17115783691406,146.23045349121094,True
930,31.0,0.829989492893219,28.077668976038694,52,unknown,145.1612298961488,JUMPING,False,,0.4153686635103206,,,30.49336519798635,12.201316589355468,4.067105529785156,257.2257080078125,243.60684204101562,162.17115783691406,154.16514587402344,True
931,31.033333333333335,0.7986406087875366,27.049465104937553,53,unknown,145.16136596035605,JUMPING,True,0.43333333333333357,0.41932089087138347,36.208984375,25.329971313476562,31.922269992239762,14.32572203979492,4.77524067993164,257.2257080078125,251.61312866210938,162.17115783691406,160.18588256835938,False
932,31.066666666666666,0.811458945274353,27.149750967510045,53,unknown,145.16136596035605,JUMPING,False,,0.41932089087138347,,,31.922269992239762,13.850849349975585,4.616949783325195,257.2257080078125,255.9976806640625,162.94078063964844,163.34259033203125,False
933,31.1,0.777708113193512,27.898508007638156,53,unknown,145.16136596035605,JUMPING,False,,0.41932089087138347,,,31.922269992239762,13.37597666015625,4.45865888671875,258.2737731933594,258.71221923828125,163.08792114257812,162.83912658691406,False
934,31.133333333333333,0.8398411273956299,26.96602395735681,53,unknown,145.16136596035605,JUMPING,False,,0.41932089087138347,,,31.922269992239762,13.679482543945312,4.559827514648437,258.2737731933594,252.85391235351562,163.08792114257812,157.49916076660156,False
935,31.166666666666668,0.8823214173316956,26.872646994888783,53,unknown,145.16136596035605,JUMPING,False,,0.41932089087138347,,,31.922269992239762,13.679482543945312,4.559827514648437,258.2737731933594,246.2113800048828,163.08792114257812,150.0457305908203,False
936,31.2,0.7919958829879761,28.237474034540355,53,unknown,145.16136596035605,JUMPING,False,,0.41932089087138347,,,31.922269992239762,13.679482543945312,4.559827514648437,258.2737731933594,237.6019287109375,163.08792114257812,143.7452392578125,True
937,31.233333333333334,0.8047987818717957,27.366188005544245,53,unknown,145.16136596035605,JUMPING,False,,0.41932089087138347,,,31.922269992239762,13.679482543945312,4.559827514648437,258.2737731933594,230.45602416992188,163.08792114257812,139.41712951660156,True
938,31.266666666666666,0.7824219465255737,27.084583998657763,53,unknown,145.16136596035605,JUMPING,False,,0.41932089087138347,,,31.922269992239762,13.37597666015625,4.45865888671875,258.2737731933594,227.2066650390625,163.08792114257812,137.84619140625,True
939,31.3,0.7810832858085632,28.25826406478882,53,unknown,145.16136596035605,JUMPING,False,,0.41932089087138347,,,31.922269992239762,11.296160513305663,3.7653868377685544,257.2257080078125,228.92108154296875,162.69198608398438,139.39129638671875,True
940,31.333333333333332,0.7979443073272705,27.331596007570624,53,unknown,145.16136596035605,JUMPING,False,,0.41932089087138347,,,31.922269992239762,11.172794497283917,3.6199456237792966,256.3831481933594,230.03121948242188,162.17115783691406,140.86630249023438,True
941,31.366666666666667,0.8087090253829956,26.710794889368117,53,unknown,145.16136596035605,JUMPING,False,,0.41932089087138347,,,31.922269992239762,12.073724670410154,4.024574890136718,256.3831481933594,234.80810546875,162.17115783691406,145.3707275390625,True
942,31.4,0.823861300945282,28.12851802445948,54,unknown,145.16136596035605,JUMPING,True,0.3666666666666636,0.4077369615463451,29.176483154296875,24.324966430664062,31.23582328275404,12.073724670410154,4.024574890136718,256.3831481933594,245.41795349121094,162.17115783691406,154.13931274414062,False
943,31.433333333333334,0.8183883428573608,27.085317065939307,54,unknown,145.16136596035605,JUMPING,False,,0.4077369615463451,,,31.23582328275404,11.340003268432616,3.7800010894775387,256.3831481933594,253.4168701171875,162.17115783691406,159.95565795898438,False
944,31.466666666666665,0.7943500280380249,26.80458698887378,54,unknown,145.16136596035605,JUMPING,False,,0.4077369615463451,,,31.23582328275404,10.932538148963914,3.3267783050537107,256.3831481933594,253.82565307617188,162.17115783691406,160.9662628173828,False
945,31.5,0.8083506226539612,27.94049691874534,54,unknown,145.16136596035605,JUMPING,False,,0.4077369615463451,,,31.23582328275404,11.179495349121094,3.726498449707031,256.3831481933594,250.53228759765625,162.17115783691406,156.40716552734375,False
946,31.533333333333335,0.8191531896591187,27.09518000483513,54,unknown,145.16136596035605,JUMPING,False,,0.4077369615463451,,,31.23582328275404,11.179495349121094,3.726498449707031,256.3831481933594,247.86441040039062,162.17115783691406,152.8843231201172,False
947,31.566666666666666,0.8029162287712097,26.66203398257494,54,unknown,145.16136596035605,JUMPING,False,,0.4077369615463451,,,31.23582328275404,11.179495349121094,3.726498449707031,256.3831481933594,241.36557006835938,162.17115783691406,146.9492950439453,True
948,31.6,0.7943662405014038,27.554814936593175,54,unknown,145.16136596035605,JUMPING,False,,0.4077369615463451,,,31.23582328275404,11.179495349121094,3.726498449707031,256.3831481933594,233.09857177734375,162.17115783691406,141.29278564453125,True
949,31.633333333333333,0.8027584552764893,27.599469991400838,54,unknown,145.16136596035605,JUMPING,False,,0.4077369615463451,,,31.23582328275404,11.179495349121094,3.726498449707031,256.3831481933594,226.23770141601562,162.17115783691406,136.76927185058594,True
950,31.666666666666668,0.7648658752441406,26.565743959508836,54,unknown,145.16136596035605,JUMPING,False,,0.4077369615463451,,,31.23582328275404,11.179495349121094,3.726498449707031,256.3831481933594,223.46145629882812,162.17115783691406,135.049072265625,True
951,31.7,0.8398504257202148,27.63980790041387,54,unknown,145.16136596035605,JUMPING,False,,0.4077369615463451,,,31.23582328275404,10.932538148963914,3.2802886962890625,255.74749755859375,225.4935760498047,161.86927795410156,137.56240844726562,True
952,31.733333333333334,0.7867679595947266,27.332804049365222,54,unknown,145.16136596035605,JUMPING,False,,0.4077369615463451,,,31.23582328275404,10.932538148963914,3.5061987854003904,254.75360107421875,226.80007934570312,160.8892059326172,138.7461700439453,True
953,31.766666666666666,0.8412288427352905,27.07134000957012,54,unknown,145.16136596035605,JUMPING,False,,0.4077369615463451,,,31.23582328275404,12.830046130371093,4.276682043457031,253.74850463867188,231.50482177734375,160.8892059326172,143.80343627929688,True
954,31.8,0.8058632612228394,27.732098940759897,54,unknown,145.16136596035605,JUMPING,False,,0.4077369615463451,,,31.23582328275404,12.154487640380857,4.051495880126953,253.74850463867188,241.54466247558594,160.8892059326172,152.03582763671875,True
955,31.833333333333332,0.7858943343162537,26.932394015602767,55,unknown,142.85711690682604,JUMPING,True,0.43333333333333357,0.41336816333948256,30.28704833984375,25.840133666992188,30.998629547026468,12.830046130371093,4.276682043457031,253.74850463867188,249.62879943847656,160.8892059326172,158.58023071289062,False
956,31.866666666666667,0.7923157811164856,26.936087990179658,55,unknown,142.85711690682604,JUMPING,False,,0.41336816333948256,,,30.998629547026468,12.154487640380857,4.051495880126953,254.3430938720703,254.68804931640625,160.8892059326172,160.77066040039062,False
957,31.9,0.8040491342544556,27.539307018741965,55,unknown,142.85711690682604,JUMPING,False,,0.41336816333948256,,,30.998629547026468,11.478929150390625,3.826309716796875,254.3430938720703,251.8687744140625,160.8892059326172,157.77069091796875,False
958,31.933333333333334,0.7931674122810364,26.98199194855988,55,unknown,142.85711690682604,JUMPING,False,,0.41336816333948256,,,30.998629547026468,12.154487640380857,4.051495880126953,254.3430938720703,248.3217010498047,160.8892059326172,155.293701171875,False
959,31.966666666666665,0.8301731944084167,26.72254398930818,55,unknown,142.85711690682604,JUMPING,False,,0.41336816333948256,,,30.998629547026468,12.154487640380857,4.051495880126953,254.3430938720703,243.78961181640625,160.8892059326172,149.39793395996094,False
960,32.0,0.7862323522567749,27.6189420837909,55,unknown,142.85711690682604,JUMPING,False,,0.41336816333948256,,,30.998629547026468,12.154487640380857,4.051495880126953,254.3430938720703,234.04734802246094,160.8892059326172,143.231201171875,True
961,32.03333333333333,0.7827777862548828,27.157905977219343,55,unknown,142.85711690682604,JUMPING,False,,0.41336816333948256,,,30.998629547026468,12.154487640380857,4.051495880126953,254.3430938720703,228.24124145507812,160.8892059326172,138.76397705078125,True
962,32.06666666666667,0.7501705288887024,26.668542996048927,55,unknown,142.85711690682604,JUMPING,False,,0.41336816333948256,,,30.998629547026468,12.154487640380857,4.051495880126953,254.3430938720703,224.36520385742188,160.8892059326172,136.53952026367188,True
963,32.1,0.7942076921463013,27.879494009539485,55,unknown,142.85711690682604,JUMPING,False,,0.41336816333948256,,,30.998629547026468,11.986446368408203,3.995482122802734,254.3430938720703,224.266357421875,160.8880157470703,137.53353881835938,True
964,32.13333333333333,0.7864439487457275,26.94722102023661,55,unknown,142.85711690682604,JUMPING,False,,0.41336816333948256,,,30.998629547026468,10.849520341459263,3.3573867919921874,253.66213989257812,227.88705444335938,160.5367431640625,141.88587951660156,True
965,32.166666666666664,0.8454938530921936,26.70545899309218,55,unknown,142.85711690682604,JUMPING,False,,0.41336816333948256,,,30.998629547026468,10.849520341459263,2.9012683044433594,253.19168090820312,232.629638671875,160.0937957763672,145.66329956054688,True
966,32.2,0.7949094772338867,27.752429014071822,55,unknown,142.85711690682604,JUMPING,False,,0.41336816333948256,,,30.998629547026468,10.849520341459263,3.0806661621093747,253.19168090820312,239.55262756347656,160.0937957763672,151.39657592773438,True
967,32.233333333333334,0.830053985118866,27.16137294191867,56,unknown,145.1612298961488,JUMPING,True,0.40000000000000213,0.4104271674047969,28.925323486328125,23.554275512695312,30.480303031851882,10.849520341459263,3.3209868988037106,253.19168090820312,248.0035400390625,160.0937957763672,158.2716827392578,False
968,32.266666666666666,0.8087577819824219,26.819732040166855,56,unknown,145.1612298961488,JUMPING,False,,0.4104271674047969,,,30.480303031851882,11.251265803527833,3.7504219345092773,253.66213989257812,257.1361389160156,160.5367431640625,161.27914428710938,False
969,32.3,0.8215292096138,27.70229207817465,56,unknown,145.1612298961488,JUMPING,False,,0.4104271674047969,,,30.480303031851882,10.668106061148158,3.4420408630371093,254.3430938720703,254.8840789794922,160.5367431640625,159.29296875,False
970,32.333333333333336,0.8314191102981567,27.716049924492836,56,unknown,145.1612298961488,JUMPING,False,,0.4104271674047969,,,30.480303031851882,10.668106061148158,3.4420408630371093,254.3430938720703,246.99789428710938,160.5367431640625,153.7144775390625,False
971,32.36666666666667,0.844485342502594,27.14043203741312,56,unknown,145.1612298961488,JUMPING,False,,0.4104271674047969,,,30.480303031851882,10.668106061148158,3.4420408630371093,254.3430938720703,240.04742431640625,160.5367431640625,149.99850463867188,True
972,32.4,0.8229638934135437,27.829271974042058,56,unknown,145.1612298961488,JUMPING,False,,0.4104271674047969,,,30.480303031851882,10.668106061148158,3.2259829513549803,254.3430938720703,232.5835723876953,160.5367431640625,144.717041015625,True
973,32.43333333333333,0.7910688519477844,26.892063906416297,56,unknown,145.1612298961488,JUMPING,False,,0.4104271674047969,,,30.480303031851882,10.668106061148158,3.2259829513549803,254.3430938720703,226.53457641601562,160.5367431640625,139.44659423828125,True
974,32.46666666666667,0.7690650224685669,26.947230100631714,56,unknown,145.1612298961488,JUMPING,False,,0.4104271674047969,,,30.480303031851882,10.668106061148158,3.2259829513549803,254.3430938720703,223.82373046875,160.5367431640625,137.26373291015625,True
975,32.5,0.7905988097190857,27.44065097067505,56,unknown,145.1612298961488,JUMPING,False,,0.4104271674047969,,,30.480303031851882,10.668106061148158,3.2259829513549803,254.3430938720703,226.14193725585938,160.5367431640625,137.70448303222656,True
976,32.53333333333333,0.7640573382377625,27.301346068270504,56,unknown,145.1612298961488,JUMPING,False,,0.4104271674047969,,,30.480303031851882,11.478929150390625,3.826309716796875,254.3430938720703,229.54830932617188,160.4446563720703,141.6026611328125,True
977,32.56666666666667,0.7851957082748413,26.85508201830089,56,unknown,145.1612298961488,JUMPING,False,,0.4104271674047969,,,30.480303031851882,10.668106061148158,3.4420408630371093,253.66213989257812,233.09921264648438,159.69058227539062,144.66261291503906,True
978,32.6,0.8358826637268066,27.694432996213436,56,unknown,145.1612298961488,JUMPING,False,,0.4104271674047969,,,30.480303031851882,10.784673014831544,3.5948910049438476,253.19168090820312,239.79782104492188,159.00787353515625,150.36990356445312,True
979,32.63333333333333,0.7827296853065491,27.240122901275754,57,unknown,147.54088643871617,JUMPING,True,0.3999999999999986,0.40813319057574127,28.973892211914062,21.744140625,30.103700326867425,11.866184197998047,3.9553947326660155,252.79762268066406,249.26187133789062,159.00787353515625,157.9153289794922,False
980,32.666666666666664,0.8140577077865601,26.688611949793994,57,unknown,147.54088643871617,JUMPING,False,,0.40813319057574127,,,30.103700326867425,12.539570910644532,4.179856970214844,253.66213989257812,256.3534240722656,159.69058227539062,161.9655303955078,False
981,32.7,0.7862483263015747,27.87797595374286,57,unknown,147.54088643871617,JUMPING,False,,0.40813319057574127,,,30.103700326867425,11.687216171264648,3.8957387237548824,253.66213989257812,252.53680419921875,159.9742431640625,159.98663330078125,False
982,32.733333333333334,0.8097590208053589,27.072555967606604,57,unknown,147.54088643871617,JUMPING,False,,0.40813319057574127,,,30.103700326867425,11.751079998779296,3.9170266662597655,253.66213989257812,249.22677612304688,159.9742431640625,158.07212829589844,False
983,32.766666666666666,0.8316513895988464,26.87062497716397,57,unknown,147.54088643871617,JUMPING,False,,0.40813319057574127,,,30.103700326867425,11.751079998779296,3.9170266662597655,253.66213989257812,243.93191528320312,159.9742431640625,152.42337036132812,False
984,32.8,0.8052448630332947,28.265506960451603,57,unknown,147.54088643871617,JUMPING,False,,0.40813319057574127,,,30.103700326867425,11.751079998779296,3.9170266662597655,253.66213989257812,235.8684844970703,159.9742431640625,145.57275390625,True
985,32.833333333333336,0.7747699022293091,27.20362297259271,57,unknown,147.54088643871617,JUMPING,False,,0.40813319057574127,,,30.103700326867425,11.751079998779296,3.9170266662597655,253.66213989257812,228.16552734375,159.9742431640625,139.75042724609375,True
986,32.86666666666667,0.7643527984619141,26.69357298873365,57,unknown,147.54088643871617,JUMPING,False,,0.40813319057574127,,,30.103700326867425,11.751079998779296,3.9170266662597655,253.66213989257812,223.43907165527344,159.9742431640625,136.13702392578125,True
987,32.9,0.79086834192276,27.738200034946203,57,unknown,147.54088643871617,JUMPING,False,,0.40813319057574127,,,30.103700326867425,11.751079998779296,3.9170266662597655,253.66213989257812,221.8404541015625,159.9742431640625,134.21038818359375,True
988,32.93333333333333,0.7877018451690674,26.920675998553634,57,unknown,147.54088643871617,JUMPING,False,,0.40813319057574127,,,30.103700326867425,11.24736339111328,3.7491211303710936,253.3101043701172,222.42372131347656,159.70916748046875,135.12457275390625,True
989,32.96666666666667,0.737418532371521,26.594127994030714,57,unknown,147.54088643871617,JUMPING,False,,0.40813319057574127,,,30.103700326867425,10.536295114403599,3.18249084777832,252.26959228515625,225.99929809570312,159.00787353515625,138.78382873535156,True
990,33.0,0.7684097290039062,27.917415951378644,57,unknown,147.54088643871617,JUMPING,False,,0.40813319057574127,,,30.103700326867425,10.536295114403599,3.3209868988037106,252.26959228515625,233.41079711914062,159.00787353515625,145.18048095703125,True
991,33.03333333333333,0.8808832764625549,26.777791907079518,58,unknown,149.99999776482585,JUMPING,True,0.3999999999999986,0.4063438886490779,30.42913818359375,24.7974853515625,30.185059791049007,11.502716899108886,3.834238966369629,252.26959228515625,245.24679565429688,159.00787353515625,153.81918334960938,False
992,33.06666666666667,0.8217662572860718,26.70724398922175,58,unknown,149.99999776482585,JUMPING,False,,0.4063438886490779,,,30.185059791049007,10.564770926867151,3.2042991119384765,252.26959228515625,250.48297119140625,159.3025665283203,159.30897521972656,False
993,33.1,0.7958691716194153,27.984978049062192,58,unknown,149.99999776482585,JUMPING,False,,0.4063438886490779,,,30.185059791049007,12.539570910644532,4.179856970214844,253.82754516601562,257.49114990234375,159.715576171875,163.44021606445312,False
994,33.13333333333333,0.8099719285964966,27.083571068942547,58,unknown,149.99999776482585,JUMPING,False,,0.4063438886490779,,,30.185059791049007,13.055300161743165,4.351766720581055,254.8056640625,255.9499969482422,160.45704650878906,163.29351806640625,False
995,33.166666666666664,0.7928986549377441,26.78951108828187,58,unknown,149.99999776482585,JUMPING,False,,0.4063438886490779,,,30.185059791049007,14.566246380615233,4.855415460205077,254.8056640625,248.95785522460938,160.45704650878906,158.66339111328125,False
996,33.2,0.8149900436401367,30.687947990372777,58,unknown,149.99999776482585,JUMPING,False,,0.4063438886490779,,,30.185059791049007,14.566246380615233,4.855415460205077,254.8056640625,239.86276245117188,160.45704650878906,150.89199829101562,True
997,33.233333333333334,0.8118329048156738,28.463189024478197,58,unknown,149.99999776482585,JUMPING,False,,0.4063438886490779,,,30.185059791049007,14.566246380615233,4.855415460205077,254.8056640625,231.05267333984375,160.45704650878906,143.67294311523438,True
998,33.266666666666666,0.7810640335083008,27.271487982943654,58,unknown,149.99999776482585,JUMPING,False,,0.4063438886490779,,,30.185059791049007,14.566246380615233,4.855415460205077,254.8056640625,226.4349365234375,160.45704650878906,139.47250366210938,True
999,33.3,0.7487871050834656,28.06244697421789,58,unknown,149.99999776482585,JUMPING,False,,0.4063438886490779,,,30.185059791049007,14.566246380615233,4.855415460205077,254.8056640625,225.59024047851562,160.45704650878906,137.79766845703125,True
1000,33.333333333333336,0.7589624524116516,27.251358958892524,58,unknown,149.99999776482585,JUMPING,False,,0.4063438886490779,,,30.185059791049007,13.055300161743165,4.351766720581055,254.8056640625,225.71566772460938,160.45704650878906,137.2042236328125,True
1001,33.36666666666667,0.7781293988227844,26.743591064587235,58,unknown,149.99999776482585,JUMPING,False,,0.4063438886490779,,,30.185059791049007,13.411471646118164,4.470490548706055,253.94515991210938,227.22645568847656,159.715576171875,139.52871704101562,True
1002,33.4,0.7992084622383118,27.618012041784823,58,unknown,149.99999776482585,JUMPING,False,,0.4063438886490779,,,30.185059791049007,14.59407227783203,4.864690759277344,253.94515991210938,234.23594665527344,159.715576171875,144.76376342773438,True
1003,33.43333333333333,0.7861151695251465,26.94468491245061,59,unknown,147.54088643871617,JUMPING,True,0.3999999999999986,0.4049482331462805,28.35491943359375,22.5113525390625,29.72752470168519,15.181198709106443,5.060399569702148,253.94515991210938,241.8633270263672,159.715576171875,153.38931274414062,False
1004,33.46666666666667,0.8251582384109497,26.981764007359743,59,unknown,147.54088643871617,JUMPING,False,,0.4049482331462805,,,29.72752470168519,15.181198709106443,5.060399569702148,253.94515991210938,246.45657348632812,159.715576171875,158.34967041015625,False
1005,33.5,0.7999042272567749,27.448815060779452,59,unknown,147.54088643871617,JUMPING,False,,0.4049482331462805,,,29.72752470168519,13.179329008483887,4.3931096694946286,253.94515991210938,249.52590942382812,160.6170196533203,161.0372772216797,False
1006,33.53333333333333,0.8072516918182373,26.837297016754746,59,unknown,147.54088643871617,JUMPING,False,,0.4049482331462805,,,29.72752470168519,11.02801387939453,3.6760046264648434,253.94515991210938,247.85421752929688,160.6170196533203,157.96243286132812,False
1007,33.56666666666667,0.8183416724205017,26.650244020856917,59,unknown,147.54088643871617,JUMPING,False,,0.4049482331462805,,,29.72752470168519,11.02801387939453,3.6760046264648434,253.94515991210938,245.84222412109375,160.6170196533203,155.17715454101562,False
1008,33.6,0.8135275840759277,27.498516021296382,59,unknown,147.54088643871617,JUMPING,False,,0.4049482331462805,,,29.72752470168519,11.02801387939453,3.6760046264648434,253.94515991210938,240.53997802734375,160.6170196533203,149.323486328125,True
1009,33.63333333333333,0.7705391645431519,26.89129498321563,59,unknown,147.54088643871617,JUMPING,False,,0.4049482331462805,,,29.72752470168519,11.02801387939453,3.6760046264648434,253.94515991210938,233.34535217285156,160.6170196533203,143.11044311523438,True
1010,33.666666666666664,0.7917500138282776,31.394498073495924,59,unknown,147.54088643871617,JUMPING,False,,0.4049482331462805,,,29.72752470168519,11.02801387939453,3.6760046264648434,253.94515991210938,228.6287841796875,160.6170196533203,138.95632934570312,True
1011,33.7,0.7692219614982605,27.778004063293338,59,unknown,147.54088643871617,JUMPING,False,,0.4049482331462805,,,29.72752470168519,11.02801387939453,3.6760046264648434,253.94515991210938,227.62646484375,160.6170196533203,137.23574829101562,True
1012,33.733333333333334,0.7870537042617798,27.16367202810943,59,unknown,147.54088643871617,JUMPING,False,,0.4049482331462805,,,29.72752470168519,13.179329008483887,4.3931096694946286,253.94515991210938,228.72616577148438,160.6170196533203,138.62557983398438,True
1013,33.766666666666666,0.7729849815368652,26.80234599392861,59,unknown,147.54088643871617,JUMPING,False,,0.4049482331462805,,,29.72752470168519,11.860754754638672,3.9535849182128904,251.71527099609375,230.2653045654297,159.715576171875,139.84896850585938,True
1014,33.8,0.8167963027954102,27.81072596553713,59,unknown,147.54088643871617,JUMPING,False,,0.4049482331462805,,,29.72752470168519,12.321307287597655,4.107102429199219,250.1001434326172,235.2847900390625,159.715576171875,144.76315307617188,True
1015,33.833333333333336,0.8399567604064941,26.722570997662842,60,unknown,150.00014305128389,JUMPING,True,0.4000000000000057,0.4038596218541,22.473678588867188,22.479827880859375,27.91406317348069,14.722342877197265,4.907447625732422,250.1001434326172,243.83578491210938,159.715576171875,151.81552124023438,False
1016,33.86666666666667,0.8427261114120483,26.63666394073516,60,unknown,150.00014305128389,JUMPING,False,,0.4038596218541,,,27.91406317348069,13.39185778198242,4.46395259399414,251.71527099609375,255.38241577148438,159.715576171875,158.3603515625,False
1017,33.9,0.8020161390304565,27.431802009232342,60,unknown,150.00014305128389,JUMPING,False,,0.4038596218541,,,27.91406317348069,13.805309893798828,4.601769964599609,254.24417114257812,259.2216491699219,160.6170196533203,161.62448120117188,False
1018,33.93333333333333,0.8344294428825378,27.089230017736554,60,unknown,150.00014305128389,JUMPING,False,,0.4038596218541,,,27.91406317348069,17.713898300170897,5.9046327667236325,255.72296142578125,260.7622985839844,161.3896026611328,163.05715942382812,False
1019,33.96666666666667,0.8020133972167969,26.733107049949467,60,unknown,150.00014305128389,JUMPING,False,,0.4038596218541,,,27.91406317348069,14.722342877197265,4.907447625732422,255.72296142578125,251.37506103515625,161.3896026611328,154.7178955078125,False
1020,34.0,0.8051830530166626,27.646039961837232,60,unknown,150.00014305128389,JUMPING,False,,0.4038596218541,,,27.91406317348069,14.722342877197265,4.907447625732422,255.72296142578125,244.75357055664062,161.3896026611328,149.2490234375,False
1021,34.03333333333333,0.8284187912940979,26.956817018799484,60,unknown,150.00014305128389,JUMPING,False,,0.4038596218541,,,27.91406317348069,14.722342877197265,4.907447625732422,255.72296142578125,235.75047302246094,161.3896026611328,143.06373596191406,True
1022,34.06666666666667,0.7967931032180786,26.57227194868028,60,unknown,150.00014305128389,JUMPING,False,,0.4038596218541,,,27.91406317348069,14.722342877197265,4.907447625732422,255.72296142578125,228.94508361816406,161.3896026611328,138.46331787109375,True
1023,34.1,0.7904819846153259,27.589095989242196,60,unknown,150.00014305128389,JUMPING,False,,0.4038596218541,,,27.91406317348069,14.722342877197265,4.907447625732422,255.72296142578125,226.05453491210938,161.3896026611328,136.4767303466797,True
1024,34.13333333333333,0.7810580730438232,26.92450094036758,60,unknown,150.00014305128389,JUMPING,False,,0.4038596218541,,,27.91406317348069,15.585488635253906,5.195162878417968,255.72296142578125,224.83477783203125,161.3896026611328,135.798583984375,True
1025,34.166666666666664,0.7710453271865845,27.459534001536667,60,unknown,150.00014305128389,JUMPING,False,,0.4038596218541,,,27.91406317348069,14.287580200195311,4.762526733398437,254.24417114257812,225.268310546875,160.6170196533203,137.23020935058594,True
1026,34.2,0.8559646606445312,27.679373044520617,60,unknown,150.00014305128389,JUMPING,False,,0.4038596218541,,,27.91406317348069,15.660007745361327,5.220002581787109,253.7794647216797,230.00144958496094,160.345947265625,142.24517822265625,True
1027,34.233333333333334,0.8047354221343994,27.444172999821603,61,unknown,149.99999776482585,JUMPING,True,0.3999999999999986,0.40301050504619773,28.944686889648438,24.54736328125,28.17171910252263,17.713898300170897,5.9046327667236325,253.7794647216797,238.08946228027344,160.345947265625,149.82933044433594,False
1028,34.266666666666666,0.8349719643592834,26.5012540621683,61,unknown,149.99999776482585,JUMPING,False,,0.40301050504619773,,,28.17171910252263,15.660007745361327,5.220002581787109,253.7794647216797,249.70375061035156,160.345947265625,157.9807586669922,False
1029,34.3,0.810997724533081,27.64720399864018,61,unknown,149.99999776482585,JUMPING,False,,0.40301050504619773,,,28.17171910252263,17.579858917236326,5.859952972412109,255.3371124267578,255.2691650390625,161.3896026611328,161.98025512695312,False
1030,34.333333333333336,0.6933315992355347,29.127103043720126,61,unknown,149.99999776482585,JUMPING,False,,0.40301050504619773,,,28.17171910252263,17.450027352905273,5.816675784301758,255.72296142578125,257.27587890625,161.3896026611328,159.9791259765625,False
1031,34.36666666666667,0.7775276899337769,26.52034198399633,61,unknown,149.99999776482585,JUMPING,False,,0.40301050504619773,,,28.17171910252263,11.965475143432617,3.9884917144775387,256.03955078125,256.0992431640625,161.3896026611328,157.908203125,False
1032,34.4,0.8130108118057251,27.69930800423026,61,unknown,149.99999776482585,JUMPING,False,,0.40301050504619773,,,28.17171910252263,11.965475143432617,3.9884917144775387,256.03955078125,248.41720581054688,161.3896026611328,151.9821319580078,False
1033,34.43333333333333,0.8198618292808533,26.834602002054453,61,unknown,149.99999776482585,JUMPING,False,,0.40301050504619773,,,28.17171910252263,9.86010168588292,2.2849133697509765,256.03955078125,240.40576171875,161.3896026611328,145.2824249267578,True
1034,34.46666666666667,0.8091171979904175,26.706232922151685,61,unknown,149.99999776482585,JUMPING,False,,0.40301050504619773,,,28.17171910252263,9.86010168588292,2.2849133697509765,256.03955078125,232.781494140625,161.3896026611328,140.80889892578125,True
1035,34.5,0.7748315930366516,27.737952070310712,61,unknown,149.99999776482585,JUMPING,False,,0.40301050504619773,,,28.17171910252263,9.86010168588292,2.2849133697509765,256.03955078125,228.7159881591797,161.3896026611328,139.01853942871094,True
1036,34.53333333333333,0.7757078409194946,26.86137391719967,61,unknown,149.99999776482585,JUMPING,False,,0.40301050504619773,,,28.17171910252263,9.86010168588292,2.2849133697509765,256.03955078125,228.07269287109375,161.3896026611328,139.52853393554688,True
1037,34.56666666666667,0.7896100282669067,26.53340098913759,61,unknown,149.99999776482585,JUMPING,False,,0.40301050504619773,,,28.17171910252263,9.86010168588292,2.01468544921875,256.03955078125,228.4685821533203,161.3896026611328,140.18487548828125,True
1038,34.6,0.7814527750015259,27.65647799242288,61,unknown,149.99999776482585,JUMPING,False,,0.40301050504619773,,,28.17171910252263,11.486733975219725,3.828911325073242,255.72296142578125,231.278564453125,160.614013671875,143.78311157226562,True
1039,34.63333333333333,0.7831906080245972,27.15829701628536,62,unknown,149.99999776482585,JUMPING,True,0.3999999999999986,0.40234819393603394,27.264419555664062,20.434295654296875,27.944894215807988,17.450027352905273,5.816675784301758,255.3371124267578,239.3883514404297,159.4528350830078,150.6145477294922,False
1040,34.666666666666664,0.8034645318984985,26.77877200767398,62,unknown,149.99999776482585,JUMPING,False,,0.40234819393603394,,,27.944894215807988,17.450027352905273,5.816675784301758,255.3371124267578,249.43313598632812,159.3316192626953,157.97683715820312,False
1041,34.7,0.8577084541320801,27.64840703457594,62,unknown,149.99999776482585,JUMPING,False,,0.40234819393603394,,,27.944894215807988,17.07614230957031,5.6920474365234375,255.60032653808594,255.74560546875,160.614013671875,161.73101806640625,False
1042,34.733333333333334,0.835217297077179,26.83263400103897,62,unknown,149.99999776482585,JUMPING,False,,0.40234819393603394,,,27.944894215807988,15.460747174072264,5.153582391357421,255.95779418945312,259.2426452636719,161.3896026611328,163.441650390625,False
1043,34.766666666666666,0.8638508319854736,26.510357041843235,62,unknown,149.99999776482585,JUMPING,False,,0.40234819393603394,,,27.944894215807988,9.780712975532795,2.6654494812011715,256.80523681640625,258.86480712890625,161.3896026611328,159.805419921875,False
1044,34.8,0.8534868955612183,27.934562065638602,62,unknown,149.99999776482585,JUMPING,False,,0.40234819393603394,,,27.944894215807988,9.780712975532795,2.6654494812011715,256.80523681640625,250.30178833007812,161.3896026611328,152.85174560546875,False
1045,34.833333333333336,0.8354374170303345,27.124493033625185,62,unknown,149.99999776482585,JUMPING,False,,0.40234819393603394,,,27.944894215807988,9.780712975532795,2.6654494812011715,256.80523681640625,242.2164306640625,161.3896026611328,145.51669311523438,True
1046,34.86666666666667,0.8171850442886353,27.080605970695615,62,unknown,149.99999776482585,JUMPING,False,,0.40234819393603394,,,27.944894215807988,9.780712975532795,2.6654494812011715,256.80523681640625,237.46258544921875,161.3896026611328,140.98562622070312,True
1047,34.9,0.8023961782455444,27.52423204947263,62,unknown,149.99999776482585,JUMPING,False,,0.40234819393603394,,,27.944894215807988,9.780712975532795,2.6654494812011715,256.80523681640625,232.4474334716797,161.3896026611328,137.90626525878906,True
1048,34.93333333333333,0.7862820625305176,26.916258968412876,62,unknown,149.99999776482585,JUMPING,False,,0.40234819393603394,,,27.944894215807988,9.780712975532795,2.6654494812011715,256.80523681640625,228.97933959960938,161.3896026611328,136.87176513671875,True
1049,34.96666666666667,0.7541003227233887,26.600444922223687,62,unknown,149.99999776482585,JUMPING,False,,0.40234819393603394,,,27.944894215807988,9.780712975532795,2.6654494812011715,256.80523681640625,228.8708953857422,161.3896026611328,138.39865112304688,True
1050,35.0,0.7713700532913208,27.600812958553433,62,unknown,149.99999776482585,JUMPING,False,,0.40234819393603394,,,27.944894215807988,9.780712975532795,2.6654494812011715,256.80523681640625,232.65316772460938,160.96633911132812,143.42376708984375,True
1051,35.03333333333333,0.7965644598007202,27.539907954633236,62,unknown,149.99999776482585,JUMPING,False,,0.40234819393603394,,,27.944894215807988,9.780712975532795,2.6654494812011715,256.80523681640625,240.72982788085938,160.96633911132812,150.54782104492188,True
1052,35.06666666666667,0.8193462491035461,26.54919004999101,62,unknown,149.99999776482585,JUMPING,False,,0.40234819393603394,,,27.944894215807988,9.780712975532795,2.6654494812011715,256.80523681640625,246.61752319335938,160.96633911132812,155.15182495117188,True
1053,35.1,0.7886857986450195,28.130479040555656,63,unknown,145.16136596035605,JUMPING,True,0.46666666666666856,0.41649825793677353,27.934341430664062,24.094573974609375,27.942256019522006,9.780712975532795,1.7444801513671875,256.80523681640625,255.25253295898438,160.96633911132812,159.89413452148438,False
1054,35.13333333333333,0.80958092212677,26.856564916670322,63,unknown,145.16136596035605,JUMPING,False,,0.41649825793677353,,,27.942256019522006,9.7797896068327,1.5334331634521483,256.9619445800781,256.49102783203125,161.46551513671875,161.22708129882812,False
1055,35.166666666666664,0.8628414273262024,26.60274796653539,63,unknown,145.16136596035605,JUMPING,False,,0.41649825793677353,,,27.942256019522006,9.7797896068327,1.5334331634521483,256.9619445800781,249.9691162109375,161.46551513671875,156.5839385986328,False
1056,35.2,0.8066635131835938,28.077490045689046,63,unknown,145.16136596035605,JUMPING,False,,0.41649825793677353,,,27.942256019522006,9.7797896068327,1.5334331634521483,256.9619445800781,243.86207580566406,161.46551513671875,149.91184997558594,True
1057,35.233333333333334,0.8219566345214844,26.860968908295035,63,unknown,145.16136596035605,JUMPING,False,,0.41649825793677353,,,27.942256019522006,9.7797896068327,1.5334331634521483,256.9619445800781,236.5220947265625,161.46551513671875,143.47207641601562,True
1058,35.266666666666666,0.8229926228523254,26.57807699870318,63,unknown,145.16136596035605,JUMPING,False,,0.41649825793677353,,,27.942256019522006,9.7797896068327,1.5334331634521483,256.9619445800781,231.578125,161.46551513671875,139.04898071289062,True
1059,35.3,0.78419429063797,27.592935017310083,63,unknown,145.16136596035605,JUMPING,False,,0.41649825793677353,,,27.942256019522006,9.7797896068327,1.5334331634521483,256.9619445800781,228.4027862548828,161.46551513671875,137.2769775390625,True
1060,35.333333333333336,0.7963898777961731,26.851434027776122,63,unknown,145.16136596035605,JUMPING,False,,0.41649825793677353,,,27.942256019522006,9.7797896068327,1.5334331634521483,256.9619445800781,229.08645629882812,161.46551513671875,138.58468627929688,True
1061,35.36666666666667,0.7799462080001831,26.98327600955963,63,unknown,145.16136596035605,JUMPING,False,,0.41649825793677353,,,27.942256019522006,9.7797896068327,1.8361924987792968,256.9619445800781,229.7962646484375,161.46551513671875,139.8934783935547,True
1062,35.4,0.767646849155426,27.642244938760996,63,unknown,145.16136596035605,JUMPING,False,,0.41649825793677353,,,27.942256019522006,9.7797896068327,3.184504266357422,256.3343200683594,234.49627685546875,160.72789001464844,144.82537841796875,True
1063,35.43333333333333,0.7928557395935059,27.226552949286997,63,unknown,145.16136596035605,JUMPING,False,,0.41649825793677353,,,27.942256019522006,9.7797896068327,2.2687833984375,255.95779418945312,243.46881103515625,159.94512939453125,151.97991943359375,True
1064,35.46666666666667,0.7793670892715454,26.571260066702962,64,unknown,147.54101618808767,JUMPING,True,0.36666666666666714,0.40553530785735015,27.555007934570312,22.66815185546875,27.845443998284082,9.7797896068327,2.2687833984375,255.95779418945312,251.48104858398438,159.94512939453125,158.630859375,False
1065,35.5,0.7789401412010193,27.731448062695563,64,unknown,147.54101618808767,JUMPING,False,,0.40553530785735015,,,27.845443998284082,9.745905399399428,1.688285412597656,255.95779418945312,255.74383544921875,160.72789001464844,162.33242797851562,False
1066,35.53333333333333,0.7984277009963989,27.586704003624618,64,unknown,147.54101618808767,JUMPING,False,,0.40553530785735015,,,27.845443998284082,9.745905399399428,2.271407629394531,255.95779418945312,252.18630981445312,160.72789001464844,157.95916748046875,False
1067,35.56666666666667,0.81232088804245,27.212062035687268,64,unknown,147.54101618808767,JUMPING,False,,0.40553530785735015,,,27.845443998284082,11.31869270324707,3.7728975677490233,255.95779418945312,249.94723510742188,160.72789001464844,154.580078125,False
1068,35.6,0.8729709386825562,28.05266296491027,64,unknown,147.54101618808767,JUMPING,False,,0.40553530785735015,,,27.845443998284082,11.31869270324707,3.7728975677490233,255.95779418945312,242.85116577148438,160.72789001464844,148.819580078125,True
1069,35.63333333333333,0.8188098669052124,26.854562922380865,64,unknown,147.54101618808767,JUMPING,False,,0.40553530785735015,,,27.845443998284082,11.31869270324707,3.7728975677490233,255.95779418945312,235.3037109375,160.72789001464844,142.9694366455078,True
1070,35.666666666666664,0.7835254669189453,26.61420195363462,64,unknown,147.54101618808767,JUMPING,False,,0.40553530785735015,,,27.845443998284082,9.745905399399428,2.271407629394531,255.95779418945312,230.56741333007812,160.72789001464844,138.8823699951172,True
1071,35.7,0.7884424924850464,27.60108094662428,64,unknown,147.54101618808767,JUMPING,False,,0.40553530785735015,,,27.845443998284082,9.745905399399428,2.271407629394531,255.95779418945312,228.98223876953125,160.72789001464844,137.6636199951172,True
1072,35.733333333333334,0.772233247756958,26.839500060305,64,unknown,147.54101618808767,JUMPING,False,,0.40553530785735015,,,27.845443998284082,9.745905399399428,2.271407629394531,255.95779418945312,228.40357971191406,160.72789001464844,137.72640991210938,True
1073,35.766666666666666,0.758894681930542,26.813601958565414,64,unknown,147.54101618808767,JUMPING,False,,0.40553530785735015,,,27.845443998284082,9.745905399399428,2.271407629394531,255.95779418945312,231.40267944335938,160.72789001464844,140.53855895996094,True
1074,35.8,0.8097600936889648,27.70345308817923,64,unknown,147.54101618808767,JUMPING,False,,0.40553530785735015,,,27.845443998284082,10.343904016113282,3.4479680053710937,255.95779418945312,236.66275024414062,159.94512939453125,146.1551513671875,True
1075,35.833333333333336,0.8036436438560486,26.92225598730147,65,unknown,149.99999776482585,JUMPING,True,0.36666666666666714,0.3969842067953999,27.341323852539062,22.195022583007812,27.719413961847827,14.852310177612305,4.9507700592041015,255.74490356445312,247.46307373046875,159.858642578125,154.04605102539062,False
1076,35.86666666666667,0.8055676221847534,26.656956993974745,65,unknown,149.99999776482585,JUMPING,False,,0.3969842067953999,,,27.719413961847827,14.852310177612305,4.9507700592041015,255.74490356445312,256.3042907714844,160.10853576660156,160.25146484375,False
1077,35.9,0.7842490077018738,27.55114797037095,65,unknown,149.99999776482585,JUMPING,False,,0.3969842067953999,,,27.719413961847827,13.87358514404297,4.624528381347656,256.080810546875,259.91180419921875,160.8368377685547,161.2916259765625,False
1078,35.93333333333333,0.7971093654632568,27.363619999960065,65,unknown,149.99999776482585,JUMPING,False,,0.3969842067953999,,,27.719413961847827,11.388664654541016,3.7962215515136717,256.41632080078125,260.1051025390625,161.26580810546875,161.82528686523438,False
1079,35.96666666666667,0.8350940346717834,26.651558000594378,65,unknown,149.99999776482585,JUMPING,False,,0.3969842067953999,,,27.719413961847827,9.70179488664674,3.157492785644531,256.41632080078125,254.60540771484375,161.26580810546875,156.97726440429688,False
1080,36.0,0.8010116815567017,27.756989002227783,65,unknown,149.99999776482585,JUMPING,False,,0.3969842067953999,,,27.719413961847827,9.70179488664674,3.157492785644531,256.41632080078125,245.97113037109375,161.26580810546875,149.38739013671875,True
1081,36.03333333333333,0.857463002204895,26.98344795498997,65,unknown,149.99999776482585,JUMPING,False,,0.3969842067953999,,,27.719413961847827,9.70179488664674,3.157492785644531,256.41632080078125,237.41659545898438,161.26580810546875,142.90066528320312,True
1082,36.06666666666667,0.7758258581161499,26.56809298787266,65,unknown,149.99999776482585,JUMPING,False,,0.3969842067953999,,,27.719413961847827,9.70179488664674,3.157492785644531,256.41632080078125,231.1151580810547,161.26580810546875,139.00096130371094,True
1083,36.1,0.8048815727233887,27.568279998376966,65,unknown,149.99999776482585,JUMPING,False,,0.3969842067953999,,,27.719413961847827,9.70179488664674,3.157492785644531,256.41632080078125,227.677490234375,161.26580810546875,137.61631774902344,True
1084,36.13333333333333,0.7829418778419495,27.004936011508107,65,unknown,149.99999776482585,JUMPING,False,,0.3969842067953999,,,27.719413961847827,13.87358514404297,4.624528381347656,256.41632080078125,225.87338256835938,161.26580810546875,137.2194061279297,True
1085,36.166666666666664,0.7581749558448792,26.784130022861063,65,unknown,149.99999776482585,JUMPING,False,,0.3969842067953999,,,27.719413961847827,13.87358514404297,4.624528381347656,256.41632080078125,228.65078735351562,161.26580810546875,139.93319702148438,True
1086,36.2,0.7824402451515198,27.779094991274178,65,unknown,149.99999776482585,JUMPING,False,,0.3969842067953999,,,27.719413961847827,13.475403341674806,4.491801113891602,256.41632080078125,236.7351837158203,160.8368377685547,145.70648193359375,True
1087,36.233333333333334,0.8429594039916992,27.03648596070707,66,unknown,149.99999776482585,JUMPING,True,0.3999999999999986,0.3976476813004116,30.20672607421875,22.889129638671875,28.341241989940556,16.066673052978516,5.355557684326172,256.0801086425781,248.49569702148438,160.10853576660156,153.72979736328125,False
1088,36.266666666666666,0.8137495517730713,26.688453974202275,66,unknown,149.99999776482585,JUMPING,False,,0.3976476813004116,,,28.341241989940556,13.637947302246094,4.545982434082031,256.0801086425781,256.3592834472656,160.10853576660156,159.4176025390625,False
1089,36.3,0.8139079809188843,27.797571965493262,66,unknown,149.99999776482585,JUMPING,False,,0.3976476813004116,,,28.341241989940556,9.919434696479193,1.2916193298339842,256.2320556640625,256.12371826171875,160.40982055664062,160.515380859375,False
1090,36.333333333333336,0.8162810206413269,26.86450001783669,66,unknown,149.99999776482585,JUMPING,False,,0.3976476813004116,,,28.341241989940556,9.919434696479193,0.9576406951904296,256.2483825683594,256.16448974609375,160.49905395507812,160.47457885742188,False
1091,36.36666666666667,0.8446852564811707,27.01498009264469,66,unknown,149.99999776482585,JUMPING,False,,0.3976476813004116,,,28.341241989940556,9.919434696479193,0.9576406951904296,256.2483825683594,248.68338012695312,160.49905395507812,154.97891235351562,False
1092,36.4,0.8450587391853333,27.96811400912702,66,unknown,149.99999776482585,JUMPING,False,,0.3976476813004116,,,28.341241989940556,9.919434696479193,0.9576406951904296,256.2483825683594,241.81405639648438,160.49905395507812,148.06878662109375,True
1093,36.43333333333333,0.8018221259117126,26.89762704540044,66,unknown,149.99999776482585,JUMPING,False,,0.3976476813004116,,,28.341241989940556,9.919434696479193,0.9576406951904296,256.2483825683594,234.12501525878906,160.49905395507812,141.6477508544922,True
1094,36.46666666666667,0.7907918691635132,26.683919015340507,66,unknown,149.99999776482585,JUMPING,False,,0.3976476813004116,,,28.341241989940556,9.919434696479193,0.9576406951904296,256.2483825683594,229.2549285888672,160.49905395507812,138.256103515625,True
1095,36.5,0.7736081480979919,27.502801967784762,66,unknown,149.99999776482585,JUMPING,False,,0.3976476813004116,,,28.341241989940556,9.919434696479193,0.9576406951904296,256.2483825683594,226.7209014892578,160.49905395507812,136.37474060058594,True
1096,36.53333333333333,0.7686988711357117,27.082692948170006,66,unknown,149.99999776482585,JUMPING,False,,0.3976476813004116,,,28.341241989940556,9.919434696479193,0.9576406951904296,256.2483825683594,227.84353637695312,160.49905395507812,138.5286102294922,True
1097,36.56666666666667,0.7812055945396423,26.657036039978266,66,unknown,149.99999776482585,JUMPING,False,,0.3976476813004116,,,28.341241989940556,9.919434696479193,0.9576406951904296,256.2483825683594,229.02523803710938,160.49905395507812,140.28228759765625,True
1098,36.6,0.7535903453826904,27.532772975973785,66,unknown,149.99999776482585,JUMPING,False,,0.3976476813004116,,,28.341241989940556,9.919434696479193,0.623662060546875,256.2483825683594,235.398681640625,160.49905395507812,145.80162048339844,True
1099,36.63333333333333,0.8542864918708801,26.830447022803128,66,unknown,149.99999776482585,JUMPING,False,,0.3976476813004116,,,28.341241989940556,9.919434696479193,1.437354638671875,256.148193359375,245.7815399169922,160.3853302001953,153.86630249023438,True
1100,36.666666666666664,0.8122971653938293,27.55445393268019,67,unknown,147.54101618808767,JUMPING,True,0.43333333333333,0.4054985247476537,29.427291870117188,24.010589599609375,28.612754459984714,9.919434696479193,2.251047216796875,256.148193359375,252.92413330078125,160.3853302001953,159.23663330078125,False
1101,36.7,0.8004940748214722,28.467245982028544,67,unknown,147.54101618808767,JUMPING,False,,0.4054985247476537,,,28.612754459984714,10.01446406099465,2.6309046478271485,256.148193359375,253.71310424804688,160.3853302001953,159.70486450195312,False
1102,36.733333333333334,0.8115235567092896,27.816336951218545,67,unknown,147.54101618808767,JUMPING,False,,0.4054985247476537,,,28.612754459984714,10.01446406099465,3.0107620788574216,256.148193359375,252.69851684570312,160.3853302001953,159.386474609375,False
1103,36.766666666666666,0.8389683365821838,27.775680064223707,67,unknown,147.54101618808767,JUMPING,False,,0.4054985247476537,,,28.612754459984714,10.01446406099465,3.0107620788574216,256.148193359375,245.546875,160.3853302001953,154.27523803710938,True
1104,36.8,0.8039833307266235,34.01592199224979,67,unknown,147.54101618808767,JUMPING,False,,0.4054985247476537,,,28.612754459984714,10.01446406099465,3.0107620788574216,256.148193359375,241.92254638671875,160.3853302001953,147.03384399414062,True
1105,36.833333333333336,0.8097814321517944,28.44768506474793,67,unknown,147.54101618808767,JUMPING,False,,0.4054985247476537,,,28.612754459984714,10.01446406099465,3.0107620788574216,256.148193359375,235.06900024414062,160.3853302001953,141.30877685546875,True
1106,36.86666666666667,0.808748185634613,27.298125089146197,67,unknown,147.54101618808767,JUMPING,False,,0.4054985247476537,,,28.612754459984714,10.01446406099465,3.0107620788574216,256.148193359375,230.74093627929688,160.3853302001953,138.07382202148438,True
1107,36.9,0.7671011090278625,29.75292899645865,67,unknown,147.54101618808767,JUMPING,False,,0.4054985247476537,,,28.612754459984714,10.01446406099465,3.0107620788574216,256.148193359375,228.71775817871094,160.3853302001953,136.46429443359375,True
1108,36.93333333333333,0.7858248949050903,31.8804889684543,67,unknown,147.54101618808767,JUMPING,False,,0.4054985247476537,,,28.612754459984714,10.01446406099465,3.0107620788574216,256.148193359375,227.671875,160.3853302001953,136.75633239746094,True
1109,36.96666666666667,0.7905309200286865,30.259951017796993,67,unknown,147.54101618808767,JUMPING,False,,0.4054985247476537,,,28.612754459984714,10.01446406099465,2.6309046478271485,256.148193359375,230.71597290039062,160.3853302001953,140.02496337890625,True
1110,37.0,0.790981650352478,31.863235984928906,67,unknown,147.54101618808767,JUMPING,False,,0.4054985247476537,,,28.612754459984714,10.721929010009765,3.5739763366699218,256.148193359375,237.74420166015625,160.03282165527344,146.04690551757812,True
1111,37.03333333333333,0.8022656440734863,27.502130018547177,68,unknown,155.17233453881096,JUMPING,True,0.36666666666666714,0.39695551596983664,28.476318359375,23.568527221679688,28.578645434832286,10.01446406099465,2.942735678100586,256.148193359375,248.10250854492188,160.03282165527344,154.2220458984375,False
1112,37.06666666666667,0.8071914911270142,27.281478978693485,68,unknown,155.17233453881096,JUMPING,False,,0.39695551596983664,,,28.578645434832286,10.63370055541992,3.5445668518066404,256.148193359375,253.73294067382812,160.03282165527344,158.7826385498047,False
1113,37.1,0.8101040124893188,32.16780093498528,68,unknown,155.17233453881096,JUMPING,False,,0.39695551596983664,,,28.578645434832286,10.0025259021913,2.799805581665039,256.148193359375,255.9915313720703,160.3853302001953,162.0001220703125,False
1114,37.13333333333333,0.7689064145088196,27.850874001160264,68,unknown,155.17233453881096,JUMPING,False,,0.39695551596983664,,,28.578645434832286,10.0457597076416,3.348586569213867,256.148193359375,253.3385009765625,160.49905395507812,160.65167236328125,False
1115,37.166666666666664,0.8150757551193237,30.00172204338014,68,unknown,155.17233453881096,JUMPING,False,,0.39695551596983664,,,28.578645434832286,10.0457597076416,3.348586569213867,256.148193359375,246.73837280273438,160.49905395507812,154.66574096679688,False
1116,37.2,0.790706992149353,28.498122934252024,68,unknown,155.17233453881096,JUMPING,False,,0.39695551596983664,,,28.578645434832286,10.0457597076416,3.348586569213867,256.148193359375,239.18479919433594,160.49905395507812,147.4681396484375,True
1117,37.233333333333334,0.7885700464248657,27.4159898981452,68,unknown,155.17233453881096,JUMPING,False,,0.39695551596983664,,,28.578645434832286,10.0457597076416,3.348586569213867,256.148193359375,232.82412719726562,160.49905395507812,140.88890075683594,True
1118,37.266666666666666,0.7496606111526489,27.026737108826637,68,unknown,155.17233453881096,JUMPING,False,,0.39695551596983664,,,28.578645434832286,10.0457597076416,3.348586569213867,256.148193359375,227.91993713378906,160.49905395507812,136.95352172851562,True
1119,37.3,0.7429813742637634,29.008996090851724,68,unknown,155.17233453881096,JUMPING,False,,0.39695551596983664,,,28.578645434832286,10.0457597076416,3.348586569213867,256.148193359375,227.17962646484375,160.49905395507812,136.02304077148438,True
1120,37.333333333333336,0.7550625205039978,28.01157906651497,68,unknown,155.17233453881096,JUMPING,False,,0.39695551596983664,,,28.578645434832286,10.0457597076416,3.348586569213867,256.148193359375,227.19680786132812,160.49905395507812,136.13455200195312,True
1121,37.36666666666667,0.7572130560874939,30.62794602010399,68,unknown,155.17233453881096,JUMPING,False,,0.39695551596983664,,,28.578645434832286,10.0025259021913,2.335746533203125,256.0708312988281,229.86961364746094,160.49905395507812,139.3367919921875,True
1122,37.4,0.7521381378173828,28.930770000442863,68,unknown,155.17233453881096,JUMPING,False,,0.39695551596983664,,,28.578645434832286,10.0025259021913,2.251047216796875,255.43707275390625,240.2020263671875,160.16668701171875,145.25869750976562,True
1123,37.43333333333333,0.8100154399871826,27.361926971934736,69,unknown,152.54233343031714,JUMPING,True,0.3999999999999986,0.39762530245647226,27.076797485351562,23.566925048828125,28.203183447462106,10.133988162231445,3.377996054077148,254.2564239501953,249.84121704101562,159.5899658203125,152.7152862548828,False
1124,37.46666666666667,0.796082615852356,27.16376190073788,69,unknown,152.54233343031714,JUMPING,False,,0.39762530245647226,,,28.203183447462106,10.0457597076416,3.348586569213867,255.0880889892578,257.1781005859375,159.5899658203125,158.69300842285156,False
1125,37.5,0.7494473457336426,27.577592991292477,69,unknown,152.54233343031714,JUMPING,False,,0.39762530245647226,,,28.203183447462106,10.0457597076416,3.348586569213867,256.0708312988281,258.7646484375,159.5899658203125,158.79302978515625,False
1126,37.53333333333333,0.8273220658302307,26.924217003397644,69,unknown,152.54233343031714,JUMPING,False,,0.39762530245647226,,,28.203183447462106,9.871114206611736,2.2393060455322265,256.0708312988281,253.03189086914062,159.5899658203125,154.10879516601562,False
1127,37.56666666666667,0.7686305046081543,26.920908014290035,69,unknown,152.54233343031714,JUMPING,False,,0.39762530245647226,,,28.203183447462106,9.871114206611736,2.2393060455322265,256.0708312988281,247.59063720703125,159.5899658203125,150.65774536132812,False
1128,37.6,0.8411306142807007,27.682355022989213,69,unknown,152.54233343031714,JUMPING,False,,0.39762530245647226,,,28.203183447462106,9.871114206611736,2.2393060455322265,256.0708312988281,239.65859985351562,159.5899658203125,145.4658966064453,True
1129,37.63333333333333,0.7834715247154236,26.981476927176118,69,unknown,152.54233343031714,JUMPING,False,,0.39762530245647226,,,28.203183447462106,9.871114206611736,2.2393060455322265,256.0708312988281,233.29847717285156,159.5899658203125,140.60440063476562,True
1130,37.666666666666664,0.7867002487182617,26.601813966408372,69,unknown,152.54233343031714,JUMPING,False,,0.39762530245647226,,,28.203183447462106,9.871114206611736,2.2393060455322265,256.0708312988281,230.88720703125,159.5899658203125,137.52163696289062,True
1131,37.7,0.7639686465263367,27.61653601191938,69,unknown,152.54233343031714,JUMPING,False,,0.39762530245647226,,,28.203183447462106,9.871114206611736,2.2393060455322265,256.0708312988281,230.32571411132812,159.5899658203125,137.79327392578125,True
1132,37.733333333333334,0.7680104970932007,26.9150281092152,69,unknown,152.54233343031714,JUMPING,False,,0.39762530245647226,,,28.203183447462106,9.871114206611736,2.2393060455322265,256.0708312988281,230.89605712890625,159.5899658203125,138.43109130859375,True
1133,37.766666666666666,0.7609444856643677,26.69412305112928,69,unknown,152.54233343031714,JUMPING,False,,0.39762530245647226,,,28.203183447462106,9.871114206611736,2.441111668395996,255.0880889892578,232.8900146484375,159.5775146484375,142.00099182128906,True
1134,37.8,0.7987565994262695,27.582208043895662,69,unknown,152.54233343031714,JUMPING,False,,0.39762530245647226,,,28.203183447462106,11.800148593139648,3.9333828643798827,253.72500610351562,239.664306640625,159.3265380859375,148.34786987304688,True
1135,37.833333333333336,0.7864557504653931,27.444605017080903,70,unknown,149.99999776482585,JUMPING,True,0.4000000000000057,0.3981477359160496,23.237548828125,21.537551879882812,26.96177479262783,13.341771166992187,4.447257055664062,253.56326293945312,249.9922637939453,159.05918884277344,156.1929931640625,False
1136,37.86666666666667,0.8087537288665771,27.112422976642847,70,unknown,149.99999776482585,JUMPING,False,,0.3981477359160496,,,26.96177479262783,9.43662117741974,3.078675366210937,253.72500610351562,255.4150390625,159.3265380859375,161.11636352539062,False
1137,37.9,0.7870005369186401,28.061370947398245,70,unknown,149.99999776482585,JUMPING,False,,0.3981477359160496,,,26.96177479262783,9.43662117741974,2.0137579193115234,253.89212036132812,253.99822998046875,159.5775146484375,160.407470703125,False
1138,37.93333333333333,0.8250989317893982,27.043625013902783,70,unknown,149.99999776482585,JUMPING,False,,0.3981477359160496,,,26.96177479262783,9.43662117741974,3.078675366210937,253.89212036132812,250.54623413085938,159.5775146484375,159.23487854003906,False
1139,37.96666666666667,0.8542696237564087,26.558071956969798,70,unknown,149.99999776482585,JUMPING,False,,0.3981477359160496,,,26.96177479262783,9.43662117741974,3.078675366210937,253.89212036132812,243.73406982421875,159.5775146484375,153.732666015625,True
1140,38.0,0.806693434715271,27.613561018370092,70,unknown,149.99999776482585,JUMPING,False,,0.3981477359160496,,,26.96177479262783,9.43662117741974,3.078675366210937,253.89212036132812,238.18087768554688,159.5775146484375,147.25564575195312,True
1141,38.03333333333333,0.7906837463378906,27.561531984247267,70,unknown,149.99999776482585,JUMPING,False,,0.3981477359160496,,,26.96177479262783,9.43662117741974,3.078675366210937,253.89212036132812,231.65562438964844,159.5775146484375,141.664306640625,True
1142,38.06666666666667,0.7886999845504761,26.62664302624762,70,unknown,149.99999776482585,JUMPING,False,,0.3981477359160496,,,26.96177479262783,9.43662117741974,3.078675366210937,253.89212036132812,228.86199951171875,159.5775146484375,138.12930297851562,True
1143,38.1,0.7627699375152588,27.767030987888575,70,unknown,149.99999776482585,JUMPING,False,,0.3981477359160496,,,26.96177479262783,9.43662117741974,3.078675366210937,253.89212036132812,229.31137084960938,159.5775146484375,138.23568725585938,True
1144,38.13333333333333,0.7508326768875122,26.926919003017247,70,unknown,149.99999776482585,JUMPING,False,,0.3981477359160496,,,26.96177479262783,9.43662117741974,3.078675366210937,253.89212036132812,232.64306640625,159.5775146484375,141.42039489746094,True
1145,38.166666666666664,0.7408320903778076,26.644792058505118,70,unknown,149.99999776482585,JUMPING,False,,0.3981477359160496,,,26.96177479262783,9.685007130432128,3.2283357101440426,253.89212036132812,234.99609375,159.5775146484375,143.87010192871094,True
1146,38.2,0.7882106304168701,27.731534093618393,71,unknown,152.54233343031714,JUMPING,True,0.36666666666666714,0.3912219006811855,25.030120849609375,21.196533203125,26.478861306873213,11.800148593139648,3.9333828643798827,253.89212036132812,243.25241088867188,159.32583618164062,149.880859375,False
1147,38.233333333333334,0.7876134514808655,26.904230006039143,71,unknown,152.54233343031714,JUMPING,False,,0.3912219006811855,,,26.478861306873213,11.800148593139648,3.9333828643798827,253.89212036132812,252.02130126953125,159.05813598632812,157.03594970703125,False
1148,38.266666666666666,0.8247318863868713,26.81979408953339,71,unknown,152.54233343031714,JUMPING,False,,0.3912219006811855,,,26.478861306873213,10.0457597076416,3.348586569213867,254.8483123779297,257.6629638671875,159.9384307861328,161.36419677734375,False
1149,38.3,0.7694922685623169,27.598386979661882,71,unknown,152.54233343031714,JUMPING,False,,0.3912219006811855,,,26.478861306873213,9.981861946105957,3.327287315368652,255.7609405517578,256.22808837890625,160.37376403808594,160.32321166992188,False
1150,38.333333333333336,0.8431995511054993,27.18556800391525,71,unknown,152.54233343031714,JUMPING,False,,0.3912219006811855,,,26.478861306873213,9.981861946105957,3.327287315368652,255.7609405517578,249.31881713867188,160.37376403808594,154.86172485351562,False
1151,38.36666666666667,0.8042882680892944,26.585125015117228,71,unknown,152.54233343031714,JUMPING,False,,0.3912219006811855,,,26.478861306873213,9.981861946105957,3.327287315368652,255.7609405517578,243.98202514648438,160.37376403808594,150.9883575439453,True
1152,38.4,0.7807709574699402,27.820900082588196,71,unknown,152.54233343031714,JUMPING,False,,0.3912219006811855,,,26.478861306873213,9.981861946105957,3.327287315368652,255.7609405517578,238.6425018310547,160.37376403808594,145.71612548828125,True
1153,38.43333333333333,0.8158140182495117,26.89354494214058,71,unknown,152.54233343031714,JUMPING,False,,0.3912219006811855,,,26.478861306873213,9.981861946105957,3.327287315368652,255.7609405517578,233.5740966796875,160.37376403808594,140.78329467773438,True
1154,38.46666666666667,0.7428510189056396,26.769494987092912,71,unknown,152.54233343031714,JUMPING,False,,0.3912219006811855,,,26.478861306873213,9.981861946105957,3.327287315368652,255.7609405517578,229.84515380859375,160.37376403808594,137.70291137695312,True
1155,38.5,0.7388529777526855,27.848610072396696,71,unknown,152.54233343031714,JUMPING,False,,0.3912219006811855,,,26.478861306873213,9.981861946105957,3.327287315368652,255.7609405517578,227.75140380859375,160.37376403808594,137.17440795898438,True
1156,38.53333333333333,0.7415449023246765,27.196921058930457,71,unknown,152.54233343031714,JUMPING,False,,0.3912219006811855,,,26.478861306873213,9.981861946105957,3.327287315368652,255.7609405517578,227.393310546875,160.37376403808594,137.51275634765625,True
1157,38.56666666666667,0.7625771164894104,26.875745970755816,71,unknown,152.54233343031714,JUMPING,False,,0.3912219006811855,,,26.478861306873213,9.917964184570312,3.305988061523437,255.7609405517578,229.41262817382812,160.37376403808594,140.65618896484375,True
1158,38.6,0.7303656339645386,27.68658904824406,71,unknown,152.54233343031714,JUMPING,False,,0.3912219006811855,,,26.478861306873213,12.85230684814453,4.284102282714843,254.8483123779297,234.98574829101562,159.88787841796875,146.5922088623047,True
1159,38.63333333333333,0.7884962558746338,27.675173012539744,72,unknown,152.54233343031714,JUMPING,True,0.43333333333333,0.40048641586465733,27.455001831054688,21.88372802734375,26.722896437918582,14.436720222473145,4.812240074157715,254.8483123779297,244.92823791503906,159.05813598632812,154.48355102539062,False
1160,38.666666666666664,0.8108587265014648,27.161200996488333,72,unknown,152.54233343031714,JUMPING,False,,0.40048641586465733,,,26.722896437918582,14.475371072387695,4.825123690795898,254.8483123779297,253.92359924316406,159.25155639648438,159.26266479492188,False
1161,38.7,0.7376463413238525,27.80857600737363,72,unknown,152.54233343031714,JUMPING,False,,0.40048641586465733,,,26.722896437918582,12.1967015625,4.0655671875,255.05352783203125,254.5112762451172,159.25155639648438,159.00180053710938,False
1162,38.733333333333334,0.7534544467926025,26.979724992997944,72,unknown,152.54233343031714,JUMPING,False,,0.40048641586465733,,,26.722896437918582,10.2499067779541,3.416635592651367,255.05352783203125,253.80250549316406,159.25155639648438,158.278564453125,False
1163,38.766666666666666,0.7683237791061401,26.709768921136856,72,unknown,152.54233343031714,JUMPING,False,,0.40048641586465733,,,26.722896437918582,9.355473852539063,3.1184912841796875,255.05352783203125,253.61752319335938,159.25155639648438,157.65426635742188,False
1164,38.8,0.8026984930038452,27.690847986377776,72,unknown,152.54233343031714,JUMPING,False,,0.40048641586465733,,,26.722896437918582,9.355473852539063,3.1184912841796875,255.05352783203125,247.61099243164062,159.25155639648438,152.46820068359375,False
1165,38.833333333333336,0.8064985275268555,27.02413802035153,72,unknown,152.54233343031714,JUMPING,False,,0.40048641586465733,,,26.722896437918582,9.355473852539063,3.1184912841796875,255.05352783203125,239.57449340820312,159.25155639648438,145.83120727539062,True
1166,38.86666666666667,0.8131335973739624,26.80134796537459,72,unknown,152.54233343031714,JUMPING,False,,0.40048641586465733,,,26.722896437918582,9.355473852539063,3.1184912841796875,255.05352783203125,232.98622131347656,159.25155639648438,140.41925048828125,True
1167,38.9,0.7573077082633972,28.00640801433474,72,unknown,152.54233343031714,JUMPING,False,,0.40048641586465733,,,26.722896437918582,9.355473852539063,3.1184912841796875,255.05352783203125,229.0216064453125,159.25155639648438,137.54025268554688,True
1168,38.93333333333333,0.7750483751296997,27.003597002476454,72,unknown,152.54233343031714,JUMPING,False,,0.40048641586465733,,,26.722896437918582,9.353013753271503,2.8203469757080075,255.05352783203125,229.23870849609375,159.25155639648438,137.2332763671875,True
1169,38.96666666666667,0.7784942984580994,26.789068011566997,72,unknown,152.54233343031714,JUMPING,False,,0.40048641586465733,,,26.722896437918582,9.353013753271503,2.515777825927734,254.30606079101562,229.760986328125,159.25155639648438,137.603759765625,True
1170,39.0,0.7902297973632812,27.74126804433763,72,unknown,152.54233343031714,JUMPING,False,,0.40048641586465733,,,26.722896437918582,9.353013753271503,2.3907422698974607,253.9683837890625,233.67076110839844,159.25155639648438,141.3203582763672,True
1171,39.03333333333333,0.7395894527435303,26.759195025078952,72,unknown,152.54233343031714,JUMPING,False,,0.40048641586465733,,,26.722896437918582,9.353013753271503,2.515777825927734,253.9683837890625,241.8494873046875,159.25155639648438,147.94097900390625,True
1172,39.06666666666667,0.7930628061294556,26.839346042834222,73,unknown,147.54101618808767,JUMPING,True,0.4333333333333371,0.4077127377077669,24.982803344726562,22.018280029296875,26.287873164620578,9.353013753271503,2.2112086761474607,254.00440979003906,254.00852966308594,159.25155639648438,155.55564880371094,False
1173,39.1,0.7626633644104004,27.7464990504086,73,unknown,147.54101618808767,JUMPING,False,,0.4077127377077669,,,26.287873164620578,9.200755607617202,2.515777825927734,254.3101806640625,257.46966552734375,159.89898681640625,160.9964599609375,False
1174,39.13333333333333,0.8013136386871338,26.89670806284994,73,unknown,147.54101618808767,JUMPING,False,,0.4077127377077669,,,26.287873164620578,9.200755607617202,2.9309945068359373,255.05352783203125,257.683837890625,160.37376403808594,160.49099731445312,False
1175,39.166666666666664,0.8184793591499329,27.141973958350718,73,unknown,147.54101618808767,JUMPING,False,,0.4077127377077669,,,26.287873164620578,9.200755607617202,2.9462648162841796,255.90286254882812,257.2447509765625,160.37376403808594,159.4358673095703,False
1176,39.2,0.8317509293556213,27.67850994132459,73,unknown,147.54101618808767,JUMPING,False,,0.4077127377077669,,,26.287873164620578,9.355473852539063,3.1184912841796875,255.90286254882812,250.8382110595703,160.37376403808594,154.12924194335938,False
1177,39.233333333333334,0.8216266632080078,27.11643895599991,73,unknown,147.54101618808767,JUMPING,False,,0.4077127377077669,,,26.287873164620578,9.355473852539063,3.1184912841796875,255.90286254882812,240.17538452148438,160.37376403808594,145.18081665039062,True
1178,39.266666666666666,0.8211860656738281,26.575783966109157,73,unknown,147.54101618808767,JUMPING,False,,0.4077127377077669,,,26.287873164620578,9.355473852539063,3.1184912841796875,255.90286254882812,233.2919921875,160.37376403808594,139.60293579101562,True
1179,39.3,0.7406830787658691,27.837421977892518,73,unknown,147.54101618808767,JUMPING,False,,0.4077127377077669,,,26.287873164620578,9.355473852539063,3.1184912841796875,255.90286254882812,229.06320190429688,160.37376403808594,137.12225341796875,True
1180,39.333333333333336,0.7564064264297485,26.888126973062754,73,unknown,147.54101618808767,JUMPING,False,,0.4077127377077669,,,26.287873164620578,9.200755607617202,2.9462648162841796,255.90286254882812,229.6884765625,160.37376403808594,138.73910522460938,True
1181,39.36666666666667,0.74433434009552,26.744981994852424,73,unknown,147.54101618808767,JUMPING,False,,0.4077127377077669,,,26.287873164620578,9.355473852539063,3.1184912841796875,255.54136657714844,230.82363891601562,159.96827697753906,140.24069213867188,True
1182,39.4,0.7955141067504883,27.59676892310381,73,unknown,147.54101618808767,JUMPING,False,,0.4077127377077669,,,26.287873164620578,9.872153256225586,3.2907177520751953,255.54136657714844,236.9206085205078,159.36659240722656,145.37020874023438,True
1183,39.43333333333333,0.7933818697929382,27.099684928543866,73,unknown,147.54101618808767,JUMPING,False,,0.4077127377077669,,,26.287873164620578,9.355473852539063,3.1184912841796875,255.54136657714844,246.17715454101562,159.36659240722656,153.20767211914062,True
1184,39.46666666666667,0.7843697667121887,26.999599998816848,74,unknown,147.54101618808767,JUMPING,True,0.3999999999999986,0.4060159354120579,27.71142578125,22.244338989257812,26.643761318777933,11.074910696411132,3.691636898803711,256.7746276855469,257.13897705078125,159.36659240722656,159.22467041015625,False
1185,39.5,0.8082712888717651,27.702381019480526,74,unknown,147.54101618808767,JUMPING,False,,0.4060159354120579,,,26.643761318777933,9.325316461572276,2.914570440673828,256.7746276855469,254.92410278320312,159.76171875,159.9789581298828,False
1186,39.53333333333333,0.7869783639907837,26.91699203569442,74,unknown,147.54101618808767,JUMPING,False,,0.4060159354120579,,,26.643761318777933,9.325316461572276,2.7080479888916016,256.7746276855469,252.68472290039062,160.0400848388672,160.08084106445312,False
1187,39.56666666666667,0.8097487092018127,26.735090999864042,74,unknown,147.54101618808767,JUMPING,False,,0.4060159354120579,,,26.643761318777933,9.325316461572276,2.7080479888916016,256.7746276855469,250.0235595703125,160.0400848388672,159.6651153564453,False
1188,39.6,0.8229796886444092,27.733011986128986,74,unknown,147.54101618808767,JUMPING,False,,0.4060159354120579,,,26.643761318777933,9.325316461572276,2.7080479888916016,256.7746276855469,240.55184936523438,160.0400848388672,150.426025390625,True
1189,39.63333333333333,0.8085489869117737,27.11774897761643,74,unknown,147.54101618808767,JUMPING,False,,0.4060159354120579,,,26.643761318777933,9.325316461572276,2.7080479888916016,256.7746276855469,231.54632568359375,160.0400848388672,142.81884765625,True
1190,39.666666666666664,0.814367413520813,26.94955002516508,74,unknown,147.54101618808767,JUMPING,False,,0.4060159354120579,,,26.643761318777933,9.325316461572276,2.7080479888916016,256.7746276855469,225.5535430908203,160.0400848388672,137.36705017089844,True
1191,39.7,0.7573665380477905,28.068772982805967,74,unknown,147.54101618808767,JUMPING,False,,0.4060159354120579,,,26.643761318777933,9.325316461572276,2.7080479888916016,256.7746276855469,225.64122009277344,160.0400848388672,135.60499572753906,True
1192,39.733333333333334,0.7974199056625366,27.247305028140545,74,unknown,147.54101618808767,JUMPING,False,,0.4060159354120579,,,26.643761318777933,9.325316461572276,2.626696829223633,256.7746276855469,226.68670654296875,160.0400848388672,135.31027221679688,True
1193,39.766666666666666,0.7932941913604736,26.57888492103666,74,unknown,147.54101618808767,JUMPING,False,,0.4060159354120579,,,26.643761318777933,9.325316461572276,2.626696829223633,255.7064971923828,229.0480194091797,159.85342407226562,137.1588592529297,True
1194,39.8,0.7840079665184021,27.686263085342944,74,unknown,147.54101618808767,JUMPING,False,,0.4060159354120579,,,26.643761318777933,9.805608641052245,3.2685362136840816,254.75897216796875,233.5697784423828,159.5734100341797,142.6326446533203,True
1195,39.833333333333336,0.7859310507774353,27.090096031315625,74,unknown,147.54101618808767,JUMPING,False,,0.4060159354120579,,,26.643761318777933,9.325316461572276,1.9626759063720702,254.75897216796875,243.08551025390625,159.5734100341797,150.72633361816406,True
1196,39.86666666666667,0.7944624423980713,26.665827026590705,75,unknown,147.54101618808767,JUMPING,True,0.3999999999999986,0.40469242962140484,29.205429077148438,24.263137817382812,27.28417825837056,9.325316461572276,1.6600523071289062,254.75897216796875,253.62046813964844,159.5734100341797,157.62852478027344,False
1197,39.9,0.8245205283164978,27.64408302027732,75,unknown,147.54101618808767,JUMPING,False,,0.40469242962140484,,,27.28417825837056,9.549462390429696,1.6600523071289062,256.2530212402344,257.536376953125,159.85342407226562,160.2130889892578,False
1198,39.93333333333333,0.8253870010375977,26.90328110475093,75,unknown,147.54101618808767,JUMPING,False,,0.40469242962140484,,,27.28417825837056,9.549462390429696,2.3225801330566407,257.20245361328125,258.32244873046875,160.0400848388672,161.25929260253906,False
1199,39.96666666666667,0.8025845885276794,26.66083804797381,75,unknown,147.54101618808767,JUMPING,False,,0.40469242962140484,,,27.28417825837056,9.549462390429696,2.3225801330566407,257.20245361328125,249.1891326904297,160.0400848388672,152.8109130859375,False
1200,40.0,0.7903138399124146,27.64685300644487,75,unknown,147.54101618808767,JUMPING,False,,0.40469242962140484,,,27.28417825837056,9.549462390429696,2.3225801330566407,257.20245361328125,242.34420776367188,160.0400848388672,146.78155517578125,True
1201,40.03333333333333,0.786218523979187,26.954398956149817,75,unknown,147.54101618808767,JUMPING,False,,0.40469242962140484,,,27.28417825837056,9.549462390429696,2.3225801330566407,257.20245361328125,235.72589111328125,160.0400848388672,141.21664428710938,True
1202,40.06666666666667,0.8119513988494873,26.796158985234797,75,unknown,147.54101618808767,JUMPING,False,,0.40469242962140484,,,27.28417825837056,9.549462390429696,2.3225801330566407,257.20245361328125,230.2639923095703,160.0400848388672,138.33749389648438,True
1203,40.1,0.8060803413391113,27.698403922840953,75,unknown,147.54101618808767,JUMPING,False,,0.40469242962140484,,,27.28417825837056,9.549462390429696,2.3225801330566407,257.20245361328125,228.7926025390625,160.0400848388672,137.82391357421875,True
1204,40.13333333333333,0.7851186990737915,27.41444099228829,75,unknown,147.54101618808767,JUMPING,False,,0.40469242962140484,,,27.28417825837056,9.549462390429696,2.3225801330566407,257.20245361328125,230.55029296875,160.0400848388672,140.04656982421875,True
1205,40.166666666666664,0.763358473777771,26.650601997971535,75,unknown,147.54101618808767,JUMPING,False,,0.40469242962140484,,,27.28417825837056,9.851317767333985,3.283772589111328,257.20245361328125,232.2890625,160.0400848388672,141.91592407226562,True
1206,40.2,0.7396271228790283,28.548007016070187,75,unknown,147.54101618808767,JUMPING,False,,0.40469242962140484,,,27.28417825837056,9.549462390429696,2.7245059890747068,257.20245361328125,236.92337036132812,160.0400848388672,147.29916381835938,True
1207,40.233333333333334,0.7631995677947998,27.228730032220483,75,unknown,147.54101618808767,JUMPING,False,,0.40469242962140484,,,27.28417825837056,9.549462390429696,1.7546151123046874,257.20245361328125,244.29827880859375,160.0400848388672,155.39317321777344,True
1208,40.266666666666666,0.8102392554283142,27.212158078327775,76,unknown,145.16136596035605,JUMPING,True,0.3999999999999986,0.40366009510469547,28.40985107421875,22.336273193359375,27.565596462332607,9.549462390429696,1.7546151123046874,257.20245361328125,254.535888671875,160.16018676757812,162.67320251464844,False
1209,40.3,0.8137168288230896,27.63102506287396,76,unknown,145.16136596035605,JUMPING,False,,0.40366009510469547,,,27.565596462332607,9.647958761816412,2.5191938507080076,257.37969970703125,260.93695068359375,160.3798370361328,165.21112060546875,False
1210,40.333333333333336,0.8467913866043091,26.849710033275187,76,unknown,145.16136596035605,JUMPING,False,,0.40366009510469547,,,27.565596462332607,9.647958761816412,1.5977946899414062,257.50970458984375,257.90631103515625,160.79428100585938,161.98411560058594,False
1211,40.36666666666667,0.8497151136398315,26.714102015830576,76,unknown,145.16136596035605,JUMPING,False,,0.40366009510469547,,,27.565596462332607,9.647958761816412,2.5191938507080076,257.50970458984375,254.7543182373047,160.79428100585938,159.18301391601562,False
1212,40.4,0.8028222918510437,27.660195948556066,76,unknown,145.16136596035605,JUMPING,False,,0.40366009510469547,,,27.565596462332607,9.647958761816412,2.5191938507080076,257.50970458984375,247.31634521484375,160.79428100585938,152.92633056640625,True
1213,40.43333333333333,0.7864700555801392,26.880420045927167,76,unknown,145.16136596035605,JUMPING,False,,0.40366009510469547,,,27.565596462332607,9.647958761816412,2.5191938507080076,257.50970458984375,238.8258056640625,160.79428100585938,146.19700622558594,True
1214,40.46666666666667,0.8273608088493347,26.71255893073976,76,unknown,145.16136596035605,JUMPING,False,,0.40366009510469547,,,27.565596462332607,9.647958761816412,2.5191938507080076,257.50970458984375,231.4063720703125,160.79428100585938,140.88807678222656,True
1215,40.5,0.8063527345657349,27.562978095375,76,unknown,145.16136596035605,JUMPING,False,,0.40366009510469547,,,27.565596462332607,9.647958761816412,2.5191938507080076,257.50970458984375,227.59042358398438,160.79428100585938,137.49954223632812,True
1216,40.53333333333333,0.8099330067634583,26.931117987260222,76,unknown,145.16136596035605,JUMPING,False,,0.40366009510469547,,,27.565596462332607,9.647958761816412,2.5191938507080076,257.50970458984375,226.278076171875,160.79428100585938,136.12843322753906,True
1217,40.56666666666667,0.8011016845703125,26.754847960546613,76,unknown,145.16136596035605,JUMPING,False,,0.40366009510469547,,,27.565596462332607,9.647958761816412,1.5977946899414062,257.50970458984375,226.68429565429688,160.79428100585938,137.0706329345703,True
1218,40.6,0.772854208946228,27.692331932485104,76,unknown,145.16136596035605,JUMPING,False,,0.40366009510469547,,,27.565596462332607,9.647958761816412,2.5191938507080076,257.41973876953125,229.4964599609375,160.3798370361328,140.83209228515625,True
1219,40.63333333333333,0.7581591010093689,26.894414913840592,76,unknown,145.16136596035605,JUMPING,False,,0.40366009510469547,,,27.565596462332607,9.647958761816412,2.505280902099609,257.20245361328125,237.28817749023438,160.16018676757812,147.5703125,True
1220,40.666666666666664,0.7782851457595825,26.807231944985688,77,unknown,147.54101618808767,JUMPING,True,0.3999999999999986,0.40285487418166216,29.974945068359375,24.031753540039062,28.1679336138393,11.112713195800781,3.7042377319335937,256.2530212402344,245.90533447265625,160.16018676757812,156.15724182128906,False
1221,40.7,0.7513647675514221,27.675695018842816,77,unknown,147.54101618808767,JUMPING,False,,0.40285487418166216,,,28.1679336138393,9.90581580505371,3.30193860168457,256.2530212402344,254.4718017578125,160.84080505371094,163.78982543945312,False
1222,40.733333333333334,0.7540891766548157,27.159417048096657,77,unknown,147.54101618808767,JUMPING,False,,0.40285487418166216,,,28.1679336138393,9.858776764843753,2.5460017272949216,257.3774108886719,259.3658142089844,161.69418334960938,168.087646484375,False
1223,40.766666666666666,0.7582637667655945,26.662061922252178,77,unknown,147.54101618808767,JUMPING,False,,0.40285487418166216,,,28.1679336138393,10.606485470581054,3.5354951568603514,257.7583312988281,262.732177734375,162.39756774902344,169.9541015625,False
1224,40.8,0.7699021697044373,27.70651993341744,77,unknown,147.54101618808767,JUMPING,False,,0.40285487418166216,,,28.1679336138393,11.976028623962401,3.9920095413208005,258.156005859375,264.0966796875,163.34317016601562,170.36038208007812,False
1225,40.833333333333336,0.7816526889801025,27.496497961692512,77,unknown,147.54101618808767,JUMPING,False,,0.40285487418166216,,,28.1679336138393,13.34557177734375,4.44852392578125,258.9484558105469,262.5606689453125,164.64259338378906,168.5188446044922,False
1226,40.86666666666667,0.8174988031387329,26.96630300488323,77,unknown,147.54101618808767,JUMPING,False,,0.40285487418166216,,,28.1679336138393,13.682502671813964,4.560834223937988,259.2256774902344,259.01544189453125,165.23358154296875,165.24856567382812,False
1227,40.9,0.7913240194320679,27.84434100612998,77,unknown,147.54101618808767,JUMPING,False,,0.40285487418166216,,,28.1679336138393,13.34557177734375,4.44852392578125,259.2256774902344,253.22396850585938,165.23358154296875,161.98056030273438,False
1228,40.93333333333333,0.8170377612113953,29.790945001877844,77,unknown,147.54101618808767,JUMPING,False,,0.40285487418166216,,,28.1679336138393,13.34557177734375,4.44852392578125,259.2256774902344,247.7943115234375,165.23358154296875,159.35572814941406,False
1229,40.96666666666667,0.8271033763885498,27.226764941588044,77,unknown,147.54101618808767,JUMPING,False,,0.40285487418166216,,,28.1679336138393,14.235321807861327,4.745107269287109,259.2256774902344,244.52313232421875,165.23358154296875,158.06048583984375,True
1230,41.0,0.8300479650497437,27.99010497983545,77,unknown,147.54101618808767,JUMPING,False,,0.40285487418166216,,,28.1679336138393,14.990964587402342,4.996988195800781,259.2256774902344,242.40798950195312,165.23358154296875,157.44729614257812,True
1231,41.03333333333333,0.8067412376403809,26.84882003813982,77,unknown,147.54101618808767,JUMPING,False,,0.40285487418166216,,,28.1679336138393,15.430647697448729,5.1435492324829095,259.2256774902344,242.84896850585938,165.23358154296875,157.739990234375,True
1232,41.06666666666667,0.8027002215385437,26.65511693339795,77,unknown,147.54101618808767,JUMPING,False,,0.40285487418166216,,,28.1679336138393,15.430647697448729,5.1435492324829095,259.2256774902344,243.11985778808594,165.23358154296875,158.33554077148438,True
1233,41.1,0.8067840933799744,27.709081070497632,78,unknown,147.54101618808767,JUMPING,True,0.4333333333333371,0.40956013519503065,16.81768798828125,7.786285400390625,25.330372207449788,15.430647697448729,5.1435492324829095,259.2256774902344,244.31112670898438,165.23358154296875,158.34576416015625,False
1234,41.13333333333333,0.8035728931427002,26.835503987967968,78,unknown,147.54101618808767,JUMPING,False,,0.40956013519503065,,,25.330372207449788,15.430647697448729,5.1435492324829095,259.2256774902344,246.19827270507812,165.23358154296875,158.42288208007812,False
1235,41.166666666666664,0.8230868577957153,26.80611703544855,78,unknown,147.54101618808767,JUMPING,False,,0.40956013519503065,,,25.330372207449788,15.430647697448729,5.1435492324829095,259.2256774902344,247.9875946044922,165.23358154296875,158.80001831054688,False
1236,41.2,0.8264923095703125,27.657761005684733,78,unknown,147.54101618808767,JUMPING,False,,0.40956013519503065,,,25.330372207449788,15.430647697448729,5.1435492324829095,259.2256774902344,247.95489501953125,165.23358154296875,158.29074096679688,False
1237,41.233333333333334,0.8208949565887451,26.92280907649547,78,unknown,147.54101618808767,JUMPING,False,,0.40956013519503065,,,25.330372207449788,15.430647697448729,5.1435492324829095,259.2256774902344,249.02032470703125,165.23358154296875,158.80999755859375,False
1238,41.266666666666666,0.8251745104789734,26.786712929606438,78,unknown,147.54101618808767,JUMPING,False,,0.40956013519503065,,,25.330372207449788,15.430647697448729,5.1435492324829095,259.2256774902344,249.53109741210938,165.23358154296875,158.90585327148438,False
1239,41.3,0.8316234350204468,27.72752195596695,78,unknown,147.54101618808767,JUMPING,False,,0.40956013519503065,,,25.330372207449788,15.430647697448729,5.1435492324829095,259.2256774902344,249.5810546875,165.23358154296875,159.11619567871094,False
1240,41.333333333333336,0.846676230430603,26.868990040384233,78,unknown,147.54101618808767,JUMPING,False,,0.40956013519503065,,,25.330372207449788,15.430647697448729,5.1435492324829095,259.2256774902344,249.7875213623047,165.23358154296875,159.32217407226562,False
1241,41.36666666666667,0.8309047222137451,26.61946101579815,78,unknown,147.54101618808767,JUMPING,False,,0.40956013519503065,,,25.330372207449788,15.870330807495117,5.290110269165039,259.2256774902344,250.95799255371094,165.23358154296875,159.42153930664062,False
1242,41.4,0.8438242673873901,27.764421072788537,78,unknown,147.54101618808767,JUMPING,False,,0.40956013519503065,,,25.330372207449788,17.360543339538573,5.786847779846191,259.2256774902344,251.0072479248047,165.23358154296875,159.19332885742188,False
1243,41.43333333333333,0.8153402805328369,26.923510944470763,78,unknown,147.54101618808767,JUMPING,False,,0.40956013519503065,,,25.330372207449788,16.53129766845703,5.5104325561523435,259.2256774902344,250.32064819335938,165.23358154296875,159.19764709472656,False
1244,41.46666666666667,0.845313310623169,26.62821696139872,78,unknown,147.54101618808767,JUMPING,False,,0.40956013519503065,,,25.330372207449788,16.53129766845703,5.5104325561523435,259.2256774902344,250.48068237304688,165.23358154296875,159.7497100830078,False
1245,41.5,0.8367422223091125,27.615451021119952,78,unknown,147.54101618808767,JUMPING,False,,0.40956013519503065,,,25.330372207449788,16.53129766845703,5.5104325561523435,259.2256774902344,250.96969604492188,165.23358154296875,160.4241180419922,False
1246,41.53333333333333,0.7995564937591553,26.894420967437327,78,unknown,147.54101618808767,JUMPING,False,,0.40956013519503065,,,25.330372207449788,16.53129766845703,5.5104325561523435,259.2256774902344,251.7930908203125,165.23358154296875,160.73040771484375,False
1247,41.56666666666667,0.7893624305725098,26.66799002327025,78,unknown,147.54101618808767,JUMPING,False,,0.40956013519503065,,,25.330372207449788,17.60008359375,5.866694531249999,259.2256774902344,252.7437744140625,165.23358154296875,160.72238159179688,False
1248,41.6,0.8050209283828735,27.61600899975747,78,unknown,147.54101618808767,JUMPING,False,,0.40956013519503065,,,25.330372207449788,15.27601036376953,5.092003454589843,259.2256774902344,253.35150146484375,165.23358154296875,160.48138427734375,False
1249,41.63333333333333,0.8392768502235413,26.851971982978284,78,unknown,147.54101618808767,JUMPING,False,,0.40956013519503065,,,25.330372207449788,13.658850659179688,4.552950219726562,259.2256774902344,252.9676513671875,165.23358154296875,160.4193878173828,False
1250,41.666666666666664,0.839440643787384,26.698895962908864,78,unknown,147.54101618808767,JUMPING,False,,0.40956013519503065,,,25.330372207449788,8.9424968170166,2.980832272338867,259.2256774902344,254.68072509765625,165.23358154296875,160.04470825195312,False
1251,41.7,0.8618857860565186,27.5728179840371,78,unknown,147.54101618808767,JUMPING,False,,0.40956013519503065,,,25.330372207449788,8.865630272607426,2.76032900390625,259.2256774902344,254.09983825683594,165.23358154296875,159.86984252929688,False
1252,41.733333333333334,0.8292137980461121,26.96798404213041,78,unknown,147.54101618808767,JUMPING,False,,0.40956013519503065,,,25.330372207449788,8.865630272607426,2.648912301635742,259.2256774902344,254.78067016601562,165.23358154296875,160.03402709960938,False
1253,41.766666666666666,0.8436051607131958,26.597213000059128,78,unknown,147.54101618808767,JUMPING,False,,0.40956013519503065,,,25.330372207449788,8.865630272607426,2.648912301635742,259.2256774902344,254.63755798339844,165.23358154296875,160.11099243164062,False
1254,41.8,0.7825634479522705,27.525997022166848,78,unknown,147.54101618808767,JUMPING,False,,0.40956013519503065,,,25.330372207449788,8.865630272607426,2.4007754287719725,258.57177734375,253.11204528808594,164.66506958007812,160.21409606933594,False
1255,41.833333333333336,0.8578532338142395,26.736914995126426,78,unknown,147.54101618808767,JUMPING,False,,0.40956013519503065,,,25.330372207449788,8.865630272607426,2.0105002532958984,257.321533203125,252.2951202392578,164.66506958007812,160.55641174316406,False
1256,41.86666666666667,0.8591645956039429,26.550437905825675,78,unknown,147.54101618808767,JUMPING,False,,0.40956013519503065,,,25.330372207449788,8.865630272607426,2.118885516357422,257.321533203125,251.02059936523438,164.66506958007812,160.76405334472656,False
1257,41.9,0.8454381823539734,27.647731942124665,78,unknown,147.54101618808767,JUMPING,False,,0.40956013519503065,,,25.330372207449788,8.865630272607426,2.118885516357422,257.321533203125,249.98602294921875,164.66506958007812,160.91592407226562,False
1258,41.93333333333333,0.8241298198699951,27.094622957520187,78,unknown,147.54101618808767,JUMPING,False,,0.40956013519503065,,,25.330372207449788,8.865630272607426,2.118885516357422,257.321533203125,249.42730712890625,164.66506958007812,161.15475463867188,False
1259,41.96666666666667,0.7985665202140808,26.809066999703646,78,unknown,147.54101618808767,JUMPING,False,,0.40956013519503065,,,25.330372207449788,8.865630272607426,2.118885516357422,257.321533203125,249.69842529296875,164.66506958007812,161.6876220703125,False
1260,42.0,0.8341704607009888,28.11791200656444,78,unknown,147.54101618808767,JUMPING,False,,0.40956013519503065,,,25.330372207449788,8.865630272607426,2.118885516357422,257.321533203125,250.41835021972656,164.66506958007812,161.91061401367188,False
1261,42.03333333333333,0.8118131756782532,26.94459503982216,78,unknown,147.54101618808767,JUMPING,False,,0.40956013519503065,,,25.330372207449788,8.865630272607426,2.2146925689697263,257.321533203125,251.221923828125,164.66506958007812,162.254638671875,False
1262,42.06666666666667,0.7967687249183655,26.62562800105661,78,unknown,147.54101618808767,JUMPING,False,,0.40956013519503065,,,25.330372207449788,8.865630272607426,2.0105002532958984,257.321533203125,251.35995483398438,164.66506958007812,162.18975830078125,False
1263,42.1,0.7916988134384155,27.877885033376515,78,unknown,147.54101618808767,JUMPING,False,,0.40956013519503065,,,25.330372207449788,8.865630272607426,2.1202881225585934,257.321533203125,250.94873046875,164.66506958007812,161.87582397460938,False
1264,42.13333333333333,0.7994215488433838,27.209235006012022,78,unknown,147.54101618808767,JUMPING,False,,0.40956013519503065,,,25.330372207449788,8.865630272607426,2.1202881225585934,257.321533203125,250.73434448242188,164.66506958007812,161.63113403320312,False
1265,42.166666666666664,0.7808932662010193,26.66640398092568,78,unknown,147.54101618808767,JUMPING,False,,0.40956013519503065,,,25.330372207449788,8.865630272607426,2.1202881225585934,257.321533203125,250.17868041992188,164.66506958007812,161.5518798828125,False
1266,42.2,0.7891048192977905,27.683457010425627,78,unknown,147.54101618808767,JUMPING,False,,0.40956013519503065,,,25.330372207449788,8.865630272607426,2.0105002532958984,257.321533203125,250.3594970703125,164.05099487304688,161.5450439453125,False
1267,42.233333333333334,0.8042787313461304,27.126156957820058,78,unknown,147.54101618808767,JUMPING,False,,0.40956013519503065,,,25.330372207449788,8.865630272607426,1.924929963684082,254.74069213867188,250.42538452148438,162.2286834716797,161.78057861328125,False
1268,42.266666666666666,0.7948321104049683,26.52303094509989,78,unknown,147.54101618808767,JUMPING,False,,0.40956013519503065,,,25.330372207449788,8.865630272607426,1.8465649978637695,254.6634521484375,250.7970428466797,162.16896057128906,162.13775634765625,False
1269,42.3,0.7935929894447327,27.546626050025225,78,unknown,147.54101618808767,JUMPING,False,,0.40956013519503065,,,25.330372207449788,8.865630272607426,1.5968558486938476,254.42247009277344,250.7108154296875,162.16896057128906,162.9227294921875,False
1270,42.333333333333336,0.821210503578186,26.740540051832795,78,unknown,147.54101618808767,JUMPING,False,,0.40956013519503065,,,25.330372207449788,8.865630272607426,1.67522081451416,253.80050659179688,249.23330688476562,162.0748748779297,161.88172912597656,False
1271,42.36666666666667,0.8322838544845581,26.536252931691706,78,unknown,147.54101618808767,JUMPING,False,,0.40956013519503065,,,25.330372207449788,8.865630272607426,1.5696973205566405,253.3004913330078,248.37423706054688,161.95257568359375,161.35195922851562,False
1272,42.4,0.824415922164917,27.577438042499125,78,unknown,147.54101618808767,JUMPING,False,,0.40956013519503065,,,25.330372207449788,8.865630272607426,1.5527755554199218,253.25572204589844,247.02816772460938,161.89906311035156,160.39431762695312,False
1273,42.43333333333333,0.8125952482223511,26.893854956142604,78,unknown,147.54101618808767,JUMPING,False,,0.40956013519503065,,,25.330372207449788,8.865630272607426,1.535853790283203,253.25572204589844,245.57574462890625,161.89906311035156,160.14657592773438,False
1274,42.46666666666667,0.8216114044189453,26.700005983002484,78,unknown,147.54101618808767,JUMPING,False,,0.40956013519503065,,,25.330372207449788,8.865630272607426,1.535853790283203,253.25572204589844,245.17857360839844,161.89906311035156,160.25128173828125,False
1275,42.5,0.8128511905670166,27.75792498141527,78,unknown,147.54101618808767,JUMPING,False,,0.40956013519503065,,,25.330372207449788,8.865630272607426,1.535853790283203,253.25572204589844,246.00564575195312,161.89906311035156,160.36148071289062,False
1276,42.53333333333333,0.8199385404586792,27.849160018377006,78,unknown,147.54101618808767,JUMPING,False,,0.40956013519503065,,,25.330372207449788,8.865630272607426,1.535853790283203,253.25572204589844,246.62701416015625,161.89906311035156,160.71304321289062,False
1277,42.56666666666667,0.8285572528839111,28.672946034930646,78,unknown,147.54101618808767,JUMPING,False,,0.40956013519503065,,,25.330372207449788,8.865630272607426,1.5527755554199218,253.25572204589844,247.8726806640625,161.89906311035156,160.47781372070312,False
1278,42.6,0.8403313755989075,28.0849119881168,78,unknown,147.54101618808767,JUMPING,False,,0.40956013519503065,,,25.330372207449788,8.865630272607426,1.604581494140625,253.25572204589844,248.40692138671875,161.89906311035156,160.8581085205078,False
1279,42.63333333333333,0.8196088671684265,27.144411113113165,78,unknown,147.54101618808767,STOPPED,False,,0.40956013519503065,,,25.330372207449788,8.865630272607426,1.5414189697265623,253.25572204589844,247.8393096923828,161.89906311035156,160.97769165039062,False
1280,42.666666666666664,0.8053550124168396,26.748569100163877,78,unknown,147.54101618808767,STOPPED,False,,0.40956013519503065,,,25.330372207449788,8.865630272607426,1.5414189697265623,253.25572204589844,248.6544189453125,161.89906311035156,161.10531616210938,False
1281,42.7,0.8312138915061951,27.756377938203514,78,unknown,147.54101618808767,STOPPED,False,,0.40956013519503065,,,25.330372207449788,8.865630272607426,1.5414189697265623,253.25572204589844,248.54714965820312,161.89906311035156,161.43084716796875,False
1282,42.733333333333334,0.8175905346870422,26.779102045111358,78,unknown,147.54101618808767,STOPPED,False,,0.40956013519503065,,,25.330372207449788,8.865630272607426,1.5414189697265623,253.25572204589844,248.31495666503906,161.89906311035156,161.60812377929688,False
1283,42.766666666666666,0.8211644291877747,27.121225954033434,78,unknown,147.54101618808767,STOPPED,False,,0.40956013519503065,,,25.330372207449788,8.865630272607426,1.618358706665039,253.25572204589844,248.0615234375,161.89906311035156,161.37167358398438,False
1284,42.8,0.8297185897827148,27.59427798446268,78,unknown,147.54101618808767,STOPPED,False,,0.40956013519503065,,,25.330372207449788,8.865630272607426,1.753755450439453,253.25572204589844,248.21151733398438,161.89906311035156,161.26837158203125,False
1285,42.833333333333336,0.8245301246643066,27.272114995867014,78,unknown,147.54101618808767,STOPPED,False,,0.40956013519503065,,,25.330372207449788,8.865630272607426,1.8975678314208984,253.25572204589844,249.06765747070312,161.89906311035156,161.48614501953125,False
1286,42.86666666666667,0.8240400552749634,26.665239012800157,78,unknown,147.54101618808767,STOPPED,False,,0.40956013519503065,,,25.330372207449788,8.865630272607426,1.8975678314208984,253.25572204589844,250.25814819335938,161.89906311035156,161.78955078125,False
1287,42.9,0.8268072009086609,27.633310994133353,78,unknown,147.54101618808767,STOPPED,False,,0.40956013519503065,,,25.330372207449788,8.865630272607426,1.8975678314208984,253.25572204589844,251.30657958984375,161.89906311035156,161.69537353515625,False
1288,42.93333333333333,0.8068922758102417,27.050793054513633,78,unknown,147.54101618808767,STOPPED,False,,0.40956013519503065,,,25.330372207449788,8.865630272607426,2.1427524444580075,253.25572204589844,252.34506225585938,161.89906311035156,161.11978149414062,False
1289,42.96666666666667,0.8172553181648254,26.746611925773323,78,unknown,147.54101618808767,STOPPED,False,,0.40956013519503065,,,25.330372207449788,8.865630272607426,2.368470240783691,253.2811737060547,253.17568969726562,161.89906311035156,160.82440185546875,False
1290,43.0,0.8294551372528076,27.58750703651458,78,unknown,147.54101618808767,STOPPED,False,,0.40956013519503065,,,25.330372207449788,8.865630272607426,2.429540167236328,253.61373901367188,253.78857421875,161.89906311035156,160.05731201171875,False
1291,43.03333333333333,0.8174775838851929,26.953531079925597,78,unknown,147.54101618808767,STOPPED,False,,0.40956013519503065,,,25.330372207449788,8.865630272607426,2.429540167236328,253.61373901367188,251.7339324951172,161.89906311035156,159.26837158203125,False
1292,43.06666666666667,0.820388674736023,26.622317964211106,78,unknown,147.54101618808767,STOPPED,False,,0.40956013519503065,,,25.330372207449788,8.865630272607426,2.368470240783691,253.61373901367188,251.549072265625,161.89906311035156,159.4486083984375,False
1293,43.1,0.8233351707458496,27.58387103676796,78,unknown,147.54101618808767,STOPPED,False,,0.40956013519503065,,,25.330372207449788,8.865630272607426,2.2697222396850583,253.54342651367188,251.1989288330078,161.89906311035156,159.3201904296875,False
1294,43.13333333333333,0.8300782442092896,27.295223088003695,78,unknown,147.54101618808767,STOPPED,False,,0.40956013519503065,,,25.330372207449788,8.865630272607426,2.0641838745117185,253.54342651367188,251.01980590820312,161.89906311035156,158.8890380859375,False
1295,43.166666666666664,0.8322581052780151,26.636895025148988,78,unknown,147.54101618808767,STOPPED,False,,0.40956013519503065,,,25.330372207449788,8.865630272607426,1.7193915985107422,253.15023803710938,250.85226440429688,161.89906311035156,158.55209350585938,False
1296,43.2,0.8142827749252319,27.764688013121486,78,unknown,147.54101618808767,STOPPED,False,,0.40956013519503065,,,25.330372207449788,8.865630272607426,1.5168733612060545,252.8052520751953,250.99356079101562,161.89906311035156,158.8671875,False
1297,43.233333333333334,0.813088595867157,26.987720979377627,78,unknown,147.54101618808767,STOPPED,False,,0.40956013519503065,,,25.330372207449788,8.865630272607426,1.709901383972168,252.55007934570312,252.686767578125,161.89906311035156,158.98281860351562,False
1298,43.266666666666666,0.8361375331878662,27.170875924639404,78,unknown,147.54101618808767,STOPPED,False,,0.40956013519503065,,,25.330372207449788,8.865630272607426,1.709901383972168,252.55007934570312,254.4268798828125,161.89906311035156,158.9361114501953,False
1299,43.3,0.8211874961853027,27.59254304692149,78,unknown,147.54101618808767,STOPPED,False,,0.40956013519503065,,,25.330372207449788,8.865630272607426,1.709901383972168,252.55007934570312,254.98147583007812,161.89906311035156,158.824951171875,False
1300,43.333333333333336,0.8060498237609863,26.88859694171697,78,unknown,147.54101618808767,STOPPED,False,,0.40956013519503065,,,25.330372207449788,8.865630272607426,1.5168733612060545,252.98011779785156,255.0279541015625,161.89906311035156,158.39845275878906,False
1301,43.36666666666667,0.8268816471099854,26.852300041355193,78,unknown,147.54101618808767,STOPPED,False,,0.40956013519503065,,,25.330372207449788,8.865630272607426,1.7193915985107422,253.54342651367188,255.3059844970703,161.89906311035156,158.14315795898438,False
1302,43.4,0.8180334568023682,27.66869601327926,78,unknown,147.54101618808767,STOPPED,False,,0.40956013519503065,,,25.330372207449788,8.865630272607426,1.710681866455078,254.1715545654297,255.15695190429688,161.89906311035156,157.63870239257812,False
1303,43.43333333333333,0.8557621240615845,27.014937018975616,78,unknown,147.54101618808767,STOPPED,False,,0.40956013519503065,,,25.330372207449788,8.865630272607426,1.1686876831054687,254.39096069335938,254.33706665039062,161.89906311035156,157.12338256835938,False
1304,43.46666666666667,0.834101140499115,26.533431955613196,78,unknown,147.54101618808767,STOPPED,False,,0.40956013519503065,,,25.330372207449788,8.865630272607426,1.3209383239746093,254.39096069335938,252.8444061279297,161.89906311035156,156.2281494140625,False
1305,43.5,0.8267756700515747,27.68467995338142,78,unknown,147.54101618808767,STOPPED,False,,0.40956013519503065,,,25.330372207449788,8.865630272607426,1.4707457153320311,254.39096069335938,251.78750610351562,161.87936401367188,155.7216796875,False
1306,43.53333333333333,0.833004891872406,27.146277017891407,78,unknown,147.54101618808767,STOPPED,False,,0.40956013519503065,,,25.330372207449788,8.865630272607426,1.3209383239746093,254.39096069335938,250.52899169921875,161.84130859375,155.54177856445312,False
1307,43.56666666666667,0.8459110856056213,26.859013945795596,78,unknown,147.54101618808767,STOPPED,False,,0.40956013519503065,,,25.330372207449788,8.865630272607426,1.6059388549804687,254.39096069335938,249.07870483398438,161.7859649658203,155.71112060546875,False
1308,43.6,0.8483772277832031,27.960097999311984,78,unknown,147.54101618808767,STOPPED,False,,0.40956013519503065,,,25.330372207449788,8.865630272607426,1.964825061035156,254.39096069335938,248.18115234375,161.74649047851562,156.08795166015625,False
1309,43.63333333333333,0.8566654920578003,26.850507012568414,78,unknown,147.54101618808767,STOPPED,False,,0.40956013519503065,,,25.330372207449788,8.865630272607426,2.471437371826172,254.39096069335938,248.50743103027344,161.74649047851562,156.57574462890625,False
1310,43.666666666666664,0.8433554768562317,26.550448033958673,78,unknown,147.54101618808767,STOPPED,False,,0.40956013519503065,,,25.330372207449788,8.865630272607426,2.471437371826172,254.39096069335938,249.39028930664062,161.74649047851562,156.94503784179688,False
1311,43.7,0.8443740010261536,27.872437029145658,78,unknown,147.54101618808767,STOPPED,False,,0.40956013519503065,,,25.330372207449788,8.865630272607426,2.471437371826172,254.39096069335938,250.9119415283203,161.74649047851562,156.4912109375,False
1312,43.733333333333334,0.8549454212188721,27.03555894549936,78,unknown,147.54101618808767,STOPPED,False,,0.40956013519503065,,,25.330372207449788,8.865630272607426,2.439584637451172,254.39096069335938,251.75498962402344,161.6604766845703,156.57888793945312,False
1313,43.766666666666666,0.8410425782203674,27.171324007213116,78,unknown,147.54101618808767,STOPPED,False,,0.40956013519503065,,,25.330372207449788,8.865630272607426,2.439584637451172,254.39096069335938,250.64895629882812,161.559326171875,156.18008422851562,False
1314,43.8,0.8372947573661804,27.83636504318565,78,unknown,147.54101618808767,STOPPED,False,,0.40956013519503065,,,25.330372207449788,8.865630272607426,2.628732870483398,254.39096069335938,249.42587280273438,161.46401977539062,155.54861450195312,False
1315,43.833333333333336,0.8697762489318848,26.870358968153596,78,unknown,147.54101618808767,STOPPED,False,,0.40956013519503065,,,25.330372207449788,8.865630272607426,2.628732870483398,254.39096069335938,249.36477661132812,161.4071807861328,155.35342407226562,False
1316,43.86666666666667,0.8243451714515686,26.59502101596445,78,unknown,147.54101618808767,STOPPED,False,,0.40956013519503065,,,25.330372207449788,8.865630272607426,2.5605367996215818,254.39096069335938,249.14431762695312,161.4071807861328,155.34951782226562,False
1317,43.9,0.8182973861694336,27.724760002456605,78,unknown,147.54101618808767,STOPPED,False,,0.40956013519503065,,,25.330372207449788,8.865630272607426,2.4537464355468748,254.39096069335938,249.90863037109375,161.4071807861328,154.592529296875,False
1318,43.93333333333333,0.8005398511886597,26.82274905964732,78,unknown,147.54101618808767,STOPPED,False,,0.40956013519503065,,,25.330372207449788,8.865630272607426,2.4153783691406248,254.39096069335938,249.91464233398438,161.4071807861328,153.9417266845703,False
1319,43.96666666666667,0.837539553642273,26.599123026244342,78,unknown,147.54101618808767,STOPPED,False,,0.40956013519503065,,,25.330372207449788,8.865630272607426,2.3770103027343747,254.39096069335938,249.63760375976562,161.4071807861328,154.05899047851562,False
1320,44.0,0.8455193042755127,27.85601804498583,78,unknown,147.54101618808767,STOPPED,False,,0.40956013519503065,,,25.330372207449788,8.865630272607426,2.3012243225097655,254.39096069335938,249.41091918945312,161.4071807861328,154.07574462890625,False
1321,44.03333333333333,0.8291749358177185,26.77986107300967,78,unknown,147.54101618808767,STOPPED,False,,0.40956013519503065,,,25.330372207449788,8.865630272607426,2.2560015838623046,254.39096069335938,248.9921875,161.4071807861328,153.9178466796875,False
1322,44.06666666666667,0.832410991191864,26.581407990306616,78,unknown,147.54101618808767,STOPPED,False,,0.40956013519503065,,,25.330372207449788,8.865630272607426,2.2306868041992187,254.39096069335938,248.56207275390625,161.4071807861328,153.66424560546875,False
1323,44.1,0.8086268305778503,27.728829067200422,78,unknown,147.54101618808767,STOPPED,False,,0.40956013519503065,,,25.330372207449788,8.865630272607426,2.2306868041992187,254.39096069335938,249.04763793945312,161.4071807861328,153.34271240234375,False
1324,44.13333333333333,0.7901370525360107,26.8442640081048,78,unknown,147.54101618808767,STOPPED,False,,0.40956013519503065,,,25.330372207449788,8.865630272607426,2.213222094726562,254.39096069335938,249.03787231445312,161.4071807861328,153.72076416015625,False
1325,44.166666666666664,0.7876780033111572,26.80347696878016,78,unknown,147.54101618808767,STOPPED,False,,0.40956013519503065,,,25.330372207449788,8.865630272607426,2.2053494018554685,254.39096069335938,249.44143676757812,161.4071807861328,154.2144317626953,False
1326,44.2,0.8166732788085938,27.731938986107707,78,unknown,147.54101618808767,STOPPED,False,,0.40956013519503065,,,25.330372207449788,8.865630272607426,2.167524279785156,254.39096069335938,249.88125610351562,161.33035278320312,154.2265167236328,False
1327,44.233333333333334,0.8232309818267822,27.056982973590493,78,unknown,147.54101618808767,STOPPED,False,,0.40956013519503065,,,25.330372207449788,8.865630272607426,2.0015190490722654,254.39096069335938,249.96725463867188,161.2089385986328,154.36712646484375,False
1328,44.266666666666666,0.8690688014030457,26.83922601863742,78,unknown,147.54101618808767,STOPPED,False,,0.40956013519503065,,,25.330372207449788,8.865630272607426,1.8355138183593749,254.39096069335938,249.89004516601562,161.0016326904297,154.46728515625,False
1329,44.3,0.8361470699310303,28.38548202998936,78,unknown,147.54101618808767,STOPPED,False,,0.40956013519503065,,,25.330372207449788,8.865630272607426,1.9751410034179686,254.39096069335938,251.15338134765625,160.51756286621094,155.13833618164062,False
1330,44.333333333333336,0.833735466003418,27.232473017647862,78,unknown,147.54101618808767,STOPPED,False,,0.40956013519503065,,,25.330372207449788,8.865630272607426,2.1474805847167966,254.39096069335938,251.75234985351562,159.81382751464844,155.11740112304688,False
1331,44.36666666666667,0.7834258675575256,26.72290406189859,78,unknown,147.54101618808767,STOPPED,False,,0.40956013519503065,,,25.330372207449788,8.865630272607426,2.1524575744628907,254.39096069335938,251.83843994140625,159.39724731445312,155.68942260742188,False
1332,44.4,0.796558678150177,27.61231001932174,78,unknown,147.54101618808767,STOPPED,False,,0.40956013519503065,,,25.330372207449788,8.865630272607426,2.1524575744628907,254.39096069335938,251.76927185058594,159.29946899414062,156.48446655273438,False
1333,44.43333333333333,0.7901543378829956,27.48011110816151,78,unknown,147.54101618808767,STOPPED,False,,0.40956013519503065,,,25.330372207449788,8.865630272607426,2.2522235961914063,254.39096069335938,252.74661254882812,159.15414428710938,157.425537109375,False
1334,44.46666666666667,0.8152214288711548,26.603857055306435,78,unknown,147.54101618808767,STOPPED,False,,0.40956013519503065,,,25.330372207449788,8.865630272607426,2.2522235961914063,254.39096069335938,253.670166015625,158.96414184570312,157.44085693359375,False
1335,44.5,0.8128215670585632,27.671996969729662,78,unknown,147.54101618808767,STOPPED,False,,0.40956013519503065,,,25.330372207449788,8.865630272607426,2.1886651748657227,254.39096069335938,252.39390563964844,158.9172821044922,157.7303009033203,False
1336,44.53333333333333,0.7928764224052429,26.939137023873627,78,unknown,147.54101618808767,STOPPED,False,,0.40956013519503065,,,25.330372207449788,8.865630272607426,2.1886651748657227,254.39096069335938,252.06411743164062,158.8802947998047,158.39620971679688,False
1337,44.56666666666667,0.808703601360321,26.70406794641167,78,unknown,147.54101618808767,STOPPED,False,,0.40956013519503065,,,25.330372207449788,8.865630272607426,2.1886651748657227,254.39096069335938,251.37469482421875,158.8502960205078,158.0965576171875,False
1338,44.6,0.7709872126579285,27.72915200330317,78,unknown,147.54101618808767,STOPPED,False,,0.40956013519503065,,,25.330372207449788,8.865630272607426,2.1886651748657227,254.39096069335938,250.92623901367188,158.71580505371094,157.693603515625,False
1339,44.63333333333333,0.7813462018966675,26.981053058989346,78,unknown,147.54101618808767,STOPPED,False,,0.40956013519503065,,,25.330372207449788,8.865630272607426,2.1474805847167966,254.39096069335938,250.32989501953125,158.49063110351562,157.2758026123047,False
1340,44.666666666666664,0.7926926612854004,26.746000978164375,78,unknown,147.54101618808767,STOPPED,False,,0.40956013519503065,,,25.330372207449788,8.865630272607426,1.9967682861328124,254.39096069335938,249.57113647460938,158.39755249023438,155.85118103027344,False
1341,44.7,0.7571504712104797,27.762789046391845,78,unknown,147.54101618808767,STOPPED,False,,0.40956013519503065,,,25.330372207449788,8.865630272607426,1.796082485961914,254.39096069335938,248.66094970703125,158.29498291015625,153.79058837890625,False
1342,44.733333333333334,0.7344814538955688,26.979436981491745,78,unknown,147.54101618808767,STOPPED,False,,0.40956013519503065,,,25.330372207449788,8.865630272607426,1.8388393524169921,254.39096069335938,247.15103149414062,158.12451171875,152.0640869140625,False
1343,44.766666666666666,0.7343026399612427,26.569523033685982,78,unknown,147.54101618808767,STOPPED,False,,0.40956013519503065,,,25.330372207449788,8.865630272607426,1.901074346923828,254.0703125,246.0775146484375,157.95005798339844,151.1518096923828,False
1344,44.8,0.737102746963501,27.799166971817613,78,unknown,147.54101618808767,STOPPED,False,,0.40956013519503065,,,25.330372207449788,8.865630272607426,1.6394882904052734,253.33985900878906,245.0916748046875,157.7156219482422,149.94857788085938,False
1345,44.833333333333336,0.6406143307685852,26.923576020635664,78,unknown,147.54101618808767,STOPPED,False,,0.40956013519503065,,,25.330372207449788,8.865630272607426,1.4501930099487303,252.80528259277344,244.5333251953125,157.67164611816406,149.17636108398438,False
1346,44.86666666666667,0.6571961045265198,26.685738004744053,78,unknown,147.54101618808767,STOPPED,False,,0.40956013519503065,,,25.330372207449788,8.865630272607426,1.478595785522461,252.60552978515625,245.23764038085938,157.5595703125,149.06893920898438,False
1347,44.9,0.6756028532981873,29.11962301004678,78,unknown,147.54101618808767,STOPPED,False,,0.40956013519503065,,,25.330372207449788,8.865630272607426,1.4875091217041014,252.26199340820312,247.375244140625,157.43472290039062,150.3637237548828,False
1348,44.93333333333333,0.7406632900238037,27.567800018005073,78,unknown,147.54101618808767,STOPPED,False,,0.40956013519503065,,,25.330372207449788,8.865630272607426,1.4231136611938475,251.97384643554688,250.3113555908203,157.43472290039062,152.11073303222656,False
1349,44.96666666666667,0.7923446893692017,27.064769994467497,78,unknown,147.54101618808767,STOPPED,False,,0.40956013519503065,,,25.330372207449788,8.865630272607426,1.4231136611938475,251.97384643554688,255.16937255859375,157.43472290039062,155.5623016357422,False
1350,45.0,0.7629162669181824,28.30594510305673,78,unknown,147.54101618808767,STOPPED,False,,0.40956013519503065,,,25.330372207449788,8.865630272607426,1.3587182006835936,252.26199340820312,257.5271301269531,157.59249877929688,157.73341369628906,False
1351,45.03333333333333,0.7922000885009766,28.724560048431158,78,unknown,147.54101618808767,STOPPED,False,,0.40956013519503065,,,25.330372207449788,8.865630272607426,1.4875091217041014,252.60552978515625,262.1263732910156,157.7156219482422,161.2456817626953,False
1352,45.06666666666667,0.7990661263465881,27.501237927936018,78,unknown,147.54101618808767,STOPPED,False,,0.40956013519503065,,,25.330372207449788,8.865630272607426,1.4501930099487303,253.30075073242188,265.45269775390625,157.73216247558594,165.51531982421875,False
1353,45.1,0.8590914011001587,28.116259956732392,78,unknown,147.54101618808767,STOPPED,False,,0.40956013519503065,,,25.330372207449788,8.865630272607426,1.5490201904296874,254.56968688964844,267.46588134765625,157.9512939453125,167.932373046875,False
1354,45.13333333333333,0.8356810808181763,27.126110973767936,78,unknown,147.54101618808767,STOPPED,False,,0.40956013519503065,,,25.330372207449788,8.865630272607426,1.6870185424804687,256.5840148925781,264.5894775390625,158.27635192871094,165.05186462402344,False
1355,45.166666666666664,0.8091172575950623,26.778243016451597,78,unknown,147.54101618808767,STOPPED,False,,0.40956013519503065,,,25.330372207449788,8.865630272607426,2.0340052185058592,256.98779296875,256.1788024902344,158.47344970703125,158.52493286132812,False
1356,45.2,0.8108169436454773,27.67019998282194,78,unknown,147.54101618808767,STOPPED,False,,0.40956013519503065,,,25.330372207449788,8.865630272607426,2.0340052185058592,256.98779296875,250.40914916992188,158.47344970703125,154.06442260742188,False
1357,45.233333333333334,0.8512139320373535,26.93413896486163,78,unknown,147.54101618808767,STOPPED,False,,0.40956013519503065,,,25.330372207449788,8.865630272607426,2.812994604492187,256.98779296875,242.74984741210938,158.47344970703125,147.21798706054688,True
1358,45.266666666666666,0.8000437021255493,26.715174899436533,78,unknown,147.54101618808767,STOPPED,False,,0.40956013519503065,,,25.330372207449788,8.865630272607426,2.3621245788574217,256.98779296875,233.520263671875,158.47344970703125,138.92581176757812,True
1359,45.3,0.7944044470787048,27.853742009028792,78,unknown,147.54101618808767,STOPPED,False,,0.40956013519503065,,,25.330372207449788,8.865630272607426,2.1759625396728515,256.98779296875,230.39630126953125,158.47344970703125,133.99497985839844,True
1360,45.333333333333336,0.798550546169281,27.07294700667262,78,unknown,147.54101618808767,STOPPED,False,,0.40956013519503065,,,25.330372207449788,8.865630272607426,2.4173917877197266,256.98779296875,230.35110473632812,158.47344970703125,131.45745849609375,True
1361,45.36666666666667,0.78377366065979,26.95040893740952,78,unknown,147.54101618808767,STOPPED,False,,0.40956013519503065,,,25.330372207449788,8.865630272607426,2.4173917877197266,256.98779296875,231.75491333007812,158.47344970703125,130.8455810546875,True
1362,45.4,0.7434877157211304,27.658249950036407,78,unknown,147.54101618808767,STOPPED,False,,0.40956013519503065,,,25.330372207449788,8.865630272607426,2.4173917877197266,256.98779296875,234.53536987304688,158.47344970703125,135.63299560546875,True
1363,45.43333333333333,0.7927824258804321,26.91829390823841,78,unknown,147.54101618808767,STOPPED,False,,0.40956013519503065,,,25.330372207449788,8.865630272607426,2.4173917877197266,256.98779296875,238.98046875,158.47344970703125,143.65777587890625,True
1364,45.46666666666667,0.7963166236877441,26.976882945746183,78,unknown,147.54101618808767,STOPPED,False,,0.40956013519503065,,,25.330372207449788,8.865630272607426,2.4173917877197266,256.98779296875,241.63552856445312,158.47344970703125,148.79705810546875,True
1365,45.5,0.8366132974624634,27.672878000885248,78,unknown,0.0,STOPPED,False,4.399999999999999,,26.636688232421875,27.62786865234375,25.330372207449788,8.865630272607426,2.4173917877197266,256.98779296875,250.12893676757812,158.47344970703125,155.78121948242188,False
1366,45.53333333333333,0.8136383295059204,26.79243392776698,78,unknown,0.0,STOPPED,False,,,,,25.330372207449788,8.931162854003906,2.9770542846679686,257.3836669921875,257.16845703125,160.15602111816406,161.24342346191406,False
1367,45.56666666666667,0.7978217005729675,26.74046892207116,78,unknown,0.0,STOPPED,False,,,,,25.330372207449788,17.155004974365234,5.718334991455078,259.25360107421875,260.40460205078125,161.24478149414062,161.91488647460938,False
1368,45.6,0.7885419130325317,28.245190042071044,78,unknown,0.0,STOPPED,False,,,,,25.330372207449788,16.50360750732422,5.501202502441406,261.0060119628906,261.4069519042969,161.33016967773438,161.38648986816406,False
1369,45.63333333333333,0.8087537288665771,27.25387003738433,78,unknown,0.0,STOPPED,False,,,,,25.330372207449788,18.613489196777344,6.204496398925781,261.0060119628906,255.82583618164062,161.33016967773438,156.1953125,False
1370,45.666666666666664,0.8533028960227966,27.07116911187768,78,unknown,0.0,STOPPED,False,,,,,25.330372207449788,18.613489196777344,6.204496398925781,261.0060119628906,247.0081787109375,161.33016967773438,148.12863159179688,False
1371,45.7,0.8079865574836731,28.049490065313876,78,unknown,0.0,STOPPED,False,,,,,25.330372207449788,18.613489196777344,6.204496398925781,261.0060119628906,239.5188751220703,161.33016967773438,140.7935791015625,True
1372,45.733333333333334,0.7870331406593323,27.010597055777907,78,unknown,0.0,STOPPED,False,,,,,25.330372207449788,18.613489196777344,6.204496398925781,261.0060119628906,232.00094604492188,161.33016967773438,134.9751739501953,True
1373,45.766666666666666,0.7540127635002136,26.632125955075026,78,unknown,0.0,STOPPED,False,,,,,25.330372207449788,14.011764477539064,4.670588159179688,261.0060119628906,226.26510620117188,161.33016967773438,132.2739715576172,True
1374,45.8,0.7390515208244324,27.88980701006949,78,unknown,0.0,STOPPED,False,,,,,25.330372207449788,14.011764477539064,4.670588159179688,261.0060119628906,225.73095703125,161.33016967773438,133.2753448486328,True
1375,45.833333333333336,0.7627646327018738,27.14116603601724,78,unknown,0.0,STOPPED,False,,,,,25.330372207449788,14.011764477539064,4.670588159179688,261.0060119628906,230.65859985351562,161.33016967773438,138.001953125,True
1376,45.86666666666667,0.7683088779449463,28.735848027281463,78,unknown,0.0,STOPPED,False,,,,,25.330372207449788,14.011764477539064,4.670588159179688,261.0060119628906,234.40017700195312,161.33016967773438,141.20790100097656,True
1377,45.9,0.7800346612930298,28.416685992851853,78,unknown,0.0,STOPPED,False,,,,,25.330372207449788,14.011764477539064,4.670588159179688,261.0060119628906,241.4369354248047,161.33016967773438,148.02980041503906,True
1378,45.93333333333333,0.8193349242210388,27.249114005826414,78,unknown,0.0,JUMPING,True,,,35.275054931640625,29.056198120117188,27.816542888497498,14.011764477539064,4.670588159179688,261.0060119628906,250.33457946777344,161.33016967773438,155.69619750976562,False
1379,45.96666666666667,0.7828881144523621,26.95755404420197,78,unknown,0.0,JUMPING,False,,,,,27.816542888497498,13.226802703857421,4.4089342346191405,261.0060119628906,257.60101318359375,161.33016967773438,161.01486206054688,False
1380,46.0,0.826026201248169,27.727014967240393,78,unknown,0.0,JUMPING,False,,,,,27.816542888497498,11.341564233398437,3.7805214111328125,261.0060119628906,259.5764465332031,161.33016967773438,161.215576171875,False
1381,46.03333333333333,0.7977821230888367,26.991968974471092,78,unknown,0.0,JUMPING,False,,,,,27.816542888497498,11.341564233398437,3.7805214111328125,261.0060119628906,253.22317504882812,161.33016967773438,156.43740844726562,False
1382,46.06666666666667,0.781836986541748,26.52767999097705,78,unknown,0.0,JUMPING,False,,,,,27.816542888497498,11.341564233398437,3.7805214111328125,261.0060119628906,248.6051025390625,161.33016967773438,152.71295166015625,True
1383,46.1,0.8815414905548096,27.648490970022976,78,unknown,0.0,JUMPING,False,,,,,27.816542888497498,11.341564233398437,3.7805214111328125,261.0060119628906,242.54885864257812,161.33016967773438,145.9453887939453,True
1384,46.13333333333333,0.7609918117523193,26.970923994667828,78,unknown,0.0,JUMPING,False,,,,,27.816542888497498,11.341564233398437,3.7805214111328125,261.0060119628906,234.800048828125,161.33016967773438,139.5225830078125,True
1385,46.166666666666664,0.7856951355934143,26.685388991609216,78,unknown,0.0,JUMPING,False,,,,,27.816542888497498,11.341564233398437,3.7805214111328125,261.0060119628906,228.47158813476562,161.33016967773438,135.59146118164062,True
1386,46.2,0.7563810348510742,28.316249954514205,78,unknown,0.0,JUMPING,False,,,,,27.816542888497498,11.341564233398437,3.7805214111328125,261.0060119628906,224.78663635253906,161.33016967773438,134.58370971679688,True
1387,46.233333333333334,0.7804596424102783,27.41011301986873,78,unknown,0.0,JUMPING,False,,,,,27.816542888497498,11.341564233398437,3.7805214111328125,261.0060119628906,227.45046997070312,161.33016967773438,136.85540771484375,True
1388,46.266666666666666,0.8003885746002197,26.611570036038756,78,unknown,0.0,JUMPING,False,,,,,27.816542888497498,11.341564233398437,3.7805214111328125,261.0060119628906,234.91793823242188,161.33016967773438,142.56161499023438,True
1389,46.3,0.8730300664901733,27.984632994048297,78,unknown,0.0,JUMPING,False,,,,,27.816542888497498,11.341564233398437,3.7805214111328125,261.0060119628906,245.68515014648438,161.33016967773438,151.026123046875,True
1390,46.333333333333336,0.785232424736023,27.224363991990685,79,unknown,150.00085831179607,JUMPING,True,0.4000000000000057,0.4000000000000057,36.21937561035156,26.7464599609375,29.917251068961015,12.411843255615235,4.137281085205078,261.0060119628906,253.8554229736328,161.33016967773438,158.79795837402344,False
1391,46.36666666666667,0.7912894487380981,26.721380068920553,79,unknown,150.00085831179607,JUMPING,False,,0.4000000000000057,,,29.917251068961015,10.67089224243164,3.5569640808105465,261.0060119628906,258.2249755859375,161.70352172851562,162.913818359375,False
1392,46.4,0.7934423685073853,27.877648011781275,79,unknown,150.00085831179607,JUMPING,False,,0.4000000000000057,,,29.917251068961015,11.626881481933594,3.875627160644531,261.04083251953125,260.49163818359375,162.51425170898438,164.04046630859375,False
1393,46.43333333333333,0.7997283935546875,26.856329990550876,79,unknown,150.00085831179607,JUMPING,False,,0.4000000000000057,,,29.917251068961015,10.471037874136355,3.360553967285156,261.04083251953125,257.6331787109375,162.51425170898438,160.61546325683594,False
1394,46.46666666666667,0.8463707566261292,26.616981020197272,79,unknown,150.00085831179607,JUMPING,False,,0.4000000000000057,,,29.917251068961015,10.471037874136355,3.1419962493896483,261.04083251953125,249.86245727539062,162.51425170898438,152.4893341064453,True
1395,46.5,0.8624201416969299,27.78662694618106,79,unknown,150.00085831179607,JUMPING,False,,0.4000000000000057,,,29.917251068961015,10.710255706787109,3.570085235595703,261.04083251953125,242.23373413085938,162.51425170898438,144.2730712890625,True
1396,46.53333333333333,0.8311234712600708,27.21799397841096,79,unknown,150.00085831179607,JUMPING,False,,0.4000000000000057,,,29.917251068961015,10.471037874136355,3.360553967285156,260.4568176269531,236.57960510253906,162.51425170898438,139.82421875,True
1397,46.56666666666667,0.8001559972763062,26.744203991256654,79,unknown,150.00085831179607,JUMPING,False,,0.4000000000000057,,,29.917251068961015,10.471037874136355,3.394239138793945,260.0733337402344,229.12451171875,161.70352172851562,135.3646240234375,True
1398,46.6,0.8152956962585449,28.112903935834765,79,unknown,150.00085831179607,JUMPING,False,,0.4000000000000057,,,29.917251068961015,10.471037874136355,2.8810888732910156,259.0358581542969,224.9080810546875,161.3292694091797,133.035400390625,True
1399,46.63333333333333,0.7817671298980713,27.456253999844193,79,unknown,150.00085831179607,JUMPING,False,,0.4000000000000057,,,29.917251068961015,10.471037874136355,2.780327453613281,257.9882507324219,223.09457397460938,161.23228454589844,132.53274536132812,True
1400,46.666666666666664,0.7876911759376526,26.606063009239733,79,unknown,150.00085831179607,JUMPING,False,,0.4000000000000057,,,29.917251068961015,10.471037874136355,2.8810888732910156,257.9882507324219,224.92071533203125,161.23228454589844,134.60443115234375,True
1401,46.7,0.828579843044281,27.85292104817927,79,unknown,150.00085831179607,JUMPING,False,,0.4000000000000057,,,29.917251068961015,10.471037874136355,2.8810888732910156,257.9882507324219,236.88385009765625,161.23228454589844,143.9662322998047,True
1402,46.733333333333334,0.7970661520957947,27.602166053839028,79,unknown,150.00085831179607,JUMPING,False,,0.4000000000000057,,,29.917251068961015,10.471037874136355,2.8810888732910156,257.9882507324219,244.78256225585938,161.23228454589844,150.2034149169922,True
1403,46.766666666666666,0.7805354595184326,26.926045073196292,80,unknown,144.00021972689777,JUMPING,True,0.43333333333333,0.40733333333333704,34.8936767578125,28.699539184570312,31.161357491173888,10.471037874136355,2.8810888732910156,257.9882507324219,249.64724731445312,161.23228454589844,153.54388427734375,False
1404,46.8,0.7975118160247803,27.991774957627058,80,unknown,144.00021972689777,JUMPING,False,,0.40733333333333704,,,31.161357491173888,10.90647512191086,2.780327453613281,257.9882507324219,256.88250732421875,161.23228454589844,159.33912658691406,False
1405,46.833333333333336,0.8109707832336426,27.341209002770483,80,unknown,144.00021972689777,JUMPING,False,,0.40733333333333704,,,31.161357491173888,10.90647512191086,2.8810888732910156,259.0358581542969,262.89459228515625,161.3292694091797,163.4373779296875,False
1406,46.86666666666667,0.8239432573318481,26.625593076460063,80,unknown,144.00021972689777,JUMPING,False,,0.40733333333333704,,,31.161357491173888,10.90647512191086,3.394239138793945,260.0733337402344,262.22576904296875,161.55511474609375,161.66754150390625,False
1407,46.9,0.8222088813781738,27.676576981320977,80,unknown,144.00021972689777,JUMPING,False,,0.40733333333333704,,,31.161357491173888,12.32673673095703,4.108912243652344,260.0733337402344,254.75765991210938,161.55511474609375,155.3218994140625,False
1408,46.93333333333333,0.8051690459251404,26.9425610313192,80,unknown,144.00021972689777,JUMPING,False,,0.40733333333333704,,,31.161357491173888,12.32673673095703,4.108912243652344,260.0733337402344,243.76983642578125,161.55511474609375,146.65145874023438,True
1409,46.96666666666667,0.7875412702560425,26.76088595762849,80,unknown,144.00021972689777,JUMPING,False,,0.40733333333333704,,,31.161357491173888,12.32673673095703,4.108912243652344,260.0733337402344,236.3480224609375,161.55511474609375,141.29409790039062,True
1410,47.0,0.8275269269943237,27.83904899843037,80,unknown,144.00021972689777,JUMPING,False,,0.40733333333333704,,,31.161357491173888,12.32673673095703,4.108912243652344,260.0733337402344,227.913330078125,161.55511474609375,136.08538818359375,True
1411,47.03333333333333,0.7875816822052002,26.956563000567257,80,unknown,144.00021972689777,JUMPING,False,,0.40733333333333704,,,31.161357491173888,11.20419931640625,3.7347331054687496,260.0733337402344,223.7039794921875,161.55511474609375,132.25755310058594,True
1412,47.06666666666667,0.7789422869682312,26.79370401892811,80,unknown,144.00021972689777,JUMPING,False,,0.40733333333333704,,,31.161357491173888,12.713856042480467,4.237952014160156,259.0358581542969,222.57403564453125,161.31813049316406,131.76028442382812,True
1413,47.1,0.7069016695022583,27.802093070931733,80,unknown,144.00021972689777,JUMPING,False,,0.40733333333333704,,,31.161357491173888,10.90647512191086,3.5721665222167966,257.9882507324219,225.73052978515625,161.13528442382812,134.25340270996094,True
1414,47.13333333333333,0.7826857566833496,26.94816596340388,80,unknown,144.00021972689777,JUMPING,False,,0.40733333333333704,,,31.161357491173888,12.713856042480467,4.237952014160156,257.9882507324219,234.3116455078125,161.13528442382812,140.44046020507812,True
1415,47.166666666666664,0.8000931739807129,26.54585405252874,80,unknown,144.00021972689777,JUMPING,False,,0.40733333333333704,,,31.161357491173888,12.713856042480467,4.237952014160156,257.9882507324219,240.04501342773438,161.13528442382812,144.411376953125,True
1416,47.2,0.82282555103302,27.875175001099706,81,unknown,142.10529168887723,JUMPING,True,0.4333333333333371,0.41305333333333705,35.414215087890625,29.375,32.224571890353076,12.713856042480467,4.237952014160156,257.9882507324219,249.23773193359375,161.13528442382812,151.8959197998047,False
1417,47.233333333333334,0.8156483173370361,28.232263051904738,81,unknown,142.10529168887723,JUMPING,False,,0.41305333333333705,,,32.224571890353076,11.278600161623576,3.5721665222167966,257.9882507324219,255.78228759765625,161.13528442382812,159.251708984375,False
1418,47.266666666666666,0.8582124710083008,27.305615949444473,81,unknown,142.10529168887723,JUMPING,False,,0.41305333333333705,,,32.224571890353076,11.278600161623576,2.928777484130859,257.9882507324219,255.8782958984375,161.13528442382812,159.05206298828125,False
1419,47.3,0.8670951724052429,28.337959898635745,81,unknown,142.10529168887723,JUMPING,False,,0.41305333333333705,,,32.224571890353076,11.278600161623576,3.5721665222167966,257.9882507324219,251.4822998046875,161.13528442382812,153.92535400390625,False
1420,47.333333333333336,0.8885135650634766,27.02906308695674,81,unknown,142.10529168887723,JUMPING,False,,0.41305333333333705,,,32.224571890353076,11.278600161623576,3.5721665222167966,257.9882507324219,248.01304626464844,161.13528442382812,150.0412139892578,False
1421,47.36666666666667,0.8428942561149597,26.910998043604195,81,unknown,142.10529168887723,JUMPING,False,,0.41305333333333705,,,32.224571890353076,11.278600161623576,3.5721665222167966,257.9882507324219,241.49514770507812,161.13528442382812,143.8997802734375,True
1422,47.4,0.8155601024627686,27.78562402818352,81,unknown,142.10529168887723,JUMPING,False,,0.41305333333333705,,,32.224571890353076,11.278600161623576,3.5721665222167966,257.9882507324219,234.66766357421875,161.13528442382812,138.95509338378906,True
1423,47.43333333333333,0.7919881939888,26.816976023837924,81,unknown,142.10529168887723,JUMPING,False,,0.41305333333333705,,,32.224571890353076,11.278600161623576,3.5721665222167966,257.9882507324219,230.82144165039062,161.13528442382812,135.79446411132812,True
1424,47.46666666666667,0.7786329984664917,26.706408942118287,81,unknown,142.10529168887723,JUMPING,False,,0.41305333333333705,,,32.224571890353076,11.982102813720703,3.9940342712402344,257.9882507324219,229.05113220214844,160.97552490234375,136.43727111816406,True
1425,47.5,0.7847583293914795,27.798004914075136,81,unknown,142.10529168887723,JUMPING,False,,0.41305333333333705,,,32.224571890353076,11.278600161623576,3.2391493515014647,257.3329162597656,231.66226196289062,160.10491943359375,139.76901245117188,True
1426,47.53333333333333,0.7784919738769531,27.079668012447655,81,unknown,142.10529168887723,JUMPING,False,,0.41305333333333705,,,32.224571890353076,11.278600161623576,3.1502987731933594,257.3329162597656,233.89761352539062,160.10491943359375,142.26199340820312,True
1427,47.56666666666667,0.609341025352478,26.58008097205311,81,unknown,142.10529168887723,JUMPING,False,,0.41305333333333705,,,32.224571890353076,11.278600161623576,3.1502987731933594,257.3329162597656,243.49520874023438,160.10491943359375,148.60923767089844,True
1428,47.6,0.7829623222351074,27.915817918255925,82,unknown,144.00021972689777,JUMPING,True,0.3999999999999986,0.4101816000000026,28.281784057617188,24.310455322265625,31.238874932169104,11.278600161623576,3.2391493515014647,257.3329162597656,253.62362670898438,160.10491943359375,156.90652465820312,False
1429,47.63333333333333,0.7990834712982178,26.93607797846198,82,unknown,144.00021972689777,JUMPING,False,,0.4101816000000026,,,31.238874932169104,12.943657232666014,4.3145524108886715,257.9882507324219,259.7926330566406,161.2068328857422,161.60108947753906,False
1430,47.666666666666664,0.7753400206565857,26.614258997142315,82,unknown,144.00021972689777,JUMPING,False,,0.4101816000000026,,,31.238874932169104,12.713856042480467,4.237952014160156,259.1655578613281,262.4778137207031,161.64096069335938,164.34710693359375,False
1431,47.7,0.7993058562278748,27.76196110062301,82,unknown,144.00021972689777,JUMPING,False,,0.4101816000000026,,,31.238874932169104,11.197276776123047,3.7324255920410154,259.1655578613281,254.78663635253906,161.64096069335938,157.81434631347656,False
1432,47.733333333333334,0.7914416790008545,26.864671031944454,82,unknown,144.00021972689777,JUMPING,False,,0.4101816000000026,,,31.238874932169104,11.197276776123047,3.7324255920410154,259.1655578613281,248.59518432617188,161.64096069335938,152.85780334472656,False
1433,47.766666666666666,0.8359947800636292,26.98386600241065,82,unknown,144.00021972689777,JUMPING,False,,0.4101816000000026,,,31.238874932169104,11.197276776123047,3.7324255920410154,259.1655578613281,243.42739868164062,161.64096069335938,146.2559814453125,True
1434,47.8,0.821194052696228,27.9173239832744,82,unknown,144.00021972689777,JUMPING,False,,0.4101816000000026,,,31.238874932169104,11.197276776123047,3.7324255920410154,259.1655578613281,236.57644653320312,161.64096069335938,140.98916625976562,True
1435,47.833333333333336,0.7830895185470581,26.882069068960845,82,unknown,144.00021972689777,JUMPING,False,,0.4101816000000026,,,31.238874932169104,12.660851101684568,4.220283700561523,259.1655578613281,230.8628387451172,161.64096069335938,137.91314697265625,True
1436,47.86666666666667,0.7657163143157959,27.00880088377744,82,unknown,144.00021972689777,JUMPING,False,,0.4101816000000026,,,31.238874932169104,11.197276776123047,3.7324255920410154,258.9288330078125,229.04525756835938,161.2068328857422,137.50225830078125,True
1437,47.9,0.7900228500366211,28.13652402255684,82,unknown,144.00021972689777,JUMPING,False,,0.4101816000000026,,,31.238874932169104,10.933606226259185,3.2465356567382813,257.3329162597656,231.21255493164062,160.10491943359375,140.48928833007812,True
1438,47.93333333333333,0.7923932671546936,26.944470941089094,82,unknown,144.00021972689777,JUMPING,False,,0.4101816000000026,,,31.238874932169104,18.481350119018554,6.160450039672852,256.4808349609375,233.5474395751953,159.3041534423828,142.65135192871094,True
1439,47.96666666666667,0.8022701144218445,28.39854301419109,83,unknown,147.54101618808767,JUMPING,True,0.36666666666666714,0.4006083146666688,27.435577392578125,21.801895141601562,30.28805054727136,17.837214532470703,5.9457381774902345,256.4808349609375,239.66543579101562,159.3041534423828,148.18988037109375,False
1440,48.0,0.7662771344184875,27.771439985372126,83,unknown,147.54101618808767,JUMPING,False,,0.4006083146666688,,,30.28805054727136,13.840567341613768,4.6135224472045895,256.4808349609375,252.86305236816406,159.3041534423828,155.88644409179688,False
1441,48.03333333333333,0.8118512630462646,26.87829197384417,83,unknown,147.54101618808767,JUMPING,False,,0.4006083146666688,,,30.28805054727136,13.141017498779295,4.380339166259765,258.05267333984375,258.8327941894531,160.33766174316406,161.00335693359375,False
1442,48.06666666666667,0.7911427617073059,26.491072960197926,83,unknown,147.54101618808767,JUMPING,False,,0.4006083146666688,,,30.28805054727136,11.584667559814452,3.861555853271484,258.2315979003906,257.329833984375,160.8822021484375,160.7004852294922,False
1443,48.1,0.8375985622406006,27.605406008660793,83,unknown,147.54101618808767,JUMPING,False,,0.4006083146666688,,,30.28805054727136,11.584667559814452,3.861555853271484,258.2315979003906,249.3323974609375,160.8822021484375,155.26951599121094,False
1444,48.13333333333333,0.8422775268554688,26.778882020153105,83,unknown,147.54101618808767,JUMPING,False,,0.4006083146666688,,,30.28805054727136,11.584667559814452,3.861555853271484,258.2315979003906,240.08560180664062,160.8822021484375,147.89439392089844,True
1445,48.166666666666664,0.5436755418777466,27.321208966895938,83,unknown,147.54101618808767,JUMPING,False,,0.4006083146666688,,,30.28805054727136,11.584667559814452,3.861555853271484,258.2315979003906,234.61886596679688,160.8822021484375,143.32867431640625,True
1446,48.2,0.8132816553115845,27.621488086879253,83,unknown,147.54101618808767,JUMPING,False,,0.4006083146666688,,,30.28805054727136,11.584667559814452,3.861555853271484,258.2315979003906,228.68020629882812,160.8822021484375,138.64077758789062,True
1447,48.233333333333334,0.7661558389663696,26.876180083490908,83,unknown,147.54101618808767,JUMPING,False,,0.4006083146666688,,,30.28805054727136,11.584667559814452,3.861555853271484,258.2315979003906,224.1095428466797,160.8822021484375,135.4385223388672,True
1448,48.266666666666666,0.7693527340888977,26.873930008150637,83,unknown,147.54101618808767,JUMPING,False,,0.4006083146666688,,,30.28805054727136,11.584667559814452,3.861555853271484,258.2315979003906,222.32598876953125,160.8822021484375,134.44290161132812,True
1449,48.3,0.7571404576301575,27.921731933020055,83,unknown,147.54101618808767,JUMPING,False,,0.4006083146666688,,,30.28805054727136,13.141017498779295,4.380339166259765,258.2315979003906,226.46099853515625,160.8822021484375,136.43276977539062,True
1450,48.333333333333336,0.7745242714881897,26.918259914964437,83,unknown,147.54101618808767,JUMPING,False,,0.4006083146666688,,,30.28805054727136,11.50624603729248,3.8354153457641598,256.74920654296875,228.7489013671875,160.1209716796875,138.30596923828125,True
1451,48.36666666666667,0.7690721750259399,26.62947098724544,83,unknown,147.54101618808767,JUMPING,False,,0.4006083146666688,,,30.28805054727136,11.311634426879882,3.770544808959961,255.8398895263672,235.9661102294922,159.17184448242188,143.57464599609375,True
1452,48.4,0.8848744034767151,27.670770999975502,84,unknown,145.16109383219663,JUMPING,True,0.43333333333333,0.4078078187733343,33.51390075683594,24.72894287109375,31.094513099662507,13.276108836364745,4.425369612121582,255.8398895263672,245.99905395507812,159.17184448242188,151.92581176757812,False
1453,48.43333333333333,0.8014526963233948,27.075391029939055,84,unknown,145.16109383219663,JUMPING,False,,0.4078078187733343,,,31.094513099662507,12.882847467041014,4.294282489013671,255.8398895263672,255.75950622558594,159.27096557617188,159.2838134765625,False
1454,48.46666666666667,0.7994755506515503,26.751770987175405,84,unknown,145.16109383219663,JUMPING,False,,0.4078078187733343,,,31.094513099662507,11.50624603729248,3.8354153457641598,256.74920654296875,259.0240478515625,160.13381958007812,161.83395385742188,False
1455,48.5,0.7889127135276794,27.487591025419533,84,unknown,145.16109383219663,JUMPING,False,,0.4078078187733343,,,31.094513099662507,10.883079584881877,3.2004306335449217,256.74920654296875,254.51699829101562,160.13381958007812,158.25184631347656,False
1456,48.53333333333333,0.797085702419281,26.937629096210003,84,unknown,145.16109383219663,JUMPING,False,,0.4078078187733343,,,31.094513099662507,11.242103617858886,3.7473678726196287,256.74920654296875,249.84597778320312,160.13381958007812,155.38063049316406,False
1457,48.56666666666667,0.8327373266220093,26.590180001221597,84,unknown,145.16109383219663,JUMPING,False,,0.4078078187733343,,,31.094513099662507,11.242103617858886,3.7473678726196287,256.74920654296875,241.2930145263672,160.13381958007812,148.9273681640625,True
1458,48.6,0.8130249977111816,27.884003007784486,84,unknown,145.16109383219663,JUMPING,False,,0.4078078187733343,,,31.094513099662507,11.242103617858886,3.7473678726196287,256.74920654296875,233.47720336914062,160.13381958007812,141.97377014160156,True
1459,48.63333333333333,0.8431277275085449,27.647375944070518,84,unknown,145.16109383219663,JUMPING,False,,0.4078078187733343,,,31.094513099662507,11.242103617858886,3.7473678726196287,256.74920654296875,228.6702117919922,160.13381958007812,138.14639282226562,True
1460,48.666666666666664,0.8034352660179138,26.84846706688404,84,unknown,145.16109383219663,JUMPING,False,,0.4078078187733343,,,31.094513099662507,11.242103617858886,3.7473678726196287,256.74920654296875,225.62123107910156,160.13381958007812,135.10008239746094,True
1461,48.7,0.776153564453125,27.632365003228188,84,unknown,145.16109383219663,JUMPING,False,,0.4078078187733343,,,31.094513099662507,11.242103617858886,3.7473678726196287,256.74920654296875,226.46841430664062,160.13381958007812,135.77688598632812,True
1462,48.733333333333334,0.7900282740592957,27.12078602053225,84,unknown,145.16109383219663,JUMPING,False,,0.4078078187733343,,,31.094513099662507,12.882847467041014,4.294282489013671,256.74920654296875,227.88067626953125,160.13381958007812,136.51214599609375,True
1463,48.766666666666666,0.77485591173172,26.67941595427692,84,unknown,145.16109383219663,JUMPING,False,,0.4078078187733343,,,31.094513099662507,13.276108836364745,4.425369612121582,256.7016906738281,228.66079711914062,160.13381958007812,137.57449340820312,True
1464,48.8,0.7868711352348328,27.592752943746746,84,unknown,145.16109383219663,JUMPING,False,,0.4078078187733343,,,31.094513099662507,12.882847467041014,4.294282489013671,256.7016906738281,232.58355712890625,160.13381958007812,141.00045776367188,True
1465,48.833333333333336,0.7981384992599487,26.748201926238835,84,unknown,145.16109383219663,JUMPING,False,,0.4078078187733343,,,31.094513099662507,12.882847467041014,4.294282489013671,256.7016906738281,241.17132568359375,160.13381958007812,148.41348266601562,True
1466,48.86666666666667,0.7907840609550476,26.565215084701777,85,unknown,142.85724868587627,JUMPING,True,0.46666666666666856,0.42075676530986783,31.080459594726562,25.033737182617188,31.09099972342852,10.883079584881877,3.3112252120971677,256.7016906738281,253.7025604248047,160.13381958007812,156.32589721679688,False
1467,48.9,0.821264386177063,27.649109018966556,85,unknown,142.85724868587627,JUMPING,False,,0.42075676530986783,,,31.09099972342852,11.834455888366698,3.944818629455566,258.2315979003906,260.81280517578125,160.8822021484375,161.03448486328125,False
1468,48.93333333333333,0.8138203620910645,32.92249399237335,85,unknown,142.85724868587627,JUMPING,False,,0.42075676530986783,,,31.09099972342852,12.510930596923828,4.170310198974609,258.9475402832031,263.0599060058594,160.8822021484375,160.42181396484375,False
1469,48.96666666666667,0.8045637607574463,30.5204609176144,85,unknown,142.85724868587627,JUMPING,False,,0.42075676530986783,,,31.09099972342852,15.253647843933106,5.084549281311035,259.4851989746094,263.54217529296875,160.8822021484375,159.24679565429688,False
1470,49.0,0.8368018269538879,33.48159196320921,85,unknown,142.85724868587627,JUMPING,False,,0.42075676530986783,,,31.09099972342852,12.510930596923828,4.170310198974609,259.4851989746094,254.9545440673828,160.8822021484375,153.23019409179688,False
1471,49.03333333333333,0.8238041400909424,29.708600020967424,85,unknown,142.85724868587627,JUMPING,False,,0.42075676530986783,,,31.09099972342852,12.510930596923828,4.170310198974609,259.4851989746094,244.23904418945312,160.8822021484375,145.8397216796875,True
1472,49.06666666666667,0.8392742872238159,27.75708504486829,85,unknown,142.85724868587627,JUMPING,False,,0.42075676530986783,,,31.09099972342852,12.510930596923828,4.170310198974609,259.4851989746094,233.72215270996094,160.8822021484375,139.67446899414062,True
1473,49.1,0.8185931444168091,28.302764985710382,85,unknown,142.85724868587627,JUMPING,False,,0.42075676530986783,,,31.09099972342852,14.280589791870115,4.760196597290038,259.4851989746094,226.85342407226562,160.8822021484375,136.5751495361328,True
1474,49.13333333333333,0.8217971920967102,26.865226915106177,85,unknown,142.85724868587627,JUMPING,False,,0.42075676530986783,,,31.09099972342852,12.510930596923828,4.170310198974609,258.9475402832031,224.03138732910156,160.58901977539062,136.32931518554688,True
1475,49.166666666666664,0.7960460186004639,26.73323394265026,85,unknown,142.85724868587627,JUMPING,False,,0.42075676530986783,,,31.09099972342852,10.881849903199981,3.5341377960205076,258.2315979003906,226.16058349609375,159.96661376953125,138.81431579589844,True
1476,49.2,0.7793442606925964,27.51406899187714,85,unknown,142.85724868587627,JUMPING,False,,0.42075676530986783,,,31.09099972342852,12.510930596923828,4.170310198974609,258.2315979003906,228.87503051757812,159.96661376953125,140.61280822753906,True
1477,49.233333333333334,0.8368881344795227,26.91525302361697,85,unknown,142.85724868587627,JUMPING,False,,0.42075676530986783,,,31.09099972342852,12.510930596923828,4.170310198974609,258.2315979003906,241.45175170898438,159.96661376953125,151.00831604003906,True
1478,49.266666666666666,0.8231834173202515,26.560931000858545,86,unknown,145.16136596035605,JUMPING,True,0.3999999999999986,0.41619027694169664,34.20021057128906,23.637298583984375,31.868302435393655,11.834455888366698,3.944818629455566,258.2315979003906,252.15011596679688,159.96661376953125,158.7039031982422,False
1479,49.3,0.8431660532951355,27.7151339687407,86,unknown,145.16136596035605,JUMPING,False,,0.41619027694169664,,,31.868302435393655,12.510930596923828,4.170310198974609,258.9475402832031,259.175537109375,160.3730010986328,160.29977416992188,False
1480,49.333333333333336,0.8544113636016846,28.083464945666492,86,unknown,145.16136596035605,JUMPING,False,,0.41619027694169664,,,31.868302435393655,14.880237876892089,4.960079292297363,259.11492919921875,262.25396728515625,160.50515747070312,160.56072998046875,False
1481,49.36666666666667,0.8116960525512695,26.56112192198634,86,unknown,145.16136596035605,JUMPING,False,,0.41619027694169664,,,31.868302435393655,15.491559265136717,5.1638530883789056,259.11492919921875,252.90731811523438,160.50515747070312,155.80511474609375,False
1482,49.4,0.8176164627075195,27.62486692517996,86,unknown,145.16136596035605,JUMPING,False,,0.41619027694169664,,,31.868302435393655,15.491559265136717,5.1638530883789056,259.11492919921875,243.63619995117188,160.50515747070312,148.64828491210938,False
1483,49.43333333333333,0.8042985796928406,26.938260067254305,86,unknown,145.16136596035605,JUMPING,False,,0.41619027694169664,,,31.868302435393655,15.491559265136717,5.1638530883789056,259.11492919921875,233.44747924804688,160.50515747070312,142.31900024414062,True
1484,49.46666666666667,0.7921163439750671,26.65321493986994,86,unknown,145.16136596035605,JUMPING,False,,0.41619027694169664,,,31.868302435393655,15.491559265136717,5.1638530883789056,259.11492919921875,228.051513671875,160.50515747070312,137.59619140625,True
1485,49.5,0.7633574604988098,27.729578083381057,86,unknown,145.16136596035605,JUMPING,False,,0.41619027694169664,,,31.868302435393655,14.880237876892089,4.960079292297363,259.11492919921875,227.39666748046875,160.50515747070312,136.51583862304688,True
1486,49.53333333333333,0.789634108543396,27.178443036973476,86,unknown,145.16136596035605,JUMPING,False,,0.41619027694169664,,,31.868302435393655,15.491559265136717,5.1638530883789056,259.11492919921875,227.606689453125,160.3730010986328,136.07920837402344,True
1487,49.56666666666667,0.789574146270752,27.976889978162944,86,unknown,145.16136596035605,JUMPING,False,,0.41619027694169664,,,31.868302435393655,15.812473301696777,5.270824433898926,259.11492919921875,231.9922332763672,159.8933868408203,137.59701538085938,True
1488,49.6,0.7828862071037292,28.239021077752113,86,unknown,145.16136596035605,JUMPING,False,,0.41619027694169664,,,31.868302435393655,15.812473301696777,5.270824433898926,259.11492919921875,236.2734375,159.8933868408203,143.02008056640625,True
1489,49.63333333333333,0.7815285325050354,27.35999005381018,86,unknown,145.16136596035605,JUMPING,False,,0.41619027694169664,,,31.868302435393655,15.812473301696777,5.270824433898926,259.11492919921875,243.06597900390625,159.8933868408203,151.13446044921875,True
1490,49.666666666666664,0.7939112186431885,26.850671973079443,87,unknown,145.16109383219663,JUMPING,True,0.3999999999999986,0.4126284160145231,31.71826171875,23.814178466796875,31.83079225623274,14.520028244018553,4.840009414672851,259.11492919921875,252.85202026367188,159.8933868408203,159.0872802734375,False
1491,49.7,0.8111600875854492,27.5542379822582,87,unknown,145.16109383219663,JUMPING,False,,0.4126284160145231,,,31.83079225623274,15.812473301696777,5.270824433898926,259.11492919921875,258.65277099609375,160.3730010986328,162.8443145751953,False
1492,49.733333333333334,0.8116025924682617,26.840010075829923,87,unknown,145.16109383219663,JUMPING,False,,0.4126284160145231,,,31.83079225623274,16.233187294006346,5.4110624313354485,260.15789794921875,261.494140625,160.50515747070312,164.43389892578125,False
1493,49.766666666666666,0.8199090957641602,26.747916010208428,87,unknown,145.16109383219663,JUMPING,False,,0.4126284160145231,,,31.83079225623274,14.36603565673828,4.788678552246093,260.15789794921875,257.7984619140625,160.50515747070312,160.09140014648438,False
1494,49.8,0.8583462238311768,27.57375896908343,87,unknown,145.16109383219663,JUMPING,False,,0.4126284160145231,,,31.83079225623274,14.36603565673828,4.788678552246093,260.15789794921875,247.8282470703125,160.50515747070312,152.7335205078125,False
1495,49.833333333333336,0.8372065424919128,26.825485983863473,87,unknown,145.16109383219663,JUMPING,False,,0.4126284160145231,,,31.83079225623274,14.36603565673828,4.788678552246093,260.15789794921875,236.99169921875,160.50515747070312,145.12356567382812,True
1496,49.86666666666667,0.8345869183540344,26.67781396303326,87,unknown,145.16109383219663,JUMPING,False,,0.4126284160145231,,,31.83079225623274,14.36603565673828,4.788678552246093,260.15789794921875,228.95162963867188,160.50515747070312,138.95870971679688,True
1497,49.9,0.8078531622886658,27.749698027037084,87,unknown,145.16109383219663,JUMPING,False,,0.4126284160145231,,,31.83079225623274,14.36603565673828,4.788678552246093,260.15789794921875,224.35400390625,160.50515747070312,135.6516571044922,True
1498,49.93333333333333,0.7937831282615662,26.752306963317096,87,unknown,145.16109383219663,JUMPING,False,,0.4126284160145231,,,31.83079225623274,14.36603565673828,4.788678552246093,260.15789794921875,223.22824096679688,160.50515747070312,134.1573028564453,True
1499,49.96666666666667,0.7875315546989441,26.522674947045743,87,unknown,145.16109383219663,JUMPING,False,,0.4126284160145231,,,31.83079225623274,16.233187294006346,5.4110624313354485,260.15789794921875,225.88600158691406,160.3730010986328,135.4432830810547,True
1500,50.0,0.7683163285255432,27.551059960387647,87,unknown,145.16109383219663,JUMPING,False,,0.4126284160145231,,,31.83079225623274,13.692241735839843,4.564080578613281,260.15789794921875,230.19857788085938,160.3730010986328,140.24342346191406,True
1501,50.03333333333333,0.8440394401550293,26.876374031417072,87,unknown,145.16109383219663,JUMPING,False,,0.4126284160145231,,,31.83079225623274,13.692241735839843,4.564080578613281,260.15789794921875,240.05569458007812,160.3730010986328,147.99069213867188,True
1502,50.06666666666667,0.8260006904602051,26.820489089004695,88,unknown,142.85724868587627,JUMPING,True,0.4000000000000057,0.40985016449132927,36.929656982421875,26.2156982421875,33.105508437780024,16.233187294006346,5.4110624313354485,260.15789794921875,253.6907501220703,160.3730010986328,156.38259887695312,False
1503,50.1,0.8347206711769104,27.64098404441029,88,unknown,142.85724868587627,JUMPING,False,,0.40985016449132927,,,33.105508437780024,11.586927953223007,2.8794826629638672,261.22161865234375,261.61962890625,160.50515747070312,161.414794921875,False
1504,50.13333333333333,0.7925845384597778,26.808216935023665,88,unknown,142.85724868587627,JUMPING,False,,0.40985016449132927,,,33.105508437780024,11.586927953223007,3.0364161987304685,261.5694274902344,265.5321044921875,160.84498596191406,163.80084228515625,False
1505,50.166666666666664,0.7935833930969238,27.142246020957828,88,unknown,142.85724868587627,JUMPING,False,,0.40985016449132927,,,33.105508437780024,11.586927953223007,2.8794826629638672,261.5694274902344,261.113525390625,161.21060180664062,161.3280029296875,False
1506,50.2,0.7728476524353027,28.20246701594442,88,unknown,142.85724868587627,JUMPING,False,,0.40985016449132927,,,33.105508437780024,11.586927953223007,2.8857039001464844,261.5694274902344,254.257568359375,161.21060180664062,154.72158813476562,False
1507,50.233333333333334,0.8325945138931274,27.097990969195962,88,unknown,142.85724868587627,JUMPING,False,,0.40985016449132927,,,33.105508437780024,11.586927953223007,2.8857039001464844,261.5694274902344,243.94970703125,161.21060180664062,146.797607421875,True
1508,50.266666666666666,0.8191621899604797,26.5753980493173,88,unknown,142.85724868587627,JUMPING,False,,0.40985016449132927,,,33.105508437780024,11.586927953223007,2.8857039001464844,261.5694274902344,236.58570861816406,161.21060180664062,140.25067138671875,True
1509,50.3,0.7755222320556641,27.613051002845168,88,unknown,142.85724868587627,JUMPING,False,,0.40985016449132927,,,33.105508437780024,11.586927953223007,2.8857039001464844,261.5694274902344,229.7421112060547,161.21060180664062,135.94415283203125,True
1510,50.333333333333336,0.8399465084075928,26.8037699861452,88,unknown,142.85724868587627,JUMPING,False,,0.40985016449132927,,,33.105508437780024,11.586927953223007,2.8857039001464844,261.5694274902344,227.91122436523438,161.21060180664062,134.45294189453125,True
1511,50.36666666666667,0.8164757490158081,26.58525190781802,88,unknown,142.85724868587627,JUMPING,False,,0.40985016449132927,,,33.105508437780024,11.586927953223007,2.8857039001464844,261.5694274902344,227.67617797851562,161.21060180664062,134.27554321289062,True
1512,50.4,0.7687980532646179,27.570730075240135,88,unknown,142.85724868587627,JUMPING,False,,0.40985016449132927,,,33.105508437780024,11.586927953223007,3.2369888854980466,261.5694274902344,230.51126098632812,161.02108764648438,136.9860076904297,True
1513,50.43333333333333,0.7729861736297607,26.879846933297813,88,unknown,142.85724868587627,JUMPING,False,,0.40985016449132927,,,33.105508437780024,11.586927953223007,3.6007163452148436,261.3418884277344,236.44198608398438,161.02108764648438,143.44656372070312,True
1514,50.46666666666667,0.8463507890701294,26.69030602555722,89,unknown,145.16136596035605,JUMPING,True,0.3999999999999986,0.40768312830323655,32.662139892578125,26.74554443359375,32.99466630147955,16.017400854492188,5.3391336181640625,260.33831787109375,247.30288696289062,161.02108764648438,152.54591369628906,False
1515,50.5,0.7867754101753235,27.61570899747312,89,unknown,145.16136596035605,JUMPING,False,,0.40768312830323655,,,32.99466630147955,13.195990612792968,4.398663537597656,260.33831787109375,257.7763977050781,161.02108764648438,159.1376953125,False
1516,50.53333333333333,0.8035876750946045,26.807227986864746,89,unknown,145.16136596035605,JUMPING,False,,0.40768312830323655,,,32.99466630147955,12.207560449218748,4.0691868164062495,260.33831787109375,258.97174072265625,161.23690795898438,161.10028076171875,False
1517,50.56666666666667,0.809833824634552,26.933714980259538,89,unknown,145.16136596035605,JUMPING,False,,0.40768312830323655,,,32.99466630147955,12.637843835449218,4.212614611816406,260.33831787109375,257.61407470703125,161.3800811767578,161.52304077148438,False
1518,50.6,0.8527507781982422,27.54763700067997,89,unknown,145.16136596035605,JUMPING,False,,0.40768312830323655,,,32.99466630147955,12.637843835449218,4.212614611816406,260.33831787109375,252.20907592773438,161.3800811767578,156.82183837890625,False
1519,50.63333333333333,0.8974286317825317,26.85992803890258,89,unknown,145.16136596035605,JUMPING,False,,0.40768312830323655,,,32.99466630147955,12.637843835449218,4.212614611816406,260.33831787109375,243.01022338867188,161.3800811767578,149.6182098388672,True
1520,50.666666666666664,0.8259429931640625,26.805456960573792,89,unknown,145.16136596035605,JUMPING,False,,0.40768312830323655,,,32.99466630147955,12.637843835449218,4.212614611816406,260.33831787109375,234.32534790039062,161.3800811767578,142.57254028320312,True
1521,50.7,0.8176805377006531,27.524304925464094,89,unknown,145.16136596035605,JUMPING,False,,0.40768312830323655,,,32.99466630147955,12.637843835449218,4.212614611816406,260.33831787109375,226.82550048828125,161.3800811767578,137.20083618164062,True
1522,50.733333333333334,0.8175334930419922,26.92162897437811,89,unknown,145.16136596035605,JUMPING,False,,0.40768312830323655,,,32.99466630147955,12.637843835449218,4.212614611816406,260.33831787109375,222.46018981933594,161.3800811767578,134.20016479492188,True
1523,50.766666666666666,0.7485206127166748,26.639858027920127,89,unknown,145.16136596035605,JUMPING,False,,0.40768312830323655,,,32.99466630147955,12.637843835449218,4.212614611816406,260.33831787109375,221.1446075439453,161.3800811767578,133.64688110351562,True
1524,50.8,0.7723618745803833,27.583298971876502,89,unknown,145.16136596035605,JUMPING,False,,0.40768312830323655,,,32.99466630147955,14.81681519165039,4.938938397216797,260.2568054199219,226.3557891845703,161.3800811767578,135.82168579101562,True
1525,50.833333333333336,0.7678273320198059,27.042380068451166,89,unknown,145.16136596035605,JUMPING,False,,0.40768312830323655,,,32.99466630147955,16.093413061523435,5.364471020507812,258.8441467285156,233.565673828125,161.3800811767578,141.32229614257812,True
1526,50.86666666666667,0.7657806873321533,26.650064042769372,89,unknown,145.16136596035605,JUMPING,False,,0.40768312830323655,,,32.99466630147955,15.749186352539063,5.249728784179688,258.8441467285156,238.19386291503906,161.3800811767578,144.9124298095703,True
1527,50.9,0.8080584406852722,27.614756021648645,90,unknown,147.5407458771546,JUMPING,True,0.43333333333333,0.4133261734098571,37.69953918457031,27.733200073242188,34.17088452225224,15.749186352539063,5.249728784179688,258.8441467285156,246.26687622070312,161.3800811767578,151.90829467773438,False
1528,50.93333333333333,0.7551084756851196,26.913761044852436,90,unknown,147.5407458771546,JUMPING,False,,0.4133261734098571,,,34.17088452225224,16.093413061523435,5.364471020507812,258.8441467285156,253.48785400390625,161.3800811767578,158.80162048339844,False
1529,50.96666666666667,0.8048862218856812,26.683800970204175,90,unknown,147.5407458771546,JUMPING,False,,0.4133261734098571,,,34.17088452225224,15.65104916381836,5.217016387939453,258.8441467285156,257.0489501953125,161.479736328125,161.80792236328125,False
1530,51.0,0.8390505909919739,27.484317077323794,90,unknown,147.5407458771546,JUMPING,False,,0.4133261734098571,,,34.17088452225224,15.246962841796872,5.082320947265624,258.8441467285156,255.36102294921875,161.479736328125,158.5498046875,False
1531,51.03333333333333,0.8232552409172058,26.891597895883024,90,unknown,147.5407458771546,JUMPING,False,,0.4133261734098571,,,34.17088452225224,15.246962841796872,5.082320947265624,258.8441467285156,248.729736328125,161.479736328125,151.97366333007812,False
1532,51.06666666666667,0.8120284080505371,26.459479006007314,90,unknown,147.5407458771546,JUMPING,False,,0.4133261734098571,,,34.17088452225224,15.246962841796872,5.082320947265624,258.8441467285156,243.13046264648438,161.479736328125,147.32708740234375,True
1533,51.1,0.8343672752380371,27.686422923579812,90,unknown,147.5407458771546,JUMPING,False,,0.4133261734098571,,,34.17088452225224,15.246962841796872,5.082320947265624,258.8441467285156,234.98861694335938,161.479736328125,141.4260711669922,True
1534,51.13333333333333,0.7946338653564453,26.683503994718194,90,unknown,147.5407458771546,JUMPING,False,,0.4133261734098571,,,34.17088452225224,15.246962841796872,5.082320947265624,258.8441467285156,229.35577392578125,161.479736328125,137.04534912109375,True
1535,51.166666666666664,0.7822584509849548,26.57656802330166,90,unknown,147.5407458771546,JUMPING,False,,0.4133261734098571,,,34.17088452225224,14.84287651977539,4.9476255065917965,258.8441467285156,227.60076904296875,161.479736328125,135.77410888671875,True
1536,51.2,0.7528676390647888,27.842323994264007,90,unknown,147.5407458771546,JUMPING,False,,0.4133261734098571,,,34.17088452225224,15.246962841796872,5.082320947265624,258.50244140625,228.40980529785156,161.3800811767578,137.00930786132812,True
1537,51.233333333333334,0.789868950843811,27.38841308746487,90,unknown,147.5407458771546,JUMPING,False,,0.4133261734098571,,,34.17088452225224,14.929068933105468,4.976356311035156,257.7896423339844,233.9726104736328,161.23690795898438,142.0626220703125,True
1538,51.266666666666666,0.8011167049407959,27.331243036314845,91,unknown,149.99999776482585,JUMPING,True,0.36666666666666714,0.4030610819263553,30.110687255859375,25.462799072265625,33.15583520565402,14.932835609436033,4.977611869812011,257.7114562988281,245.80638122558594,161.23690795898438,150.43896484375,False
1539,51.3,0.7620155811309814,27.61292108334601,91,unknown,149.99999776482585,JUMPING,False,,0.4030610819263553,,,33.15583520565402,12.415508129882811,4.138502709960937,257.7114562988281,255.45309448242188,161.23690795898438,158.76568603515625,False
1540,51.333333333333336,0.7745249271392822,26.97847702074796,91,unknown,149.99999776482585,JUMPING,False,,0.4030610819263553,,,33.15583520565402,14.932835609436033,4.977611869812011,258.49359130859375,261.9044189453125,161.3800811767578,163.53895568847656,False
1541,51.36666666666667,0.8079121112823486,27.240027906373143,91,unknown,149.99999776482585,JUMPING,False,,0.4030610819263553,,,33.15583520565402,15.246962841796872,5.082320947265624,260.2568054199219,263.0433349609375,161.479736328125,164.00045776367188,False
1542,51.4,0.8036469221115112,27.6191639713943,91,unknown,149.99999776482585,JUMPING,False,,0.4030610819263553,,,33.15583520565402,14.84287651977539,4.9476255065917965,260.67095947265625,260.00714111328125,161.479736328125,159.54647827148438,False
1543,51.43333333333333,0.8316736221313477,27.047930052503943,91,unknown,149.99999776482585,JUMPING,False,,0.4030610819263553,,,33.15583520565402,14.84287651977539,4.9476255065917965,260.67095947265625,249.288330078125,161.479736328125,151.63836669921875,False
1544,51.46666666666667,0.8582722544670105,26.497903047129512,91,unknown,149.99999776482585,JUMPING,False,,0.4030610819263553,,,33.15583520565402,14.84287651977539,4.9476255065917965,260.67095947265625,239.77392578125,161.479736328125,143.78675842285156,True
1545,51.5,0.8108271956443787,27.61601994279772,91,unknown,149.99999776482585,JUMPING,False,,0.4030610819263553,,,33.15583520565402,14.84287651977539,4.9476255065917965,260.67095947265625,232.43399047851562,161.479736328125,137.92446899414062,True
1546,51.53333333333333,0.8081076741218567,26.803901069797575,91,unknown,149.99999776482585,JUMPING,False,,0.4030610819263553,,,33.15583520565402,14.84287651977539,4.9476255065917965,260.67095947265625,228.30943298339844,161.479736328125,134.806640625,True
1547,51.56666666666667,0.8135472536087036,26.62635501474142,91,unknown,149.99999776482585,JUMPING,False,,0.4030610819263553,,,33.15583520565402,13.196737161254882,4.398912387084961,260.67095947265625,226.5770263671875,161.479736328125,133.93777465820312,True
1548,51.6,0.7664268016815186,27.54901605658233,91,unknown,149.99999776482585,JUMPING,False,,0.4030610819263553,,,33.15583520565402,12.79299017944336,4.264330059814453,259.5929870605469,228.0764617919922,161.4450225830078,135.95079040527344,True
1549,51.63333333333333,0.7878063917160034,28.538928017951548,91,unknown,149.99999776482585,JUMPING,False,,0.4030610819263553,,,33.15583520565402,11.604542321978906,3.5479602539062496,258.49359130859375,233.01454162597656,161.23690795898438,140.99978637695312,True
1550,51.666666666666664,0.7825044989585876,26.5421379590407,91,unknown,149.99999776482585,JUMPING,False,,0.4030610819263553,,,33.15583520565402,11.604542321978906,3.444167395019531,257.7114562988281,236.57785034179688,160.478759765625,144.35177612304688,True
1551,51.7,0.7440814971923828,27.567199082113802,92,unknown,147.54101618808767,JUMPING,True,0.4333333333333371,0.4097209772358913,31.134429931640625,26.540985107421875,32.65048388715067,11.604542321978906,3.340374536132812,257.7114562988281,249.91458129882812,160.478759765625,153.83099365234375,False
1552,51.733333333333334,0.7868493795394897,27.060570078901947,92,unknown,147.54101618808767,JUMPING,False,,0.4097209772358913,,,32.65048388715067,11.427669360502733,3.3759147674560546,258.0774841308594,258.2781982421875,160.5641632080078,159.75997924804688,False
1553,51.766666666666666,0.7646831274032593,27.058524079620838,92,unknown,147.54101618808767,JUMPING,False,,0.4097209772358913,,,32.65048388715067,11.427669360502733,3.444529357910156,258.6943359375,260.516357421875,161.35394287109375,162.54461669921875,False
1554,51.8,0.8125525116920471,27.804636978544295,92,unknown,147.54101618808767,JUMPING,False,,0.4097209772358913,,,32.65048388715067,11.427669360502733,3.312820111083984,259.4979553222656,259.8487548828125,161.35394287109375,160.00271606445312,False
1555,51.833333333333336,0.7912012934684753,27.12759200949222,92,unknown,147.54101618808767,JUMPING,False,,0.4097209772358913,,,32.65048388715067,11.427669360502733,3.444529357910156,259.4979553222656,252.06350708007812,161.35394287109375,152.9263916015625,False
1556,51.86666666666667,0.8767896294593811,26.61994192749262,92,unknown,147.54101618808767,JUMPING,False,,0.4097209772358913,,,32.65048388715067,11.427669360502733,3.444529357910156,259.4979553222656,241.77224731445312,161.35394287109375,145.24658203125,True
1557,51.9,0.7727359533309937,27.967607020400465,92,unknown,147.54101618808767,JUMPING,False,,0.4097209772358913,,,32.65048388715067,11.427669360502733,3.444529357910156,259.4979553222656,233.24884033203125,161.35394287109375,138.81480407714844,True
1558,51.93333333333333,0.7697790861129761,28.004046995192766,92,unknown,147.54101618808767,JUMPING,False,,0.4097209772358913,,,32.65048388715067,11.427669360502733,3.444529357910156,259.4979553222656,227.05288696289062,161.35394287109375,135.01214599609375,True
1559,51.96666666666667,0.7540756464004517,27.023301925510168,92,unknown,147.54101618808767,JUMPING,False,,0.4097209772358913,,,32.65048388715067,11.427669360502733,3.444529357910156,259.4979553222656,223.57989501953125,161.35394287109375,133.32394409179688,True
1560,52.0,0.7485685348510742,27.891054982319474,92,unknown,147.54101618808767,JUMPING,False,,0.4097209772358913,,,32.65048388715067,11.427669360502733,3.7533968170166014,259.4979553222656,223.39891052246094,161.35394287109375,133.9160614013672,True
1561,52.03333333333333,0.7721118330955505,26.9936490803957,92,unknown,147.54101618808767,JUMPING,False,,0.4097209772358913,,,32.65048388715067,11.427669360502733,3.5479602539062496,259.22052001953125,226.3109893798828,160.91490173339844,137.48910522460938,True
1562,52.06666666666667,0.7626284956932068,26.823114953003824,92,unknown,147.54101618808767,JUMPING,False,,0.4097209772358913,,,32.65048388715067,11.556162982177733,3.852054327392578,259.22052001953125,234.11453247070312,159.90562438964844,144.0203857421875,True
1563,52.1,0.7403163313865662,27.729309047572315,92,unknown,147.54101618808767,JUMPING,False,,0.4097209772358913,,,32.65048388715067,12.565496502685548,4.188498834228516,259.22052001953125,245.33262634277344,159.90562438964844,153.39501953125,True
1564,52.13333333333333,0.7551840543746948,27.00332400854677,93,unknown,145.16109383219663,JUMPING,True,0.43333333333333,0.4149156955773278,35.82160949707031,26.991958618164062,33.44326528963058,11.556162982177733,3.852054327392578,259.22052001953125,254.0263671875,160.31590270996094,160.52468872070312,False
1565,52.166666666666664,0.790785551071167,26.54963207896799,93,unknown,145.16109383219663,JUMPING,False,,0.4149156955773278,,,33.44326528963058,11.705142851370702,3.599358984375,259.6535339355469,259.3607177734375,161.2946319580078,164.4513702392578,False
1566,52.2,0.8120743036270142,27.73345692548901,93,unknown,145.16109383219663,JUMPING,False,,0.4149156955773278,,,33.44326528963058,11.705142851370702,3.132879309082031,259.6535339355469,259.16204833984375,162.24993896484375,163.5352020263672,False
1567,52.233333333333334,0.8187418580055237,26.682349969632924,93,unknown,145.16109383219663,JUMPING,False,,0.4149156955773278,,,33.44326528963058,11.705142851370702,3.692066729736328,259.6535339355469,252.40953063964844,162.24993896484375,156.7823028564453,False
1568,52.266666666666666,0.8457654118537903,27.018056018278003,93,unknown,145.16109383219663,JUMPING,False,,0.4149156955773278,,,33.44326528963058,11.705142851370702,3.132879309082031,259.6535339355469,244.57644653320312,162.24993896484375,148.877197265625,True
1569,52.3,0.8202903270721436,27.66403299756348,93,unknown,145.16109383219663,JUMPING,False,,0.4149156955773278,,,33.44326528963058,11.705142851370702,3.132879309082031,259.6535339355469,235.32028198242188,162.24993896484375,140.9107208251953,True
1570,52.333333333333336,0.8401085138320923,27.057096012867987,93,unknown,145.16109383219663,JUMPING,False,,0.4149156955773278,,,33.44326528963058,11.705142851370702,3.132879309082031,259.6535339355469,229.75814819335938,162.24993896484375,136.44235229492188,True
1571,52.36666666666667,0.7926536798477173,26.800898020155728,93,unknown,145.16109383219663,JUMPING,False,,0.4149156955773278,,,33.44326528963058,11.705142851370702,3.132879309082031,259.6535339355469,222.99183654785156,162.24993896484375,132.39578247070312,True
1572,52.4,0.8073127865791321,27.718316996470094,93,unknown,145.16109383219663,JUMPING,False,,0.4149156955773278,,,33.44326528963058,12.565496502685548,4.188498834228516,259.6535339355469,219.38973999023438,162.24993896484375,130.88973999023438,True
1573,52.43333333333333,0.7869356274604797,26.957805966958404,93,unknown,145.16109383219663,JUMPING,False,,0.4149156955773278,,,33.44326528963058,11.705142851370702,3.692066729736328,259.6535339355469,221.08682250976562,162.24993896484375,132.27291870117188,True
1574,52.46666666666667,0.8009592294692993,26.742261950857937,93,unknown,145.16109383219663,JUMPING,False,,0.4149156955773278,,,33.44326528963058,12.197515979003906,4.0658386596679685,259.6535339355469,226.69366455078125,161.7366485595703,136.55023193359375,True
1575,52.5,0.7878897190093994,27.932846918702126,93,unknown,145.16109383219663,JUMPING,False,,0.4149156955773278,,,33.44326528963058,11.705142851370702,2.889595001220703,259.6535339355469,236.21774291992188,161.7366485595703,143.52093505859375,True
1576,52.53333333333333,0.7958718538284302,27.174677001312375,93,unknown,145.16109383219663,JUMPING,False,,0.4149156955773278,,,33.44326528963058,11.705142851370702,2.889595001220703,259.6535339355469,247.84559631347656,161.7366485595703,152.95237731933594,True
1577,52.56666666666667,0.8148342370986938,26.545139960944653,94,unknown,142.85724868587627,JUMPING,True,0.4333333333333371,0.41896757588364986,40.2637939453125,30.846908569335938,35.14839745355106,12.197515979003906,4.0658386596679685,259.6535339355469,254.86767578125,161.7366485595703,158.52484130859375,False
1578,52.6,0.7846877574920654,27.500458993017673,94,unknown,142.85724868587627,JUMPING,False,,0.41896757588364986,,,35.14839745355106,12.301939108742872,3.1438286865234373,259.6535339355469,259.01776123046875,162.581787109375,162.6065673828125,False
1579,52.63333333333333,0.7888323068618774,26.862642960622907,94,unknown,142.85724868587627,JUMPING,False,,0.41896757588364986,,,35.14839745355106,12.301939108742872,2.221818713378906,259.6535339355469,258.47698974609375,162.581787109375,161.85858154296875,False
1580,52.666666666666664,0.7920997142791748,26.456239982508123,94,unknown,142.85724868587627,JUMPING,False,,0.41896757588364986,,,35.14839745355106,12.301939108742872,2.268149963378906,259.6535339355469,257.4566650390625,162.581787109375,160.74417114257812,False
1581,52.7,0.8165777921676636,27.70698699168861,94,unknown,142.85724868587627,JUMPING,False,,0.41896757588364986,,,35.14839745355106,12.301939108742872,2.268149963378906,259.6535339355469,247.72390747070312,162.581787109375,150.7156219482422,False
1582,52.733333333333334,0.8334543704986572,27.054677018895745,94,unknown,142.85724868587627,JUMPING,False,,0.41896757588364986,,,35.14839745355106,12.301939108742872,2.268149963378906,259.6535339355469,241.02293395996094,162.581787109375,144.14874267578125,True
1583,52.766666666666666,0.823431670665741,26.859859004616737,94,unknown,142.85724868587627,JUMPING,False,,0.41896757588364986,,,35.14839745355106,12.301939108742872,2.268149963378906,259.6535339355469,231.8749542236328,162.581787109375,138.17984008789062,True
1584,52.8,0.8204965591430664,27.93405600823462,94,unknown,142.85724868587627,JUMPING,False,,0.41896757588364986,,,35.14839745355106,12.301939108742872,2.221818713378906,259.6535339355469,226.6087646484375,162.581787109375,133.90850830078125,True
1585,52.833333333333336,0.797881007194519,27.040931046940386,94,unknown,142.85724868587627,JUMPING,False,,0.41896757588364986,,,35.14839745355106,12.301939108742872,1.8906679138183593,259.28125,224.94012451171875,162.27020263671875,132.8043212890625,True
1586,52.86666666666667,0.7961539030075073,26.532453950494528,94,unknown,142.85724868587627,JUMPING,False,,0.41896757588364986,,,35.14839745355106,12.301939108742872,2.0337789916992186,259.1043395996094,225.12098693847656,161.41281127929688,132.3179931640625,True
1587,52.9,0.7452104687690735,27.74605806916952,94,unknown,142.85724868587627,JUMPING,False,,0.41896757588364986,,,35.14839745355106,12.301939108742872,1.8193612243652342,258.80145263671875,229.167236328125,161.41281127929688,134.6734161376953,True
1588,52.93333333333333,0.8005111217498779,26.88913408201188,94,unknown,142.85724868587627,JUMPING,False,,0.41896757588364986,,,35.14839745355106,12.301939108742872,1.8193612243652342,258.80145263671875,234.3824005126953,161.41281127929688,140.15594482421875,True
1589,52.96666666666667,0.779022216796875,26.691924082115293,94,unknown,142.85724868587627,JUMPING,False,,0.41896757588364986,,,35.14839745355106,12.301939108742872,1.8193612243652342,258.80145263671875,244.8116455078125,161.41281127929688,148.83132934570312,True
1590,53.0,0.8038555383682251,27.55015401635319,95,unknown,142.85724868587627,JUMPING,True,0.43333333333333,0.4221280425225795,33.861328125,29.094818115234375,34.826630121413295,12.301939108742872,2.328507275390625,258.80145263671875,254.74893188476562,161.41281127929688,158.24769592285156,False
1591,53.03333333333333,0.8384477496147156,26.820276980288327,95,unknown,142.85724868587627,JUMPING,False,,0.4221280425225795,,,34.826630121413295,12.189320542494652,2.3456100219726563,259.1043395996094,260.07061767578125,162.27020263671875,163.32122802734375,False
1592,53.06666666666667,0.8183752298355103,26.600616052746773,95,unknown,142.85724868587627,JUMPING,False,,0.4221280425225795,,,34.826630121413295,12.189320542494652,2.362712768554687,259.28125,262.7489013671875,162.581787109375,165.58218383789062,False
1593,53.1,0.8270718455314636,27.55284495651722,95,unknown,142.85724868587627,JUMPING,False,,0.4221280425225795,,,34.826630121413295,12.189320542494652,1.9377230895996094,259.33453369140625,259.29522705078125,162.82598876953125,162.97225952148438,False
1594,53.13333333333333,0.8608956336975098,26.85487607959658,95,unknown,142.85724868587627,JUMPING,False,,0.4221280425225795,,,34.826630121413295,12.189320542494652,1.9377230895996094,259.33453369140625,250.2763671875,162.82598876953125,155.87904357910156,False
1595,53.166666666666664,0.8404021263122559,26.48595895152539,95,unknown,142.85724868587627,JUMPING,False,,0.4221280425225795,,,34.826630121413295,12.189320542494652,1.9377230895996094,259.33453369140625,241.7362060546875,162.82598876953125,147.92822265625,True
1596,53.2,0.8154611587524414,27.45233499445021,95,unknown,142.85724868587627,JUMPING,False,,0.4221280425225795,,,34.826630121413295,12.189320542494652,1.9377230895996094,259.33453369140625,234.33975219726562,162.82598876953125,141.32586669921875,True
1597,53.233333333333334,0.805536150932312,26.940645999275148,95,unknown,142.85724868587627,JUMPING,False,,0.4221280425225795,,,34.826630121413295,12.189320542494652,2.221818713378906,259.33453369140625,231.08609008789062,162.82598876953125,138.00424194335938,True
1598,53.266666666666666,0.8030733466148376,26.579133002087474,95,unknown,142.85724868587627,JUMPING,False,,0.4221280425225795,,,34.826630121413295,12.189320542494652,1.9377230895996094,259.241943359375,231.224853515625,162.82598876953125,137.1998291015625,True
1599,53.3,0.8092566132545471,27.533593005500734,95,unknown,142.85724868587627,JUMPING,False,,0.4221280425225795,,,34.826630121413295,12.189320542494652,2.362712768554687,259.1043395996094,235.88992309570312,162.82598876953125,140.25082397460938,True
1600,53.333333333333336,0.7696073055267334,26.894815964624286,95,unknown,142.85724868587627,JUMPING,False,,0.4221280425225795,,,34.826630121413295,12.189320542494652,1.9377230895996094,259.1043395996094,240.61407470703125,162.82598876953125,142.66152954101562,True
1601,53.36666666666667,0.8061894178390503,26.89786395058036,95,unknown,142.85724868587627,JUMPING,False,,0.4221280425225795,,,34.826630121413295,12.189320542494652,1.9377230895996094,259.1043395996094,245.3802032470703,162.82598876953125,148.6240234375,True
1602,53.4,0.7958616614341736,27.56036294158548,96,unknown,140.62487872444308,JUMPING,True,0.3999999999999986,0.4172598731676117,28.01824951171875,25.62615966796875,33.12453496898966,12.189320542494652,2.362712768554687,259.1043395996094,256.078125,162.82598876953125,156.40249633789062,False
1603,53.43333333333333,0.8137008547782898,27.12096506729722,96,unknown,140.62487872444308,JUMPING,False,,0.4172598731676117,,,33.12453496898966,11.593587239146379,2.9596348205566403,259.241943359375,262.72650146484375,162.86572265625,162.70591735839844,False
1604,53.46666666666667,0.7800983786582947,26.678572059608996,96,unknown,140.62487872444308,JUMPING,False,,0.4172598731676117,,,33.12453496898966,13.074914025878906,4.358304675292969,259.33453369140625,264.74285888671875,163.02590942382812,163.06167602539062,False
1605,53.5,0.8789754509925842,30.801034066826105,96,unknown,140.62487872444308,JUMPING,False,,0.4172598731676117,,,33.12453496898966,11.593587239146379,2.9596348205566403,259.33453369140625,258.13311767578125,163.02590942382812,158.43661499023438,False
1606,53.53333333333333,0.8556728363037109,27.87954406812787,96,unknown,140.62487872444308,JUMPING,False,,0.4172598731676117,,,33.12453496898966,11.593587239146379,3.5565568725585934,259.33453369140625,253.25193786621094,163.02590942382812,155.1820068359375,False
1607,53.56666666666667,0.8753364086151123,28.054758091457188,96,unknown,140.62487872444308,JUMPING,False,,0.4172598731676117,,,33.12453496898966,11.593587239146379,3.5565568725585934,259.33453369140625,244.89877319335938,163.02590942382812,149.10565185546875,True
1608,53.6,0.8840442299842834,28.096467023715377,96,unknown,140.62487872444308,JUMPING,False,,0.4172598731676117,,,33.12453496898966,11.593587239146379,3.5565568725585934,259.33453369140625,236.0121612548828,163.02590942382812,142.99705505371094,True
1609,53.63333333333333,0.7947307825088501,27.241582050919533,96,unknown,140.62487872444308,JUMPING,False,,0.4172598731676117,,,33.12453496898966,11.593587239146379,2.9596348205566403,259.33453369140625,230.34515380859375,163.02590942382812,139.32949829101562,True
1610,53.666666666666664,0.807583212852478,27.047737035900354,96,unknown,140.62487872444308,JUMPING,False,,0.4172598731676117,,,33.12453496898966,11.593587239146379,3.5565568725585934,259.241943359375,228.24966430664062,162.86572265625,137.72372436523438,True
1611,53.7,0.7817323803901672,27.78657991439104,96,unknown,140.62487872444308,JUMPING,False,,0.4172598731676117,,,33.12453496898966,12.596851538085936,4.198950512695312,259.1842346191406,226.79794311523438,162.6661834716797,137.65960693359375,True
1612,53.733333333333334,0.786487340927124,26.95557998958975,96,unknown,140.62487872444308,JUMPING,False,,0.4172598731676117,,,33.12453496898966,11.593587239146379,3.5565568725585934,259.1842346191406,232.99313354492188,162.6661834716797,142.67320251464844,True
1613,53.766666666666666,0.7838338613510132,27.622052002698183,96,unknown,140.62487872444308,JUMPING,False,,0.4172598731676117,,,33.12453496898966,11.593587239146379,3.5565568725585934,259.1842346191406,237.63674926757812,162.6661834716797,146.0951385498047,True
1614,53.8,0.8226597905158997,27.81093493103981,96,unknown,140.62487872444308,JUMPING,False,,0.4172598731676117,,,33.12453496898966,11.593587239146379,3.5565568725585934,259.1842346191406,246.37985229492188,162.6661834716797,152.59793090820312,True
1615,53.833333333333336,0.8016023635864258,26.888609980233014,97,unknown,140.62513411057864,JUMPING,True,0.4333333333333371,0.4207960344040713,32.38629150390625,25.006576538085938,32.93997410271881,12.596851538085936,4.198950512695312,259.1842346191406,254.7081298828125,162.6661834716797,158.9231719970703,False
1616,53.86666666666667,0.8433139324188232,26.75396902486682,97,unknown,140.62513411057864,JUMPING,False,,0.4207960344040713,,,32.93997410271881,11.528990935951581,3.5565568725585934,259.18695068359375,259.0245361328125,162.6661834716797,161.24392700195312,False
1617,53.9,0.8330986499786377,28.047208907082677,97,unknown,140.62513411057864,JUMPING,False,,0.4207960344040713,,,32.93997410271881,12.596851538085936,4.198950512695312,259.18695068359375,254.63937377929688,162.6661834716797,157.3974151611328,False
1618,53.93333333333333,0.8071589469909668,27.177453972399235,97,unknown,140.62513411057864,JUMPING,False,,0.4207960344040713,,,32.93997410271881,12.596851538085936,4.198950512695312,259.18695068359375,251.15664672851562,162.6661834716797,154.59494018554688,False
1619,53.96666666666667,0.8409565091133118,27.221800992265344,97,unknown,140.62513411057864,JUMPING,False,,0.4207960344040713,,,32.93997410271881,12.596851538085936,4.198950512695312,259.18695068359375,244.30618286132812,162.6661834716797,149.05618286132812,True
1620,54.0,0.8026169538497925,27.62453502509743,97,unknown,140.62513411057864,JUMPING,False,,0.4207960344040713,,,32.93997410271881,12.596851538085936,4.198950512695312,259.18695068359375,237.4879150390625,162.6661834716797,143.11325073242188,True
1621,54.03333333333333,0.8151900768280029,26.839728001505136,97,unknown,140.62513411057864,JUMPING,False,,0.4207960344040713,,,32.93997410271881,12.596851538085936,4.198950512695312,259.18695068359375,233.2117919921875,162.6661834716797,138.63726806640625,True
1622,54.06666666666667,0.7940288186073303,26.674922090023756,97,unknown,140.62513411057864,JUMPING,False,,0.4207960344040713,,,32.93997410271881,11.528990935951581,3.5565568725585934,259.18695068359375,230.4634246826172,162.6661834716797,137.01177978515625,True
1623,54.1,0.7486660480499268,27.63099397998303,97,unknown,140.62513411057864,JUMPING,False,,0.4207960344040713,,,32.93997410271881,12.860926089477537,4.286975363159179,259.18695068359375,232.65277099609375,162.3669891357422,138.30224609375,True
1624,54.13333333333333,0.7682421207427979,27.036298997700214,97,unknown,140.62513411057864,JUMPING,False,,0.4207960344040713,,,32.93997410271881,15.052181561279296,5.017393853759765,259.18695068359375,235.6253662109375,162.12112426757812,139.5760498046875,True
1625,54.166666666666664,0.7846599817276001,26.511115953326225,97,unknown,140.62513411057864,JUMPING,False,,0.4207960344040713,,,32.93997410271881,17.125346640014648,5.708448880004883,259.18695068359375,241.01800537109375,162.12112426757812,144.0350341796875,True
1626,54.2,0.8004431128501892,29.96126504149288,98,unknown,145.16136596035605,JUMPING,True,0.36666666666666714,0.4088875735018424,28.723526000976562,25.109344482421875,31.885862077283246,17.125346640014648,5.708448880004883,259.18695068359375,247.91148376464844,162.12112426757812,151.3875274658203,False
1627,54.233333333333334,0.8013679385185242,27.283334988169372,98,unknown,145.16136596035605,JUMPING,False,,0.4088875735018424,,,31.885862077283246,15.233660705566408,5.077886901855469,259.18695068359375,254.533447265625,162.12112426757812,157.96665954589844,False
1628,54.266666666666666,0.7967776656150818,39.94921699631959,98,unknown,145.16136596035605,JUMPING,False,,0.4088875735018424,,,31.885862077283246,11.160051727049135,3.605489730834961,259.18695068359375,255.66107177734375,162.12112426757812,159.8742218017578,False
1629,54.3,0.8274515271186829,28.157779946923256,98,unknown,145.16136596035605,JUMPING,False,,0.4088875735018424,,,31.885862077283246,12.570315133666991,4.190105044555664,259.18695068359375,252.390869140625,162.12112426757812,155.78067016601562,False
1630,54.333333333333336,0.832640528678894,27.32871798798442,98,unknown,145.16136596035605,JUMPING,False,,0.4088875735018424,,,31.885862077283246,12.570315133666991,4.190105044555664,259.18695068359375,249.90338134765625,162.12112426757812,152.875732421875,False
1631,54.36666666666667,0.8751547932624817,26.58287703525275,98,unknown,145.16136596035605,JUMPING,False,,0.4088875735018424,,,31.885862077283246,12.570315133666991,4.190105044555664,259.18695068359375,243.69830322265625,162.12112426757812,147.8561248779297,True
1632,54.4,0.8087407946586609,27.50295598525554,98,unknown,145.16136596035605,JUMPING,False,,0.4088875735018424,,,31.885862077283246,12.570315133666991,4.190105044555664,259.18695068359375,236.25094604492188,162.12112426757812,142.50936889648438,True
1633,54.43333333333333,0.7949140071868896,26.83849702589214,98,unknown,145.16136596035605,JUMPING,False,,0.4088875735018424,,,31.885862077283246,12.570315133666991,4.190105044555664,259.18695068359375,233.54388427734375,162.12112426757812,139.31845092773438,True
1634,54.46666666666667,0.7878381013870239,26.832219096831977,98,unknown,145.16136596035605,JUMPING,False,,0.4088875735018424,,,31.885862077283246,12.570315133666991,4.190105044555664,259.18695068359375,231.84487915039062,162.12112426757812,138.5692138671875,True
1635,54.5,0.7676172256469727,27.772682020440698,98,unknown,145.16136596035605,JUMPING,False,,0.4088875735018424,,,31.885862077283246,11.204945864868163,3.7349819549560546,259.18695068359375,232.7095184326172,162.12112426757812,140.75994873046875,True
1636,54.53333333333333,0.7784510850906372,26.943733915686607,98,unknown,145.16136596035605,JUMPING,False,,0.4088875735018424,,,31.885862077283246,12.570315133666991,4.190105044555664,258.66796875,233.69912719726562,160.696044921875,142.49830627441406,True
1637,54.56666666666667,0.7958120703697205,26.787530980072916,98,unknown,145.16136596035605,JUMPING,False,,0.4088875735018424,,,31.885862077283246,11.160051727049135,3.665055249023437,257.3111267089844,239.85369873046875,159.49380493164062,147.51686096191406,True
1638,54.6,0.8001887798309326,27.619817992672324,99,unknown,147.54101618808767,JUMPING,True,0.3999999999999986,0.40693230733143676,24.066421508789062,20.159332275390625,29.9310019351597,15.490473376464841,5.163491125488281,255.9113006591797,249.45010375976562,158.72854614257812,155.01353454589844,False
1639,54.63333333333333,0.7988265752792358,26.907406048849225,99,unknown,147.54101618808767,JUMPING,False,,0.40693230733143676,,,29.9310019351597,10.475850677305894,3.435570776367187,255.9113006591797,255.50079345703125,159.49380493164062,160.73455810546875,False
1640,54.666666666666664,0.744022011756897,26.690372033044696,99,unknown,147.54101618808767,JUMPING,False,,0.40693230733143676,,,29.9310019351597,10.475850677305894,3.365678004455566,255.9113006591797,255.47491455078125,160.3904266357422,161.11227416992188,False
1641,54.7,0.8003300428390503,27.725822059437633,99,unknown,147.54101618808767,JUMPING,False,,0.40693230733143676,,,29.9310019351597,10.475850677305894,2.1589502838134766,255.9113006591797,254.69454956054688,160.71652221679688,160.68948364257812,False
1642,54.733333333333334,0.799304723739624,26.764534995891154,99,unknown,147.54101618808767,JUMPING,False,,0.40693230733143676,,,29.9310019351597,10.475850677305894,2.1589502838134766,255.9113006591797,248.2631072998047,160.71652221679688,155.64852905273438,False
1643,54.766666666666666,0.8134945631027222,26.540280086919665,99,unknown,147.54101618808767,JUMPING,False,,0.40693230733143676,,,29.9310019351597,10.475850677305894,2.1589502838134766,255.9113006591797,242.36843872070312,160.71652221679688,148.74728393554688,True
1644,54.8,0.8144746422767639,27.790258987806737,99,unknown,147.54101618808767,JUMPING,False,,0.40693230733143676,,,29.9310019351597,10.475850677305894,2.1589502838134766,255.9113006591797,234.1879425048828,160.71652221679688,143.2353515625,True
1645,54.833333333333336,0.7494739294052124,27.33433898538351,99,unknown,147.54101618808767,JUMPING,False,,0.40693230733143676,,,29.9310019351597,10.475850677305894,2.1589502838134766,255.9113006591797,231.28460693359375,160.71652221679688,140.0536346435547,True
1646,54.86666666666667,0.7771735191345215,26.631459943018854,99,unknown,147.54101618808767,JUMPING,False,,0.40693230733143676,,,29.9310019351597,10.475850677305894,2.1589502838134766,255.9113006591797,230.03573608398438,160.71652221679688,138.62538146972656,True
1647,54.9,0.7981204986572266,27.64976501930505,99,unknown,147.54101618808767,JUMPING,False,,0.40693230733143676,,,29.9310019351597,10.475850677305894,2.787193437194824,255.59695434570312,232.56997680664062,160.71652221679688,138.97091674804688,True
1648,54.93333333333333,0.7829222679138184,26.866985019296408,99,unknown,147.54101618808767,JUMPING,False,,0.40693230733143676,,,29.9310019351597,10.475850677305894,2.1388160980224606,255.49044799804688,237.58663940429688,160.36337280273438,142.37322998046875,True
1649,54.96666666666667,0.8331809043884277,26.54583298135549,99,unknown,147.54101618808767,JUMPING,False,,0.40693230733143676,,,29.9310019351597,10.475850677305894,1.7858909683227537,255.16819763183594,244.6593017578125,159.49380493164062,148.52474975585938,True
1650,55.0,0.8005721569061279,27.67901704646647,100,unknown,149.99999776482585,JUMPING,True,0.3999999999999986,0.40540719971852035,25.132461547851562,20.868423461914062,28.731366838332665,10.475850677305894,1.7858909683227537,255.16819763183594,256.5606689453125,159.49380493164062,155.6193084716797,False
1651,55.03333333333333,0.8069043159484863,27.098254999145865,100,unknown,149.99999776482585,JUMPING,False,,0.40540719971852035,,,28.731366838332665,10.055978393416432,2.0897701263427733,255.49044799804688,262.146484375,160.14938354492188,160.33282470703125,False
1652,55.06666666666667,0.8142576217651367,26.692949002608657,100,unknown,149.99999776482585,JUMPING,False,,0.40540719971852035,,,28.731366838332665,10.055978393416432,2.7465744140624997,255.59695434570312,265.4587097167969,160.54681396484375,162.85679626464844,False
1653,55.1,0.8081457614898682,27.56059600505978,100,unknown,149.99999776482585,JUMPING,False,,0.40540719971852035,,,28.731366838332665,10.055978393416432,3.0910725952148437,256.2008361816406,264.01177978515625,160.71652221679688,160.86602783203125,False
1654,55.13333333333333,0.833134651184082,27.080528088845313,100,unknown,149.99999776482585,JUMPING,False,,0.40540719971852035,,,28.731366838332665,10.055978393416432,2.037172393798828,256.2008361816406,255.18661499023438,160.71652221679688,155.4871368408203,False
1655,55.166666666666664,0.8214471936225891,26.546930079348385,100,unknown,149.99999776482585,JUMPING,False,,0.40540719971852035,,,28.731366838332665,10.055978393416432,2.037172393798828,256.2008361816406,245.9329376220703,160.71652221679688,148.306640625,True
1656,55.2,0.7894353270530701,27.681195992045105,100,unknown,149.99999776482585,JUMPING,False,,0.40540719971852035,,,28.731366838332665,10.055978393416432,1.5027794311523437,256.2008361816406,239.53787231445312,160.71652221679688,142.82138061523438,True
1657,55.233333333333334,0.7511900067329407,26.84022206813097,100,unknown,149.99999776482585,JUMPING,False,,0.40540719971852035,,,28.731366838332665,10.055978393416432,1.5027794311523437,256.2008361816406,235.62356567382812,160.71652221679688,140.30038452148438,True
1658,55.266666666666666,0.7559290528297424,26.723955059424043,100,unknown,149.99999776482585,JUMPING,False,,0.40540719971852035,,,28.731366838332665,10.055978393416432,1.5027794311523437,256.2008361816406,233.69114685058594,160.71652221679688,140.55398559570312,True
1659,55.3,0.7637892365455627,27.63929101638496,100,unknown,149.99999776482585,JUMPING,False,,0.40540719971852035,,,28.731366838332665,10.055978393416432,1.5027794311523437,256.2008361816406,238.16688537597656,160.71652221679688,144.11395263671875,True
1660,55.333333333333336,0.758447527885437,26.90783399157226,100,unknown,149.99999776482585,JUMPING,False,,0.40540719971852035,,,28.731366838332665,10.055978393416432,1.6097394653320312,256.2008361816406,240.932861328125,160.71652221679688,146.9544677734375,True
1661,55.36666666666667,0.7901201248168945,26.593454997055233,101,unknown,152.542633936791,JUMPING,True,0.36666666666666714,0.39688428244711266,21.905807495117188,20.246429443359375,27.024977002528797,10.055978393416432,2.037172393798828,255.59695434570312,248.7613525390625,160.54681396484375,153.35125732421875,False
1662,55.4,0.7947125434875488,28.23404094669968,101,unknown,152.542633936791,JUMPING,False,,0.39688428244711266,,,27.024977002528797,9.458741950885079,1.5583407348632812,256.17474365234375,256.5172119140625,160.54681396484375,158.15887451171875,False
1663,55.43333333333333,0.7944177985191345,26.806880021467805,101,unknown,152.542633936791,JUMPING,False,,0.39688428244711266,,,27.024977002528797,9.458741950885079,1.4329658386230468,256.54327392578125,258.19036865234375,160.54681396484375,159.21408081054688,False
1664,55.46666666666667,0.7766045331954956,26.72285004518926,101,unknown,152.542633936791,JUMPING,False,,0.39688428244711266,,,27.024977002528797,9.458741950885079,1.5027794311523437,256.54327392578125,251.75369262695312,160.54681396484375,155.6514129638672,False
1665,55.5,0.8121371865272522,27.603385969996452,101,unknown,152.542633936791,JUMPING,False,,0.39688428244711266,,,27.024977002528797,9.458741950885079,1.5027794311523437,256.54327392578125,243.59878540039062,160.54681396484375,149.33740234375,True
1666,55.53333333333333,0.7961928248405457,26.93009900394827,101,unknown,152.542633936791,JUMPING,False,,0.39688428244711266,,,27.024977002528797,9.458741950885079,1.5027794311523437,256.54327392578125,238.22247314453125,160.54681396484375,145.35763549804688,True
1667,55.56666666666667,0.8145838379859924,27.103501022793353,101,unknown,152.542633936791,JUMPING,False,,0.39688428244711266,,,27.024977002528797,9.458741950885079,1.5027794311523437,256.54327392578125,234.13604736328125,160.54681396484375,142.10055541992188,True
1668,55.6,0.7551971077919006,27.609825949184597,101,unknown,152.542633936791,JUMPING,False,,0.39688428244711266,,,27.024977002528797,9.458741950885079,1.5027794311523437,256.54327392578125,234.75350952148438,160.54681396484375,140.0554656982422,True
1669,55.63333333333333,0.7609240412712097,26.83389710728079,101,unknown,152.542633936791,JUMPING,False,,0.39688428244711266,,,27.024977002528797,9.458741950885079,1.5027794311523437,256.54327392578125,235.5178680419922,160.54681396484375,140.81500244140625,True
1670,55.666666666666664,0.7421157360076904,26.72531397547573,101,unknown,152.542633936791,JUMPING,False,,0.39688428244711266,,,27.024977002528797,9.458741950885079,1.5027794311523437,256.54327392578125,239.08920288085938,160.54681396484375,144.15884399414062,True
1671,55.7,0.8010356426239014,27.631261036731303,101,unknown,152.542633936791,JUMPING,False,,0.39688428244711266,,,27.024977002528797,9.458741950885079,1.5027794311523437,256.54327392578125,240.52777099609375,160.54681396484375,146.52391052246094,True
1672,55.733333333333334,0.8277404308319092,26.973934029228985,102,unknown,157.89461499115265,JUMPING,True,0.36666666666666714,0.3902364069754147,22.4072265625,20.491348266601562,25.870539392521597,9.458741950885079,1.4329658386230468,256.54327392578125,247.5187530517578,160.54681396484375,151.51840209960938,False
1673,55.766666666666666,0.7923305630683899,26.80857595987618,102,unknown,157.89461499115265,JUMPING,False,,0.3902364069754147,,,25.870539392521597,11.962692553710937,3.9875641845703123,256.54327392578125,251.46859741210938,160.54681396484375,155.82620239257812,False
1674,55.8,0.7926957607269287,27.603589929640293,102,unknown,157.89461499115265,JUMPING,False,,0.3902364069754147,,,25.870539392521597,9.054688787382558,2.0012249542236327,256.54327392578125,254.15098571777344,160.54681396484375,158.04232788085938,False
1675,55.833333333333336,0.8329892158508301,27.038680971600115,102,unknown,157.89461499115265,JUMPING,False,,0.3902364069754147,,,25.870539392521597,9.054688787382558,2.0012249542236327,256.54327392578125,248.35264587402344,160.54681396484375,154.86593627929688,False
1676,55.86666666666667,0.8371931314468384,26.66258008684963,102,unknown,157.89461499115265,JUMPING,False,,0.3902364069754147,,,25.870539392521597,9.054688787382558,2.0012249542236327,256.54327392578125,241.27493286132812,160.54681396484375,149.62017822265625,True
1677,55.9,0.8260045647621155,27.632249984890223,102,unknown,157.89461499115265,JUMPING,False,,0.3902364069754147,,,25.870539392521597,9.054688787382558,2.0012249542236327,256.54327392578125,234.29922485351562,160.54681396484375,145.2144775390625,True
1678,55.93333333333333,0.8283423781394958,26.88794897403568,102,unknown,157.89461499115265,JUMPING,False,,0.3902364069754147,,,25.870539392521597,9.054688787382558,2.0012249542236327,256.54327392578125,229.98089599609375,160.54681396484375,142.13685607910156,True
1679,55.96666666666667,0.7935709953308105,26.788708055391908,102,unknown,157.89461499115265,JUMPING,False,,0.3902364069754147,,,25.870539392521597,9.054688787382558,2.0012249542236327,256.54327392578125,228.47885131835938,160.54681396484375,140.69329833984375,True
1680,56.0,0.7735431790351868,27.73865289054811,102,unknown,157.89461499115265,JUMPING,False,,0.3902364069754147,,,25.870539392521597,9.054688787382558,2.0012249542236327,256.54327392578125,228.72190856933594,160.54681396484375,141.75025939941406,True
1681,56.03333333333333,0.7788025736808777,26.787951006554067,102,unknown,157.89461499115265,JUMPING,False,,0.3902364069754147,,,25.870539392521597,9.054688787382558,2.0012249542236327,256.54327392578125,232.08984375,160.54681396484375,145.527099609375,True
1682,56.06666666666667,0.8058395385742188,26.5723749762401,102,unknown,157.89461499115265,JUMPING,False,,0.3902364069754147,,,25.870539392521597,9.054688787382558,2.0012249542236327,256.54327392578125,241.1300048828125,160.54681396484375,152.1347198486328,True
1683,56.1,0.828158438205719,27.709051966667175,103,unknown,157.89492457219305,JUMPING,True,0.36666666666666714,0.38505106410749024,28.064422607421875,19.853515625,26.419010196246667,9.054688787382558,2.9943945693969725,256.54327392578125,251.3294677734375,160.54681396484375,157.36578369140625,False
1684,56.13333333333333,0.8473101854324341,26.998523040674627,103,unknown,157.89492457219305,JUMPING,False,,0.38505106410749024,,,26.419010196246667,9.246653568686332,2.9943945693969725,257.31097412109375,257.8111572265625,160.27505493164062,160.18841552734375,False
1685,56.166666666666664,0.8435692191123962,26.48967003915459,103,unknown,157.89492457219305,JUMPING,False,,0.38505106410749024,,,26.419010196246667,9.32951432647705,3.1098381088256835,257.31097412109375,256.5234680175781,160.2139892578125,160.23104858398438,False
1686,56.2,0.8165371417999268,27.767623076215386,103,unknown,157.89492457219305,JUMPING,False,,0.38505106410749024,,,26.419010196246667,14.307363734436034,4.769121244812012,257.31097412109375,252.45620727539062,159.79867553710938,155.55609130859375,False
1687,56.233333333333334,0.8216837644577026,26.958792936056852,103,unknown,157.89492457219305,JUMPING,False,,0.38505106410749024,,,26.419010196246667,14.307363734436034,4.769121244812012,257.31097412109375,245.68731689453125,159.79867553710938,149.20651245117188,False
1688,56.266666666666666,0.7907981872558594,26.65352704934776,103,unknown,157.89492457219305,JUMPING,False,,0.38505106410749024,,,26.419010196246667,14.307363734436034,4.769121244812012,257.31097412109375,240.71551513671875,159.79867553710938,144.014404296875,True
1689,56.3,0.7670425176620483,27.628916082903743,103,unknown,157.89492457219305,JUMPING,False,,0.38505106410749024,,,26.419010196246667,14.307363734436034,4.769121244812012,257.31097412109375,236.30039978027344,159.79867553710938,141.35317993164062,True
1690,56.333333333333336,0.7692949771881104,26.834903983399272,103,unknown,157.89492457219305,JUMPING,False,,0.38505106410749024,,,26.419010196246667,14.307363734436034,4.769121244812012,257.31097412109375,234.65887451171875,159.79867553710938,139.95765686035156,True
1691,56.36666666666667,0.7874032855033875,26.394497021101415,103,unknown,157.89492457219305,JUMPING,False,,0.38505106410749024,,,26.419010196246667,14.307363734436034,4.769121244812012,257.31097412109375,232.469970703125,159.79867553710938,140.3504638671875,True
1692,56.4,0.7684786915779114,27.638270054012537,103,unknown,157.89492457219305,JUMPING,False,,0.38505106410749024,,,26.419010196246667,14.307363734436034,4.769121244812012,257.31097412109375,235.42245483398438,159.79867553710938,144.2281036376953,True
1693,56.43333333333333,0.8490989208221436,26.99431497603655,104,unknown,163.63613398639342,JUMPING,True,0.3333333333333286,0.3736731633371747,24.84100341796875,19.841018676757812,26.02450850167719,14.307363734436034,4.769121244812012,257.31097412109375,244.5606231689453,159.79867553710938,151.02301025390625,False
1694,56.46666666666667,0.8355976343154907,26.566557004116476,104,unknown,163.63613398639342,JUMPING,False,,0.3736731633371747,,,26.02450850167719,18.062536431884766,6.020845477294921,257.31097412109375,250.72418212890625,159.79867553710938,156.0500946044922,False
1695,56.5,0.8225136995315552,27.475890005007386,104,unknown,163.63613398639342,JUMPING,False,,0.3736731633371747,,,26.02450850167719,15.268952087402344,5.089650695800781,257.29608154296875,251.473876953125,159.79867553710938,156.45745849609375,False
1696,56.53333333333333,0.8359009623527527,26.814287062734365,104,unknown,163.63613398639342,JUMPING,False,,0.3736731633371747,,,26.02450850167719,11.930726705932617,3.9769089019775388,256.5209655761719,251.2106475830078,158.7919921875,156.07684326171875,False
1697,56.56666666666667,0.8495067954063416,26.758702006191015,104,unknown,163.63613398639342,JUMPING,False,,0.3736731633371747,,,26.02450850167719,9.108577975587016,3.014913340759277,255.98497009277344,246.31341552734375,158.1122589111328,152.29315185546875,True
1698,56.6,0.8005589246749878,28.33032503258437,104,unknown,163.63613398639342,JUMPING,False,,0.3736731633371747,,,26.02450850167719,9.108577975587016,2.5126785186767577,254.77235412597656,239.8291015625,157.77171325683594,147.61502075195312,True
1699,56.63333333333333,0.7996435761451721,28.137977002188563,104,unknown,163.63613398639342,JUMPING,False,,0.3736731633371747,,,26.02450850167719,11.90724436340332,3.9690814544677733,253.4730682373047,235.86993408203125,157.77171325683594,144.71725463867188,True
1700,56.666666666666664,0.8090335130691528,27.222663047723472,104,unknown,163.63613398639342,JUMPING,False,,0.3736731633371747,,,26.02450850167719,11.90724436340332,3.9690814544677733,253.4730682373047,233.7916717529297,157.77171325683594,144.89910888671875,True
1701,56.7,0.7778737545013428,27.836302062496543,104,unknown,163.63613398639342,JUMPING,False,,0.3736731633371747,,,26.02450850167719,11.90724436340332,3.9690814544677733,253.4730682373047,236.3911590576172,157.77171325683594,147.2555389404297,True
1702,56.733333333333334,0.7694313526153564,26.879988959990442,104,unknown,163.63613398639342,JUMPING,False,,0.3736731633371747,,,26.02450850167719,11.90724436340332,3.9690814544677733,253.4730682373047,237.25192260742188,157.77171325683594,149.3265380859375,True
1703,56.766666666666666,0.8384780287742615,26.47700405213982,105,unknown,169.8113394700258,JUMPING,True,0.3333333333333357,0.36479840073633013,19.681396484375,13.054458618164062,24.438730497351642,11.90724436340332,3.9690814544677733,253.4730682373047,242.5701904296875,157.77171325683594,153.74774169921875,False
1704,56.8,0.7147353887557983,27.777711977250874,105,unknown,169.8113394700258,JUMPING,False,,0.36479840073633013,,,24.438730497351642,8.553555674073074,2.792306163024902,253.4730682373047,250.38421630859375,157.8898468017578,157.66111755371094,False
1705,56.833333333333336,0.8114588260650635,27.718142955563962,105,unknown,169.8113394700258,JUMPING,False,,0.36479840073633013,,,24.438730497351642,8.553555674073074,1.6155308715820311,253.4730682373047,251.78273010253906,157.93673706054688,157.77835083007812,False
1706,56.86666666666667,0.8246845006942749,29.197636991739273,105,unknown,169.8113394700258,JUMPING,False,,0.36479840073633013,,,24.438730497351642,8.553555674073074,1.5263522644042968,253.4730682373047,252.04641723632812,157.93673706054688,157.76394653320312,False
1708,56.93333333333333,0.8199491500854492,27.417712030000985,105,unknown,169.8113394700258,JUMPING,False,,0.36479840073633013,,,24.438730497351642,8.553555674073074,1.4564029357910155,252.29229736328125,241.33497619628906,157.7725830078125,151.33782958984375,True
1709,56.96666666666667,0.8026055097579956,26.755176950246096,105,unknown,169.8113394700258,JUMPING,False,,0.36479840073633013,,,24.438730497351642,8.553555674073074,1.283950241088867,251.94094848632812,233.91360473632812,157.72280883789062,146.44451904296875,True
1710,57.0,0.8099385499954224,27.756899944506586,105,unknown,169.8113394700258,JUMPING,False,,0.36479840073633013,,,24.438730497351642,8.553555674073074,1.4642303833007813,251.94094848632812,233.13137817382812,157.72280883789062,144.34678649902344,True
1711,57.03333333333333,0.8423992395401001,26.872340007685125,105,unknown,169.8113394700258,JUMPING,False,,0.36479840073633013,,,24.438730497351642,8.553555674073074,1.4642303833007813,251.94094848632812,235.20498657226562,157.72280883789062,145.88497924804688,True
1712,57.06666666666667,0.8430054783821106,26.587454951368272,105,unknown,169.8113394700258,JUMPING,False,,0.36479840073633013,,,24.438730497351642,8.553555674073074,1.4642303833007813,251.94094848632812,236.82546997070312,157.72280883789062,146.9393310546875,True
1713,57.1,0.7934484481811523,27.697787969373167,105,unknown,169.8113394700258,JUMPING,False,,0.36479840073633013,,,24.438730497351642,8.553555674073074,1.4642303833007813,251.94094848632812,242.53659057617188,157.72280883789062,151.04151916503906,True
1714,57.13333333333333,0.8535077571868896,27.101441053673625,106,unknown,169.81098139723073,JUMPING,True,0.36666666666666714,0.3652094192410043,18.8095703125,13.376022338867188,23.03144045113873,8.553555674073074,1.5359669036865233,251.94094848632812,250.19869995117188,157.72280883789062,155.6931915283203,False
1715,57.166666666666664,0.8243114948272705,26.500362087972462,106,unknown,169.81098139723073,JUMPING,False,,0.3652094192410043,,,23.03144045113873,8.061004157898555,1.4014298217773438,251.94094848632812,250.41177368164062,157.72280883789062,157.22689819335938,False
1716,57.2,0.8480334281921387,27.85290905740112,106,unknown,169.81098139723073,JUMPING,False,,0.3652094192410043,,,23.03144045113873,8.061004157898555,1.4014298217773438,251.94094848632812,245.91748046875,157.72280883789062,154.15582275390625,False
1717,57.233333333333334,0.8105759620666504,26.99119900353253,106,unknown,169.81098139723073,JUMPING,False,,0.3652094192410043,,,23.03144045113873,8.061004157898555,1.4014298217773438,251.94094848632812,238.4380645751953,157.72280883789062,149.84011840820312,True
1718,57.266666666666666,0.8635799884796143,26.64522093255073,106,unknown,169.81098139723073,JUMPING,False,,0.3652094192410043,,,23.03144045113873,8.061004157898555,1.4841383422851562,251.94094848632812,233.84146118164062,157.72280883789062,146.88153076171875,True
1719,57.3,0.8028795719146729,27.57031610235572,106,unknown,169.81098139723073,JUMPING,False,,0.3652094192410043,,,23.03144045113873,8.061004157898555,1.4014298217773438,251.94094848632812,233.4451141357422,157.72280883789062,147.4378662109375,True
1720,57.333333333333336,0.8241376280784607,26.92633308470249,106,unknown,169.81098139723073,JUMPING,False,,0.3652094192410043,,,23.03144045113873,8.061004157898555,1.4042689682006835,251.65919494628906,236.68414306640625,157.54298400878906,150.04800415039062,True
1721,57.36666666666667,0.8010045886039734,26.699887006543577,106,unknown,169.81098139723073,JUMPING,False,,0.3652094192410043,,,23.03144045113873,8.061004157898555,1.2391120880126953,251.65919494628906,237.92701721191406,157.54298400878906,151.67880249023438,True
1722,57.4,0.8121963739395142,27.550137019716203,106,unknown,169.81098139723073,JUMPING,False,,0.3652094192410043,,,23.03144045113873,8.061004157898555,1.2391120880126953,251.65919494628906,242.4003143310547,157.54298400878906,155.01605224609375,True
1724,57.46666666666667,0.8035216331481934,26.59965504426509,107,unknown,173.0768947074093,JUMPING,True,0.3333333333333357,0.35819668034131724,18.214080810546875,10.661453247070312,21.827100540990767,8.061004157898555,1.4042689682006835,251.65919494628906,247.86065673828125,157.54298400878906,156.54837036132812,False
1725,57.5,0.8215370774269104,27.531626052223146,107,unknown,173.0768947074093,JUMPING,False,,0.35819668034131724,,,21.827100540990767,7.639485189346768,1.4042689682006835,251.65919494628906,244.52069091796875,157.54298400878906,153.39736938476562,False
1726,57.53333333333333,0.8361515998840332,27.07223198376596,107,unknown,173.0768947074093,JUMPING,False,,0.35819668034131724,,,21.827100540990767,7.639485189346768,1.4042689682006835,251.65919494628906,241.78509521484375,157.54298400878906,151.2683868408203,True
1727,57.56666666666667,0.8268983364105225,26.642924058251083,107,unknown,173.0768947074093,JUMPING,False,,0.35819668034131724,,,21.827100540990767,7.639485189346768,1.4042689682006835,251.65919494628906,235.7024688720703,157.54298400878906,147.76382446289062,True
1728,57.6,0.8570824861526489,27.44009206071496,107,unknown,173.0768947074093,JUMPING,False,,0.35819668034131724,,,21.827100540990767,7.639485189346768,1.4042689682006835,251.65919494628906,232.92437744140625,157.54298400878906,146.04293823242188,True
1729,57.63333333333333,0.8371497988700867,26.84480301104486,107,unknown,173.0768947074093,JUMPING,False,,0.35819668034131724,,,21.827100540990767,7.639485189346768,1.4042689682006835,251.65919494628906,232.92343139648438,157.54298400878906,145.92047119140625,True
1730,57.666666666666664,0.8298577070236206,26.539951097220182,107,unknown,173.0768947074093,JUMPING,False,,0.35819668034131724,,,21.827100540990767,7.639485189346768,1.9603457702636717,251.65919494628906,235.68490600585938,157.4874267578125,148.12770080566406,True
1731,57.7,0.7944191694259644,27.53576694522053,107,unknown,173.0768947074093,JUMPING,False,,0.35819668034131724,,,21.827100540990767,7.639485189346768,1.9964628799438475,251.36859130859375,241.24612426757812,156.9554901123047,152.71987915039062,True
1732,57.733333333333334,0.8257941603660583,26.893585920333862,107,unknown,173.0768947074093,JUMPING,False,,0.35819668034131724,18.092636108398438,10.591537475585938,21.827100540990767,7.639485189346768,2.248479542541504,251.0160675048828,245.4715118408203,156.5120086669922,155.51368713378906,False
1733,57.766666666666666,0.8103525638580322,26.52883599512279,107,unknown,173.0768947074093,JUMPING,False,,0.35819668034131724,,,21.827100540990767,7.639485189346768,1.9820069869995116,250.59921264648438,249.6983642578125,156.9554901123047,159.1441650390625,False
1734,57.8,0.8036374449729919,27.54007698968053,107,unknown,173.0768947074093,JUMPING,False,,0.35819668034131724,,,21.827100540990767,7.639485189346768,1.8240554306030272,251.0160675048828,252.44863891601562,157.4874267578125,161.31658935546875,False
1735,57.833333333333336,0.8164963722229004,26.9782489631325,107,unknown,173.0768947074093,JUMPING,False,,0.35819668034131724,,,21.827100540990767,7.639485189346768,2.0325799896240233,251.36859130859375,252.17535400390625,157.72280883789062,161.9090576171875,False
1736,57.86666666666667,0.8207849264144897,26.501687010750175,107,unknown,173.0768947074093,JUMPING,False,,0.35819668034131724,,,21.827100540990767,7.639485189346768,1.5694032257080077,251.65919494628906,252.05978393554688,157.7725830078125,161.19557189941406,False
1737,57.9,0.794206440448761,27.63743989635259,107,unknown,173.0768947074093,JUMPING,False,,0.35819668034131724,,,21.827100540990767,7.639485189346768,1.258929556274414,251.94094848632812,253.7913818359375,158.59783935546875,159.5909423828125,False
1738,57.93333333333333,0.8322689533233643,26.690913015045226,107,unknown,173.0768947074093,JUMPING,False,,0.35819668034131724,,,21.827100540990767,7.639485189346768,1.3999593475341796,252.054443359375,254.46914672851562,158.95928955078125,158.68197631835938,False
1739,57.96666666666667,0.8652418851852417,26.63012605626136,107,unknown,173.0768947074093,JUMPING,False,,0.35819668034131724,,,21.827100540990767,7.639485189346768,1.5746743103027343,252.12911987304688,252.56500244140625,158.95928955078125,158.10720825195312,False
1740,58.0,0.8318654298782349,27.526788995601237,107,unknown,173.0768947074093,JUMPING,False,,0.35819668034131724,,,21.827100540990767,7.639485189346768,1.468506069946289,252.12911987304688,251.3031005859375,158.95928955078125,157.955322265625,False
1741,58.03333333333333,0.8519848585128784,26.741600944660604,107,unknown,173.0768947074093,JUMPING,False,,0.35819668034131724,,,21.827100540990767,7.639485189346768,1.468506069946289,252.12911987304688,250.9598846435547,158.95928955078125,157.96286010742188,False
1742,58.06666666666667,0.8457384705543518,26.737208012491465,107,unknown,173.0768947074093,JUMPING,False,,0.35819668034131724,,,21.827100540990767,7.639485189346768,1.4652936492919921,252.12911987304688,249.29391479492188,158.95928955078125,158.5133819580078,False
1743,58.1,0.8103031516075134,27.597734006121755,107,unknown,173.0768947074093,JUMPING,False,,0.35819668034131724,,,21.827100540990767,7.639485189346768,1.7502036895751951,252.12911987304688,247.71624755859375,158.95928955078125,158.51885986328125,False
1744,58.13333333333333,0.7992194294929504,26.806568959727883,107,unknown,173.0768947074093,JUMPING,False,,0.35819668034131724,,,21.827100540990767,7.639485189346768,1.7502036895751951,252.12911987304688,246.5478973388672,158.9865264892578,158.75006103515625,False
1745,58.166666666666664,0.8106388449668884,27.161963051185012,107,unknown,173.0768947074093,JUMPING,False,,0.35819668034131724,,,21.827100540990767,7.639485189346768,1.7502036895751951,252.12911987304688,245.908935546875,159.0504913330078,158.9099884033203,False
1746,58.2,0.8336660265922546,27.680241037160158,107,unknown,173.0768947074093,JUMPING,False,,0.35819668034131724,,,21.827100540990767,7.639485189346768,1.870330123901367,252.12911987304688,246.2399444580078,159.0504913330078,158.74588012695312,False
1747,58.233333333333334,0.8298059105873108,26.783394976519048,107,unknown,173.0768947074093,JUMPING,False,,0.35819668034131724,,,21.827100540990767,7.639485189346768,2.136010885620117,252.12911987304688,247.34188842773438,159.0504913330078,158.6605224609375,False
1748,58.266666666666666,0.6974422931671143,26.503202971071005,107,unknown,173.0768947074093,JUMPING,False,,0.35819668034131724,,,21.827100540990767,7.639485189346768,2.4433400024414063,252.12911987304688,250.08914184570312,159.0504913330078,158.48809814453125,False
1749,58.3,0.7949365377426147,27.762810001149774,107,unknown,173.0768947074093,JUMPING,False,,0.35819668034131724,,,21.827100540990767,7.639485189346768,2.062374060058594,252.12911987304688,250.9123077392578,159.0504913330078,158.00262451171875,False
1750,58.333333333333336,0.8242698907852173,26.813331991434097,107,unknown,173.0768947074093,JUMPING,False,,0.35819668034131724,,,21.827100540990767,7.639485189346768,1.7997926055908202,252.12911987304688,251.02255249023438,159.0504913330078,157.71177673339844,False
1751,58.36666666666667,0.7786079049110413,26.428106939420104,107,unknown,173.0768947074093,JUMPING,False,,0.35819668034131724,,,21.827100540990767,7.639485189346768,1.8020548736572264,252.12911987304688,251.21731567382812,159.0504913330078,157.73516845703125,False
1752,58.4,0.8138665556907654,27.98087801784277,107,unknown,173.0768947074093,JUMPING,False,,0.35819668034131724,,,21.827100540990767,7.639485189346768,1.8175287872314452,252.12911987304688,250.9242706298828,159.0504913330078,157.77798461914062,False
1753,58.43333333333333,0.7948339581489563,26.945909950882196,107,unknown,173.0768947074093,JUMPING,False,,0.35819668034131724,,,21.827100540990767,7.639485189346768,1.8361924987792968,252.33932495117188,253.9455108642578,159.0504913330078,158.33245849609375,False
1754,58.46666666666667,0.8242655992507935,26.915780967101455,107,unknown,173.0768947074093,JUMPING,False,,0.35819668034131724,,,21.827100540990767,7.639485189346768,1.870330123901367,252.51846313476562,255.66607666015625,159.0504913330078,158.42959594726562,False
1755,58.5,0.8432105183601379,27.533172979019582,107,unknown,173.0768947074093,JUMPING,False,,0.35819668034131724,,,21.827100540990767,7.639485189346768,1.9632414733886718,253.3008270263672,257.2749938964844,159.0504913330078,158.68458557128906,False
1756,58.53333333333333,0.8338268995285034,26.846350985579193,107,unknown,173.0768947074093,JUMPING,False,,0.35819668034131724,,,21.827100540990767,7.639485189346768,1.698375128173828,253.8838653564453,259.44952392578125,159.0504913330078,158.8451690673828,False
1757,58.56666666666667,0.8273851871490479,26.627299026586115,107,unknown,173.0768947074093,JUMPING,False,,0.35819668034131724,,,21.827100540990767,7.639485189346768,2.040362191772461,254.2596893310547,260.693603515625,159.0508575439453,158.910888671875,False
1758,58.6,0.8499263525009155,27.514689951203763,107,unknown,173.0768947074093,JUMPING,False,,0.35819668034131724,,,21.827100540990767,7.701801141357421,2.5672670471191403,255.1873016357422,258.9169616699219,159.0508575439453,158.78875732421875,False
1759,58.63333333333333,0.841931939125061,26.783910929225385,107,unknown,173.0768947074093,JUMPING,False,,0.35819668034131724,,,21.827100540990767,7.844052557373047,2.6146841857910155,255.5235595703125,255.30978393554688,159.0508575439453,158.38902282714844,False
1760,58.666666666666664,0.8563148379325867,26.50410309433937,107,unknown,173.0768947074093,JUMPING,False,,0.35819668034131724,,,21.827100540990767,7.639485189346768,2.2600284210205075,255.5235595703125,252.48236083984375,159.0508575439453,158.40444946289062,False
1761,58.7,0.7950326204299927,27.637804043479264,107,unknown,173.0768947074093,JUMPING,False,,0.35819668034131724,,,21.827100540990767,7.639485189346768,2.219262350463867,255.5235595703125,251.94119262695312,159.0508575439453,157.49581909179688,False
1762,58.733333333333334,0.7812166213989258,26.94811997935176,107,unknown,173.0768947074093,JUMPING,False,,0.35819668034131724,,,21.827100540990767,7.639485189346768,2.0663104064941407,255.5235595703125,251.2668914794922,159.0508575439453,157.11700439453125,False
1763,58.766666666666666,0.8268981575965881,26.73255593981594,107,unknown,173.0768947074093,JUMPING,False,,0.35819668034131724,,,21.827100540990767,7.639485189346768,2.0663104064941407,255.5235595703125,249.47686767578125,159.0508575439453,157.84310913085938,False
1764,58.8,0.824185311794281,27.45154791045934,107,unknown,173.0768947074093,JUMPING,False,,0.35819668034131724,,,21.827100540990767,7.639485189346768,2.0663104064941407,255.5235595703125,248.11366271972656,159.0508575439453,158.54641723632812,False
1765,58.833333333333336,0.7952409982681274,26.776454993523657,107,unknown,173.0768947074093,JUMPING,False,,0.35819668034131724,,,21.827100540990767,7.639485189346768,2.0663104064941407,255.5235595703125,248.3046417236328,159.136962890625,159.12615966796875,False
1766,58.86666666666667,0.8001407384872437,26.559763005934656,107,unknown,173.0768947074093,JUMPING,False,,0.35819668034131724,,,21.827100540990767,7.639485189346768,2.0663104064941407,255.5235595703125,248.20266723632812,159.4122314453125,159.94638061523438,False
1767,58.9,0.8160808086395264,27.55499503109604,107,unknown,173.0768947074093,JUMPING,False,,0.35819668034131724,,,21.827100540990767,7.639485189346768,2.0663104064941407,255.5235595703125,247.74403381347656,159.80419921875,160.00331115722656,True
1768,58.93333333333333,0.8460279703140259,26.82819706387818,107,unknown,0.0,JUMPING,False,1.4666666666666615,,7.7795257568359375,-0.02276611328125,21.827100540990767,7.639485189346768,2.0663104064941407,255.5235595703125,248.3859405517578,159.9805450439453,160.22772216796875,False
1769,58.96666666666667,0.7981140613555908,27.80622395221144,107,unknown,173.0768947074093,JUMPING,False,,0.35819668034131724,,,21.827100540990767,7.639485189346768,2.0663104064941407,255.5235595703125,248.34071350097656,160.13795471191406,160.23834228515625,False
1770,59.0,0.7586033344268799,28.201067936606705,107,unknown,173.0768947074093,STOPPED,False,,0.35819668034131724,,,21.827100540990767,7.639485189346768,2.0663104064941407,255.5235595703125,249.07315063476562,160.16860961914062,160.0799560546875,False
1771,59.03333333333333,0.8279470801353455,27.65349403489381,107,unknown,173.0768947074093,STOPPED,False,,0.35819668034131724,,,21.827100540990767,7.639485189346768,2.0663104064941407,255.5235595703125,249.46463012695312,160.16860961914062,159.74203491210938,False
1772,59.06666666666667,0.8289127349853516,26.874516042880714,107,unknown,173.0768947074093,STOPPED,False,,0.35819668034131724,,,21.827100540990767,7.639485189346768,1.8725923919677734,255.5235595703125,250.454345703125,160.16860961914062,159.6331787109375,False
1773,59.1,0.8192321062088013,27.712350012734532,107,unknown,173.0768947074093,STOPPED,False,,0.35819668034131724,,,21.827100540990767,7.639485189346768,2.053019581604004,255.5235595703125,250.5533447265625,160.16860961914062,159.30380249023438,False
1774,59.13333333333333,0.8029804229736328,27.009777957573533,107,unknown,173.0768947074093,STOPPED,False,,0.35819668034131724,,,21.827100540990767,7.639485189346768,2.233446771240234,255.5235595703125,250.48638916015625,160.16860961914062,159.71728515625,False
1775,59.166666666666664,0.8361111283302307,26.447751908563077,107,unknown,173.0768947074093,STOPPED,False,,0.35819668034131724,,,21.827100540990767,7.639485189346768,2.1951691955566406,255.5235595703125,250.23834228515625,160.16860961914062,159.85330200195312,False
1776,59.2,0.8603016138076782,27.731725946068764,107,unknown,173.0768947074093,STOPPED,False,,0.35819668034131724,,,21.827100540990767,7.639485189346768,2.0576232971191404,255.5235595703125,251.08755493164062,160.16860961914062,159.32638549804688,False
1777,59.233333333333334,0.843174934387207,26.899739052169025,107,unknown,173.0768947074093,STOPPED,False,,0.35819668034131724,,,21.827100540990767,7.639485189346768,1.6342398284912107,255.5235595703125,250.12411499023438,160.16860961914062,159.28939819335938,False
1778,59.266666666666666,0.8672442436218262,26.593575021252036,107,unknown,173.0768947074093,STOPPED,False,,0.35819668034131724,,,21.827100540990767,7.639485189346768,2.0576232971191404,255.5235595703125,249.46461486816406,160.16860961914062,158.91702270507812,False
1779,59.3,0.8390825986862183,27.58577500935644,107,unknown,173.0768947074093,STOPPED,False,,0.35819668034131724,,,21.827100540990767,7.639485189346768,1.2932029174804687,255.5235595703125,250.80810546875,160.04930114746094,158.78428649902344,False
1780,59.333333333333336,0.8739323616027832,27.193761081434786,107,unknown,173.0768947074093,STOPPED,False,,0.35819668034131724,,,21.827100540990767,7.639485189346768,1.524927035522461,255.5235595703125,249.6956787109375,159.9805450439453,158.32754516601562,False
1781,59.36666666666667,0.8579519391059875,26.54802391771227,107,unknown,173.0768947074093,STOPPED,False,,0.35819668034131724,,,21.827100540990767,7.639485189346768,1.6207793334960936,255.5235595703125,249.55682373046875,159.90914916992188,158.115478515625,False
1782,59.4,0.8317800164222717,27.58649701718241,107,unknown,173.0768947074093,STOPPED,False,,0.35819668034131724,,,21.827100540990767,7.639485189346768,1.4399110015869139,255.5235595703125,249.4269256591797,159.90914916992188,157.943603515625,False
1783,59.43333333333333,0.8655523657798767,26.977075962349772,107,unknown,173.0768947074093,STOPPED,False,,0.35819668034131724,,,21.827100540990767,7.639485189346768,1.2656032470703125,255.5235595703125,248.09658813476562,159.90914916992188,158.12405395507812,False
1784,59.46666666666667,0.8629832863807678,26.915456051938236,107,unknown,173.0768947074093,STOPPED,False,,0.35819668034131724,,,21.827100540990767,7.639485189346768,1.2623229583740234,255.5235595703125,245.7581024169922,159.90914916992188,157.95318603515625,True
1785,59.5,0.8278570175170898,27.910426957532763,107,unknown,173.0768947074093,STOPPED,False,,0.35819668034131724,,,21.827100540990767,7.639485189346768,1.3320234375,255.5235595703125,244.58543395996094,159.90914916992188,158.0016632080078,True
1786,59.53333333333333,0.8040469884872437,26.828392990864813,107,unknown,173.0768947074093,STOPPED,False,,0.35819668034131724,,,21.827100540990767,7.639485189346768,1.3469996520996093,255.5235595703125,244.9320831298828,159.90914916992188,157.95529174804688,True
1787,59.56666666666667,0.8367428779602051,28.468252043239772,107,unknown,173.0768947074093,STOPPED,False,,0.35819668034131724,,,21.827100540990767,7.639485189346768,1.3469996520996093,255.5235595703125,245.34544372558594,159.90914916992188,157.85699462890625,True
1788,59.6,0.7946560978889465,27.83455397002399,107,unknown,173.0768947074093,STOPPED,False,,0.35819668034131724,,,21.827100540990767,7.639485189346768,1.3469996520996093,255.5235595703125,244.45144653320312,159.90914916992188,158.1890106201172,True
1789,59.63333333333333,0.8491896986961365,27.127978042699397,107,unknown,173.0768947074093,STOPPED,False,,0.35819668034131724,,,21.827100540990767,7.639485189346768,1.3469996520996093,255.5235595703125,244.4906005859375,159.90914916992188,158.59268188476562,True
1790,59.666666666666664,0.8374640345573425,31.638661050237715,107,unknown,173.0768947074093,STOPPED,False,,0.35819668034131724,,,21.827100540990767,7.639485189346768,1.3469996520996093,255.5235595703125,243.48797607421875,159.90914916992188,158.85577392578125,True
1791,59.7,0.8426345586776733,27.935286983847618,107,unknown,173.0768947074093,STOPPED,False,,0.35819668034131724,,,21.827100540990767,7.639485189346768,1.3469996520996093,255.5235595703125,242.101806640625,159.90914916992188,159.170166015625,True
1792,59.733333333333334,0.8470909595489502,26.869404944591224,107,unknown,173.0768947074093,STOPPED,False,,0.35819668034131724,,,21.827100540990767,7.639485189346768,1.3469996520996093,255.5235595703125,241.8668670654297,159.90914916992188,159.20396423339844,True
1793,59.766666666666666,0.8462636470794678,26.68900100979954,107,unknown,173.0768947074093,STOPPED,False,,0.35819668034131724,,,21.827100540990767,7.639485189346768,1.2656032470703125,255.5235595703125,242.32986450195312,159.90914916992188,159.65399169921875,True
1794,59.8,0.8659719824790955,27.596913976594806,107,unknown,173.0768947074093,STOPPED,False,,0.35819668034131724,,,21.827100540990767,7.639485189346768,1.4399110015869139,255.5235595703125,241.62664794921875,159.9805450439453,160.287353515625,True
1795,59.833333333333336,0.8704390525817871,26.871421956457198,107,unknown,173.0768947074093,STOPPED,False,,0.35819668034131724,,,21.827100540990767,7.639485189346768,1.6207793334960936,255.5235595703125,241.0633087158203,160.04930114746094,160.68959045410156,True
1796,59.86666666666667,0.8505325317382812,26.472392957657576,107,unknown,173.0768947074093,STOPPED,False,,0.35819668034131724,,,21.827100540990767,7.639485189346768,1.7481676483154296,255.5235595703125,241.25,160.16860961914062,160.86599731445312,True
1797,59.9,0.8701732158660889,27.719079051166773,107,unknown,173.0768947074093,STOPPED,False,,0.35819668034131724,,,21.827100540990767,7.639485189346768,1.8020548736572264,255.5235595703125,240.64767456054688,160.23410034179688,161.13296508789062,True
1798,59.93333333333333,0.8671596050262451,26.769510004669428,107,unknown,173.0768947074093,STOPPED,False,,0.35819668034131724,,,21.827100540990767,7.639485189346768,1.7481676483154296,255.5235595703125,240.8291778564453,160.2677459716797,161.23031616210938,True
1799,59.96666666666667,0.8546398878097534,26.480196975171566,107,unknown,173.0768947074093,STOPPED,False,,0.35819668034131724,,,21.827100540990767,7.639485189346768,1.363966662597656,254.17881774902344,238.7501220703125,160.52870178222656,161.4283905029297,True
1800,60.0,0.8730270862579346,27.644560090266168,107,unknown,173.0768947074093,STOPPED,False,,0.35819668034131724,,,21.827100540990767,7.639485189346768,1.8789380538940428,252.26589965820312,237.484619140625,160.79544067382812,161.5054931640625,True
1801,60.03333333333333,0.8351001739501953,26.782493921928108,107,unknown,173.0768947074093,STOPPED,False,,0.35819668034131724,,,21.827100540990767,7.639485189346768,1.8724114105224607,251.67147827148438,236.2132568359375,160.79544067382812,160.67092895507812,True
1803,60.1,0.8846372365951538,27.592263999395072,107,unknown,173.0768947074093,STOPPED,False,,0.35819668034131724,,,21.827100540990767,7.639485189346768,1.770473611450195,251.19515991210938,237.32589721679688,160.79544067382812,160.56588745117188,True
1804,60.13333333333333,0.8595428466796875,26.8492050236091,107,unknown,173.0768947074093,STOPPED,False,,0.35819668034131724,,,21.827100540990767,7.639485189346768,1.6844621795654295,250.97576904296875,237.61151123046875,160.79544067382812,160.41632080078125,True
1805,60.166666666666664,0.88028484582901,26.58516599331051,107,unknown,173.0768947074093,STOPPED,False,,0.35819668034131724,,,21.827100540990767,7.639485189346768,1.6663187896728515,250.70620727539062,237.39102172851562,160.79544067382812,160.31448364257812,True
1806,60.2,0.8528672456741333,27.53098402172327,107,unknown,173.0768947074093,STOPPED,False,,0.35819668034131724,,,21.827100540990767,7.639485189346768,1.6662961669921874,250.5265655517578,237.47378540039062,160.79544067382812,159.7989501953125,True
1807,60.233333333333334,0.8319145441055298,26.852408074773848,107,unknown,173.0768947074093,STOPPED,False,,0.35819668034131724,,,21.827100540990767,7.639485189346768,1.6638981628417968,250.47357177734375,237.46678161621094,160.79544067382812,159.735595703125,True
1808,60.266666666666666,0.8499351739883423,26.873558992519975,107,unknown,173.0768947074093,STOPPED,False,,0.35819668034131724,,,21.827100540990767,7.639485189346768,1.5581597534179688,250.36795043945312,237.61810302734375,160.79544067382812,159.6715850830078,True
1809,60.3,0.845421552658081,27.54670102149248,107,unknown,173.0768947074093,STOPPED,False,,0.35819668034131724,,,21.827100540990767,7.639485189346768,1.7643541763305663,250.36795043945312,237.59132385253906,160.79544067382812,160.162841796875,True
1810,60.333333333333336,0.8530767560005188,28.3151229377836,107,unknown,173.0768947074093,STOPPED,False,,0.35819668034131724,,,21.827100540990767,7.639485189346768,1.7275131408691404,250.36795043945312,237.50930786132812,160.79544067382812,160.27322387695312,True
1811,60.36666666666667,0.8673369884490967,26.776202954351902,107,unknown,173.0768947074093,STOPPED,False,,0.35819668034131724,,,21.827100540990767,7.639485189346768,1.7478056854248045,250.36795043945312,236.37612915039062,160.79544067382812,160.06996154785156,True
1812,60.4,0.8524836897850037,28.46677601337433,107,unknown,173.0768947074093,STOPPED,False,,0.35819668034131724,,,21.827100540990767,7.639485189346768,1.610418145751953,250.36795043945312,236.18716430664062,160.81124877929688,160.7291259765625,True
1813,60.43333333333333,0.9016683101654053,26.92865999415517,107,unknown,173.0768947074093,STOPPED,False,,0.35819668034131724,,,21.827100540990767,7.639485189346768,1.6048303436279296,250.36795043945312,236.5525360107422,161.02618408203125,161.89486694335938,True
1814,60.46666666666667,0.8747407793998718,26.77651704289019,107,unknown,173.0768947074093,STOPPED,False,,0.35819668034131724,,,21.827100540990767,7.639485189346768,1.6141508880615234,250.36795043945312,236.02041625976562,161.19137573242188,162.36495971679688,True
1815,60.5,0.8406786918640137,28.44618505332619,107,unknown,173.0768947074093,STOPPED,False,,0.35819668034131724,,,21.827100540990767,7.639485189346768,1.5644941040039062,250.36795043945312,235.84698486328125,161.3491668701172,162.67762756347656,True
1816,60.53333333333333,0.8484551906585693,27.21568604465574,107,unknown,173.0768947074093,STOPPED,False,,0.35819668034131724,,,21.827100540990767,7.639485189346768,1.6141282653808593,250.36795043945312,235.48281860351562,161.4746551513672,163.14791870117188,True
1817,60.56666666666667,0.8435325026512146,26.483949972316623,107,unknown,173.0768947074093,STOPPED,False,,0.35819668034131724,,,21.827100540990767,7.639485189346768,1.7346619079589842,250.36795043945312,235.362060546875,161.73912048339844,162.63226318359375,True
1818,60.6,0.9013253450393677,28.15465594176203,107,unknown,173.0768947074093,STOPPED,False,,0.35819668034131724,,,21.827100540990767,7.639485189346768,1.991859164428711,250.19265747070312,233.6389617919922,161.73912048339844,161.17422485351562,True
1819,60.63333333333333,0.8734362721443176,27.400339022278786,107,unknown,173.0768947074093,STOPPED,False,,0.35819668034131724,,,21.827100540990767,7.639485189346768,2.010047799682617,249.95274353027344,232.44036865234375,161.73912048339844,161.1639404296875,True
1820,60.666666666666664,0.8516843318939209,26.676901965402067,107,unknown,173.0768947074093,STOPPED,False,,0.35819668034131724,,,21.827100540990767,7.639485189346768,2.0477371856689452,249.64013671875,232.50045776367188,161.73912048339844,160.68594360351562,True
1821,60.7,0.8468590974807739,27.49532589223236,107,unknown,173.0768947074093,STOPPED,False,,0.35819668034131724,,,21.827100540990767,9.723250772094726,3.241083590698242,249.5199432373047,232.7579345703125,161.73912048339844,160.37547302246094,True
1822,60.733333333333334,0.8354608416557312,26.87725389841944,107,unknown,173.0768947074093,STOPPED,False,,0.35819668034131724,,,21.827100540990767,11.064968028259276,3.6883226760864254,249.4495391845703,233.09707641601562,161.73912048339844,160.58914184570312,True
