frame_idx,timestamp,best_conf,infer_ms,jump_count,single_count,double_count,jump_type,spm,state,cycle_ok,dt,expected_dt,hip_amp,shoulder_amp,amp_ewma,lift_th,lift_noise_sigma,ground_y,hip_y,shoulder_ground_y,shoulder_y,ankle_distance,is_airborne
0,0.0,0.8853106498718262,16.894538886845112,0,0,0,unknown,0.0,IDLE,False,,,,,,,,,194.51763916015625,,92.96179962158203,29.318090438842773,False
1,0.03333333333333333,0.8703742027282715,11.996550019830465,0,0,0,unknown,0.0,IDLE,False,,,,,,,,,200.759521484375,,99.04133605957031,28.27606201171875,False
2,0.06666666666666667,0.88216233253479,11.983774602413177,0,0,0,unknown,0.0,IDLE,False,,,,,,,,,213.17416381835938,,107.12710571289062,30.823938369750977,False
3,0.1,0.8707602024078369,11.089703999459743,0,0,0,unknown,0.0,IDLE,False,,,,,,,,,220.786376953125,,114.40841674804688,30.678302764892578,False
4,0.13333333333333333,0.8718008399009705,11.963209602981806,0,0,0,single,0.0,IDLE,False,,,,,,,,,222.86968994140625,,116.57388305664062,31.945995330810547,False
5,0.16666666666666666,0.9055233001708984,11.089119128882885,0,0,0,single,0.0,IDLE,False,,,,,,,,,225.1565399169922,,118.11707305908203,32.39482498168945,False
6,0.2,0.8787668943405151,11.926562059670687,0,0,0,single,0.0,IDLE,False,,,,,,,,,221.66749572753906,,115.04251098632812,34.77652359008789,False
7,0.23333333333333334,0.886721670627594,12.581640854477882,0,0,0,unknown,0.0,IDLE,False,,,,,,,,,,,,0.0,False
8,0.26666666666666666,0.9130392074584961,11.961914133280516,0,0,0,single,0.0,IDLE,False,,,,,,,,,209.8828887939453,,105.71614074707031,33.72595977783203,False
9,0.3,0.902247428894043,11.005475651472807,0,0,0,single,0.0,IDLE,False,,,,,,,,,201.62393188476562,,98.54360961914062,33.84107971191406,False
10,0.3333333333333333,0.9072238206863403,12.265906669199467,0,0,0,single,0.0,IDLE,False,,,,,,27.383620171546937,15.49908130645752,223.09837341308594,196.4052734375,116.72820281982422,94.28521728515625,33.602020263671875,False
11,0.36666666666666664,0.9024189710617065,11.3538708537817,0,0,0,single,0.0,IDLE,False,,,,,,26.948043808937076,17.471858239746094,222.86968994140625,194.42047119140625,116.57388305664062,92.51471710205078,30.295207977294922,True
12,0.4,0.8704031109809875,14.540010131895542,0,0,0,single,0.0,IDLE,False,,,,,,27.061893441677096,15.97570725402832,222.7494659423828,195.43826293945312,116.42074584960938,93.92111206054688,30.777097702026367,True
13,0.43333333333333335,0.8794060349464417,12.20366870984435,1,1,0,single,0.0,JUMPING,True,,,28.208786010742188,23.752891540527344,28.208786010742188,26.23971163749695,10.67985082397461,222.62925720214844,200.79913330078125,116.26760864257812,98.32467651367188,28.959489822387695,False
14,0.4666666666666667,0.8637410402297974,12.189865112304688,1,1,0,single,0.0,JUMPING,False,,,,,28.208786010742188,25.374226789474488,13.199089920043944,222.509033203125,208.0249481201172,116.11447143554688,105.67074584960938,29.79350471496582,False
15,0.5,0.8587725162506104,11.198400985449553,1,1,0,unknown,0.0,JUMPING,False,,,,,,,,,,,,0.0,False
16,0.5333333333333333,0.8640998005867004,12.135575991123915,1,1,0,unknown,0.0,JUMPING,False,,,,,,,,,,,,0.0,False
17,0.5666666666666667,0.8906602263450623,11.380959767848253,1,1,0,single,0.0,JUMPING,False,,,,,28.208786010742188,25.115987985134126,18.66101944885254,223.48541259765625,223.89590454101562,115.96133422851562,112.75685119628906,31.195640563964844,False
18,0.6,0.8739335536956787,12.764357961714268,1,1,0,single,0.0,JUMPING,False,,,,,28.208786010742188,9.873075103759765,2.3050928009033202,223.38279724121094,220.57577514648438,115.80819702148438,111.74343872070312,27.599672317504883,False
19,0.6333333333333333,0.8636645078659058,10.833621956408024,1,1,0,unknown,0.0,JUMPING,False,,,,,,,,,,,,0.0,False
20,0.6666666666666666,0.895972490310669,11.665930971503258,1,1,0,single,0.0,JUMPING,False,,,,,28.208786010742188,9.873075103759765,2.3050928009033202,223.28018188476562,210.43295288085938,115.65505981445312,104.08781433105469,28.986635208129883,True
21,0.7,0.9090576767921448,14.223745092749596,1,1,0,single,0.0,JUMPING,False,,,,,28.208786010742188,9.873075103759765,2.3050928009033202,223.17755126953125,201.3388671875,115.50192260742188,97.7876205444336,32.97219467163086,True
22,0.7333333333333333,0.9119940400123596,15.843136701732874,1,1,0,single,0.0,JUMPING,False,,,,,28.208786010742188,9.873075103759765,2.3050928009033202,223.07493591308594,195.55247497558594,115.34878540039062,94.15011596679688,32.954246520996094,True
23,0.7666666666666667,0.8911461234092712,16.405256930738688,1,1,0,single,0.0,JUMPING,False,,,,,28.208786010742188,9.873075103759765,2.3050928009033202,222.97230529785156,194.81781005859375,115.19564819335938,92.4339599609375,34.40087127685547,True
24,0.8,0.8776785135269165,15.324179083108902,1,1,0,single,0.0,JUMPING,False,,,,,28.208786010742188,9.873075103759765,2.3050928009033202,222.86968994140625,193.77191162109375,115.04251098632812,93.58790588378906,32.829891204833984,True
25,0.8333333333333334,0.8720048069953918,14.970827847719193,1,1,0,single,0.0,JUMPING,False,,,,,28.208786010742188,9.873075103759765,2.3050928009033202,222.7494659423828,199.6900634765625,114.9791030883789,98.33897399902344,33.231300354003906,True
26,0.8666666666666667,0.8435456156730652,13.452906627207994,1,1,0,unknown,0.0,JUMPING,False,,,,,,,,,,,,0.0,False
27,0.9,0.8818812966346741,11.90634397789836,1,1,0,single,0.0,JUMPING,False,,,,,28.208786010742188,9.873075103759765,2.3050928009033202,222.62925720214844,212.10501098632812,114.91569519042969,109.15890502929688,32.07893371582031,True
28,0.9333333333333333,0.8903189897537231,12.258301954716444,2,2,0,single,120.0,JUMPING,True,0.5,0.5,29.243240356445312,22.836669921875,28.46739959716797,9.873075103759765,1.782373141479492,223.01515197753906,223.07749938964844,115.2706298828125,115.36839294433594,30.878610610961914,False
29,0.9666666666666667,0.8901398777961731,11.271716095507145,2,2,0,single,120.0,JUMPING,False,,0.5,,,28.46739959716797,9.963589859008788,2.5864284576416012,223.56854248046875,228.38943481445312,116.09168243408203,118.84201049804688,30.119718551635742,False
30,1.0,0.8806556463241577,12.008047197014093,2,2,0,single,120.0,JUMPING,False,,0.5,,,28.46739959716797,9.963589859008788,3.0823854858398434,224.52621459960938,228.54940795898438,116.4483413696289,116.32279968261719,30.392574310302734,False
31,1.0333333333333334,0.9090903997421265,12.175234965980053,2,2,0,single,120.0,JUMPING,False,,0.5,,,28.46739959716797,9.963589859008788,3.0823854858398434,224.40016174316406,217.73141479492188,116.42323303222656,109.13584899902344,27.723236083984375,False
32,1.0666666666666667,0.8890760540962219,12.34854618087411,2,2,0,single,120.0,JUMPING,False,,0.5,,,28.46739959716797,9.963589859008788,3.0823854858398434,224.2740936279297,206.25588989257812,116.39812469482422,101.61320495605469,27.61374855041504,True
33,1.1,0.9047201871871948,11.16167614236474,2,2,0,single,120.0,JUMPING,False,,0.5,,,28.46739959716797,9.963589859008788,3.0823854858398434,224.1480255126953,198.16746520996094,116.37301635742188,95.0799560546875,32.12099838256836,True
34,1.1333333333333333,0.8901355266571045,12.015318963676691,2,2,0,single,120.0,JUMPING,False,,0.5,,,28.46739959716797,9.963589859008788,3.239601805114746,224.02197265625,193.11135864257812,116.34790802001953,91.67316436767578,31.829572677612305,True
35,1.1666666666666667,0.8754562735557556,11.292784009128809,2,2,0,unknown,0.0,JUMPING,False,,,,,,,,,,,,0.0,False
36,1.2,0.8690364956855774,12.708768248558044,2,2,0,single,120.0,JUMPING,False,,0.5,,,28.46739959716797,9.963589859008788,3.239601805114746,223.89590454101562,194.62930297851562,116.32279968261719,92.04298400878906,29.647411346435547,True
37,1.2333333333333334,0.8754777312278748,11.67372427880764,2,2,0,single,120.0,JUMPING,False,,0.5,,,28.46739959716797,9.963589859008788,3.239601805114746,223.81405639648438,198.5996551513672,116.22735595703125,96.08443450927734,27.556549072265625,True
38,1.2666666666666666,0.870201587677002,12.224670965224504,2,2,0,single,120.0,JUMPING,False,,0.5,,,28.46739959716797,9.963589859008788,3.239601805114746,223.7322235107422,207.25137329101562,116.13191986083984,103.75282287597656,32.330360412597656,True
39,1.3,0.8616651296615601,10.947796050459146,3,3,0,single,138.46154671448977,JUMPING,True,0.3666666666666667,0.4706666666666667,30.539016723632812,24.363311767578125,28.98530387878418,9.963589859008788,3.239601805114746,223.65037536621094,217.20492553710938,116.0364761352539,112.68529510498047,33.01542282104492,False
40,1.3333333333333333,0.9031603336334229,12.057955842465162,3,3,0,single,138.46154671448977,JUMPING,False,,0.4706666666666667,,,28.98530387878418,10.144856357574461,3.0823854858398434,223.63311767578125,223.2389373779297,116.47344970703125,117.96014404296875,34.10432815551758,False
41,1.3666666666666667,0.8936058282852173,11.527882888913155,3,3,0,single,138.46154671448977,JUMPING,False,,0.4706666666666667,,,28.98530387878418,10.144856357574461,2.843037524414062,224.52621459960938,226.881103515625,117.26701354980469,120.50150299072266,31.360355377197266,False
42,1.4,0.8080604076385498,13.839561957865953,3,3,0,unknown,0.0,JUMPING,False,,,,,,,,,,,,0.0,False
43,1.4333333333333333,0.8799374103546143,13.81288468837738,3,3,0,single,138.46154671448977,JUMPING,False,,0.4706666666666667,,,28.98530387878418,10.144856357574461,3.239601805114746,224.40016174316406,219.61453247070312,117.12838745117188,114.23157501220703,27.556194305419922,False
44,1.4666666666666666,0.9132748246192932,12.354115024209023,3,3,0,single,138.46154671448977,JUMPING,False,,0.4706666666666667,,,28.98530387878418,10.144856357574461,3.239601805114746,224.2740936279297,205.01242065429688,116.98976135253906,105.37066650390625,27.96068572998047,True
45,1.5,0.8737404346466064,11.255710385739803,3,3,0,single,138.46154671448977,JUMPING,False,,0.4706666666666667,,,28.98530387878418,10.144856357574461,3.239601805114746,224.1480255126953,195.78582763671875,116.85113525390625,97.61474609375,28.984851837158203,True
46,1.5333333333333334,0.8789368867874146,12.143644038587809,3,3,0,single,138.46154671448977,JUMPING,False,,0.4706666666666667,,,28.98530387878418,10.196698233032226,3.398899411010742,224.02197265625,190.53671264648438,116.71250915527344,93.11245727539062,28.62697410583496,True
47,1.5666666666666667,0.8933854699134827,11.720872949808836,3,3,0,single,138.46154671448977,JUMPING,False,,0.4706666666666667,,,28.98530387878418,10.196698233032226,3.398899411010742,223.89590454101562,188.1152801513672,116.57388305664062,90.23574829101562,33.21485137939453,True
48,1.6,0.8789136409759521,13.161023147404194,3,3,0,single,138.46154671448977,JUMPING,False,,0.4706666666666667,,,28.98530387878418,10.196698233032226,3.398899411010742,223.8302001953125,188.80455017089844,116.54877471923828,89.69124603271484,35.3731575012207,True
49,1.6333333333333333,0.8765708208084106,12.254827190190554,3,3,0,single,138.46154671448977,JUMPING,False,,0.4706666666666667,,,28.98530387878418,10.196698233032226,3.398899411010742,223.76451110839844,192.998291015625,116.52366638183594,92.66129302978516,34.63176345825195,True
50,1.6666666666666667,0.869166910648346,12.636930216103792,3,3,0,single,138.46154671448977,JUMPING,False,,0.4706666666666667,,,28.98530387878418,10.196698233032226,3.398899411010742,223.69882202148438,202.22079467773438,116.4985580444336,99.22758483886719,33.434112548828125,True
51,1.7,0.838988184928894,11.446875985711813,3,3,0,single,138.46154671448977,JUMPING,False,,0.4706666666666667,,,28.98530387878418,10.196698233032226,3.398899411010742,223.63311767578125,211.57293701171875,116.47344970703125,107.6577377319336,31.61261749267578,True
52,1.7333333333333334,0.8723053932189941,14.004123862832785,4,4,0,single,138.46154671448977,JUMPING,True,0.43333333333333335,0.4624533333333333,35.51783752441406,26.782203674316406,30.61843729019165,10.196698233032226,3.398899411010742,223.63311767578125,216.0863037109375,116.47344970703125,112.696044921875,29.005319595336914,False
53,1.7666666666666666,0.8928616642951965,11.21000200510025,4,4,0,single,138.46154671448977,JUMPING,False,,0.4624533333333333,,,30.61843729019165,10.716453051567077,3.239601805114746,224.57797241210938,225.03268432617188,117.21461486816406,117.64176940917969,28.469003677368164,False
54,1.8,0.8811289072036743,12.123059947043657,4,4,0,single,138.46154671448977,JUMPING,False,,0.4624533333333333,,,30.61843729019165,10.90849825744629,3.6361660858154297,225.10699462890625,229.3843994140625,117.83279418945312,118.94821166992188,28.424253463745117,False
55,1.8333333333333333,0.8963630795478821,11.062599252909422,4,4,0,unknown,0.0,JUMPING,False,,,,,,,,,,,,0.0,False
57,1.9,0.8862630724906921,11.068850290030241,4,4,0,unknown,0.0,JUMPING,False,,,,,,,,,,,,0.0,False
58,1.9333333333333333,0.9024941921234131,12.183068320155144,4,4,0,unknown,0.0,JUMPING,False,,,,,,,,,,,,0.0,False
59,1.9666666666666666,0.8908228874206543,11.10554113984108,4,4,0,single,138.46154671448977,JUMPING,False,,0.4624533333333333,,,30.61843729019165,10.878330912780761,3.6261103042602536,225.10699462890625,214.23822021484375,117.83279418945312,106.40999603271484,29.861722946166992,False
60,2.0,0.8850432634353638,12.448495253920555,4,4,0,single,138.46154671448977,JUMPING,False,,0.4624533333333333,,,30.61843729019165,13.277567999267577,4.425855999755859,225.10699462890625,206.00570678710938,117.83279418945312,98.47534942626953,30.48550796508789,True
61,2.033333333333333,0.8820104002952576,10.864373296499252,4,4,0,single,138.46154671448977,JUMPING,False,,0.4624533333333333,,,30.61843729019165,16.120628146362304,5.373542715454101,224.57797241210938,202.47671508789062,117.11418151855469,96.73715209960938,28.66860008239746,True
62,2.066666666666667,0.8647191524505615,12.254705186933279,4,4,0,single,138.46154671448977,JUMPING,False,,0.4624533333333333,,,30.61843729019165,16.160127346801758,5.386709115600586,224.57797241210938,202.83517456054688,117.11418151855469,99.06480407714844,30.896697998046875,True
63,2.1,0.867607831954956,11.283552274107933,4,4,0,single,138.46154671448977,JUMPING,False,,0.4624533333333333,,,30.61843729019165,16.160127346801758,5.386709115600586,224.57797241210938,207.67575073242188,117.11418151855469,105.18600463867188,34.169734954833984,True
64,2.1333333333333333,0.8843987584114075,12.234397232532501,5,5,0,single,141.17646662834204,JUMPING,True,0.3999999999999999,0.4487136,22.10125732421875,20.377029418945312,28.489142298698425,16.160127346801758,5.386709115600586,224.57797241210938,212.42283630371094,117.11418151855469,109.41316223144531,33.880859375,False
65,2.1666666666666665,0.8876245021820068,11.226075701415539,5,5,0,single,141.17646662834204,JUMPING,False,,0.4487136,,,28.489142298698425,16.120628146362304,5.373542715454101,224.57797241210938,220.1025390625,117.11418151855469,114.72247314453125,33.54377365112305,False
66,2.2,0.8706037402153015,11.88912894576788,5,5,0,single,141.17646662834204,JUMPING,False,,0.4487136,,,28.489142298698425,14.022419760131836,4.674139920043945,225.6109161376953,225.99639892578125,117.57030487060547,117.46310424804688,31.475162506103516,False
67,2.2333333333333334,0.8805780410766602,11.279403232038021,5,5,0,single,141.17646662834204,JUMPING,False,,0.4487136,,,28.489142298698425,13.277567999267577,4.425855999755859,225.6109161376953,221.60313415527344,117.57030487060547,114.40331268310547,29.251630783081055,False
68,2.2666666666666666,0.9026694297790527,12.614533305168152,5,5,0,single,141.17646662834204,JUMPING,False,,0.4487136,,,28.489142298698425,13.277567999267577,4.425855999755859,225.6109161376953,214.55691528320312,117.57030487060547,108.07879638671875,28.833805084228516,False
69,2.3,0.8962069153785706,11.372283101081848,5,5,0,single,141.17646662834204,JUMPING,False,,0.4487136,,,28.489142298698425,13.277567999267577,4.425855999755859,225.6109161376953,205.5357208251953,117.57030487060547,100.7401123046875,31.4825382232666,True
70,2.3333333333333335,0.9015685319900513,13.009398709982634,5,5,0,single,141.17646662834204,JUMPING,False,,0.4487136,,,28.489142298698425,14.022419760131836,4.674139920043945,225.6109161376953,199.80288696289062,117.57030487060547,96.30271911621094,32.505096435546875,True
71,2.3666666666666667,0.9062840938568115,24.823525920510292,5,5,0,single,141.17646662834204,JUMPING,False,,0.4487136,,,28.489142298698425,14.930154821777343,4.976718273925781,225.6109161376953,194.37921142578125,117.57030487060547,92.47676849365234,30.845468521118164,True
72,2.4,0.8905616402626038,17.661438323557377,5,5,0,single,141.17646662834204,JUMPING,False,,0.4487136,,,28.489142298698425,14.930154821777343,4.976718273925781,225.6109161376953,192.64028930664062,117.57030487060547,91.70762634277344,29.930221557617188,True
73,2.433333333333333,0.8738458156585693,14.586574863642454,5,5,0,single,141.17646662834204,JUMPING,False,,0.4487136,,,28.489142298698425,14.930154821777343,4.976718273925781,225.6109161376953,192.63677978515625,117.57030487060547,92.94639587402344,30.88506507873535,True
74,2.466666666666667,0.8757016658782959,14.582070987671614,5,5,0,single,141.17646662834204,JUMPING,False,,0.4487136,,,28.489142298698425,14.930154821777343,4.976718273925781,225.6109161376953,198.59420776367188,117.57030487060547,97.23454284667969,29.99669075012207,True
75,2.5,0.8845393657684326,11.00065978243947,5,5,0,single,141.17646662834204,JUMPING,False,,0.4487136,,,28.489142298698425,14.930154821777343,4.976718273925781,225.6109161376953,207.54476928710938,117.57030487060547,104.685302734375,31.604084014892578,True
76,2.533333333333333,0.8769325613975525,12.30493700131774,6,6,0,single,142.8571473173545,JUMPING,True,0.3999999999999999,0.43799660799999995,32.97413635253906,25.86267852783203,29.610390812158585,14.930154821777343,4.976718273925781,225.6109161376953,212.84776306152344,117.57030487060547,109.09345245361328,34.2813720703125,False
77,2.566666666666667,0.8796330690383911,10.930756106972694,6,6,0,single,142.8571473173545,JUMPING,False,,0.43799660799999995,,,29.610390812158585,15.074849487304686,5.024949829101562,225.6109161376953,220.03273010253906,117.57030487060547,115.072998046875,33.706260681152344,False
78,2.6,0.8820037245750427,11.848249938338995,6,6,0,single,142.8571473173545,JUMPING,False,,0.43799660799999995,,,29.610390812158585,15.25395325012207,5.084651083374023,226.5272216796875,228.62619018554688,117.83279418945312,118.48307800292969,35.792598724365234,False
79,2.6333333333333333,0.8585782051086426,12.037734966725111,6,6,0,unknown,0.0,JUMPING,False,,,,,,,,,,,,0.0,False
80,2.6666666666666665,0.8857848644256592,12.230112683027983,6,6,0,single,142.8571473173545,JUMPING,False,,0.43799660799999995,,,29.610390812158585,15.25395325012207,5.084651083374023,226.5272216796875,224.34896850585938,117.83279418945312,112.08690643310547,31.937522888183594,False
81,2.7,0.9126318097114563,10.999832767993212,6,6,0,single,142.8571473173545,JUMPING,False,,0.43799660799999995,,,29.610390812158585,15.447818312072755,5.149272770690918,225.6109161376953,214.4877471923828,117.57030487060547,104.24896240234375,31.025436401367188,False
82,2.7333333333333334,0.9074806571006775,12.149665039032698,6,6,0,single,142.8571473173545,JUMPING,False,,0.43799660799999995,,,29.610390812158585,15.074849487304686,5.024949829101562,224.7592010498047,206.36093139648438,117.57030487060547,99.10871887207031,30.50555992126465,True
83,2.7666666666666666,0.905262291431427,12.15673703700304,6,6,0,single,142.8571473173545,JUMPING,False,,0.43799660799999995,,,29.610390812158585,12.212922024536132,4.070974008178711,224.7592010498047,199.62106323242188,117.57030487060547,93.84709167480469,27.28669548034668,True
84,2.8,0.9065471887588501,12.37169886007905,6,6,0,single,142.8571473173545,JUMPING,False,,0.43799660799999995,,,29.610390812158585,12.212922024536132,4.070974008178711,224.7592010498047,196.00738525390625,117.57030487060547,91.26988220214844,26.310543060302734,True
85,2.8333333333333335,0.8934106230735779,11.273249983787537,6,6,0,single,142.8571473173545,JUMPING,False,,0.43799660799999995,,,29.610390812158585,12.212922024536132,4.070974008178711,224.7592010498047,195.155517578125,117.57030487060547,91.53443908691406,27.920574188232422,True
86,2.8666666666666667,0.8708488941192627,12.11101608350873,6,6,0,single,142.8571473173545,JUMPING,False,,0.43799660799999995,,,29.610390812158585,12.212922024536132,4.070974008178711,224.7592010498047,198.416748046875,117.57030487060547,95.05952453613281,31.476825714111328,True
87,2.9,0.8560285568237305,11.400314047932625,6,6,0,single,142.8571473173545,JUMPING,False,,0.43799660799999995,,,29.610390812158585,12.212922024536132,4.070974008178711,224.7592010498047,200.46640014648438,117.57030487060547,97.14247131347656,31.45825958251953,True
88,2.933333333333333,0.8545956015586853,12.037435080856085,6,6,0,single,142.8571473173545,JUMPING,False,,0.43799660799999995,,,29.610390812158585,12.212922024536132,4.070974008178711,224.7592010498047,204.1782684326172,117.57030487060547,102.05937194824219,31.46665382385254,True
89,2.966666666666667,0.8499320149421692,11.147982906550169,6,6,0,single,142.8571473173545,JUMPING,False,,0.43799660799999995,,,29.610390812158585,12.212922024536132,4.070974008178711,224.7592010498047,212.36021423339844,117.57030487060547,109.34793853759766,32.59771728515625,True
90,3.0,0.8956464529037476,12.55115820094943,7,7,0,single,145.161292694982,JUMPING,True,0.4666666666666668,0.44430402090666665,29.603683471679688,26.30042266845703,29.60871397703886,12.212922024536132,4.070974008178711,224.7592010498047,217.13575744628906,117.57030487060547,114.45841217041016,34.63129425048828,False
91,3.033333333333333,0.8771545886993408,11.303567793220282,7,7,0,single,145.161292694982,JUMPING,False,,0.44430402090666665,,,29.60871397703886,18.887268878173828,6.295756292724609,224.7592010498047,218.803466796875,116.51676940917969,115.0972671508789,35.38323211669922,False
92,3.066666666666667,0.8845064640045166,12.145544867962599,7,7,0,single,145.161292694982,JUMPING,False,,0.44430402090666665,,,29.60871397703886,13.195651272583007,4.398550424194336,223.25062561035156,218.25991821289062,115.08756256103516,114.51209259033203,33.21408462524414,False
93,3.1,0.8754612803459167,11.062677018344402,7,7,0,single,145.161292694982,JUMPING,False,,0.44430402090666665,,,29.60871397703886,16.041460075378417,5.347153358459472,223.25062561035156,214.87576293945312,115.08756256103516,109.07969665527344,31.64755630493164,False
94,3.1333333333333333,0.8911598920822144,12.240624986588955,7,7,0,single,145.161292694982,JUMPING,False,,0.44430402090666665,,,29.60871397703886,16.041460075378417,5.347153358459472,223.25062561035156,208.2308349609375,115.08756256103516,102.39285278320312,34.09037780761719,False
95,3.1666666666666665,0.8842178583145142,11.460113804787397,7,7,0,unknown,0.0,JUMPING,False,,,,,,,,,,,,0.0,False
96,3.2,0.8821313381195068,12.19920301809907,7,7,0,single,145.161292694982,JUMPING,False,,0.44430402090666665,,,29.60871397703886,16.041460075378417,5.347153358459472,223.25062561035156,200.99578857421875,115.08756256103516,96.01476287841797,35.284889221191406,True
97,3.2333333333333334,0.8809041976928711,11.020448990166187,7,7,0,single,145.161292694982,JUMPING,False,,0.44430402090666665,,,29.60871397703886,16.041460075378417,5.347153358459472,223.25062561035156,198.21017456054688,115.08756256103516,93.73490905761719,36.07415771484375,True
98,3.2666666666666666,0.8864011168479919,12.12369417771697,7,7,0,single,145.161292694982,JUMPING,False,,0.44430402090666665,,,29.60871397703886,16.041460075378417,5.347153358459472,223.25062561035156,197.048583984375,115.08756256103516,92.93075561523438,36.02431106567383,True
99,3.3,0.8505616188049316,11.272808071225882,7,7,0,single,145.161292694982,JUMPING,False,,0.44430402090666665,,,29.60871397703886,14.869955868530273,4.956651956176757,223.25062561035156,200.04525756835938,115.08756256103516,95.57466125488281,35.421913146972656,True
100,3.3333333333333335,0.8561314344406128,12.015783227980137,7,7,0,single,145.161292694982,JUMPING,False,,0.44430402090666665,,,29.60871397703886,14.869955868530273,4.956651956176757,223.25062561035156,206.24700927734375,115.08756256103516,101.57742309570312,35.47853469848633,True
101,3.3666666666666667,0.8899911642074585,10.862783994525671,8,8,0,single,145.161292694982,JUMPING,True,0.3666666666666667,0.42722380297386664,26.202041625976562,22.15680694580078,28.757045889273286,14.869955868530273,4.956651956176757,223.25062561035156,214.51893615722656,115.08756256103516,109.48503112792969,34.086910247802734,False
102,3.4,0.8993514776229858,11.807661037892103,8,8,0,single,145.161292694982,JUMPING,False,,0.42722380297386664,,,28.757045889273286,13.541438946533203,4.513812982177734,223.25062561035156,218.3152313232422,115.08756256103516,114.2603988647461,35.76713943481445,False
103,3.433333333333333,0.902407705783844,11.21581718325615,8,8,0,single,145.161292694982,JUMPING,False,,0.42722380297386664,,,28.757045889273286,10.064966061245649,2.731869671630859,223.25062561035156,219.7437286376953,116.21851348876953,116.96601867675781,35.533382415771484,False
104,3.466666666666667,0.8837015628814697,12.13094312697649,8,8,0,single,145.161292694982,JUMPING,False,,0.42722380297386664,,,28.757045889273286,12.45236047668457,4.150786825561523,221.00289916992188,218.41310119628906,115.08756256103516,114.47898864746094,31.74601173400879,False
105,3.5,0.8803166151046753,11.026843916624784,8,8,0,single,145.161292694982,JUMPING,False,,0.42722380297386664,,,28.757045889273286,14.961000846862792,4.987000282287597,220.07461547851562,213.74093627929688,114.93278503417969,108.7337646484375,29.60467529296875,False
106,3.533333333333333,0.8929029703140259,12.03430024906993,8,8,0,single,145.161292694982,JUMPING,False,,0.42722380297386664,,,28.757045889273286,14.188628594970703,4.7295428649902345,220.07461547851562,207.79360961914062,114.93278503417969,101.86564636230469,32.08280944824219,False
107,3.566666666666667,0.8902324438095093,11.32133323699236,8,8,0,single,145.161292694982,JUMPING,False,,0.42722380297386664,,,28.757045889273286,14.188628594970703,4.7295428649902345,220.07461547851562,203.0060272216797,114.93278503417969,97.12548828125,34.34077072143555,True
108,3.6,0.875632107257843,12.182324193418026,8,8,0,single,145.161292694982,JUMPING,False,,0.42722380297386664,,,28.757045889273286,14.188628594970703,4.7295428649902345,220.07461547851562,200.97061157226562,114.93278503417969,94.14976501464844,32.7137451171875,True
109,3.6333333333333333,0.870435357093811,11.383255012333393,8,8,0,single,145.161292694982,JUMPING,False,,0.42722380297386664,,,28.757045889273286,14.188628594970703,4.7295428649902345,220.07461547851562,199.991943359375,114.93278503417969,95.2551040649414,28.288663864135742,True
110,3.6666666666666665,0.8707925081253052,12.205935083329678,8,8,0,single,145.161292694982,JUMPING,False,,0.42722380297386664,,,28.757045889273286,14.188628594970703,4.7295428649902345,220.07461547851562,199.99085998535156,114.93278503417969,96.53173828125,25.749839782714844,True
111,3.7,0.8712611794471741,11.019684839993715,8,8,0,unknown,0.0,JUMPING,False,,,,,,,,,,,,0.0,False
112,3.7333333333333334,0.88019859790802,11.8449074216187,9,9,0,single,149.99999776482585,JUMPING,True,0.3666666666666667,0.4139012329862827,20.083755493164062,20.78302001953125,26.58872329024598,14.188628594970703,4.7295428649902345,220.07461547851562,206.44403076171875,114.93278503417969,104.69204711914062,27.47467803955078,False
113,3.7666666666666666,0.911185622215271,11.746603064239025,9,9,0,single,149.99999776482585,JUMPING,False,,0.4139012329862827,,,26.58872329024598,14.961000846862792,4.987000282287597,219.91712951660156,211.35614013671875,114.8486328125,110.26535034179688,29.34265899658203,False
114,3.8,0.8422462940216064,12.09999481216073,9,9,0,single,149.99999776482585,JUMPING,False,,0.4139012329862827,,,26.58872329024598,12.556809393310544,4.185603131103515,219.3676300048828,215.9568328857422,114.49884796142578,112.13447570800781,23.691041946411133,False
115,3.8333333333333335,0.8959234356880188,11.082262266427279,9,9,0,single,149.99999776482585,JUMPING,False,,0.4139012329862827,,,26.58872329024598,9.597728828430174,3.1992429428100584,218.64732360839844,213.899658203125,114.49884796142578,108.7834243774414,27.423023223876953,False
116,3.8666666666666667,0.8985785841941833,11.92318880930543,9,9,0,single,149.99999776482585,JUMPING,False,,0.4139012329862827,,,26.58872329024598,11.639097729492187,3.8796992431640622,218.64732360839844,210.2201385498047,114.49884796142578,105.76585388183594,27.621318817138672,False
117,3.9,0.8819094300270081,11.050635017454624,9,9,0,single,149.99999776482585,JUMPING,False,,0.4139012329862827,,,26.58872329024598,11.639097729492187,3.8796992431640622,218.64732360839844,203.38717651367188,114.49884796142578,100.73439025878906,29.461130142211914,True
118,3.933333333333333,0.9040758013725281,12.10867427289486,9,9,0,single,149.99999776482585,JUMPING,False,,0.4139012329862827,,,26.58872329024598,11.639097729492187,3.8796992431640622,218.64732360839844,196.13665771484375,114.49884796142578,96.95518493652344,30.274002075195312,True
119,3.966666666666667,0.889828085899353,11.222457978874445,9,9,0,single,149.99999776482585,JUMPING,False,,0.4139012329862827,,,26.58872329024598,11.639097729492187,3.8796992431640622,218.64732360839844,195.1229248046875,114.49884796142578,95.23917388916016,30.048091888427734,True
120,4.0,0.8656572103500366,12.174369767308235,9,9,0,single,149.99999776482585,JUMPING,False,,0.4139012329862827,,,26.58872329024598,11.639097729492187,3.8796992431640622,218.64732360839844,194.34352111816406,114.49884796142578,96.53008270263672,29.326908111572266,True
121,4.033333333333333,0.8415573835372925,11.196441017091274,9,9,0,unknown,0.0,JUMPING,False,,,,,,,,,,,,0.0,False
122,4.066666666666666,0.8422741889953613,12.133345939218998,9,9,0,unknown,0.0,JUMPING,False,,,,,,,,,,,,0.0,False
123,4.1,0.8476449847221375,11.137762106955051,9,9,0,unknown,0.0,JUMPING,False,,,,,,,,,,,,0.0,False
124,4.133333333333334,0.8884386420249939,11.78710488602519,10,10,0,single,150.0000201165703,JUMPING,True,0.40000000000000036,0.41084296172930057,24.303802490234375,19.259674072265625,26.01749309024308,11.468579273986816,3.822859757995605,218.64732360839844,211.7491455078125,114.49884796142578,107.27899169921875,27.02455711364746,False
125,4.166666666666667,0.8861966729164124,11.025883257389069,10,10,0,single,150.0000201165703,JUMPING,False,,0.41084296172930057,,,26.01749309024308,11.599734265136718,3.866578088378906,218.64732360839844,215.29229736328125,114.49884796142578,112.07298278808594,28.92120361328125,False
126,4.2,0.8360837697982788,12.058984022587538,10,10,0,single,150.0000201165703,JUMPING,False,,0.41084296172930057,,,26.01749309024308,9.106122581585076,3.0288828460693358,218.64732360839844,215.89791870117188,114.49884796142578,110.93144226074219,30.98525047302246,False
127,4.233333333333333,0.895348846912384,11.311984155327082,10,10,0,unknown,0.0,JUMPING,False,,,,,,,,,,,,0.0,False
128,4.266666666666667,0.8992360830307007,12.023640796542168,10,10,0,single,150.0000201165703,JUMPING,False,,0.41084296172930057,,,26.01749309024308,10.052003567504883,3.3506678558349607,218.64732360839844,210.5764617919922,114.49884796142578,106.60923767089844,27.752546310424805,False
129,4.3,0.8921215534210205,10.981465689837933,10,10,0,single,150.0000201165703,JUMPING,False,,0.41084296172930057,,,26.01749309024308,9.85586492614746,3.28528830871582,218.3739471435547,204.32911682128906,114.47075653076172,102.01884460449219,27.909652709960938,True
130,4.333333333333333,0.8819195628166199,12.0093310251832,10,10,0,single,150.0000201165703,JUMPING,False,,0.41084296172930057,,,26.01749309024308,9.37183005065918,3.1239433502197262,218.29310607910156,201.23123168945312,114.37920379638672,99.66390991210938,28.504648208618164,True
131,4.366666666666666,0.8546268939971924,11.15176361054182,10,10,0,single,150.0000201165703,JUMPING,False,,0.41084296172930057,,,26.01749309024308,9.106122581585076,2.962621014404297,217.8102569580078,199.52365112304688,114.37920379638672,98.943603515625,29.983154296875,True
132,4.4,0.8389614820480347,12.080082669854164,10,10,0,single,150.0000201165703,JUMPING,False,,0.41084296172930057,,,26.01749309024308,9.37183005065918,3.1239433502197262,217.8102569580078,202.00143432617188,114.37920379638672,100.4039306640625,31.47195053100586,True
133,4.433333333333334,0.858514130115509,11.116059962660074,10,10,0,unknown,0.0,JUMPING,False,,,,,,,,,,,,0.0,False
134,4.466666666666667,0.8576556444168091,11.813272256404161,10,10,0,unknown,0.0,JUMPING,False,,,,,,,,,,,,0.0,False
135,4.5,0.8994645476341248,11.348648928105831,11,11,0,single,152.54236810408062,JUMPING,True,0.36666666666666625,0.40112417681552104,18.286605834960938,15.435600280761719,24.084771276422543,9.593826416015624,3.1979421386718747,217.8102569580078,212.3634033203125,114.37920379638672,109.12227630615234,31.13027572631836,False
136,4.533333333333333,0.8964482545852661,12.288885191082954,11,11,0,single,152.54236810408062,JUMPING,False,,0.40112417681552104,,,24.084771276422543,9.37183005065918,3.1239433502197262,218.02134704589844,217.66348266601562,114.47075653076172,115.10928344726562,30.259126663208008,False
137,4.566666666666666,0.8841251134872437,11.187077034264803,11,11,0,single,152.54236810408062,JUMPING,False,,0.40112417681552104,,,24.084771276422543,8.88786304321289,2.962621014404297,218.02134704589844,215.35574340820312,114.47075653076172,114.31121826171875,28.018033981323242,False
138,4.6,0.8936119675636292,12.027726974338293,11,11,0,single,152.54236810408062,JUMPING,False,,0.40112417681552104,,,24.084771276422543,8.723350909423829,2.9077836364746092,218.02134704589844,212.55914306640625,114.47075653076172,109.58619689941406,28.24188232421875,False
139,4.633333333333334,0.871965765953064,11.080015916377306,11,11,0,single,152.54236810408062,JUMPING,False,,0.40112417681552104,,,24.084771276422543,10.264362670898437,3.4214542236328125,218.02134704589844,212.7344970703125,114.47075653076172,103.49940490722656,29.916330337524414,False
140,4.666666666666667,0.876417875289917,12.34488096088171,11,11,0,single,152.54236810408062,JUMPING,False,,0.40112417681552104,,,24.084771276422543,9.231852214050292,3.0772840713500975,218.02134704589844,214.16824340820312,114.47075653076172,99.82685852050781,30.613574981689453,False
141,4.7,0.9035583734512329,11.2571120262146,11,11,0,single,152.54236810408062,JUMPING,False,,0.40112417681552104,,,24.084771276422543,9.231852214050292,3.0772840713500975,218.02134704589844,204.06886291503906,114.47075653076172,96.4522705078125,28.37236213684082,True
142,4.733333333333333,0.8689940571784973,11.985106859356165,11,11,0,single,152.54236810408062,JUMPING,False,,0.40112417681552104,,,24.084771276422543,8.42966994674789,2.6390488128662106,218.02134704589844,198.72122192382812,114.47075653076172,94.92262268066406,27.55890464782715,True
143,4.766666666666667,0.8646414279937744,10.94850990921259,11,11,0,single,152.54236810408062,JUMPING,False,,0.40112417681552104,,,24.084771276422543,8.723350909423829,2.9077836364746092,218.02134704589844,197.77078247070312,114.41188049316406,96.8516845703125,29.21320343017578,True
144,4.8,0.842876672744751,12.069106567651033,11,11,0,single,152.54236810408062,JUMPING,False,,0.40112417681552104,,,24.084771276422543,9.523922332763672,3.1746407775878906,216.98081970214844,200.7751007080078,114.2908935546875,101.2905502319336,28.881227493286133,True
145,4.833333333333333,0.8622717261314392,11.109823826700449,11,11,0,single,152.54236810408062,JUMPING,False,,0.40112417681552104,,,24.084771276422543,8.42966994674789,2.5187074630737305,215.9332733154297,205.84811401367188,113.41002655029297,107.83175659179688,34.35533905029297,True
146,4.866666666666666,0.8627936840057373,12.126171961426735,12,12,0,single,160.71427220060622,JUMPING,True,0.36666666666666625,0.393543524582773,18.162490844726562,18.54883575439453,22.604201168498548,8.42966994674789,2.6517627593994137,215.9332733154297,209.158935546875,113.4714584350586,112.28805541992188,31.990320205688477,False
147,4.9,0.8956174850463867,10.982278734445572,12,12,0,single,160.71427220060622,JUMPING,False,,0.393543524582773,,,22.604201168498548,10.0466419921875,3.3488806640625,216.98081970214844,217.74392700195312,114.2908935546875,116.51219177246094,26.645362854003906,False
148,4.933333333333334,0.8914548754692078,11.786796152591705,12,12,0,single,160.71427220060622,JUMPING,False,,0.393543524582773,,,22.604201168498548,10.584360488891601,3.528120162963867,217.7117462158203,220.01898193359375,114.41188049316406,116.92412567138672,25.748289108276367,False
149,4.966666666666667,0.8971314430236816,11.399833019822836,12,12,0,single,160.71427220060622,JUMPING,False,,0.393543524582773,,,22.604201168498548,10.264362670898437,3.4214542236328125,217.7117462158203,216.78456115722656,114.41188049316406,112.42589569091797,27.1591854095459,False
150,5.0,0.8810054063796997,12.143733911216259,12,12,0,single,160.71427220060622,JUMPING,False,,0.393543524582773,,,22.604201168498548,10.264362670898437,3.4214542236328125,217.7117462158203,209.5875244140625,114.41188049316406,106.12068176269531,27.021343231201172,False
151,5.033333333333333,0.8744997978210449,10.971513111144304,12,12,0,single,160.71427220060622,JUMPING,False,,0.393543524582773,,,22.604201168498548,10.264362670898437,3.4214542236328125,217.7117462158203,203.1730499267578,114.41188049316406,99.93942260742188,30.940746307373047,True
152,5.066666666666666,0.869921088218689,12.202396057546139,12,12,0,single,160.71427220060622,JUMPING,False,,0.393543524582773,,,22.604201168498548,10.264362670898437,3.4214542236328125,217.7117462158203,199.62591552734375,114.41188049316406,96.4959716796875,32.14854431152344,True
153,5.1,0.87271648645401,11.110072024166584,12,12,0,unknown,0.0,JUMPING,False,,,,,,,,,,,,0.0,False
154,5.133333333333334,0.8701735734939575,12.128429021686316,12,12,0,single,160.71427220060622,JUMPING,False,,0.393543524582773,,,22.604201168498548,9.23751919555664,3.0791730651855467,217.7117462158203,201.62716674804688,114.41188049316406,95.6768798828125,33.3117790222168,True
155,5.166666666666667,0.8654381036758423,11.569184716790915,12,12,0,single,160.71427220060622,JUMPING,False,,0.393543524582773,,,22.604201168498548,10.584360488891601,3.528120162963867,217.31192016601562,205.52392578125,114.41188049316406,97.7978515625,30.328205108642578,True
156,5.2,0.8748923540115356,12.553161941468716,13,13,0,single,163.63637338985154,JUMPING,True,0.3333333333333339,0.3802972825078964,16.827560424804688,17.880203247070312,21.160040982575083,8.02756774291992,2.6758559143066405,216.45347595214844,211.22845458984375,113.55708312988281,103.78840637207031,30.767845153808594,False
157,5.233333333333333,0.8989763855934143,10.947196744382381,13,13,0,single,163.63637338985154,JUMPING,False,,0.3802972825078964,,,21.160040982575083,8.02756774291992,2.6758559143066405,216.45347595214844,217.84130859375,112.37075805664062,112.0887451171875,28.868322372436523,False
158,5.266666666666667,0.8953553438186646,12.15061591938138,13,13,0,single,163.63637338985154,JUMPING,False,,0.3802972825078964,,,21.160040982575083,10.62216298828125,3.54072099609375,217.31192016601562,223.3947296142578,113.55708312988281,116.84735107421875,27.7321834564209,False
159,5.3,0.8890013694763184,11.837717145681381,13,13,0,single,163.63637338985154,JUMPING,False,,0.3802972825078964,,,21.160040982575083,8.643809564208984,2.881269854736328,217.7117462158203,222.28175354003906,114.79005432128906,118.5441665649414,29.237506866455078,False
160,5.333333333333333,0.8927735686302185,12.210872955620289,13,13,0,single,163.63637338985154,JUMPING,False,,0.3802972825078964,,,21.160040982575083,8.381771054077149,2.7939236846923827,217.80235290527344,218.7623291015625,115.23197937011719,115.31378173828125,27.11100959777832,False
161,5.366666666666666,0.9053441882133484,11.085423175245523,13,13,0,single,163.63637338985154,JUMPING,False,,0.3802972825078964,,,21.160040982575083,8.381771054077149,2.7939236846923827,217.80235290527344,209.80203247070312,115.23197937011719,108.62255859375,27.368314743041992,False
162,5.4,0.8850221037864685,11.889514978975058,13,13,0,single,163.63637338985154,JUMPING,False,,0.3802972825078964,,,21.160040982575083,8.381771054077149,2.7939236846923827,217.80235290527344,204.0733642578125,115.23197937011719,102.30900573730469,31.14282989501953,True
163,5.433333333333334,0.8733788132667542,11.085711885243654,13,13,0,single,163.63637338985154,JUMPING,False,,0.3802972825078964,,,21.160040982575083,8.381771054077149,2.7939236846923827,217.80235290527344,199.6880340576172,115.23197937011719,97.1129379272461,30.422481536865234,True
164,5.466666666666667,0.8787977695465088,12.289067730307579,13,13,0,single,163.63637338985154,JUMPING,False,,0.3802972825078964,,,21.160040982575083,8.381771054077149,2.7939236846923827,217.80235290527344,196.47222900390625,115.23197937011719,94.35419464111328,29.249797821044922,True
165,5.5,0.866605281829834,11.032463051378727,13,13,0,single,163.63637338985154,JUMPING,False,,0.3802972825078964,,,21.160040982575083,8.381771054077149,2.7939236846923827,217.80235290527344,195.28817749023438,115.23197937011719,93.87371826171875,31.06692886352539,True
166,5.533333333333333,0.8312191963195801,11.893369723111391,13,13,0,single,163.63637338985154,JUMPING,False,,0.3802972825078964,,,21.160040982575083,10.216787173461913,3.4055957244873043,217.80235290527344,197.21746826171875,115.23197937011719,96.24449157714844,31.00853157043457,True
167,5.566666666666666,0.8392205238342285,11.094095185399055,13,13,0,single,163.63637338985154,JUMPING,False,,0.3802972825078964,,,21.160040982575083,8.796716262817382,2.932238754272461,217.80235290527344,201.42584228515625,115.23197937011719,101.29483032226562,29.150962829589844,True
168,5.6,0.8499633073806763,11.972914915531874,13,13,0,single,163.63637338985154,JUMPING,False,,0.3802972825078964,,,21.160040982575083,8.796716262817382,2.932238754272461,217.80235290527344,208.8026123046875,115.23197937011719,108.31578063964844,33.0667839050293,True
169,5.633333333333334,0.8982029557228088,11.074239388108253,14,14,0,single,157.89475120666086,JUMPING,True,0.43333333333333357,0.3919652136894926,23.105743408203125,21.358261108398438,21.646466588982094,10.476789642333983,3.492263214111328,218.3939208984375,221.36781311035156,115.23197937011719,115.03885650634766,34.17824172973633,False
170,5.666666666666667,0.8943250179290771,11.88776409253478,14,14,0,single,157.89475120666086,JUMPING,False,,0.3919652136894926,,,21.646466588982094,10.370576156616211,3.4568587188720703,219.5163116455078,226.92559814453125,116.03282928466797,118.33085632324219,34.6893196105957,False
171,5.7,0.9015666246414185,10.912477970123291,14,14,0,single,157.89475120666086,JUMPING,False,,0.3919652136894926,,,21.646466588982094,11.897810705566407,3.9659369018554687,220.82827758789062,225.58961486816406,116.71328735351562,118.53413391113281,31.284696578979492,False
172,5.733333333333333,0.8830976486206055,11.992882005870342,14,14,0,single,157.89475120666086,JUMPING,False,,0.3919652136894926,,,21.646466588982094,11.77571609802246,3.92523869934082,220.82827758789062,218.72027587890625,116.71328735351562,113.68629455566406,29.071134567260742,False
173,5.766666666666667,0.8918925523757935,11.165198870003223,14,14,0,single,157.89475120666086,JUMPING,False,,0.3919652136894926,,,21.646466588982094,11.77571609802246,3.92523869934082,220.82827758789062,210.57554626464844,116.71328735351562,106.59172058105469,28.878631591796875,False
174,5.8,0.8964630961418152,11.968937702476978,14,14,0,single,157.89475120666086,JUMPING,False,,0.3919652136894926,,,21.646466588982094,10.192694018554688,3.3975646728515625,220.82827758789062,203.95989990234375,116.71328735351562,100.53012084960938,27.86382293701172,True
175,5.833333333333333,0.882780909538269,11.254752986133099,14,14,0,single,157.89475120666086,JUMPING,False,,0.3919652136894926,,,21.646466588982094,8.796716262817382,2.932238754272461,220.82827758789062,199.96817016601562,116.71328735351562,96.83015441894531,29.87790870666504,True
176,5.866666666666666,0.8800908923149109,11.908296030014753,14,14,0,single,157.89475120666086,JUMPING,False,,0.3919652136894926,,,21.646466588982094,8.796716262817382,2.932238754272461,220.82827758789062,197.14840698242188,116.71328735351562,94.87117004394531,30.077796936035156,True
177,5.9,0.8822716474533081,11.287552770227194,14,14,0,single,157.89475120666086,JUMPING,False,,0.3919652136894926,,,21.646466588982094,8.796716262817382,2.932238754272461,220.82827758789062,197.8423614501953,116.71328735351562,94.87588500976562,29.99103546142578,True
178,5.933333333333334,0.8433877229690552,12.705687899142504,14,14,0,single,157.89475120666086,JUMPING,False,,0.3919652136894926,,,21.646466588982094,8.796716262817382,2.932238754272461,220.82827758789062,200.88844299316406,116.71328735351562,97.75860595703125,29.438018798828125,True
179,5.966666666666667,0.8704344034194946,11.973900254815817,14,14,0,single,157.89475120666086,JUMPING,False,,0.3919652136894926,,,21.646466588982094,8.796716262817382,2.932238754272461,220.82827758789062,207.8709716796875,116.71328735351562,104.05447387695312,29.556068420410156,True
180,6.0,0.8898516893386841,12.1529889293015,15,15,0,single,160.71427220060622,JUMPING,True,0.36666666666666625,0.38639953334447086,23.67987060546875,21.842117309570312,22.154817593103758,8.796716262817382,2.932238754272461,220.82827758789062,213.0069580078125,116.71328735351562,111.2938003540039,28.743452072143555,False
181,6.033333333333333,0.8850304484367371,11.217684019356966,15,15,0,single,160.71427220060622,JUMPING,False,,0.38639953334447086,,,22.154817593103758,10.118989324951173,3.3729964416503906,221.9161834716797,222.4446563720703,116.71328735351562,116.12818908691406,31.9694766998291,False
182,6.066666666666666,0.8818467259407043,12.26958492770791,15,15,0,single,160.71427220060622,JUMPING,False,,0.38639953334447086,,,22.154817593103758,11.77571609802246,3.92523869934082,222.37950134277344,228.85781860351562,116.89341735839844,118.70594787597656,33.69740295410156,False
183,6.1,0.8921294808387756,11.202229652553797,15,15,0,single,160.71427220060622,JUMPING,False,,0.38639953334447086,,,22.154817593103758,14.712705615234375,4.904235205078125,223.0146942138672,223.6285400390625,116.89341735839844,116.61441802978516,32.754398345947266,False
184,6.133333333333334,0.8798383474349976,11.86807220801711,15,15,0,single,160.71427220060622,JUMPING,False,,0.38639953334447086,,,22.154817593103758,14.712705615234375,4.904235205078125,223.0146942138672,216.28048706054688,116.89341735839844,110.63040161132812,31.680824279785156,False
185,6.166666666666667,0.890325129032135,10.844370815902948,15,15,0,single,160.71427220060622,JUMPING,False,,0.38639953334447086,,,22.154817593103758,14.712705615234375,4.904235205078125,223.0146942138672,207.49468994140625,116.89341735839844,104.19116973876953,29.9923095703125,True
186,6.2,0.9011959433555603,11.872922070324421,15,15,0,single,160.71427220060622,JUMPING,False,,0.38639953334447086,,,22.154817593103758,14.712705615234375,4.904235205078125,223.0146942138672,200.51380920410156,116.89341735839844,99.17192077636719,29.475297927856445,True
187,6.233333333333333,0.886087954044342,11.172510217875242,15,15,0,single,160.71427220060622,JUMPING,False,,0.38639953334447086,,,22.154817593103758,14.712705615234375,4.904235205078125,223.0146942138672,195.99476623535156,116.89341735839844,96.6031494140625,26.581398010253906,True
188,6.266666666666667,0.8838459253311157,12.08838215097785,15,15,0,single,160.71427220060622,JUMPING,False,,0.38639953334447086,,,22.154817593103758,13.714706057739257,4.5715686859130855,223.0146942138672,193.55712890625,116.89341735839844,95.68180847167969,26.336244583129883,True
189,6.3,0.8692517876625061,10.912996251136065,15,15,0,single,160.71427220060622,JUMPING,False,,0.38639953334447086,,,22.154817593103758,13.714706057739257,4.5715686859130855,223.0146942138672,196.063232421875,116.89341735839844,97.04554748535156,25.589624404907227,True
190,6.333333333333333,0.8613312244415283,11.774088721722364,15,15,0,unknown,0.0,JUMPING,False,,,,,,,,,,,,0.0,False
191,6.366666666666666,0.8704341650009155,11.125675868242979,15,15,0,single,160.71427220060622,JUMPING,False,,0.38639953334447086,,,22.154817593103758,13.714706057739257,4.5715686859130855,223.0146942138672,204.95616149902344,116.89341735839844,104.50404357910156,29.161277770996094,True
192,6.4,0.8891685605049133,12.233282905071974,16,16,0,single,157.89472644018733,JUMPING,True,0.40000000000000036,0.38939163600868737,29.457565307617188,21.21160888671875,23.980504521732115,11.588671774291992,3.8628905914306637,223.0146942138672,218.97164916992188,116.89341735839844,112.03666687011719,30.599868774414062,False
193,6.433333333333334,0.8800628185272217,11.008501052856445,16,16,0,single,157.89472644018733,JUMPING,False,,0.38939163600868737,,,23.980504521732115,14.722682217407225,4.907560739135742,223.53501892089844,226.19227600097656,116.89341735839844,115.46302795410156,33.94801712036133,False
194,6.466666666666667,0.8828843235969543,12.117527890950441,16,16,0,single,157.89472644018733,JUMPING,False,,0.38939163600868737,,,23.980504521732115,13.717318977355957,4.572439659118652,224.80517578125,226.18711853027344,116.89341735839844,116.8314208984375,31.604747772216797,False
195,6.5,0.8914950489997864,11.242956854403019,16,16,0,single,157.89472644018733,JUMPING,False,,0.38939163600868737,,,23.980504521732115,14.544325003051757,4.848108334350585,224.80517578125,218.64645385742188,116.84098052978516,112.64148712158203,28.153995513916016,False
196,6.533333333333333,0.8947922587394714,12.219205033034086,16,16,0,single,157.89472644018733,JUMPING,False,,0.38939163600868737,,,23.980504521732115,14.544325003051757,4.848108334350585,224.80517578125,210.6724090576172,116.84098052978516,106.39805603027344,26.5008602142334,False
197,6.566666666666666,0.8829165697097778,11.125272139906883,16,16,0,single,157.89472644018733,JUMPING,False,,0.38939163600868737,,,23.980504521732115,14.544325003051757,4.848108334350585,224.80517578125,202.07778930664062,116.84098052978516,100.53462219238281,27.61035919189453,True
198,6.6,0.8913949728012085,12.042945716530085,16,16,0,single,157.89472644018733,JUMPING,False,,0.38939163600868737,,,23.980504521732115,14.544325003051757,4.848108334350585,224.80517578125,199.71829223632812,116.84098052978516,96.91905212402344,28.013015747070312,True
199,6.633333333333334,0.8760785460472107,11.062880977988243,16,16,0,single,157.89472644018733,JUMPING,False,,0.38939163600868737,,,23.980504521732115,14.544325003051757,4.848108334350585,224.80517578125,197.359619140625,116.84098052978516,96.13229370117188,27.415691375732422,True
200,6.666666666666667,0.8812657594680786,12.046330142766237,16,16,0,single,157.89472644018733,JUMPING,False,,0.38939163600868737,,,23.980504521732115,14.544325003051757,4.848108334350585,224.80517578125,197.25796508789062,116.84098052978516,96.21202850341797,27.88174057006836,True
201,6.7,0.8671166896820068,12.613443192094564,16,16,0,single,157.89472644018733,JUMPING,False,,0.38939163600868737,,,23.980504521732115,14.544325003051757,4.848108334350585,224.80517578125,200.6935577392578,116.84098052978516,98.84272003173828,28.511810302734375,True
202,6.733333333333333,0.8694008588790894,12.06481596454978,16,16,0,single,157.89472644018733,JUMPING,False,,0.38939163600868737,,,23.980504521732115,14.544325003051757,4.848108334350585,224.80517578125,208.38320922851562,116.84098052978516,103.86270141601562,29.220687866210938,True
203,6.766666666666667,0.8794642686843872,10.87299920618534,16,16,0,unknown,0.0,JUMPING,False,,,,,,,,,,,,0.0,False
204,6.8,0.8957773447036743,11.934802867472172,17,17,0,single,155.17240629822726,JUMPING,True,0.39999999999999947,0.391725476086776,27.547210693359375,20.70868682861328,24.87218106463893,15.44724143371582,5.149080477905273,224.80517578125,219.06405639648438,116.84098052978516,111.5804214477539,29.364957809448242,False
205,6.833333333333333,0.9038963317871094,11.143193114548922,17,17,0,single,155.17240629822726,JUMPING,False,,0.391725476086776,,,24.87218106463893,15.653696017456053,5.217898672485351,224.80517578125,218.68679809570312,116.74462127685547,113.41963195800781,28.44082260131836,False
206,6.866666666666666,0.8953558206558228,12.380502186715603,17,17,0,single,155.17240629822726,JUMPING,False,,0.391725476086776,,,24.87218106463893,11.77571609802246,3.92523869934082,224.80517578125,219.37940979003906,116.41992950439453,114.1307373046875,27.814115524291992,False
207,6.9,0.9092934727668762,10.954104829579592,17,17,0,single,155.17240629822726,JUMPING,False,,0.391725476086776,,,24.87218106463893,14.244959069824217,4.748319689941406,224.80517578125,212.66058349609375,116.41992950439453,109.71035766601562,25.900671005249023,False
208,6.933333333333334,0.8499618172645569,11.969670187681913,17,17,0,single,155.17240629822726,JUMPING,False,,0.391725476086776,,,24.87218106463893,14.244959069824217,4.748319689941406,224.80517578125,202.71066284179688,116.41992950439453,104.144287109375,24.854022979736328,True
209,6.966666666666667,0.8951371312141418,11.127175763249397,17,17,0,single,155.17240629822726,JUMPING,False,,0.391725476086776,,,24.87218106463893,14.244959069824217,4.748319689941406,224.80517578125,196.74789428710938,116.41992950439453,99.29219818115234,25.478897094726562,True
210,7.0,0.8960963487625122,12.102105189114809,17,17,0,single,155.17240629822726,JUMPING,False,,0.391725476086776,,,24.87218106463893,14.244959069824217,4.748319689941406,224.80517578125,193.540283203125,116.41992950439453,96.95892333984375,27.395654678344727,True
211,7.033333333333333,0.8827411532402039,11.058316100388765,17,17,0,single,155.17240629822726,JUMPING,False,,0.391725476086776,,,24.87218106463893,14.244959069824217,4.748319689941406,224.80517578125,192.85079956054688,116.41992950439453,97.12770080566406,28.230234146118164,True
212,7.066666666666666,0.8891538977622986,11.863823048770428,17,17,0,single,155.17240629822726,JUMPING,False,,0.391725476086776,,,24.87218106463893,14.244959069824217,4.748319689941406,224.80517578125,193.17269897460938,116.41992950439453,97.79112243652344,27.000001907348633,True
213,7.1,0.8909281492233276,10.780069045722485,17,17,0,single,155.17240629822726,JUMPING,False,,0.391725476086776,,,24.87218106463893,14.244959069824217,4.748319689941406,224.80517578125,200.17291259765625,116.41992950439453,101.35916137695312,28.695276260375977,True
214,7.133333333333334,0.34122470021247864,11.84068201109767,17,17,0,single,155.17240629822726,JUMPING,False,,0.391725476086776,,,24.87218106463893,14.244959069824217,4.748319689941406,224.80517578125,209.19581604003906,116.41992950439453,107.91242980957031,27.571674346923828,True
215,7.166666666666667,0.8976246118545532,11.602967046201229,18,18,0,single,152.54236810408062,JUMPING,True,0.36666666666666714,0.38621253801435207,31.954376220703125,19.46100616455078,26.642729853654977,11.77571609802246,3.92523869934082,224.80517578125,220.25100708007812,116.41992950439453,114.8775634765625,31.403934478759766,False
216,7.2,0.8952997326850891,12.25216081365943,18,18,0,single,152.54236810408062,JUMPING,False,,0.38621253801435207,,,26.642729853654977,9.32495544877924,1.0948698760986328,225.9481201171875,226.740966796875,116.74462127685547,118.44595336914062,29.722124099731445,False
217,7.233333333333333,0.8240809440612793,10.959303937852383,18,18,0,single,152.54236810408062,JUMPING,False,,0.38621253801435207,,,26.642729853654977,15.151133166503904,5.050377722167968,225.14324951171875,224.47369384765625,116.45390319824219,116.213134765625,21.457063674926758,False
218,7.266666666666667,0.8912967443466187,12.139560654759407,18,18,0,single,152.54236810408062,JUMPING,False,,0.38621253801435207,,,26.642729853654977,9.32495544877924,2.3789106079101563,224.13563537597656,219.96707153320312,116.17915344238281,114.3397216796875,22.310300827026367,False
219,7.3,0.9092710018157959,11.266532819718122,18,18,0,single,152.54236810408062,JUMPING,False,,0.38621253801435207,,,26.642729853654977,11.202299011230467,3.734099670410156,224.13563537597656,211.73910522460938,116.17915344238281,108.66598510742188,26.2379150390625,True
220,7.333333333333333,0.8992884755134583,12.282518204301596,18,18,0,single,152.54236810408062,JUMPING,False,,0.38621253801435207,,,26.642729853654977,11.202299011230467,3.734099670410156,224.13563537597656,201.84210205078125,116.17915344238281,102.86543273925781,29.261932373046875,True
221,7.366666666666666,0.8936413526535034,11.15453988313675,18,18,0,single,152.54236810408062,JUMPING,False,,0.38621253801435207,,,26.642729853654977,11.202299011230467,3.734099670410156,224.13563537597656,197.95005798339844,116.17915344238281,98.80545043945312,31.13824462890625,True
222,7.4,0.8799837231636047,12.059829663485289,18,18,0,single,152.54236810408062,JUMPING,False,,0.38621253801435207,,,26.642729853654977,11.202299011230467,3.734099670410156,224.13563537597656,196.58157348632812,116.17915344238281,97.39346313476562,32.18646240234375,True
223,7.433333333333334,0.8697565197944641,11.15306606516242,18,18,0,single,152.54236810408062,JUMPING,False,,0.38621253801435207,,,26.642729853654977,11.202299011230467,3.734099670410156,224.13563537597656,199.72264099121094,116.17915344238281,98.61782836914062,31.200153350830078,True
224,7.466666666666667,0.857056736946106,12.478376738727093,18,18,0,single,152.54236810408062,JUMPING,False,,0.38621253801435207,,,26.642729853654977,11.202299011230467,3.734099670410156,224.13563537597656,202.70925903320312,116.17915344238281,100.1065673828125,29.13715171813965,True
225,7.5,0.876585066318512,11.500189080834389,18,18,0,unknown,0.0,JUMPING,False,,,,,,,,,,,,0.0,False
226,7.533333333333333,0.8719210624694824,12.036360800266266,18,18,0,single,152.54236810408062,JUMPING,False,,0.38621253801435207,,,26.642729853654977,11.202299011230467,3.734099670410156,224.13563537597656,212.08908081054688,116.17915344238281,108.71812438964844,29.10622787475586,True
227,7.566666666666666,0.8930277824401855,11.047872714698315,19,19,0,single,155.17240629822726,JUMPING,True,0.39999999999999947,0.38924577965119456,27.554061889648438,18.785690307617188,26.870562862653344,9.32495544877924,2.9878226806640624,224.13563537597656,220.70205688476562,116.17915344238281,115.19290924072266,28.741735458374023,False
228,7.6,0.9028744697570801,12.278550770133734,19,19,0,single,155.17240629822726,JUMPING,False,,0.38924577965119456,,,26.870562862653344,11.366403936767577,3.7888013122558593,224.27883911132812,223.986572265625,116.45390319824219,116.71611022949219,28.94082260131836,False
229,7.633333333333334,0.9005939364433289,11.158636305481195,19,19,0,single,155.17240629822726,JUMPING,False,,0.38924577965119456,,,26.870562862653344,9.40469700192867,2.6833666442871094,224.27883911132812,218.75485229492188,116.45390319824219,114.23370361328125,30.684734344482422,False
230,7.666666666666667,0.8971023559570312,12.238427996635437,19,19,0,single,155.17240629822726,JUMPING,False,,0.38924577965119456,,,26.870562862653344,9.40469700192867,2.3190962402343747,223.84335327148438,214.6468048095703,115.91309356689453,112.02518463134766,30.22606086730957,False
231,7.7,0.893424391746521,11.33835269138217,19,19,0,single,155.17240629822726,JUMPING,False,,0.38924577965119456,,,26.870562862653344,9.40469700192867,2.058166241455078,222.67276000976562,210.26239013671875,115.35498046875,107.24723815917969,29.358156204223633,True
232,7.733333333333333,0.8536617755889893,12.080733198672533,19,19,0,single,155.17240629822726,JUMPING,False,,0.38924577965119456,,,26.870562862653344,9.40469700192867,2.058166241455078,222.67276000976562,205.51434326171875,115.35498046875,102.075439453125,28.317455291748047,True
233,7.766666666666667,0.8868538737297058,11.322056874632835,19,19,0,single,155.17240629822726,JUMPING,False,,0.38924577965119456,,,26.870562862653344,9.40469700192867,2.058166241455078,222.67276000976562,200.68643188476562,115.35498046875,99.13481140136719,28.935819625854492,True
234,7.8,0.8764751553535461,12.370445765554905,19,19,0,single,155.17240629822726,JUMPING,False,,0.38924577965119456,,,26.870562862653344,9.40469700192867,2.058166241455078,222.67276000976562,199.75360107421875,115.35498046875,97.96017456054688,30.31073570251465,True
235,7.833333333333333,0.9058140516281128,11.921969708055258,19,19,0,unknown,0.0,JUMPING,False,,,,,,,,,,,,0.0,False
236,7.866666666666666,0.8981625437736511,12.00445694848895,19,19,0,unknown,0.0,JUMPING,False,,,,,,,,,,,,0.0,False
237,7.9,0.8892624974250793,11.424568016082048,19,19,0,single,155.17240629822726,JUMPING,False,,0.38924577965119456,,,26.870562862653344,9.40469700192867,2.058166241455078,222.67276000976562,203.53988647460938,115.35498046875,102.95474243164062,27.154592514038086,True
238,7.933333333333334,0.8940184712409973,12.24890723824501,19,19,0,single,155.17240629822726,JUMPING,False,,0.38924577965119456,,,26.870562862653344,9.40469700192867,2.058166241455078,222.67276000976562,211.06704711914062,115.35498046875,109.39838409423828,28.192045211791992,True
239,7.966666666666667,0.8788418769836426,11.59715699031949,20,20,0,single,152.54236810408062,JUMPING,True,0.40000000000000036,0.39161170812793183,22.94573974609375,17.394805908203125,25.889357083513445,9.40469700192867,2.2181990844726562,222.6993408203125,220.76852416992188,115.35498046875,114.64791870117188,29.813947677612305,False
240,8.0,0.8709853887557983,12.446679174900055,20,20,0,single,152.54236810408062,JUMPING,False,,0.39161170812793183,,,25.889357083513445,9.061274979229704,2.603010882568359,224.27883911132812,224.86187744140625,115.91309356689453,117.48283386230469,29.49110984802246,False
241,8.033333333333333,0.8805050849914551,11.053807102143764,20,20,0,single,152.54236810408062,JUMPING,False,,0.39161170812793183,,,25.889357083513445,9.061274979229704,2.603010882568359,224.27883911132812,219.92578125,116.47756958007812,116.65386199951172,28.316879272460938,False
242,8.066666666666666,0.8872885704040527,12.050345074385405,20,20,0,single,152.54236810408062,JUMPING,False,,0.39161170812793183,,,25.889357083513445,9.061274979229704,2.058166241455078,222.6993408203125,216.73956298828125,116.47756958007812,115.55671691894531,27.84088134765625,False
243,8.1,0.8862860202789307,11.28167100250721,20,20,0,single,152.54236810408062,JUMPING,False,,0.39161170812793183,,,25.889357083513445,9.061274979229704,1.817076333618164,220.741943359375,212.29501342773438,115.95056915283203,113.3788833618164,28.28531265258789,False
244,8.133333333333333,0.875518798828125,12.082135770469904,20,20,0,single,152.54236810408062,JUMPING,False,,0.39161170812793183,,,25.889357083513445,9.061274979229704,1.797236242675781,220.741943359375,210.27249145507812,115.95056915283203,111.01388549804688,26.895709991455078,True
245,8.166666666666666,0.8873410820960999,11.15751313045621,20,20,0,unknown,0.0,JUMPING,False,,,,,,,,,,,,0.0,False
246,8.2,0.8703262805938721,11.895251926034689,20,20,0,single,152.54236810408062,JUMPING,False,,0.39161170812793183,,,25.889357083513445,9.061274979229704,1.797236242675781,220.741943359375,209.38229370117188,115.95056915283203,110.63420104980469,22.551332473754883,True
247,8.233333333333333,0.9069260358810425,11.209812015295029,20,20,0,single,152.54236810408062,JUMPING,False,,0.39161170812793183,,,25.889357083513445,9.061274979229704,1.797236242675781,220.741943359375,206.95249938964844,115.95056915283203,110.80531311035156,25.185176849365234,True
248,8.266666666666667,0.9030206203460693,12.043307069689035,20,20,0,single,152.54236810408062,JUMPING,False,,0.39161170812793183,,,25.889357083513445,9.061274979229704,1.797236242675781,220.741943359375,206.537353515625,115.95056915283203,111.35997772216797,27.043909072875977,True
249,8.3,0.8924969434738159,10.862380266189575,20,20,0,single,152.54236810408062,JUMPING,False,,0.39161170812793183,,,25.889357083513445,9.061274979229704,1.797236242675781,220.741943359375,208.35987854003906,115.95056915283203,112.59500122070312,26.68832015991211,True
250,8.333333333333334,0.899928092956543,11.917361058294773,20,20,0,single,152.54236810408062,JUMPING,False,,0.39161170812793183,,,25.889357083513445,9.061274979229704,1.797236242675781,220.741943359375,209.44241333007812,115.95056915283203,113.00867462158203,25.075590133666992,True
251,8.366666666666667,0.900559663772583,11.265126056969166,20,20,0,single,152.54236810408062,JUMPING,False,,0.39161170812793183,,,25.889357083513445,9.061274979229704,1.797236242675781,220.741943359375,210.19705200195312,115.95056915283203,113.14424133300781,24.1988468170166,True
252,8.4,0.8961153626441956,12.301158625632524,20,20,0,single,152.54236810408062,JUMPING,False,,0.39161170812793183,,,25.889357083513445,9.061274979229704,1.797236242675781,220.741943359375,211.26332092285156,115.95056915283203,113.19405364990234,22.963773727416992,True
253,8.433333333333334,0.900693416595459,11.06668310239911,20,20,0,double,152.54236810408062,JUMPING,False,,0.39161170812793183,,,25.889357083513445,9.061274979229704,2.058166241455078,220.741943359375,211.0670166015625,115.95056915283203,113.15437316894531,23.25370979309082,True
254,8.466666666666667,0.8844389319419861,11.804318055510521,20,20,0,double,152.54236810408062,JUMPING,False,,0.39161170812793183,,,25.889357083513445,9.061274979229704,2.2181990844726562,220.741943359375,211.63409423828125,115.95056915283203,113.62918090820312,25.1094970703125,True
255,8.5,0.9039912223815918,11.110327206552029,20,20,0,double,0.0,JUMPING,False,0.5333333333333332,,14.20458984375,5.316368103027344,25.889357083513445,11.634822042846679,3.8782740142822263,220.741943359375,212.07748413085938,115.95056915283203,113.83689880371094,25.847274780273438,False
256,8.533333333333333,0.914985179901123,11.999757029116154,20,20,0,unknown,0.0,JUMPING,False,,,,,,,,,,,,0.0,False
257,8.566666666666666,0.8987376093864441,11.769670061767101,20,20,0,unknown,0.0,JUMPING,False,,,,,,,,,,,,0.0,False
258,8.6,0.8661743402481079,12.291948776692152,20,20,0,double,152.54236810408062,JUMPING,False,,0.39161170812793183,,,25.889357083513445,11.634822042846679,3.8782740142822263,220.741943359375,214.50677490234375,115.95056915283203,114.10496520996094,25.67769432067871,False
259,8.633333333333333,0.8914661407470703,10.859213769435883,20,20,0,single,152.54236810408062,JUMPING,False,,0.39161170812793183,,,25.889357083513445,15.618201031494142,5.206067010498047,220.741943359375,215.25546264648438,115.95056915283203,113.96751403808594,25.374374389648438,False
260,8.666666666666666,0.8950976133346558,12.312537059187889,20,20,0,single,152.54236810408062,JUMPING,False,,0.39161170812793183,,,25.889357083513445,15.618201031494142,5.206067010498047,220.741943359375,213.6383819580078,115.95056915283203,113.83605194091797,25.104358673095703,False
261,8.7,0.8134254813194275,11.34268706664443,20,20,0,unknown,0.0,JUMPING,False,,,,,,,,,,,,0.0,False
262,8.733333333333333,0.8803911805152893,12.22989708185196,20,20,0,unknown,0.0,JUMPING,False,,,,,,,,,,,,0.0,False
263,8.766666666666667,0.8684495091438293,11.213577818125486,20,20,0,single,152.54236810408062,JUMPING,False,,0.39161170812793183,,,25.889357083513445,16.116623931884767,5.372207977294922,220.741943359375,214.68560791015625,115.95056915283203,114.39029693603516,25.06013298034668,False
264,8.8,0.8664119243621826,12.045607436448336,20,20,0,single,152.54236810408062,JUMPING,False,,0.39161170812793183,,,25.889357083513445,15.618201031494142,5.206067010498047,220.741943359375,216.07461547851562,115.95056915283203,114.58053588867188,24.939380645751953,False
265,8.833333333333334,0.8854417204856873,11.346036102622747,20,20,0,single,152.54236810408062,JUMPING,False,,0.39161170812793183,,,25.889357083513445,13.417986978149415,4.472662326049805,220.741943359375,217.44497680664062,115.95056915283203,114.28076171875,25.435455322265625,False
266,8.866666666666667,0.8850136399269104,12.245532125234604,20,20,0,single,152.54236810408062,JUMPING,False,,0.39161170812793183,,,25.889357083513445,11.217772924804688,3.7392576416015624,220.741943359375,218.5220184326172,115.95056915283203,114.12052154541016,26.20990562438965,False
267,8.9,0.8769139051437378,11.174149811267853,20,20,0,single,152.54236810408062,JUMPING,False,,0.39161170812793183,,,25.889357083513445,9.061274979229704,2.91023819732666,220.741943359375,219.7908935546875,115.95056915283203,114.2674789428711,25.660011291503906,False
268,8.933333333333334,0.902874231338501,12.304488103836775,20,20,0,single,152.54236810408062,JUMPING,False,,0.39161170812793183,,,25.889357083513445,9.061274979229704,2.779637461853027,220.741943359375,218.888916015625,115.95056915283203,114.30654907226562,25.114822387695312,False
269,8.966666666666667,0.9065497517585754,11.168340221047401,20,20,0,single,152.54236810408062,JUMPING,False,,0.39161170812793183,,,25.889357083513445,9.061274979229704,2.985469921875,220.40806579589844,217.57376098632812,115.41119384765625,114.38167572021484,25.004478454589844,False
270,9.0,0.9012091755867004,12.564898934215307,20,20,0,single,152.54236810408062,JUMPING,False,,0.39161170812793183,,,25.889357083513445,9.69637502746582,3.2321250091552733,219.9505615234375,214.6336669921875,114.97491455078125,114.33757781982422,26.561586380004883,False
271,9.033333333333333,0.9021211266517639,11.360906064510345,20,20,0,single,152.54236810408062,JUMPING,False,,0.39161170812793183,,,25.889357083513445,10.290966943359374,3.4303223144531247,219.871826171875,213.32833862304688,114.97491455078125,114.4403076171875,27.444461822509766,False
272,9.066666666666666,0.9071775674819946,12.03570980578661,20,20,0,single,152.54236810408062,JUMPING,False,,0.39161170812793183,,,25.889357083513445,10.290966943359374,3.4303223144531247,219.871826171875,211.67037963867188,114.99099731445312,114.68812561035156,26.58022117614746,False
273,9.1,0.9086083173751831,11.134079657495022,20,20,0,single,152.54236810408062,JUMPING,False,,0.39161170812793183,,,25.889357083513445,10.290966943359374,3.4303223144531247,219.871826171875,210.5460205078125,114.99099731445312,114.64460754394531,26.336509704589844,False
274,9.133333333333333,0.875358521938324,12.276954017579556,20,20,0,single,152.54236810408062,JUMPING,False,,0.39161170812793183,,,25.889357083513445,10.290966943359374,3.4303223144531247,219.871826171875,211.668701171875,115.14302825927734,115.06820678710938,25.946298599243164,False
275,9.166666666666666,0.8947674632072449,11.437355075031519,20,20,0,single,152.54236810408062,JUMPING,False,,0.39161170812793183,,,25.889357083513445,10.31132735595703,3.4371091186523435,219.871826171875,215.7061767578125,115.41119384765625,115.8411865234375,24.864118576049805,False
276,9.2,0.8382949829101562,12.394438963383436,20,20,0,single,152.54236810408062,JUMPING,False,,0.39161170812793183,,,25.889357083513445,11.110337814331054,3.7034459381103515,220.39154052734375,220.70266723632812,115.72740173339844,116.71216583251953,25.37960433959961,False
277,9.233333333333333,0.8511682748794556,11.101858224719763,20,20,0,single,152.54236810408062,JUMPING,False,,0.39161170812793183,,,25.889357083513445,9.061274979229704,2.689067559814453,220.70242309570312,223.19961547851562,116.32878875732422,116.74217224121094,28.03825569152832,False
278,9.266666666666667,0.8399688005447388,11.858887039124966,20,20,0,single,152.54236810408062,JUMPING,False,,0.39161170812793183,,,25.889357083513445,9.061274979229704,2.7139525085449216,220.7421875,224.30398559570312,116.65391540527344,116.6539535522461,28.88263511657715,False
279,9.3,0.8664781451225281,11.329757049679756,20,20,0,single,152.54236810408062,JUMPING,False,,0.39161170812793183,,,25.889357083513445,10.461315728759764,3.4871052429199216,222.2271728515625,227.8772735595703,116.68888092041016,117.36441040039062,29.145538330078125,False
280,9.333333333333334,0.8633465766906738,12.258416973054409,20,20,0,unknown,0.0,JUMPING,False,,,,,,,,,,,,0.0,False
281,9.366666666666667,0.8917151093482971,11.183341965079308,20,20,0,single,152.54236810408062,JUMPING,False,,0.39161170812793183,,,25.889357083513445,10.461315728759764,3.4871052429199216,222.2271728515625,228.26321411132812,116.68888092041016,117.41033172607422,26.479480743408203,False
282,9.4,0.8839544057846069,12.17292994260788,20,20,0,single,152.54236810408062,JUMPING,False,,0.39161170812793183,,,25.889357083513445,11.559217044067381,3.8530723480224607,223.8622283935547,227.10104370117188,116.73017120361328,117.24332427978516,26.765867233276367,False
283,9.433333333333334,0.8529293537139893,11.124262120574713,20,20,0,unknown,0.0,JUMPING,False,,,,,,,,,,,,0.0,False
284,9.466666666666667,0.6446799635887146,12.14492879807949,20,20,0,unknown,0.0,JUMPING,False,,,,,,,,,,,,0.0,False
285,9.5,0.9045879244804382,11.326546780765057,20,20,0,single,152.54236810408062,STOPPED,False,,0.39161170812793183,,,25.889357083513445,14.561359881591795,4.853786627197265,223.95716857910156,223.43695068359375,117.02392578125,117.21176147460938,31.256885528564453,False
286,9.533333333333333,0.9116829037666321,11.92727591842413,20,20,0,single,152.54236810408062,STOPPED,False,,0.39161170812793183,,,25.889357083513445,10.990890060424803,3.663630020141601,223.95716857910156,219.36181640625,117.02392578125,116.64385223388672,32.997703552246094,False
287,9.566666666666666,0.911920428276062,11.266783811151981,20,20,0,single,152.54236810408062,STOPPED,False,,0.39161170812793183,,,25.889357083513445,10.990890060424803,3.663630020141601,223.95716857910156,217.6762237548828,117.02392578125,115.77564239501953,33.12135696411133,False
288,9.6,0.9008824825286865,11.958385817706585,20,20,0,single,152.54236810408062,STOPPED,False,,0.39161170812793183,,,25.889357083513445,10.990890060424803,3.663630020141601,223.95716857910156,216.7466583251953,117.02392578125,115.0653305053711,33.4709358215332,False
289,9.633333333333333,0.9047873616218567,11.540595907717943,20,20,0,single,152.54236810408062,STOPPED,False,,0.39161170812793183,,,25.889357083513445,10.990890060424803,3.663630020141601,223.95716857910156,215.38534545898438,117.02392578125,114.60460662841797,32.94280242919922,False
290,9.666666666666666,0.9018405675888062,11.968341190367937,20,20,0,single,152.54236810408062,STOPPED,False,,0.39161170812793183,,,25.889357083513445,10.990890060424803,3.663630020141601,223.95716857910156,214.4640655517578,117.02392578125,114.33210754394531,32.69529342651367,False
291,9.7,0.8954164385795593,11.33614219725132,20,20,0,single,152.54236810408062,STOPPED,False,,0.39161170812793183,,,25.889357083513445,10.990890060424803,3.663630020141601,223.95716857910156,214.44717407226562,117.02392578125,113.79362487792969,32.303932189941406,False
292,9.733333333333333,0.9041528701782227,11.912947986274958,20,20,0,single,152.54236810408062,STOPPED,False,,0.39161170812793183,,,25.889357083513445,15.161313372802734,5.053771124267578,223.95716857910156,213.92990112304688,117.02392578125,113.94886016845703,33.0128288269043,False
293,9.766666666666667,0.9079127907752991,11.289373971521854,20,20,0,single,152.54236810408062,STOPPED,False,,0.39161170812793183,,,25.889357083513445,10.461315728759764,3.4871052429199216,223.34201049804688,215.00265502929688,116.73017120361328,114.50242614746094,32.430755615234375,False
294,9.8,0.9106360077857971,12.415042147040367,20,20,0,single,152.54236810408062,STOPPED,False,,0.39161170812793183,,,25.889357083513445,12.175458865356447,4.058486288452149,223.34201049804688,215.34637451171875,116.73017120361328,114.83302307128906,34.343570709228516,False
295,9.833333333333334,0.8968018293380737,11.463109869509935,20,20,0,single,152.54236810408062,STOPPED,False,,0.39161170812793183,,,25.889357083513445,12.175458865356447,4.058486288452149,223.34201049804688,213.73736572265625,116.73017120361328,114.8635025024414,35.45771026611328,False
296,9.866666666666667,0.8997688293457031,12.124826200306416,20,20,0,single,152.54236810408062,STOPPED,False,,0.39161170812793183,,,25.889357083513445,12.175458865356447,4.058486288452149,223.34201049804688,213.47262573242188,116.73017120361328,115.04620361328125,35.373382568359375,False
297,9.9,0.8944427967071533,11.34980982169509,20,20,0,single,152.54236810408062,STOPPED,False,,0.39161170812793183,,,25.889357083513445,12.175458865356447,4.058486288452149,223.34201049804688,216.84869384765625,116.73017120361328,115.25692749023438,33.38291549682617,False
298,9.933333333333334,0.9060637950897217,12.330424040555954,20,20,0,single,152.54236810408062,STOPPED,False,,0.39161170812793183,,,25.889357083513445,10.424938458251951,3.474979486083984,223.34201049804688,217.44705200195312,116.73017120361328,115.11618041992188,31.19373321533203,False
299,9.966666666666667,0.8646661639213562,10.976411867886782,20,20,0,single,152.54236810408062,STOPPED,False,,0.39161170812793183,,,25.889357083513445,11.171894128417968,3.7239647094726562,223.34201049804688,220.2534637451172,116.73017120361328,115.05348205566406,31.01786994934082,False
300,10.0,0.8914974331855774,11.73414010554552,20,20,0,unknown,0.0,STOPPED,False,,,,,,,,,,,,0.0,False
301,10.033333333333333,0.9035215377807617,11.03825680911541,20,20,0,single,152.54236810408062,STOPPED,False,,0.39161170812793183,,,25.889357083513445,11.918781930541991,3.9729273101806637,223.34201049804688,220.27853393554688,116.73017120361328,115.32794189453125,29.27533721923828,False
302,10.066666666666666,0.8963432312011719,12.242347002029419,20,20,0,single,152.54236810408062,STOPPED,False,,0.39161170812793183,,,25.889357083513445,11.357072080993651,3.7856906936645505,223.34201049804688,220.1033477783203,116.73017120361328,115.21086120605469,29.029531478881836,False
303,10.1,0.9156132340431213,11.143873445689678,20,20,0,single,152.54236810408062,STOPPED,False,,0.39161170812793183,,,25.889357083513445,11.463048028564453,3.8210160095214842,223.34201049804688,220.8931884765625,116.73017120361328,115.07746887207031,28.15729331970215,False
304,10.133333333333333,0.8982977867126465,12.177669908851385,20,20,0,unknown,0.0,STOPPED,False,,,,,,,,,,,,0.0,False
305,10.166666666666666,0.9107636213302612,10.848421137779951,20,20,0,single,152.54236810408062,STOPPED,False,,0.39161170812793183,,,25.889357083513445,9.248242346191406,3.0827474487304687,223.34201049804688,219.21478271484375,116.73017120361328,114.41352844238281,27.03182029724121,False
306,10.2,0.9077168703079224,12.143665924668312,20,20,0,single,152.54236810408062,STOPPED,False,,0.39161170812793183,,,25.889357083513445,9.061274979229704,2.344478887939453,223.34201049804688,218.93853759765625,116.73017120361328,113.76380157470703,26.05974769592285,False
307,10.233333333333333,0.9066702127456665,12.627066113054752,20,20,0,single,152.54236810408062,STOPPED,False,,0.39161170812793183,,,25.889357083513445,9.061274979229704,1.8408640823364257,223.34201049804688,219.17916870117188,116.73017120361328,112.49980163574219,26.81962013244629,False
308,10.266666666666667,0.9068179130554199,12.047924101352692,20,20,0,single,152.54236810408062,STOPPED,False,,0.39161170812793183,,,25.889357083513445,9.061274979229704,1.6342624511718749,223.34201049804688,219.49319458007812,116.73017120361328,111.98274993896484,25.875587463378906,False
309,10.3,0.9073709845542908,11.111591011285782,20,20,0,single,152.54236810408062,STOPPED,False,,0.39161170812793183,,,25.889357083513445,9.061274979229704,1.616514958190918,223.34201049804688,218.85943603515625,116.73017120361328,112.18954467773438,27.530029296875,False
310,10.333333333333334,0.9153820276260376,11.917151976376772,20,20,0,single,152.54236810408062,STOPPED,False,,0.39161170812793183,,,25.889357083513445,9.061274979229704,1.616514958190918,223.34201049804688,216.98448181152344,116.73017120361328,111.74809265136719,28.782033920288086,False
311,10.366666666666667,0.9166063070297241,11.302236933261156,20,20,0,single,152.54236810408062,STOPPED,False,,0.39161170812793183,,,25.889357083513445,9.061274979229704,1.616514958190918,223.34201049804688,216.0258026123047,116.73017120361328,111.6398696899414,28.846555709838867,False
312,10.4,0.8803766965866089,12.75619026273489,20,20,0,single,152.54236810408062,STOPPED,False,,0.39161170812793183,,,25.889357083513445,9.061274979229704,1.616514958190918,223.34201049804688,214.17019653320312,116.73017120361328,111.91537475585938,28.683807373046875,True
313,10.433333333333334,0.9313771724700928,11.190036311745644,20,20,0,single,152.54236810408062,STOPPED,False,,0.39161170812793183,,,25.889357083513445,9.061274979229704,1.616514958190918,223.34201049804688,212.8031005859375,116.73017120361328,111.56443786621094,28.882835388183594,True
314,10.466666666666667,0.9300796389579773,11.904485058039427,20,20,0,single,152.54236810408062,STOPPED,False,,0.39161170812793183,,,25.889357083513445,9.061274979229704,1.616514958190918,223.34201049804688,212.01507568359375,116.73017120361328,111.41484832763672,28.628572463989258,True
315,10.5,0.9244827032089233,11.337309144437313,20,20,0,single,152.54236810408062,STOPPED,False,,0.39161170812793183,,,25.889357083513445,9.061274979229704,1.3809789184570311,223.34201049804688,212.94656372070312,116.73017120361328,110.74172973632812,28.838626861572266,True
316,10.533333333333333,0.9175052642822266,12.216554954648018,20,20,0,single,0.0,STOPPED,False,2.5666666666666664,,11.326934814453125,6.312690734863281,25.889357083513445,9.061274979229704,1.5320984252929686,223.34201049804688,214.34310913085938,116.73017120361328,110.41748046875,28.748659133911133,False
317,10.566666666666666,0.9161694049835205,11.014480143785477,20,20,0,single,0.0,STOPPED,False,,,,,25.889357083513445,9.061274979229704,1.8005165313720701,223.34201049804688,214.93206787109375,116.73017120361328,110.40737915039062,27.706783294677734,False
318,10.6,0.849370539188385,11.956180911511183,20,20,0,single,0.0,STOPPED,False,,,,,25.889357083513445,9.061274979229704,1.8968665283203123,223.34201049804688,215.5902099609375,116.73017120361328,110.18194580078125,27.855690002441406,False
319,10.633333333333333,0.8964822292327881,10.922932997345924,20,20,0,single,0.0,STOPPED,False,,,,,25.889357083513445,9.061274979229704,1.9495095062255858,223.34201049804688,216.4884033203125,116.73017120361328,109.94882202148438,28.63149642944336,False
320,10.666666666666666,0.4244855046272278,12.23768200725317,20,20,0,single,0.0,STOPPED,False,,,,,25.889357083513445,9.061274979229704,1.9495095062255858,223.34201049804688,215.61474609375,116.73017120361328,110.69524383544922,28.16583824157715,False
321,10.7,0.9027318358421326,11.070599779486656,20,20,0,single,0.0,STOPPED,False,,,,,25.889357083513445,9.061274979229704,1.9495095062255858,223.34201049804688,213.95550537109375,116.73017120361328,111.22422790527344,27.518945693969727,True
322,10.733333333333333,0.9210949540138245,12.132447212934494,20,20,0,single,0.0,STOPPED,False,,,,,25.889357083513445,9.061274979229704,1.9495095062255858,223.34201049804688,214.04873657226562,116.73017120361328,111.66226196289062,27.052087783813477,True
323,10.766666666666667,0.9189044833183289,11.167495045810938,20,20,0,single,0.0,STOPPED,False,,,9.386505126953125,5.505943298339844,25.889357083513445,9.061274979229704,1.9495095062255858,223.34201049804688,215.27467346191406,116.73017120361328,111.26087188720703,27.40083885192871,False
324,10.8,0.8865864276885986,12.141796760261059,20,20,0,single,0.0,STOPPED,False,,,,,25.889357083513445,9.061274979229704,1.9495095062255858,223.34201049804688,214.76693725585938,116.73017120361328,111.201904296875,27.057390213012695,False
325,10.833333333333334,0.33576250076293945,11.215002741664648,20,20,0,single,0.0,STOPPED,False,,,,,25.889357083513445,9.061274979229704,1.9495095062255858,223.34201049804688,215.95550537109375,116.73017120361328,111.2020034790039,27.16939353942871,False
326,10.866666666666667,0.9232968688011169,12.150580994784832,20,20,0,single,0.0,STOPPED,False,,,,,25.889357083513445,9.061274979229704,1.8968665283203123,223.34201049804688,216.6033935546875,116.7068862915039,110.88523864746094,27.55879783630371,False
327,10.9,0.9238329529762268,10.888622608035803,20,20,0,single,0.0,STOPPED,False,,,,,25.889357083513445,9.061274979229704,2.6208375549316405,222.41944885253906,216.51174926757812,116.64990997314453,110.8184814453125,27.6103458404541,False
328,10.933333333333334,0.8619475960731506,11.94824930280447,20,20,0,single,0.0,STOPPED,False,,,,,25.889357083513445,9.061274979229704,2.7798071319580075,220.64732360839844,216.19992065429688,116.29656982421875,111.01617431640625,27.132038116455078,False
329,10.966666666666667,0.9171180129051208,12.467814143747091,20,20,0,single,0.0,STOPPED,False,,,,,25.889357083513445,9.061274979229704,2.5317720611572265,220.2685089111328,216.41476440429688,115.59656524658203,111.13652038574219,28.11574363708496,False
330,11.0,0.919187068939209,12.184675317257643,20,20,0,single,0.0,STOPPED,False,,,,,25.889357083513445,9.061274979229704,2.2777985366821287,220.19342041015625,216.8038330078125,115.2995376586914,111.09892272949219,28.02143669128418,False
331,11.033333333333333,0.916452944278717,11.109740938991308,20,20,0,single,0.0,STOPPED,False,,,,,25.889357083513445,9.061274979229704,2.2724030273437497,219.85928344726562,216.99209594726562,115.2385025024414,111.3758316040039,27.908588409423828,False
332,11.066666666666666,0.9204089045524597,12.085256166756153,20,20,0,single,0.0,STOPPED,False,,,,,25.889357083513445,9.061274979229704,2.200508148193359,219.44064331054688,216.5501251220703,115.17298889160156,111.63035583496094,27.34065818786621,False
333,11.1,0.9321637749671936,11.839062441140413,20,20,0,single,0.0,STOPPED,False,,,,,25.889357083513445,9.061274979229704,1.9819164962768554,219.3818359375,216.44448852539062,115.10069274902344,111.35818481445312,28.76695442199707,False
334,11.133333333333333,0.9192016124725342,12.288267258554697,20,20,0,single,0.0,STOPPED,False,,,,,25.889357083513445,9.061274979229704,1.812031475830078,219.3818359375,216.05923461914062,115.07261657714844,111.22750854492188,30.442319869995117,False
335,11.166666666666666,0.7791904211044312,12.242725118994713,20,20,0,single,0.0,STOPPED,False,,,,,25.889357083513445,9.061274979229704,1.7231017181396484,219.3818359375,215.99468994140625,115.06787109375,110.97318267822266,31.051319122314453,False
336,11.2,0.9080390930175781,14.310926664620638,20,20,0,single,0.0,STOPPED,False,,,,,25.889357083513445,9.061274979229704,1.812031475830078,219.3818359375,216.5755615234375,115.06787109375,110.79533386230469,31.753314971923828,False
337,11.233333333333333,0.9055796265602112,11.718351859599352,20,20,0,single,0.0,STOPPED,False,,,,,25.889357083513445,9.061274979229704,1.6591813339233397,219.3818359375,216.81753540039062,115.06787109375,110.59251403808594,30.814462661743164,False
338,11.266666666666667,0.9126626253128052,12.058946304023266,20,20,0,single,0.0,STOPPED,False,,,,,25.889357083513445,9.061274979229704,1.557232223510742,219.3818359375,216.4894561767578,115.06787109375,110.83793640136719,30.078752517700195,False
339,11.3,0.9197227954864502,11.039397679269314,20,20,0,single,0.0,STOPPED,False,,,,,25.889357083513445,9.061274979229704,1.557232223510742,219.3818359375,215.0822296142578,115.06787109375,111.06456756591797,28.20246696472168,False
340,11.333333333333334,0.3016364872455597,11.946958024054766,20,20,0,single,0.0,STOPPED,False,,,,,25.889357083513445,9.061274979229704,1.557232223510742,219.3818359375,214.81973266601562,115.06787109375,111.50949096679688,27.76250648498535,False
341,11.366666666666667,0.9198006987571716,11.219251900911331,20,20,0,single,0.0,STOPPED,False,,,,,25.889357083513445,9.061274979229704,1.610384211730957,219.3818359375,214.81268310546875,115.06787109375,111.76378631591797,28.72564697265625,False
342,11.4,0.9203342199325562,11.818364262580872,20,20,0,single,0.0,STOPPED,False,,,,,25.889357083513445,9.061274979229704,1.610384211730957,219.3818359375,213.59976196289062,115.06787109375,112.33493041992188,27.817672729492188,False
343,11.433333333333334,0.9159228801727295,10.959195904433727,20,20,0,single,0.0,STOPPED,False,,,,,25.889357083513445,9.061274979229704,1.4212925354003905,219.3818359375,213.26605224609375,115.06787109375,112.64341735839844,27.820348739624023,False
344,11.466666666666667,0.9011349081993103,11.92881679162383,20,20,0,single,0.0,STOPPED,False,,,,,25.889357083513445,9.061274979229704,1.7343678131103515,219.3818359375,213.656005859375,114.79750061035156,112.68476867675781,29.00092124938965,False
345,11.5,0.8932312726974487,11.369206011295319,20,20,0,single,0.0,STOPPED,False,,,,,25.889357083513445,9.061274979229704,1.8549919464111326,219.3818359375,212.9752197265625,114.15363311767578,112.32780456542969,29.86461639404297,False
346,11.533333333333333,0.9126896858215332,11.764840222895145,20,20,0,single,0.0,STOPPED,False,,,,,25.889357083513445,9.061274979229704,1.6736937835693357,219.20053100585938,211.47125244140625,113.34768676757812,112.72352600097656,31.275802612304688,False
347,11.566666666666666,0.9091787338256836,11.054027359932661,20,20,0,single,0.0,STOPPED,False,,,,,25.889357083513445,9.061274979229704,1.3717714874267577,219.08291625976562,210.27293395996094,112.9247055053711,113.05882263183594,31.25297737121582,False
348,11.6,0.879987359046936,12.096043210476637,20,20,0,unknown,0.0,STOPPED,False,,,,,,,,,,,,0.0,False
349,11.633333333333333,0.8847577571868896,11.024429928511381,20,20,0,single,0.0,STOPPED,False,,,,,25.889357083513445,9.061274979229704,1.4157839126586913,218.90689086914062,210.48915100097656,112.9247055053711,114.08056640625,32.32084274291992,False
350,11.666666666666666,0.8856551647186279,13.241932727396488,20,20,0,single,0.0,STOPPED,False,,,,,25.889357083513445,9.061274979229704,1.450034651184082,218.1125030517578,210.34735107421875,112.9247055053711,114.70568084716797,32.16542434692383,False
351,11.7,0.8911080956459045,11.335358023643494,20,20,0,single,0.0,STOPPED,False,,,,,25.889357083513445,9.061274979229704,1.5255604705810546,216.98904418945312,209.99893188476562,112.9247055053711,114.62582397460938,32.3880729675293,False
352,11.733333333333333,0.876240074634552,11.973319109529257,20,20,0,unknown,0.0,STOPPED,False,,,,,,,,,,,,0.0,False
353,11.766666666666667,0.8861095309257507,11.087245307862759,20,20,0,single,0.0,STOPPED,False,,,,,25.889357083513445,9.061274979229704,1.4657687255859375,216.91770935058594,211.83065795898438,112.9247055053711,113.99166107177734,34.493560791015625,False
354,11.8,0.8672823905944824,12.036351021379232,20,20,0,single,0.0,STOPPED,False,,,,,25.889357083513445,9.061274979229704,1.50214599609375,216.8120574951172,211.63682556152344,112.96959686279297,112.83575439453125,35.35866928100586,False
355,11.833333333333334,0.8618919849395752,10.998275596648455,20,20,0,unknown,0.0,STOPPED,False,,,,,,,,,,,,0.0,False
356,11.866666666666667,0.8652877807617188,11.704804841428995,20,20,0,unknown,0.0,STOPPED,False,,,,,,,,,,,,0.0,False
357,11.9,0.8201262950897217,11.111441999673843,20,20,0,single,0.0,STOPPED,False,,,,,25.889357083513445,9.061274979229704,1.834088589477539,216.72366333007812,211.87496948242188,112.96959686279297,111.17913055419922,36.19801712036133,False
358,11.933333333333334,0.7173537015914917,11.943444143980742,20,20,0,single,0.0,STOPPED,False,,,,,25.889357083513445,9.061274979229704,2.0863541015625,216.59225463867188,211.13267517089844,112.96959686279297,109.96229553222656,34.645328521728516,False
359,11.966666666666667,0.7136645317077637,11.170953046530485,20,20,0,single,0.0,STOPPED,False,,,,,25.889357083513445,9.061274979229704,2.1089767822265624,216.5653839111328,210.47427368164062,112.96959686279297,108.3668212890625,34.4996337890625,False
360,12.0,0.7669572234153748,12.151873670518398,20,20,0,single,0.0,STOPPED,False,,,,,25.889357083513445,9.061274979229704,2.3561748138427734,216.5653839111328,211.99465942382812,112.96959686279297,107.85980987548828,34.93470001220703,False
361,12.033333333333333,0.7186057567596436,11.375859845429659,20,20,0,unknown,0.0,STOPPED,False,,,,,,,,,,,,0.0,False
362,12.066666666666666,0.7271788716316223,12.213853187859058,20,20,0,unknown,0.0,STOPPED,False,,,,,,,,,,,,0.0,False
363,12.1,0.6865203380584717,11.451781261712313,20,20,0,single,0.0,STOPPED,False,,,,,25.889357083513445,9.061274979229704,2.3561748138427734,216.5653839111328,214.8009796142578,112.96959686279297,109.07533264160156,36.21126937866211,False
364,12.133333333333333,0.7477758526802063,11.958855669945478,20,20,0,unknown,0.0,STOPPED,False,,,,,,,,,,,,0.0,False
365,12.166666666666666,0.852616012096405,11.276455130428076,20,20,0,single,0.0,STOPPED,False,,,,,25.889357083513445,9.061274979229704,2.163565310668945,216.59225463867188,226.55694580078125,113.61852264404297,114.33000946044922,37.224578857421875,False
366,12.2,0.8955214023590088,12.088663876056671,20,20,0,single,0.0,STOPPED,False,,,,,25.889357083513445,9.061274979229704,1.9602213455200195,216.72366333007812,227.69822692871094,114.04500579833984,119.16835021972656,35.976131439208984,False
367,12.233333333333333,0.8962942361831665,11.124268174171448,20,20,0,single,0.0,STOPPED,False,,,,,25.889357083513445,9.061274979229704,1.67594474029541,216.8120574951172,228.23040771484375,114.23023223876953,121.97030639648438,35.35728073120117,False
368,12.266666666666667,0.9036436080932617,12.045808136463165,20,20,0,single,0.0,STOPPED,False,,,,,25.889357083513445,9.061274979229704,1.4633254760742187,216.92227172851562,230.28616333007812,114.50749969482422,123.74048614501953,33.52396011352539,False
369,12.3,0.8923137784004211,10.951385833323002,20,20,0,single,0.0,STOPPED,False,,,,,25.889357083513445,19.914723165893555,6.6382410552978515,222.73098754882812,232.92388916015625,114.67373657226562,124.06666564941406,33.37479782104492,False
370,12.333333333333334,0.9026986360549927,11.813018005341291,20,20,0,single,0.0,STOPPED,False,,,,,25.889357083513445,9.061274979229704,2.390776203918457,226.39280700683594,226.14659118652344,117.3832778930664,120.46855163574219,37.454105377197266,False
371,12.366666666666667,0.8712682723999023,12.160239275544882,20,20,0,single,0.0,STOPPED,False,,,,,25.889357083513445,9.061274979229704,2.390776203918457,226.39280700683594,219.41311645507812,117.3832778930664,113.64221954345703,36.621395111083984,False
372,12.4,0.9001606702804565,12.274524196982384,20,20,0,single,0.0,STOPPED,False,,,,,25.889357083513445,9.061274979229704,2.390776203918457,226.39280700683594,209.9241180419922,117.3832778930664,105.04624938964844,44.84130859375,True
373,12.433333333333334,0.9121841788291931,10.90560993179679,20,20,0,unknown,0.0,STOPPED,False,,,,,,,,,,,,0.0,False
374,12.466666666666667,0.9135447144508362,11.855557095259428,20,20,0,unknown,0.0,STOPPED,False,,,,,,,,,,,,0.0,False
375,12.5,0.9048035144805908,11.087225284427404,20,20,0,single,0.0,STOPPED,False,,,,,25.889357083513445,9.061274979229704,2.390776203918457,226.39280700683594,198.646728515625,117.3832778930664,95.38986206054688,41.683834075927734,True
376,12.533333333333333,0.887566328048706,11.953667737543583,20,20,0,single,0.0,STOPPED,False,,,,,25.889357083513445,9.061274979229704,2.3004551513671876,226.39280700683594,191.25909423828125,117.3832778930664,89.95638275146484,39.502220153808594,True
377,12.566666666666666,0.8805922865867615,11.225387919694185,20,20,0,single,0.0,STOPPED,False,,,,,25.889357083513445,9.061274979229704,2.3004551513671876,226.39280700683594,190.81863403320312,117.3832778930664,89.73914337158203,38.011749267578125,True
378,12.6,0.8735476732254028,12.195512186735868,20,20,0,single,0.0,STOPPED,False,,,,,25.889357083513445,9.061274979229704,2.3004551513671876,226.39280700683594,195.66571044921875,117.3832778930664,93.4770278930664,37.602664947509766,True
379,12.633333333333333,0.862745463848114,11.413456872105598,20,20,0,single,0.0,STOPPED,False,,,,,25.889357083513445,9.061274979229704,2.3004551513671876,226.39280700683594,199.8974609375,117.3832778930664,96.65721130371094,36.558349609375,True
380,12.666666666666666,0.8536386489868164,12.344456743448973,20,20,0,single,0.0,STOPPED,False,,,,,25.889357083513445,9.061274979229704,2.3004551513671876,226.39280700683594,206.052001953125,117.3832778930664,102.92684936523438,35.13365173339844,True
381,12.7,0.8757282495498657,11.23319286853075,20,20,0,single,0.0,STOPPED,False,,,,,25.889357083513445,9.061274979229704,2.3004551513671876,226.39280700683594,214.30117797851562,117.3832778930664,112.04346466064453,29.26966667175293,True
382,12.733333333333333,0.8909241557121277,11.884205974638462,21,21,0,single,0.0,JUMPING,True,,,35.57417297363281,29.464584350585938,28.310561056043287,9.476889779663086,3.1589632598876953,226.39280700683594,220.93826293945312,119.20372772216797,119.22731018066406,30.30341148376465,False
383,12.766666666666667,0.8994277715682983,10.989747941493988,21,21,0,single,0.0,JUMPING,False,,,,,28.310561056043287,16.07746407165527,5.359154690551757,226.39280700683594,222.94224548339844,119.97205352783203,121.15209197998047,30.413963317871094,False
384,12.8,0.8799095749855042,12.039454653859138,21,21,0,single,0.0,JUMPING,False,,,,,28.310561056043287,16.332138899230955,5.444046299743652,226.39280700683594,219.96458435058594,119.97205352783203,117.544921875,30.944196701049805,False
385,12.833333333333334,0.904793918132782,11.339339893311262,21,21,0,single,0.0,JUMPING,False,,,,,28.310561056043287,16.332138899230955,5.444046299743652,226.39280700683594,214.30078125,119.97205352783203,110.6771011352539,30.45427894592285,False
386,12.866666666666667,0.905785322189331,12.796102091670036,21,21,0,single,0.0,JUMPING,False,,,,,28.310561056043287,16.332138899230955,5.444046299743652,226.39280700683594,210.36264038085938,119.97205352783203,106.1318359375,30.5454044342041,False
387,12.9,0.9128403663635254,11.269539128988981,21,21,0,single,0.0,JUMPING,False,,,,,28.310561056043287,16.332138899230955,5.444046299743652,226.39280700683594,204.50479125976562,119.97205352783203,99.9717788696289,34.20708084106445,True
388,12.933333333333334,0.8957000374794006,12.53903890028596,21,21,0,single,0.0,JUMPING,False,,,,,28.310561056043287,16.332138899230955,5.444046299743652,226.39280700683594,200.7043914794922,119.97205352783203,95.67932891845703,36.17923355102539,True
389,12.966666666666667,0.9015188813209534,11.050701141357422,21,21,0,single,0.0,JUMPING,False,,,,,28.310561056043287,16.332138899230955,5.444046299743652,226.39280700683594,196.44805908203125,119.97205352783203,93.81053924560547,37.65440368652344,True
390,13.0,0.8891530632972717,12.345211114734411,21,21,0,single,0.0,JUMPING,False,,,,,28.310561056043287,16.332138899230955,5.444046299743652,226.39280700683594,193.81890869140625,119.97205352783203,94.92733001708984,32.250587463378906,True
391,13.033333333333333,0.8626060485839844,11.202806606888771,21,21,0,single,0.0,JUMPING,False,,,,,28.310561056043287,16.332138899230955,5.444046299743652,226.39280700683594,198.1669921875,119.97205352783203,99.01641082763672,31.848787307739258,True
392,13.066666666666666,0.8743352293968201,12.589836958795786,21,21,0,single,0.0,JUMPING,False,,,,,28.310561056043287,16.332138899230955,5.444046299743652,226.39280700683594,201.67276000976562,119.97205352783203,101.966064453125,30.643415451049805,True
393,13.1,0.8479053974151611,11.18046697229147,21,21,0,unknown,0.0,JUMPING,False,,,,,,,,,,,,0.0,False
394,13.133333333333333,0.8586192727088928,12.11067195981741,22,22,0,single,150.00014305128389,JUMPING,True,0.40000000000000036,0.40000000000000036,32.57389831542969,26.161514282226562,29.376395370889888,16.332138899230955,5.444046299743652,226.39280700683594,212.45835876464844,119.97205352783203,112.93701171875,27.119579315185547,False
395,13.166666666666666,0.9103893041610718,11.723747942596674,22,22,0,single,150.00014305128389,JUMPING,False,,0.40000000000000036,,,29.376395370889888,18.046180233764645,6.015393411254882,226.39280700683594,222.08926391601562,120.65135192871094,120.77322387695312,31.10323715209961,False
396,13.2,0.853934645652771,12.335535138845444,22,22,0,single,150.00014305128389,JUMPING,False,,0.40000000000000036,,,29.376395370889888,16.332138899230955,5.444046299743652,226.80227661132812,226.9658203125,121.00054168701172,123.67050170898438,34.06370544433594,False
397,13.233333333333333,0.9107705354690552,11.077465955168009,22,22,0,single,150.00014305128389,JUMPING,False,,0.40000000000000036,,,29.376395370889888,14.695399264526365,4.898466421508789,226.80227661132812,226.2462158203125,121.2178955078125,121.26176452636719,34.495765686035156,False
398,13.266666666666667,0.9097018241882324,12.258131988346577,22,22,0,single,150.00014305128389,JUMPING,False,,0.40000000000000036,,,29.376395370889888,13.452090669250486,4.484030223083495,226.80227661132812,223.40170288085938,121.2178955078125,118.3585205078125,33.973445892333984,False
399,13.3,0.9155675172805786,11.1804842017591,22,22,0,single,150.00014305128389,JUMPING,False,,0.40000000000000036,,,29.376395370889888,13.452090669250486,4.484030223083495,226.80227661132812,215.84024047851562,121.2178955078125,112.0279769897461,31.81549072265625,False
400,13.333333333333334,0.9181904196739197,12.166810221970081,22,22,0,single,150.00014305128389,JUMPING,False,,0.40000000000000036,,,29.376395370889888,13.452090669250486,4.484030223083495,226.80227661132812,208.37318420410156,121.2178955078125,105.32121276855469,32.468746185302734,True
401,13.366666666666667,0.9141395688056946,11.250022798776627,22,22,0,single,150.00014305128389,JUMPING,False,,0.40000000000000036,,,29.376395370889888,13.452090669250486,4.484030223083495,226.80227661132812,202.7813720703125,121.2178955078125,100.23152160644531,32.619606018066406,True
402,13.4,0.9100974798202515,11.94765605032444,22,22,0,single,150.00014305128389,JUMPING,False,,0.40000000000000036,,,29.376395370889888,13.452090669250486,4.484030223083495,226.80227661132812,199.77261352539062,121.2178955078125,97.62837982177734,31.443063735961914,True
403,13.433333333333334,0.9086995124816895,11.230714153498411,22,22,0,single,150.00014305128389,JUMPING,False,,0.40000000000000036,,,29.376395370889888,13.452090669250486,4.484030223083495,226.80227661132812,199.9580535888672,121.2178955078125,98.20062255859375,32.53655242919922,True
404,13.466666666666667,0.8999295234680176,12.270709965378046,22,22,0,single,150.00014305128389,JUMPING,False,,0.40000000000000036,,,29.376395370889888,13.452090669250486,4.484030223083495,226.80227661132812,200.66944885253906,121.2178955078125,98.84915161132812,32.47561264038086,True
405,13.5,0.9063055515289307,11.306703090667725,22,22,0,single,150.00014305128389,JUMPING,False,,0.40000000000000036,,,29.376395370889888,13.452090669250486,4.484030223083495,226.80227661132812,203.79437255859375,121.2178955078125,102.03938293457031,28.309738159179688,True
406,13.533333333333333,0.8766083121299744,12.167781125754118,22,22,0,single,150.00014305128389,JUMPING,False,,0.40000000000000036,,,29.376395370889888,13.452090669250486,4.484030223083495,226.80227661132812,208.16123962402344,121.2178955078125,108.350341796875,24.958890914916992,True
407,13.566666666666666,0.8797101974487305,11.012598872184753,23,23,0,single,144.00005493166157,JUMPING,True,0.43333333333333357,0.40733333333333366,27.0296630859375,23.589515686035156,28.78971229965179,13.452090669250486,4.484030223083495,226.80227661132812,216.029541015625,121.2178955078125,116.10572814941406,24.8701171875,False
408,13.6,0.8742479085922241,12.044965755194426,23,23,0,single,144.00005493166157,JUMPING,False,,0.40733333333333366,,,28.78971229965179,14.252288818359375,4.750762939453125,226.80227661132812,221.48858642578125,121.6868896484375,122.08721923828125,26.249711990356445,False
409,13.633333333333333,0.8339173197746277,11.1429407261312,23,23,0,single,144.00005493166157,JUMPING,False,,0.40733333333333366,,,28.78971229965179,11.76034398651123,3.92011466217041,226.80227661132812,224.52804565429688,122.04045104980469,125.592529296875,24.462434768676758,False
410,13.666666666666666,0.8456221222877502,12.038188986480236,23,23,0,double,144.00005493166157,JUMPING,False,,0.40733333333333366,,,28.78971229965179,11.029710580444334,3.676570193481445,226.80227661132812,225.21841430664062,123.03718566894531,127.00547790527344,24.25109100341797,False
411,13.7,0.8385456800460815,11.181671638041735,23,23,0,double,144.00005493166157,JUMPING,False,,0.40733333333333366,,,28.78971229965179,10.076399304878125,3.0894663848876953,227.40525817871094,227.84732055664062,123.71249389648438,127.13728332519531,23.0824031829834,False
412,13.733333333333333,0.9010193347930908,11.869476176798344,23,23,0,double,144.00005493166157,JUMPING,False,,0.40733333333333366,,,28.78971229965179,10.076399304878125,2.941762902832031,227.78768920898438,228.7935333251953,123.93619537353516,125.22738647460938,26.815074920654297,False
413,13.766666666666667,0.8969588279724121,11.227592825889587,23,23,0,single,144.00005493166157,JUMPING,False,,0.40733333333333366,,,28.78971229965179,10.076399304878125,2.941762902832031,227.80674743652344,227.74588012695312,123.93619537353516,123.42959594726562,26.58953094482422,False
414,13.8,0.9053645133972168,13.971026055514812,23,23,0,single,144.00005493166157,JUMPING,False,,0.40733333333333366,,,28.78971229965179,10.076399304878125,3.0894663848876953,227.80674743652344,224.25625610351562,123.93619537353516,121.3997573852539,26.559680938720703,False
415,13.833333333333334,0.911204993724823,11.17631234228611,23,23,0,single,144.00005493166157,JUMPING,False,,0.40733333333333366,,,28.78971229965179,12.579748791503905,4.193249597167968,227.43385314941406,221.31008911132812,123.93619537353516,119.81072998046875,28.258750915527344,False
416,13.866666666666667,0.9173019528388977,11.94422785192728,23,23,0,single,144.00005493166157,JUMPING,False,,0.40733333333333366,,,28.78971229965179,12.180820440673827,4.060273480224609,226.677978515625,218.87646484375,123.908203125,118.95649719238281,29.548978805541992,False
417,13.9,0.9109649658203125,10.998971294611692,23,23,0,single,144.00005493166157,JUMPING,False,,0.40733333333333366,,,28.78971229965179,12.051599688720701,4.017199896240234,226.20635986328125,215.08251953125,123.57414245605469,118.03106689453125,27.08385467529297,False
418,13.933333333333334,0.9043257236480713,12.332478072494268,23,23,0,single,144.00005493166157,JUMPING,False,,0.40733333333333366,,,28.78971229965179,10.977452188110352,3.659150729370117,225.83509826660156,212.0884246826172,123.57414245605469,117.66438293457031,24.521137237548828,True
419,13.966666666666667,0.9055802822113037,11.268644593656063,23,23,0,single,144.00005493166157,JUMPING,False,,0.40733333333333366,,,28.78971229965179,12.051599688720701,4.017199896240234,225.83509826660156,212.26385498046875,123.57414245605469,118.08769226074219,25.09656524658203,True
420,14.0,0.9123046398162842,12.165616266429424,23,23,0,single,144.00005493166157,JUMPING,False,,0.40733333333333366,,,28.78971229965179,12.051599688720701,4.017199896240234,225.83509826660156,212.265869140625,123.57414245605469,118.0521469116211,24.73007583618164,True
421,14.033333333333333,0.9061612486839294,11.140687391161919,23,23,0,single,144.00005493166157,JUMPING,False,,0.40733333333333366,,,28.78971229965179,12.051599688720701,4.017199896240234,225.83509826660156,212.54241943359375,123.57414245605469,117.84259033203125,24.43196678161621,True
422,14.066666666666666,0.9078176021575928,12.28442881256342,23,23,0,double,144.00005493166157,JUMPING,False,,0.40733333333333366,,,28.78971229965179,12.051599688720701,4.017199896240234,225.83509826660156,211.847900390625,123.57414245605469,117.54605865478516,24.207130432128906,True
423,14.1,0.9013099074363708,11.493034660816193,23,23,0,double,144.00005493166157,JUMPING,False,,0.40733333333333366,,,28.78971229965179,12.051599688720701,4.017199896240234,225.83509826660156,213.15997314453125,123.57414245605469,117.73942565917969,25.105937957763672,True
424,14.133333333333333,0.900944173336029,12.567982077598572,23,23,0,double,144.00005493166157,JUMPING,False,,0.40733333333333366,,,28.78971229965179,12.051599688720701,4.017199896240234,225.83509826660156,213.33926391601562,123.57414245605469,117.52778625488281,24.584733963012695,True
425,14.166666666666666,0.9082832932472229,11.302605737000704,23,23,0,double,144.00005493166157,JUMPING,False,,0.40733333333333366,,,28.78971229965179,12.051599688720701,4.017199896240234,225.83509826660156,213.30648803710938,123.57414245605469,117.80269622802734,26.17211151123047,True
426,14.2,0.9056627154350281,12.011037208139896,24,24,0,single,122.727309967872,JUMPING,True,0.6333333333333329,0.45705333333333353,13.987197875976562,6.046356201171875,25.08908369373298,12.051599688720701,4.017199896240234,225.83509826660156,213.82806396484375,123.57414245605469,117.884033203125,27.088382720947266,False
427,14.233333333333333,0.8994941115379333,10.861322283744812,24,24,0,single,122.727309967872,JUMPING,False,,0.45705333333333353,,,25.08908369373298,12.051599688720701,4.017199896240234,225.83509826660156,215.48741149902344,123.57414245605469,117.77590942382812,29.11478614807129,False
428,14.266666666666667,0.9040260314941406,12.135388795286417,24,24,0,single,122.727309967872,JUMPING,False,,0.45705333333333353,,,25.08908369373298,10.8449737701416,3.614991256713867,225.83509826660156,216.4635009765625,123.57414245605469,117.49687194824219,28.569072723388672,False
429,14.3,0.8984478712081909,11.316480115056038,24,24,0,single,122.727309967872,JUMPING,False,,0.45705333333333353,,,25.08908369373298,10.847213415527342,3.615737805175781,225.83509826660156,215.73065185546875,123.57414245605469,118.28657531738281,29.1372127532959,False
430,14.333333333333334,0.9073848128318787,12.1614052914083,24,24,0,single,122.727309967872,JUMPING,False,,0.45705333333333353,,,25.08908369373298,10.8449737701416,3.614991256713867,225.83509826660156,214.36126708984375,123.57414245605469,118.09065246582031,29.0512638092041,True
431,14.366666666666667,0.9048571586608887,10.949673596769571,24,24,0,single,122.727309967872,JUMPING,False,,0.45705333333333353,11.473831176757812,5.5818939208984375,25.08908369373298,10.8449737701416,3.614991256713867,225.83509826660156,216.63522338867188,123.57414245605469,117.99224853515625,32.03368377685547,False
432,14.4,0.8974577188491821,11.973292101174593,24,24,0,single,122.727309967872,JUMPING,False,,0.45705333333333353,,,25.08908369373298,10.847213415527342,3.615737805175781,225.83509826660156,220.28677368164062,123.57414245605469,117.9095230102539,33.22612380981445,False
433,14.433333333333334,0.8880519270896912,10.951824020594358,24,24,0,single,122.727309967872,JUMPING,False,,0.45705333333333353,,,25.08908369373298,12.180820440673827,4.060273480224609,225.83509826660156,219.8734130859375,123.57414245605469,117.93727111816406,31.817529678344727,False
434,14.466666666666667,0.9056132435798645,13.366881757974625,24,24,0,single,122.727309967872,JUMPING,False,,0.45705333333333353,,,25.08908369373298,12.310041192626953,4.103347064208984,225.83509826660156,220.35208129882812,123.57414245605469,118.13217163085938,29.4016056060791,False
435,14.5,0.8793208599090576,10.901566594839096,24,24,0,single,122.727309967872,JUMPING,False,,0.45705333333333353,,,25.08908369373298,12.310041192626953,4.103347064208984,225.83509826660156,218.8086395263672,123.57414245605469,117.6512222290039,29.763635635375977,False
436,14.533333333333333,0.882476806640625,11.932701338082552,24,24,0,single,122.727309967872,JUMPING,False,,0.45705333333333353,,,25.08908369373298,12.310041192626953,4.103347064208984,225.83509826660156,216.76220703125,123.57414245605469,116.79474639892578,30.899145126342773,False
437,14.566666666666666,0.8860988616943359,11.040045879781246,24,24,0,single,122.727309967872,JUMPING,False,,0.45705333333333353,,,25.08908369373298,12.310041192626953,4.103347064208984,225.83509826660156,215.67669677734375,123.57414245605469,116.30938720703125,30.853649139404297,False
438,14.6,0.8875570297241211,12.081086169928312,24,24,0,single,122.727309967872,JUMPING,False,,0.45705333333333353,,,25.08908369373298,12.310041192626953,4.103347064208984,225.83509826660156,214.93930053710938,123.57414245605469,116.16592407226562,31.70686149597168,False
439,14.633333333333333,0.8867857456207275,11.041671968996525,24,24,0,single,122.727309967872,JUMPING,False,,0.45705333333333353,,,25.08908369373298,12.310041192626953,4.103347064208984,225.83509826660156,214.49078369140625,123.57414245605469,116.34393310546875,38.186763763427734,False
440,14.666666666666666,0.8721154928207397,12.086748145520687,24,24,0,single,122.727309967872,JUMPING,False,,0.45705333333333353,,,25.08908369373298,13.311434152221679,4.437144717407226,225.83509826660156,214.67620849609375,123.57414245605469,116.33462524414062,42.26394271850586,False
441,14.7,0.8769081830978394,10.986178182065487,24,24,0,single,122.727309967872,JUMPING,False,,0.45705333333333353,,,25.08908369373298,13.103961547851561,4.367987182617187,224.9422607421875,213.3507080078125,122.89264678955078,116.53002166748047,47.99298858642578,False
442,14.733333333333333,0.8735814094543457,12.081373948603868,24,24,0,single,122.727309967872,JUMPING,False,,0.45705333333333353,,,25.08908369373298,10.519275036621092,3.506425012207031,224.41932678222656,214.10340881347656,122.89264678955078,116.7648696899414,49.362552642822266,False
443,14.766666666666667,0.8875732421875,11.306826956570148,24,24,0,single,122.727309967872,JUMPING,False,,0.45705333333333353,,,25.08908369373298,11.919867819213867,3.973289273071289,224.41932678222656,214.45904541015625,122.89264678955078,116.81187438964844,50.88704299926758,False
444,14.8,0.8776934742927551,11.880679056048393,24,24,0,single,122.727309967872,JUMPING,False,,0.45705333333333353,,,25.08908369373298,11.919867819213867,3.973289273071289,224.41932678222656,214.69114685058594,122.89264678955078,117.15953063964844,53.78865051269531,False
445,14.833333333333334,0.8712781667709351,11.106699239462614,24,24,0,single,122.727309967872,JUMPING,False,,0.45705333333333353,,,25.08908369373298,11.919867819213867,3.973289273071289,224.41932678222656,214.31207275390625,122.89264678955078,117.490234375,56.97962188720703,False
446,14.866666666666667,0.8806002736091614,12.024722062051296,24,24,0,single,122.727309967872,JUMPING,False,,0.45705333333333353,,,25.08908369373298,11.919867819213867,3.973289273071289,224.41932678222656,213.72146606445312,122.89264678955078,117.585693359375,57.83692932128906,False
447,14.9,0.8830201625823975,10.96366997808218,24,24,0,single,122.727309967872,JUMPING,False,,0.45705333333333353,,,25.08908369373298,11.919867819213867,3.973289273071289,224.41932678222656,213.68460083007812,122.89264678955078,117.70498657226562,57.64188766479492,False
448,14.933333333333334,0.8808237314224243,12.113532051444054,24,24,0,single,122.727309967872,JUMPING,False,,0.45705333333333353,,,25.08908369373298,11.919867819213867,3.973289273071289,224.41932678222656,213.9503936767578,122.89264678955078,117.81393432617188,58.236019134521484,False
449,14.966666666666667,0.8837718367576599,11.391917709261179,24,24,0,single,122.727309967872,JUMPING,False,,0.45705333333333353,,,25.08908369373298,11.919867819213867,3.973289273071289,224.41932678222656,214.83248901367188,122.89264678955078,117.75035095214844,57.50352478027344,False
450,15.0,0.8786580562591553,12.115462683141232,24,24,0,single,122.727309967872,JUMPING,False,,0.45705333333333353,,,25.08908369373298,11.919867819213867,3.973289273071289,224.41932678222656,215.16383361816406,122.89264678955078,117.28981018066406,55.24905776977539,False
451,15.033333333333333,0.8807576298713684,10.916933882981539,24,24,0,single,122.727309967872,JUMPING,False,,0.45705333333333353,,,25.08908369373298,11.919867819213867,3.973289273071289,224.41932678222656,215.40921020507812,122.89264678955078,117.04466247558594,53.356407165527344,False
452,15.066666666666666,0.870180070400238,11.958017945289612,24,24,0,single,122.727309967872,JUMPING,False,,0.45705333333333353,,,25.08908369373298,11.919867819213867,3.973289273071289,224.41932678222656,216.3402557373047,122.89264678955078,117.15351867675781,51.506492614746094,False
453,15.1,0.8866654634475708,11.281422805041075,24,24,0,single,122.727309967872,JUMPING,False,,0.45705333333333353,,,25.08908369373298,12.022755770874022,4.0075852569580075,224.41932678222656,216.38221740722656,122.61766052246094,117.6387939453125,49.160037994384766,False
454,15.133333333333333,0.888036847114563,12.176130898296833,24,24,0,single,122.727309967872,JUMPING,False,,0.45705333333333353,,,25.08908369373298,11.125947463989258,3.7086491546630858,223.07778930664062,214.84170532226562,120.76414489746094,117.49488830566406,44.28118896484375,False
455,15.166666666666666,0.8929821848869324,11.04692230001092,24,24,0,single,122.727309967872,JUMPING,False,,0.45705333333333353,,,25.08908369373298,8.781179292806543,2.5023399536132813,220.9268798828125,214.66366577148438,119.46903228759766,117.76591491699219,40.69154739379883,False
456,15.2,0.891542911529541,12.32153782621026,24,24,0,single,122.727309967872,JUMPING,False,,0.45705333333333353,,,25.08908369373298,8.781179292806543,1.5411701202392578,220.32595825195312,211.68685913085938,118.68852996826172,117.21759033203125,37.763160705566406,False
457,15.233333333333333,0.8851561546325684,11.00568799301982,24,24,0,single,122.727309967872,JUMPING,False,,0.45705333333333353,,,25.08908369373298,8.781179292806543,1.4833239257812498,220.12142944335938,210.84254455566406,118.22481536865234,116.85973358154297,38.059165954589844,True
458,15.266666666666667,0.8864311575889587,11.900116689503193,24,24,0,single,122.727309967872,JUMPING,False,,0.45705333333333353,,,25.08908369373298,8.781179292806543,1.5721858154296875,219.47463989257812,210.45486450195312,118.11556243896484,117.0337905883789,38.435420989990234,True
459,15.3,0.9039559960365295,11.070032604038715,24,24,0,single,122.727309967872,JUMPING,False,,0.45705333333333353,,,25.08908369373298,8.781179292806543,1.484488993835449,218.84933471679688,209.72708129882812,118.08946990966797,116.11636352539062,39.61688995361328,True
460,15.333333333333334,0.8943362236022949,12.265334837138653,24,24,0,single,0.0,JUMPING,False,1.1333333333333346,,8.262985229492188,2.5744705200195312,25.08908369373298,8.781179292806543,1.5167376251220703,217.9900665283203,212.3717803955078,118.07347106933594,115.4990005493164,41.60845184326172,False
461,15.366666666666667,0.8862136006355286,11.260625906288624,24,24,0,single,122.727309967872,JUMPING,False,,0.45705333333333353,,,25.08908369373298,8.781179292806543,1.841011129760742,216.71141052246094,215.90541076660156,118.04371643066406,115.68804931640625,42.1105842590332,False
462,15.4,0.8866915702819824,12.060001958161592,24,24,0,single,122.727309967872,JUMPING,False,,0.45705333333333353,,,25.08908369373298,8.781179292806543,1.893801155090332,216.91238403320312,217.01251220703125,118.02819061279297,115.8099136352539,41.549259185791016,False
463,15.433333333333334,0.9018988609313965,10.992044117301702,24,24,0,single,122.727309967872,JUMPING,False,,0.45705333333333353,,,25.08908369373298,8.781179292806543,1.893801155090332,216.91238403320312,216.6318359375,118.02819061279297,115.53033447265625,37.34228515625,False
464,15.466666666666667,0.8903710246086121,12.737452052533627,24,24,0,single,122.727309967872,JUMPING,False,,0.45705333333333353,,,25.08908369373298,8.781179292806543,1.893801155090332,216.91238403320312,216.2819061279297,117.97026062011719,115.33551788330078,37.984928131103516,False
465,15.5,0.847660481929779,10.935388039797544,24,24,0,single,122.727309967872,JUMPING,False,,0.45705333333333353,,,25.08908369373298,8.781179292806543,1.893801155090332,216.91238403320312,213.29656982421875,117.9261703491211,114.49320983886719,37.723514556884766,False
466,15.533333333333333,0.8608953356742859,12.172170914709568,24,24,0,single,122.727309967872,JUMPING,False,,0.45705333333333353,,,25.08908369373298,8.781179292806543,1.7018590209960938,216.91238403320312,210.72071838378906,117.9261703491211,114.24064636230469,36.23448181152344,False
467,15.566666666666666,0.8810039758682251,11.102572083473206,24,24,0,single,122.727309967872,JUMPING,False,,0.45705333333333353,,,25.08908369373298,8.781179292806543,1.6813628723144531,216.91238403320312,209.1706085205078,117.9261703491211,114.12185668945312,36.26133728027344,False
468,15.6,0.8756849765777588,11.943517718464136,24,24,0,single,122.727309967872,JUMPING,False,,0.45705333333333353,,,25.08908369373298,8.781179292806543,1.6608667236328125,216.91238403320312,208.81350708007812,117.9261703491211,114.16117858886719,34.73844909667969,False
469,15.633333333333333,0.888238787651062,11.159397661685944,24,24,0,single,122.727309967872,JUMPING,False,,0.45705333333333353,,,25.08908369373298,8.781179292806543,1.6541930328369139,216.91238403320312,209.01885986328125,117.9261703491211,114.38052368164062,35.876949310302734,False
470,15.666666666666666,0.8890405893325806,12.242063879966736,24,24,0,single,122.727309967872,JUMPING,False,,0.45705333333333353,,,25.08908369373298,8.781179292806543,1.6475193420410155,216.91238403320312,209.34898376464844,117.9261703491211,114.67546081542969,37.250850677490234,False
471,15.7,0.8718560338020325,11.115619912743568,24,24,0,single,122.727309967872,JUMPING,False,,0.45705333333333353,,,25.08908369373298,8.781179292806543,1.7283501800537109,216.91238403320312,210.10452270507812,117.9261703491211,114.54285430908203,34.30120849609375,False
472,15.733333333333333,0.8778198957443237,11.98225887492299,24,24,0,single,122.727309967872,STOPPED,False,,0.45705333333333353,,,25.08908369373298,8.781179292806543,1.805561389160156,216.91238403320312,209.80917358398438,117.9261703491211,114.54063415527344,34.74385070800781,False
473,15.766666666666667,0.8624582290649414,11.132956016808748,24,24,0,single,122.727309967872,STOPPED,False,,0.45705333333333353,,,25.08908369373298,8.781179292806543,1.6189582077026365,216.91238403320312,210.3233642578125,117.9261703491211,114.68699645996094,37.26858901977539,False
474,15.8,0.8771056532859802,12.074592988938093,24,24,0,single,122.727309967872,STOPPED,False,,0.45705333333333353,,,25.08908369373298,8.781179292806543,1.6608667236328125,216.91238403320312,210.60572814941406,117.87128448486328,114.765380859375,39.36640548706055,False
475,15.833333333333334,0.9043673276901245,11.021066922694445,24,24,0,single,122.727309967872,STOPPED,False,,0.45705333333333353,,,25.08908369373298,8.781179292806543,1.7155231201171874,216.91238403320312,211.49649047851562,117.79472351074219,114.83421325683594,41.574729919433594,False
476,15.866666666666667,0.9079654812812805,12.145748361945152,24,24,0,single,122.727309967872,STOPPED,False,,0.45705333333333353,,,25.08908369373298,8.781179292806543,1.7018590209960938,216.91238403320312,211.92764282226562,117.75968933105469,114.77207946777344,42.37077713012695,False
477,15.9,0.9043065309524536,10.978077072650194,24,24,0,single,122.727309967872,STOPPED,False,,0.45705333333333353,,,25.08908369373298,8.781179292806543,1.9651870239257812,216.71005249023438,212.35409545898438,117.73220825195312,114.8707275390625,42.777156829833984,False
478,15.933333333333334,0.9061006307601929,12.032880913466215,24,24,0,single,122.727309967872,STOPPED,False,,0.45705333333333353,,,25.08908369373298,8.781179292806543,1.8585663299560546,216.531982421875,213.6425018310547,117.68347930908203,114.37339782714844,45.033119201660156,False
479,15.966666666666667,0.8881744146347046,10.982561856508255,24,24,0,single,122.727309967872,STOPPED,False,,0.45705333333333353,,,25.08908369373298,8.781179292806543,1.7234863037109374,216.3654327392578,214.01870727539062,117.64624786376953,114.17849731445312,42.16419982910156,False
480,16.0,0.9044662714004517,12.106198817491531,24,24,0,single,122.727309967872,STOPPED,False,,0.45705333333333353,,,25.08908369373298,8.781179292806543,1.9795976715087888,216.31690979003906,212.2030029296875,117.6175537109375,114.02682495117188,41.67912292480469,False
481,16.033333333333335,0.8911031484603882,10.832944884896278,24,24,0,single,122.727309967872,STOPPED,False,,0.45705333333333353,,,25.08908369373298,8.781179292806543,1.987198892211914,216.1313018798828,212.728515625,117.6175537109375,114.00018310546875,41.78300476074219,False
482,16.066666666666666,0.9036480188369751,11.924034915864468,24,24,0,single,122.727309967872,STOPPED,False,,0.45705333333333353,,,25.08908369373298,8.781179292806543,1.987198892211914,216.1313018798828,211.93809509277344,117.6175537109375,114.18421936035156,41.103450775146484,False
483,16.1,0.897570788860321,10.84189722314477,24,24,0,single,122.727309967872,STOPPED,False,,0.45705333333333353,,,25.08908369373298,8.781179292806543,2.1838691665649415,216.1313018798828,211.17129516601562,117.6175537109375,114.07142639160156,38.6483268737793,False
484,16.133333333333333,0.9071840643882751,12.015560641884804,24,24,0,single,122.727309967872,STOPPED,False,,0.45705333333333353,,,25.08908369373298,8.781179292806543,2.1948637893676755,216.1313018798828,211.06137084960938,117.6175537109375,114.33741760253906,36.17571258544922,False
485,16.166666666666668,0.9036220908164978,11.499124113470316,24,24,0,single,122.727309967872,STOPPED,False,,0.45705333333333353,,,25.08908369373298,8.781179292806543,2.3912399688720702,216.1313018798828,211.89593505859375,117.6175537109375,114.37539672851562,37.12137985229492,False
486,16.2,0.889660656452179,12.109347153455019,24,24,0,single,122.727309967872,STOPPED,False,,0.45705333333333353,,,25.08908369373298,8.781179292806543,2.5658983749389646,216.1313018798828,210.8387451171875,117.6175537109375,113.83444213867188,37.76941680908203,False
487,16.233333333333334,0.8909104466438293,12.441025115549564,24,24,0,single,122.727309967872,STOPPED,False,,0.45705333333333353,,,25.08908369373298,8.781179292806543,2.4224932022094725,216.1313018798828,210.279541015625,117.6175537109375,113.61398315429688,37.361480712890625,False
488,16.266666666666666,0.8999754786491394,12.155500240623951,24,24,0,single,122.727309967872,STOPPED,False,,0.45705333333333353,,,25.08908369373298,8.781179292806543,2.7050844177246094,216.1313018798828,210.15867614746094,117.6175537109375,113.50811004638672,37.4829216003418,False
489,16.3,0.8863452672958374,11.182988993823528,24,24,0,single,122.727309967872,STOPPED,False,,0.45705333333333353,,,25.08908369373298,8.781179292806543,2.796140707397461,216.1313018798828,210.05825805664062,117.6175537109375,112.96090698242188,37.67788314819336,False
490,16.333333333333332,0.8725511431694031,11.926107108592987,24,24,0,single,122.727309967872,STOPPED,False,,0.45705333333333353,,,25.08908369373298,8.781179292806543,2.534498094177246,216.1313018798828,209.94168090820312,117.6175537109375,112.97914123535156,34.4513053894043,False
491,16.366666666666667,0.8903005719184875,11.177430860698223,24,24,0,single,122.727309967872,STOPPED,False,,0.45705333333333353,,,25.08908369373298,8.781179292806543,2.3941582946777342,216.1313018798828,211.16819763183594,117.58123016357422,113.14608764648438,35.539276123046875,False
492,16.4,0.861692488193512,12.038475833833218,24,24,0,single,122.727309967872,STOPPED,False,,0.45705333333333353,,,25.08908369373298,8.781179292806543,2.3941582946777342,216.1313018798828,211.6531524658203,117.41285705566406,113.09199523925781,35.33821487426758,False
493,16.433333333333334,0.880247175693512,11.102407705038786,24,24,0,single,122.727309967872,STOPPED,False,,0.45705333333333353,,,25.08908369373298,8.781179292806543,2.0865124603271483,216.1313018798828,211.54949951171875,117.26092529296875,112.89793395996094,34.57286071777344,False
494,16.466666666666665,0.8919665217399597,12.203402817249298,24,24,0,single,122.727309967872,STOPPED,False,,0.45705333333333353,,,25.08908369373298,8.781179292806543,1.8823653900146484,216.1313018798828,211.1829833984375,117.19196319580078,112.66482543945312,34.7381477355957,False
495,16.5,0.9066423177719116,11.069410014897585,24,24,0,single,122.727309967872,STOPPED,False,,0.45705333333333353,,,25.08908369373298,8.781179292806543,1.6783879898071288,216.1313018798828,210.9028778076172,117.10997772216797,111.93270874023438,33.41415786743164,False
496,16.533333333333335,0.9359237551689148,12.006385251879692,24,24,0,single,122.727309967872,STOPPED,False,,0.45705333333333353,,,25.08908369373298,8.781179292806543,1.567389807128906,216.1313018798828,209.48446655273438,117.10562896728516,111.45126342773438,31.595558166503906,False
497,16.566666666666666,0.9168185591697693,11.068104300647974,24,24,0,single,122.727309967872,STOPPED,False,,0.45705333333333353,,,25.08908369373298,8.781179292806543,1.739276934814453,215.47991943359375,209.98611450195312,116.96416473388672,111.23699951171875,31.161285400390625,False
498,16.6,0.9117026925086975,13.689407147467136,24,24,0,single,122.727309967872,STOPPED,False,,0.45705333333333353,,,25.08908369373298,8.781179292806543,1.5815968505859375,214.77049255371094,211.35116577148438,116.56238555908203,110.84934997558594,30.146682739257812,False
499,16.633333333333333,0.9025108814239502,11.010164860635996,24,24,0,single,122.727309967872,STOPPED,False,,0.45705333333333353,,,25.08908369373298,8.781179292806543,1.5815968505859375,214.4056854248047,212.26507568359375,115.99378204345703,110.02911376953125,26.05694580078125,False
500,16.666666666666668,0.9064324498176575,12.091548182070255,24,24,0,single,122.727309967872,STOPPED,False,,0.45705333333333353,,,25.08908369373298,8.781179292806543,1.5815968505859375,213.86822509765625,213.13671875,115.76116943359375,109.66146850585938,25.882835388183594,False
501,16.7,0.8978464603424072,11.018889956176281,24,24,0,single,122.727309967872,STOPPED,False,,0.45705333333333353,,,25.08908369373298,8.781179292806543,1.621638995361328,213.86822509765625,212.77117919921875,115.62496185302734,109.55926513671875,26.464441299438477,False
502,16.733333333333334,0.8956544995307922,11.99599402025342,24,24,0,single,122.727309967872,STOPPED,False,,0.45705333333333353,,,25.08908369373298,8.781179292806543,1.6675177917480468,213.86822509765625,213.26315307617188,115.5177993774414,109.873291015625,25.923187255859375,False
503,16.766666666666666,0.903619110584259,11.087944265455008,24,24,0,single,122.727309967872,STOPPED,False,,0.45705333333333353,,,25.08908369373298,8.781179292806543,1.8482730102539062,213.86822509765625,213.48794555664062,115.43360900878906,109.84850311279297,24.90540885925293,False
504,16.8,0.9212254285812378,12.085475958883762,24,24,0,unknown,0.0,STOPPED,False,,,,,,,,,,,,0.0,False
505,16.833333333333332,0.898772656917572,11.156647931784391,24,24,0,single,122.727309967872,STOPPED,False,,0.45705333333333353,,,25.08908369373298,8.781179292806543,1.889853497314453,213.9123992919922,213.7529296875,115.14960479736328,109.88134002685547,26.880435943603516,False
506,16.866666666666667,0.8921638131141663,11.947211809456348,24,24,0,single,122.727309967872,STOPPED,False,,0.45705333333333353,,,25.08908369373298,8.781179292806543,1.9834435272216795,214.04156494140625,214.05679321289062,114.85612487792969,109.8614501953125,25.95974349975586,False
507,16.9,0.906377375125885,11.040781158953905,24,24,0,single,122.727309967872,STOPPED,False,,0.45705333333333353,,,25.08908369373298,8.781179292806543,1.9834435272216795,213.9123992919922,213.6461181640625,114.80935668945312,109.43832397460938,27.504247665405273,False
508,16.933333333333334,0.8903075456619263,12.0839630253613,24,24,0,single,122.727309967872,STOPPED,False,,0.45705333333333353,,,25.08908369373298,8.781179292806543,1.9834435272216795,213.710205078125,213.12001037597656,114.76940155029297,110.01531982421875,30.76953887939453,False
509,16.966666666666665,0.9026535153388977,11.15488400682807,24,24,0,single,122.727309967872,STOPPED,False,,0.45705333333333353,,,25.08908369373298,8.781179292806543,1.9834435272216795,213.64466857910156,213.17703247070312,114.73402404785156,110.72193908691406,31.25992774963379,False
510,17.0,0.8719093203544617,12.058407999575138,24,24,0,single,122.727309967872,STOPPED,False,,0.45705333333333353,,,25.08908369373298,8.781179292806543,1.9834435272216795,213.58067321777344,213.12477111816406,114.68238067626953,111.63502502441406,30.354568481445312,False
511,17.033333333333335,0.8930519819259644,10.931333061307669,24,24,0,single,122.727309967872,STOPPED,False,,0.45705333333333353,,,25.08908369373298,8.781179292806543,1.8482730102539062,213.58067321777344,211.03428649902344,114.68238067626953,112.30425262451172,30.60346794128418,False
512,17.066666666666666,0.911483108997345,12.29980168864131,24,24,0,single,122.727309967872,STOPPED,False,,0.45705333333333353,,,25.08908369373298,8.781179292806543,1.8482730102539062,213.58067321777344,211.3065185546875,114.68238067626953,112.81069946289062,31.339702606201172,False
513,17.1,0.9060194492340088,11.132625862956047,24,24,0,single,122.727309967872,STOPPED,False,,0.45705333333333353,,,25.08908369373298,8.781179292806543,1.7679851165771483,213.58067321777344,210.2926483154297,114.68238067626953,113.58966064453125,30.56505584716797,False
514,17.133333333333333,0.8914133310317993,12.073974125087261,24,24,0,single,122.727309967872,STOPPED,False,,0.45705333333333353,,,25.08908369373298,8.781179292806543,1.5887908630371093,213.58067321777344,210.96658325195312,114.68238067626953,114.14405059814453,31.84687042236328,False
515,17.166666666666668,0.9031208157539368,10.799130890518427,24,24,0,single,122.727309967872,STOPPED,False,,0.45705333333333353,,,25.08908369373298,8.781179292806543,1.5887908630371093,213.58067321777344,209.7550048828125,114.68238067626953,114.52305603027344,32.37530517578125,False
516,17.2,0.8995768427848816,12.109492905437946,24,24,0,single,122.727309967872,STOPPED,False,,0.45705333333333353,,,25.08908369373298,8.781179292806543,1.5887908630371093,213.58067321777344,209.859130859375,114.73402404785156,114.80064392089844,31.82486343383789,False
517,17.233333333333334,0.8838968276977539,11.20515214279294,24,24,0,single,122.727309967872,STOPPED,False,,0.45705333333333353,,,25.08908369373298,8.781179292806543,1.5693579803466795,213.58067321777344,210.4004364013672,114.7583236694336,114.74773406982422,32.52454376220703,False
518,17.266666666666666,0.8919169902801514,12.136449106037617,24,24,0,single,122.727309967872,STOPPED,False,,0.45705333333333353,,,25.08908369373298,8.781179292806543,1.5238185241699218,213.58067321777344,210.95040893554688,114.7583236694336,114.644775390625,33.84525680541992,False
519,17.3,0.8788518905639648,11.015648953616619,24,24,0,single,122.727309967872,STOPPED,False,,0.45705333333333353,,,25.08908369373298,8.781179292806543,1.5693579803466795,213.58067321777344,209.91644287109375,114.7583236694336,114.2103271484375,33.96640396118164,False
520,17.333333333333332,0.8308010697364807,12.134064920246601,24,24,0,single,122.727309967872,STOPPED,False,,0.45705333333333353,,,25.08908369373298,8.781179292806543,1.5887908630371093,213.58067321777344,210.1257781982422,114.70655059814453,113.33501434326172,32.283714294433594,False
521,17.366666666666667,0.8316299915313721,11.10650785267353,24,24,0,single,122.727309967872,STOPPED,False,,0.45705333333333353,,,25.08908369373298,8.781179292806543,1.7017911529541014,213.58067321777344,209.79241943359375,114.59608459472656,112.0046157836914,31.8061466217041,False
522,17.4,0.5107994079589844,12.071555946022272,24,24,0,single,122.727309967872,STOPPED,False,,0.45705333333333353,,,25.08908369373298,8.781179292806543,1.6043100219726563,213.58067321777344,211.09042358398438,114.4639892578125,111.19111633300781,32.82374572753906,False
523,17.433333333333334,0.7906919717788696,11.106647085398436,24,24,0,single,122.727309967872,STOPPED,False,,0.45705333333333353,,,25.08908369373298,8.781179292806543,1.5500834564208983,213.58067321777344,210.30154418945312,114.37459564208984,108.9556884765625,35.07879638671875,False
524,17.466666666666665,0.7962688207626343,11.980149894952774,24,24,0,single,122.727309967872,STOPPED,False,,0.45705333333333353,,,25.08908369373298,8.781179292806543,1.5454910522460936,213.3980255126953,209.78872680664062,114.3602066040039,107.87141418457031,35.82038497924805,False
525,17.5,0.5664364099502563,10.946037247776985,24,24,0,single,122.727309967872,STOPPED,False,,0.45705333333333353,,,25.08908369373298,8.781179292806543,1.5302886108398437,213.22869873046875,209.542236328125,114.3602066040039,108.02151489257812,33.9742546081543,False
526,17.533333333333335,0.8284010291099548,12.098902836441994,24,24,0,single,122.727309967872,STOPPED,False,,0.45705333333333353,,,25.08908369373298,8.781179292806543,1.4872150268554687,213.22869873046875,209.8253631591797,114.3602066040039,107.47816467285156,37.16371536254883,False
527,17.566666666666666,0.8507820963859558,11.087154969573021,24,24,0,single,122.727309967872,STOPPED,False,,0.45705333333333353,,,25.08908369373298,8.781179292806543,1.4872150268554687,213.3980255126953,214.13177490234375,114.3602066040039,109.09738159179688,39.934593200683594,False
528,17.6,0.8663619160652161,11.940435040742159,24,24,0,single,122.727309967872,STOPPED,False,,0.45705333333333353,,,25.08908369373298,8.781179292806543,1.5941750610351562,213.58285522460938,217.34912109375,114.3602066040039,112.21192932128906,39.5740966796875,False
529,17.633333333333333,0.859478771686554,10.932710953056812,24,24,0,single,122.727309967872,STOPPED,False,,0.45705333333333353,,,25.08908369373298,8.781179292806543,1.6600523071289062,213.710205078125,224.00238037109375,114.4639892578125,117.36164855957031,38.076908111572266,False
530,17.666666666666668,0.8553503751754761,12.883767019957304,24,24,0,single,122.727309967872,STOPPED,False,,0.45705333333333353,,,25.08908369373298,8.781179292806543,1.7405438049316406,213.93524169921875,228.16966247558594,114.59608459472656,120.5950927734375,36.058841705322266,False
531,17.7,0.8748610019683838,11.058260686695576,24,24,0,single,122.727309967872,STOPPED,False,,0.45705333333333353,,,25.08908369373298,8.781179292806543,1.7415392028808592,214.10177612304688,233.94732666015625,114.70655059814453,124.66787719726562,36.92340850830078,False
532,17.733333333333334,0.9167101383209229,12.004395015537739,24,24,0,single,122.727309967872,STOPPED,False,,0.45705333333333353,,,25.08908369373298,8.781179292806543,1.869538330078125,216.0621795654297,234.87176513671875,114.77947998046875,125.9146728515625,37.00959396362305,False
533,17.766666666666666,0.9076983332633972,11.07869204133749,24,24,0,single,122.727309967872,STOPPED,False,,0.45705333333333353,,,25.08908369373298,16.114180682373046,5.371393560791016,221.341064453125,233.40353393554688,116.33724212646484,123.50373077392578,39.46458435058594,False
534,17.8,0.9137356281280518,11.95542886853218,24,24,0,single,122.727309967872,STOPPED,False,,0.45705333333333353,,,25.08908369373298,16.114180682373046,5.371393560791016,224.6764678955078,225.1258544921875,116.85638427734375,116.0984878540039,39.59893035888672,False
535,17.833333333333332,0.9149963855743408,11.117468122392893,24,24,0,single,122.727309967872,STOPPED,False,,0.45705333333333353,,,25.08908369373298,16.114180682373046,5.371393560791016,224.6764678955078,213.56173706054688,116.85638427734375,106.60087585449219,39.031803131103516,False
536,17.866666666666667,0.9159797430038452,12.3872309923172,24,24,0,single,122.727309967872,STOPPED,False,,0.45705333333333353,,,25.08908369373298,16.114180682373046,5.371393560791016,224.6764678955078,205.1930694580078,116.85638427734375,100.58934020996094,39.214569091796875,True
537,17.9,0.9025728106498718,11.336053255945444,24,24,0,single,122.727309967872,STOPPED,False,,0.45705333333333353,,,25.08908369373298,16.114180682373046,5.371393560791016,224.6764678955078,196.31507873535156,116.85638427734375,95.1492919921875,37.83903121948242,True
538,17.933333333333334,0.9060475826263428,11.862801853567362,24,24,0,single,122.727309967872,STOPPED,False,,0.45705333333333353,,,25.08908369373298,23.279213479614256,7.759737826538085,224.6764678955078,189.7210693359375,116.85638427734375,89.71359252929688,39.417667388916016,True
539,17.966666666666665,0.8942638039588928,11.070930864661932,24,24,0,single,122.727309967872,STOPPED,False,,0.45705333333333353,,,25.08908369373298,23.279213479614256,7.759737826538085,224.6764678955078,183.27883911132812,116.85638427734375,85.97898864746094,36.54620361328125,True
540,18.0,0.7813938856124878,12.187929823994637,24,24,0,single,122.727309967872,STOPPED,False,,0.45705333333333353,,,25.08908369373298,23.279213479614256,7.759737826538085,224.6764678955078,183.23281860351562,116.85638427734375,85.92117309570312,33.128692626953125,True
541,18.033333333333335,0.880042552947998,11.73892430961132,24,24,0,single,122.727309967872,STOPPED,False,,0.45705333333333353,,,25.08908369373298,23.279213479614256,7.759737826538085,224.6764678955078,190.34075927734375,116.85638427734375,89.27094268798828,30.885345458984375,True
542,18.066666666666666,0.8773611783981323,12.444986030459404,24,24,0,single,122.727309967872,STOPPED,False,,0.45705333333333353,,,25.08908369373298,23.279213479614256,7.759737826538085,224.6764678955078,195.37867736816406,116.85638427734375,92.08375549316406,31.605905532836914,True
543,18.1,0.8745349645614624,10.9991361387074,24,24,0,single,0.0,STOPPED,False,3.900000000000002,,41.44364929199219,30.935211181640625,25.08908369373298,23.279213479614256,7.759737826538085,224.6764678955078,203.81996154785156,116.85638427734375,99.09501647949219,32.85157012939453,False
544,18.133333333333333,0.8744081258773804,11.991493869572878,24,24,0,unknown,0.0,STOPPED,False,,,,,,,,,,,,0.0,False
545,18.166666666666668,0.83849036693573,11.119203176349401,24,24,0,single,0.0,STOPPED,False,,,,,25.08908369373298,23.279213479614256,7.759737826538085,224.6764678955078,212.13063049316406,116.85638427734375,109.57998657226562,33.85298156738281,False
546,18.2,0.8806002736091614,12.32971716672182,24,24,0,single,0.0,STOPPED,False,,,,,25.08908369373298,24.799407780170444,10.419214920043945,224.6764678955078,218.94229125976562,116.85638427734375,115.22956848144531,34.331146240234375,False
547,18.233333333333334,0.9008151888847351,11.023750994354486,24,24,0,single,0.0,STOPPED,False,,,,,25.08908369373298,24.994617633819583,9.167750848388671,224.6764678955078,221.59613037109375,117.74866485595703,118.00668334960938,32.16655731201172,False
548,18.266666666666666,0.9044969081878662,12.011507991701365,24,24,0,single,0.0,STOPPED,False,,,,,25.08908369373298,20.52075084686279,6.840250282287597,224.6764678955078,221.64114379882812,117.74866485595703,114.25591278076172,30.974143981933594,False
549,18.3,0.8989121913909912,12.58057402446866,24,24,0,single,0.0,STOPPED,False,,,,,25.08908369373298,20.52075084686279,6.840250282287597,224.6764678955078,213.51287841796875,117.74866485595703,107.31892395019531,31.26151466369629,False
550,18.333333333333332,0.8801271915435791,11.93757401779294,24,24,0,single,0.0,STOPPED,False,,,,,25.08908369373298,20.52075084686279,6.840250282287597,224.6764678955078,204.86204528808594,117.74866485595703,99.38810729980469,33.014461517333984,False
551,18.366666666666667,0.9073312282562256,11.213795281946659,24,24,0,single,0.0,STOPPED,False,,,,,25.08908369373298,20.52075084686279,6.840250282287597,224.6764678955078,198.2578582763672,117.74866485595703,93.66806030273438,34.50953674316406,True
552,18.4,0.8780409097671509,11.973035056143999,24,24,0,single,0.0,STOPPED,False,,,,,25.08908369373298,20.52075084686279,6.840250282287597,224.6764678955078,194.5356903076172,117.74866485595703,90.63819122314453,34.61077880859375,True
553,18.433333333333334,0.8948257565498352,11.010088957846165,24,24,0,single,0.0,STOPPED,False,,,,,25.08908369373298,20.52075084686279,6.840250282287597,224.6764678955078,193.02386474609375,117.74866485595703,89.34494018554688,34.11506271362305,True
554,18.466666666666665,0.8822383880615234,11.988447979092598,24,24,0,single,0.0,STOPPED,False,,,,,25.08908369373298,20.52075084686279,6.840250282287597,224.6764678955078,193.12400817871094,117.74866485595703,90.44064331054688,32.85136413574219,True
555,18.5,0.8872998952865601,11.044071055948734,24,24,0,single,0.0,STOPPED,False,,,,,25.08908369373298,20.52075084686279,6.840250282287597,224.6764678955078,197.646728515625,117.74866485595703,94.36698150634766,31.286069869995117,True
556,18.533333333333335,0.8782302141189575,12.020574882626534,25,25,0,single,0.0,JUMPING,True,,,31.652603149414062,28.403724670410156,26.72996355765325,20.52075084686279,6.840250282287597,224.6764678955078,206.06732177734375,117.74866485595703,103.08746337890625,32.71909713745117,False
557,18.566666666666666,0.8657764196395874,10.839561000466347,25,25,0,single,0.0,JUMPING,False,,,,,26.72996355765325,22.506264349365235,7.502088116455078,224.6764678955078,216.53469848632812,117.74866485595703,111.68938446044922,33.84761047363281,False
558,18.6,0.9038355350494385,12.002880685031414,25,25,0,single,0.0,JUMPING,False,,,,,26.72996355765325,20.52075084686279,6.840250282287597,225.72293090820312,226.1209716796875,118.01665496826172,118.02330780029297,34.318626403808594,False
559,18.633333333333333,0.9098049402236938,11.065211147069931,25,25,0,single,0.0,JUMPING,False,,,,,26.72996355765325,19.925378448486327,6.641792816162109,227.35018920898438,228.8490447998047,118.5049819946289,118.82610321044922,36.407737731933594,False
560,18.666666666666668,0.8973690271377563,11.988827958703041,25,25,0,single,0.0,JUMPING,False,,,,,26.72996355765325,16.029651036071776,5.343217012023925,227.35018920898438,225.92752075195312,118.5049819946289,117.67515563964844,34.823490142822266,False
561,18.7,0.9113872647285461,11.145099997520447,25,25,0,single,0.0,JUMPING,False,,,,,26.72996355765325,19.064947412109376,6.354982470703125,227.35018920898438,218.52032470703125,118.5049819946289,111.59541320800781,34.50787353515625,False
562,18.733333333333334,0.9090851545333862,11.971582192927599,25,25,0,single,0.0,JUMPING,False,,,,,26.72996355765325,19.064947412109376,6.354982470703125,227.35018920898438,207.45999145507812,118.5049819946289,104.54011535644531,34.241798400878906,True
563,18.766666666666666,0.888068437576294,11.318801902234554,25,25,0,single,0.0,JUMPING,False,,,,,26.72996355765325,19.064947412109376,6.354982470703125,227.35018920898438,199.72415161132812,118.5049819946289,98.30097961425781,30.790111541748047,True
564,18.8,0.8927807211875916,12.120394967496395,25,25,0,single,0.0,JUMPING,False,,,,,26.72996355765325,19.064947412109376,6.354982470703125,227.35018920898438,195.16513061523438,118.5049819946289,94.484130859375,29.921031951904297,True
565,18.833333333333332,0.887916088104248,11.377079878002405,25,25,0,single,0.0,JUMPING,False,,,,,26.72996355765325,19.064947412109376,6.354982470703125,227.35018920898438,193.5320281982422,118.5049819946289,92.84473419189453,30.057443618774414,True
566,18.866666666666667,0.8922701478004456,11.98286097496748,25,25,0,single,0.0,JUMPING,False,,,,,26.72996355765325,19.064947412109376,6.354982470703125,227.35018920898438,192.72142028808594,118.5049819946289,92.04048919677734,30.105693817138672,True
567,18.9,0.8458830118179321,10.99437102675438,25,25,0,single,0.0,JUMPING,False,,,,,26.72996355765325,19.064947412109376,6.354982470703125,227.35018920898438,195.2020263671875,118.5049819946289,94.31446838378906,30.577722549438477,True
568,18.933333333333334,0.8633864521980286,12.227019295096397,25,25,0,unknown,0.0,JUMPING,False,,,,,,,,,,,,0.0,False
569,18.966666666666665,0.9079213738441467,11.359912808984518,25,25,0,single,0.0,JUMPING,False,,,,,26.72996355765325,19.064947412109376,6.354982470703125,227.35018920898438,204.07716369628906,118.5049819946289,104.64190673828125,33.45237350463867,True
570,19.0,0.9059313535690308,12.221787590533495,26,26,0,single,128.571288439845,JUMPING,True,0.466666666666665,0.466666666666665,34.62876892089844,26.464492797851562,28.704664898464546,19.064947412109376,6.354982470703125,227.35018920898438,213.72268676757812,118.5049819946289,114.04865264892578,34.57094955444336,False
571,19.033333333333335,0.9071976542472839,10.904029943048954,26,26,0,single,128.571288439845,JUMPING,False,,0.466666666666665,,,28.704664898464546,17.382227178955077,5.794075726318359,227.35018920898438,220.02142333984375,119.27823638916016,119.57966613769531,35.28927993774414,False
572,19.066666666666666,0.9010854959487915,11.967523954808712,26,26,0,single,128.571288439845,JUMPING,False,,0.466666666666665,,,28.704664898464546,19.064947412109376,6.354982470703125,227.41098022460938,226.27296447753906,120.18891906738281,121.36408996582031,32.60200119018555,False
573,19.1,0.9062467813491821,11.063884012401104,26,26,0,single,128.571288439845,JUMPING,False,,0.466666666666665,,,28.704664898464546,16.029651036071776,5.343217012023925,227.41098022460938,224.4647216796875,120.18891906738281,117.14037322998047,30.37091827392578,False
574,19.133333333333333,0.9128831624984741,12.170022819191217,26,26,0,single,128.571288439845,JUMPING,False,,0.466666666666665,,,28.704664898464546,15.69950694580078,5.233168981933593,227.41098022460938,218.68069458007812,120.18891906738281,109.61077117919922,29.751169204711914,False
575,19.166666666666668,0.9040100574493408,10.647434741258621,26,26,0,single,128.571288439845,JUMPING,False,,0.466666666666665,,,28.704664898464546,15.69950694580078,5.233168981933593,227.41098022460938,210.7687530517578,120.18891906738281,101.78050994873047,32.60342788696289,True
576,19.2,0.8935028314590454,11.99496304616332,26,26,0,single,128.571288439845,JUMPING,False,,0.466666666666665,,,28.704664898464546,17.382227178955077,5.794075726318359,227.41098022460938,203.02703857421875,120.18891906738281,94.73085021972656,33.8426399230957,True
577,19.233333333333334,0.8945446610450745,10.906210169196129,26,26,0,single,128.571288439845,JUMPING,False,,0.466666666666665,,,28.704664898464546,16.560005850219724,5.520001950073242,226.21217346191406,198.16949462890625,119.27823638916016,90.9006118774414,34.95595932006836,True
578,19.266666666666666,0.8959733247756958,11.927145067602396,26,26,0,unknown,0.0,JUMPING,False,,,,,,,,,,,,0.0,False
579,19.3,0.58985435962677,10.860869660973549,26,26,0,unknown,0.0,JUMPING,False,,,,,,,,,,,,0.0,False
580,19.333333333333332,0.8189245462417603,12.291097082197666,26,26,0,unknown,0.0,JUMPING,False,,,,,,,,,,,,0.0,False
581,19.366666666666667,0.8830016255378723,10.880372952669859,26,26,0,single,128.571288439845,JUMPING,False,,0.466666666666665,,,28.704664898464546,16.12975639801025,5.376585466003418,226.04359436035156,206.411865234375,118.5049819946289,101.85594177246094,35.060272216796875,True
582,19.4,0.8780468702316284,11.852704919874668,26,26,0,single,128.571288439845,JUMPING,False,,0.466666666666665,,,28.704664898464546,12.75892042236328,4.252973474121093,225.6068572998047,212.41400146484375,118.01665496826172,109.28163146972656,34.81711959838867,True
583,19.433333333333334,0.9120469093322754,10.95122518017888,27,27,0,single,133.33338984739086,JUMPING,True,0.43333333333333357,0.4593333333333321,26.691909790039062,26.97345733642578,28.201476121358176,13.438279522705077,4.479426507568359,224.8614044189453,218.61981201171875,117.87406921386719,115.68855285644531,35.33028030395508,False
584,19.466666666666665,0.904010534286499,13.008066918700933,27,27,0,single,133.33338984739086,JUMPING,False,,0.4593333333333321,,,28.201476121358176,13.202777416992188,4.4009258056640626,223.70423889160156,222.56350708007812,118.01665496826172,119.4328384399414,34.86624526977539,False
585,19.5,0.9039207100868225,10.987005196511745,27,27,0,single,133.33338984739086,JUMPING,False,,0.4593333333333321,,,28.201476121358176,12.967275311279295,4.322425103759765,223.70423889160156,220.66494750976562,118.01665496826172,114.53982543945312,32.331974029541016,False
586,19.533333333333335,0.9097201228141785,12.088242918252945,27,27,0,single,133.33338984739086,JUMPING,False,,0.4593333333333321,,,28.201476121358176,11.225849221801758,3.7419497406005857,223.70423889160156,218.59344482421875,118.01665496826172,110.7197265625,31.05890655517578,False
587,19.566666666666666,0.9159207344055176,10.802363976836205,27,27,0,single,133.33338984739086,JUMPING,False,,0.4593333333333321,,,28.201476121358176,11.225849221801758,3.7419497406005857,223.70423889160156,209.25111389160156,118.01665496826172,104.75811767578125,30.983591079711914,True
588,19.6,0.9018101096153259,11.939410120248795,27,27,0,single,133.33338984739086,JUMPING,False,,0.4593333333333321,,,28.201476121358176,11.225849221801758,3.7419497406005857,223.70423889160156,198.10903930664062,118.01665496826172,98.48095703125,31.77046012878418,True
589,19.633333333333333,0.8959317207336426,10.827416088432074,27,27,0,single,133.33338984739086,JUMPING,False,,0.4593333333333321,,,28.201476121358176,11.225849221801758,3.7419497406005857,223.70423889160156,192.39125061035156,118.01665496826172,94.28308868408203,34.14762878417969,True
590,19.666666666666668,0.8985838294029236,12.24080240353942,27,27,0,single,133.33338984739086,JUMPING,False,,0.4593333333333321,,,28.201476121358176,12.967275311279295,4.322425103759765,223.70423889160156,189.70877075195312,118.01665496826172,92.12625122070312,35.329463958740234,True
591,19.7,0.8816553354263306,10.882051195949316,27,27,0,single,133.33338984739086,JUMPING,False,,0.4593333333333321,,,28.201476121358176,12.967275311279295,4.322425103759765,223.70423889160156,190.93603515625,118.01665496826172,94.75126647949219,34.26356506347656,True
592,19.733333333333334,0.9057267904281616,11.899531818926334,27,27,0,single,133.33338984739086,JUMPING,False,,0.4593333333333321,,,28.201476121358176,12.967275311279295,4.322425103759765,223.70423889160156,192.39210510253906,118.01665496826172,96.69049072265625,33.4593391418457,True
593,19.766666666666666,0.8690156936645508,10.945568792521954,27,27,0,single,133.33338984739086,JUMPING,False,,0.4593333333333321,,,28.201476121358176,12.967275311279295,4.322425103759765,223.70423889160156,201.79745483398438,118.01665496826172,106.61820983886719,31.259267807006836,True
594,19.8,0.6461674571037292,11.98918605223298,27,27,0,single,133.33338984739086,JUMPING,False,,0.4593333333333321,,,28.201476121358176,12.967275311279295,4.322425103759765,223.70423889160156,208.16709899902344,118.01665496826172,112.83238983154297,30.1998348236084,True
595,19.833333333333332,0.8994359970092773,10.959042701870203,28,28,0,single,138.46141339770446,JUMPING,True,0.3999999999999986,0.44627999999999873,33.99546813964844,26.293678283691406,29.64997412593074,13.238068798828124,4.412689599609375,223.70423889160156,217.46945190429688,118.41992950439453,118.68434143066406,31.779693603515625,False
596,19.866666666666667,0.9015439748764038,11.893474031239748,28,28,0,single,138.46141339770446,JUMPING,False,,0.44627999999999873,,,29.64997412593074,13.438279522705077,4.479426507568359,224.14230346679688,223.65867614746094,118.76940155029297,121.85420227050781,33.987205505371094,False
597,19.9,0.9069406390190125,11.085971724241972,28,28,0,single,138.46141339770446,JUMPING,False,,0.44627999999999873,,,29.64997412593074,14.031310473632812,4.6771034912109375,224.14230346679688,221.77447509765625,118.76940155029297,118.34906005859375,30.6019229888916,False
598,19.933333333333334,0.9063209295272827,12.184258084744215,28,28,0,single,138.46141339770446,JUMPING,False,,0.44627999999999873,,,29.64997412593074,11.622470059204101,3.874156686401367,224.14230346679688,219.124267578125,118.76940155029297,115.26983642578125,29.939002990722656,False
599,19.966666666666665,0.9181087613105774,11.349575594067574,28,28,0,single,138.46141339770446,JUMPING,False,,0.44627999999999873,,,29.64997412593074,11.622470059204101,3.874156686401367,224.14230346679688,210.3031005859375,118.76940155029297,108.51742553710938,31.385602951049805,True
600,20.0,0.9007515907287598,12.062245979905128,28,28,0,single,138.46141339770446,JUMPING,False,,0.44627999999999873,,,29.64997412593074,11.622470059204101,3.874156686401367,224.14230346679688,204.18417358398438,118.76940155029297,101.60313415527344,31.8114070892334,True
601,20.033333333333335,0.9204934239387512,10.792567860335112,28,28,0,single,138.46141339770446,JUMPING,False,,0.44627999999999873,,,29.64997412593074,11.622470059204101,3.874156686401367,224.14230346679688,197.98086547851562,118.76940155029297,96.03961181640625,34.17510223388672,True
602,20.066666666666666,0.9197661280632019,11.978900991380215,28,28,0,single,138.46141339770446,JUMPING,False,,0.44627999999999873,,,29.64997412593074,11.622470059204101,3.874156686401367,224.14230346679688,193.59274291992188,118.76940155029297,92.72720336914062,34.4609260559082,True
603,20.1,0.9059495329856873,10.998005978763103,28,28,0,single,138.46141339770446,JUMPING,False,,0.44627999999999873,,,29.64997412593074,11.622470059204101,3.874156686401367,224.14230346679688,191.04183959960938,118.76940155029297,90.97804260253906,34.8909912109375,True
604,20.133333333333333,0.8866825699806213,11.95992436259985,28,28,0,single,138.46141339770446,JUMPING,False,,0.44627999999999873,,,29.64997412593074,11.622470059204101,3.874156686401367,224.14230346679688,192.64822387695312,118.76940155029297,92.3154525756836,34.744571685791016,True
605,20.166666666666668,0.8705238103866577,10.982954874634743,28,28,0,single,138.46141339770446,JUMPING,False,,0.44627999999999873,,,29.64997412593074,11.622470059204101,3.874156686401367,224.14230346679688,197.1883544921875,118.76940155029297,97.4228515625,34.62352752685547,True
606,20.2,0.8808109164237976,12.25425535812974,28,28,0,single,138.46141339770446,JUMPING,False,,0.44627999999999873,,,29.64997412593074,11.622470059204101,3.874156686401367,224.14230346679688,203.38943481445312,118.76940155029297,105.25762939453125,36.16376495361328,True
607,20.233333333333334,0.873702347278595,11.169985868036747,28,28,0,single,138.46141339770446,JUMPING,False,,0.44627999999999873,,,29.64997412593074,10.377490944075758,3.0712098815917965,223.22061157226562,208.17706298828125,118.76940155029297,110.03910064697266,35.63795471191406,True
608,20.266666666666666,0.8812083005905151,12.034222017973661,29,29,0,single,138.46151814658558,JUMPING,True,0.43333333333333357,0.4434317333333324,31.2060546875,27.572189331054688,30.038994266323055,10.377490944075758,2.5990745361328123,222.24789428710938,216.18661499023438,118.55023193359375,117.02037048339844,32.21428680419922,False
609,20.3,0.9009974598884583,10.920986998826265,29,29,0,single,138.46151814658558,JUMPING,False,,0.4434317333333324,,,30.038994266323055,10.513647993213068,2.5990745361328123,222.24789428710938,224.31375122070312,119.13343811035156,121.95159912109375,30.16036605834961,False
610,20.333333333333332,0.9031832814216614,11.834925971925259,29,29,0,single,138.46151814658558,JUMPING,False,,0.4434317333333324,,,30.038994266323055,11.428435327148437,3.809478442382812,223.22061157226562,228.085693359375,119.52093505859375,121.17070007324219,29.185813903808594,False
611,20.366666666666667,0.8776204586029053,10.924437083303928,29,29,0,single,138.46151814658558,JUMPING,False,,0.4434317333333324,,,30.038994266323055,11.965678747558593,3.9885595825195312,224.05172729492188,224.7100372314453,119.52093505859375,115.41183471679688,26.550222396850586,False
612,20.4,0.9152552485466003,12.031031306833029,29,29,0,single,138.46151814658558,JUMPING,False,,0.4434317333333324,,,30.038994266323055,11.965678747558593,3.9885595825195312,224.05172729492188,215.15234375,119.52093505859375,107.016845703125,29.719074249267578,False
613,20.433333333333334,0.9090316891670227,11.063221842050552,29,29,0,single,138.46151814658558,JUMPING,False,,0.4434317333333324,,,30.038994266323055,11.965678747558593,3.9885595825195312,224.05172729492188,203.29872131347656,119.52093505859375,99.04256439208984,31.914648056030273,True
614,20.466666666666665,0.9084876179695129,12.012943159788847,29,29,0,single,138.46151814658558,JUMPING,False,,0.4434317333333324,,,30.038994266323055,11.965678747558593,3.9885595825195312,224.05172729492188,196.35365295410156,119.52093505859375,94.33010864257812,33.376583099365234,True
615,20.5,0.8923112154006958,11.387655977159739,29,29,0,single,138.46151814658558,JUMPING,False,,0.4434317333333324,,,30.038994266323055,11.965678747558593,3.9885595825195312,224.05172729492188,193.577392578125,119.52093505859375,92.11249542236328,32.76985549926758,True
616,20.533333333333335,0.8912047743797302,11.922291945666075,29,29,0,single,138.46151814658558,JUMPING,False,,0.4434317333333324,,,30.038994266323055,11.965678747558593,3.9885595825195312,224.05172729492188,193.4180908203125,119.52093505859375,91.59953308105469,31.995668411254883,True
617,20.566666666666666,0.882693350315094,11.308473069220781,29,29,0,single,138.46151814658558,JUMPING,False,,0.4434317333333324,,,30.038994266323055,11.965678747558593,3.9885595825195312,224.05172729492188,194.20858764648438,119.52093505859375,94.447998046875,30.604148864746094,True
618,20.6,0.8754432201385498,12.257000897079706,29,29,0,single,138.46151814658558,JUMPING,False,,0.4434317333333324,,,30.038994266323055,11.965678747558593,3.9885595825195312,224.05172729492188,202.030029296875,119.52093505859375,99.80366516113281,31.734987258911133,True
619,20.633333333333333,0.8834043741226196,11.292925104498863,29,29,0,single,138.46151814658558,JUMPING,False,,0.4434317333333324,,,30.038994266323055,12.422193132019043,4.140731044006348,224.05172729492188,210.4737548828125,119.13343811035156,107.9514389038086,31.459617614746094,True
620,20.666666666666668,0.8883384466171265,11.888430919498205,30,30,0,single,140.6250064173949,JUMPING,True,0.40000000000000213,0.43387675199999975,29.802520751953125,26.950698852539062,29.97987588773057,11.428435327148437,3.809478442382812,223.22061157226562,219.04092407226562,118.55023193359375,116.20901489257812,33.734962463378906,False
621,20.7,0.8954325914382935,11.124920099973679,30,30,0,single,140.6250064173949,JUMPING,False,,0.43387675199999975,,,29.97987588773057,11.428435327148437,3.809478442382812,223.22061157226562,224.60281372070312,119.13343811035156,120.49467468261719,35.9262580871582,False
622,20.733333333333334,0.8911100029945374,12.131491210311651,30,30,0,single,140.6250064173949,JUMPING,False,,0.43387675199999975,,,29.97987588773057,12.422193132019043,4.140731044006348,224.05172729492188,227.4824981689453,120.06993865966797,122.62287902832031,36.90963363647461,False
623,20.766666666666666,0.8928872346878052,11.06058293953538,30,30,0,single,140.6250064173949,JUMPING,False,,0.43387675199999975,,,29.97987588773057,13.718778140258788,4.572926046752929,224.4871826171875,226.833740234375,120.06993865966797,118.80590057373047,33.82792663574219,False
624,20.8,0.903448224067688,12.11006473749876,30,30,0,single,140.6250064173949,JUMPING,False,,0.43387675199999975,,,29.97987588773057,15.297049456787109,5.099016485595703,224.4871826171875,218.8736572265625,120.06993865966797,111.06654357910156,32.38861846923828,False
625,20.833333333333332,0.8915058374404907,10.923787951469421,30,30,0,single,140.6250064173949,JUMPING,False,,0.43387675199999975,,,29.97987588773057,15.297049456787109,5.099016485595703,224.4871826171875,208.15745544433594,120.06993865966797,102.29676818847656,31.658035278320312,True
626,20.866666666666667,0.8884427547454834,12.891416903585196,30,30,0,single,140.6250064173949,JUMPING,False,,0.43387675199999975,,,29.97987588773057,15.297049456787109,5.099016485595703,224.4871826171875,200.56234741210938,120.06993865966797,96.93748474121094,32.0679817199707,True
627,20.9,0.8882408738136292,11.03318389505148,30,30,0,single,140.6250064173949,JUMPING,False,,0.43387675199999975,,,29.97987588773057,15.297049456787109,5.099016485595703,224.4871826171875,193.3949432373047,120.06993865966797,92.17427062988281,33.17772674560547,True
628,20.933333333333334,0.8791102766990662,11.962516698986292,30,30,0,single,140.6250064173949,JUMPING,False,,0.43387675199999975,,,29.97987588773057,13.718778140258788,4.572926046752929,224.4871826171875,191.92889404296875,120.06993865966797,91.26305389404297,34.062705993652344,True
629,20.966666666666665,0.8785301446914673,10.893546044826508,30,30,0,single,140.6250064173949,JUMPING,False,,0.43387675199999975,,,29.97987588773057,14.122050045776366,4.707350015258789,224.4871826171875,191.39724731445312,119.81916046142578,91.31005859375,33.78526306152344,True
630,21.0,0.8855910897254944,11.846859008073807,30,30,0,single,140.6250064173949,JUMPING,False,,0.43387675199999975,,,29.97987588773057,14.10803529510498,4.70267843170166,224.4871826171875,199.0377655029297,119.81916046142578,98.95111846923828,34.34844207763672,True
631,21.033333333333335,0.898638904094696,11.082400102168322,30,30,0,single,140.6250064173949,JUMPING,False,,0.43387675199999975,,,29.97987588773057,11.294192340087891,3.764730780029297,224.4871826171875,204.79257202148438,119.81916046142578,104.07422637939453,35.4128532409668,True
632,21.066666666666666,0.8872633576393127,11.950428131967783,30,30,0,single,140.6250064173949,JUMPING,False,,0.43387675199999975,,,29.97987588773057,11.294192340087891,3.764730780029297,224.4871826171875,208.89682006835938,119.81916046142578,106.95841217041016,35.04039001464844,True
633,21.1,0.8934404253959656,11.051392182707787,31,31,0,single,142.85711690682604,JUMPING,True,0.43333333333333357,0.4337571998933332,33.089935302734375,28.556106567382812,30.757390741481522,11.294192340087891,3.764730780029297,224.4871826171875,215.06430053710938,119.81916046142578,112.7815170288086,35.37504196166992,False
634,21.133333333333333,0.8975369334220886,11.85027277097106,31,31,0,single,142.85711690682604,JUMPING,False,,0.4337571998933332,,,30.757390741481522,14.10803529510498,4.70267843170166,224.4871826171875,219.52545166015625,119.81916046142578,117.65809631347656,34.840057373046875,False
635,21.166666666666668,0.8908520340919495,10.931494180113077,31,31,0,single,142.85711690682604,JUMPING,False,,0.4337571998933332,,,30.757390741481522,14.122050045776366,4.707350015258789,224.4871826171875,221.560791015625,119.81916046142578,117.01605224609375,32.75910949707031,False
636,21.2,0.8956025242805481,12.347611133009195,31,31,0,single,142.85711690682604,JUMPING,False,,0.4337571998933332,,,30.757390741481522,15.085708374023437,5.028569458007812,224.4871826171875,218.59678649902344,119.81916046142578,111.08027648925781,28.760488510131836,False
637,21.233333333333334,0.8915305137634277,11.132444255053997,31,31,0,single,142.85711690682604,JUMPING,False,,0.4337571998933332,,,30.757390741481522,15.085708374023437,5.028569458007812,224.4871826171875,215.932373046875,119.81916046142578,106.67351531982422,26.597713470458984,False
638,21.266666666666666,0.8720218539237976,12.055043131113052,31,31,0,single,142.85711690682604,JUMPING,False,,0.4337571998933332,,,30.757390741481522,15.085708374023437,5.028569458007812,224.4871826171875,211.53707885742188,119.81916046142578,98.445556640625,34.15138626098633,False
639,21.3,0.8745333552360535,11.238377075642347,31,31,0,single,142.85711690682604,JUMPING,False,,0.4337571998933332,,,30.757390741481522,15.085708374023437,5.028569458007812,224.4871826171875,207.0366668701172,119.81916046142578,93.16229248046875,34.39621353149414,True
640,21.333333333333332,0.8706977367401123,12.114112731069326,31,31,0,single,142.85711690682604,JUMPING,False,,0.4337571998933332,,,30.757390741481522,15.085708374023437,5.028569458007812,224.4871826171875,199.99819946289062,119.81916046142578,90.67715454101562,34.53295135498047,True
641,21.366666666666667,0.8731298446655273,10.993207804858685,31,31,0,single,142.85711690682604,JUMPING,False,,0.4337571998933332,,,30.757390741481522,12.57988452758789,4.193294842529297,224.4871826171875,198.597412109375,118.62316131591797,92.69524383544922,33.416748046875,True
642,21.4,0.8759774565696716,12.132782023400068,31,31,0,single,142.85711690682604,JUMPING,False,,0.4337571998933332,,,30.757390741481522,17.144824768066403,5.714941589355468,224.4871826171875,198.16473388671875,118.3467788696289,94.95161437988281,33.042808532714844,True
643,21.433333333333334,0.8660139441490173,12.000879738479853,31,31,0,single,142.85711690682604,JUMPING,False,,0.4337571998933332,,,30.757390741481522,14.093952676391602,4.697984225463867,224.4871826171875,198.3220977783203,118.3467788696289,97.23914337158203,29.60480499267578,True
644,21.466666666666665,0.8549402356147766,12.082384899258614,31,31,0,unknown,0.0,JUMPING,False,,,,,,,,,,,,0.0,False
645,21.5,0.8857071995735168,11.246503330767155,31,31,0,single,142.85711690682604,JUMPING,False,,0.4337571998933332,,,30.757390741481522,14.093952676391602,4.697984225463867,224.4871826171875,209.19509887695312,118.3467788696289,109.22500610351562,31.103925704956055,True
646,21.533333333333335,0.8952155113220215,11.98159996420145,32,32,0,single,142.85711690682604,JUMPING,True,0.43333333333333357,0.4336639492501333,26.32244873046875,27.66962432861328,29.64865523872833,17.33044386291504,5.776814620971679,224.4871826171875,218.45156860351562,118.3467788696289,115.97289276123047,32.44586181640625,False
647,21.566666666666666,0.8943886160850525,12.192801106721163,32,32,0,single,142.85711690682604,JUMPING,False,,0.4336639492501333,,,29.64865523872833,16.818515222167967,5.606171740722656,224.4871826171875,223.70118713378906,119.35887908935547,119.7275390625,32.143524169921875,False
648,21.6,0.8415810465812683,12.262179050594568,32,32,0,single,142.85711690682604,JUMPING,False,,0.4336639492501333,,,29.64865523872833,14.89031628112793,4.963438760375976,224.4871826171875,221.43878173828125,119.35887908935547,112.47386169433594,30.82395362854004,False
649,21.633333333333333,0.8510042428970337,10.900523979216814,32,32,0,single,142.85711690682604,JUMPING,False,,0.4336639492501333,,,29.64865523872833,12.244616400146484,4.081538800048828,224.4871826171875,220.0136260986328,119.35887908935547,107.3721694946289,30.232135772705078,False
650,21.666666666666668,0.5694756507873535,11.86639629304409,32,32,0,unknown,0.0,JUMPING,False,,,,,,,,,,,,0.0,False
651,21.7,0.8873697519302368,10.941720101982355,32,32,0,unknown,0.0,JUMPING,False,,,,,,,,,,,,0.0,False
652,21.733333333333334,0.8824421167373657,11.65104703977704,32,32,0,single,142.85711690682604,JUMPING,False,,0.4336639492501333,,,29.64865523872833,12.244616400146484,4.081538800048828,224.4871826171875,209.12120056152344,119.35887908935547,99.04566955566406,31.91150665283203,True
653,21.766666666666666,0.8605484962463379,11.199353262782097,32,32,0,single,142.85711690682604,JUMPING,False,,0.4336639492501333,,,29.64865523872833,12.244616400146484,4.081538800048828,224.4871826171875,201.9293670654297,119.35887908935547,95.1061782836914,30.519515991210938,True
654,21.8,0.8673728108406067,12.104903813451529,32,32,0,single,142.85711690682604,JUMPING,False,,0.4336639492501333,,,29.64865523872833,12.244616400146484,4.081538800048828,224.4871826171875,197.69271850585938,119.35887908935547,93.28459167480469,29.125513076782227,True
655,21.833333333333332,0.865537166595459,11.153859086334705,32,32,0,single,142.85711690682604,JUMPING,False,,0.4336639492501333,,,29.64865523872833,12.244616400146484,4.081538800048828,224.4871826171875,197.98541259765625,119.35887908935547,95.16607666015625,32.183616638183594,True
656,21.866666666666667,0.8586310744285583,11.840460356324911,32,32,0,single,142.85711690682604,JUMPING,False,,0.4336639492501333,,,29.64865523872833,12.244616400146484,4.081538800048828,224.4871826171875,198.49139404296875,119.35887908935547,96.68904113769531,33.791622161865234,True
657,21.9,0.8725498914718628,11.155220214277506,32,32,0,single,142.85711690682604,JUMPING,False,,0.4336639492501333,,,29.64865523872833,12.296230046081543,4.098743348693848,224.24215698242188,202.46075439453125,118.3467788696289,102.35199737548828,34.34058380126953,True
658,21.933333333333334,0.8892833590507507,11.782533954828978,33,33,0,single,142.85724868587627,JUMPING,True,0.3999999999999986,0.42625788041510365,25.152313232421875,24.116683959960938,28.524569737151715,10.377029333554916,3.264712980651855,222.84503173828125,216.69064331054688,117.40127563476562,112.437255859375,32.75525665283203,False
659,21.966666666666665,0.8898099660873413,11.195945087820292,33,33,0,single,142.85724868587627,JUMPING,False,,0.42625788041510365,,,28.524569737151715,9.9835994080031,3.264712980651855,222.84503173828125,227.00900268554688,118.3467788696289,118.85157775878906,32.38298416137695,False
660,22.0,0.846257209777832,11.96668716147542,33,33,0,unknown,0.0,JUMPING,False,,,,,,,,,,,,0.0,False
661,22.033333333333335,0.8487573862075806,11.07855699956417,33,33,0,unknown,0.0,JUMPING,False,,,,,,,,,,,,0.0,False
662,22.066666666666666,0.8616302013397217,11.815444100648165,33,33,0,unknown,0.0,JUMPING,False,,,,,,,,,,,,0.0,False
663,22.1,0.8997669816017151,10.892302729189396,33,33,0,single,142.85724868587627,JUMPING,False,,0.42625788041510365,,,28.524569737151715,9.9835994080031,3.264712980651855,222.84503173828125,210.68154907226562,118.3467788696289,107.10874938964844,28.790346145629883,True
664,22.133333333333333,0.8941076993942261,11.97707699611783,33,33,0,single,142.85724868587627,JUMPING,False,,0.42625788041510365,,,28.524569737151715,9.9835994080031,3.264712980651855,222.84503173828125,199.08367919921875,118.3467788696289,99.01827239990234,27.315767288208008,True
665,22.166666666666668,0.8971621990203857,11.248433031141758,33,33,0,unknown,0.0,JUMPING,False,,,,,,,,,,,,0.0,False
666,22.2,0.8666244745254517,11.889975052326918,33,33,0,single,142.85724868587627,JUMPING,False,,0.42625788041510365,,,28.524569737151715,9.9835994080031,3.264712980651855,222.84503173828125,192.53619384765625,118.3467788696289,94.58114624023438,28.165246963500977,True
667,22.233333333333334,0.8727797269821167,10.926674120128155,33,33,0,single,142.85724868587627,JUMPING,False,,0.42625788041510365,,,28.524569737151715,9.9835994080031,3.264712980651855,222.84503173828125,191.13021850585938,118.3467788696289,93.36782836914062,25.755840301513672,True
668,22.266666666666666,0.8777095675468445,11.983990669250488,33,33,0,unknown,0.0,JUMPING,False,,,,,,,,,,,,0.0,False
669,22.3,0.8764850497245789,10.90462738648057,33,33,0,unknown,0.0,JUMPING,False,,,,,,,,,,,,0.0,False
670,22.333333333333332,0.8766496181488037,12.360838241875172,33,33,0,unknown,0.0,JUMPING,False,,,,,,,,,,,,0.0,False
671,22.366666666666667,0.8939339518547058,11.182664893567562,33,33,0,single,142.85724868587627,JUMPING,False,,0.42625788041510365,,,28.524569737151715,9.9835994080031,3.264712980651855,222.84503173828125,206.95654296875,118.3467788696289,104.62012481689453,27.72293472290039,True
672,22.4,0.8914509415626526,11.991410981863737,34,34,0,single,140.6250064173949,JUMPING,True,0.466666666666665,0.43514781339044717,31.714813232421875,24.97895050048828,29.322130610969253,9.9835994080031,2.3159064422607423,222.84503173828125,216.43751525878906,118.3467788696289,111.56754302978516,28.047470092773438,False
673,22.433333333333334,0.8765584826469421,11.091430205851793,34,34,0,single,140.6250064173949,JUMPING,False,,0.43514781339044717,,,29.322130610969253,10.262745713839237,3.3884477325439453,222.84503173828125,216.98983764648438,118.3467788696289,110.92261505126953,30.65401840209961,False
674,22.466666666666665,0.9127585887908936,11.955025140196085,34,34,0,single,140.6250064173949,JUMPING,False,,0.43514781339044717,,,29.322130610969253,10.262745713839237,3.3884477325439453,222.84503173828125,213.85777282714844,118.3467788696289,106.29784393310547,32.121944427490234,False
675,22.5,0.898369312286377,11.15961093455553,34,34,0,single,140.6250064173949,JUMPING,False,,0.43514781339044717,,,29.322130610969253,13.44920627746582,4.483068759155273,222.84503173828125,206.49794006347656,118.3467788696289,99.91014862060547,36.64915084838867,True
676,22.533333333333335,0.8910674452781677,12.005068827420473,34,34,0,single,140.6250064173949,JUMPING,False,,0.43514781339044717,,,29.322130610969253,10.830721481323241,3.610240493774414,221.51199340820312,201.4775848388672,117.40127563476562,95.89862060546875,35.860748291015625,True
677,22.566666666666666,0.8820779323577881,11.083683930337429,34,34,0,single,140.6250064173949,JUMPING,False,,0.43514781339044717,,,29.322130610969253,10.835472244262695,3.6118240814208984,220.86871337890625,194.4875030517578,116.59878540039062,92.18537902832031,36.4925422668457,True
678,22.6,0.87787926197052,11.93156186491251,34,34,0,single,140.6250064173949,JUMPING,False,,0.43514781339044717,,,29.322130610969253,10.262745713839237,3.2013355407714843,219.818359375,191.80068969726562,114.69633483886719,90.49436950683594,33.568912506103516,True
679,22.633333333333333,0.8781428933143616,10.929774027317762,34,34,0,single,140.6250064173949,JUMPING,False,,0.43514781339044717,,,29.322130610969253,10.404408375549316,3.468136125183105,219.818359375,191.43240356445312,114.69633483886719,91.07196044921875,28.760984420776367,True
680,22.666666666666668,0.8801085948944092,11.829263996332884,34,34,0,single,140.6250064173949,JUMPING,False,,0.43514781339044717,,,29.322130610969253,10.404408375549316,3.468136125183105,219.818359375,196.1573486328125,114.69633483886719,95.31239318847656,28.214651107788086,True
681,22.7,0.8835583925247192,11.140578892081976,34,34,0,single,140.6250064173949,JUMPING,False,,0.43514781339044717,,,29.322130610969253,10.404408375549316,3.468136125183105,219.818359375,203.7910614013672,114.69633483886719,103.1563720703125,29.34505844116211,True
682,22.733333333333334,0.8818742632865906,12.128360103815794,34,34,0,single,140.6250064173949,JUMPING,False,,0.43514781339044717,,,29.322130610969253,10.404408375549316,3.468136125183105,219.818359375,208.59112548828125,114.69633483886719,107.45993041992188,30.99135971069336,True
683,22.766666666666666,0.8968258500099182,11.09066791832447,35,35,0,single,142.85711690682604,JUMPING,True,0.36666666666666714,0.4200819611112156,28.385955810546875,24.670249938964844,29.08808691086366,10.262745713839237,2.986035488891601,219.818359375,217.71080017089844,115.16461944580078,113.95222473144531,30.61528968811035,False
684,22.8,0.8844630122184753,12.535015121102333,35,35,0,single,142.85711690682604,JUMPING,False,,0.4200819611112156,,,29.08808691086366,10.18083041880228,3.2013355407714843,220.86871337890625,223.4254913330078,116.59878540039062,118.2802734375,30.407398223876953,False
685,22.833333333333332,0.8716750144958496,11.046103201806545,35,35,0,single,142.85711690682604,JUMPING,False,,0.4200819611112156,,,29.08808691086366,10.846670471191405,3.6155568237304685,221.51199340820312,221.5633544921875,116.941162109375,116.82882690429688,29.92755126953125,False
686,22.866666666666667,0.8770654797554016,11.89873879775405,35,35,0,single,142.85711690682604,JUMPING,False,,0.4200819611112156,,,29.08808691086366,10.846670471191405,3.6155568237304685,221.51199340820312,215.02871704101562,116.941162109375,110.16213989257812,30.618228912353516,False
687,22.9,0.8478622436523438,11.144669726490974,35,35,0,single,142.85711690682604,JUMPING,False,,0.4200819611112156,,,29.08808691086366,10.846670471191405,3.6155568237304685,221.51199340820312,211.88613891601562,116.941162109375,103.510009765625,31.116092681884766,False
688,22.933333333333334,0.848867654800415,12.22846657037735,35,35,0,single,142.85711690682604,JUMPING,False,,0.4200819611112156,,,29.08808691086366,10.18083041880228,3.0213947387695312,221.51199340820312,209.21707153320312,116.941162109375,99.26348114013672,32.73688888549805,True
689,22.966666666666665,0.8916954398155212,11.336217634379864,35,35,0,single,142.85711690682604,JUMPING,False,,0.4200819611112156,,,29.08808691086366,10.18083041880228,3.3903480377197264,221.51199340820312,201.77029418945312,116.4864501953125,94.9822006225586,29.625057220458984,True
690,23.0,0.8775018453598022,12.153306975960732,35,35,0,single,142.85711690682604,JUMPING,False,,0.4200819611112156,,,29.08808691086366,10.404408375549316,3.468136125183105,220.86871337890625,198.54034423828125,115.16461944580078,92.51301574707031,29.24907684326172,True
691,23.033333333333335,0.8522194027900696,11.067487299442291,35,35,0,single,142.85711690682604,JUMPING,False,,0.4200819611112156,,,29.08808691086366,11.20487799682617,3.7349593322753902,220.86871337890625,196.1182861328125,115.16461944580078,92.38812255859375,29.742616653442383,True
692,23.066666666666666,0.8640104532241821,11.906323954463005,35,35,0,single,142.85711690682604,JUMPING,False,,0.4200819611112156,,,29.08808691086366,10.836422396850585,3.612140798950195,220.86871337890625,197.96640014648438,115.16461944580078,95.99227905273438,30.000150680541992,True
693,23.1,0.876390814781189,10.986214969307184,35,35,0,single,142.85711690682604,JUMPING,False,,0.4200819611112156,,,29.08808691086366,10.836422396850585,3.612140798950195,220.86871337890625,202.92477416992188,115.16461944580078,102.2918930053711,32.83076095581055,True
694,23.133333333333333,0.8700975179672241,12.304372154176235,35,35,0,single,142.85711690682604,JUMPING,False,,0.4200819611112156,,,29.08808691086366,10.836422396850585,3.612140798950195,220.86871337890625,207.07830810546875,115.16461944580078,106.44515228271484,34.631309509277344,True
695,23.166666666666668,0.8833642601966858,11.159184854477644,36,36,0,single,145.16136596035605,JUMPING,True,0.40000000000000213,0.41566392966674864,24.75042724609375,22.77649688720703,28.00367199467118,13.286526580810545,4.428842193603515,220.86871337890625,214.98721313476562,115.16461944580078,113.55000305175781,32.46098327636719,False
696,23.2,0.9062741994857788,12.011220213025808,36,36,0,single,145.16136596035605,JUMPING,False,,0.41566392966674864,,,28.00367199467118,10.836422396850585,3.612140798950195,221.35922241210938,221.23989868164062,116.4864501953125,119.32313537597656,30.00865364074707,False
697,23.233333333333334,0.8829161524772644,11.103074997663498,36,36,0,single,145.16136596035605,JUMPING,False,,0.41566392966674864,,,28.00367199467118,10.94731877746582,3.6491062591552734,221.51351928710938,223.00259399414062,117.69969177246094,120.01268005371094,30.11038589477539,False
698,23.266666666666666,0.8851915001869202,11.924851220101118,36,36,0,single,145.16136596035605,JUMPING,False,,0.41566392966674864,,,28.00367199467118,11.507671266174317,3.8358904220581054,221.51351928710938,219.24124145507812,117.69969177246094,114.32763671875,28.53268051147461,False
699,23.3,0.8849486112594604,11.105179786682129,36,36,0,single,145.16136596035605,JUMPING,False,,0.41566392966674864,,,28.00367199467118,11.507671266174317,3.8358904220581054,221.51351928710938,213.98580932617188,117.69969177246094,107.26187133789062,30.805574417114258,False
700,23.333333333333332,0.8715939521789551,11.992380023002625,36,36,0,single,145.16136596035605,JUMPING,False,,0.41566392966674864,,,28.00367199467118,9.801285198134913,3.240359664916992,221.51351928710938,209.9917449951172,117.69969177246094,102.29801940917969,31.935888290405273,True
701,23.366666666666667,0.8979543447494507,11.121657211333513,36,36,0,single,145.16136596035605,JUMPING,False,,0.41566392966674864,,,28.00367199467118,12.396912286376953,4.132304095458984,221.35922241210938,201.69363403320312,115.8283462524414,97.6500244140625,29.999996185302734,True
702,23.4,0.8940340876579285,11.948519852012396,36,36,0,single,145.16136596035605,JUMPING,False,,0.41566392966674864,,,28.00367199467118,11.344550427246093,3.781516809082031,220.7493896484375,195.55227661132812,115.8283462524414,94.21147918701172,33.82768249511719,True
703,23.433333333333334,0.8830204010009766,11.108867824077606,36,36,0,single,145.16136596035605,JUMPING,False,,0.41566392966674864,,,28.00367199467118,12.113970419311524,4.037990139770508,220.4404296875,194.0040283203125,115.8283462524414,93.68875122070312,33.85456466674805,True
704,23.466666666666665,0.8745077848434448,12.25796714425087,36,36,0,single,145.16136596035605,JUMPING,False,,0.41566392966674864,,,28.00367199467118,12.113970419311524,4.037990139770508,220.4404296875,197.97976684570312,115.8283462524414,96.55743408203125,31.684167861938477,True
705,23.5,0.8694967031478882,11.020679958164692,36,36,0,unknown,0.0,JUMPING,False,,,,,,,,,,,,0.0,False
706,23.533333333333335,0.8745436072349548,11.973020154982805,36,36,0,unknown,0.0,JUMPING,False,,,,,,,,,,,,0.0,False
707,23.566666666666666,0.8688147068023682,11.060764081776142,37,37,0,single,147.54088643871617,JUMPING,True,0.3999999999999986,0.41221786514006364,26.4364013671875,22.13959503173828,27.61185433780026,12.113970419311524,4.037990139770508,220.4404296875,209.11766052246094,115.8283462524414,106.5709228515625,29.557832717895508,False
708,23.6,0.899479866027832,12.053677812218666,37,37,0,single,147.54088643871617,JUMPING,False,,0.41221786514006364,,,27.61185433780026,13.581616827392576,4.527205609130859,220.4404296875,218.41226196289062,115.8283462524414,113.63108825683594,28.309396743774414,False
709,23.633333333333333,0.898483395576477,10.97021671012044,37,37,0,single,147.54088643871617,JUMPING,False,,0.41221786514006364,,,27.61185433780026,10.680020494079589,3.560006831359863,220.7595672607422,220.0390625,116.76805877685547,116.67691040039062,25.211835861206055,False
710,23.666666666666668,0.9038617014884949,12.234651017934084,37,37,0,single,147.54088643871617,JUMPING,False,,0.41221786514006364,,,27.61185433780026,10.571397692871093,3.523799230957031,220.7595672607422,219.18658447265625,116.76805877685547,113.5943832397461,27.53414535522461,False
711,23.7,0.8896200060844421,10.955689009279013,37,37,0,single,147.54088643871617,JUMPING,False,,0.41221786514006364,,,27.61185433780026,10.571397692871093,3.523799230957031,220.7595672607422,212.87765502929688,116.76805877685547,107.74494171142578,29.520339965820312,False
712,23.733333333333334,0.9112153053283691,11.951153166592121,37,37,0,single,147.54088643871617,JUMPING,False,,0.41221786514006364,,,27.61185433780026,10.17104411315918,3.3903480377197264,220.7595672607422,207.7041473388672,116.76805877685547,103.36784362792969,29.50859260559082,True
713,23.766666666666666,0.9054330587387085,10.965036228299141,37,37,0,single,147.54088643871617,JUMPING,False,,0.41221786514006364,,,27.61185433780026,12.57676259765625,4.19225419921875,219.71994018554688,202.1641082763672,115.73719787597656,97.65003967285156,29.340919494628906,True
714,23.8,0.8986740708351135,11.907435953617096,37,37,0,single,147.54088643871617,JUMPING,False,,0.41221786514006364,,,27.61185433780026,12.57676259765625,4.19225419921875,219.71994018554688,198.63720703125,115.73719787597656,93.53945922851562,27.52126693725586,True
715,23.833333333333332,0.8798109292984009,11.224605143070221,37,37,0,single,147.54088643871617,JUMPING,False,,0.41221786514006364,,,27.61185433780026,12.57676259765625,4.19225419921875,219.71994018554688,199.15478515625,115.73719787597656,92.52981567382812,26.895204544067383,True
716,23.866666666666667,0.8814159035682678,11.973940767347813,37,37,0,single,147.54088643871617,JUMPING,False,,0.41221786514006364,,,27.61185433780026,12.57676259765625,4.19225419921875,219.71994018554688,199.78282165527344,115.73719787597656,95.16698455810547,25.0227108001709,True
717,23.9,0.8741257190704346,11.178574059158564,37,37,0,single,147.54088643871617,JUMPING,False,,0.41221786514006364,,,27.61185433780026,12.57676259765625,4.19225419921875,219.71994018554688,204.66946411132812,115.73719787597656,100.17276763916016,27.557899475097656,True
718,23.933333333333334,0.8736951947212219,12.023827992379665,38,38,0,single,149.99999776482585,JUMPING,True,0.36666666666666714,0.4021966014759164,21.082733154296875,23.207382202148438,25.979574041924415,12.57676259765625,4.19225419921875,219.71994018554688,208.19393920898438,115.73719787597656,103.53440856933594,28.178443908691406,False
719,23.966666666666665,0.8881402015686035,11.291459202766418,38,38,0,single,149.99999776482585,JUMPING,False,,0.4021966014759164,,,25.979574041924415,11.07796475830078,3.6926549194335934,219.71994018554688,218.74923706054688,115.73719787597656,110.97369384765625,26.021743774414062,False
720,24.0,0.9111775755882263,11.980565264821053,38,38,0,single,149.99999776482585,JUMPING,False,,0.4021966014759164,,,25.979574041924415,9.092850914673544,2.9632092041015623,220.7595672607422,223.94741821289062,116.51769256591797,116.27886199951172,28.528921127319336,False
721,24.033333333333335,0.9088387489318848,10.94643585383892,38,38,0,single,149.99999776482585,JUMPING,False,,0.4021966014759164,,,25.979574041924415,9.092850914673544,2.4782694213867185,221.43397521972656,221.73138427734375,116.76805877685547,117.49046325683594,30.88931655883789,False
722,24.066666666666666,0.8994806408882141,12.120915111154318,38,38,0,single,149.99999776482585,JUMPING,False,,0.4021966014759164,,,25.979574041924415,9.092850914673544,2.411894476318359,221.43397521972656,217.4877471923828,116.76805877685547,113.19642639160156,31.727985382080078,False
723,24.1,0.9118760824203491,11.04630995541811,38,38,0,single,149.99999776482585,JUMPING,False,,0.4021966014759164,,,25.979574041924415,9.092850914673544,2.411894476318359,221.43397521972656,210.9999542236328,116.76805877685547,106.69952392578125,31.47682762145996,True
724,24.133333333333333,0.9151723384857178,11.986705008894205,38,38,0,single,149.99999776482585,JUMPING,False,,0.4021966014759164,,,25.979574041924415,9.092850914673544,2.411894476318359,221.43397521972656,206.260986328125,116.76805877685547,102.07589721679688,30.63016128540039,True
725,24.166666666666668,0.900761067867279,11.047488078474998,38,38,0,single,149.99999776482585,JUMPING,False,,0.4021966014759164,,,25.979574041924415,9.092850914673544,2.411894476318359,221.43397521972656,203.1511993408203,116.76805877685547,96.4698715209961,32.209510803222656,True
726,24.2,0.882610023021698,11.991477105766535,38,38,0,single,149.99999776482585,JUMPING,False,,0.4021966014759164,,,25.979574041924415,9.092850914673544,2.411894476318359,221.43397521972656,200.1233367919922,116.76805877685547,92.572998046875,33.55672836303711,True
727,24.233333333333334,0.8940158486366272,11.042171157896519,38,38,0,single,149.99999776482585,JUMPING,False,,0.4021966014759164,,,25.979574041924415,9.092850914673544,2.411894476318359,221.43397521972656,196.50169372558594,116.76805877685547,91.59803771972656,30.723684310913086,True
728,24.266666666666666,0.8737099170684814,11.997365858405828,38,38,0,single,149.99999776482585,JUMPING,False,,0.4021966014759164,,,25.979574041924415,9.092850914673544,2.411894476318359,221.43397521972656,200.1476287841797,116.76805877685547,93.98316955566406,31.41653823852539,True
729,24.3,0.8846453428268433,11.13554509356618,38,38,0,unknown,0.0,JUMPING,False,,,,,,,,,,,,0.0,False
730,24.333333333333332,0.8725061416625977,12.395950965583324,38,38,0,unknown,0.0,JUMPING,False,,,,,,,,,,,,0.0,False
731,24.366666666666667,0.8922300338745117,11.210381984710693,38,38,0,single,149.99999776482585,JUMPING,False,,0.4021966014759164,,,25.979574041924415,9.092850914673544,2.411894476318359,221.43397521972656,207.69003295898438,116.76805877685547,103.71089172363281,28.41815948486328,True
732,24.4,0.9152671694755554,11.852960102260113,39,39,0,single,149.99999776482585,JUMPING,True,0.466666666666665,0.4163800158178811,24.932281494140625,25.170021057128906,25.717750904978466,9.092850914673544,2.411894476318359,221.43397521972656,215.61196899414062,116.76805877685547,112.83026123046875,29.207841873168945,False
733,24.433333333333334,0.9086779952049255,11.075027287006378,39,39,0,single,149.99999776482585,JUMPING,False,,0.4163800158178811,,,25.717750904978466,9.001212816742463,2.9632092041015623,220.85838317871094,220.28610229492188,116.76805877685547,117.18234252929688,31.16998291015625,False
734,24.466666666666665,0.8892262578010559,12.08719378337264,39,39,0,single,149.99999776482585,JUMPING,False,,0.4163800158178811,,,25.717750904978466,9.001212816742463,2.625814544677734,220.72183227539062,221.0123291015625,116.51769256591797,115.37702941894531,29.395463943481445,False
735,24.5,0.8983458876609802,11.243789922446012,39,39,0,single,149.99999776482585,JUMPING,False,,0.4163800158178811,,,25.717750904978466,9.001212816742463,2.625814544677734,220.72183227539062,215.77423095703125,116.51769256591797,108.9478988647461,33.271583557128906,False
736,24.533333333333335,0.8944493532180786,12.052221689373255,39,39,0,single,149.99999776482585,JUMPING,False,,0.4163800158178811,,,25.717750904978466,9.001212816742463,2.625814544677734,220.72183227539062,212.11776733398438,116.51769256591797,104.6591796875,35.56572341918945,False
737,24.566666666666666,0.9108697175979614,11.049206834286451,39,39,0,single,149.99999776482585,JUMPING,False,,0.4163800158178811,,,25.717750904978466,9.001212816742463,2.625814544677734,220.72183227539062,206.16412353515625,116.51769256591797,99.0299072265625,33.764591217041016,True
738,24.6,0.889148473739624,11.940568685531616,39,39,0,single,149.99999776482585,JUMPING,False,,0.4163800158178811,,,25.717750904978466,9.001212816742463,2.625814544677734,220.72183227539062,203.55966186523438,116.51769256591797,94.23684692382812,32.94260787963867,True
739,24.633333333333333,0.8813419938087463,11.980743147432804,39,39,0,single,149.99999776482585,JUMPING,False,,0.4163800158178811,,,25.717750904978466,9.001212816742463,2.625814544677734,220.72183227539062,199.93768310546875,116.51769256591797,91.8082275390625,32.17259979248047,True
740,24.666666666666668,0.8677176833152771,12.01656088232994,39,39,0,single,149.99999776482585,JUMPING,False,,0.4163800158178811,,,25.717750904978466,9.001212816742463,2.625814544677734,220.72183227539062,197.9576416015625,116.51769256591797,93.263671875,30.039552688598633,True
741,24.7,0.8687781691551208,11.024342849850655,39,39,0,unknown,0.0,JUMPING,False,,,,,,,,,,,,0.0,False
742,24.733333333333334,0.8610721230506897,12.011876795440912,39,39,0,unknown,0.0,JUMPING,False,,,,,,,,,,,,0.0,False
743,24.766666666666666,0.8793830871582031,11.006210930645466,39,39,0,single,149.99999776482585,JUMPING,False,,0.4163800158178811,,,25.717750904978466,9.001212816742463,2.625814544677734,220.72183227539062,204.11300659179688,116.51769256591797,101.72938537597656,31.68531036376953,True
744,24.8,0.8930256962776184,11.987203266471624,40,40,0,single,147.54101618808767,JUMPING,True,0.40000000000000213,0.4127764123379477,22.764190673828125,24.70946502685547,24.979360847190883,9.001212816742463,2.625814544677734,220.72183227539062,212.71151733398438,116.51769256591797,111.32192993164062,32.26866149902344,False
745,24.833333333333332,0.9008731842041016,11.135330889374018,40,40,0,single,147.54101618808767,JUMPING,False,,0.4127764123379477,,,24.979360847190883,8.742776296516809,2.411894476318359,221.14886474609375,222.53817749023438,116.98017120361328,117.56057739257812,32.200523376464844,False
746,24.866666666666667,0.9019649624824524,11.9673702865839,40,40,0,single,147.54101618808767,JUMPING,False,,0.4127764123379477,,,24.979360847190883,8.742776296516809,2.4604653717041014,221.5347900390625,222.99478149414062,117.07600402832031,116.91650390625,30.876094818115234,False
747,24.9,0.8258603811264038,11.047317180782557,40,40,0,single,147.54101618808767,JUMPING,False,,0.4127764123379477,,,24.979360847190883,8.742776296516809,2.4604653717041014,221.44375610351562,220.0760498046875,116.82066345214844,110.71175384521484,30.881685256958008,False
748,24.933333333333334,0.8567208051681519,11.935369577258825,40,40,0,single,147.54101618808767,JUMPING,False,,0.4127764123379477,,,24.979360847190883,8.742776296516809,2.411894476318359,220.72183227539062,211.75079345703125,116.51769256591797,103.44963836669922,32.614566802978516,True
749,24.966666666666665,0.8985686302185059,11.021142825484276,40,40,0,single,147.54101618808767,JUMPING,False,,0.4127764123379477,,,24.979360847190883,8.742776296516809,2.4604653717041014,220.72183227539062,204.78195190429688,116.51769256591797,98.63369750976562,32.940521240234375,True
750,25.0,0.8967952132225037,12.08191690966487,40,40,0,single,147.54101618808767,JUMPING,False,,0.4127764123379477,,,24.979360847190883,8.742776296516809,2.4604653717041014,220.72183227539062,201.28224182128906,116.51769256591797,94.57261657714844,32.28140640258789,True
751,25.033333333333335,0.8849549293518066,11.05159381404519,40,40,0,single,147.54101618808767,JUMPING,False,,0.4127764123379477,,,24.979360847190883,8.742776296516809,2.4604653717041014,220.72183227539062,199.2989044189453,116.51769256591797,91.96208190917969,32.61360168457031,True
752,25.066666666666666,0.8761035799980164,11.920630000531673,40,40,0,single,147.54101618808767,JUMPING,False,,0.4127764123379477,,,24.979360847190883,8.742776296516809,2.4604653717041014,220.72183227539062,200.36009216308594,116.51769256591797,92.40953063964844,33.99856948852539,True
753,25.1,0.8612996935844421,11.035083793103695,40,40,0,unknown,0.0,JUMPING,False,,,,,,,,,,,,0.0,False
754,25.133333333333333,0.8510973453521729,11.745575815439224,40,40,0,unknown,0.0,JUMPING,False,,,,,,,,,,,,0.0,False
755,25.166666666666668,0.8696074485778809,11.32342591881752,40,40,0,single,147.54101618808767,JUMPING,False,,0.4127764123379477,,,24.979360847190883,8.742776296516809,2.4604653717041014,220.72183227539062,206.5913848876953,116.51769256591797,100.58174133300781,32.76424026489258,True
756,25.2,0.9062996506690979,12.228687293827534,41,41,0,single,147.54088643871617,JUMPING,True,0.3999999999999986,0.4099656016235989,21.422927856445312,24.55561065673828,24.09025259950449,8.742776296516809,2.5090362670898436,220.72183227539062,217.41053771972656,116.51769256591797,109.80604553222656,30.15674591064453,False
757,25.233333333333334,0.9072748422622681,11.04485709220171,41,41,0,single,147.54088643871617,JUMPING,False,,0.4099656016235989,,,24.09025259950449,9.23908016052246,3.07969338684082,221.44375610351562,225.12081909179688,116.52494049072266,116.29698181152344,30.204730987548828,False
758,25.266666666666666,0.9039597511291504,11.93694258108735,41,41,0,single,147.54088643871617,JUMPING,False,,0.4099656016235989,,,24.09025259950449,8.43158840982657,2.778155676269531,222.2154541015625,224.03204345703125,116.82066345214844,117.16502380371094,30.935327529907227,False
759,25.3,0.906916618347168,11.077234987169504,41,41,0,single,147.54088643871617,JUMPING,False,,0.4099656016235989,,,24.09025259950449,8.43158840982657,2.2785563964843747,222.2154541015625,218.87477111816406,116.82066345214844,112.64309692382812,31.029226303100586,False
760,25.333333333333332,0.9038314819335938,11.90411439165473,41,41,0,single,147.54088643871617,JUMPING,False,,0.4099656016235989,,,24.09025259950449,10.016780053710937,3.3389266845703123,222.2154541015625,216.3947296142578,116.66869354248047,109.00602722167969,31.434974670410156,False
761,25.366666666666667,0.9014995694160461,11.110133025795221,41,41,0,single,147.54088643871617,JUMPING,False,,0.4099656016235989,,,24.09025259950449,9.441666265869141,3.147222088623047,222.2154541015625,208.94265747070312,116.66869354248047,103.38990783691406,30.288738250732422,True
762,25.4,0.9038056135177612,11.89430896192789,41,41,0,single,147.54088643871617,JUMPING,False,,0.4099656016235989,,,24.09025259950449,9.441666265869141,3.147222088623047,222.2154541015625,201.3817138671875,116.66869354248047,97.61395263671875,30.69109535217285,True
763,25.433333333333334,0.8844982981681824,11.262405198067427,41,41,0,single,147.54088643871617,JUMPING,False,,0.4099656016235989,,,24.09025259950449,9.441666265869141,3.147222088623047,222.2154541015625,197.41827392578125,116.66869354248047,94.388916015625,32.717960357666016,True
764,25.466666666666665,0.8815442323684692,12.051883153617382,41,41,0,single,147.54088643871617,JUMPING,False,,0.4099656016235989,,,24.09025259950449,9.441666265869141,3.147222088623047,222.2154541015625,196.30648803710938,116.66869354248047,93.93630981445312,31.830488204956055,True
765,25.5,0.8670885562896729,10.980306658893824,41,41,0,single,147.54088643871617,JUMPING,False,,0.4099656016235989,,,24.09025259950449,9.441666265869141,3.147222088623047,222.2154541015625,199.0966339111328,116.66869354248047,96.1370849609375,33.76049041748047,True
766,25.533333333333335,0.8644260764122009,12.145361863076687,41,41,0,single,147.54088643871617,JUMPING,False,,0.4099656016235989,,,24.09025259950449,9.441666265869141,3.147222088623047,222.2154541015625,202.4962158203125,116.66869354248047,98.03555297851562,34.52425765991211,True
767,25.566666666666666,0.8611612319946289,11.396735906600952,41,41,0,unknown,0.0,JUMPING,False,,,,,,,,,,,,0.0,False
768,25.6,0.9020076990127563,11.862749699503183,41,41,0,single,147.54088643871617,JUMPING,False,,0.4099656016235989,,,24.09025259950449,9.441666265869141,3.147222088623047,222.2154541015625,209.701416015625,116.66869354248047,106.72640991210938,31.857492446899414,True
769,25.633333333333333,0.8981856107711792,11.02955499663949,42,42,0,single,145.16136596035605,JUMPING,True,0.43333333333333357,0.4151065025997405,25.908966064453125,22.732383728027344,24.54493096574165,9.441666265869141,3.147222088623047,222.2154541015625,215.9287109375,116.66869354248047,113.9310302734375,28.74367904663086,False
770,25.666666666666668,0.9003210067749023,11.965809855610132,42,42,0,single,145.16136596035605,JUMPING,False,,0.4151065025997405,,,24.54493096574165,10.016780053710937,3.3389266845703123,222.2154541015625,220.01431274414062,116.66869354248047,116.28495788574219,30.21683120727539,False
771,25.7,0.8915705680847168,11.316398158669472,42,42,0,single,145.16136596035605,JUMPING,False,,0.4151065025997405,,,24.54493096574165,12.047663342285155,4.015887780761719,222.2154541015625,216.74331665039062,116.66869354248047,112.52598571777344,29.34583854675293,False
772,25.733333333333334,0.8842692971229553,12.209085747599602,42,42,0,single,145.16136596035605,JUMPING,False,,0.4151065025997405,,,24.54493096574165,11.581070553588866,3.860356851196289,221.44375610351562,214.07119750976562,116.66869354248047,109.46332550048828,28.334192276000977,False
773,25.766666666666666,0.8867543935775757,10.985816828906536,42,42,0,single,145.16136596035605,JUMPING,False,,0.4151065025997405,,,24.54493096574165,12.789766447448729,4.26325548248291,220.72183227539062,208.9207305908203,116.29217529296875,104.03692626953125,26.965225219726562,False
774,25.8,0.9011386632919312,13.84754292666912,42,42,0,single,145.16136596035605,JUMPING,False,,0.4151065025997405,,,24.54493096574165,13.25652890625,4.41884296875,220.72183227539062,201.42877197265625,116.29217529296875,98.78395080566406,30.36777687072754,True
775,25.833333333333332,0.8920005559921265,11.030588299036026,42,42,0,single,145.16136596035605,JUMPING,False,,0.4151065025997405,,,24.54493096574165,13.25652890625,4.41884296875,220.72183227539062,195.88458251953125,116.29217529296875,95.63455200195312,31.073841094970703,True
776,25.866666666666667,0.8769524097442627,12.175543699413538,42,42,0,single,145.16136596035605,JUMPING,False,,0.4151065025997405,,,24.54493096574165,13.25652890625,4.41884296875,220.72183227539062,195.34922790527344,116.29217529296875,95.78094482421875,31.167570114135742,True
777,25.9,0.8862462043762207,11.033568065613508,42,42,0,single,145.16136596035605,JUMPING,False,,0.4151065025997405,,,24.54493096574165,13.25652890625,4.41884296875,220.72183227539062,198.16409301757812,116.29217529296875,98.58757019042969,31.7593936920166,True
778,25.933333333333334,0.8864175081253052,12.21049064770341,42,42,0,single,145.16136596035605,JUMPING,False,,0.4151065025997405,,,24.54493096574165,13.25652890625,4.41884296875,220.72183227539062,200.64346313476562,116.29217529296875,100.651611328125,31.12527084350586,True
779,25.966666666666665,0.8809162974357605,11.127595789730549,42,42,0,single,145.16136596035605,JUMPING,False,,0.4151065025997405,,,24.54493096574165,13.25652890625,4.41884296875,220.72183227539062,206.54336547851562,116.29217529296875,105.8095932006836,29.756694793701172,True
780,26.0,0.8907579779624939,12.40067696198821,43,43,0,single,145.1612298961488,JUMPING,True,0.36666666666666714,0.4044497386944644,25.372604370117188,20.657623291015625,24.751849316835532,13.662413731384277,4.554137910461425,220.72183227539062,214.87298583984375,116.29217529296875,113.46155548095703,28.15144157409668,False
781,26.033333333333335,0.9085146188735962,10.899675078690052,43,43,0,single,145.1612298961488,JUMPING,False,,0.4044497386944644,,,24.751849316835532,12.418799729919433,4.139599909973144,221.47698974609375,221.78677368164062,116.66869354248047,118.29756927490234,30.18889808654785,False
782,26.066666666666666,0.8960180878639221,11.953485663980246,43,43,0,single,145.1612298961488,JUMPING,False,,0.4044497386944644,,,24.751849316835532,11.403358085632323,3.8011193618774413,221.47698974609375,220.76559448242188,117.06561279296875,118.60266876220703,31.392059326171875,False
783,26.1,0.8939327001571655,10.988980997353792,43,43,0,single,145.1612298961488,JUMPING,False,,0.4044497386944644,,,24.751849316835532,11.403358085632323,3.8011193618774413,221.47698974609375,219.49026489257812,117.06561279296875,117.9683837890625,32.95304489135742,False
784,26.133333333333333,0.8907851576805115,12.060088105499744,43,43,0,unknown,0.0,JUMPING,False,,,,,,,,,,,,0.0,False
785,26.166666666666668,0.8809658885002136,10.91409893706441,43,43,0,single,145.1612298961488,JUMPING,False,,0.4044497386944644,,,24.751849316835532,11.581070553588866,3.860356851196289,221.3782958984375,212.029296875,117.06561279296875,108.89745330810547,29.035985946655273,False
786,26.2,0.8686267733573914,12.134520802646875,43,43,0,single,145.1612298961488,JUMPING,False,,0.4044497386944644,,,24.751849316835532,11.403358085632323,3.8011193618774413,221.3782958984375,203.22543334960938,117.06561279296875,100.81086730957031,30.561857223510742,True
787,26.233333333333334,0.8880398869514465,11.01710507646203,43,43,0,single,145.1612298961488,JUMPING,False,,0.4044497386944644,,,24.751849316835532,11.403358085632323,3.8011193618774413,221.3782958984375,196.64752197265625,117.06561279296875,95.90376281738281,30.284744262695312,True
788,26.266666666666666,0.8882452249526978,12.184463907033205,43,43,0,single,145.1612298961488,JUMPING,False,,0.4044497386944644,,,24.751849316835532,11.403358085632323,3.8011193618774413,221.3782958984375,192.94581604003906,117.06561279296875,94.630615234375,26.989213943481445,True
789,26.3,0.8874832391738892,10.908028110861778,43,43,0,single,145.1612298961488,JUMPING,False,,0.4044497386944644,,,24.751849316835532,11.403358085632323,3.8011193618774413,221.3782958984375,190.7066650390625,117.06561279296875,94.52579498291016,26.872041702270508,True
790,26.333333333333332,0.8895514011383057,11.90679194405675,43,43,0,single,145.1612298961488,JUMPING,False,,0.4044497386944644,,,24.751849316835532,11.403358085632323,3.8011193618774413,221.3782958984375,192.43016052246094,117.06561279296875,96.93216705322266,26.21552085876465,True
791,26.366666666666667,0.8892461657524109,10.991858318448067,43,43,0,single,145.1612298961488,JUMPING,False,,0.4044497386944644,,,24.751849316835532,11.403358085632323,3.8011193618774413,221.3782958984375,198.64845275878906,117.06561279296875,102.00933837890625,28.77342987060547,True
792,26.4,0.8931527137756348,12.170482892543077,43,43,0,single,145.1612298961488,JUMPING,False,,0.4044497386944644,,,24.751849316835532,11.403358085632323,3.8011193618774413,221.3782958984375,209.1681365966797,117.06561279296875,110.69581604003906,32.800743103027344,True
793,26.433333333333334,0.9026758074760437,10.906430892646313,44,44,0,single,147.54101618808767,JUMPING,True,0.43333333333333357,0.4108041295150156,30.671630859375,22.847732543945312,26.2317947024704,11.22564561767578,3.7418818725585936,221.3782958984375,218.90011596679688,117.37352752685547,117.51252746582031,30.25234031677246,False
794,26.466666666666665,0.9031674265861511,11.92002184689045,44,44,0,single,147.54101618808767,JUMPING,False,,0.4108041295150156,,,26.2317947024704,11.581070553588866,3.860356851196289,221.3782958984375,224.67214965820312,117.37352752685547,120.39324951171875,29.496047973632812,False
795,26.5,0.8898752331733704,11.280836071819067,44,44,0,single,147.54101618808767,JUMPING,False,,0.4108041295150156,,,26.2317947024704,9.181128145864639,2.6278505859375,221.12733459472656,221.36849975585938,117.46509552001953,117.39395141601562,26.31007194519043,False
796,26.533333333333335,0.8906469345092773,12.219415977597237,44,44,0,single,147.54101618808767,JUMPING,False,,0.4108041295150156,,,26.2317947024704,9.25021051940918,3.0834035064697263,221.12733459472656,218.4813232421875,117.46509552001953,114.93922424316406,25.063573837280273,False
797,26.566666666666666,0.8567615151405334,10.989796370267868,44,44,0,single,147.54101618808767,JUMPING,False,,0.4108041295150156,,,26.2317947024704,9.25021051940918,3.0834035064697263,221.12733459472656,213.58511352539062,117.46509552001953,108.8440170288086,27.151582717895508,False
798,26.6,0.8873792886734009,13.092729728668928,44,44,0,single,147.54101618808767,JUMPING,False,,0.4108041295150156,,,26.2317947024704,9.25021051940918,3.0834035064697263,221.12733459472656,205.0211181640625,117.46509552001953,101.8677749633789,29.728296279907227,True
799,26.633333333333333,0.8939892053604126,11.681962292641401,44,44,0,single,147.54101618808767,JUMPING,False,,0.4108041295150156,,,26.2317947024704,9.25021051940918,3.0834035064697263,221.12733459472656,197.2742156982422,117.46509552001953,96.53272247314453,31.021347045898438,True
800,26.666666666666668,0.8894219398498535,11.99813187122345,44,44,0,single,147.54101618808767,JUMPING,False,,0.4108041295150156,,,26.2317947024704,9.25021051940918,3.0834035064697263,221.12733459472656,194.36453247070312,117.46509552001953,93.65474700927734,30.63779067993164,True
801,26.7,0.8774837851524353,11.038213968276978,44,44,0,single,147.54101618808767,JUMPING,False,,0.4108041295150156,,,26.2317947024704,9.25021051940918,3.0834035064697263,221.12733459472656,194.85720825195312,117.46509552001953,94.32162475585938,32.142677307128906,True
802,26.733333333333334,0.8682641983032227,11.946680024266243,44,44,0,single,147.54101618808767,JUMPING,False,,0.4108041295150156,,,26.2317947024704,9.25021051940918,3.0834035064697263,221.12733459472656,196.63824462890625,117.46509552001953,95.24488067626953,33.023887634277344,True
803,26.766666666666666,0.8811936378479004,11.031158734112978,44,44,0,single,147.54101618808767,JUMPING,False,,0.4108041295150156,,,26.2317947024704,9.181128145864639,2.7062607971191404,221.12733459472656,199.74559020996094,117.46509552001953,98.58863830566406,27.737722396850586,True
804,26.8,0.8841540813446045,12.152648065239191,44,44,0,single,147.54101618808767,JUMPING,False,,0.4108041295150156,,,26.2317947024704,10.285944708251954,3.4286482360839843,220.465087890625,207.89453125,117.46509552001953,105.76460266113281,27.711320877075195,True
805,26.833333333333332,0.8939656019210815,11.331421323120594,45,45,0,single,147.54088643871617,JUMPING,True,0.3999999999999986,0.40842722102171186,25.440155029296875,23.810348510742188,26.03388478417702,9.480283181762694,3.160094393920898,219.8046875,217.166015625,117.46509552001953,113.67982482910156,27.26296043395996,False
806,26.866666666666667,0.8939210176467896,12.317456770688295,45,45,0,single,147.54088643871617,JUMPING,False,,0.40842722102171186,,,26.03388478417702,10.285944708251954,3.4286482360839843,220.465087890625,222.90219116210938,117.78604125976562,118.36970520019531,30.650039672851562,False
807,26.9,0.8779414296150208,11.214683763682842,45,45,0,single,147.54088643871617,JUMPING,False,,0.40842722102171186,,,26.03388478417702,9.111859674461956,2.6278505859375,221.12733459472656,223.50604248046875,117.92427062988281,117.85810852050781,30.808420181274414,False
808,26.933333333333334,0.8938940763473511,12.055953033268452,45,45,0,single,147.54088643871617,JUMPING,False,,0.40842722102171186,,,26.03388478417702,9.111859674461956,2.519284341430664,221.2435302734375,221.05606079101562,117.92427062988281,116.29168701171875,29.11131477355957,False
809,26.966666666666665,0.8929306864738464,11.05885487049818,45,45,0,single,147.54088643871617,JUMPING,False,,0.40842722102171186,,,26.03388478417702,9.111859674461956,2.519284341430664,221.2435302734375,214.7364501953125,117.92427062988281,110.51481628417969,26.527700424194336,False
810,27.0,0.8977553844451904,11.878515128046274,45,45,0,single,147.54088643871617,JUMPING,False,,0.40842722102171186,,,26.03388478417702,9.111859674461956,2.519284341430664,221.2435302734375,206.9285888671875,117.92427062988281,103.687255859375,27.939653396606445,True
811,27.033333333333335,0.8917820453643799,11.194354854524136,45,45,0,single,147.54088643871617,JUMPING,False,,0.40842722102171186,,,26.03388478417702,9.111859674461956,2.519284341430664,221.2435302734375,202.00799560546875,117.92427062988281,97.56706237792969,31.04985809326172,True
812,27.066666666666666,0.8964159488677979,11.819879990071058,45,45,0,single,147.54088643871617,JUMPING,False,,0.40842722102171186,,,26.03388478417702,9.111859674461956,2.519284341430664,221.2435302734375,197.96058654785156,117.92427062988281,94.351318359375,32.40975570678711,True
813,27.1,0.8844748139381409,10.876487009227276,45,45,0,single,147.54088643871617,JUMPING,False,,0.40842722102171186,,,26.03388478417702,9.111859674461956,2.519284341430664,221.2435302734375,196.447021484375,117.92427062988281,94.53172302246094,31.324115753173828,True
814,27.133333333333333,0.8746137022972107,12.064266949892044,45,45,0,single,147.54088643871617,JUMPING,False,,0.40842722102171186,,,26.03388478417702,9.111859674461956,2.519284341430664,221.2435302734375,195.96568298339844,117.92427062988281,95.12648010253906,31.424142837524414,True
815,27.166666666666668,0.886238157749176,11.196546256542206,45,45,0,single,147.54088643871617,JUMPING,False,,0.40842722102171186,,,26.03388478417702,9.111859674461956,2.765758447265625,221.2435302734375,198.1461639404297,117.92427062988281,98.43629455566406,30.002416610717773,True
816,27.2,0.8467734456062317,11.934943962842226,45,45,0,single,147.54088643871617,JUMPING,False,,0.40842722102171186,,,26.03388478417702,9.111859674461956,2.966738342285156,221.2435302734375,205.9841766357422,117.92427062988281,105.47726440429688,29.192230224609375,True
817,27.233333333333334,0.8852298855781555,10.918378829956055,46,46,0,single,147.54101618808767,JUMPING,True,0.40000000000000213,0.4065732323969357,25.277847290039062,23.572952270507812,25.84487541064253,9.111859674461956,2.966738342285156,221.2435302734375,216.83151245117188,117.92427062988281,113.40790557861328,29.05292320251465,False
818,27.266666666666666,0.894183337688446,12.123942375183105,46,46,0,single,147.54101618808767,JUMPING,False,,0.4065732323969357,,,25.84487541064253,9.589211389160155,3.1964037963867185,221.6194610595703,227.8096160888672,118.1658935546875,118.98065185546875,32.28664779663086,False
819,27.3,0.8757151961326599,11.323024053126574,46,46,0,single,147.54101618808767,JUMPING,False,,0.4065732323969357,,,25.84487541064253,10.243119973754881,3.4143733245849606,222.45602416992188,226.99697875976562,118.34085083007812,118.55393981933594,30.56543731689453,False
820,27.333333333333332,0.8902751207351685,12.01533479616046,46,46,0,single,147.54101618808767,JUMPING,False,,0.4065732323969357,,,25.84487541064253,9.589211389160155,3.1964037963867185,222.45602416992188,220.72515869140625,118.34085083007812,113.05921936035156,28.651634216308594,False
821,27.366666666666667,0.8954235315322876,11.086130980402231,46,46,0,single,147.54101618808767,JUMPING,False,,0.4065732323969357,,,25.84487541064253,9.874596505737305,3.2915321685791015,222.45602416992188,215.96478271484375,118.34085083007812,109.42059326171875,27.454145431518555,False
822,27.4,0.8977627754211426,12.177587952464819,46,46,0,single,147.54101618808767,JUMPING,False,,0.4065732323969357,,,25.84487541064253,9.874596505737305,3.2915321685791015,222.45602416992188,205.4609375,118.34085083007812,103.39823913574219,29.4359130859375,True
823,27.433333333333334,0.8957064151763916,11.118293274194002,46,46,0,single,147.54101618808767,JUMPING,False,,0.4065732323969357,,,25.84487541064253,9.874596505737305,3.2915321685791015,222.45602416992188,196.32470703125,118.34085083007812,97.90280151367188,30.229995727539062,True
824,27.466666666666665,0.8896397352218628,11.953425128012896,46,46,0,single,147.54101618808767,JUMPING,False,,0.4065732323969357,,,25.84487541064253,9.874596505737305,3.2915321685791015,222.45602416992188,192.901123046875,118.34085083007812,94.56057739257812,30.44123649597168,True
825,27.5,0.8806934356689453,11.126247700303793,46,46,0,single,147.54101618808767,JUMPING,False,,0.4065732323969357,,,25.84487541064253,9.874596505737305,3.2915321685791015,222.45602416992188,191.6033172607422,118.34085083007812,93.81100463867188,31.07169532775879,True
826,27.533333333333335,0.8841754198074341,12.178727891296148,46,46,0,single,147.54101618808767,JUMPING,False,,0.4065732323969357,,,25.84487541064253,9.874596505737305,3.2915321685791015,222.45602416992188,190.17127990722656,118.34085083007812,94.12014770507812,29.680179595947266,True
827,27.566666666666666,0.877120852470398,11.145199183374643,46,46,0,single,147.54101618808767,JUMPING,False,,0.4065732323969357,,,25.84487541064253,10.159981622314453,3.386660540771484,222.28871154785156,192.3265380859375,118.20917510986328,96.78224182128906,27.762643814086914,True
828,27.6,0.8743812441825867,12.046894989907742,46,46,0,single,147.54101618808767,JUMPING,False,,0.4065732323969357,,,25.84487541064253,11.174473114013672,3.7248243713378906,222.28871154785156,200.1473388671875,117.92427062988281,103.5157241821289,27.30651092529297,True
829,27.633333333333333,0.8759130239486694,11.796088889241219,46,46,0,single,147.54101618808767,JUMPING,False,,0.4065732323969357,,,25.84487541064253,11.451917669677734,3.817305889892578,222.28871154785156,208.28652954101562,117.71987915039062,112.42996215820312,27.082000732421875,True
830,27.666666666666668,0.8989694118499756,12.012125924229622,47,47,0,single,147.54101618808767,JUMPING,True,0.43333333333333357,0.4124604546029432,32.117431640625,24.35405731201172,27.413014468138147,14.099585723876952,4.699861907958984,222.28871154785156,216.51901245117188,118.1650619506836,118.83912658691406,28.038522720336914,False
831,27.7,0.8943803310394287,11.208490002900362,47,47,0,single,147.54101618808767,JUMPING,False,,0.4124604546029432,,,27.413014468138147,13.767778866577146,4.589259622192382,223.26449584960938,225.96360778808594,118.4802474975586,120.51653289794922,29.199092864990234,False
832,27.733333333333334,0.8960328102111816,15.397334937006235,47,47,0,single,147.54101618808767,JUMPING,False,,0.4124604546029432,,,27.413014468138147,13.616568869018554,4.538856289672851,224.20570373535156,230.23590087890625,118.72505187988281,120.76800537109375,30.977624893188477,False
833,27.766666666666666,0.9042506217956543,13.190082274377346,47,47,0,single,147.54101618808767,JUMPING,False,,0.4124604546029432,,,27.413014468138147,12.83642572631836,4.278808575439453,224.20570373535156,221.14181518554688,118.72505187988281,115.12539672851562,27.9578800201416,False
834,27.8,0.904532790184021,12.009523808956146,47,47,0,single,147.54101618808767,JUMPING,False,,0.4124604546029432,,,27.413014468138147,12.83642572631836,4.278808575439453,224.20570373535156,210.28167724609375,118.72505187988281,108.17405700683594,26.896137237548828,True
835,27.833333333333332,0.8897120356559753,11.301100719720125,47,47,0,single,147.54101618808767,JUMPING,False,,0.4124604546029432,,,27.413014468138147,12.83642572631836,4.278808575439453,224.20570373535156,200.7564697265625,118.72505187988281,101.09783172607422,28.65193748474121,True
836,27.866666666666667,0.900485098361969,12.032959144562483,47,47,0,single,147.54101618808767,JUMPING,False,,0.4124604546029432,,,27.413014468138147,12.83642572631836,4.278808575439453,224.20570373535156,194.321533203125,118.72505187988281,96.06624603271484,28.63563346862793,True
837,27.9,0.8787301182746887,11.193531099706888,47,47,0,single,147.54101618808767,JUMPING,False,,0.4124604546029432,,,27.413014468138147,12.83642572631836,4.278808575439453,224.20570373535156,192.11338806152344,118.72505187988281,94.79869079589844,30.019424438476562,True
838,27.933333333333334,0.8825325965881348,13.317298144102097,47,47,0,single,147.54101618808767,JUMPING,False,,0.4124604546029432,,,27.413014468138147,9.68300502319336,3.227668341064453,224.20570373535156,191.43936157226562,118.72505187988281,94.68079376220703,30.592880249023438,True
839,27.966666666666665,0.874783992767334,11.141452006995678,47,47,0,single,147.54101618808767,JUMPING,False,,0.4124604546029432,,,27.413014468138147,15.262572491455078,5.087524163818359,223.26449584960938,192.88546752929688,118.4802474975586,96.41651916503906,29.972667694091797,True
840,28.0,0.875157356262207,12.319877743721008,47,47,0,single,147.54101618808767,JUMPING,False,,0.4124604546029432,,,27.413014468138147,17.683561285400387,5.894520428466796,223.26449584960938,199.03128051757812,118.4802474975586,101.3212890625,28.57091522216797,True
841,28.033333333333335,0.8554065227508545,11.272992938756943,48,48,0,single,147.54101618808767,JUMPING,True,0.36666666666666714,0.4023858212569625,31.82513427734375,23.799453735351562,28.51604442043955,19.564965211486815,6.521655070495605,223.26449584960938,206.00186157226562,118.4802474975586,109.35926818847656,28.71531867980957,False
842,28.066666666666666,0.8898787498474121,12.094403151422739,48,48,0,single,147.54101618808767,JUMPING,False,,0.4023858212569625,,,28.51604442043955,17.683561285400387,5.894520428466796,223.26449584960938,217.19854736328125,118.4802474975586,117.07174682617188,26.7806453704834,False
843,28.1,0.8975713849067688,11.099793016910553,48,48,0,single,147.54101618808767,JUMPING,False,,0.4023858212569625,,,28.51604442043955,17.42050475463867,5.80683491821289,223.26449584960938,217.95443725585938,118.72505187988281,120.12229919433594,26.67045021057129,False
844,28.133333333333333,0.8914483189582825,12.182338163256645,48,48,0,single,147.54101618808767,JUMPING,False,,0.4023858212569625,,,28.51604442043955,17.302142889404294,5.767380963134765,223.26449584960938,216.85800170898438,118.92404174804688,121.51245880126953,25.28447723388672,False
845,28.166666666666668,0.9033277630805969,11.206823866814375,48,48,0,single,147.54101618808767,JUMPING,False,,0.4023858212569625,,,28.51604442043955,17.302142889404294,5.767380963134765,223.26449584960938,211.49411010742188,118.92404174804688,117.33518981933594,27.015705108642578,False
846,28.2,0.8914863467216492,12.008849997073412,48,48,0,single,147.54101618808767,JUMPING,False,,0.4023858212569625,,,28.51604442043955,17.302142889404294,5.767380963134765,223.26449584960938,206.6437225341797,118.92404174804688,110.68215942382812,27.45046615600586,False
847,28.233333333333334,0.8936267495155334,11.670958250761032,48,48,0,single,147.54101618808767,JUMPING,False,,0.4023858212569625,,,28.51604442043955,17.302142889404294,5.767380963134765,223.26449584960938,201.10409545898438,118.92404174804688,102.67378234863281,30.185523986816406,True
848,28.266666666666666,0.9009075164794922,12.275710701942444,48,48,0,single,147.54101618808767,JUMPING,False,,0.4023858212569625,,,28.51604442043955,17.302142889404294,5.767380963134765,223.26449584960938,195.0667724609375,118.92404174804688,96.7649154663086,33.049964904785156,True
849,28.3,0.9013754725456238,11.050552129745483,48,48,0,single,147.54101618808767,JUMPING,False,,0.4023858212569625,,,28.51604442043955,17.302142889404294,5.767380963134765,223.26449584960938,191.95404052734375,118.92404174804688,93.54598999023438,34.26179885864258,True
850,28.333333333333332,0.8962633609771729,12.338047847151756,48,48,0,single,147.54101618808767,JUMPING,False,,0.4023858212569625,,,28.51604442043955,18.10549690246582,6.035165634155273,223.26449584960938,190.37704467773438,118.92404174804688,92.3243408203125,34.54689407348633,True
851,28.366666666666667,0.8875223994255066,10.876023210585117,48,48,0,single,147.54101618808767,JUMPING,False,,0.4023858212569625,,,28.51604442043955,17.995143466186523,5.998381155395507,222.5603485107422,191.7113494873047,118.92404174804688,93.7568359375,31.926067352294922,True
852,28.4,0.8689649701118469,11.895614210516214,48,48,0,single,147.54101618808767,JUMPING,False,,0.4023858212569625,,,28.51604442043955,11.851321096801758,3.9504403656005858,221.10751342773438,197.61074829101562,118.92404174804688,98.56632232666016,30.522348403930664,True
853,28.433333333333334,0.8432400226593018,11.165028903633356,48,48,0,single,147.54101618808767,JUMPING,False,,0.4023858212569625,,,28.51604442043955,12.323614801025391,4.107871600341797,220.97515869140625,206.46336364746094,118.92404174804688,105.84823608398438,27.57612419128418,True
854,28.466666666666665,0.8798892498016357,11.987840291112661,49,49,0,single,147.54088643871617,JUMPING,True,0.43333333333333,0.40919427391376334,30.598114013671875,26.599700927734375,29.03656181874763,9.98061554715384,2.9498618225097655,220.97515869140625,216.0692138671875,118.92404174804688,114.93834686279297,27.46442222595215,False
855,28.5,0.8960582613945007,12.234136927872896,49,49,0,single,147.54088643871617,JUMPING,False,,0.40919427391376334,,,29.03656181874763,10.354355694580079,3.4514518981933593,220.97515869140625,218.86770629882812,119.52332305908203,119.8851089477539,30.202123641967773,False
856,28.533333333333335,0.8943725824356079,12.023177929222584,49,49,0,single,147.54088643871617,JUMPING,False,,0.40919427391376334,,,29.03656181874763,10.16279663656167,3.3715938354492185,220.97515869140625,220.51116943359375,120.02742004394531,122.12232208251953,31.652496337890625,False
857,28.566666666666666,0.8490408062934875,11.021513026207685,49,49,0,single,147.54088643871617,JUMPING,False,,0.40919427391376334,,,29.03656181874763,13.40644941101074,4.468816470336914,222.24974060058594,222.98837280273438,120.16976165771484,120.20140075683594,25.750444412231445,False
858,28.6,0.9076138734817505,11.797500774264336,49,49,0,single,147.54088643871617,JUMPING,False,,0.40919427391376334,,,29.03656181874763,10.16279663656167,3.3715938354492185,222.24974060058594,216.84259033203125,120.16976165771484,113.42807006835938,27.22635269165039,False
859,28.633333333333333,0.9074923396110535,10.95655094832182,49,49,0,single,147.54088643871617,JUMPING,False,,0.40919427391376334,,,29.03656181874763,10.16279663656167,3.3715938354492185,222.24974060058594,209.02943420410156,120.16976165771484,105.69583129882812,28.285295486450195,True
860,28.666666666666668,0.9109127521514893,12.215774040669203,49,49,0,single,147.54088643871617,JUMPING,False,,0.40919427391376334,,,29.03656181874763,10.16279663656167,3.3715938354492185,222.24974060058594,201.5188751220703,120.16976165771484,99.27883911132812,29.97740364074707,True
861,28.7,0.8982378244400024,10.962022934108973,49,49,0,single,147.54088643871617,JUMPING,False,,0.40919427391376334,,,29.03656181874763,10.16279663656167,3.3715938354492185,222.24974060058594,197.41928100585938,120.16976165771484,95.48854064941406,30.72091293334961,True
862,28.733333333333334,0.7093079090118408,11.894854716956615,49,49,0,single,147.54088643871617,JUMPING,False,,0.40919427391376334,,,29.03656181874763,13.381813311767576,4.460604437255859,222.24974060058594,195.591552734375,120.16976165771484,93.87486267089844,30.752897262573242,True
863,28.766666666666666,0.8880308866500854,11.050290893763304,49,49,0,single,147.54088643871617,JUMPING,False,,0.40919427391376334,,,29.03656181874763,10.16279663656167,3.3715938354492185,220.97515869140625,194.1693572998047,120.16976165771484,93.7822494506836,29.721139907836914,True
864,28.8,0.881788969039917,11.876082979142666,49,49,0,single,147.54088643871617,JUMPING,False,,0.40919427391376334,,,29.03656181874763,10.16279663656167,3.272235021972656,220.63955688476562,196.638916015625,120.16976165771484,96.77699279785156,30.341670989990234,True
865,28.833333333333332,0.8734185695648193,10.969836730509996,49,49,0,single,147.54088643871617,JUMPING,False,,0.40919427391376334,,,29.03656181874763,10.16279663656167,2.7950321960449216,219.85377502441406,202.92913818359375,120.16976165771484,102.50358581542969,31.648231506347656,True
866,28.866666666666667,0.868026077747345,11.748610064387321,49,49,0,single,147.54088643871617,JUMPING,False,,0.40919427391376334,,,29.03656181874763,10.16279663656167,2.9593859710693358,219.85377502441406,208.7528839111328,120.16976165771484,110.26921081542969,29.60877799987793,True
867,28.9,0.9059698581695557,11.096115224063396,50,50,0,single,145.16136596035605,JUMPING,True,0.43333333333333357,0.4145048669860688,26.720199584960938,26.38751220703125,28.457471260300956,10.16279663656167,3.3715938354492185,220.88955688476562,222.12997436523438,120.16976165771484,117.39578247070312,32.46459197998047,False
868,28.933333333333334,0.9050304293632507,11.923318263143301,50,50,0,single,145.16136596035605,JUMPING,False,,0.4145048669860688,,,28.457471260300956,12.627935101318357,4.209311700439453,221.73471069335938,231.26272583007812,120.3904800415039,121.36675262451172,32.84966278076172,False
869,28.966666666666665,0.8935728669166565,11.16856001317501,50,50,0,single,145.16136596035605,JUMPING,False,,0.4145048669860688,,,28.457471260300956,16.248559405517575,5.416186468505859,222.64501953125,232.85952758789062,120.66741943359375,120.79508209228516,30.204959869384766,False
870,29.0,0.915975034236908,12.026045005768538,50,50,0,single,145.16136596035605,JUMPING,False,,0.4145048669860688,,,28.457471260300956,16.89371301269531,5.631237670898437,222.98196411132812,222.9723663330078,120.66741943359375,114.84001159667969,28.45368003845215,False
871,29.033333333333335,0.8989584445953369,13.913169968873262,50,50,0,single,145.16136596035605,JUMPING,False,,0.4145048669860688,,,28.457471260300956,16.89371301269531,5.631237670898437,222.98196411132812,212.23878479003906,120.66741943359375,107.19950103759766,29.755226135253906,False
872,29.066666666666666,0.9137333631515503,14.172104187309742,50,50,0,single,145.16136596035605,JUMPING,False,,0.4145048669860688,,,28.457471260300956,16.89371301269531,5.631237670898437,222.98196411132812,202.2693634033203,120.66741943359375,100.1204833984375,29.836633682250977,True
873,29.1,0.914472758769989,11.15921325981617,50,50,0,single,145.16136596035605,JUMPING,False,,0.4145048669860688,,,28.457471260300956,16.89371301269531,5.631237670898437,222.98196411132812,195.88211059570312,120.66741943359375,95.52085876464844,29.17298698425293,True
874,29.133333333333333,0.903530478477478,12.258723843842745,50,50,0,single,145.16136596035605,JUMPING,False,,0.4145048669860688,,,28.457471260300956,16.89371301269531,5.631237670898437,222.98196411132812,192.14564514160156,120.66741943359375,92.95834350585938,29.44934844970703,True
875,29.166666666666668,0.906140148639679,11.054909322410822,50,50,0,single,145.16136596035605,JUMPING,False,,0.4145048669860688,,,28.457471260300956,17.538866619873044,5.846288873291015,222.98196411132812,190.98805236816406,120.66741943359375,92.90867614746094,30.982887268066406,True
876,29.2,0.8847343325614929,12.308042030781507,50,50,0,single,145.16136596035605,JUMPING,False,,0.4145048669860688,,,28.457471260300956,14.45535,4.8184499999999995,222.63540649414062,193.5880584716797,120.5413589477539,95.32589721679688,29.14645767211914,True
877,29.233333333333334,0.8725627064704895,11.299049947410822,50,50,0,single,145.16136596035605,JUMPING,False,,0.4145048669860688,,,28.457471260300956,11.371833380126953,3.7906111267089844,221.73471069335938,200.61868286132812,120.16976165771484,100.90757751464844,28.467449188232422,True
878,29.266666666666666,0.871254026889801,12.043752241879702,50,50,0,single,145.16136596035605,JUMPING,False,,0.4145048669860688,,,28.457471260300956,12.627935101318357,4.209311700439453,221.48245239257812,208.4637908935547,120.16976165771484,109.16629791259766,27.635177612304688,True
879,29.3,0.8925758004188538,11.156692169606686,51,51,0,single,145.16136596035605,JUMPING,True,0.40000000000000213,0.41131379624913417,30.494400024414062,27.261085510253906,28.96670345132923,9.960114941105333,3.048971786499023,221.48245239257812,216.8112030029297,120.16976165771484,116.052978515625,27.117258071899414,False
880,29.333333333333332,0.8971619009971619,12.323347851634026,51,51,0,single,145.16136596035605,JUMPING,False,,0.41131379624913417,,,28.96670345132923,12.627935101318357,4.209311700439453,221.97364807128906,221.73916625976562,120.16976165771484,119.80847930908203,26.739933013916016,False
881,29.366666666666667,0.8893812894821167,11.13493787124753,51,51,0,single,145.16136596035605,JUMPING,False,,0.41131379624913417,,,28.96670345132923,13.306140444946289,4.43538014831543,221.97364807128906,219.98074340820312,120.16976165771484,119.63644409179688,28.98253631591797,False
882,29.4,0.8840866088867188,12.527257669717073,51,51,0,single,145.16136596035605,JUMPING,False,,0.41131379624913417,,,28.96670345132923,11.552396305847168,3.8507987686157223,221.97364807128906,215.77639770507812,120.16976165771484,113.91435241699219,31.870145797729492,False
883,29.433333333333334,0.906507670879364,11.117339134216309,51,51,0,single,145.16136596035605,JUMPING,False,,0.41131379624913417,,,28.96670345132923,11.552396305847168,3.8507987686157223,221.97364807128906,206.043701171875,120.16976165771484,106.48861694335938,32.88516616821289,True
884,29.466666666666665,0.8963735103607178,12.101680040359497,51,51,0,single,145.16136596035605,JUMPING,False,,0.41131379624913417,,,28.96670345132923,11.552396305847168,3.8507987686157223,221.97364807128906,198.1912841796875,120.16976165771484,98.42793273925781,33.455322265625,True
885,29.5,0.8908520340919495,10.933958925306797,51,51,0,single,145.16136596035605,JUMPING,False,,0.41131379624913417,,,28.96670345132923,11.552396305847168,3.8507987686157223,221.97364807128906,193.39059448242188,120.16976165771484,93.47360229492188,34.4136962890625,True
886,29.533333333333335,0.8891299366950989,11.889183893799782,51,51,0,single,145.16136596035605,JUMPING,False,,0.41131379624913417,,,28.96670345132923,11.552396305847168,3.8507987686157223,221.97364807128906,190.88467407226562,120.16976165771484,91.19082641601562,34.17488098144531,True
887,29.566666666666666,0.8000540137290955,11.386030819267035,51,51,0,single,145.16136596035605,JUMPING,False,,0.41131379624913417,,,28.96670345132923,13.377334020996093,4.459111340332031,221.97364807128906,191.87017822265625,120.16976165771484,91.29380798339844,35.342403411865234,True
888,29.6,0.8868785500526428,12.078706175088882,51,51,0,single,145.16136596035605,JUMPING,False,,0.41131379624913417,,,28.96670345132923,13.633332275390623,4.5444440917968745,221.97364807128906,194.73963928222656,120.07488250732422,94.15922546386719,33.17292785644531,True
889,29.633333333333333,0.8465955257415771,10.99446788430214,51,51,0,unknown,0.0,JUMPING,False,,,,,,,,,,,,0.0,False
890,29.666666666666668,0.8355029225349426,11.689604725688696,51,51,0,single,145.16136596035605,JUMPING,False,,0.41131379624913417,,,28.96670345132923,11.018105145263672,3.6727017150878902,221.97364807128906,204.24990844726562,119.85445404052734,104.8250961303711,31.5736026763916,True
891,29.7,0.9224949479103088,11.135929729789495,52,52,0,single,147.54088643871617,JUMPING,True,0.3999999999999986,0.40882476107432436,31.088973999023438,28.66362762451172,29.49727108825278,13.527797470092773,4.509265823364258,221.97364807128906,216.90545654296875,119.85445404052734,114.05473327636719,30.363656997680664,False
892,29.733333333333334,0.9133166670799255,11.850988958030939,52,52,0,single,147.54088643871617,JUMPING,False,,0.40882476107432436,,,29.49727108825278,16.037489794921875,5.345829931640624,222.63540649414062,226.39129638671875,119.85445404052734,119.12564849853516,30.727794647216797,False
893,29.766666666666666,0.8856872320175171,10.982582811266184,52,52,0,single,147.54088643871617,JUMPING,False,,0.40882476107432436,,,29.49727108825278,18.90824010314941,6.302746701049804,222.98196411132812,230.84115600585938,120.07488250732422,121.16850280761719,32.6031494140625,False
894,29.8,0.8912345170974731,12.026358861476183,52,52,0,single,147.54088643871617,JUMPING,False,,0.40882476107432436,,,29.49727108825278,14.50991590576172,4.836638635253906,224.15757751464844,224.93704223632812,120.07488250732422,116.476318359375,30.767906188964844,False
895,29.833333333333332,0.89619380235672,11.123216710984707,52,52,0,single,147.54088643871617,JUMPING,False,,0.40882476107432436,,,29.49727108825278,16.73171199645996,5.57723733215332,224.15757751464844,216.93157958984375,120.07488250732422,108.86669158935547,30.32959747314453,False
896,29.866666666666667,0.9071396589279175,11.91657641902566,52,52,0,single,147.54088643871617,JUMPING,False,,0.40882476107432436,,,29.49727108825278,16.73171199645996,5.57723733215332,224.15757751464844,204.6755828857422,120.07488250732422,100.92829895019531,33.53731918334961,True
897,29.9,0.9032973051071167,11.060123797506094,52,52,0,single,147.54088643871617,JUMPING,False,,0.40882476107432436,,,29.49727108825278,16.73171199645996,5.57723733215332,224.15757751464844,197.62216186523438,120.07488250732422,95.18806457519531,35.430198669433594,True
898,29.933333333333334,0.9029257297515869,12.13931292295456,52,52,0,single,147.54088643871617,JUMPING,False,,0.40882476107432436,,,29.49727108825278,16.73171199645996,5.57723733215332,224.15757751464844,194.16452026367188,120.07488250732422,91.93270874023438,36.2248649597168,True
899,29.966666666666665,0.9121449589729309,11.151365004479885,52,52,0,single,147.54088643871617,JUMPING,False,,0.40882476107432436,,,29.49727108825278,16.73171199645996,5.57723733215332,224.15757751464844,190.99746704101562,120.07488250732422,90.55160522460938,34.24677658081055,True
900,30.0,0.8506675362586975,11.829349212348461,52,52,0,single,147.54088643871617,JUMPING,False,,0.40882476107432436,,,29.49727108825278,16.73171199645996,5.57723733215332,224.15757751464844,192.6307373046875,120.07488250732422,92.41816711425781,33.268341064453125,True
901,30.033333333333335,0.8505456447601318,13.740452006459236,52,52,0,unknown,0.0,JUMPING,False,,,,,,,,,,,,0.0,False
902,30.066666666666666,0.8812507390975952,12.113802134990692,52,52,0,single,147.54088643871617,JUMPING,False,,0.40882476107432436,,,29.49727108825278,18.953508087158202,6.317836029052734,224.15757751464844,202.13427734375,120.04423522949219,102.03169250488281,31.055217742919922,True
903,30.1,0.9065694808959961,11.090605985373259,53,53,0,single,145.1612298961488,JUMPING,True,0.40000000000000213,0.4068833136379735,33.16011047363281,29.18805694580078,30.41298093459779,21.03746418457031,7.012488061523437,224.15757751464844,212.11712646484375,119.73966217041016,111.46065521240234,29.113895416259766,False
904,30.133333333333333,0.9077099561691284,11.806906666606665,53,53,0,single,145.1612298961488,JUMPING,False,,0.4068833136379735,,,30.41298093459779,21.03746418457031,7.012488061523437,224.1511688232422,218.95785522460938,119.43212127685547,117.16153717041016,27.36783218383789,False
905,30.166666666666668,0.9051934480667114,11.083968915045261,53,53,0,single,145.1612298961488,JUMPING,False,,0.4068833136379735,,,30.41298093459779,14.223512768554688,4.741170922851563,225.80958557128906,226.5916748046875,119.6341781616211,119.63078308105469,27.790401458740234,False
906,30.2,0.8897247314453125,12.13446306064725,53,53,0,single,145.1612298961488,JUMPING,False,,0.4068833136379735,,,30.41298093459779,12.39616573791504,4.13205524597168,225.80958557128906,224.50616455078125,119.6341781616211,117.10714721679688,30.53525161743164,False
907,30.233333333333334,0.9078273773193359,11.044993996620178,53,53,0,single,145.1612298961488,JUMPING,False,,0.4068833136379735,,,30.41298093459779,12.39616573791504,4.13205524597168,225.80958557128906,217.16526794433594,119.6341781616211,110.60794830322266,31.508623123168945,False
908,30.266666666666666,0.9168366193771362,11.919933836907148,53,53,0,single,145.1612298961488,JUMPING,False,,0.4068833136379735,,,30.41298093459779,12.39616573791504,4.13205524597168,225.80958557128906,207.74708557128906,119.6341781616211,102.69841003417969,34.3182258605957,True
909,30.3,0.8938879370689392,10.826272424310446,53,53,0,single,145.1612298961488,JUMPING,False,,0.4068833136379735,,,30.41298093459779,12.39616573791504,4.13205524597168,225.80958557128906,203.46170043945312,119.6341781616211,96.62281799316406,34.3416862487793,True
910,30.333333333333332,0.8973379135131836,12.124625034630299,53,53,0,single,145.1612298961488,JUMPING,False,,0.4068833136379735,,,30.41298093459779,12.39616573791504,4.13205524597168,225.80958557128906,200.17919921875,119.6341781616211,93.16661071777344,34.33271789550781,True
911,30.366666666666667,0.8975251913070679,11.556000914424658,53,53,0,single,145.1612298961488,JUMPING,False,,0.4068833136379735,,,30.41298093459779,12.39616573791504,4.13205524597168,225.80958557128906,196.18099975585938,119.6341781616211,91.3609848022461,35.01936721801758,True
912,30.4,0.8905588388442993,12.24391907453537,53,53,0,single,145.1612298961488,JUMPING,False,,0.4068833136379735,,,30.41298093459779,12.39616573791504,4.13205524597168,225.80958557128906,194.91851806640625,119.6341781616211,92.47467041015625,36.2868766784668,True
913,30.433333333333334,0.8714649677276611,10.965913999825716,53,53,0,single,145.1612298961488,JUMPING,False,,0.4068833136379735,,,30.41298093459779,12.39616573791504,4.13205524597168,225.80958557128906,199.83473205566406,119.6341781616211,96.838623046875,35.0734748840332,True
914,30.466666666666665,0.6343700289726257,11.89252594485879,53,53,0,single,145.1612298961488,JUMPING,False,,0.4068833136379735,,,30.41298093459779,14.223512768554688,4.741170922851563,225.80958557128906,204.6343994140625,119.6341781616211,103.76424407958984,32.901519775390625,True
915,30.5,0.8907405138015747,11.179690714925528,53,53,0,single,145.1612298961488,JUMPING,False,,0.4068833136379735,,,30.41298093459779,10.791493753051757,3.597164584350586,224.7646942138672,212.88937377929688,119.42872619628906,112.06759643554688,30.33954429626465,True
916,30.533333333333335,0.8985288739204407,12.025954201817513,54,54,0,single,145.16136596035605,JUMPING,True,0.43333333333333357,0.4127023179709527,28.97412109375,26.986473083496094,30.053265974385845,16.952927879333494,5.650975959777831,223.89263916015625,218.44488525390625,118.34745788574219,117.18018341064453,30.77696990966797,False
917,30.566666666666666,0.9038776159286499,11.070079170167446,54,54,0,single,145.16136596035605,JUMPING,False,,0.4127023179709527,,,30.053265974385845,13.267862869262695,4.422620956420898,224.14715576171875,223.60865783691406,119.42872619628906,119.76986694335938,31.32328987121582,False
918,30.6,0.89501953125,11.942761018872261,54,54,0,single,145.16136596035605,JUMPING,False,,0.4127023179709527,,,30.053265974385845,14.728383132934567,4.909461044311523,224.14715576171875,219.7672119140625,119.42872619628906,117.61190032958984,31.275680541992188,False
919,30.633333333333333,0.91808021068573,11.10529713332653,54,54,0,single,145.16136596035605,JUMPING,False,,0.4127023179709527,,,30.053265974385845,14.728383132934567,4.909461044311523,224.14715576171875,213.37948608398438,119.42872619628906,110.95468139648438,29.937105178833008,False
920,30.666666666666668,0.9016475081443787,11.950050946325064,54,54,0,single,145.16136596035605,JUMPING,False,,0.4127023179709527,,,30.053265974385845,14.728383132934567,4.909461044311523,224.14715576171875,205.0880126953125,119.42872619628906,102.86222839355469,32.7634162902832,True
921,30.7,0.9044009447097778,11.02830097079277,54,54,0,single,145.16136596035605,JUMPING,False,,0.4127023179709527,,,30.053265974385845,14.728383132934567,4.909461044311523,224.14715576171875,199.3174285888672,119.42872619628906,95.74836730957031,35.3945426940918,True
922,30.733333333333334,0.8994535803794861,12.007228098809719,54,54,0,single,145.16136596035605,JUMPING,False,,0.4127023179709527,,,30.053265974385845,14.728383132934567,4.909461044311523,224.14715576171875,196.27023315429688,119.42872619628906,91.89251708984375,36.84761428833008,True
923,30.766666666666666,0.90390545129776,12.681625783443451,54,54,0,single,145.16136596035605,JUMPING,False,,0.4127023179709527,,,30.053265974385845,14.728383132934567,4.909461044311523,224.14715576171875,194.33558654785156,119.42872619628906,90.37319946289062,35.837791442871094,True
924,30.8,0.9079562425613403,12.334258295595646,54,54,0,single,145.16136596035605,JUMPING,False,,0.4127023179709527,,,30.053265974385845,14.728383132934567,4.909461044311523,224.14715576171875,194.37200927734375,119.42872619628906,90.31251525878906,32.60697555541992,True
925,30.833333333333332,0.884612500667572,11.097605805844069,54,54,0,single,145.16136596035605,JUMPING,False,,0.4127023179709527,,,30.053265974385845,14.728383132934567,4.909461044311523,224.14715576171875,194.55615234375,119.42872619628906,93.69502258300781,31.540050506591797,True
926,30.866666666666667,0.8300940990447998,11.903699953109026,54,54,0,single,145.16136596035605,JUMPING,False,,0.4127023179709527,,,30.053265974385845,14.728383132934567,4.909461044311523,224.14715576171875,201.32711791992188,119.42872619628906,99.84031677246094,33.380226135253906,True
927,30.9,0.8889220952987671,11.057800613343716,55,55,0,single,149.99999776482585,JUMPING,True,0.3666666666666636,0.4025744746840091,29.811569213867188,28.20763397216797,29.99284178425618,16.136237796020506,5.378745932006836,224.14715576171875,208.77206420898438,118.52014923095703,109.28045654296875,31.18560791015625,False
928,30.933333333333334,0.9069475531578064,12.395288329571486,55,55,0,single,149.99999776482585,JUMPING,False,,0.4025744746840091,,,29.99284178425618,15.176923022460937,5.0589743408203125,224.14715576171875,216.61990356445312,117.43921661376953,116.5303955078125,30.406038284301758,False
929,30.966666666666665,0.901166558265686,11.284925043582916,55,55,0,single,149.99999776482585,JUMPING,False,,0.4025744746840091,,,29.99284178425618,13.267862869262695,4.422620956420898,224.14715576171875,221.0865478515625,118.52014923095703,120.23902893066406,29.648202896118164,False
930,31.0,0.8885716795921326,12.265705037862062,55,55,0,single,149.99999776482585,JUMPING,False,,0.4025744746840091,,,29.99284178425618,16.217679446411132,5.4058931488037105,224.14715576171875,217.77247619628906,119.42872619628906,120.00847625732422,32.25520706176758,False
931,31.033333333333335,0.8879151344299316,11.078597977757454,55,55,0,single,149.99999776482585,JUMPING,False,,0.4025744746840091,,,29.99284178425618,16.217679446411132,5.4058931488037105,224.14715576171875,213.79660034179688,119.42872619628906,114.46835327148438,33.153831481933594,False
932,31.066666666666666,0.8850184679031372,12.031328864395618,55,55,0,single,149.99999776482585,JUMPING,False,,0.4025744746840091,,,29.99284178425618,16.217679446411132,5.4058931488037105,224.14715576171875,206.61402893066406,119.42872619628906,107.07693481445312,34.04163360595703,True
933,31.1,0.8757207989692688,11.170178186148405,55,55,0,unknown,0.0,JUMPING,False,,,,,,,,,,,,0.0,False
934,31.133333333333333,0.8873878717422485,12.464870698750019,55,55,0,single,149.99999776482585,JUMPING,False,,0.4025744746840091,,,29.99284178425618,16.217679446411132,5.4058931488037105,224.14715576171875,201.40103149414062,119.42872619628906,99.9120101928711,35.1906623840332,True
935,31.166666666666668,0.8945637345314026,11.069790925830603,55,55,0,single,149.99999776482585,JUMPING,False,,0.4025744746840091,,,29.99284178425618,16.217679446411132,5.4058931488037105,224.14715576171875,195.18133544921875,119.42872619628906,95.48458099365234,35.528377532958984,True
936,31.2,0.8937361240386963,11.879458092153072,55,55,0,single,149.99999776482585,JUMPING,False,,0.4025744746840091,,,29.99284178425618,16.217679446411132,5.4058931488037105,224.14715576171875,193.94021606445312,119.42872619628906,93.93621826171875,30.0252685546875,True
937,31.233333333333334,0.8866430521011353,11.124902870506048,55,55,0,single,149.99999776482585,JUMPING,False,,0.4025744746840091,,,29.99284178425618,16.217679446411132,5.4058931488037105,224.14715576171875,196.69265747070312,119.42872619628906,95.68891906738281,30.008365631103516,True
938,31.266666666666666,0.8715015649795532,11.9904107414186,55,55,0,unknown,0.0,JUMPING,False,,,,,,,,,,,,0.0,False
939,31.3,0.8986503481864929,11.19539001956582,55,55,0,unknown,0.0,JUMPING,False,,,,,,,,,,,,0.0,False
940,31.333333333333332,0.8996996879577637,11.987568810582161,56,56,0,single,147.54088643871617,JUMPING,True,0.43333333333333357,0.4093414235868605,30.206939697265625,25.492507934570312,30.046366262508542,16.217679446411132,5.4058931488037105,224.14715576171875,213.03515625,119.42872619628906,107.81816101074219,26.89021873474121,False
941,31.366666666666667,0.8970879912376404,10.981176979839802,56,56,0,single,147.54088643871617,JUMPING,False,,0.4093414235868605,,,30.046366262508542,14.329454782104492,4.7764849273681635,223.2021484375,222.59239196777344,118.82322692871094,115.69795227050781,27.03251075744629,False
942,31.4,0.8442084193229675,11.933939065784216,56,56,0,single,147.54088643871617,JUMPING,False,,0.4093414235868605,,,30.046366262508542,14.329454782104492,4.7764849273681635,223.2021484375,232.1080322265625,118.82322692871094,120.36030578613281,24.875062942504883,False
943,31.433333333333334,0.8798064589500427,11.207510251551867,56,56,0,single,147.54088643871617,JUMPING,False,,0.4093414235868605,,,30.046366262508542,14.329454782104492,4.7764849273681635,223.2021484375,226.07937622070312,118.82322692871094,116.86860656738281,26.254114151000977,False
944,31.466666666666665,0.8843858242034912,12.245785910636187,56,56,0,single,147.54088643871617,JUMPING,False,,0.4093414235868605,,,30.046366262508542,14.329454782104492,4.7764849273681635,223.2021484375,216.1239013671875,118.82322692871094,109.93197631835938,27.468246459960938,False
945,31.5,0.8986843228340149,11.34025165811181,56,56,0,single,147.54088643871617,JUMPING,False,,0.4093414235868605,,,30.046366262508542,14.329454782104492,4.7764849273681635,223.2021484375,207.1947021484375,118.82322692871094,102.10330963134766,30.999061584472656,True
946,31.533333333333335,0.892385721206665,11.963595170527697,56,56,0,single,147.54088643871617,JUMPING,False,,0.4093414235868605,,,30.046366262508542,14.329454782104492,4.7764849273681635,223.2021484375,201.33291625976562,118.82322692871094,97.3817367553711,32.13325500488281,True
947,31.566666666666666,0.8943431377410889,11.24261599034071,56,56,0,single,147.54088643871617,JUMPING,False,,0.4093414235868605,,,30.046366262508542,14.329454782104492,4.7764849273681635,223.2021484375,196.01226806640625,118.82322692871094,93.82355499267578,33.1006965637207,True
948,31.6,0.8920827507972717,11.924139689654112,56,56,0,single,147.54088643871617,JUMPING,False,,0.4093414235868605,,,30.046366262508542,14.329454782104492,4.7764849273681635,223.2021484375,192.64825439453125,118.82322692871094,92.97705841064453,31.14366340637207,True
949,31.633333333333333,0.8378451466560364,11.058202013373375,56,56,0,single,147.54088643871617,JUMPING,False,,0.4093414235868605,,,30.046366262508542,14.329454782104492,4.7764849273681635,223.2021484375,195.25784301757812,118.82322692871094,94.51698303222656,31.496435165405273,True
950,31.666666666666668,0.8756653666496277,12.24230183288455,56,56,0,single,147.54088643871617,JUMPING,False,,0.4093414235868605,,,30.046366262508542,14.329454782104492,4.7764849273681635,223.2021484375,200.97857666015625,118.82322692871094,99.14282989501953,29.1455078125,True
951,31.7,0.9043658971786499,10.965350084006786,56,56,0,single,147.54088643871617,JUMPING,False,,0.4093414235868605,,,30.046366262508542,14.329454782104492,4.7764849273681635,223.2021484375,207.15989685058594,118.82322692871094,106.84976196289062,30.77997589111328,True
952,31.733333333333334,0.8977192640304565,13.063726015388966,57,57,0,single,147.54101618808767,JUMPING,True,0.40000000000000213,0.40728631039775165,30.55389404296875,25.846168518066406,30.173248207623594,15.209771154785155,5.069923718261719,223.2021484375,211.609375,118.82322692871094,111.69647979736328,32.08576202392578,False
953,31.766666666666666,0.8994463086128235,12.698807287961245,57,57,0,single,147.54101618808767,JUMPING,False,,0.40728631039775165,,,30.173248207623594,12.565835842895508,4.188611947631836,221.99005126953125,217.28323364257812,117.43921661376953,116.95390319824219,30.615345001220703,False
954,31.8,0.8830379843711853,11.99004938825965,57,57,0,single,147.54101618808767,JUMPING,False,,0.40728631039775165,,,30.173248207623594,11.572926388549803,3.8576421295166012,221.53530883789062,221.83447265625,118.90667724609375,119.89456176757812,29.050151824951172,False
955,31.833333333333332,0.8853096961975098,11.102526914328337,57,57,0,single,147.54101618808767,JUMPING,False,,0.40728631039775165,,,30.173248207623594,11.514899212646483,3.838299737548828,221.53530883789062,220.0034942626953,118.90667724609375,116.43304443359375,27.520296096801758,False
956,31.866666666666667,0.8975280523300171,11.949840001761913,57,57,0,unknown,0.0,JUMPING,False,,,,,,,,,,,,0.0,False
957,31.9,0.9150978922843933,11.361348908394575,57,57,0,single,147.54101618808767,JUMPING,False,,0.40728631039775165,,,30.173248207623594,11.514899212646483,3.838299737548828,221.53530883789062,210.9803466796875,118.90667724609375,106.0115737915039,29.774934768676758,False
958,31.933333333333334,0.9157046675682068,12.328626122325659,57,57,0,single,147.54101618808767,JUMPING,False,,0.40728631039775165,,,30.173248207623594,11.514899212646483,3.838299737548828,221.53530883789062,204.5741424560547,118.90667724609375,99.47706604003906,30.88863754272461,True
959,31.966666666666665,0.8842830061912537,11.173196136951447,57,57,0,single,147.54101618808767,JUMPING,False,,0.40728631039775165,,,30.173248207623594,11.514899212646483,3.838299737548828,221.53530883789062,199.17276000976562,118.90667724609375,95.07061767578125,30.88567352294922,True
960,32.0,0.9022772908210754,11.87956240028143,57,57,0,single,147.54101618808767,JUMPING,False,,0.40728631039775165,,,30.173248207623594,11.514899212646483,3.838299737548828,221.53530883789062,196.33151245117188,118.90667724609375,93.11726379394531,28.599760055541992,True
961,32.03333333333333,0.8749554753303528,11.06795109808445,57,57,0,single,147.54101618808767,JUMPING,False,,0.40728631039775165,,,30.173248207623594,11.514899212646483,3.838299737548828,221.53530883789062,194.52716064453125,118.90667724609375,94.02276611328125,28.770645141601562,True
962,32.06666666666667,0.8554249405860901,12.458532582968473,57,57,0,unknown,0.0,JUMPING,False,,,,,,,,,,,,0.0,False
963,32.1,0.8434597849845886,11.276863981038332,57,57,0,single,147.54101618808767,JUMPING,False,,0.40728631039775165,,,30.173248207623594,11.514899212646483,3.838299737548828,221.53530883789062,201.76272583007812,118.90667724609375,102.70071411132812,32.02656936645508,True
964,32.13333333333333,0.817581057548523,12.00617104768753,57,57,0,single,147.54101618808767,JUMPING,False,,0.40728631039775165,,,30.173248207623594,11.514899212646483,3.838299737548828,221.53530883789062,206.6148681640625,118.90667724609375,108.48136138916016,33.6263542175293,True
965,32.166666666666664,0.892654299736023,11.115641798824072,58,58,0,single,145.1612298961488,JUMPING,True,0.43333333333333,0.4130166554435789,27.008148193359375,25.789413452148438,29.381973204057537,11.807037199401854,3.935679066467285,221.53530883789062,214.8681640625,118.90667724609375,115.51004028320312,29.939105987548828,False
966,32.2,0.9045639634132385,12.068395968526602,58,58,0,single,145.1612298961488,JUMPING,False,,0.4130166554435789,,,29.381973204057537,12.653487419128417,4.2178291397094725,221.53530883789062,220.74197387695312,119.62922668457031,119.41825866699219,30.771970748901367,False
967,32.233333333333334,0.8736503720283508,11.046255007386208,58,58,0,single,145.1612298961488,JUMPING,False,,0.4130166554435789,,,29.381973204057537,10.485646421813964,3.495215473937988,220.94871520996094,218.23477172851562,118.69570922851562,116.1365966796875,29.671194076538086,False
968,32.266666666666666,0.8941526412963867,12.019801419228315,58,58,0,single,145.1612298961488,JUMPING,False,,0.4130166554435789,,,29.381973204057537,11.514899212646483,3.838299737548828,220.94871520996094,213.05853271484375,118.43251037597656,109.92486572265625,30.504091262817383,False
969,32.3,0.8731071949005127,10.965689085423946,58,58,0,single,145.1612298961488,JUMPING,False,,0.4130166554435789,,,29.381973204057537,11.514899212646483,3.838299737548828,220.94871520996094,205.91114807128906,118.43251037597656,103.119384765625,30.50691032409668,True
970,32.333333333333336,0.8895361423492432,12.117632664740086,58,58,0,single,145.1612298961488,JUMPING,False,,0.4130166554435789,,,29.381973204057537,11.514899212646483,3.838299737548828,220.94871520996094,201.36041259765625,118.43251037597656,99.12528228759766,28.369354248046875,True
971,32.36666666666667,0.9053142666816711,11.306810192763805,58,58,0,single,145.1612298961488,JUMPING,False,,0.4130166554435789,,,29.381973204057537,11.514899212646483,3.838299737548828,220.94871520996094,197.15374755859375,118.43251037597656,95.21772003173828,29.268985748291016,True
972,32.4,0.8981295824050903,12.462631799280643,58,58,0,single,145.1612298961488,JUMPING,False,,0.4130166554435789,,,29.381973204057537,11.514899212646483,3.838299737548828,220.94871520996094,193.4502410888672,118.43251037597656,93.38494873046875,28.29279899597168,True
973,32.43333333333333,0.8864701390266418,10.979217942804098,58,58,0,single,145.1612298961488,JUMPING,False,,0.4130166554435789,,,29.381973204057537,11.514899212646483,3.838299737548828,220.94871520996094,192.6270751953125,118.43251037597656,94.2420883178711,27.662681579589844,True
974,32.46666666666667,0.8731359243392944,11.989961843937635,58,58,0,single,145.1612298961488,JUMPING,False,,0.4130166554435789,,,29.381973204057537,11.514899212646483,3.838299737548828,220.94871520996094,196.31784057617188,118.43251037597656,98.32391357421875,28.805978775024414,True
975,32.5,0.8803169131278992,10.975136887282133,58,58,0,single,145.1612298961488,JUMPING,False,,0.4130166554435789,,,29.381973204057537,11.514899212646483,3.838299737548828,220.94871520996094,203.53997802734375,118.43251037597656,105.69743347167969,29.832592010498047,True
976,32.53333333333333,0.8633365035057068,12.08169013261795,58,58,0,single,145.1612298961488,JUMPING,False,,0.4130166554435789,,,29.381973204057537,11.514899212646483,3.838299737548828,220.94871520996094,208.18959045410156,118.43251037597656,110.10896301269531,31.25608253479004,True
977,32.56666666666667,0.8821327090263367,11.075976304709911,59,59,0,single,147.54101618808767,JUMPING,True,0.4000000000000057,0.4101529912459928,28.321640014648438,25.047561645507812,29.11688990670526,10.283690621420137,3.3111234100341793,220.94871520996094,217.5926971435547,118.43251037597656,116.09781646728516,29.187938690185547,False
978,32.6,0.8929920196533203,12.188305146992207,59,59,0,single,147.54101618808767,JUMPING,False,,0.4101529912459928,,,29.11688990670526,10.7190106842041,3.573003561401367,221.42572021484375,221.65182495117188,119.2723159790039,119.05340576171875,27.58475112915039,False
979,32.63333333333333,0.9072878360748291,11.15170307457447,59,59,0,single,147.54101618808767,JUMPING,False,,0.4101529912459928,,,29.11688990670526,11.671063577270507,3.8903545257568357,221.2878875732422,215.51602172851562,118.2136001586914,115.20774841308594,27.07918357849121,False
980,32.666666666666664,0.9188972115516663,12.157346121966839,59,59,0,single,147.54101618808767,JUMPING,False,,0.4101529912459928,,,29.11688990670526,11.514899212646483,3.838299737548828,221.2878875732422,208.24102783203125,116.91978454589844,108.61851501464844,27.195409774780273,True
981,32.7,0.8926345705986023,11.165844276547432,59,59,0,single,147.54101618808767,JUMPING,False,,0.4101529912459928,,,29.11688990670526,11.514899212646483,3.838299737548828,221.2878875732422,201.1452178955078,116.91978454589844,101.86177062988281,28.3298397064209,True
982,32.733333333333334,0.8781173825263977,11.909302789717913,59,59,0,single,147.54101618808767,JUMPING,False,,0.4101529912459928,,,29.11688990670526,11.514899212646483,3.838299737548828,221.2878875732422,198.68792724609375,116.91978454589844,97.61897277832031,31.105419158935547,True
983,32.766666666666666,0.8759949803352356,11.393568012863398,59,59,0,single,147.54101618808767,JUMPING,False,,0.4101529912459928,,,29.11688990670526,11.514899212646483,3.838299737548828,221.2878875732422,195.67019653320312,116.91978454589844,94.14547729492188,31.002952575683594,True
984,32.8,0.8768632411956787,12.025814037770033,59,59,0,single,147.54101618808767,JUMPING,False,,0.4101529912459928,,,29.11688990670526,11.514899212646483,3.838299737548828,221.2878875732422,194.99880981445312,116.91978454589844,92.65773010253906,32.55166244506836,True
985,32.833333333333336,0.8858890533447266,12.1207470074296,59,59,0,single,147.54101618808767,JUMPING,False,,0.4101529912459928,,,29.11688990670526,11.514899212646483,3.838299737548828,221.2878875732422,195.51190185546875,116.91978454589844,94.3072509765625,32.7173957824707,True
986,32.86666666666667,0.8670534491539001,12.149523012340069,59,59,0,single,147.54101618808767,JUMPING,False,,0.4101529912459928,,,29.11688990670526,11.514899212646483,3.838299737548828,221.2878875732422,201.28631591796875,116.91978454589844,99.26473999023438,31.537303924560547,True
987,32.9,0.8952859044075012,11.078563053160906,59,59,0,single,147.54101618808767,JUMPING,False,,0.4101529912459928,,,29.11688990670526,11.514899212646483,3.838299737548828,221.2878875732422,207.086181640625,116.91978454589844,106.90774536132812,31.992433547973633,True
988,32.93333333333333,0.8798245191574097,12.146183289587498,60,60,0,single,147.54088643871617,JUMPING,True,0.36666666666666003,0.4005859998385396,25.447769165039062,24.262054443359375,28.19960972128871,11.671063577270507,3.8903545257568357,220.4465789794922,211.43087768554688,116.91978454589844,111.43391418457031,32.008216857910156,False
989,32.96666666666667,0.9066932201385498,11.140347924083471,60,60,0,single,147.54088643871617,JUMPING,False,,0.4005859998385396,,,28.19960972128871,11.671063577270507,3.8903545257568357,220.4465789794922,222.9993896484375,116.72708129882812,116.51478576660156,27.505701065063477,False
990,33.0,0.8871772289276123,12.305442709475756,60,60,0,single,147.54088643871617,JUMPING,False,,0.4005859998385396,,,28.19960972128871,11.671063577270507,3.8903545257568357,220.4465789794922,224.2669677734375,116.77825927734375,117.7593994140625,29.57278823852539,False
991,33.03333333333333,0.8636715412139893,11.211423203349113,60,60,0,single,147.54088643871617,JUMPING,False,,0.4005859998385396,,,28.19960972128871,9.869863402451047,3.144428187561035,220.4465789794922,219.81417846679688,116.77825927734375,113.03351593017578,25.90421485900879,False
992,33.06666666666667,0.8283313512802124,11.902542784810066,60,60,0,single,147.54088643871617,JUMPING,False,,0.4005859998385396,,,28.19960972128871,9.880704629516602,3.2935682098388672,220.4465789794922,215.55429077148438,116.77825927734375,106.26586151123047,27.532869338989258,False
993,33.1,0.872460663318634,11.034972965717316,60,60,0,single,147.54088643871617,JUMPING,False,,0.4005859998385396,,,28.19960972128871,9.880704629516602,3.2935682098388672,220.4465789794922,203.851806640625,116.77825927734375,99.3081283569336,31.94915008544922,True
994,33.13333333333333,0.8628430366516113,11.986096855252981,60,60,0,single,147.54088643871617,JUMPING,False,,0.4005859998385396,,,28.19960972128871,9.880704629516602,3.2935682098388672,220.4465789794922,196.52102661132812,116.77825927734375,95.10063171386719,32.84764862060547,True
995,33.166666666666664,0.8747315406799316,11.068454943597317,60,60,0,single,147.54088643871617,JUMPING,False,,0.4005859998385396,,,28.19960972128871,9.880704629516602,3.2935682098388672,220.4465789794922,192.1466827392578,116.77825927734375,92.14524841308594,32.302242279052734,True
996,33.2,0.8814850449562073,12.231722008436918,60,60,0,single,147.54088643871617,JUMPING,False,,0.4005859998385396,,,28.19960972128871,9.880704629516602,3.2935682098388672,220.4465789794922,192.15567016601562,116.77825927734375,91.33760070800781,33.94807052612305,True
997,33.233333333333334,0.8640599250793457,11.268718168139458,60,60,0,single,147.54088643871617,JUMPING,False,,0.4005859998385396,,,28.19960972128871,9.880704629516602,3.2935682098388672,220.4465789794922,197.5816650390625,116.77825927734375,93.737548828125,37.035404205322266,True
998,33.266666666666666,0.861746609210968,12.332838959991932,60,60,0,single,147.54088643871617,JUMPING,False,,0.4005859998385396,,,28.19960972128871,9.880704629516602,3.2935682098388672,220.4465789794922,206.6301727294922,116.77825927734375,99.54175567626953,37.80930709838867,True
1000,33.333333333333336,0.8906302452087402,13.649528846144676,61,61,0,single,150.00014305128389,JUMPING,True,0.4000000000000057,0.40045707987406215,28.299896240234375,25.440658569335938,28.224681351025126,9.880704629516602,3.2935682098388672,220.4465789794922,214.3387908935547,116.77825927734375,109.94345092773438,33.728355407714844,False
1001,33.36666666666667,0.8940697908401489,12.261651922017336,61,61,0,single,150.00014305128389,JUMPING,False,,0.40045707987406215,,,28.224681351025126,9.878638472858793,2.995288165283203,220.4465789794922,219.05984497070312,116.48208618164062,116.0953369140625,30.958229064941406,False
1002,33.4,0.889362096786499,12.187121901661158,61,61,0,single,150.00014305128389,JUMPING,False,,0.40045707987406215,,,28.224681351025126,9.994112127685547,3.3313707092285156,219.92776489257812,218.83999633789062,116.48208618164062,117.49845886230469,29.38715171813965,False
1003,33.43333333333333,0.8768877983093262,10.987279936671257,61,61,0,single,150.00014305128389,JUMPING,False,,0.40045707987406215,,,28.224681351025126,11.536888458251953,3.8456294860839844,219.512451171875,216.7620849609375,116.36351013183594,113.01646423339844,28.213638305664062,False
1004,33.46666666666667,0.9083675146102905,11.975258588790894,61,61,0,single,150.00014305128389,JUMPING,False,,0.40045707987406215,,,28.224681351025126,11.536888458251953,3.8456294860839844,219.512451171875,208.95550537109375,116.36351013183594,106.16700744628906,29.146774291992188,False
1005,33.5,0.900324821472168,11.1848758533597,61,61,0,unknown,0.0,JUMPING,False,,,,,,,,,,,,0.0,False
1006,33.53333333333333,0.8915625214576721,12.074362952262163,61,61,0,unknown,0.0,JUMPING,False,,,,,,,,,,,,0.0,False
1007,33.56666666666667,0.8876162171363831,11.147082783281803,61,61,0,single,150.00014305128389,JUMPING,False,,0.40045707987406215,,,28.224681351025126,11.536888458251953,3.8456294860839844,219.512451171875,203.78594970703125,116.36351013183594,99.40987396240234,31.82418441772461,True
1008,33.6,0.8981195688247681,11.8384282104671,61,61,0,single,150.00014305128389,JUMPING,False,,0.40045707987406215,,,28.224681351025126,11.536888458251953,3.8456294860839844,219.512451171875,198.42233276367188,116.36351013183594,96.09854125976562,29.837827682495117,True
1009,33.63333333333333,0.8926841020584106,11.564875021576881,61,61,0,single,150.00014305128389,JUMPING,False,,0.40045707987406215,,,28.224681351025126,11.536888458251953,3.8456294860839844,219.512451171875,198.31655883789062,116.36351013183594,97.0548324584961,28.280120849609375,True
1010,33.666666666666664,0.8794529438018799,11.980401817709208,61,61,0,single,150.00014305128389,JUMPING,False,,0.40045707987406215,,,28.224681351025126,11.536888458251953,3.8456294860839844,219.512451171875,203.94827270507812,116.36351013183594,101.46257019042969,30.52581787109375,True
1011,33.7,0.830608606338501,10.978132020682096,62,62,0,single,152.54233343031714,JUMPING,True,0.36666666666666714,0.39302318896843524,21.195892333984375,20.264968872070312,26.467484096764938,11.536888458251953,3.8456294860839844,219.512451171875,211.7292022705078,116.36351013183594,109.6727294921875,28.51176643371582,False
1012,33.733333333333334,0.8120803833007812,11.948985978960991,62,62,0,single,152.54233343031714,JUMPING,False,,0.39302318896843524,,,26.467484096764938,11.151533715820312,3.7171779052734375,219.512451171875,216.77920532226562,116.36351013183594,114.86759185791016,27.090656280517578,False
1013,33.766666666666666,0.9000348448753357,10.960008017718792,62,62,0,single,152.54233343031714,JUMPING,False,,0.39302318896843524,,,26.467484096764938,9.69298162536621,3.23099387512207,220.370849609375,223.53294372558594,117.10498809814453,119.13194274902344,23.700109481811523,False
1014,33.8,0.879841685295105,12.495050206780434,62,62,0,single,152.54233343031714,JUMPING,False,,0.39302318896843524,,,26.467484096764938,10.874292764282227,3.624764254760742,220.91676330566406,225.75723266601562,117.10498809814453,119.28196716308594,23.384309768676758,False
1015,33.833333333333336,0.8649628758430481,11.163113173097372,62,62,0,double,152.54233343031714,JUMPING,False,,0.39302318896843524,,,26.467484096764938,11.342344715881346,3.780781571960449,221.63827514648438,221.61795043945312,117.10498809814453,113.45564270019531,20.318336486816406,False
1016,33.86666666666667,0.8897787928581238,11.907312087714672,62,62,0,double,152.54233343031714,JUMPING,False,,0.39302318896843524,,,26.467484096764938,11.342344715881346,3.780781571960449,221.63827514648438,214.09854125976562,117.10498809814453,106.09589385986328,23.94076156616211,False
1017,33.9,0.8399215340614319,11.044476181268692,62,62,0,double,152.54233343031714,JUMPING,False,,0.39302318896843524,,,26.467484096764938,11.342344715881346,3.780781571960449,221.63827514648438,205.6546630859375,117.10498809814453,99.81394958496094,33.365116119384766,True
1018,33.93333333333333,0.8855224847793579,11.973146349191666,62,62,0,unknown,0.0,JUMPING,False,,,,,,,,,,,,0.0,False
1019,33.96666666666667,0.8784902691841125,10.867312084883451,62,62,0,single,152.54233343031714,JUMPING,False,,0.39302318896843524,,,26.467484096764938,11.342344715881346,3.780781571960449,221.63827514648438,197.7523193359375,117.10498809814453,95.38229370117188,38.021549224853516,True
1020,34.0,0.8910531997680664,12.052870821207762,62,62,0,single,152.54233343031714,JUMPING,False,,0.39302318896843524,,,26.467484096764938,11.342344715881346,3.780781571960449,221.63827514648438,193.97198486328125,117.10498809814453,93.43555450439453,34.415504455566406,True
1021,34.03333333333333,0.6328487396240234,11.071205139160156,62,62,0,single,152.54233343031714,JUMPING,False,,0.39302318896843524,,,26.467484096764938,11.342344715881346,3.780781571960449,221.63827514648438,192.23013305664062,117.10498809814453,95.42526245117188,31.943946838378906,True
1022,34.06666666666667,0.856695830821991,12.02656701207161,62,62,0,unknown,0.0,JUMPING,False,,,,,,,,,,,,0.0,False
1023,34.1,0.8969675302505493,11.44909905269742,62,62,0,unknown,0.0,JUMPING,False,,,,,,,,,,,,0.0,False
1024,34.13333333333333,0.8233180046081543,12.04646099358797,62,62,0,single,152.54233343031714,JUMPING,False,,0.39302318896843524,,,26.467484096764938,11.342344715881346,3.780781571960449,221.63827514648438,207.34811401367188,117.10498809814453,106.32904815673828,31.317703247070312,True
1025,34.166666666666664,0.9047379493713379,11.077038943767548,62,62,0,unknown,0.0,JUMPING,False,,,,,,,,,,,,0.0,False
1026,34.2,0.8855094909667969,12.060425244271755,62,62,0,unknown,0.0,JUMPING,False,,,,,,,,,,,,0.0,False
1027,34.233333333333334,0.8963837623596191,11.207920964807272,63,63,0,single,145.16136596035605,JUMPING,True,0.5333333333333314,0.4238914207287124,29.40814208984375,23.66943359375,27.202648595034642,11.342344715881346,3.780781571960449,221.63827514648438,213.7976531982422,117.10498809814453,107.03007507324219,30.103422164916992,False
1028,34.266666666666666,0.8826351761817932,12.227410916239023,63,63,0,single,145.16136596035605,JUMPING,False,,0.4238914207287124,,,27.202648595034642,11.342344715881346,3.780781571960449,221.63827514648438,210.16726684570312,117.10498809814453,104.12560272216797,31.851774215698242,True
1029,34.3,0.9023997187614441,11.281563900411129,63,63,0,single,145.16136596035605,JUMPING,False,,0.4238914207287124,,,27.202648595034642,11.342344715881346,3.780781571960449,221.63827514648438,204.64437866210938,117.10498809814453,99.8762435913086,34.24012756347656,True
1030,34.333333333333336,0.8919336199760437,12.122707907110453,63,63,0,single,145.16136596035605,JUMPING,False,,0.4238914207287124,,,27.202648595034642,11.37794150390625,3.7926471679687497,221.63827514648438,200.7443389892578,117.10498809814453,96.96389770507812,35.74728012084961,True
1031,34.36666666666667,0.9013562202453613,11.171211022883654,63,63,0,single,145.16136596035605,JUMPING,False,,0.4238914207287124,,,27.202648595034642,13.871141894531249,4.623713964843749,220.8964385986328,197.607666015625,116.34700775146484,94.53408813476562,34.220314025878906,True
1032,34.4,0.8902784585952759,12.246350292116404,63,63,0,single,145.16136596035605,JUMPING,False,,0.4238914207287124,,,27.202648595034642,13.575101495361327,4.525033831787109,220.8964385986328,196.96640014648438,116.34700775146484,94.30368041992188,35.108154296875,True
1033,34.43333333333333,0.8569036722183228,11.21313963085413,63,63,0,single,145.16136596035605,JUMPING,False,,0.4238914207287124,,,27.202648595034642,13.575101495361327,4.525033831787109,220.8964385986328,199.71304321289062,116.34700775146484,96.52052307128906,34.71316146850586,True
1034,34.46666666666667,0.8187749981880188,12.214267160743475,63,63,0,single,145.16136596035605,JUMPING,False,,0.4238914207287124,,,27.202648595034642,13.575101495361327,4.525033831787109,220.8964385986328,206.9661102294922,116.34700775146484,102.818115234375,33.29411697387695,True
1035,34.5,0.8543810844421387,11.013878043740988,63,63,0,single,0.0,JUMPING,False,0.2666666666666657,,23.930038452148438,22.04332733154297,27.202648595034642,13.632959001159666,4.544319667053222,220.8964385986328,215.9817352294922,116.34700775146484,111.39747619628906,34.05379104614258,False
1036,34.53333333333333,0.8672307729721069,12.007148936390877,63,63,0,single,145.16136596035605,JUMPING,False,,0.4238914207287124,,,27.202648595034642,11.342344715881346,3.780781571960449,221.78733825683594,221.9002685546875,116.6412124633789,116.72549438476562,34.98736572265625,False
1037,34.56666666666667,0.9068922400474548,11.066014878451824,63,63,0,single,145.16136596035605,JUMPING,False,,0.4238914207287124,,,27.202648595034642,11.580120401000976,3.860040133666992,222.5597381591797,227.02774047851562,117.18927001953125,120.10133361816406,32.61211395263672,False
1038,34.6,0.9042943120002747,12.213130947202444,63,63,0,single,145.16136596035605,JUMPING,False,,0.4238914207287124,,,27.202648595034642,9.520927008262124,2.986374829101562,223.31951904296875,225.013671875,117.65502166748047,118.75553131103516,32.66189956665039,False
1039,34.63333333333333,0.9006673097610474,10.852980893105268,63,63,0,single,145.16136596035605,JUMPING,False,,0.4238914207287124,,,27.202648595034642,11.56315339050293,3.8543844635009763,223.31951904296875,218.79168701171875,117.65502166748047,112.191650390625,31.224884033203125,False
1040,34.666666666666664,0.8932284116744995,11.972530279308558,63,63,0,single,145.16136596035605,JUMPING,False,,0.4238914207287124,,,27.202648595034642,11.56315339050293,3.8543844635009763,223.31951904296875,209.75827026367188,117.65502166748047,104.97433471679688,32.68696975708008,True
1041,34.7,0.8895912170410156,11.03210961446166,63,63,0,single,145.16136596035605,JUMPING,False,,0.4238914207287124,,,27.202648595034642,11.56315339050293,3.8543844635009763,223.31951904296875,200.73825073242188,117.65502166748047,98.18717193603516,33.12209701538086,True
1042,34.733333333333334,0.8982071280479431,12.143435887992382,63,63,0,single,145.16136596035605,JUMPING,False,,0.4238914207287124,,,27.202648595034642,12.355784252929688,4.118594750976563,222.87986755371094,195.2559814453125,117.65502166748047,94.44973754882812,33.349952697753906,True
1043,34.766666666666666,0.8923449516296387,10.970796924084425,63,63,0,single,145.16136596035605,JUMPING,False,,0.4238914207287124,,,27.202648595034642,11.859465261840821,3.9531550872802734,221.78733825683594,191.92303466796875,117.18927001953125,92.57640075683594,34.51361846923828,True
1044,34.8,0.900665819644928,11.742856819182634,63,63,0,single,145.16136596035605,JUMPING,False,,0.4238914207287124,,,27.202648595034642,12.633636016845703,4.211212005615234,221.78733825683594,191.05093383789062,117.18927001953125,92.45404815673828,30.601367950439453,True
1045,34.833333333333336,0.8746640682220459,11.06348680332303,63,63,0,single,145.16136596035605,JUMPING,False,,0.4238914207287124,,,27.202648595034642,15.019638835144043,5.0065462783813475,221.78733825683594,195.99600219726562,117.18927001953125,95.99689483642578,29.075258255004883,True
1046,34.86666666666667,0.9000950455665588,12.332605198025703,63,63,0,single,145.16136596035605,JUMPING,False,,0.4238914207287124,,,27.202648595034642,15.019638835144043,5.0065462783813475,221.78733825683594,204.7484588623047,117.18927001953125,102.41972351074219,26.60076141357422,True
1047,34.9,0.9053826928138733,11.275967117398977,63,63,0,single,0.0,JUMPING,False,0.6666666666666643,,30.736404418945312,24.73522186279297,27.202648595034642,15.019638835144043,5.0065462783813475,221.78733825683594,212.98597717285156,117.18927001953125,110.68434143066406,27.9449520111084,False
1048,34.93333333333333,0.898456335067749,12.03390397131443,63,63,0,single,145.16136596035605,JUMPING,False,,0.4238914207287124,,,27.202648595034642,11.37794150390625,3.7926471679687497,221.78733825683594,218.36148071289062,117.18927001953125,115.41035461425781,29.10616683959961,False
1049,34.96666666666667,0.9071587920188904,11.062256060540676,63,63,0,single,145.16136596035605,JUMPING,False,,0.4238914207287124,,,27.202648595034642,11.500816593933106,3.833605531311035,222.1049041748047,222.2413330078125,118.25270080566406,118.81135559082031,28.922988891601562,False
1050,35.0,0.9004555940628052,12.052554171532393,63,63,0,single,145.16136596035605,JUMPING,False,,0.4238914207287124,,,27.202648595034642,12.570654473876953,4.190218157958984,222.29014587402344,222.32269287109375,118.25270080566406,117.29010009765625,30.564559936523438,False
1051,35.03333333333333,0.9028317332267761,10.96335519105196,63,63,0,single,145.16136596035605,JUMPING,False,,0.4238914207287124,,,27.202648595034642,12.570654473876953,4.190218157958984,222.29014587402344,215.74081420898438,118.25270080566406,111.18084716796875,30.766401290893555,False
1052,35.06666666666667,0.909844160079956,11.984576936811209,63,63,0,single,145.16136596035605,JUMPING,False,,0.4238914207287124,,,27.202648595034642,12.570654473876953,4.190218157958984,222.29014587402344,208.48561096191406,118.25270080566406,103.79488372802734,30.03437614440918,True
1053,35.1,0.9080711007118225,10.993096977472305,63,63,0,unknown,0.0,JUMPING,False,,,,,,,,,,,,0.0,False
1054,35.13333333333333,0.8953924179077148,12.077465187758207,63,63,0,single,145.16136596035605,JUMPING,False,,0.4238914207287124,,,27.202648595034642,13.837072137451171,4.6123573791503905,222.29014587402344,201.70294189453125,118.25270080566406,96.54535675048828,31.812236785888672,True
1055,35.166666666666664,0.8783600330352783,11.136950924992561,63,63,0,single,145.16136596035605,JUMPING,False,,0.4238914207287124,,,27.202648595034642,13.847795288085937,4.615931762695312,222.29014587402344,196.36358642578125,118.16935729980469,92.59259033203125,30.603267669677734,True
1056,35.2,0.8784335851669312,11.929036118090153,63,63,0,single,145.16136596035605,JUMPING,False,,0.4238914207287124,,,27.202648595034642,13.837072137451171,4.6123573791503905,222.29014587402344,194.16571044921875,118.16935729980469,91.59651947021484,29.02975845336914,True
1057,35.233333333333334,0.8706079125404358,11.035840027034283,63,63,0,single,145.16136596035605,JUMPING,False,,0.4238914207287124,,,27.202648595034642,13.837072137451171,4.6123573791503905,222.29014587402344,193.2940673828125,118.16935729980469,91.57438659667969,29.707759857177734,True
1058,35.266666666666666,0.8952111601829529,11.902296915650368,63,63,0,single,145.16136596035605,JUMPING,False,,0.4238914207287124,,,27.202648595034642,13.837072137451171,4.6123573791503905,222.29014587402344,201.4968719482422,118.16935729980469,99.26998901367188,28.935209274291992,True
1059,35.3,0.81253981590271,11.45999412983656,63,63,0,single,0.0,JUMPING,False,1.0666666666666629,,28.996078491210938,26.594970703125,27.202648595034642,13.837072137451171,4.6123573791503905,222.29014587402344,210.3473358154297,118.16935729980469,108.36858367919922,27.69847869873047,False
1060,35.333333333333336,0.8994396924972534,11.986538302153349,63,63,0,single,145.16136596035605,JUMPING,False,,0.4238914207287124,,,27.202648595034642,13.826348986816406,4.608782995605469,222.29014587402344,218.8563995361328,118.16935729980469,114.91960144042969,27.842666625976562,False
1061,35.36666666666667,0.8967970013618469,11.191376019269228,63,63,0,single,145.16136596035605,JUMPING,False,,0.4238914207287124,,,27.202648595034642,12.330808813476562,4.110269604492188,223.04884338378906,223.64010620117188,118.58753967285156,118.33555603027344,27.728317260742188,False
1062,35.4,0.9063879251480103,11.961949989199638,63,63,0,single,145.16136596035605,JUMPING,False,,0.4238914207287124,,,27.202648595034642,10.034629348754882,3.3448764495849606,223.04884338378906,220.53549194335938,118.58753967285156,117.16500091552734,30.030637741088867,False
1063,35.43333333333333,0.8767430782318115,10.974523145705462,63,63,0,single,145.16136596035605,JUMPING,False,,0.4238914207287124,,,27.202648595034642,9.91962695159912,3.306542317199707,223.04884338378906,219.1796417236328,118.58753967285156,110.93659210205078,30.13655662536621,False
1064,35.46666666666667,0.3660670220851898,12.453028932213783,63,63,0,single,145.16136596035605,JUMPING,False,,0.4238914207287124,,,27.202648595034642,12.191815063476561,4.063938354492187,222.29014587402344,207.6420135498047,117.91737365722656,103.26212310791016,32.07327651977539,True
1065,35.5,0.9078222513198853,11.393788736313581,63,63,0,single,145.16136596035605,JUMPING,False,,0.4238914207287124,,,27.202648595034642,10.019460841369629,3.339820280456543,222.1049041748047,199.33663940429688,117.24005889892578,96.89907836914062,31.987293243408203,True
1066,35.53333333333333,0.9050885438919067,11.923574842512608,63,63,0,single,145.16136596035605,JUMPING,False,,0.4238914207287124,,,27.202648595034642,9.520927008262124,2.649704095458984,222.1049041748047,194.03176879882812,117.24005889892578,93.13463592529297,31.791690826416016,True
1067,35.56666666666667,0.9081785082817078,10.974175296723843,63,63,0,single,145.16136596035605,JUMPING,False,,0.4238914207287124,,,27.202648595034642,9.520927008262124,2.649704095458984,222.1049041748047,192.21405029296875,117.24005889892578,91.56742095947266,30.52089500427246,True
1068,35.6,0.8829607963562012,11.952736880630255,63,63,0,single,145.16136596035605,JUMPING,False,,0.4238914207287124,,,27.202648595034642,9.520927008262124,2.649704095458984,222.1049041748047,193.68344116210938,117.24005889892578,92.24295806884766,30.32923698425293,True
1069,35.63333333333333,0.8590871095657349,11.128469835966825,63,63,0,single,145.16136596035605,JUMPING,False,,0.4238914207287124,,,27.202648595034642,9.520927008262124,2.649704095458984,222.1049041748047,199.1189727783203,117.24005889892578,96.18812561035156,34.31853103637695,True
1070,35.666666666666664,0.8866420984268188,11.995465029031038,63,63,0,single,145.16136596035605,JUMPING,False,,0.4238914207287124,,,27.202648595034642,9.520927008262124,2.649704095458984,222.1049041748047,206.3868408203125,117.24005889892578,103.135498046875,31.355802536010742,True
1071,35.7,0.8955127000808716,11.910129804164171,63,63,0,single,0.0,JUMPING,False,1.4666666666666686,,29.890853881835938,25.672637939453125,27.202648595034642,10.193949577331542,3.3979831924438475,222.1049041748047,217.6575164794922,117.24005889892578,112.17692565917969,29.422163009643555,False
1072,35.733333333333334,0.8824239373207092,12.133934069424868,63,63,0,single,145.16136596035605,JUMPING,False,,0.4238914207287124,,,27.202648595034642,10.782399435424804,3.594133145141601,222.29014587402344,224.964599609375,117.36148071289062,117.40907287597656,29.66513442993164,False
1073,35.766666666666666,0.9036824703216553,11.114136315882206,63,63,0,single,145.16136596035605,STOPPED,False,,0.4238914207287124,,,27.202648595034642,12.980170239257813,4.326723413085937,223.11314392089844,228.14727783203125,117.96495819091797,119.88304138183594,30.250349044799805,False
1074,35.8,0.8646813631057739,12.35369686037302,63,63,0,single,145.16136596035605,STOPPED,False,,0.4238914207287124,,,27.202648595034642,12.974299653625488,4.324766551208496,224.43479919433594,226.63577270507812,118.11646270751953,117.78782653808594,29.932424545288086,False
1075,35.833333333333336,0.8893163204193115,11.505661066621542,63,63,0,single,145.16136596035605,STOPPED,False,,0.4238914207287124,,,27.202648595034642,12.330808813476562,4.110269604492188,224.43479919433594,220.55325317382812,118.11646270751953,111.51022338867188,29.6744441986084,False
1076,35.86666666666667,0.8784914016723633,12.093622237443924,63,63,0,single,145.16136596035605,STOPPED,False,,0.4238914207287124,,,27.202648595034642,12.330808813476562,4.110269604492188,224.43479919433594,208.8057403564453,118.11646270751953,103.99342346191406,30.537981033325195,True
1077,35.9,0.9028674960136414,11.047807987779379,63,63,0,single,145.16136596035605,STOPPED,False,,0.4238914207287124,,,27.202648595034642,12.330808813476562,4.110269604492188,224.43479919433594,199.61331176757812,118.11646270751953,97.741455078125,31.570913314819336,True
1078,35.93333333333333,0.9026147127151489,11.96916913613677,63,63,0,single,145.16136596035605,STOPPED,False,,0.4238914207287124,,,27.202648595034642,12.330808813476562,4.110269604492188,224.43479919433594,194.5915985107422,118.11646270751953,94.4996337890625,33.14524841308594,True
1079,35.96666666666667,0.8967374563217163,11.087273247539997,63,63,0,single,145.16136596035605,STOPPED,False,,0.4238914207287124,,,27.202648595034642,12.330808813476562,4.110269604492188,224.43479919433594,191.7196502685547,118.11646270751953,92.83843994140625,34.19089889526367,True
1080,36.0,0.8954230546951294,12.05303194001317,63,63,0,single,145.16136596035605,STOPPED,False,,0.4238914207287124,,,27.202648595034642,12.330808813476562,4.110269604492188,224.43479919433594,193.09365844726562,118.11646270751953,94.06922912597656,32.259708404541016,True
1081,36.03333333333333,0.848717212677002,11.093806941062212,63,63,0,single,145.16136596035605,STOPPED,False,,0.4238914207287124,,,27.202648595034642,12.330808813476562,4.110269604492188,224.43479919433594,194.97535705566406,118.11646270751953,97.6483154296875,31.31361961364746,True
1082,36.06666666666667,0.8136089444160461,13.642596080899239,63,63,0,single,145.16136596035605,STOPPED,False,,0.4238914207287124,,,27.202648595034642,12.974299653625488,4.324766551208496,224.43479919433594,202.85438537597656,118.11646270751953,104.34703826904297,32.99138259887695,True
1083,36.1,0.8385013341903687,11.192390229552984,63,63,0,single,0.0,STOPPED,False,1.8666666666666671,,31.39349365234375,24.797882080078125,27.202648595034642,11.445300535583495,3.815100178527832,223.11314392089844,212.81399536132812,117.63632202148438,112.59474182128906,33.868873596191406,False
1084,36.13333333333333,0.8400473594665527,11.940668802708387,63,63,0,single,0.0,STOPPED,False,,,,,27.202648595034642,9.520927008262124,2.649704095458984,222.29014587402344,219.56683349609375,117.57511901855469,117.68582153320312,32.8816032409668,False
1085,36.166666666666664,0.9128459095954895,11.022432241588831,63,63,0,single,0.0,STOPPED,False,,,,,27.202648595034642,10.428535464477537,3.4761784881591793,223.11314392089844,223.84378051757812,117.74702453613281,120.514892578125,30.464649200439453,False
1086,36.2,0.8938453793525696,11.904470156878233,63,63,0,single,0.0,STOPPED,False,,,,,27.202648595034642,9.520927008262124,2.8308438995361325,223.11314392089844,220.76577758789062,118.01336669921875,118.16372680664062,29.807397842407227,False
1087,36.233333333333334,0.8767086267471313,11.038606986403465,63,63,0,single,0.0,STOPPED,False,,,,,27.202648595034642,9.520927008262124,2.8308438995361325,223.11314392089844,214.7891845703125,118.01336669921875,111.3883056640625,29.732994079589844,False
1088,36.266666666666666,0.9017362594604492,12.077660765498877,63,63,0,single,0.0,STOPPED,False,,,,,27.202648595034642,9.520927008262124,2.8308438995361325,223.11314392089844,206.04867553710938,118.01336669921875,104.00047302246094,30.510639190673828,True
1089,36.3,0.8996019959449768,11.173683684319258,63,63,0,single,0.0,STOPPED,False,,,,,27.202648595034642,9.520927008262124,2.8308438995361325,223.11314392089844,198.57334899902344,118.01336669921875,97.53935241699219,30.289024353027344,True
1090,36.333333333333336,0.897744357585907,12.165718711912632,63,63,0,single,0.0,STOPPED,False,,,,,27.202648595034642,9.520927008262124,2.8308438995361325,223.11314392089844,194.1223602294922,118.01336669921875,94.07719421386719,30.059247970581055,True
1091,36.36666666666667,0.8836623430252075,11.859049089252949,63,63,0,unknown,0.0,STOPPED,False,,,,,,,,,,,,0.0,False
1092,36.4,0.8944838047027588,11.995620094239712,63,63,0,single,0.0,STOPPED,False,,,,,27.202648595034642,9.520927008262124,2.8308438995361325,223.11314392089844,193.36224365234375,118.01336669921875,93.102294921875,28.12824821472168,True
1093,36.43333333333333,0.8625141382217407,11.07211783528328,63,63,0,single,0.0,STOPPED,False,,,,,27.202648595034642,9.520927008262124,2.8308438995361325,223.11314392089844,196.57574462890625,118.01336669921875,95.34337615966797,26.02785301208496,True
1094,36.46666666666667,0.8171697854995728,12.302491813898087,63,63,0,single,0.0,STOPPED,False,,,,,27.202648595034642,9.520927008262124,2.8308438995361325,223.11314392089844,204.55264282226562,118.01336669921875,101.81004333496094,26.681880950927734,True
1095,36.5,0.8754593133926392,10.951124131679535,64,64,0,single,0.0,JUMPING,True,,,29.750900268554688,24.91107177734375,27.839711513414652,9.91962695159912,3.306542317199707,223.11314392089844,215.80316162109375,118.01336669921875,110.30574035644531,25.694652557373047,False
1096,36.53333333333333,0.8730294108390808,12.001488823443651,64,64,0,single,0.0,JUMPING,False,,,,,27.839711513414652,9.774966220092772,3.2583220733642575,223.28797912597656,222.75979614257812,117.74702453613281,115.56414794921875,26.60885238647461,False
1097,36.56666666666667,0.9102570414543152,11.434454936534166,64,64,0,single,0.0,JUMPING,False,,,,,27.839711513414652,10.62823717803955,3.5427457260131834,223.76231384277344,228.9385528564453,118.01336669921875,118.28214263916016,28.0844669342041,False
1098,36.6,0.8846181631088257,12.033460196107626,64,64,0,single,0.0,JUMPING,False,,,,,27.839711513414652,9.893260217285157,3.2977534057617186,224.1750030517578,224.39581298828125,118.01336669921875,116.45994567871094,28.1440372467041,False
1099,36.63333333333333,0.8864051103591919,11.026657186448574,64,64,0,single,0.0,JUMPING,False,,,,,27.839711513414652,9.893260217285157,3.2977534057617186,224.1750030517578,216.2476806640625,118.01336669921875,110.18431091308594,29.576276779174805,False
1100,36.666666666666664,0.8843203783035278,11.95745263248682,64,64,0,single,0.0,JUMPING,False,,,,,27.839711513414652,9.893260217285157,3.2977534057617186,224.1750030517578,208.40676879882812,118.01336669921875,102.96074676513672,32.08538055419922,True
1101,36.7,0.88103848695755,11.186269111931324,64,64,0,single,0.0,JUMPING,False,,,,,27.839711513414652,9.893260217285157,3.2977534057617186,224.1750030517578,200.28567504882812,118.01336669921875,95.70149230957031,34.418155670166016,True
1102,36.733333333333334,0.8822392821311951,11.970504187047482,64,64,0,single,0.0,JUMPING,False,,,,,27.839711513414652,9.893260217285157,3.2977534057617186,224.1750030517578,195.61387634277344,118.01336669921875,91.72976684570312,34.34147262573242,True
1103,36.766666666666666,0.8840457201004028,11.507775634527206,64,64,0,single,0.0,JUMPING,False,,,,,27.839711513414652,9.893260217285157,3.2977534057617186,224.1750030517578,195.2015380859375,118.01336669921875,90.12181091308594,34.392154693603516,True
1104,36.8,0.8684180974960327,11.887348257005215,64,64,0,single,0.0,JUMPING,False,,,,,27.839711513414652,9.893260217285157,3.2977534057617186,224.1750030517578,196.7635040283203,118.01336669921875,91.6736831665039,32.958946228027344,True
1105,36.833333333333336,0.8833678364753723,10.932365898042917,64,64,0,unknown,0.0,JUMPING,False,,,,,,,,,,,,0.0,False
1106,36.86666666666667,0.8740279078483582,13.217041734606028,64,64,0,single,0.0,JUMPING,False,,,,,27.839711513414652,9.893260217285157,3.2977534057617186,224.1750030517578,208.39974975585938,118.01336669921875,100.30094909667969,31.503915786743164,True
1107,36.9,0.8932929635047913,13.693153858184814,65,65,0,single,149.99942779759294,JUMPING,True,0.3999999999999986,0.3999999999999986,28.973464965820312,27.891555786132812,28.123149876516067,9.893260217285157,3.2977534057617186,224.1750030517578,218.4022216796875,118.01336669921875,110.69938659667969,30.335281372070312,False
1108,36.93333333333333,0.894224226474762,12.220302131026983,65,65,0,single,149.99942779759294,JUMPING,False,,0.3999999999999986,,,28.123149876516067,12.264433868408204,4.0881446228027345,224.72747802734375,224.94857788085938,117.74702453613281,116.93762969970703,30.512191772460938,False
1109,36.96666666666667,0.8944037556648254,11.25575415790081,65,65,0,single,149.99942779759294,JUMPING,False,,0.3999999999999986,,,28.123149876516067,15.390639486694333,5.130213162231445,224.95819091796875,231.357177734375,118.01336669921875,120.65766143798828,30.39820098876953,False
1110,37.0,0.8905866146087646,12.106416746973991,65,65,0,single,149.99942779759294,JUMPING,False,,0.3999999999999986,,,28.123149876516067,14.227177642822264,4.742392547607421,225.96730041503906,229.78355407714844,118.23477935791016,118.90929412841797,31.234600067138672,False
1111,37.03333333333333,0.9081194996833801,10.99242502823472,65,65,0,single,149.99942779759294,JUMPING,False,,0.3999999999999986,,,28.123149876516067,16.415718392944335,5.471906130981445,225.96730041503906,220.68923950195312,118.23477935791016,111.71722412109375,29.097270965576172,False
1112,37.06666666666667,0.910795271396637,11.886561755090952,65,65,0,single,149.99942779759294,JUMPING,False,,0.3999999999999986,,,28.123149876516067,16.415718392944335,5.471906130981445,225.96730041503906,208.62722778320312,118.23477935791016,103.77764892578125,29.410184860229492,True
1113,37.1,0.875980794429779,11.142363771796227,65,65,0,single,149.99942779759294,JUMPING,False,,0.3999999999999986,,,28.123149876516067,16.415718392944335,5.471906130981445,225.96730041503906,198.55264282226562,118.23477935791016,96.9282455444336,29.82025909423828,True
1114,37.13333333333333,0.8939668536186218,11.981837917119265,65,65,0,single,149.99942779759294,JUMPING,False,,0.3999999999999986,,,28.123149876516067,16.415718392944335,5.471906130981445,225.96730041503906,192.45848083496094,118.23477935791016,92.93287658691406,28.8096866607666,True
1115,37.166666666666664,0.8962984681129456,11.146433185786009,65,65,0,single,149.99942779759294,JUMPING,False,,0.3999999999999986,,,28.123149876516067,16.415718392944335,5.471906130981445,225.96730041503906,189.8061981201172,118.23477935791016,90.70783233642578,35.559051513671875,True
1116,37.2,0.8867802619934082,13.96713312715292,65,65,0,single,149.99942779759294,JUMPING,False,,0.3999999999999986,,,28.123149876516067,16.415718392944335,5.471906130981445,225.96730041503906,190.1179656982422,118.23477935791016,91.20469665527344,32.19034194946289,True
1117,37.233333333333334,0.8768530488014221,10.952715761959553,65,65,0,single,149.99942779759294,JUMPING,False,,0.3999999999999986,,,28.123149876516067,16.415718392944335,5.471906130981445,225.96730041503906,193.54498291015625,118.23477935791016,94.93926239013672,32.51955795288086,True
1118,37.266666666666666,0.8627117872238159,11.883188039064407,65,65,0,unknown,0.0,JUMPING,False,,,,,,,,,,,,0.0,False
1119,37.3,0.8632702827453613,11.168139055371284,65,65,0,single,149.99942779759294,JUMPING,False,,0.3999999999999986,,,28.123149876516067,16.415718392944335,5.471906130981445,225.96730041503906,203.399169921875,118.23477935791016,106.10966491699219,27.748119354248047,True
1120,37.333333333333336,0.8597027659416199,11.851358227431774,66,66,0,single,144.00021972689777,JUMPING,True,0.4333333333333371,0.40733333333333305,36.154693603515625,27.526947021484375,30.131035808265956,16.486097552490236,5.495365850830078,225.9608917236328,210.23638916015625,118.23477935791016,112.88169860839844,26.485227584838867,False
1121,37.36666666666667,0.8920679688453674,11.054158210754395,66,66,0,single,144.00021972689777,JUMPING,False,,0.40733333333333305,,,30.131035808265956,13.526915185546873,4.5089717285156246,224.72747802734375,218.15087890625,118.05641174316406,117.89543151855469,26.859832763671875,False
1122,37.4,0.8739916682243347,12.015252839773893,66,66,0,single,144.00021972689777,JUMPING,False,,0.40733333333333305,,,30.131035808265956,12.940467434692383,4.313489144897461,224.1750030517578,217.595458984375,118.09845733642578,118.00054931640625,29.637901306152344,False
1123,37.43333333333333,0.834639310836792,11.166790034621954,66,66,0,single,144.00021972689777,JUMPING,False,,0.40733333333333305,,,30.131035808265956,14.201659259033203,4.733886419677734,224.1750030517578,215.5718536376953,118.09845733642578,112.28916931152344,28.339534759521484,False
1124,37.46666666666667,0.897983193397522,12.012579943984747,66,66,0,single,144.00021972689777,JUMPING,False,,0.40733333333333305,,,30.131035808265956,14.201659259033203,4.733886419677734,224.1750030517578,204.95330810546875,118.09845733642578,104.30516052246094,29.833553314208984,True
1125,37.5,0.8821364641189575,11.004498228430748,66,66,0,single,144.00021972689777,JUMPING,False,,0.40733333333333305,,,30.131035808265956,14.201659259033203,4.733886419677734,224.1750030517578,198.55728149414062,118.09845733642578,97.05184173583984,30.8325252532959,True
1126,37.53333333333333,0.8761136531829834,11.958860326558352,66,66,0,single,144.00021972689777,JUMPING,False,,0.40733333333333305,,,30.131035808265956,14.201659259033203,4.733886419677734,224.1750030517578,194.54937744140625,118.09845733642578,92.83467102050781,31.725860595703125,True
1127,37.56666666666667,0.8992765545845032,11.206021998077631,66,66,0,single,144.00021972689777,JUMPING,False,,0.40733333333333305,,,30.131035808265956,14.201659259033203,4.733886419677734,224.1750030517578,191.00167846679688,118.09845733642578,90.36042785644531,31.60803985595703,True
1128,37.6,0.890141487121582,11.878765188157558,66,66,0,single,144.00021972689777,JUMPING,False,,0.40733333333333305,,,30.131035808265956,14.201659259033203,4.733886419677734,224.1750030517578,191.1715087890625,118.09845733642578,89.885009765625,32.51345443725586,True
1129,37.63333333333333,0.8641709089279175,10.936730075627565,66,66,0,single,144.00021972689777,JUMPING,False,,0.40733333333333305,,,30.131035808265956,14.201659259033203,4.733886419677734,224.1750030517578,193.58120727539062,118.09845733642578,92.41210174560547,33.767845153808594,True
1130,37.666666666666664,0.8744004964828491,12.134039774537086,66,66,0,single,144.00021972689777,JUMPING,False,,0.40733333333333305,,,30.131035808265956,14.201659259033203,4.733886419677734,224.1750030517578,199.2447509765625,118.09845733642578,98.20780944824219,32.057430267333984,True
1131,37.7,0.8713331818580627,11.173923965543509,66,66,0,single,144.00021972689777,JUMPING,False,,0.40733333333333305,,,30.131035808265956,14.201659259033203,4.733886419677734,224.1750030517578,208.61947631835938,118.09845733642578,106.94033813476562,32.60273361206055,True
1132,37.733333333333334,0.8713291883468628,12.183287180960178,67,67,0,single,145.94591232527677,JUMPING,True,0.3999999999999986,0.40571999999999947,33.17332458496094,28.21344757080078,30.891608002439703,16.706193612670898,5.568731204223632,224.1750030517578,214.513427734375,118.09845733642578,112.17002868652344,32.57862091064453,False
1133,37.766666666666666,0.8722323179244995,10.928847827017307,67,67,0,single,145.94591232527677,JUMPING,False,,0.40571999999999947,,,30.891608002439703,14.558441555786132,4.852813851928711,223.7414093017578,222.34275817871094,117.95850372314453,117.6890869140625,28.93131446838379,False
1134,37.8,0.8943349123001099,12.196910101920366,67,67,0,single,145.94591232527677,JUMPING,False,,0.40571999999999947,,,30.891608002439703,14.558441555786132,4.852813851928711,223.7414093017578,220.880615234375,117.95850372314453,118.32158660888672,28.45681381225586,False
1135,37.833333333333336,0.8747647404670715,10.990133974701166,67,67,0,single,145.94591232527677,JUMPING,False,,0.40571999999999947,,,30.891608002439703,17.526718240356445,5.842239413452148,223.7414093017578,217.30508422851562,117.95850372314453,113.2449951171875,27.671470642089844,False
1136,37.86666666666667,0.8909617066383362,12.076994869858027,67,67,0,single,145.94591232527677,JUMPING,False,,0.40571999999999947,,,30.891608002439703,17.526718240356445,5.842239413452148,223.7414093017578,209.0997314453125,117.95850372314453,106.33980560302734,29.928373336791992,False
1137,37.9,0.8780924081802368,11.170662008225918,67,67,0,unknown,0.0,JUMPING,False,,,,,,,,,,,,0.0,False
1138,37.93333333333333,0.8259589672088623,11.986183933913708,67,67,0,single,145.94591232527677,JUMPING,False,,0.40571999999999947,,,30.891608002439703,17.526718240356445,5.842239413452148,223.7414093017578,202.65362548828125,117.95850372314453,99.29228210449219,32.122188568115234,True
1139,37.96666666666667,0.8879227638244629,11.10893115401268,67,67,0,single,145.94591232527677,JUMPING,False,,0.40571999999999947,,,30.891608002439703,17.526718240356445,5.842239413452148,223.7414093017578,196.5859375,117.95850372314453,95.19766235351562,34.73556900024414,True
1140,38.0,0.8800507187843323,12.117829639464617,67,67,0,single,145.94591232527677,JUMPING,False,,0.40571999999999947,,,30.891608002439703,17.526718240356445,5.842239413452148,223.7414093017578,193.7045440673828,117.95850372314453,93.86288452148438,33.94234085083008,True
1141,38.03333333333333,0.886606752872467,11.589257046580315,67,67,0,single,145.94591232527677,JUMPING,False,,0.40571999999999947,,,30.891608002439703,17.526718240356445,5.842239413452148,223.7414093017578,194.15267944335938,117.95850372314453,95.63896179199219,33.67910385131836,True
1142,38.06666666666667,0.8758556842803955,11.965787969529629,67,67,0,unknown,0.0,JUMPING,False,,,,,,,,,,,,0.0,False
1143,38.1,0.8577327132225037,11.02775800973177,67,67,0,single,145.94591232527677,JUMPING,False,,0.40571999999999947,,,30.891608002439703,17.526718240356445,5.842239413452148,223.7414093017578,204.08392333984375,117.95850372314453,106.00674438476562,29.67897605895996,True
1144,38.13333333333333,0.8500550985336304,12.146078050136566,68,68,0,single,146.93861535982288,JUMPING,True,0.3999999999999986,0.4044615999999993,30.036865234375,24.095619201660156,30.677922310423526,17.526718240356445,5.842239413452148,223.7414093017578,210.85711669921875,117.95850372314453,112.95135498046875,28.742753982543945,False
1145,38.166666666666664,0.89314204454422,11.139229871332645,68,68,0,single,146.93861535982288,JUMPING,False,,0.4044615999999993,,,30.677922310423526,14.831881896972655,4.9439606323242185,223.5745849609375,220.25909423828125,118.16950225830078,119.64646911621094,27.67901611328125,False
1146,38.2,0.8944522142410278,12.011172249913216,68,68,0,unknown,0.0,JUMPING,False,,,,,,,,,,,,0.0,False
1147,38.233333333333334,0.8715049028396606,11.390847153961658,68,68,0,single,146.93861535982288,JUMPING,False,,0.4044615999999993,,,30.677922310423526,13.449681353759765,4.483227117919921,221.89085388183594,221.21299743652344,117.95850372314453,117.37516784667969,28.63701629638672,False
1148,38.266666666666666,0.9065653681755066,12.30518938973546,68,68,0,unknown,0.0,JUMPING,False,,,,,,,,,,,,0.0,False
1149,38.3,0.9007139205932617,11.133640073239803,68,68,0,single,146.93861535982288,JUMPING,False,,0.4044615999999993,,,30.677922310423526,11.847316882324218,3.9491056274414063,221.08004760742188,211.8900604248047,117.95850372314453,107.8514633178711,30.993196487426758,False
1150,38.333333333333336,0.9039754271507263,12.542143929749727,68,68,0,single,146.93861535982288,JUMPING,False,,0.4044615999999993,,,30.677922310423526,11.568718569946288,3.8562395233154296,221.08004760742188,204.95999145507812,117.95850372314453,101.66908264160156,32.06288146972656,True
1151,38.36666666666667,0.8985236287117004,11.433335021138191,68,68,0,single,146.93861535982288,JUMPING,False,,0.4044615999999993,,,30.677922310423526,11.568718569946288,3.8562395233154296,221.08004760742188,197.4732666015625,117.95850372314453,96.72100067138672,31.390705108642578,True
1152,38.4,0.9090465903282166,12.423723936080933,68,68,0,single,146.93861535982288,JUMPING,False,,0.4044615999999993,,,30.677922310423526,11.568718569946288,3.8562395233154296,221.08004760742188,190.73670959472656,117.95850372314453,93.70079803466797,32.37393569946289,True
1153,38.43333333333333,0.9030513763427734,11.281522922217846,68,68,0,single,146.93861535982288,JUMPING,False,,0.4044615999999993,,,30.677922310423526,11.568718569946288,3.8562395233154296,221.08004760742188,192.24374389648438,117.95850372314453,93.6291275024414,34.03948211669922,True
1154,38.46666666666667,0.9008197784423828,11.977748945355415,68,68,0,single,146.93861535982288,JUMPING,False,,0.4044615999999993,,,30.677922310423526,11.568718569946288,3.8562395233154296,221.08004760742188,194.3861846923828,117.95850372314453,97.44569396972656,32.31463623046875,True
1155,38.5,0.895055890083313,11.151049751788378,68,68,0,single,146.93861535982288,JUMPING,False,,0.4044615999999993,,,30.677922310423526,11.568718569946288,3.8562395233154296,221.08004760742188,201.0050506591797,117.95850372314453,103.57505798339844,33.12635040283203,True
1156,38.53333333333333,0.8953461647033691,11.895287781953812,68,68,0,single,146.93861535982288,JUMPING,False,,0.4044615999999993,,,30.677922310423526,11.568718569946288,3.8562395233154296,221.08004760742188,205.19161987304688,117.95850372314453,107.14102172851562,34.240718841552734,True
1157,38.56666666666667,0.8805357813835144,11.077169328927994,69,69,0,single,145.16136596035605,JUMPING,True,0.4333333333333371,0.4108133813333336,30.343338012695312,24.329376220703125,30.594276235991472,13.760516986083983,4.586838995361328,221.08004760742188,212.86129760742188,117.95850372314453,114.63965606689453,34.435279846191406,False
1158,38.6,0.8917974233627319,12.11622217670083,69,69,0,single,145.16136596035605,JUMPING,False,,0.4108133813333336,,,30.594276235991472,13.321139282226563,4.4403797607421875,221.08004760742188,223.68423461914062,118.19316864013672,120.97059631347656,36.314231872558594,False
1159,38.63333333333333,0.8987482786178589,11.0687674023211,69,69,0,single,145.16136596035605,JUMPING,False,,0.4108133813333336,,,30.594276235991472,13.321139282226563,4.4403797607421875,221.08004760742188,231.26589965820312,118.19316864013672,124.7316665649414,36.05014419555664,False
1160,38.666666666666664,0.8958986401557922,12.013433035463095,69,69,0,single,145.16136596035605,JUMPING,False,,0.4108133813333336,,,30.594276235991472,13.321139282226563,4.4403797607421875,221.08004760742188,231.0855712890625,118.19316864013672,125.19471740722656,33.04948425292969,False
1161,38.7,0.8935199975967407,11.030097026377916,69,69,0,single,145.16136596035605,JUMPING,False,,0.4108133813333336,,,30.594276235991472,13.924011099243163,4.641337033081054,221.89085388183594,224.0111541748047,119.11651611328125,122.98625183105469,30.670177459716797,False
1162,38.733333333333334,0.899332582950592,11.777393985539675,69,69,0,single,145.16136596035605,JUMPING,False,,0.4108133813333336,,,30.594276235991472,13.540828134155273,4.513609378051758,221.89085388183594,218.76983642578125,120.4409408569336,121.2193603515625,30.31088638305664,False
1163,38.766666666666666,0.9009690284729004,11.098249815404415,69,69,0,single,145.16136596035605,JUMPING,False,,0.4108133813333336,,,30.594276235991472,13.138845721435548,4.379615240478516,221.89085388183594,214.70223999023438,120.4409408569336,118.45500183105469,30.267000198364258,False
1164,38.8,0.8997468948364258,11.88265671953559,69,69,0,single,145.16136596035605,JUMPING,False,,0.4108133813333336,,,30.594276235991472,13.138845721435548,4.379615240478516,221.89085388183594,211.45077514648438,120.4409408569336,115.36698913574219,29.623672485351562,False
1165,38.833333333333336,0.8975604772567749,10.882191825658083,69,69,0,single,145.16136596035605,JUMPING,False,,0.4108133813333336,,,30.594276235991472,13.138845721435548,4.379615240478516,221.89085388183594,209.48306274414062,120.4409408569336,113.94398498535156,28.873394012451172,False
1166,38.86666666666667,0.912906289100647,12.080208864063025,69,69,0,single,145.16136596035605,JUMPING,False,,0.4108133813333336,,,30.594276235991472,13.540828134155273,4.513609378051758,221.89085388183594,210.10427856445312,120.4409408569336,113.55558013916016,27.576404571533203,False
1167,38.9,0.903678297996521,11.595230083912611,69,69,0,single,145.16136596035605,JUMPING,False,,0.4108133813333336,,,30.594276235991472,13.540828134155273,4.513609378051758,221.89085388183594,211.46286010742188,120.4409408569336,113.91671752929688,27.827295303344727,False
1168,38.93333333333333,0.8949508666992188,11.918110307306051,69,69,0,single,145.16136596035605,JUMPING,False,,0.4108133813333336,,,30.594276235991472,13.540828134155273,4.513609378051758,221.89085388183594,212.11094665527344,120.4409408569336,114.19618225097656,28.587575912475586,False
1169,38.96666666666667,0.898261547088623,10.915350168943405,69,69,0,single,145.16136596035605,JUMPING,False,,0.4108133813333336,,,30.594276235991472,13.540828134155273,4.513609378051758,221.89085388183594,212.8335418701172,120.4409408569336,114.91465759277344,27.32487678527832,False
1170,39.0,0.8730611205101013,12.211579829454422,69,69,0,single,145.16136596035605,JUMPING,False,,0.4108133813333336,,,30.594276235991472,14.186592553710938,4.7288641845703125,221.89085388183594,214.62042236328125,120.4409408569336,115.1015625,29.1123104095459,False
1171,39.03333333333333,0.9004591107368469,11.357628740370274,69,69,0,single,145.16136596035605,JUMPING,False,,0.4108133813333336,,,30.594276235991472,13.924011099243163,4.641337033081054,221.89085388183594,214.48239135742188,120.4409408569336,115.11569213867188,29.327709197998047,False
1172,39.06666666666667,0.9075487852096558,13.319781050086021,69,69,0,single,145.16136596035605,JUMPING,False,,0.4108133813333336,,,30.594276235991472,12.45775598602295,4.152585328674316,221.89085388183594,213.39453125,120.4409408569336,115.43199920654297,28.519453048706055,False
1173,39.1,0.9017363786697388,11.346917133778334,69,69,0,single,145.16136596035605,JUMPING,False,,0.4108133813333336,,,30.594276235991472,12.45775598602295,4.152585328674316,221.89085388183594,214.49737548828125,120.4409408569336,115.72735595703125,28.12516975402832,False
1174,39.13333333333333,0.9010602235794067,12.18256400898099,69,69,0,single,145.16136596035605,JUMPING,False,,0.4108133813333336,,,30.594276235991472,13.924011099243163,4.641337033081054,221.89085388183594,215.31890869140625,120.4409408569336,115.7768783569336,28.43126678466797,False
1175,39.166666666666664,0.8999843001365662,11.517122853547335,69,69,0,single,145.16136596035605,JUMPING,False,,0.4108133813333336,,,30.594276235991472,14.913628953552244,4.971209651184082,221.89085388183594,215.12339782714844,120.4409408569336,116.05348205566406,28.951112747192383,False
1176,39.2,0.9053214192390442,13.733855914324522,69,69,0,single,145.16136596035605,JUMPING,False,,0.4108133813333336,,,30.594276235991472,16.688412185668945,5.562804061889648,221.89085388183594,215.03140258789062,120.4409408569336,116.1915283203125,27.113737106323242,False
1177,39.233333333333334,0.8496716618537903,11.714628897607327,69,69,0,unknown,0.0,JUMPING,False,,,,,,,,,,,,0.0,False
1178,39.266666666666666,0.8725839257240295,12.160100042819977,69,69,0,unknown,0.0,JUMPING,False,,,,,,,,,,,,0.0,False
1179,39.3,0.8445854187011719,11.182136368006468,69,69,0,unknown,0.0,JUMPING,False,,,,,,,,,,,,0.0,False
1180,39.333333333333336,0.8235046863555908,12.151014059782028,69,69,0,single,145.16136596035605,JUMPING,False,,0.4108133813333336,,,30.594276235991472,16.688412185668945,5.562804061889648,221.89085388183594,213.696533203125,120.4409408569336,116.56156921386719,27.40251922607422,False
1181,39.36666666666667,0.885444164276123,11.71487895771861,69,69,0,single,145.16136596035605,JUMPING,False,,0.4108133813333336,,,30.594276235991472,16.688412185668945,5.562804061889648,221.89085388183594,210.68338012695312,120.4409408569336,116.94551086425781,29.114015579223633,False
1182,39.4,0.85841965675354,12.543325778096914,69,69,0,single,145.16136596035605,JUMPING,False,,0.4108133813333336,,,30.594276235991472,16.688412185668945,5.562804061889648,221.89085388183594,210.90252685546875,120.4409408569336,117.16377258300781,30.020477294921875,False
1183,39.43333333333333,0.8739810585975647,11.27611892297864,69,69,0,single,145.16136596035605,JUMPING,False,,0.4108133813333336,,,30.594276235991472,16.688412185668945,5.562804061889648,221.89085388183594,211.48947143554688,120.4409408569336,117.30555725097656,30.18755340576172,False
1184,39.46666666666667,0.8995209336280823,12.179763987660408,69,69,0,single,145.16136596035605,JUMPING,False,,0.4108133813333336,,,30.594276235991472,16.688412185668945,5.562804061889648,221.89085388183594,213.35215759277344,120.4409408569336,117.05908203125,27.378206253051758,False
1185,39.5,0.893973708152771,11.154170148074627,69,69,0,single,145.16136596035605,JUMPING,False,,0.4108133813333336,,,30.594276235991472,12.55477335205078,4.184924450683593,221.08004760742188,213.8270263671875,120.4409408569336,116.96775817871094,20.234567642211914,False
1186,39.53333333333333,0.8994868397712708,12.396179139614105,69,69,0,unknown,0.0,JUMPING,False,,,,,,,,,,,,0.0,False
1187,39.56666666666667,0.8926570415496826,11.480769142508507,69,69,0,single,145.16136596035605,JUMPING,False,,0.4108133813333336,,,30.594276235991472,10.707996682597015,2.1636784240722653,220.83143615722656,214.3332977294922,120.4409408569336,117.06605529785156,18.398778915405273,False
1188,39.6,0.8979277610778809,12.146019842475653,69,69,0,double,145.16136596035605,JUMPING,False,,0.4108133813333336,,,30.594276235991472,10.707996682597015,1.8386131256103515,220.83143615722656,213.84750366210938,120.4409408569336,117.01036071777344,18.80474853515625,False
1189,39.63333333333333,0.9047031402587891,11.18985004723072,69,69,0,unknown,0.0,JUMPING,False,,,,,,,,,,,,0.0,False
1190,39.666666666666664,0.901871919631958,12.181617319583893,69,69,0,unknown,0.0,JUMPING,False,,,,,,,,,,,,0.0,False
1191,39.7,0.8871122598648071,11.270561255514622,69,69,0,double,145.16136596035605,JUMPING,False,,0.4108133813333336,,,30.594276235991472,10.707996682597015,1.8386131256103515,220.83143615722656,213.1395263671875,120.4409408569336,116.7629165649414,26.611021041870117,False
1192,39.733333333333334,0.8837598562240601,12.135067023336887,69,69,0,double,145.16136596035605,JUMPING,False,,0.4108133813333336,,,30.594276235991472,10.707996682597015,1.8386131256103515,220.83143615722656,212.44815063476562,120.4409408569336,116.74479675292969,29.753265380859375,False
1193,39.766666666666666,0.8974109888076782,11.259180959314108,69,69,0,unknown,0.0,JUMPING,False,,,,,,,,,,,,0.0,False
1194,39.8,0.8756545782089233,12.239784002304077,69,69,0,single,145.16136596035605,JUMPING,False,,0.4108133813333336,,,30.594276235991472,10.707996682597015,1.8386131256103515,220.83143615722656,213.2293701171875,120.4409408569336,117.46029663085938,42.65082550048828,False
1195,39.833333333333336,0.8834995031356812,11.72451488673687,69,69,0,single,145.16136596035605,JUMPING,False,,0.4108133813333336,,,30.594276235991472,10.707996682597015,1.8386131256103515,220.83143615722656,212.04022216796875,120.4409408569336,117.66184997558594,50.46013641357422,False
1196,39.86666666666667,0.8996550440788269,12.503078673034906,69,69,0,unknown,0.0,JUMPING,False,,,,,,,,,,,,0.0,False
1197,39.9,0.9069104194641113,11.2556261010468,69,69,0,unknown,0.0,JUMPING,False,,,,,,,,,,,,0.0,False
1198,39.93333333333333,0.9086930155754089,12.048027943819761,69,69,0,unknown,0.0,JUMPING,False,,,,,,,,,,,,0.0,False
1199,39.96666666666667,0.8972695469856262,11.47159980610013,69,69,0,unknown,0.0,JUMPING,False,,,,,,,,,,,,0.0,False
1200,40.0,0.872428297996521,12.374999932944775,69,69,0,unknown,0.0,JUMPING,False,,,,,,,,,,,,0.0,False
1201,40.03333333333333,0.8892254829406738,11.387173552066088,69,69,0,unknown,0.0,JUMPING,False,,,,,,,,,,,,0.0,False
1202,40.06666666666667,0.8817946314811707,12.685331981629133,69,69,0,unknown,0.0,JUMPING,False,,,,,,,,,,,,0.0,False
1203,40.1,0.8872802257537842,11.44286710768938,69,69,0,single,145.16136596035605,STOPPED,False,,0.4108133813333336,,,30.594276235991472,10.707996682597015,1.8386131256103515,220.83143615722656,211.92367553710938,120.4409408569336,117.92849731445312,49.27894592285156,False
1204,40.13333333333333,0.883535623550415,12.337986845523119,69,69,0,single,145.16136596035605,STOPPED,False,,0.4108133813333336,,,30.594276235991472,10.707996682597015,1.8386131256103515,220.83143615722656,211.77923583984375,120.4409408569336,118.52368927001953,49.02860641479492,False
1205,40.166666666666664,0.8890401124954224,11.427732650190592,69,69,0,single,145.16136596035605,STOPPED,False,,0.4108133813333336,,,30.594276235991472,10.707996682597015,1.8386131256103515,220.83143615722656,211.72735595703125,120.4409408569336,118.94966888427734,43.99567413330078,False
1206,40.2,0.8917446732521057,12.097434140741825,69,69,0,single,145.16136596035605,STOPPED,False,,0.4108133813333336,,,30.594276235991472,10.707996682597015,1.3697580688476563,220.23573303222656,210.8753204345703,120.16539764404297,118.95761108398438,42.29548263549805,False
1207,40.233333333333334,0.8820294141769409,11.05167530477047,69,69,0,single,145.16136596035605,STOPPED,False,,0.4108133813333336,,,30.594276235991472,10.707996682597015,2.1499690795898436,217.38946533203125,211.5852508544922,120.16539764404297,118.74942016601562,41.24767303466797,False
1208,40.266666666666666,0.8803046941757202,12.29121908545494,69,69,0,single,145.16136596035605,STOPPED,False,,0.4108133813333336,,,30.594276235991472,10.707996682597015,2.1836768737792966,217.38946533203125,210.54415893554688,120.16539764404297,117.75823974609375,39.16672134399414,False
1209,40.3,0.8957143425941467,11.151986196637154,69,69,0,single,145.16136596035605,STOPPED,False,,0.4108133813333336,,,30.594276235991472,10.707996682597015,2.1836768737792966,217.38946533203125,209.68350219726562,120.16539764404297,117.05659484863281,38.91559982299805,False
1210,40.333333333333336,0.8995412588119507,12.22553988918662,69,69,0,single,145.16136596035605,STOPPED,False,,0.4108133813333336,,,30.594276235991472,10.707996682597015,2.1836768737792966,217.38946533203125,207.67984008789062,120.16539764404297,116.7177963256836,38.925167083740234,False
1211,40.36666666666667,0.9112046957015991,11.179846711456776,69,69,0,single,145.16136596035605,STOPPED,False,,0.4108133813333336,,,30.594276235991472,10.707996682597015,2.1668229766845704,217.38946533203125,207.93455505371094,120.16539764404297,116.10916137695312,37.41321563720703,False
1212,40.4,0.9130445718765259,11.769693344831467,69,69,0,single,145.16136596035605,STOPPED,False,,0.4108133813333336,,,30.594276235991472,10.707996682597015,2.062894381713867,217.38946533203125,208.3226318359375,120.16539764404297,115.99861145019531,39.354286193847656,False
1213,40.43333333333333,0.9012750387191772,11.393100023269653,69,69,0,single,145.16136596035605,STOPPED,False,,0.4108133813333336,,,30.594276235991472,10.707996682597015,2.1649339828491208,217.38946533203125,210.47726440429688,120.16539764404297,116.03748321533203,41.81862258911133,False
1214,40.46666666666667,0.9052502512931824,12.222683057188988,69,69,0,single,145.16136596035605,STOPPED,False,,0.4108133813333336,,,30.594276235991472,10.707996682597015,2.1649339828491208,217.38946533203125,209.66004943847656,120.16539764404297,115.95671844482422,40.08145523071289,False
1215,40.5,0.9090256690979004,11.161003727465868,69,69,0,single,145.16136596035605,STOPPED,False,,0.4108133813333336,,,30.594276235991472,10.707996682597015,2.1649339828491208,217.38946533203125,209.01661682128906,120.16539764404297,115.78495788574219,38.217342376708984,False
1216,40.53333333333333,0.9070676565170288,12.259080074727535,69,69,0,single,145.16136596035605,STOPPED,False,,0.4108133813333336,,,30.594276235991472,10.707996682597015,2.1154694915771484,217.38946533203125,208.8162384033203,120.16539764404297,115.94438171386719,37.3502197265625,False
1217,40.56666666666667,0.9077070355415344,12.852986808866262,69,69,0,single,145.16136596035605,STOPPED,False,,0.4108133813333336,,,30.594276235991472,10.707996682597015,2.4445842498779298,215.24070739746094,208.805419921875,118.95443725585938,116.23153686523438,34.637123107910156,False
1218,40.6,0.9008269309997559,11.902460362762213,69,69,0,single,145.16136596035605,STOPPED,False,,0.4108133813333336,,,30.594276235991472,10.707996682597015,2.543230448913574,215.0865936279297,208.39764404296875,118.86956787109375,116.29147338867188,31.99153709411621,False
1219,40.63333333333333,0.9095077514648438,11.39080710709095,69,69,0,single,145.16136596035605,STOPPED,False,,0.4108133813333336,,,30.594276235991472,10.707996682597015,2.3507906158447263,214.8997344970703,209.4864501953125,118.65912628173828,116.4684066772461,31.106473922729492,False
1220,40.666666666666664,0.897718608379364,12.507431209087372,69,69,0,single,145.16136596035605,STOPPED,False,,0.4108133813333336,,,30.594276235991472,10.707996682597015,2.6284387756347654,214.6695098876953,209.87869262695312,118.4962158203125,116.58937072753906,34.44344711303711,False
1221,40.7,0.8937023282051086,10.942675173282623,69,69,0,single,145.16136596035605,STOPPED,False,,0.4108133813333336,,,30.594276235991472,10.707996682597015,2.394836975097656,214.57119750976562,210.41893005371094,118.24440002441406,116.6011962890625,37.47441101074219,False
1222,40.733333333333334,0.8848056793212891,11.843129061162472,69,69,0,single,145.16136596035605,STOPPED,False,,0.4108133813333336,,,30.594276235991472,10.707996682597015,2.406374542236328,214.4913787841797,211.40438842773438,117.86039733886719,116.63975524902344,39.378116607666016,False
1223,40.766666666666666,0.8864732980728149,11.45613007247448,69,69,0,unknown,0.0,STOPPED,False,,,,,,,,,,,,0.0,False
1224,40.8,0.8825429081916809,12.282529380172491,69,69,0,single,145.16136596035605,STOPPED,False,,0.4108133813333336,,,30.594276235991472,10.707996682597015,2.3320137908935545,214.4913787841797,212.13604736328125,117.86039733886719,116.41820526123047,42.90031814575195,False
1225,40.833333333333336,0.8848803043365479,11.224200949072838,69,69,0,single,145.16136596035605,STOPPED,False,,0.4108133813333336,,,30.594276235991472,10.707996682597015,2.1499690795898436,214.4913787841797,211.72103881835938,117.86039733886719,116.12763977050781,44.67045211791992,False
1226,40.86666666666667,0.8782021999359131,12.06524483859539,69,69,0,single,145.16136596035605,STOPPED,False,,0.4108133813333336,,,30.594276235991472,10.707996682597015,2.0721696807861325,214.4913787841797,211.81658935546875,117.86039733886719,115.56428527832031,44.34586715698242,False
1227,40.9,0.8885876536369324,11.73973735421896,69,69,0,single,145.16136596035605,STOPPED,False,,0.4108133813333336,,,30.594276235991472,10.707996682597015,2.094588757324219,214.4913787841797,209.85728454589844,117.86039733886719,115.12256622314453,41.96909713745117,False
1228,40.93333333333333,0.8839419484138489,12.33988394960761,69,69,0,single,145.16136596035605,STOPPED,False,,0.4108133813333336,,,30.594276235991472,10.707996682597015,2.3320137908935545,214.4913787841797,208.81881713867188,117.86039733886719,114.96766662597656,42.101741790771484,False
1229,40.96666666666667,0.8952004909515381,11.500920169055462,69,69,0,single,145.16136596035605,STOPPED,False,,0.4108133813333336,,,30.594276235991472,10.707996682597015,2.401883940124512,214.4913787841797,208.0129852294922,117.86039733886719,114.97770690917969,43.12495040893555,False
1230,41.0,0.8885868787765503,12.190431822091341,69,69,0,single,145.16136596035605,STOPPED,False,,0.4108133813333336,,,30.594276235991472,10.707996682597015,2.408930905151367,214.42276000976562,207.81646728515625,117.86039733886719,114.72557067871094,44.60081481933594,False
1231,41.03333333333333,0.8844484090805054,11.014712043106556,69,69,0,single,145.16136596035605,STOPPED,False,,0.4108133813333336,,,30.594276235991472,10.707996682597015,2.530143228149414,214.13897705078125,209.99911499023438,117.86039733886719,114.79956817626953,42.553218841552734,False
1232,41.06666666666667,0.8750424981117249,12.31590611860156,69,69,0,single,145.16136596035605,STOPPED,False,,0.4108133813333336,,,30.594276235991472,10.707996682597015,2.419880282592773,214.13897705078125,211.24880981445312,117.86039733886719,114.91217041015625,43.725250244140625,False
1233,41.1,0.8875430226325989,11.342692654579878,69,69,0,single,145.16136596035605,STOPPED,False,,0.4108133813333336,,,30.594276235991472,10.707996682597015,2.5513859252929687,213.8393096923828,213.48019409179688,117.86039733886719,115.04515075683594,43.831851959228516,False
1234,41.13333333333333,0.8891711831092834,12.194993905723095,69,69,0,single,145.16136596035605,STOPPED,False,,0.4108133813333336,,,30.594276235991472,10.707996682597015,2.5513859252929687,213.8393096923828,214.49734497070312,117.86039733886719,115.0042724609375,44.00895309448242,False
1235,41.166666666666664,0.8825215101242065,11.056771036237478,69,69,0,single,145.16136596035605,STOPPED,False,,0.4108133813333336,,,30.594276235991472,10.707996682597015,2.5513859252929687,213.8393096923828,214.68826293945312,117.86039733886719,115.15778350830078,45.6444091796875,False
1236,41.2,0.8871774673461914,11.937448754906654,69,69,0,single,145.16136596035605,STOPPED,False,,0.4108133813333336,,,30.594276235991472,10.707996682597015,2.5513859252929687,213.8393096923828,215.580078125,117.86039733886719,115.252685546875,43.85228729248047,False
1237,41.233333333333334,0.9032495617866516,11.489856988191605,69,69,0,single,145.16136596035605,STOPPED,False,,0.4108133813333336,,,30.594276235991472,10.707996682597015,2.419880282592773,214.13897705078125,215.75357055664062,117.86039733886719,114.76973724365234,44.62785339355469,False
1238,41.266666666666666,0.897232174873352,12.37202575430274,69,69,0,single,145.16136596035605,STOPPED,False,,0.4108133813333336,,,30.594276235991472,10.707996682597015,2.4182966949462887,214.43173217773438,215.85702514648438,117.86039733886719,114.24826049804688,44.713478088378906,False
1239,41.3,0.8997219800949097,11.044420767575502,69,69,0,single,145.16136596035605,STOPPED,False,,0.4108133813333336,,,30.594276235991472,10.707996682597015,2.5622900573730467,214.53587341308594,214.5615692138672,117.86039733886719,113.68092346191406,41.806644439697266,False
1240,41.333333333333336,0.8999053239822388,12.084237299859524,69,69,0,single,145.16136596035605,STOPPED,False,,0.4108133813333336,,,30.594276235991472,10.707996682597015,2.639207171630859,214.53587341308594,214.3346710205078,117.86039733886719,113.54521179199219,40.883811950683594,False
1241,41.36666666666667,0.8967280387878418,11.021701153367758,69,69,0,single,145.16136596035605,STOPPED,False,,0.4108133813333336,,,30.594276235991472,10.707996682597015,2.8177453674316406,214.63758850097656,215.8751983642578,117.86039733886719,113.56922912597656,37.566497802734375,False
1242,41.4,0.8967974185943604,12.030342128127813,69,69,0,single,145.16136596035605,STOPPED,False,,0.4108133813333336,,,30.594276235991472,10.707996682597015,2.307694409179687,215.07919311523438,215.33981323242188,117.86039733886719,113.76557159423828,34.75225067138672,False
1243,41.43333333333333,0.886797308921814,11.187891941517591,69,69,0,single,145.16136596035605,STOPPED,False,,0.4108133813333336,,,30.594276235991472,10.707996682597015,2.307694409179687,215.07919311523438,214.46685791015625,117.86039733886719,113.68205261230469,32.95005416870117,False
1244,41.46666666666667,0.9108419418334961,11.957782786339521,69,69,0,single,145.16136596035605,STOPPED,False,,0.4108133813333336,,,30.594276235991472,10.707996682597015,2.307694409179687,215.07919311523438,213.56622314453125,117.86039733886719,113.6475601196289,29.669532775878906,False
1245,41.5,0.9096447825431824,11.246709153056145,69,69,0,single,145.16136596035605,STOPPED,False,,0.4108133813333336,,,30.594276235991472,10.707996682597015,2.307694409179687,215.07919311523438,212.92135620117188,117.86039733886719,113.49555969238281,27.27085304260254,False
1246,41.53333333333333,0.9101542830467224,12.395907193422318,69,69,0,single,145.16136596035605,STOPPED,False,,0.4108133813333336,,,30.594276235991472,10.707996682597015,2.307694409179687,215.07919311523438,212.6445770263672,117.86039733886719,113.55035400390625,27.454805374145508,False
1247,41.56666666666667,0.9091792106628418,11.257408186793327,69,69,0,single,145.16136596035605,STOPPED,False,,0.4108133813333336,,,30.594276235991472,10.707996682597015,2.307694409179687,215.07919311523438,213.24400329589844,117.86039733886719,113.30366516113281,28.76529884338379,False
1248,41.6,0.9056072235107422,12.426768895238638,69,69,0,single,145.16136596035605,STOPPED,False,,0.4108133813333336,,,30.594276235991472,10.707996682597015,2.307694409179687,215.07919311523438,213.11904907226562,117.86039733886719,112.99998474121094,29.06974220275879,False
1249,41.63333333333333,0.9016818404197693,11.102402117103338,69,69,0,single,145.16136596035605,STOPPED,False,,0.4108133813333336,,,30.594276235991472,10.707996682597015,2.4593116149902343,215.07919311523438,212.1728515625,117.47757720947266,112.85923767089844,30.198183059692383,False
1250,41.666666666666664,0.9119701385498047,11.848210822790861,69,69,0,single,145.16136596035605,STOPPED,False,,0.4108133813333336,,,30.594276235991472,10.707996682597015,2.513877520751953,215.07919311523438,213.30328369140625,116.92107391357422,112.32133483886719,30.434471130371094,False
1251,41.7,0.8921149373054504,10.949227958917618,69,69,0,single,145.16136596035605,STOPPED,False,,0.4108133813333336,,,30.594276235991472,10.707996682597015,2.7469137542724607,215.095947265625,214.73016357421875,116.68657684326172,111.82737731933594,30.158700942993164,False
1252,41.733333333333334,0.8975120782852173,12.637009844183922,69,69,0,single,145.16136596035605,STOPPED,False,,0.4108133813333336,,,30.594276235991472,10.707996682597015,2.4797172729492187,215.3619384765625,215.37669372558594,116.62432861328125,111.4661636352539,29.321311950683594,False
1253,41.766666666666666,0.9284923076629639,11.025350075215101,69,69,0,single,145.16136596035605,STOPPED,False,,0.4108133813333336,,,30.594276235991472,10.707996682597015,2.542155871582031,215.42166137695312,215.45164489746094,116.59646606445312,111.28619384765625,29.528249740600586,False
1254,41.8,0.9243063926696777,12.088673654943705,69,69,0,single,145.16136596035605,STOPPED,False,,0.4108133813333336,,,30.594276235991472,10.707996682597015,2.5366359375,215.52870178222656,215.7730712890625,116.54098510742188,111.40220642089844,30.209192276000977,False
1255,41.833333333333336,0.9230116009712219,11.47059304639697,69,69,0,single,145.16136596035605,STOPPED,False,,0.4108133813333336,,,30.594276235991472,10.707996682597015,2.514691937255859,215.52870178222656,215.11331176757812,116.44832611083984,111.50630187988281,30.180217742919922,False
1256,41.86666666666667,0.9213248491287231,12.168897781521082,69,69,0,single,145.16136596035605,STOPPED,False,,0.4108133813333336,,,30.594276235991472,10.707996682597015,2.466460382080078,215.52870178222656,214.56646728515625,116.36751556396484,111.25790405273438,29.839181900024414,False
1257,41.9,0.9165840744972229,11.102494783699512,69,69,0,single,145.16136596035605,STOPPED,False,,0.4108133813333336,,,30.594276235991472,10.707996682597015,2.455013305664062,215.52870178222656,215.12835693359375,116.36751556396484,111.178955078125,27.729379653930664,False
1258,41.93333333333333,0.9095926880836487,11.904450133442879,69,69,0,single,145.16136596035605,STOPPED,False,,0.4108133813333336,,,30.594276235991472,10.707996682597015,2.3160195556640626,215.52870178222656,214.9165802001953,116.36751556396484,110.82359313964844,26.421390533447266,False
1259,41.96666666666667,0.9104809165000916,11.084750294685364,69,69,0,single,145.16136596035605,STOPPED,False,,0.4108133813333336,,,30.594276235991472,10.707996682597015,1.802281100463867,215.52870178222656,214.9253692626953,116.36751556396484,110.76383972167969,25.276294708251953,False
1260,42.0,0.9101403951644897,12.227881699800491,69,69,0,single,145.16136596035605,STOPPED,False,,0.4108133813333336,,,30.594276235991472,10.707996682597015,1.7251151367187498,215.52870178222656,214.5872802734375,116.36751556396484,111.02053833007812,25.681188583374023,False
1261,42.03333333333333,0.9136724472045898,11.50105008855462,69,69,0,single,145.16136596035605,STOPPED,False,,0.4108133813333336,,,30.594276235991472,10.707996682597015,1.6710582412719726,215.52870178222656,213.96453857421875,116.36751556396484,111.15284729003906,27.06886100769043,False
1262,42.06666666666667,0.9142937660217285,13.4249166585505,69,69,0,single,145.16136596035605,STOPPED,False,,0.4108133813333336,,,30.594276235991472,10.707996682597015,1.6170239685058594,215.52870178222656,213.57296752929688,116.36751556396484,111.39514923095703,27.82210922241211,False
1263,42.1,0.9223019480705261,11.116595938801765,69,69,0,single,145.16136596035605,STOPPED,False,,0.4108133813333336,,,30.594276235991472,10.707996682597015,1.5925801620483397,215.52870178222656,214.63412475585938,116.36751556396484,111.6065673828125,28.525367736816406,False
1264,42.13333333333333,0.9357520341873169,11.853260919451714,69,69,0,single,145.16136596035605,STOPPED,False,,0.4108133813333336,,,30.594276235991472,10.707996682597015,1.4628277770996092,215.52870178222656,215.0028076171875,116.3019790649414,111.55844116210938,29.606555938720703,False
1265,42.166666666666664,0.909174919128418,11.102092918008566,69,69,0,single,145.16136596035605,STOPPED,False,,0.4108133813333336,,,30.594276235991472,10.707996682597015,1.5566440338134764,215.65185546875,215.69970703125,115.90229797363281,111.77899169921875,28.106990814208984,False
1266,42.2,0.891610324382782,12.345940805971622,69,69,0,single,145.16136596035605,STOPPED,False,,0.4108133813333336,,,30.594276235991472,10.707996682597015,1.5566440338134764,215.73202514648438,216.83294677734375,115.43964385986328,111.87881469726562,29.006702423095703,False
1267,42.233333333333334,0.9003168940544128,11.168825905770063,69,69,0,unknown,0.0,STOPPED,False,,,,,,,,,,,,0.0,False
1268,42.266666666666666,0.8971940875053406,12.169911060482264,69,69,0,unknown,0.0,STOPPED,False,,,,,,,,,,,,0.0,False
1269,42.3,0.9102717638015747,11.208718176931143,69,69,0,unknown,0.0,STOPPED,False,,,,,,,,,,,,0.0,False
1270,42.333333333333336,0.9275498390197754,12.029490899294615,69,69,0,unknown,0.0,STOPPED,False,,,,,,,,,,,,0.0,False
1271,42.36666666666667,0.8889715075492859,11.014403775334358,69,69,0,unknown,0.0,STOPPED,False,,,,,,,,,,,,0.0,False
1272,42.4,0.8845970630645752,12.072923127561808,69,69,0,unknown,0.0,STOPPED,False,,,,,,,,,,,,0.0,False
1273,42.43333333333333,0.8713407516479492,11.047418229281902,69,69,0,single,145.16136596035605,STOPPED,False,,0.4108133813333336,,,30.594276235991472,10.707996682597015,1.5566440338134764,215.76527404785156,218.62249755859375,115.2147216796875,112.81635284423828,29.83342170715332,False
1274,42.46666666666667,0.8661645650863647,12.306428980082273,69,69,0,unknown,0.0,STOPPED,False,,,,,,,,,,,,0.0,False
1275,42.5,0.8717916011810303,11.330579873174429,69,69,0,unknown,0.0,STOPPED,False,,,,,,,,,,,,0.0,False
1276,42.53333333333333,0.8767715096473694,12.00505206361413,69,69,0,unknown,0.0,STOPPED,False,,,,,,,,,,,,0.0,False
1277,42.56666666666667,0.8422240018844604,11.381180956959724,69,69,0,unknown,0.0,STOPPED,False,,,,,,,,,,,,0.0,False
1278,42.6,0.7928551435470581,11.92523492500186,69,69,0,single,145.16136596035605,STOPPED,False,,0.4108133813333336,,,30.594276235991472,10.707996682597015,1.5621639678955077,215.8234405517578,217.18630981445312,115.1436996459961,111.2887954711914,30.65022087097168,False
1279,42.63333333333333,0.4653850793838501,11.308205779641867,69,69,0,single,145.16136596035605,STOPPED,False,,0.4108133813333336,,,30.594276235991472,10.707996682597015,1.4933910186767578,215.8234405517578,214.06951904296875,115.09159851074219,108.66373443603516,29.226585388183594,False
1280,42.666666666666664,0.7639830112457275,12.097347062081099,69,69,0,single,145.16136596035605,STOPPED,False,,0.4108133813333336,,,30.594276235991472,10.707996682597015,1.4933910186767578,215.8234405517578,211.54849243164062,115.02880096435547,106.51167297363281,32.46847915649414,False
1281,42.7,0.8116047382354736,11.417776811867952,69,69,0,unknown,0.0,STOPPED,False,,,,,,,,,,,,0.0,False
1282,42.733333333333334,0.8045549988746643,12.151045724749565,69,69,0,single,145.16136596035605,STOPPED,False,,0.4108133813333336,,,30.594276235991472,10.707996682597015,1.4933910186767578,215.8234405517578,210.54840087890625,114.99364471435547,105.5999526977539,33.843902587890625,False
1283,42.766666666666666,0.814372181892395,11.271470692008734,69,69,0,single,145.16136596035605,STOPPED,False,,0.4108133813333336,,,30.594276235991472,10.707996682597015,1.4933910186767578,215.8234405517578,210.43133544921875,114.97369384765625,106.22290802001953,34.748294830322266,False
1284,42.8,0.7847314476966858,12.16408982872963,69,69,0,single,145.16136596035605,STOPPED,False,,0.4108133813333336,,,30.594276235991472,10.707996682597015,1.5027794311523437,215.8234405517578,212.10000610351562,114.95149230957031,108.25511932373047,35.50277328491211,False
1285,42.833333333333336,0.8828036189079285,11.567164212465286,69,69,0,single,145.16136596035605,STOPPED,False,,0.4108133813333336,,,30.594276235991472,10.707996682597015,1.4933910186767578,215.8234405517578,215.39308166503906,114.86712646484375,111.83065032958984,36.00666809082031,False
1286,42.86666666666667,0.8193386793136597,13.054699636995792,69,69,0,single,145.16136596035605,STOPPED,False,,0.4108133813333336,,,30.594276235991472,10.707996682597015,1.5138192993164061,215.86793518066406,223.09133911132812,114.9674301147461,116.6162109375,35.7475471496582,False
1287,42.9,0.890521228313446,11.548110749572515,69,69,0,single,145.16136596035605,STOPPED,False,,0.4108133813333336,,,30.594276235991472,10.707996682597015,1.5765519927978515,216.44984436035156,229.196533203125,115.02880096435547,121.13785552978516,35.57908630371094,False
1288,42.93333333333333,0.9046068787574768,12.615352869033813,69,69,0,single,145.16136596035605,STOPPED,False,,0.4108133813333336,,,30.594276235991472,10.707996682597015,1.4374451293945312,217.0449676513672,234.10528564453125,115.11273193359375,123.26966857910156,36.026214599609375,False
1289,42.96666666666667,0.9036986827850342,11.536451987922192,69,69,0,single,145.16136596035605,STOPPED,False,,0.4108133813333336,,,30.594276235991472,10.707996682597015,1.2483873870849609,218.0480194091797,235.97540283203125,115.2147216796875,123.91819763183594,35.90045166015625,False
1290,43.0,0.8932334780693054,13.494347222149372,69,69,0,unknown,0.0,STOPPED,False,,,,,,,,,,,,0.0,False
1291,43.03333333333333,0.90537029504776,14.035248197615147,69,69,0,single,145.16136596035605,STOPPED,False,,0.4108133813333336,,,30.594276235991472,10.707996682597015,0.7529619918823242,221.30380249023438,228.875,116.07080078125,117.58333587646484,37.03239440917969,False
1292,43.06666666666667,0.9116052389144897,16.06056373566389,69,69,0,single,145.16136596035605,STOPPED,False,,0.4108133813333336,,,30.594276235991472,10.707996682597015,0.7937619964599609,221.30380249023438,218.5843505859375,116.07080078125,108.51490783691406,37.17234802246094,False
1293,43.1,0.9128698706626892,11.354045011103153,69,69,0,unknown,0.0,STOPPED,False,,,,,,,,,,,,0.0,False
1294,43.13333333333333,0.9121076464653015,12.130489107221365,69,69,0,unknown,0.0,STOPPED,False,,,,,,,,,,,,0.0,False
1295,43.166666666666664,0.895524799823761,11.207753792405128,69,69,0,single,145.16136596035605,STOPPED,False,,0.4108133813333336,,,30.594276235991472,10.707996682597015,1.4369021850585937,221.30380249023438,203.20025634765625,115.87761688232422,97.76919555664062,37.40993118286133,True
1296,43.2,0.895871639251709,12.916172854602337,69,69,0,single,145.16136596035605,STOPPED,False,,0.4108133813333336,,,30.594276235991472,10.707996682597015,1.1703843841552735,221.30380249023438,194.69424438476562,115.66902923583984,91.169677734375,36.410987854003906,True
1297,43.233333333333334,0.8730769157409668,11.150008998811245,69,69,0,single,145.16136596035605,STOPPED,False,,0.4108133813333336,,,30.594276235991472,10.707996682597015,0.9807384521484375,221.30380249023438,191.22537231445312,115.4759521484375,89.29908752441406,33.234439849853516,True
1298,43.266666666666666,0.842681884765625,12.148875743150711,69,69,0,single,145.16136596035605,STOPPED,False,,0.4108133813333336,,,30.594276235991472,10.707996682597015,1.0636505767822264,221.30380249023438,197.84893798828125,115.4759521484375,92.3863525390625,29.944677352905273,True
1299,43.3,0.8601735830307007,13.78554292023182,69,69,0,unknown,0.0,STOPPED,False,,,,,,,,,,,,0.0,False
1300,43.333333333333336,0.8555973768234253,16.702360939234495,69,69,0,single,145.16136596035605,STOPPED,False,,0.4108133813333336,,,30.594276235991472,10.707996682597015,1.1465627014160156,221.30380249023438,207.40818786621094,115.4759521484375,103.19526672363281,27.533029556274414,True
1301,43.36666666666667,0.8517968654632568,11.699830181896687,69,69,0,single,0.0,STOPPED,False,4.799999999999997,,30.07843017578125,26.176864624023438,30.594276235991472,10.707996682597015,0.9807384521484375,221.30380249023438,213.8988037109375,115.4759521484375,110.31028747558594,26.953157424926758,False
1302,43.4,0.8914331197738647,14.843967743217945,69,69,0,single,0.0,STOPPED,False,,,,,30.594276235991472,10.707996682597015,2.682936813354492,223.1141357421875,223.12933349609375,116.49292755126953,116.30799865722656,30.685848236083984,False
1303,43.43333333333333,0.905182957649231,15.650858171284199,69,69,0,single,0.0,STOPPED,False,,,,,30.594276235991472,25.49110673427582,8.754796435546874,223.572509765625,223.86795043945312,117.19648742675781,117.69773864746094,32.18449020385742,False
1304,43.46666666666667,0.9029849767684937,15.081989113241434,69,69,0,single,0.0,STOPPED,False,,,,,30.594276235991472,24.884632012939456,8.294877337646485,223.572509765625,222.1175537109375,117.19648742675781,113.73783111572266,31.330230712890625,False
1305,43.5,0.8972447514533997,14.240636955946684,69,69,0,single,0.0,STOPPED,False,,,,,30.594276235991472,23.50487471923828,7.8349582397460935,223.572509765625,215.95620727539062,117.19648742675781,106.13581848144531,32.93415069580078,False
1306,43.53333333333333,0.892998218536377,12.460182420909405,69,69,0,single,0.0,STOPPED,False,,,,,30.594276235991472,23.50487471923828,7.8349582397460935,223.572509765625,210.82626342773438,117.19648742675781,101.03795623779297,35.520713806152344,False
1307,43.56666666666667,0.896087646484375,14.68484802171588,69,69,0,single,0.0,STOPPED,False,,,,,30.594276235991472,23.50487471923828,7.8349582397460935,223.572509765625,203.71762084960938,117.19648742675781,95.62104034423828,33.92958068847656,False
1308,43.6,0.8943138718605042,12.310187332332134,69,69,0,single,0.0,STOPPED,False,,,,,30.594276235991472,23.50487471923828,7.8349582397460935,223.572509765625,198.01217651367188,117.19648742675781,91.06297302246094,33.76370620727539,True
1309,43.63333333333333,0.8775898218154907,14.5345120690763,69,69,0,unknown,0.0,STOPPED,False,,,,,,,,,,,,0.0,False
1310,43.666666666666664,0.8598254323005676,12.641905806958675,69,69,0,single,0.0,STOPPED,False,,,,,30.594276235991472,23.50487471923828,7.8349582397460935,223.572509765625,199.18051147460938,117.19648742675781,90.98008728027344,38.256446838378906,True
1311,43.7,0.8509177565574646,11.254334822297096,70,70,0,single,0.0,JUMPING,True,,,25.560333251953125,26.216400146484375,29.335790489981886,23.50487471923828,7.8349582397460935,223.572509765625,203.58094787597656,117.19648742675781,94.87753295898438,37.31578063964844,False
1312,43.733333333333334,0.8481125235557556,12.333643157035112,70,70,0,single,0.0,JUMPING,False,,,,,29.335790489981886,23.50487471923828,7.8349582397460935,223.572509765625,206.7366943359375,117.19648742675781,97.468017578125,36.50890350341797,False
1313,43.766666666666666,0.8745360970497131,11.234926991164684,70,70,0,single,0.0,JUMPING,False,,,,,29.335790489981886,23.50487471923828,7.8349582397460935,223.572509765625,210.40809631347656,117.19648742675781,103.52156066894531,33.11052703857422,False
1314,43.8,0.8808059692382812,11.922524310648441,70,70,0,single,0.0,JUMPING,False,,,,,29.335790489981886,15.839858056640626,5.279952685546875,223.572509765625,219.02426147460938,117.19648742675781,112.28521728515625,32.17316818237305,False
1315,43.833333333333336,0.8806135058403015,11.108441278338432,70,70,0,single,0.0,JUMPING,False,,,,,29.335790489981886,15.176515814208983,5.058838604736327,226.87217712402344,229.91561889648438,117.6519775390625,118.1824722290039,36.06206512451172,False
1316,43.86666666666667,0.8910287618637085,12.436233926564455,70,70,0,single,0.0,JUMPING,False,,,,,29.335790489981886,21.94832117614746,7.31610705871582,228.52163696289062,227.9915771484375,117.97602844238281,118.16155242919922,33.128753662109375,False
1317,43.9,0.9121096134185791,11.124153155833483,70,70,0,single,0.0,JUMPING,False,,,,,29.335790489981886,21.62628731689453,7.208762438964843,228.52163696289062,221.88710021972656,117.97602844238281,112.48290252685547,34.1800537109375,False
1318,43.93333333333333,0.9103398323059082,12.551961932331324,70,70,0,single,0.0,JUMPING,False,,,,,29.335790489981886,21.62628731689453,7.208762438964843,228.52163696289062,216.43873596191406,117.97602844238281,108.24809265136719,34.45937728881836,False
1319,43.96666666666667,0.8934653401374817,11.464965995401144,70,70,0,single,0.0,JUMPING,False,,,,,29.335790489981886,21.62628731689453,7.208762438964843,228.52163696289062,210.99273681640625,117.97602844238281,101.70423889160156,36.1834716796875,False
1320,44.0,0.8863610625267029,12.41891784593463,70,70,0,single,0.0,JUMPING,False,,,,,29.335790489981886,21.62628731689453,7.208762438964843,228.52163696289062,202.53579711914062,117.97602844238281,95.1632080078125,34.974571228027344,True
1321,44.03333333333333,0.8849037289619446,11.207884177565575,70,70,0,single,0.0,JUMPING,False,,,,,29.335790489981886,21.62628731689453,7.208762438964843,228.52163696289062,196.99038696289062,117.97602844238281,90.990966796875,33.627140045166016,True
1322,44.06666666666667,0.8705345392227173,12.873439118266106,70,70,0,single,0.0,JUMPING,False,,,,,29.335790489981886,21.62628731689453,7.208762438964843,228.52163696289062,193.86257934570312,117.97602844238281,89.8690185546875,33.461788177490234,True
1323,44.1,0.8378210067749023,11.260215193033218,70,70,0,unknown,0.0,JUMPING,False,,,,,,,,,,,,0.0,False
1324,44.13333333333333,0.8547636866569519,16.56567770987749,70,70,0,unknown,0.0,JUMPING,False,,,,,,,,,,,,0.0,False
1325,44.166666666666664,0.7871609926223755,12.557483278214931,70,70,0,unknown,0.0,JUMPING,False,,,,,,,,,,,,0.0,False
1326,44.2,0.8486601114273071,11.862762738019228,70,70,0,single,0.0,JUMPING,False,,,,,29.335790489981886,21.62628731689453,7.208762438964843,228.52163696289062,203.24151611328125,117.97602844238281,100.97215270996094,31.947298049926758,True
1327,44.233333333333334,0.8884379863739014,11.160528287291527,71,71,0,single,112.50010728846291,JUMPING,True,0.5333333333333314,0.5333333333333314,34.6590576171875,28.107009887695312,30.66660727178329,21.62628731689453,7.208762438964843,228.52163696289062,214.16006469726562,117.97602844238281,110.61093139648438,35.51156234741211,False
1328,44.266666666666666,0.8913688659667969,12.436277233064175,71,71,0,single,112.50010728846291,JUMPING,False,,0.5333333333333314,,,30.66660727178329,15.092020101928709,5.03067336730957,228.52163696289062,225.12167358398438,117.97602844238281,116.1482925415039,37.73017501831055,False
1329,44.3,0.8998531699180603,11.281115002930164,71,71,0,single,112.50010728846291,JUMPING,False,,0.5333333333333314,,,30.66660727178329,13.361724371337889,4.453908123779296,228.52163696289062,225.079833984375,117.97602844238281,114.78040313720703,36.767364501953125,False
1330,44.333333333333336,0.8815922141075134,12.171839829534292,71,71,0,single,112.50010728846291,JUMPING,False,,0.5333333333333314,,,30.66660727178329,13.06324072265625,4.35441357421875,228.52163696289062,225.42869567871094,117.97602844238281,113.15267181396484,36.928653717041016,False
1331,44.36666666666667,0.8996737003326416,11.564559303224087,71,71,0,single,112.50010728846291,JUMPING,False,,0.5333333333333314,,,30.66660727178329,13.06324072265625,4.35441357421875,228.52163696289062,217.72994995117188,117.97602844238281,106.8251724243164,33.82981872558594,False
1332,44.4,0.9195923805236816,12.28070817887783,71,71,0,unknown,0.0,JUMPING,False,,,,,,,,,,,,0.0,False
1333,44.43333333333333,0.8862132430076599,11.175454128533602,71,71,0,single,112.50010728846291,JUMPING,False,,0.5333333333333314,,,30.66660727178329,13.06324072265625,4.35441357421875,228.52163696289062,206.19570922851562,117.97602844238281,98.40485382080078,33.79726028442383,True
1334,44.46666666666667,0.882955014705658,12.204949744045734,71,71,0,single,112.50010728846291,JUMPING,False,,0.5333333333333314,,,30.66660727178329,13.06324072265625,4.35441357421875,228.52163696289062,198.51681518554688,117.97602844238281,93.2532958984375,35.01984405517578,True
1335,44.5,0.8704309463500977,10.928643867373466,71,71,0,single,112.50010728846291,JUMPING,False,,0.5333333333333314,,,30.66660727178329,13.06324072265625,4.35441357421875,228.52163696289062,197.40899658203125,117.97602844238281,91.88676452636719,34.088653564453125,True
1336,44.53333333333333,0.8568956851959229,11.801814194768667,71,71,0,single,112.50010728846291,JUMPING,False,,0.5333333333333314,,,30.66660727178329,13.06324072265625,4.35441357421875,228.52163696289062,196.1316680908203,117.97602844238281,91.18515014648438,34.903804779052734,True
1337,44.56666666666667,0.8777302503585815,11.223217938095331,71,71,0,unknown,0.0,JUMPING,False,,,,,,,,,,,,0.0,False
1338,44.6,0.8723205327987671,12.270151637494564,71,71,0,unknown,0.0,JUMPING,False,,,,,,,,,,,,0.0,False
1339,44.63333333333333,0.8488353490829468,11.205581948161125,71,71,0,single,112.50010728846291,JUMPING,False,,0.5333333333333314,,,30.66660727178329,13.06324072265625,4.35441357421875,228.52163696289062,208.33154296875,117.97602844238281,103.81427001953125,33.29691696166992,True
1340,44.666666666666664,0.854074239730835,12.189500965178013,72,72,0,single,124.13786571746526,JUMPING,True,0.43333333333333,0.5113333333333312,32.38996887207031,26.790878295898438,31.097447671855043,13.06324072265625,4.35441357421875,228.52163696289062,218.93299865722656,117.97602844238281,112.8558120727539,34.03826904296875,False
1341,44.7,0.8954055309295654,11.17659779265523,72,72,0,single,124.13786571746526,JUMPING,False,,0.5113333333333312,,,31.097447671855043,12.764757073974607,4.254919024658203,228.52163696289062,223.79583740234375,117.97602844238281,114.96199798583984,34.309207916259766,False
1342,44.733333333333334,0.8911558985710144,12.10353896021843,72,72,0,single,124.13786571746526,JUMPING,False,,0.5113333333333312,,,31.097447671855043,12.185706939697264,4.061902313232421,228.52163696289062,225.25186157226562,117.97602844238281,115.75154113769531,34.60578918457031,False
1343,44.766666666666666,0.8893694281578064,11.110307648777962,72,72,0,single,124.13786571746526,JUMPING,False,,0.5113333333333312,,,31.097447671855043,13.175630200195311,4.391876733398437,226.96641540527344,221.4412384033203,117.6519775390625,110.804443359375,30.377117156982422,False
1344,44.8,0.9298548102378845,11.964538134634495,72,72,0,unknown,0.0,JUMPING,False,,,,,,,,,,,,0.0,False
1345,44.833333333333336,0.9041407704353333,11.32806297391653,72,72,0,single,124.13786571746526,JUMPING,False,,0.5113333333333312,,,31.097447671855043,10.884106685149264,3.213868505859375,225.3579559326172,210.19000244140625,117.07319641113281,100.59098815917969,37.51588821411133,True
1346,44.86666666666667,0.888012707233429,12.381713837385178,72,72,0,single,124.13786571746526,JUMPING,False,,0.5113333333333312,,,31.097447671855043,10.884106685149264,2.7125159683227538,225.1997833251953,202.79257202148438,116.2441177368164,93.27537536621094,39.8548698425293,True
1347,44.9,0.8938175439834595,11.747852899134159,72,72,0,single,124.13786571746526,JUMPING,False,,0.5113333333333312,,,31.097447671855043,10.884106685149264,2.488223400878906,225.1049346923828,198.4690399169922,115.98959350585938,89.83427429199219,38.1092643737793,True
1348,44.93333333333333,0.8718170523643494,11.899883858859539,72,72,0,single,124.13786571746526,JUMPING,False,,0.5113333333333312,,,31.097447671855043,10.884106685149264,2.454549540710449,225.1049346923828,198.2560577392578,115.98959350585938,90.49916076660156,37.02957534790039,True
1349,44.96666666666667,0.870586633682251,10.864106006920338,72,72,0,single,124.13786571746526,JUMPING,False,,0.5113333333333312,,,31.097447671855043,10.884106685149264,2.454549540710449,225.1049346923828,198.17872619628906,115.98959350585938,91.25543975830078,35.898712158203125,True
1350,45.0,0.884399950504303,12.181031052023172,72,72,0,unknown,0.0,JUMPING,False,,,,,,,,,,,,0.0,False
1351,45.03333333333333,0.8755587935447693,11.254745069891214,72,72,0,unknown,0.0,JUMPING,False,,,,,,,,,,,,0.0,False
1352,45.06666666666667,0.8985933065414429,12.418652884662151,72,72,0,unknown,0.0,JUMPING,False,,,,,,,,,,,,0.0,False
1353,45.1,0.8852211833000183,11.072442401200533,72,72,0,single,124.13786571746526,JUMPING,False,,0.5113333333333312,,,31.097447671855043,10.884106685149264,2.454549540710449,225.1049346923828,212.51141357421875,115.98959350585938,104.36181640625,33.21302795410156,True
1354,45.13333333333333,0.8869116306304932,11.898561846464872,73,73,0,single,125.58130883351247,JUMPING,True,0.46666666666666856,0.5015066666666654,26.92620849609375,26.155319213867188,30.054637877914722,10.884106685149264,2.488223400878906,225.1049346923828,219.90087890625,115.98959350585938,112.77711486816406,31.67167854309082,False
1355,45.166666666666664,0.879986584186554,11.077823117375374,73,73,0,single,125.58130883351247,JUMPING,False,,0.5015066666666654,,,30.054637877914722,10.519123257270152,2.7838679031372067,225.1049346923828,220.0873565673828,115.98959350585938,113.05513000488281,32.17719268798828,False
1356,45.2,0.872690737247467,12.05229526385665,73,73,0,single,125.58130883351247,JUMPING,False,,0.5015066666666654,,,30.054637877914722,10.519123257270152,2.7838679031372067,225.1049346923828,216.7081756591797,115.98959350585938,108.02212524414062,29.051355361938477,False
1357,45.233333333333334,0.8894176483154297,11.130512226372957,73,73,0,single,125.58130883351247,JUMPING,False,,0.5015066666666654,,,30.054637877914722,10.519123257270152,2.7838679031372067,225.1049346923828,207.51577758789062,115.98959350585938,100.7921142578125,29.316770553588867,True
1358,45.266666666666666,0.8990700840950012,12.007793877273798,73,73,0,single,125.58130883351247,JUMPING,False,,0.5015066666666654,,,30.054637877914722,10.519123257270152,2.829893746948242,225.1049346923828,198.60745239257812,115.43572235107422,94.92587280273438,30.853294372558594,True
1359,45.3,0.8867833614349365,12.097950093448162,73,73,0,single,125.58130883351247,JUMPING,False,,0.5015066666666654,,,30.054637877914722,10.601700773620605,3.533900257873535,225.1049346923828,193.71282958984375,114.88935852050781,92.24026489257812,32.780548095703125,True
1360,45.333333333333336,0.8777448534965515,11.983097065240145,73,73,0,single,125.58130883351247,JUMPING,False,,0.5015066666666654,,,30.054637877914722,10.519123257270152,3.490928475952148,225.1049346923828,194.76695251464844,114.88935852050781,92.18673706054688,33.1124153137207,True
1361,45.36666666666667,0.8744346499443054,11.545822024345398,73,73,0,single,125.58130883351247,JUMPING,False,,0.5015066666666654,,,30.054637877914722,10.519123257270152,3.490928475952148,225.1049346923828,197.15972900390625,114.88935852050781,92.68402099609375,34.32413864135742,True
1362,45.4,0.8744610548019409,12.062899768352509,73,73,0,unknown,0.0,JUMPING,False,,,,,,,,,,,,0.0,False
1363,45.43333333333333,0.8843774199485779,11.043654289096594,73,73,0,single,125.58130883351247,JUMPING,False,,0.5015066666666654,,,30.054637877914722,10.519123257270152,3.490928475952148,225.1049346923828,204.93128967285156,114.88935852050781,100.57794189453125,33.392330169677734,True
1364,45.46666666666667,0.8801761865615845,12.058703228831291,74,74,0,single,135.84907615936223,JUMPING,True,0.3333333333333357,0.4645085333333329,31.392105102539062,22.702621459960938,30.389004684070805,10.519123257270152,3.490928475952148,225.1049346923828,216.082763671875,114.88935852050781,109.66627502441406,28.748598098754883,False
1365,45.5,0.8982973694801331,11.076366063207388,74,74,0,single,135.84907615936223,JUMPING,False,,0.4645085333333329,,,30.389004684070805,11.114240226745604,3.7047467422485347,225.1049346923828,221.8743896484375,115.37700653076172,115.6536865234375,29.1519718170166,False
1366,45.53333333333333,0.9028282165527344,12.521511875092983,74,74,0,single,135.84907615936223,JUMPING,False,,0.4645085333333329,,,30.389004684070805,10.636151639424781,2.848738439941406,225.1997833251953,225.3827362060547,115.71240234375,119.07972717285156,29.51166343688965,False
1367,45.56666666666667,0.8867307305335999,11.066441889852285,74,74,0,single,135.84907615936223,JUMPING,False,,0.4645085333333329,,,30.389004684070805,10.636151639424781,2.7584852554321286,225.1997833251953,223.68679809570312,115.98959350585938,117.82322692871094,30.127225875854492,False
1368,45.6,0.889342188835144,11.878625955432653,74,74,0,single,135.84907615936223,JUMPING,False,,0.4645085333333329,,,30.389004684070805,10.636151639424781,2.6870767639160156,225.1997833251953,218.98056030273438,115.98959350585938,111.87931823730469,28.803415298461914,False
1369,45.63333333333333,0.8757207989692688,11.348081286996603,74,74,0,single,135.84907615936223,JUMPING,False,,0.4645085333333329,,,30.389004684070805,10.636151639424781,2.6870767639160156,225.1997833251953,208.94566345214844,115.98959350585938,104.45101928710938,29.71621322631836,True
1370,45.666666666666664,0.898003876209259,12.132802046835423,74,74,0,single,135.84907615936223,JUMPING,False,,0.4645085333333329,,,30.389004684070805,10.636151639424781,2.7584852554321286,225.1997833251953,198.9063720703125,115.98959350585938,98.55513763427734,31.070371627807617,True
1371,45.7,0.9008292555809021,10.873646009713411,74,74,0,single,135.84907615936223,JUMPING,False,,0.4645085333333329,,,30.389004684070805,10.636151639424781,2.625384713745117,225.1049346923828,195.64938354492188,115.71240234375,94.82476806640625,29.679828643798828,True
1372,45.733333333333334,0.9008822441101074,12.095096986740828,74,74,0,single,135.84907615936223,JUMPING,False,,0.4645085333333329,,,30.389004684070805,10.673878436279296,3.5579594787597655,224.5662384033203,193.31948852539062,115.37700653076172,93.2660903930664,29.022361755371094,True
1373,45.766666666666666,0.8713010549545288,11.030706111341715,74,74,0,single,135.84907615936223,JUMPING,False,,0.4645085333333329,,,30.389004684070805,10.636151639424781,2.5825373565673826,224.5662384033203,194.398681640625,115.37700653076172,93.66849517822266,28.82670783996582,True
1374,45.8,0.8655791282653809,12.249205727130175,74,74,0,unknown,0.0,JUMPING,False,,,,,,,,,,,,0.0,False
1375,45.833333333333336,0.841280460357666,11.184277012944221,74,74,0,unknown,0.0,JUMPING,False,,,,,,,,,,,,0.0,False
1376,45.86666666666667,0.8869280219078064,11.814434081315994,74,74,0,unknown,0.0,JUMPING,False,,,,,,,,,,,,0.0,False
1377,45.9,0.8828297853469849,11.561629828065634,74,74,0,single,135.84907615936223,JUMPING,False,,0.4645085333333329,,,30.389004684070805,10.636151639424781,2.5825373565673826,224.5662384033203,209.55087280273438,115.37700653076172,106.0866928100586,27.736696243286133,True
1378,45.93333333333333,0.8877767324447632,12.442186009138823,75,75,0,single,134.32834291277723,JUMPING,True,0.46666666666666146,0.4649833226666652,31.246749877929688,22.110916137695312,30.603440982535524,11.282756575012208,3.7609188583374022,224.5662384033203,219.82498168945312,115.37700653076172,113.927001953125,28.15911102294922,False
1379,45.96666666666667,0.8874301910400391,11.567227076739073,75,75,0,unknown,0.0,JUMPING,False,,,,,,,,,,,,0.0,False
1380,46.0,0.8797459602355957,12.643961235880852,75,75,0,single,134.32834291277723,JUMPING,False,,0.4649833226666652,,,30.603440982535524,11.282756575012208,3.7609188583374022,224.5662384033203,218.41647338867188,115.37700653076172,111.19075775146484,28.829330444335938,False
1381,46.03333333333333,0.8743749856948853,11.112477164715528,75,75,0,single,134.32834291277723,JUMPING,False,,0.4649833226666652,,,30.603440982535524,11.282756575012208,3.7609188583374022,224.5662384033203,212.3062744140625,115.37700653076172,105.46237182617188,29.83664321899414,True
1382,46.06666666666667,0.8931636810302734,11.997010093182325,75,75,0,single,134.32834291277723,JUMPING,False,,0.4649833226666652,,,30.603440982535524,11.282756575012208,3.7609188583374022,224.5662384033203,203.90878295898438,115.37700653076172,99.13778686523438,32.441165924072266,True
1383,46.1,0.8899256587028503,10.915628634393215,75,75,0,single,134.32834291277723,JUMPING,False,,0.4649833226666652,,,30.603440982535524,11.282756575012208,3.7609188583374022,224.5662384033203,198.22854614257812,115.37700653076172,95.03738403320312,31.87149429321289,True
1384,46.13333333333333,0.883997917175293,12.401076033711433,75,75,0,single,134.32834291277723,JUMPING,False,,0.4649833226666652,,,30.603440982535524,11.282756575012208,3.7609188583374022,224.5662384033203,196.18295288085938,115.37700653076172,92.84815216064453,33.05857849121094,True
1385,46.166666666666664,0.8700048923492432,11.01900590583682,75,75,0,unknown,0.0,JUMPING,False,,,,,,,,,,,,0.0,False
1386,46.2,0.8655012845993042,12.870434205979109,75,75,0,unknown,0.0,JUMPING,False,,,,,,,,,,,,0.0,False
1387,46.233333333333334,0.8808390498161316,11.130770202726126,75,75,0,single,134.32834291277723,JUMPING,False,,0.4649833226666652,,,30.603440982535524,10.711204343887433,3.5695649139404293,223.75222778320312,201.96347045898438,114.88935852050781,97.45911407470703,32.89655303955078,True
1388,46.266666666666666,0.8878323435783386,12.264817953109741,75,75,0,single,134.32834291277723,JUMPING,False,,0.4649833226666652,,,30.603440982535524,10.711204343887433,3.0979838241577147,222.9618377685547,208.03106689453125,114.5479965209961,105.33399963378906,31.436813354492188,True
1389,46.3,0.8910645842552185,11.148471850901842,76,76,0,single,145.16136596035605,JUMPING,True,0.36666666666666714,0.4433536583466656,25.518173217773438,21.699844360351562,29.332124041345004,10.711204343887433,3.0722731475830076,221.7011260986328,216.55751037597656,114.5479965209961,113.53556823730469,30.930673599243164,False
1390,46.333333333333336,0.8936254978179932,12.000788934528828,76,76,0,single,145.16136596035605,JUMPING,False,,0.4433536583466656,,,29.332124041345004,10.26624341447075,2.6494552459716796,222.35208129882812,222.67054748535156,115.37700653076172,118.40237426757812,31.225643157958984,False
1391,46.36666666666667,0.8771815896034241,10.95924898982048,76,76,0,unknown,0.0,JUMPING,False,,,,,,,,,,,,0.0,False
1392,46.4,0.8602743744850159,12.380522675812244,76,76,0,unknown,0.0,JUMPING,False,,,,,,,,,,,,0.0,False
1393,46.43333333333333,0.8813868761062622,11.162843089550734,76,76,0,single,145.16136596035605,JUMPING,False,,0.4433536583466656,,,29.332124041345004,10.26624341447075,2.6494552459716796,222.35208129882812,214.52474975585938,115.37700653076172,111.21724700927734,30.771684646606445,False
1394,46.46666666666667,0.8846173882484436,11.819151695817709,76,76,0,single,145.16136596035605,JUMPING,False,,0.4433536583466656,,,29.332124041345004,10.26624341447075,2.6494552459716796,222.35208129882812,205.2467041015625,115.37700653076172,102.56990814208984,31.154205322265625,True
1395,46.5,0.9028156399726868,10.968944989144802,76,76,0,single,145.16136596035605,JUMPING,False,,0.4433536583466656,,,29.332124041345004,10.26624341447075,2.6494552459716796,222.35208129882812,195.01324462890625,115.37700653076172,95.96125793457031,30.29509735107422,True
1396,46.53333333333333,0.8985929489135742,12.062536086887121,76,76,0,single,145.16136596035605,JUMPING,False,,0.4433536583466656,,,29.332124041345004,10.26624341447075,3.37789425201416,222.35208129882812,189.07266235351562,115.37700653076172,92.24363708496094,30.2641544342041,True
1397,46.56666666666667,0.8979020714759827,11.104609817266464,76,76,0,single,145.16136596035605,JUMPING,False,,0.4433536583466656,,,29.332124041345004,10.26624341447075,3.37789425201416,222.35208129882812,189.27886962890625,115.37700653076172,90.9863052368164,29.296005249023438,True
1398,46.6,0.8715460896492004,12.2567736543715,76,76,0,single,145.16136596035605,JUMPING,False,,0.4433536583466656,,,29.332124041345004,11.489516564941406,3.8298388549804687,222.35208129882812,193.4390869140625,115.37700653076172,92.50141906738281,28.232450485229492,True
1399,46.63333333333333,0.8689470291137695,11.109168641269207,76,76,0,unknown,0.0,JUMPING,False,,,,,,,,,,,,0.0,False
1400,46.666666666666664,0.8739055395126343,12.051818892359734,76,76,0,single,145.16136596035605,JUMPING,False,,0.4433536583466656,,,29.332124041345004,10.26624341447075,3.37789425201416,221.7011260986328,202.59100341796875,114.9630126953125,100.73567199707031,31.628999710083008,True
1401,46.7,0.884848952293396,10.994466952979565,77,77,0,single,147.54101618808767,JUMPING,True,0.4000000000000057,0.4338158535104004,31.8270263671875,22.78412628173828,29.95584962280563,12.65650754699707,4.218835848999023,220.89968872070312,215.8914337158203,113.77043151855469,110.94686889648438,25.897785186767578,False
1402,46.733333333333334,0.8887307047843933,11.857994832098484,77,77,0,single,147.54101618808767,JUMPING,False,,0.4338158535104004,,,29.95584962280563,13.259718704223632,4.419906234741211,221.15957641601562,224.33526611328125,114.9630126953125,117.02100372314453,23.86007308959961,False
1403,46.766666666666666,0.9014853835105896,11.20071904733777,77,77,0,single,147.54101618808767,JUMPING,False,,0.4338158535104004,,,29.95584962280563,14.200505502319334,4.733501834106445,222.35208129882812,227.2716522216797,116.47407531738281,120.95368957519531,24.735437393188477,False
1404,46.8,0.8612053394317627,12.437885161489248,77,77,0,single,147.54101618808767,JUMPING,False,,0.4338158535104004,,,29.95584962280563,11.720675115966795,3.9068917053222654,223.28028869628906,227.05615234375,117.50233459472656,118.68461608886719,25.440814971923828,False
1405,46.833333333333336,0.8452165722846985,11.160286143422127,77,77,0,unknown,0.0,JUMPING,False,,,,,,,,,,,,0.0,False
1406,46.86666666666667,0.8699150085449219,12.076521757990122,77,77,0,single,147.54101618808767,JUMPING,False,,0.4338158535104004,,,29.95584962280563,11.720675115966795,3.9068917053222654,223.28028869628906,215.71463012695312,117.50233459472656,107.90911102294922,29.147106170654297,False
1407,46.9,0.898088812828064,11.519561056047678,77,77,0,single,147.54101618808767,JUMPING,False,,0.4338158535104004,,,29.95584962280563,11.720675115966795,3.9068917053222654,223.28028869628906,205.332763671875,117.50233459472656,98.6004638671875,30.936281204223633,True
1408,46.93333333333333,0.9090087413787842,12.010436970740557,77,77,0,single,147.54101618808767,JUMPING,False,,0.4338158535104004,,,29.95584962280563,11.720675115966795,3.9068917053222654,223.28028869628906,195.04776000976562,117.50233459472656,93.7114028930664,30.795316696166992,True
1409,46.96666666666667,0.8972443342208862,11.000964790582657,77,77,0,single,147.54101618808767,JUMPING,False,,0.4338158535104004,,,29.95584962280563,11.720675115966795,3.9068917053222654,223.28028869628906,188.79969787597656,117.50233459472656,90.64143371582031,32.856292724609375,True
1410,47.0,0.8795239925384521,12.321040965616703,77,77,0,single,147.54101618808767,JUMPING,False,,0.4338158535104004,,,29.95584962280563,12.871174163818358,4.290391387939453,223.28028869628906,188.12881469726562,117.50233459472656,91.01127624511719,32.09895324707031,True
1411,47.03333333333333,0.8445882201194763,11.274469550698996,77,77,0,single,147.54101618808767,JUMPING,False,,0.4338158535104004,,,29.95584962280563,14.23779899139404,4.745932997131347,223.28028869628906,195.7142333984375,117.50233459472656,94.61007690429688,33.11684036254883,True
1412,47.06666666666667,0.8610742092132568,13.70755722746253,77,77,0,single,147.54101618808767,JUMPING,False,,0.4338158535104004,,,29.95584962280563,12.65650754699707,4.218835848999023,223.28028869628906,203.98568725585938,117.50233459472656,100.68985748291016,32.842891693115234,True
1413,47.1,0.8835699558258057,11.42354216426611,78,78,0,single,152.542633936791,JUMPING,True,0.3999999999999986,0.42637636573811205,35.15147399902344,26.86090087890625,31.254755716860082,12.65650754699707,4.218835848999023,223.28028869628906,215.48040771484375,117.50233459472656,109.72071838378906,33.15974044799805,False
1414,47.13333333333333,0.8928110003471375,12.41257879883051,78,78,0,single,152.542633936791,JUMPING,False,,0.42637636573811205,,,31.254755716860082,12.359890269470215,4.119963423156738,223.28028869628906,222.10342407226562,117.50233459472656,115.71292114257812,32.206790924072266,False
1415,47.166666666666664,0.8833840489387512,11.212211102247238,78,78,0,single,152.542633936791,JUMPING,False,,0.42637636573811205,,,31.254755716860082,12.359890269470215,4.119963423156738,224.0758819580078,229.3183135986328,118.17071533203125,119.13591003417969,31.322452545166016,False
1416,47.2,0.841415286064148,12.085387017577887,78,78,0,single,152.542633936791,JUMPING,False,,0.42637636573811205,,,31.254755716860082,14.98621382446289,4.995404608154296,224.9637451171875,228.60018920898438,118.31494140625,118.18378448486328,29.030935287475586,False
1417,47.233333333333334,0.7927888631820679,11.286458931863308,78,78,0,single,152.542633936791,JUMPING,False,,0.42637636573811205,,,31.254755716860082,11.523722058105468,3.8412406860351562,224.9637451171875,224.00216674804688,118.31494140625,112.18731689453125,26.018056869506836,False
1418,47.266666666666666,0.8527768850326538,12.103010900318623,78,78,0,single,152.542633936791,JUMPING,False,,0.42637636573811205,,,31.254755716860082,11.523722058105468,3.8412406860351562,224.9637451171875,214.77169799804688,118.31494140625,105.84971618652344,29.221759796142578,False
1419,47.3,0.8899421691894531,10.982577223330736,78,78,0,single,152.542633936791,JUMPING,False,,0.42637636573811205,,,31.254755716860082,11.523722058105468,3.8412406860351562,224.9637451171875,203.81192016601562,118.31494140625,98.50836181640625,32.779964447021484,True
1420,47.333333333333336,0.8968222141265869,12.149139773100615,78,78,0,single,152.542633936791,JUMPING,False,,0.42637636573811205,,,31.254755716860082,13.58351713256836,4.527839044189453,224.9637451171875,197.29010009765625,118.31494140625,94.38983154296875,34.48413848876953,True
1421,47.36666666666667,0.8912868499755859,11.39066694304347,78,78,0,single,152.542633936791,JUMPING,False,,0.42637636573811205,,,31.254755716860082,14.764115657043456,4.921371885681152,224.2020263671875,192.20999145507812,118.03955841064453,91.93942260742188,34.610084533691406,True
1422,47.4,0.8817050457000732,12.15627696365118,78,78,0,single,152.542633936791,JUMPING,False,,0.42637636573811205,,,31.254755716860082,14.542017489624023,4.847339163208008,224.2020263671875,189.667236328125,117.71867370605469,91.47303771972656,34.091739654541016,True
1423,47.43333333333333,0.8696509003639221,11.65864011272788,78,78,0,single,152.542633936791,JUMPING,False,,0.42637636573811205,,,31.254755716860082,13.321987632751464,4.440662544250488,224.2020263671875,192.8548126220703,117.71867370605469,93.89332580566406,33.14368438720703,True
1424,47.46666666666667,0.8775798082351685,12.185636907815933,78,78,0,single,152.542633936791,JUMPING,False,,0.42637636573811205,,,31.254755716860082,13.321987632751464,4.440662544250488,224.2020263671875,198.11181640625,117.71867370605469,99.46955108642578,31.346647262573242,True
1425,47.5,0.8931650519371033,11.114723049104214,78,78,0,single,152.542633936791,JUMPING,False,,0.42637636573811205,,,31.254755716860082,13.321987632751464,4.440662544250488,224.2020263671875,206.6516876220703,117.71867370605469,107.48098754882812,32.54610061645508,True
1426,47.53333333333333,0.9008519649505615,12.282404117286205,79,79,0,single,145.16136596035605,JUMPING,True,0.43333333333333,0.42790689860906,34.5347900390625,26.245635986328125,32.07476429741069,13.321987632751464,4.440662544250488,224.2020263671875,212.06857299804688,117.71867370605469,112.45735168457031,32.985679626464844,False
1427,47.56666666666667,0.8812798261642456,11.20002195239067,79,79,0,single,145.16136596035605,JUMPING,False,,0.42790689860906,,,32.07476429741069,14.542017489624023,4.847339163208008,224.2020263671875,220.1118927001953,118.29400634765625,118.36749267578125,32.45026397705078,False
1428,47.6,0.8858221769332886,11.804291047155857,79,79,0,single,145.16136596035605,JUMPING,False,,0.42790689860906,,,32.07476429741069,13.321987632751464,4.440662544250488,225.0429229736328,225.5146942138672,118.38842010498047,120.44583129882812,32.59974670410156,False
1429,47.63333333333333,0.8352410197257996,11.36690890416503,79,79,0,single,145.16136596035605,JUMPING,False,,0.42790689860906,,,32.07476429741069,12.101957775878907,4.033985925292969,225.16529846191406,224.64120483398438,118.38842010498047,116.36505126953125,30.03169822692871,False
1430,47.666666666666664,0.8915239572525024,12.324514798820019,79,79,0,single,145.16136596035605,JUMPING,False,,0.42790689860906,,,32.07476429741069,11.22616750409374,3.671457467651367,225.16529846191406,216.92918395996094,118.38842010498047,108.89132690429688,30.48288345336914,False
1431,47.7,0.8761686086654663,11.160460766404867,79,79,0,single,145.16136596035605,JUMPING,False,,0.42790689860906,,,32.07476429741069,11.22616750409374,3.5804011779785156,225.16529846191406,207.78549194335938,118.38842010498047,101.36526489257812,30.419448852539062,True
1432,47.733333333333334,0.8712015151977539,12.017871253192425,79,79,0,single,145.16136596035605,JUMPING,False,,0.42790689860906,,,32.07476429741069,11.22616750409374,3.5804011779785156,225.16529846191406,201.18814086914062,118.38842010498047,97.12333679199219,31.052452087402344,True
1433,47.766666666666666,0.8939575552940369,11.248186696320772,79,79,0,single,145.16136596035605,JUMPING,False,,0.42790689860906,,,32.07476429741069,11.22616750409374,3.5804011779785156,225.16529846191406,196.34442138671875,118.38842010498047,92.7650146484375,33.33779525756836,True
1434,47.8,0.8882293105125427,12.11913675069809,79,79,0,single,145.16136596035605,JUMPING,False,,0.42790689860906,,,32.07476429741069,11.22616750409374,3.5804011779785156,225.16529846191406,194.87496948242188,118.38842010498047,91.0220947265625,34.82459259033203,True
1435,47.833333333333336,0.875462532043457,11.194379068911076,79,79,0,single,145.16136596035605,JUMPING,False,,0.42790689860906,,,32.07476429741069,11.22616750409374,3.5804011779785156,225.16529846191406,197.45184326171875,118.38842010498047,92.7669677734375,31.25056266784668,True
1436,47.86666666666667,0.8760656118392944,12.639653868973255,79,79,0,single,145.16136596035605,JUMPING,False,,0.42790689860906,,,32.07476429741069,11.22616750409374,3.5804011779785156,225.16529846191406,203.39950561523438,118.38842010498047,97.67450714111328,29.4231014251709,True
1437,47.9,0.8786426782608032,11.125470045953989,79,79,0,single,145.16136596035605,JUMPING,False,,0.42790689860906,,,32.07476429741069,11.22616750409374,3.5804011779785156,225.16529846191406,210.25384521484375,118.38842010498047,105.08714294433594,30.436494827270508,True
1438,47.93333333333333,0.8706258535385132,12.05193717032671,80,80,0,single,149.99999776482585,JUMPING,True,0.3999999999999986,0.4217673809150665,30.290328979492188,27.36632537841797,31.62865546793106,11.22616750409374,3.5804011779785156,225.16529846191406,214.73452758789062,118.38842010498047,109.8915786743164,31.5310115814209,False
1439,47.96666666666667,0.8942964673042297,11.227854061871767,80,80,0,single,149.99999776482585,JUMPING,False,,0.4217673809150665,,,31.62865546793106,11.287541271972657,3.7625137573242187,225.16529846191406,219.82815551757812,118.29400634765625,116.15343475341797,32.033695220947266,False
1440,48.0,0.9148476719856262,12.152265757322311,80,80,0,single,149.99999776482585,JUMPING,False,,0.4217673809150665,,,31.62865546793106,11.07002941377587,3.671457467651367,225.16529846191406,222.65628051757812,118.55776977539062,118.85540771484375,28.261146545410156,False
1441,48.03333333333333,0.8967117071151733,11.087262071669102,80,80,0,single,149.99999776482585,JUMPING,False,,0.4217673809150665,,,31.62865546793106,12.101957775878907,4.033985925292969,225.16529846191406,219.80477905273438,118.55776977539062,116.561279296875,24.65196418762207,False
1442,48.06666666666667,0.9081400036811829,12.478594202548265,80,80,0,single,149.99999776482585,JUMPING,False,,0.4217673809150665,,,31.62865546793106,12.101957775878907,4.033985925292969,225.16529846191406,214.02044677734375,118.55776977539062,110.26707458496094,24.743431091308594,False
1443,48.1,0.6985554695129395,11.148693040013313,80,80,0,single,149.99999776482585,JUMPING,False,,0.4217673809150665,,,31.62865546793106,12.101957775878907,4.033985925292969,225.16529846191406,203.6855010986328,118.55776977539062,102.99920654296875,24.43231201171875,True
1444,48.13333333333333,0.9211626648902893,12.187504675239325,80,80,0,single,149.99999776482585,JUMPING,False,,0.4217673809150665,,,31.62865546793106,12.101957775878907,4.033985925292969,225.16529846191406,197.29486083984375,118.55776977539062,98.5740737915039,25.732574462890625,True
1445,48.166666666666664,0.9068328738212585,11.478605214506388,80,80,0,single,149.99999776482585,JUMPING,False,,0.4217673809150665,,,31.62865546793106,12.101957775878907,4.033985925292969,225.16529846191406,190.93716430664062,118.55776977539062,93.5311279296875,28.76369857788086,True
1446,48.2,0.9073853492736816,12.401430867612362,80,80,0,single,149.99999776482585,JUMPING,False,,0.4217673809150665,,,31.62865546793106,12.101957775878907,4.033985925292969,225.16529846191406,188.33340454101562,118.55776977539062,90.20869445800781,30.432695388793945,True
1447,48.233333333333334,0.879392147064209,11.26784784719348,80,80,0,single,149.99999776482585,JUMPING,False,,0.4217673809150665,,,31.62865546793106,12.101957775878907,4.033985925292969,225.16529846191406,191.18240356445312,118.55776977539062,89.49748229980469,32.98758316040039,True
1448,48.266666666666666,0.8804162740707397,12.09150068461895,80,80,0,single,149.99999776482585,JUMPING,False,,0.4217673809150665,,,31.62865546793106,12.641610511779785,4.213870170593261,225.16529846191406,194.63107299804688,118.55776977539062,92.67085266113281,31.080780029296875,True
1449,48.3,0.8780484199523926,11.325390078127384,80,80,0,single,149.99999776482585,JUMPING,False,,0.4217673809150665,,,31.62865546793106,13.58351713256836,4.527839044189453,224.38558959960938,201.55442810058594,118.29400634765625,98.899658203125,27.789884567260742,True
1450,48.333333333333336,0.8730423450469971,12.360370252281427,80,80,0,single,149.99999776482585,JUMPING,False,,0.4217673809150665,,,31.62865546793106,12.578934375,4.192978125,223.46380615234375,206.77786254882812,117.53478240966797,102.94669342041016,25.935396194458008,True
1451,48.36666666666667,0.8926356434822083,11.235350742936134,81,81,0,single,145.16136596035605,JUMPING,True,0.4333333333333371,0.42431189044708606,35.130401611328125,28.03730010986328,32.50409200378033,12.578934375,4.192978125,223.46380615234375,216.0164794921875,117.53478240966797,110.13642883300781,27.585968017578125,False
1452,48.4,0.9058718085289001,12.005748227238655,81,81,0,single,145.16136596035605,JUMPING,False,,0.42431189044708606,,,32.50409200378033,12.015290286254881,4.0050967620849605,223.74351501464844,223.3555450439453,117.53478240966797,115.80450439453125,27.913381576538086,False
1453,48.43333333333333,0.9134728312492371,11.790725868195295,81,81,0,single,145.16136596035605,JUMPING,False,,0.42431189044708606,,,32.50409200378033,11.376432201323114,3.4635097869873044,223.74351501464844,223.1785888671875,117.95836639404297,117.6202392578125,30.625503540039062,False
1454,48.46666666666667,0.8902274966239929,12.362456880509853,81,81,0,single,145.16136596035605,JUMPING,False,,0.42431189044708606,,,32.50409200378033,12.015290286254881,4.0050967620849605,223.74351501464844,219.14852905273438,117.95836639404297,113.18064880371094,29.76157569885254,False
1455,48.5,0.908765971660614,11.571241077035666,81,81,0,single,145.16136596035605,JUMPING,False,,0.42431189044708606,,,32.50409200378033,12.015290286254881,4.0050967620849605,223.74351501464844,211.26541137695312,117.95836639404297,106.20513916015625,30.109338760375977,True
1456,48.53333333333333,0.9151132106781006,12.153007090091705,81,81,0,single,145.16136596035605,JUMPING,False,,0.42431189044708606,,,32.50409200378033,12.015290286254881,4.0050967620849605,223.74351501464844,204.83035278320312,117.95836639404297,101.52461242675781,27.890945434570312,True
1457,48.56666666666667,0.9037798047065735,11.01809274405241,81,81,0,single,145.16136596035605,JUMPING,False,,0.42431189044708606,,,32.50409200378033,12.015290286254881,4.0050967620849605,223.74351501464844,197.67373657226562,117.95836639404297,96.0410385131836,28.22106170654297,True
1458,48.6,0.8993992209434509,11.973530054092407,81,81,0,single,145.16136596035605,JUMPING,False,,0.42431189044708606,,,32.50409200378033,12.015290286254881,4.0050967620849605,223.74351501464844,193.31781005859375,117.95836639404297,91.36524963378906,28.21087646484375,True
1459,48.63333333333333,0.8991602063179016,11.09621999785304,81,81,0,single,145.16136596035605,JUMPING,False,,0.42431189044708606,,,32.50409200378033,13.640051211547851,4.546683737182617,223.74351501464844,192.2225341796875,117.95836639404297,89.83296203613281,29.244136810302734,True
1460,48.666666666666664,0.8878803253173828,12.337605934590101,81,81,0,single,145.16136596035605,JUMPING,False,,0.42431189044708606,,,32.50409200378033,12.015290286254881,4.0050967620849605,223.28475952148438,192.7608184814453,117.1966552734375,91.82915496826172,26.861719131469727,True
1461,48.7,0.8761469721794128,11.126545257866383,81,81,0,single,145.16136596035605,JUMPING,False,,0.42431189044708606,,,32.50409200378033,11.376432201323114,3.772309378051758,222.96966552734375,201.30264282226562,116.4827880859375,96.84036254882812,31.419485092163086,True
1462,48.733333333333334,0.872671365737915,12.00418220832944,81,81,0,single,145.16136596035605,JUMPING,False,,0.42431189044708606,,,32.50409200378033,13.640051211547851,4.546683737182617,221.63851928710938,206.49017333984375,116.4827880859375,100.54703521728516,33.2803840637207,True
1463,48.766666666666666,0.9033877849578857,11.248433962464333,82,82,0,single,145.16136596035605,JUMPING,True,0.3999999999999986,0.41896327454872684,29.415985107421875,26.649826049804688,31.732065279690715,13.640051211547851,4.546683737182617,221.63851928710938,212.04139709472656,116.4827880859375,107.30856323242188,29.200008392333984,False
1464,48.8,0.8942497372627258,12.337066233158112,82,82,0,single,145.16136596035605,JUMPING,False,,0.41896327454872684,,,31.732065279690715,11.913623959350584,3.971207986450195,221.7401123046875,220.36587524414062,116.4827880859375,114.51962280273438,30.839656829833984,False
1465,48.833333333333336,0.894051194190979,11.349346954375505,82,82,0,single,145.16136596035605,JUMPING,False,,0.41896327454872684,,,31.732065279690715,11.10622284789175,2.632182829284668,222.96966552734375,226.71246337890625,117.1574478149414,117.55490112304688,30.4127254486084,False
1466,48.86666666666667,0.8742448687553406,12.135084718465805,82,82,0,single,145.16136596035605,JUMPING,False,,0.41896327454872684,,,31.732065279690715,12.578934375,4.192978125,223.28475952148438,225.67141723632812,117.1574478149414,114.35540771484375,32.22234344482422,False
1467,48.9,0.9050387144088745,10.988699272274971,82,82,0,unknown,0.0,JUMPING,False,,,,,,,,,,,,0.0,False
1468,48.93333333333333,0.9056819677352905,12.187459971755743,82,82,0,unknown,0.0,JUMPING,False,,,,,,,,,,,,0.0,False
1469,48.96666666666667,0.8862465023994446,10.92519611120224,82,82,0,single,145.16136596035605,JUMPING,False,,0.41896327454872684,,,31.732065279690715,12.578934375,4.192978125,223.28475952148438,214.24649047851562,117.1574478149414,104.59390258789062,34.24089813232422,False
1470,49.0,0.9013596177101135,12.327020987868309,82,82,0,single,145.16136596035605,JUMPING,False,,0.41896327454872684,,,31.732065279690715,12.578934375,4.192978125,223.28475952148438,204.47085571289062,117.1574478149414,97.01901245117188,32.645938873291016,True
1471,49.03333333333333,0.8917192816734314,11.156626977026463,82,82,0,single,145.16136596035605,JUMPING,False,,0.41896327454872684,,,31.732065279690715,12.578934375,4.192978125,223.28475952148438,199.16917419433594,117.1574478149414,93.5130615234375,33.07444763183594,True
1472,49.06666666666667,0.8795828819274902,11.863829102367163,82,82,0,single,145.16136596035605,JUMPING,False,,0.41896327454872684,,,31.732065279690715,12.578934375,4.192978125,223.28475952148438,197.0376739501953,117.1574478149414,94.15960693359375,32.99502182006836,True
1473,49.1,0.8776668906211853,10.878089815378189,82,82,0,single,145.16136596035605,JUMPING,False,,0.41896327454872684,,,31.732065279690715,12.578934375,4.192978125,223.28475952148438,202.22882080078125,117.1574478149414,98.18254852294922,33.384578704833984,True
1474,49.13333333333333,0.87491375207901,12.345008086413145,82,82,0,unknown,0.0,JUMPING,False,,,,,,,,,,,,0.0,False
1475,49.166666666666664,0.8817903995513916,11.113622691482306,82,82,0,single,145.16136596035605,JUMPING,False,,0.41896327454872684,,,31.732065279690715,11.90062722930908,3.966875743103027,223.28475952148438,208.50967407226562,116.4827880859375,105.4195556640625,33.062896728515625,True
1476,49.2,0.8822646141052246,12.001784984022379,83,83,0,single,142.85698512801892,JUMPING,True,0.4333333333333371,0.4221246874813411,25.931991577148438,22.76734161376953,30.282046854055146,11.10622284789175,3.025014367675781,222.96966552734375,221.05734252929688,116.28040313720703,113.60348510742188,33.77743911743164,False
1477,49.233333333333334,0.89167320728302,11.566157918423414,83,83,0,single,142.85698512801892,JUMPING,False,,0.4221246874813411,,,30.282046854055146,10.5987163989193,3.1449598205566405,222.96966552734375,228.92689514160156,116.39813995361328,117.47576904296875,33.649085998535156,False
1478,49.266666666666666,0.8984391689300537,12.056663166731596,83,83,0,single,142.85698512801892,JUMPING,False,,0.4221246874813411,,,30.282046854055146,12.578934375,4.192978125,223.28475952148438,224.10574340820312,116.39813995361328,114.19384002685547,33.03595733642578,False
1479,49.3,0.9088306427001953,11.173478327691555,83,83,0,single,142.85698512801892,JUMPING,False,,0.4221246874813411,,,30.282046854055146,10.5987163989193,3.188304876708984,223.28475952148438,218.02017211914062,116.39813995361328,107.74434661865234,33.199493408203125,False
1480,49.333333333333336,0.9067964553833008,12.150067370384932,83,83,0,single,142.85698512801892,JUMPING,False,,0.4221246874813411,,,30.282046854055146,10.5987163989193,3.188304876708984,223.28475952148438,213.83880615234375,116.39813995361328,103.65531158447266,32.62714767456055,False
1481,49.36666666666667,0.9162411689758301,11.379905976355076,83,83,0,single,142.85698512801892,JUMPING,False,,0.4221246874813411,,,30.282046854055146,10.5987163989193,3.188304876708984,223.28475952148438,202.46939086914062,116.39813995361328,97.24240112304688,31.603404998779297,True
1482,49.4,0.8895508646965027,12.001012917608023,83,83,0,single,142.85698512801892,JUMPING,False,,0.4221246874813411,,,30.282046854055146,10.5987163989193,3.188304876708984,223.28475952148438,195.90823364257812,116.39813995361328,93.31307983398438,31.992094039916992,True
1483,49.43333333333333,0.9031344652175903,11.118013877421618,83,83,0,single,142.85698512801892,JUMPING,False,,0.4221246874813411,,,30.282046854055146,10.5987163989193,3.188304876708984,223.28475952148438,192.7138671875,116.39813995361328,90.88421630859375,32.1654167175293,True
1484,49.46666666666667,0.8799229860305786,12.307499069720507,83,83,0,single,142.85698512801892,JUMPING,False,,0.4221246874813411,,,30.282046854055146,10.5987163989193,3.188304876708984,223.28475952148438,194.87925720214844,116.39813995361328,91.5816879272461,33.47799301147461,True
1485,49.5,0.8770605325698853,10.8473957516253,83,83,0,single,142.85698512801892,JUMPING,False,,0.4221246874813411,,,30.282046854055146,10.5987163989193,3.188304876708984,223.28475952148438,200.27696228027344,116.39813995361328,96.15147399902344,31.31444549560547,True
1486,49.53333333333333,0.8918546438217163,11.913734953850508,83,83,0,single,142.85698512801892,JUMPING,False,,0.4221246874813411,,,30.282046854055146,10.5987163989193,3.188304876708984,223.28475952148438,203.88575744628906,116.39813995361328,99.18377685546875,29.783809661865234,True
1487,49.56666666666667,0.8819441795349121,11.263926979154348,83,83,0,single,142.85698512801892,JUMPING,False,,0.4221246874813411,,,30.282046854055146,12.68290821533203,4.227636071777344,223.28475952148438,209.8840789794922,116.2585678100586,105.53022766113281,28.603391647338867,True
1488,49.6,0.8856001496315002,12.207129038870335,84,84,0,single,145.16136596035605,JUMPING,True,0.3999999999999986,0.41725725623544574,30.570892333984375,24.406333923339844,30.35425822403745,13.508726550292968,4.502908850097656,223.28475952148438,216.773681640625,115.2905502319336,113.60163879394531,28.17117691040039,False
1489,49.63333333333333,0.8946661353111267,11.149490717798471,84,84,0,single,145.16136596035605,JUMPING,False,,0.41725725623544574,,,30.35425822403745,11.499153826904296,3.8330512756347654,223.28475952148438,221.73388671875,115.2905502319336,117.70293426513672,29.92814064025879,False
1490,49.666666666666664,0.8965848684310913,12.022652197629213,84,84,0,single,145.16136596035605,JUMPING,False,,0.41725725623544574,,,30.35425822403745,11.79899483642578,3.9329982788085935,223.30517578125,223.2296142578125,115.86373901367188,115.90322875976562,32.474334716796875,False
1491,49.7,0.9093841910362244,11.153137777000666,84,84,0,single,145.16136596035605,JUMPING,False,,0.41725725623544574,,,30.35425822403745,10.623990378413108,3.516514727783203,223.30517578125,219.4967498779297,115.86373901367188,109.13678741455078,31.853538513183594,False
1492,49.733333333333334,0.9123369455337524,12.142112012952566,84,84,0,single,145.16136596035605,JUMPING,False,,0.41725725623544574,,,30.35425822403745,10.623990378413108,3.516514727783203,223.30517578125,215.86366271972656,115.86373901367188,104.10601806640625,31.731294631958008,False
1493,49.766666666666666,0.921709418296814,11.165796779096127,84,84,0,single,145.16136596035605,JUMPING,False,,0.41725725623544574,,,30.35425822403745,10.623990378413108,3.516514727783203,223.30517578125,207.42279052734375,115.86373901367188,97.84844970703125,30.837350845336914,True
1494,49.8,0.9177589416503906,11.981565039604902,84,84,0,unknown,0.0,JUMPING,False,,,,,,,,,,,,0.0,False
1495,49.833333333333336,0.8946660161018372,11.061238124966621,84,84,0,single,145.16136596035605,JUMPING,False,,0.41725725623544574,,,30.35425822403745,11.230362446594237,3.7434541488647457,223.30517578125,199.56930541992188,115.86373901367188,92.98326873779297,31.706043243408203,True
1496,49.86666666666667,0.9079477190971375,11.975656263530254,84,84,0,single,145.16136596035605,JUMPING,False,,0.41725725623544574,,,30.35425822403745,11.230362446594237,3.7434541488647457,223.30517578125,198.0386505126953,115.86373901367188,91.12222290039062,30.3640193939209,True
1497,49.9,0.8953850865364075,10.926697868853807,84,84,0,single,145.16136596035605,JUMPING,False,,0.41725725623544574,,,30.35425822403745,11.230362446594237,3.7434541488647457,223.30517578125,198.3115234375,115.86373901367188,93.65460968017578,29.969261169433594,True
1498,49.93333333333333,0.8912537693977356,12.303322087973356,84,84,0,single,145.16136596035605,JUMPING,False,,0.41725725623544574,,,30.35425822403745,11.230362446594237,3.7434541488647457,223.30517578125,199.19610595703125,115.86373901367188,95.95481872558594,29.910005569458008,True
1499,49.96666666666667,0.850134551525116,10.825482197105885,84,84,0,unknown,0.0,JUMPING,False,,,,,,,,,,,,0.0,False
1500,50.0,0.87781822681427,11.958372313529253,84,84,0,single,145.16136596035605,JUMPING,False,,0.41725725623544574,,,30.35425822403745,11.230362446594237,3.7434541488647457,223.30517578125,207.3397216796875,115.86373901367188,106.12608337402344,30.71431541442871,True
1501,50.03333333333333,0.9096440672874451,11.32930675521493,85,85,0,single,142.85724868587627,JUMPING,True,0.43333333333333,0.4207939931969803,25.266525268554688,24.74151611328125,29.08232498516676,10.623990378413108,3.516514727783203,223.30517578125,217.393798828125,115.86373901367188,115.11946105957031,32.91931915283203,False
1502,50.06666666666667,0.9030184745788574,12.349747121334076,85,85,0,single,142.85724868587627,JUMPING,False,,0.4207939931969803,,,29.08232498516676,10.549544183349608,3.516514727783203,223.20919799804688,222.074462890625,116.84674835205078,117.90092468261719,33.52082443237305,False
1503,50.1,0.9067533016204834,11.111194267868996,85,85,0,single,142.85724868587627,JUMPING,False,,0.4207939931969803,,,29.08232498516676,13.22334143371582,4.407780477905273,222.76754760742188,218.08433532714844,115.5897216796875,113.7833251953125,31.62533187866211,False
1504,50.13333333333333,0.9012801051139832,12.074730824679136,85,85,0,single,142.85724868587627,JUMPING,False,,0.4207939931969803,,,29.08232498516676,13.391009431457519,4.46366981048584,222.76754760742188,214.71377563476562,115.5897216796875,110.50094604492188,30.574581146240234,False
1505,50.166666666666664,0.9091939330101013,11.306878179311752,85,85,0,single,142.85724868587627,JUMPING,False,,0.4207939931969803,,,29.08232498516676,13.391009431457519,4.46366981048584,222.76754760742188,207.70501708984375,115.5897216796875,103.64511108398438,30.708293914794922,True
1506,50.2,0.8816908001899719,12.162039056420326,85,85,0,single,142.85724868587627,JUMPING,False,,0.4207939931969803,,,29.08232498516676,13.391009431457519,4.46366981048584,222.76754760742188,200.20814514160156,115.5897216796875,96.53321075439453,33.07888412475586,True
1507,50.233333333333334,0.9056950807571411,11.275091674178839,85,85,0,single,142.85724868587627,JUMPING,False,,0.4207939931969803,,,29.08232498516676,13.391009431457519,4.46366981048584,222.76754760742188,194.7885284423828,115.5897216796875,90.97647094726562,34.447025299072266,True
1508,50.266666666666666,0.9069828987121582,11.922155041247606,85,85,0,single,142.85724868587627,JUMPING,False,,0.4207939931969803,,,29.08232498516676,13.391009431457519,4.46366981048584,222.76754760742188,191.68582153320312,115.5897216796875,87.6454849243164,32.748451232910156,True
1509,50.3,0.8953102231025696,11.103543918579817,85,85,0,single,142.85724868587627,JUMPING,False,,0.4207939931969803,,,29.08232498516676,13.391009431457519,4.46366981048584,222.76754760742188,190.62484741210938,115.5897216796875,88.00396728515625,32.5503044128418,True
1510,50.333333333333336,0.9000991582870483,12.33129994943738,85,85,0,single,142.85724868587627,JUMPING,False,,0.4207939931969803,,,29.08232498516676,13.391009431457519,4.46366981048584,222.76754760742188,190.76486206054688,115.5897216796875,88.91586303710938,31.834121704101562,True
1511,50.36666666666667,0.8734596967697144,11.274284217506647,85,85,0,single,142.85724868587627,JUMPING,False,,0.4207939931969803,,,29.08232498516676,13.391009431457519,4.46366981048584,222.76754760742188,195.90089416503906,115.5897216796875,92.59614562988281,30.08036231994629,True
1512,50.4,0.8664098978042603,12.028150260448456,85,85,0,single,142.85724868587627,JUMPING,False,,0.4207939931969803,,,29.08232498516676,13.391009431457519,4.46366981048584,222.76754760742188,205.44393920898438,115.5897216796875,100.19910430908203,32.18308639526367,True
1513,50.43333333333333,0.8614609241485596,11.0549908131361,86,86,0,single,145.16109383219663,JUMPING,True,0.3999999999999986,0.4162193146936443,32.1427001953125,27.944236755371094,29.847418787703194,13.391009431457519,4.46366981048584,222.76754760742188,214.8564910888672,115.5897216796875,109.36575317382812,31.173086166381836,False
1514,50.46666666666667,0.8888190388679504,12.535220943391323,86,86,0,single,145.16109383219663,JUMPING,False,,0.4162193146936443,,,29.847418787703194,13.391009431457519,4.46366981048584,222.76754760742188,221.40707397460938,115.97444152832031,116.02191162109375,29.348411560058594,False
1515,50.5,0.9001595377922058,11.267809197306633,86,86,0,single,145.16109383219663,JUMPING,False,,0.4162193146936443,,,29.847418787703194,10.446596575696118,3.416646903991699,222.76754760742188,223.55926513671875,115.97444152832031,117.46827697753906,32.72593688964844,False
1516,50.53333333333333,0.9029139876365662,12.091606855392456,86,86,0,single,145.16109383219663,JUMPING,False,,0.4162193146936443,,,29.847418787703194,10.446596575696118,3.1352773132324216,222.76754760742188,223.72618103027344,116.88973236083984,117.5889892578125,33.804893493652344,False
1517,50.56666666666667,0.8986421823501587,11.26619428396225,86,86,0,single,145.16109383219663,JUMPING,False,,0.4162193146936443,,,29.847418787703194,10.446596575696118,3.4383081207275388,222.76754760742188,218.3753662109375,116.88973236083984,111.56053924560547,33.01597213745117,False
1518,50.6,0.8960111737251282,12.044277042150497,86,86,0,single,145.16109383219663,JUMPING,False,,0.4162193146936443,,,29.847418787703194,10.446596575696118,3.4383081207275388,222.76754760742188,208.45733642578125,116.88973236083984,103.77796936035156,31.924419403076172,True
1519,50.63333333333333,0.8998931050300598,11.276877019554377,86,86,0,single,145.16109383219663,JUMPING,False,,0.4162193146936443,,,29.847418787703194,10.446596575696118,3.4383081207275388,222.76754760742188,198.6191864013672,116.88973236083984,96.32646179199219,31.147554397583008,True
1520,50.666666666666664,0.9028224349021912,11.936248745769262,86,86,0,single,145.16109383219663,JUMPING,False,,0.4162193146936443,,,29.847418787703194,10.446596575696118,3.4383081207275388,222.76754760742188,192.57452392578125,116.88973236083984,91.28235626220703,31.999347686767578,True
1521,50.7,0.8998371362686157,11.306399945169687,86,86,0,single,145.16109383219663,JUMPING,False,,0.4162193146936443,,,29.847418787703194,10.446596575696118,3.4383081207275388,222.76754760742188,191.03579711914062,116.88973236083984,89.34695434570312,31.836658477783203,True
1522,50.733333333333334,0.8963766098022461,12.2221983037889,86,86,0,single,145.16109383219663,JUMPING,False,,0.4162193146936443,,,29.847418787703194,10.446596575696118,3.4383081207275388,222.76754760742188,190.69381713867188,116.88973236083984,88.73941040039062,32.91445541381836,True
1523,50.766666666666666,0.895794689655304,11.136181652545929,86,86,0,single,145.16109383219663,JUMPING,False,,0.4162193146936443,,,29.847418787703194,10.446596575696118,3.477411424255371,222.76754760742188,194.19223022460938,116.88973236083984,90.3366470336914,30.742919921875,True
1524,50.8,0.8706523776054382,12.289964128285646,86,86,0,single,145.16109383219663,JUMPING,False,,0.4162193146936443,,,29.847418787703194,10.446596575696118,3.4383081207275388,221.938232421875,201.87130737304688,115.97444152832031,94.90046691894531,29.685089111328125,True
1525,50.833333333333336,0.8984915018081665,11.232741177082062,86,86,0,single,145.16109383219663,JUMPING,False,,0.4162193146936443,,,29.847418787703194,10.446596575696118,3.3167790802001953,221.60316467285156,209.5025634765625,115.97444152832031,103.99090576171875,26.657791137695312,True
1526,50.86666666666667,0.895034909248352,12.383817229419947,87,87,0,single,142.85724868587627,JUMPING,True,0.4333333333333371,0.4199843987943767,30.909347534179688,27.235031127929688,30.11290097432232,10.446596575696118,3.3167790802001953,221.60316467285156,219.42942810058594,115.97444152832031,113.87870788574219,26.820816040039062,False
1527,50.9,0.9080303311347961,11.403284035623074,87,87,0,single,142.85724868587627,JUMPING,False,,0.4199843987943767,,,30.11290097432232,11.442585813903808,3.8141952713012692,221.938232421875,226.82553100585938,116.88973236083984,119.93638610839844,26.639039993286133,False
1528,50.93333333333333,0.9051881432533264,12.49951496720314,87,87,0,single,142.85724868587627,JUMPING,False,,0.4199843987943767,,,30.11290097432232,10.53951534101281,3.4383081207275388,222.76754760742188,230.2910614013672,117.54070281982422,122.6490478515625,26.133607864379883,False
1529,50.96666666666667,0.8919603228569031,11.85594592243433,87,87,0,single,142.85724868587627,JUMPING,False,,0.4199843987943767,,,30.11290097432232,10.53951534101281,3.4165903472900387,223.42739868164062,228.48483276367188,117.65735626220703,120.1595458984375,24.87946891784668,False
1530,51.0,0.8962093591690063,12.649035081267357,87,87,0,single,142.85724868587627,JUMPING,False,,0.4199843987943767,,,30.11290097432232,10.53951534101281,3.1851829467773434,223.42739868164062,220.32034301757812,117.65735626220703,112.80206298828125,26.42081069946289,False
1531,51.03333333333333,0.8902075886726379,11.623181868344545,87,87,0,single,142.85724868587627,JUMPING,False,,0.4199843987943767,,,30.11290097432232,10.53951534101281,3.1851829467773434,223.42739868164062,210.57772827148438,117.65735626220703,104.69891357421875,30.987445831298828,True
1532,51.06666666666667,0.8956291675567627,12.104277033358812,87,87,0,single,142.85724868587627,JUMPING,False,,0.4199843987943767,,,30.11290097432232,10.53951534101281,3.1851829467773434,223.42739868164062,201.03427124023438,117.65735626220703,97.77154541015625,33.12681198120117,True
1533,51.1,0.8957896828651428,11.232119053602219,87,87,0,single,142.85724868587627,JUMPING,False,,0.4199843987943767,,,30.11290097432232,10.53951534101281,3.1851829467773434,223.42739868164062,194.68795776367188,117.65735626220703,93.89115905761719,32.150665283203125,True
1534,51.13333333333333,0.8942360281944275,12.262195814400911,87,87,0,single,142.85724868587627,JUMPING,False,,0.4199843987943767,,,30.11290097432232,10.53951534101281,3.1851829467773434,223.42739868164062,190.84405517578125,117.65735626220703,91.69078063964844,30.912946701049805,True
1535,51.166666666666664,0.8773715496063232,11.39180501922965,87,87,0,single,142.85724868587627,JUMPING,False,,0.4199843987943767,,,30.11290097432232,10.53951534101281,3.3167790802001953,223.42739868164062,192.639404296875,117.65735626220703,92.90745544433594,30.579925537109375,True
1536,51.2,0.8652940988540649,12.254385743290186,87,87,0,single,142.85724868587627,JUMPING,False,,0.4199843987943767,,,30.11290097432232,10.53951534101281,3.3768875427246092,223.42739868164062,201.33132934570312,117.54070281982422,97.8675308227539,31.533527374267578,True
1537,51.233333333333334,0.8733373880386353,10.925197042524815,87,87,0,single,142.85724868587627,JUMPING,False,,0.4199843987943767,,,30.11290097432232,12.175696403503416,4.058565467834472,222.96534729003906,208.58172607421875,117.54070281982422,104.68899536132812,31.347782135009766,True
1538,51.266666666666666,0.8930137157440186,12.377852108329535,88,88,0,single,145.16136596035605,JUMPING,True,0.3999999999999986,0.41558783105961355,32.12129211425781,25.84992218017578,30.614998759306193,12.175696403503416,4.058565467834472,222.96534729003906,218.9844970703125,117.54070281982422,113.70913696289062,34.092857360839844,False
1539,51.3,0.8956106305122375,11.509861331433058,88,88,0,single,145.16136596035605,JUMPING,False,,0.41558783105961355,,,30.614998759306193,13.613989883422851,4.537996627807617,223.65940856933594,225.5023193359375,117.77615356445312,120.03150939941406,33.105377197265625,False
1540,51.333333333333336,0.8959623575210571,12.266537640243769,88,88,0,single,145.16136596035605,JUMPING,False,,0.41558783105961355,,,30.614998759306193,16.05611957244873,5.35203985748291,224.79185485839844,229.28219604492188,119.12220001220703,123.34803771972656,31.87781524658203,False
1541,51.36666666666667,0.9041217565536499,11.478873901069164,88,88,0,single,145.16136596035605,JUMPING,False,,0.41558783105961355,,,30.614998759306193,15.740227770996093,5.246742590332031,226.29624938964844,229.45748901367188,119.99346160888672,122.62428283691406,31.020885467529297,False
1542,51.4,0.913123369216919,12.073105201125145,88,88,0,single,145.16136596035605,JUMPING,False,,0.41558783105961355,,,30.614998759306193,13.785288821411132,4.595096273803711,226.29624938964844,221.920166015625,119.99346160888672,116.10234069824219,29.93321990966797,False
1543,51.43333333333333,0.9246675968170166,10.99227275699377,88,88,0,single,145.16136596035605,JUMPING,False,,0.41558783105961355,,,30.614998759306193,13.785288821411132,4.595096273803711,226.29624938964844,212.716552734375,119.99346160888672,107.6668701171875,32.13117599487305,False
1544,51.46666666666667,0.8989314436912537,12.293446809053421,88,88,0,single,145.16136596035605,JUMPING,False,,0.41558783105961355,,,30.614998759306193,13.785288821411132,4.595096273803711,226.29624938964844,203.92660522460938,119.99346160888672,99.50653076171875,31.619539260864258,True
1545,51.5,0.8914482593536377,11.127153877168894,88,88,0,single,145.16136596035605,JUMPING,False,,0.41558783105961355,,,30.614998759306193,13.785288821411132,4.595096273803711,226.29624938964844,198.75534057617188,119.99346160888672,93.84599304199219,33.89873504638672,True
1546,51.53333333333333,0.8885183334350586,12.810432817786932,88,88,0,single,145.16136596035605,JUMPING,False,,0.41558783105961355,,,30.614998759306193,13.785288821411132,4.595096273803711,226.29624938964844,195.71728515625,119.99346160888672,91.16798400878906,34.02608871459961,True
1547,51.56666666666667,0.8989056348800659,11.102361138910055,88,88,0,single,145.16136596035605,JUMPING,False,,0.41558783105961355,,,30.614998759306193,15.740227770996093,5.246742590332031,226.29624938964844,193.23406982421875,119.99346160888672,90.79115295410156,29.352800369262695,True
1548,51.6,0.8806146383285522,12.205492705106735,88,88,0,single,145.16136596035605,JUMPING,False,,0.41558783105961355,,,30.614998759306193,15.740227770996093,5.246742590332031,226.29624938964844,195.3618621826172,119.99346160888672,93.38197326660156,27.175539016723633,True
1549,51.63333333333333,0.8601483106613159,11.920312885195017,88,88,0,unknown,0.0,JUMPING,False,,,,,,,,,,,,0.0,False
1550,51.666666666666664,0.8594999313354492,12.163018342107534,88,88,0,single,145.16136596035605,JUMPING,False,,0.41558783105961355,,,30.614998759306193,15.740227770996093,5.246742590332031,226.29624938964844,205.5547332763672,119.99346160888672,103.42906188964844,29.61090087890625,True
1551,51.7,0.8954392075538635,11.163407005369663,89,89,0,single,142.85698512801892,JUMPING,True,0.4333333333333371,0.41949184155983277,33.06217956542969,29.202308654785156,31.226793960837067,15.740227770996093,5.246742590332031,226.29624938964844,213.45098876953125,119.99346160888672,111.82633972167969,27.64520263671875,False
1552,51.733333333333334,0.8941901922225952,12.353309895843267,89,89,0,single,142.85698512801892,JUMPING,False,,0.41949184155983277,,,31.226793960837067,15.740227770996093,5.246742590332031,226.29624938964844,218.17552185058594,119.99346160888672,116.98726654052734,26.889808654785156,False
1553,51.766666666666666,0.9083306193351746,11.01292110979557,89,89,0,single,142.85698512801892,JUMPING,False,,0.41949184155983277,,,31.226793960837067,15.148486312866211,5.04949543762207,226.29624938964844,220.03684997558594,119.99346160888672,118.16780090332031,27.095212936401367,False
1554,51.8,0.893585205078125,12.016694992780685,89,89,0,single,142.85698512801892,JUMPING,False,,0.41949184155983277,,,31.226793960837067,15.148486312866211,5.04949543762207,226.29624938964844,218.50039672851562,119.99346160888672,113.77667236328125,26.94414520263672,False
1555,51.833333333333336,0.9206684827804565,11.015803087502718,89,89,0,single,142.85698512801892,JUMPING,False,,0.41949184155983277,,,31.226793960837067,15.148486312866211,5.04949543762207,226.29624938964844,210.2687225341797,119.99346160888672,107.16627502441406,28.39299201965332,True
1556,51.86666666666667,0.8989123106002808,12.386783957481384,89,89,0,single,142.85698512801892,JUMPING,False,,0.41949184155983277,,,31.226793960837067,15.148486312866211,5.04949543762207,226.29624938964844,201.77769470214844,119.99346160888672,99.49307250976562,29.60547637939453,True
1557,51.9,0.9116188287734985,11.210083030164242,89,89,0,single,142.85698512801892,JUMPING,False,,0.41949184155983277,,,31.226793960837067,15.148486312866211,5.04949543762207,226.29624938964844,193.7669219970703,119.99346160888672,93.96151733398438,29.93862533569336,True
1558,51.93333333333333,0.9066949486732483,12.055648025125265,89,89,0,single,142.85698512801892,JUMPING,False,,0.41949184155983277,,,31.226793960837067,15.407776167297364,5.135925389099121,226.29624938964844,188.7220916748047,119.99346160888672,90.77401733398438,30.492416381835938,True
1559,51.96666666666667,0.8854320645332336,10.923330206423998,89,89,0,single,142.85698512801892,JUMPING,False,,0.41949184155983277,,,31.226793960837067,15.407776167297364,5.135925389099121,226.29624938964844,188.7705078125,119.99346160888672,90.11898803710938,30.932540893554688,True
1560,52.0,0.8810217976570129,12.126946821808815,89,89,0,single,142.85698512801892,JUMPING,False,,0.41949184155983277,,,31.226793960837067,16.409406665039064,5.4698022216796875,226.29624938964844,191.25851440429688,119.99346160888672,92.60606384277344,29.461313247680664,True
1561,52.03333333333333,0.869835376739502,11.112457606941462,89,89,0,single,142.85698512801892,JUMPING,False,,0.41949184155983277,,,31.226793960837067,19.72893440093994,6.5763114669799805,226.29624938964844,200.09970092773438,119.99346160888672,98.55978393554688,28.88945770263672,True
1562,52.06666666666667,0.8860616683959961,12.102107051759958,90,90,0,single,147.54101618808767,JUMPING,True,0.36666666666666714,0.4078703030833363,37.57415771484375,29.874473571777344,32.81363489933874,17.591803692626954,5.863934564208984,226.29624938964844,209.89303588867188,119.99346160888672,106.62669372558594,29.117046356201172,False
1563,52.1,0.8879145979881287,11.280687060207129,90,90,0,unknown,0.0,JUMPING,False,,,,,,,,,,,,0.0,False
1564,52.13333333333333,0.8976095914840698,12.217204086482525,90,90,0,single,147.54101618808767,JUMPING,False,,0.4078703030833363,,,32.81363489933874,17.69380935974121,5.89793645324707,226.29624938964844,221.32168579101562,119.99346160888672,114.03543090820312,28.826339721679688,False
1565,52.166666666666664,0.8543129563331604,11.21515966951847,90,90,0,single,147.54101618808767,JUMPING,False,,0.4078703030833363,,,32.81363489933874,18.41198898010254,6.13732966003418,226.29624938964844,224.4599151611328,119.99346160888672,115.847412109375,26.653656005859375,False
1566,52.2,0.9018418788909912,13.11554480344057,90,90,0,single,147.54101618808767,JUMPING,False,,0.4078703030833363,,,32.81363489933874,16.448193251037598,5.482731083679199,226.29624938964844,218.97335815429688,119.99346160888672,112.08084106445312,24.432222366333008,False
1567,52.233333333333334,0.883438229560852,11.103764176368713,90,90,0,single,147.54101618808767,JUMPING,False,,0.4078703030833363,,,32.81363489933874,16.448193251037598,5.482731083679199,226.29624938964844,212.70521545410156,119.99346160888672,105.95339965820312,28.22250747680664,False
1568,52.266666666666666,0.8902204036712646,11.927919927984476,90,90,0,single,147.54101618808767,JUMPING,False,,0.4078703030833363,,,32.81363489933874,16.448193251037598,5.482731083679199,226.29624938964844,205.3309326171875,119.99346160888672,99.91290283203125,29.838769912719727,True
1569,52.3,0.869434654712677,11.171759106218815,90,90,0,single,147.54101618808767,JUMPING,False,,0.4078703030833363,,,32.81363489933874,16.448193251037598,5.482731083679199,226.29624938964844,200.94570922851562,119.99346160888672,95.65217590332031,33.730220794677734,True
1570,52.333333333333336,0.8756474852561951,12.011640705168247,90,90,0,single,147.54101618808767,JUMPING,False,,0.4078703030833363,,,32.81363489933874,16.448193251037598,5.482731083679199,226.29624938964844,197.7042236328125,119.99346160888672,93.05235290527344,34.731266021728516,True
1571,52.36666666666667,0.8617364764213562,11.24299829825759,90,90,0,single,147.54101618808767,JUMPING,False,,0.4078703030833363,,,32.81363489933874,16.448193251037598,5.482731083679199,226.29624938964844,199.60113525390625,119.99346160888672,92.75785827636719,35.91969299316406,True
1572,52.4,0.8789992928504944,11.96421729400754,90,90,0,single,147.54101618808767,JUMPING,False,,0.4078703030833363,,,32.81363489933874,16.448193251037598,5.482731083679199,226.29624938964844,200.75794982910156,119.99346160888672,95.71835327148438,32.4390754699707,True
1573,52.43333333333333,0.8838455677032471,11.220143642276525,90,90,0,single,147.54101618808767,JUMPING,False,,0.4078703030833363,,,32.81363489933874,18.41198898010254,6.13732966003418,226.29624938964844,206.82498168945312,119.99346160888672,101.7289810180664,32.899803161621094,True
1574,52.46666666666667,0.9003286361694336,12.001504190266132,91,91,0,single,147.54101618808767,JUMPING,True,0.3999999999999986,0.40613883640500203,27.381134033203125,26.528167724609375,31.455509682804834,13.253373042297364,4.417791014099121,225.08535766601562,215.46139526367188,119.28602600097656,110.38641357421875,29.285579681396484,False
1575,52.5,0.9026100039482117,11.056125164031982,91,91,0,single,147.54101618808767,JUMPING,False,,0.40613883640500203,,,31.455509682804834,11.009428388981691,3.5033483276367186,223.4440155029297,220.87802124023438,117.69558715820312,116.51512908935547,26.46778678894043,False
1576,52.53333333333333,0.9058855772018433,12.073566671460867,91,91,0,single,147.54101618808767,JUMPING,False,,0.40613883640500203,,,31.455509682804834,11.009428388981691,3.5033483276367186,223.14634704589844,223.96380615234375,117.69558715820312,119.831787109375,27.17418098449707,False
1577,52.56666666666667,0.8849186897277832,11.162352748215199,91,91,0,single,147.54101618808767,JUMPING,False,,0.40613883640500203,,,31.455509682804834,11.751079998779296,3.9170266662597655,223.1603546142578,221.95516967773438,118.12628173828125,118.06401062011719,28.656435012817383,False
1578,52.6,0.8703008890151978,12.231871951371431,91,91,0,single,147.54101618808767,JUMPING,False,,0.40613883640500203,,,31.455509682804834,11.751622943115233,3.917207647705078,223.1603546142578,218.0382080078125,118.12628173828125,112.35069274902344,27.86789321899414,False
1579,52.63333333333333,0.8826196789741516,11.09179388731718,91,91,0,single,147.54101618808767,JUMPING,False,,0.40613883640500203,,,31.455509682804834,11.751622943115233,3.917207647705078,223.1603546142578,211.26165771484375,118.12628173828125,105.9043197631836,27.793397903442383,True
1580,52.666666666666664,0.8977248668670654,12.054626364260912,91,91,0,single,147.54101618808767,JUMPING,False,,0.40613883640500203,,,31.455509682804834,11.751622943115233,3.917207647705078,223.1603546142578,202.9872589111328,118.12628173828125,99.6604995727539,31.439666748046875,True
1581,52.7,0.8824381828308105,11.031161062419415,91,91,0,single,147.54101618808767,JUMPING,False,,0.40613883640500203,,,31.455509682804834,11.751622943115233,3.917207647705078,223.1603546142578,198.95584106445312,118.12628173828125,95.46208190917969,37.08018112182617,True
1582,52.733333333333334,0.8910874128341675,12.251264415681362,91,91,0,unknown,0.0,JUMPING,False,,,,,,,,,,,,0.0,False
1583,52.766666666666666,0.880681574344635,11.084793135523796,91,91,0,unknown,0.0,JUMPING,False,,,,,,,,,,,,0.0,False
1584,52.8,0.863985538482666,12.123201973736286,91,91,0,single,147.54101618808767,JUMPING,False,,0.40613883640500203,,,31.455509682804834,11.751622943115233,3.917207647705078,223.1603546142578,200.8933868408203,118.12628173828125,97.03842163085938,31.90424346923828,True
1585,52.833333333333336,0.877581000328064,11.148038320243359,91,91,0,unknown,0.0,JUMPING,False,,,,,,,,,,,,0.0,False
1586,52.86666666666667,0.8939528465270996,11.965407989919186,92,92,0,single,149.99999776482585,JUMPING,True,0.3999999999999986,0.4047882923959013,24.204513549804688,22.664199829101562,29.6427606495548,11.751622943115233,3.917207647705078,223.1603546142578,215.49862670898438,118.12628173828125,107.48055267333984,32.37104415893555,False
1587,52.9,0.8988687992095947,10.916037019342184,92,92,0,single,149.99999776482585,JUMPING,False,,0.4047882923959013,,,29.6427606495548,10.993401177978516,3.6644670593261717,223.1603546142578,221.09536743164062,118.12628173828125,113.69986724853516,29.93747329711914,False
1588,52.93333333333333,0.9055180549621582,14.1160748898983,92,92,0,single,149.99999776482585,JUMPING,False,,0.4047882923959013,,,29.6427606495548,12.20155412750244,4.06718470916748,224.261474609375,224.76129150390625,118.12628173828125,117.75299072265625,28.436790466308594,False
1589,52.96666666666667,0.8651891946792603,11.327138636261225,92,92,0,single,149.99999776482585,JUMPING,False,,0.4047882923959013,,,29.6427606495548,12.20155412750244,4.06718470916748,224.261474609375,227.10748291015625,117.93960571289062,117.0746841430664,24.625930786132812,False
1590,53.0,0.8812979459762573,11.996573768556118,92,92,0,single,149.99999776482585,JUMPING,False,,0.4047882923959013,,,29.6427606495548,10.993401177978516,3.6644670593261717,223.1603546142578,220.33285522460938,117.4816665649414,111.51417541503906,24.793359756469727,False
1591,53.03333333333333,0.8881359100341797,11.16837514564395,92,92,0,single,149.99999776482585,JUMPING,False,,0.4047882923959013,,,29.6427606495548,10.575198303222656,3.5250661010742186,221.941162109375,211.67138671875,117.03971862792969,104.90728759765625,30.287240982055664,False
1592,53.06666666666667,0.8994767665863037,11.989119928330183,92,92,0,unknown,0.0,JUMPING,False,,,,,,,,,,,,0.0,False
1593,53.1,0.8821839690208435,11.068342719227076,92,92,0,single,149.99999776482585,JUMPING,False,,0.4047882923959013,,,29.6427606495548,10.37496622734418,3.3617642807006836,221.7017822265625,205.27044677734375,117.03971862792969,99.87693786621094,31.223308563232422,True
1594,53.13333333333333,0.8860704302787781,12.034828774631023,92,92,0,single,149.99999776482585,JUMPING,False,,0.4047882923959013,,,29.6427606495548,10.37496622734418,3.3617642807006836,221.7017822265625,200.8544921875,117.03971862792969,96.91236877441406,32.215126037597656,True
1595,53.166666666666664,0.8682578802108765,11.032664217054844,92,92,0,unknown,0.0,JUMPING,False,,,,,,,,,,,,0.0,False
1596,53.2,0.8661603927612305,11.95457112044096,92,92,0,unknown,0.0,JUMPING,False,,,,,,,,,,,,0.0,False
1597,53.233333333333334,0.8696860671043396,11.138496920466423,92,92,0,unknown,0.0,JUMPING,False,,,,,,,,,,,,0.0,False
1598,53.266666666666666,0.9055196642875671,12.119697872549295,92,92,0,unknown,0.0,JUMPING,False,,,,,,,,,,,,0.0,False
1599,53.3,0.8903276920318604,11.003017891198397,93,93,0,single,147.54101618808767,JUMPING,True,0.43333333333333,0.4110682014021356,20.8472900390625,20.127349853515625,27.443892996931723,10.37496622734418,3.3617642807006836,221.7017822265625,213.2657470703125,117.03971862792969,104.87179565429688,31.671594619750977,False
1600,53.333333333333336,0.8970076441764832,12.222274206578732,93,93,0,single,147.54101618808767,JUMPING,False,,0.4110682014021356,,,27.443892996931723,9.605362548926102,2.7168029663085935,221.7017822265625,218.54983520507812,117.03971862792969,109.82989501953125,30.429182052612305,False
1601,53.36666666666667,0.8315698504447937,11.277028359472752,93,93,0,unknown,0.0,JUMPING,False,,,,,,,,,,,,0.0,False
1602,53.4,0.904190182685852,11.99621194973588,93,93,0,unknown,0.0,JUMPING,False,,,,,,,,,,,,0.0,False
1603,53.43333333333333,0.8903865218162537,11.157712899148464,93,93,0,single,147.54101618808767,JUMPING,False,,0.4110682014021356,,,27.443892996931723,9.605362548926102,2.7168029663085935,221.7017822265625,208.95263671875,117.03971862792969,104.34605407714844,30.226831436157227,True
1604,53.46666666666667,0.8888046741485596,11.986613739281893,93,93,0,single,147.54101618808767,JUMPING,False,,0.4110682014021356,,,27.443892996931723,9.605362548926102,2.7168029663085935,221.7017822265625,201.9666748046875,117.03971862792969,101.37126159667969,28.671350479125977,True
1605,53.5,0.8777899742126465,11.570512782782316,93,93,0,single,147.54101618808767,JUMPING,False,,0.4110682014021356,,,27.443892996931723,9.605362548926102,2.7168029663085935,221.7017822265625,198.3093719482422,117.03971862792969,100.0962142944336,25.36145782470703,True
1606,53.53333333333333,0.8728277087211609,12.034816201776266,93,93,0,single,147.54101618808767,JUMPING,False,,0.4110682014021356,,,27.443892996931723,9.605362548926102,2.7168029663085935,221.7017822265625,196.06756591796875,117.03971862792969,99.37537384033203,24.709537506103516,True
1607,53.56666666666667,0.8564374446868896,11.351007036864758,93,93,0,single,147.54101618808767,JUMPING,False,,0.4110682014021356,,,27.443892996931723,9.605362548926102,2.7168029663085935,221.7017822265625,202.66970825195312,117.03971862792969,101.69387817382812,28.35575294494629,True
1608,53.6,0.8397801518440247,12.127102818340063,93,93,0,single,147.54101618808767,JUMPING,False,,0.4110682014021356,,,27.443892996931723,9.605362548926102,3.084285791015625,221.7017822265625,208.7231903076172,116.85086059570312,108.0660400390625,27.98802375793457,True
1609,53.63333333333333,0.8840926289558411,13.00881989300251,93,93,0,unknown,0.0,JUMPING,False,,,,,,,,,,,,0.0,False
1610,53.666666666666664,0.8602202534675598,13.29998392611742,93,93,0,unknown,0.0,JUMPING,False,,,,,,,,,,,,0.0,False
1611,53.7,0.8816760182380676,11.332888156175613,93,93,0,single,147.54101618808767,JUMPING,False,,0.4110682014021356,,,27.443892996931723,10.575198303222656,3.5250661010742186,221.7017822265625,210.43975830078125,116.24803924560547,108.2247314453125,26.671846389770508,True
1612,53.733333333333334,0.6763448119163513,11.872223112732172,94,94,0,single,147.54101618808767,JUMPING,True,0.4333333333333371,0.41596653042699994,25.63421630859375,16.872665405273438,26.99147382484723,11.97646976623535,3.992156588745117,221.7017822265625,211.14862060546875,116.24803924560547,107.909912109375,26.4316463470459,False
1613,53.766666666666666,0.9135321974754333,11.948058847337961,94,94,0,single,147.54101618808767,JUMPING,False,,0.41596653042699994,,,26.99147382484723,11.97646976623535,3.992156588745117,221.7017822265625,207.290283203125,116.24803924560547,104.55235290527344,25.965757369995117,True
1614,53.8,0.9060958623886108,11.962340213358402,94,94,0,single,147.54101618808767,JUMPING,False,,0.41596653042699994,,,26.99147382484723,11.97646976623535,3.992156588745117,221.7017822265625,201.92947387695312,116.24803924560547,100.9375,26.7056827545166,True
1615,53.833333333333336,0.9058263301849365,11.171613819897175,94,94,0,single,147.54101618808767,JUMPING,False,,0.41596653042699994,,,26.99147382484723,11.97646976623535,3.992156588745117,221.7017822265625,199.49569702148438,116.24803924560547,99.167236328125,25.42986488342285,True
1616,53.86666666666667,0.8904929161071777,12.527658138424158,94,94,0,single,147.54101618808767,JUMPING,False,,0.41596653042699994,,,26.99147382484723,11.97646976623535,3.992156588745117,221.7017822265625,200.12789916992188,116.24803924560547,100.20103454589844,25.237688064575195,True
1617,53.9,0.855075478553772,11.27544604241848,94,94,0,single,147.54101618808767,JUMPING,False,,0.41596653042699994,,,26.99147382484723,11.97646976623535,3.992156588745117,221.7017822265625,203.67031860351562,116.24803924560547,103.39616394042969,25.40462303161621,True
1618,53.93333333333333,0.8424944877624512,11.861627921462059,94,94,0,single,147.54101618808767,JUMPING,False,,0.41596653042699994,,,26.99147382484723,10.88345494995117,3.6278183166503903,221.7017822265625,207.39016723632812,116.24803924560547,105.54239654541016,26.458219528198242,True
1619,53.96666666666667,0.8457231521606445,11.21453195810318,94,94,0,unknown,0.0,JUMPING,False,,,,,,,,,,,,0.0,False
1620,54.0,0.8714938759803772,11.99697470292449,95,95,0,single,155.17233453881096,JUMPING,True,0.2666666666666657,0.3831205603997264,22.206085205078125,17.08080291748047,25.795126669904953,9.949183483886719,3.316394494628906,221.7017822265625,218.85848999023438,116.24803924560547,112.68862915039062,25.303466796875,False
1621,54.03333333333333,0.8962050676345825,11.017862241715193,95,95,0,single,155.17233453881096,JUMPING,False,,0.3831205603997264,,,25.795126669904953,10.069988598632811,3.3566628662109372,221.7017822265625,218.58682250976562,116.24803924560547,115.01545715332031,27.09224510192871,False
1622,54.06666666666667,0.898944079875946,11.849929112941027,95,95,0,single,155.17233453881096,JUMPING,False,,0.3831205603997264,,,25.795126669904953,10.190793713378905,3.3969312377929683,221.6112518310547,212.9637908935547,116.24803924560547,111.03012084960938,28.679401397705078,False
1623,54.1,0.9003047347068787,10.943805798888206,95,95,0,single,155.17233453881096,JUMPING,False,,0.3831205603997264,,,25.795126669904953,9.028294334466732,2.266272280883789,221.0084228515625,207.0799560546875,115.9152603149414,105.61299133300781,29.505578994750977,True
1624,54.13333333333333,0.9178365468978882,11.96123007684946,95,95,0,single,155.17233453881096,JUMPING,False,,0.3831205603997264,,,25.795126669904953,9.028294334466732,2.6435054809570313,221.0084228515625,203.16339111328125,115.9152603149414,101.67646026611328,28.973773956298828,True
1625,54.166666666666664,0.8841766715049744,11.1828469671309,95,95,0,single,155.17233453881096,JUMPING,False,,0.3831205603997264,,,25.795126669904953,9.028294334466732,2.6435054809570313,221.0084228515625,198.65444946289062,115.9152603149414,98.413818359375,28.86029624938965,True
1626,54.2,0.8922311067581177,13.184117153286934,95,95,0,single,155.17233453881096,JUMPING,False,,0.3831205603997264,,,25.795126669904953,9.028294334466732,2.6435054809570313,221.0084228515625,196.13946533203125,115.9152603149414,97.82296752929688,27.86908721923828,True
1627,54.233333333333334,0.8527178764343262,10.972538962960243,95,95,0,single,155.17233453881096,JUMPING,False,,0.3831205603997264,,,25.795126669904953,9.028294334466732,2.6435054809570313,221.0084228515625,198.81460571289062,115.9152603149414,98.6013412475586,27.713191986083984,True
1628,54.266666666666666,0.8416584730148315,11.843889951705933,95,95,0,single,155.17233453881096,JUMPING,False,,0.3831205603997264,,,25.795126669904953,9.028294334466732,2.6435054809570313,221.0084228515625,201.18060302734375,115.9152603149414,101.51038360595703,27.699254989624023,True
1629,54.3,0.8026249408721924,11.264418251812458,95,95,0,unknown,0.0,JUMPING,False,,,,,,,,,,,,0.0,False
1630,54.333333333333336,0.7904767990112305,12.898304034024477,95,95,0,unknown,0.0,JUMPING,False,,,,,,,,,,,,0.0,False
1631,54.36666666666667,0.8864635229110718,11.106531135737896,95,95,0,unknown,0.0,JUMPING,False,,,,,,,,,,,,0.0,False
1632,54.4,0.867750883102417,12.353297788649797,95,95,0,single,155.17233453881096,JUMPING,False,,0.3831205603997264,,,25.795126669904953,9.028294334466732,2.6435054809570313,221.0084228515625,208.70254516601562,115.9152603149414,106.37998962402344,25.623998641967773,True
1633,54.43333333333333,0.9056701064109802,12.063032016158104,95,95,0,single,155.17233453881096,JUMPING,False,,0.3831205603997264,,,25.795126669904953,9.028294334466732,2.6435054809570313,221.0084228515625,207.59786987304688,115.9152603149414,106.06007385253906,27.20317840576172,True
1634,54.46666666666667,0.9031400084495544,12.012066785246134,95,95,0,single,155.17233453881096,JUMPING,False,,0.3831205603997264,,,25.795126669904953,9.028294334466732,2.6435054809570313,221.0084228515625,206.21006774902344,115.9152603149414,103.69436645507812,27.991701126098633,True
1635,54.5,0.8958604335784912,11.123400181531906,95,95,0,single,155.17233453881096,JUMPING,False,,0.3831205603997264,,,25.795126669904953,9.060655078124999,3.020218359375,221.0084228515625,202.17706298828125,115.9152603149414,101.9902572631836,28.302913665771484,True
1636,54.53333333333333,0.8999055624008179,11.9523829780519,95,95,0,single,155.17233453881096,JUMPING,False,,0.3831205603997264,,,25.795126669904953,9.028294334466732,2.6435054809570313,220.7903594970703,200.49880981445312,114.48921966552734,100.89970397949219,27.636981964111328,True
1637,54.56666666666667,0.8784999251365662,10.926019866019487,95,95,0,single,155.17233453881096,JUMPING,False,,0.3831205603997264,,,25.795126669904953,9.028294334466732,2.266272280883789,219.74310302734375,202.6163330078125,113.29537200927734,101.80524444580078,26.603837966918945,True
1638,54.6,0.8823534250259399,11.76060875877738,95,95,0,single,155.17233453881096,JUMPING,False,,0.3831205603997264,,,25.795126669904953,11.157506103515624,3.7191687011718746,218.74981689453125,206.0889129638672,112.55345153808594,104.46498107910156,24.888545989990234,True
1639,54.63333333333333,0.850901186466217,11.266915127635002,95,95,0,single,0.0,JUMPING,False,0.6333333333333329,,22.6103515625,14.395881652832031,25.795126669904953,12.446591693115234,4.148863897705078,218.74981689453125,210.4874267578125,112.2188491821289,109.83808898925781,25.349672317504883,False
1640,54.666666666666664,0.8966103196144104,12.246302794665098,95,95,0,double,155.17233453881096,JUMPING,False,,0.3831205603997264,,,25.795126669904953,9.028294334466732,2.2996633575439454,219.22390747070312,219.467529296875,113.29537200927734,115.02301025390625,19.8187198638916,False
1641,54.7,0.8882431387901306,11.172754224389791,95,95,0,double,155.17233453881096,JUMPING,False,,0.3831205603997264,,,25.795126669904953,9.028294334466732,1.8595843505859373,219.98672485351562,220.61766052246094,114.48921966552734,115.19623565673828,24.150243759155273,False
1642,54.733333333333334,0.8902286291122437,11.878287885338068,95,95,0,double,155.17233453881096,JUMPING,False,,0.3831205603997264,,,25.795126669904953,9.028294334466732,2.185893896484375,220.5037384033203,221.09292602539062,114.82215118408203,114.53219604492188,25.919530868530273,False
1643,54.766666666666666,0.8637948036193848,11.07505103573203,95,95,0,double,155.17233453881096,JUMPING,False,,0.3831205603997264,,,25.795126669904953,9.028294334466732,1.8595843505859373,220.5037384033203,216.2286834716797,114.82215118408203,110.38804626464844,28.982412338256836,False
1644,54.8,0.8952872157096863,12.129039037972689,95,95,0,double,155.17233453881096,JUMPING,False,,0.3831205603997264,,,25.795126669904953,9.028294334466732,2.185893896484375,220.5037384033203,213.36474609375,114.82215118408203,105.45404815673828,25.62226676940918,False
1645,54.833333333333336,0.6854512691497803,11.28776790574193,95,95,0,single,155.17233453881096,JUMPING,False,,0.3831205603997264,,,25.795126669904953,9.028294334466732,1.8577745361328124,219.98672485351562,205.9489288330078,114.82215118408203,101.6001205444336,25.511028289794922,True
1646,54.86666666666667,0.8846226334571838,11.968260630965233,95,95,0,single,155.17233453881096,JUMPING,False,,0.3831205603997264,,,25.795126669904953,9.028294334466732,2.6081462310791013,219.22390747070312,206.18182373046875,113.79476928710938,100.67115020751953,25.526939392089844,True
1647,54.9,0.8395570516586304,11.121879797428846,95,95,0,single,155.17233453881096,JUMPING,False,,0.3831205603997264,,,25.795126669904953,9.03276131286621,3.01092043762207,218.74981689453125,206.41212463378906,112.2188491821289,101.8476791381836,26.565898895263672,True
1648,54.93333333333333,0.8212647438049316,11.966066900640726,95,95,0,unknown,0.0,JUMPING,False,,,,,,,,,,,,0.0,False
1649,54.96666666666667,0.8033862709999084,11.203081347048283,95,95,0,unknown,0.0,JUMPING,False,,,,,,,,,,,,0.0,False
1650,55.0,0.891708493232727,12.017437722533941,95,95,0,single,0.0,JUMPING,False,1.0,,12.623092651367188,11.354072570800781,25.795126669904953,10.32401867980957,3.441339559936523,218.572021484375,215.33157348632812,112.02522277832031,109.03359985351562,25.191606521606445,False
1651,55.03333333333333,0.8902923464775085,10.986159089952707,95,95,0,unknown,0.0,JUMPING,False,,,,,,,,,,,,0.0,False
1652,55.06666666666667,0.8708300590515137,11.987683363258839,95,95,0,single,155.17233453881096,JUMPING,False,,0.3831205603997264,,,25.795126669904953,11.801539888000487,3.933846629333496,218.572021484375,213.08230590820312,112.02522277832031,109.28860473632812,27.652629852294922,False
1653,55.1,0.9116107225418091,11.180040892213583,95,95,0,single,155.17233453881096,JUMPING,False,,0.3831205603997264,,,25.795126669904953,11.801539888000487,3.933846629333496,218.572021484375,205.74392700195312,112.02522277832031,106.0895767211914,26.707134246826172,True
1654,55.13333333333333,0.9092936515808105,11.807565111666918,95,95,0,single,155.17233453881096,JUMPING,False,,0.3831205603997264,,,25.795126669904953,11.801539888000487,3.933846629333496,218.572021484375,200.8455810546875,112.02522277832031,103.63621520996094,26.409725189208984,True
1655,55.166666666666664,0.8983389139175415,11.152716353535652,95,95,0,single,155.17233453881096,JUMPING,False,,0.3831205603997264,,,25.795126669904953,10.32401867980957,3.441339559936523,218.572021484375,199.62374877929688,112.02522277832031,102.28987884521484,22.8267822265625,True
1656,55.2,0.894025981426239,11.883224360644817,95,95,0,single,155.17233453881096,JUMPING,False,,0.3831205603997264,,,25.795126669904953,11.75572895965576,3.9185763198852537,217.64356994628906,199.63088989257812,112.02522277832031,102.76467895507812,22.83214569091797,True
1657,55.233333333333334,0.8818824291229248,11.215359903872013,95,95,0,double,155.17233453881096,JUMPING,False,,0.3831205603997264,,,25.795126669904953,11.75572895965576,3.9185763198852537,217.64356994628906,203.41873168945312,112.02522277832031,105.60031127929688,21.978673934936523,True
1658,55.266666666666666,0.8937413692474365,12.198865413665771,95,95,0,double,0.0,JUMPING,False,1.2666666666666657,,18.019821166992188,9.735343933105469,25.795126669904953,11.75572895965576,3.9185763198852537,217.64356994628906,207.76092529296875,112.02522277832031,110.07025146484375,22.497873306274414,False
1659,55.3,0.8966575264930725,11.093338951468468,95,95,0,double,155.17233453881096,JUMPING,False,,0.3831205603997264,,,25.795126669904953,12.738220669555664,4.246073556518555,217.64356994628906,215.51808166503906,113.79476928710938,114.74551391601562,22.93061065673828,False
1660,55.333333333333336,0.8954165577888489,11.974497232586145,95,95,0,double,155.17233453881096,JUMPING,False,,0.3831205603997264,,,25.795126669904953,12.241494470214844,4.080498156738281,217.64356994628906,214.63565063476562,114.66018676757812,115.49852752685547,23.956865310668945,False
1661,55.36666666666667,0.8900470733642578,17.563560977578163,95,95,0,double,155.17233453881096,JUMPING,False,,0.3831205603997264,,,25.795126669904953,10.833843411254882,3.6112811370849607,217.64356994628906,213.83889770507812,114.90747833251953,115.44998931884766,22.818099975585938,False
1662,55.4,0.8715441823005676,12.096283957362175,95,95,0,double,155.17233453881096,JUMPING,False,,0.3831205603997264,,,25.795126669904953,10.833843411254882,3.6112811370849607,217.64356994628906,209.7679443359375,114.90747833251953,111.47189331054688,25.449636459350586,False
1663,55.43333333333333,0.8937073945999146,11.144563090056181,95,95,0,double,155.17233453881096,JUMPING,False,,0.3831205603997264,,,25.795126669904953,10.833843411254882,3.6112811370849607,217.64356994628906,203.04440307617188,114.90747833251953,105.94131469726562,29.04161262512207,True
1664,55.46666666666667,0.9210827350616455,11.983773205429316,95,95,0,single,155.17233453881096,JUMPING,False,,0.3831205603997264,,,25.795126669904953,10.833843411254882,3.6112811370849607,217.64356994628906,196.50350952148438,114.90747833251953,102.002197265625,28.163410186767578,True
1665,55.5,0.90875244140625,11.034709867089987,95,95,0,single,155.17233453881096,JUMPING,False,,0.3831205603997264,,,25.795126669904953,10.833843411254882,3.6112811370849607,217.64356994628906,192.44094848632812,114.90747833251953,100.54983520507812,31.080293655395508,True
1666,55.53333333333333,0.9118071794509888,11.917849071323872,95,95,0,single,155.17233453881096,STOPPED,False,,0.3831205603997264,,,25.795126669904953,10.833843411254882,3.6112811370849607,217.64356994628906,190.1136474609375,114.90747833251953,99.72994995117188,32.49258041381836,True
1667,55.56666666666667,0.9213879108428955,10.8718853443861,95,95,0,single,155.17233453881096,STOPPED,False,,0.3831205603997264,,,25.795126669904953,10.833843411254882,3.6112811370849607,217.64356994628906,192.75405883789062,114.90747833251953,102.31198120117188,28.29244041442871,True
1668,55.6,0.9013983607292175,12.209096923470497,95,95,0,single,155.17233453881096,STOPPED,False,,0.3831205603997264,,,25.795126669904953,10.833843411254882,3.6112811370849607,217.64356994628906,201.57350158691406,114.90747833251953,106.96089172363281,25.468292236328125,True
1669,55.63333333333333,0.9029280543327332,10.919440072029829,95,95,0,single,0.0,STOPPED,False,1.6333333333333329,,27.529922485351562,15.177528381347656,25.795126669904953,10.833843411254882,3.6112811370849607,217.64356994628906,208.7122344970703,114.90747833251953,113.1278076171875,23.230031967163086,False
1670,55.666666666666664,0.9072189331054688,12.045876123011112,95,95,0,single,155.17233453881096,STOPPED,False,,0.3831205603997264,,,25.795126669904953,9.79098307800293,3.2636610260009764,217.64356994628906,214.50369262695312,115.01998901367188,117.07421112060547,23.79889488220215,False
1671,55.7,0.9069632291793823,11.020012199878693,95,95,0,double,155.17233453881096,STOPPED,False,,0.3831205603997264,,,25.795126669904953,9.028294334466732,2.702799526977539,216.49266052246094,216.66864013671875,115.12694549560547,118.37013244628906,23.133037567138672,False
1672,55.733333333333334,0.9071193337440491,11.911151930689812,95,95,0,double,155.17233453881096,STOPPED,False,,0.3831205603997264,,,25.795126669904953,9.028294334466732,2.702799526977539,216.49266052246094,217.64739990234375,115.3484878540039,118.92469024658203,22.93410301208496,False
1673,55.766666666666666,0.9088190793991089,11.278334073722363,95,95,0,double,155.17233453881096,STOPPED,False,,0.3831205603997264,,,25.795126669904953,9.028294334466732,2.097688064575195,216.49266052246094,214.41415405273438,115.47911071777344,117.54043579101562,24.745323181152344,False
1674,55.8,0.9069750308990479,12.01897207647562,95,95,0,double,155.17233453881096,STOPPED,False,,0.3831205603997264,,,25.795126669904953,9.028294334466732,2.2130411132812497,216.49266052246094,211.5796356201172,115.6740493774414,115.79106140136719,26.057621002197266,False
1675,55.833333333333336,0.9025622606277466,10.993225034326315,95,95,0,double,155.17233453881096,STOPPED,False,,0.3831205603997264,,,25.795126669904953,9.028294334466732,2.449176654052734,216.49266052246094,211.41770935058594,115.6740493774414,114.59788513183594,26.04506492614746,False
1676,55.86666666666667,0.8998532891273499,12.070334050804377,95,95,0,single,155.17233453881096,STOPPED,False,,0.3831205603997264,,,25.795126669904953,9.028294334466732,2.3029888916015624,216.49266052246094,214.41456604003906,115.6740493774414,114.66323852539062,25.91425895690918,False
1677,55.9,0.8913952708244324,11.397036258131266,95,95,0,single,155.17233453881096,STOPPED,False,,0.3831205603997264,,,25.795126669904953,9.028294334466732,2.449176654052734,217.25588989257812,219.04412841796875,115.6740493774414,115.08396911621094,25.058671951293945,False
1678,55.93333333333333,0.8851456642150879,11.941294185817242,95,95,0,single,155.17233453881096,STOPPED,False,,0.3831205603997264,,,25.795126669904953,9.028294334466732,2.4895581390380856,218.4854278564453,220.80958557128906,115.802734375,115.81051635742188,26.37384796142578,False
1679,55.96666666666667,0.9100342988967896,11.182816699147224,95,95,0,single,155.17233453881096,STOPPED,False,,0.3831205603997264,,,25.795126669904953,9.028294334466732,2.8232426788330076,218.9299774169922,218.75875854492188,115.86366271972656,115.89909362792969,25.593257904052734,False
1680,56.0,0.9086734056472778,11.848194058984518,95,95,0,single,155.17233453881096,STOPPED,False,,0.3831205603997264,,,25.795126669904953,9.028294334466732,2.4895581390380856,218.9299774169922,215.37005615234375,115.86366271972656,115.41048431396484,22.45876121520996,False
1681,56.03333333333333,0.9047971367835999,11.564804706722498,95,95,0,double,155.17233453881096,STOPPED,False,,0.3831205603997264,,,25.795126669904953,9.028294334466732,2.4895581390380856,218.9299774169922,212.85446166992188,115.86366271972656,115.12730407714844,23.173416137695312,False
1682,56.06666666666667,0.9112709760665894,12.217713054269552,95,95,0,double,155.17233453881096,STOPPED,False,,0.3831205603997264,,,25.795126669904953,9.028294334466732,2.4895581390380856,218.9299774169922,211.0130615234375,115.86366271972656,115.00374603271484,23.719053268432617,False
1683,56.1,0.8977636098861694,11.062375735491514,95,95,0,double,155.17233453881096,STOPPED,False,,0.3831205603997264,,,25.795126669904953,9.028294334466732,2.4895581390380856,218.9299774169922,211.40969848632812,115.86366271972656,114.91459655761719,22.3227596282959,False
1684,56.13333333333333,0.9034169912338257,11.863657739013433,95,95,0,double,155.17233453881096,STOPPED,False,,0.3831205603997264,,,25.795126669904953,9.028294334466732,2.4895581390380856,218.9299774169922,211.50975036621094,115.86366271972656,114.98793029785156,21.876359939575195,False
1685,56.166666666666664,0.8648862242698669,10.974392294883728,95,95,0,double,155.17233453881096,STOPPED,False,,0.3831205603997264,,,25.795126669904953,9.028294334466732,2.4895581390380856,218.9299774169922,212.30447387695312,115.86366271972656,114.90054321289062,24.743473052978516,False
1686,56.2,0.8705825805664062,12.034534942358732,95,95,0,unknown,0.0,STOPPED,False,,,,,,,,,,,,0.0,False
1687,56.233333333333334,0.8717300891876221,10.893315076828003,95,95,0,unknown,0.0,STOPPED,False,,,,,,,,,,,,0.0,False
1688,56.266666666666666,0.8764586448669434,11.727580334991217,95,95,0,unknown,0.0,STOPPED,False,,,,,,,,,,,,0.0,False
1689,56.3,0.8956027626991272,11.16899074986577,95,95,0,unknown,0.0,STOPPED,False,,,,,,,,,,,,0.0,False
1690,56.333333333333336,0.8988978862762451,11.937415692955256,95,95,0,unknown,0.0,STOPPED,False,,,,,,,,,,,,0.0,False
1691,56.36666666666667,0.914669394493103,10.880464222282171,95,95,0,unknown,0.0,STOPPED,False,,,,,,,,,,,,0.0,False
1692,56.4,0.8873578906059265,11.935942806303501,95,95,0,unknown,0.0,STOPPED,False,,,,,,,,,,,,0.0,False
1693,56.43333333333333,0.9063454270362854,11.038915254175663,95,95,0,unknown,0.0,STOPPED,False,,,,,,,,,,,,0.0,False
1694,56.46666666666667,0.9025839567184448,11.87732582911849,95,95,0,unknown,0.0,STOPPED,False,,,,,,,,,,,,0.0,False
1695,56.5,0.9100457429885864,11.196872685104609,95,95,0,unknown,0.0,STOPPED,False,,,,,,,,,,,,0.0,False
1696,56.53333333333333,0.3556130528450012,12.154157273471355,95,95,0,unknown,0.0,STOPPED,False,,,,,,,,,,,,0.0,False
1697,56.56666666666667,0.8751934170722961,11.03294501081109,95,95,0,unknown,0.0,STOPPED,False,,,,,,,,,,,,0.0,False
1698,56.6,0.8272631764411926,12.240266893059015,95,95,0,unknown,0.0,STOPPED,False,,,,,,,,,,,,0.0,False
1699,56.63333333333333,0.6991286873817444,11.397939641028643,95,95,0,unknown,0.0,STOPPED,False,,,,,,,,,,,,0.0,False
1700,56.666666666666664,0.8634941577911377,11.918234173208475,95,95,0,unknown,0.0,STOPPED,False,,,,,,,,,,,,0.0,False
1701,56.7,0.8496277928352356,10.989322327077389,95,95,0,single,155.17233453881096,STOPPED,False,,0.3831205603997264,,,25.795126669904953,9.028294334466732,2.5798339462280273,218.9299774169922,213.56907653808594,115.86366271972656,115.79591369628906,40.03899383544922,False
1702,56.733333333333334,0.8350560069084167,12.17343332245946,95,95,0,unknown,0.0,STOPPED,False,,,,,,,,,,,,0.0,False
1703,56.766666666666666,0.8254916667938232,11.097674258053303,95,95,0,unknown,0.0,STOPPED,False,,,,,,,,,,,,0.0,False
1704,56.8,0.8521623015403748,11.819511651992798,95,95,0,single,155.17233453881096,STOPPED,False,,0.3831205603997264,,,25.795126669904953,9.028294334466732,2.5798339462280273,218.9299774169922,212.4439697265625,116.21139526367188,116.41960144042969,46.51714324951172,False
1705,56.833333333333336,0.8619157075881958,11.60796731710434,95,95,0,single,155.17233453881096,STOPPED,False,,0.3831205603997264,,,25.795126669904953,9.028294334466732,2.449176654052734,218.314208984375,213.0650634765625,116.7109603881836,116.90519714355469,45.96122360229492,False
1706,56.86666666666667,0.7262362241744995,12.260258197784424,95,95,0,single,155.17233453881096,STOPPED,False,,0.3831205603997264,,,25.795126669904953,9.028294334466732,2.3123999267578124,217.25588989257812,212.8660125732422,116.96878814697266,117.01118469238281,47.82908630371094,False
1707,56.9,0.883840799331665,11.060603894293308,95,95,0,single,155.17233453881096,STOPPED,False,,0.3831205603997264,,,25.795126669904953,9.028294334466732,2.1691078674316406,216.49266052246094,214.12161254882812,117.04900360107422,117.66093444824219,43.90101623535156,False
1708,56.93333333333333,0.8910145163536072,11.992070823907852,95,95,0,single,155.17233453881096,STOPPED,False,,0.3831205603997264,,,25.795126669904953,9.028294334466732,2.031991799926758,216.2084197998047,214.40081787109375,117.35394287109375,118.10452270507812,44.873252868652344,False
1709,56.96666666666667,0.8969752192497253,11.139322072267532,95,95,0,single,155.17233453881096,STOPPED,False,,0.3831205603997264,,,25.795126669904953,9.028294334466732,2.031991799926758,216.2084197998047,213.701416015625,117.61273193359375,118.50647735595703,38.203208923339844,False
1710,57.0,0.8925196528434753,12.01567193493247,95,95,0,single,155.17233453881096,STOPPED,False,,0.3831205603997264,,,25.795126669904953,9.028294334466732,1.878202816772461,216.2084197998047,215.38844299316406,117.92708587646484,118.19380187988281,37.317787170410156,False
1711,57.03333333333333,0.901563823223114,11.142048053443432,95,95,0,single,155.17233453881096,STOPPED,False,,0.3831205603997264,,,25.795126669904953,9.028294334466732,2.0157034698486327,216.2084197998047,213.8608856201172,117.93394470214844,117.67807006835938,37.62198257446289,False
1712,57.06666666666667,0.9198265075683594,12.29480979964137,95,95,0,unknown,0.0,STOPPED,False,,,,,,,,,,,,0.0,False
1713,57.1,0.9149391651153564,11.087642051279545,95,95,0,single,155.17233453881096,STOPPED,False,,0.3831205603997264,,,25.795126669904953,9.028294334466732,2.180441830444336,216.2084197998047,211.08998107910156,117.93394470214844,117.09391784667969,33.41855239868164,False
1714,57.13333333333333,0.9157135486602783,11.991104111075401,95,95,0,single,155.17233453881096,STOPPED,False,,0.3831205603997264,,,25.795126669904953,9.028294334466732,2.1691078674316406,216.2084197998047,208.973876953125,117.93394470214844,117.00584411621094,32.456642150878906,False
1715,57.166666666666664,0.9157946109771729,10.997775942087173,95,95,0,single,155.17233453881096,STOPPED,False,,0.3831205603997264,,,25.795126669904953,9.028294334466732,2.2374962310791013,216.2084197998047,207.5810546875,117.93394470214844,116.8741226196289,32.45833206176758,False
1716,57.2,0.9254805445671082,11.952812783420086,95,95,0,single,155.17233453881096,STOPPED,False,,0.3831205603997264,,,25.795126669904953,9.028294334466732,2.2374962310791013,216.2084197998047,206.55184936523438,117.93394470214844,116.45751953125,33.251708984375,True
1717,57.233333333333334,0.9026346802711487,11.152490973472595,95,95,0,single,0.0,STOPPED,False,3.2333333333333343,,9.656570434570312,1.4764251708984375,25.795126669904953,9.028294334466732,2.2374962310791013,216.2084197998047,208.95529174804688,117.93394470214844,116.7723388671875,34.4727783203125,False
1718,57.266666666666666,0.9052139520645142,12.035300955176353,95,95,0,single,0.0,STOPPED,False,,,,,25.795126669904953,9.028294334466732,2.267437348937988,216.2084197998047,210.62481689453125,117.93394470214844,116.48867797851562,37.48816680908203,False
1719,57.3,0.9114972352981567,11.071211192756891,95,95,0,single,0.0,STOPPED,False,,,,,25.795126669904953,9.028294334466732,2.274936767578125,216.2084197998047,211.958984375,117.93394470214844,116.72492218017578,37.54072952270508,False
1720,57.333333333333336,0.9119716286659241,12.069582007825375,95,95,0,single,0.0,STOPPED,False,,,,,25.795126669904953,9.028294334466732,2.27251614074707,216.2084197998047,212.75332641601562,117.93394470214844,116.6900634765625,36.410064697265625,False
1721,57.36666666666667,0.9013161659240723,11.225160676985979,95,95,0,single,0.0,STOPPED,False,,,,,25.795126669904953,9.028294334466732,2.4739258666992185,216.2084197998047,211.51318359375,117.93394470214844,115.91777038574219,38.48887634277344,False
1722,57.4,0.9038069844245911,12.276164256036282,95,95,0,single,0.0,STOPPED,False,,,,,25.795126669904953,9.028294334466732,2.229125839233398,216.15655517578125,208.6856689453125,117.93394470214844,115.41017150878906,39.86632537841797,False
1723,57.43333333333333,0.9009850025177002,11.412466876208782,95,95,0,single,0.0,STOPPED,False,,,,,25.795126669904953,9.028294334466732,2.387122640991211,216.15655517578125,206.24205017089844,117.93394470214844,115.06160736083984,42.38496780395508,True
1724,57.46666666666667,0.9056292772293091,11.915090959519148,95,95,0,single,0.0,STOPPED,False,,,,,25.795126669904953,9.028294334466732,2.2947203018188476,216.15655517578125,204.58538818359375,117.93394470214844,115.73313903808594,47.267173767089844,True
1725,57.5,0.9075931906700134,11.15690590813756,95,95,0,single,0.0,STOPPED,False,,,,,25.795126669904953,9.028294334466732,2.2947203018188476,216.15655517578125,203.97251892089844,117.93394470214844,115.65914916992188,50.89725112915039,True
1726,57.53333333333333,0.9133943915367126,11.908187065273523,95,95,0,single,0.0,STOPPED,False,,,,,25.795126669904953,9.028294334466732,2.2947203018188476,216.15655517578125,204.10067749023438,117.93394470214844,115.69847106933594,52.0778694152832,True
1727,57.56666666666667,0.9034370183944702,10.97023906186223,95,95,0,single,0.0,STOPPED,False,,,,,25.795126669904953,9.028294334466732,2.2947203018188476,216.15655517578125,204.75819396972656,117.93394470214844,115.596923828125,52.765220642089844,True
1728,57.6,0.9155424237251282,12.193243019282818,95,95,0,single,0.0,STOPPED,False,,,,,25.795126669904953,9.028294334466732,2.2947203018188476,216.15655517578125,204.87619018554688,117.93394470214844,115.29815673828125,49.901466369628906,True
1729,57.63333333333333,0.9055079221725464,11.100753210484982,95,95,0,single,0.0,STOPPED,False,,,,,25.795126669904953,9.028294334466732,2.2947203018188476,216.15655517578125,204.1709442138672,117.93394470214844,115.74993896484375,52.897315979003906,True
1730,57.666666666666664,0.9172542691230774,11.906163766980171,95,95,0,single,0.0,STOPPED,False,,,,,25.795126669904953,9.028294334466732,2.2947203018188476,216.15655517578125,204.71234130859375,117.93394470214844,116.53875732421875,55.37504196166992,True
1731,57.7,0.9206281304359436,11.124795768409967,95,95,0,single,0.0,STOPPED,False,,,,,25.795126669904953,9.028294334466732,2.2947203018188476,216.15655517578125,203.49176025390625,117.93394470214844,116.48312377929688,55.62997817993164,True
1732,57.733333333333334,0.9098815321922302,12.106474954634905,95,95,0,single,0.0,STOPPED,False,,,,,25.795126669904953,9.028294334466732,2.2947203018188476,216.15655517578125,202.6041259765625,117.93394470214844,116.38619232177734,52.02167892456055,True
1733,57.766666666666666,0.9218125939369202,11.344157624989748,95,95,0,single,0.0,STOPPED,False,,,,,25.795126669904953,9.028294334466732,2.2022953399658203,216.15655517578125,201.5930633544922,117.93394470214844,117.35739135742188,55.02067184448242,True
1734,57.8,0.9088327288627625,12.140118982642889,95,95,0,single,0.0,STOPPED,False,,,,,25.795126669904953,9.028294334466732,2.1480122177124024,215.38108825683594,200.20819091796875,117.80326080322266,117.88671875,53.74707794189453,True
1735,57.833333333333336,0.910702645778656,11.037393007427454,95,95,0,single,0.0,STOPPED,False,,,,,25.795126669904953,9.028294334466732,2.010794348144531,214.98785400390625,199.11959838867188,117.79426574707031,117.8717269897461,50.03361129760742,True
1736,57.86666666666667,0.8989608883857727,11.90055813640356,95,95,0,single,0.0,STOPPED,False,,,,,25.795126669904953,9.028294334466732,1.9996753005981445,214.98785400390625,196.10189819335938,117.88072204589844,117.94558715820312,38.02611541748047,True
1737,57.9,0.8767381906509399,11.065606027841568,95,95,0,single,0.0,STOPPED,False,,,,,25.795126669904953,9.028294334466732,2.010794348144531,214.98785400390625,197.58782958984375,117.92204284667969,118.02102661132812,21.02993392944336,True
1738,57.93333333333333,0.8910441994667053,12.030323036015034,95,95,0,single,0.0,STOPPED,False,,,,,25.795126669904953,9.028294334466732,2.138126106262207,214.98785400390625,198.48117065429688,117.99085235595703,118.08035278320312,18.095109939575195,True
1739,57.96666666666667,0.9187991619110107,11.24917482957244,95,95,0,single,0.0,STOPPED,False,,,,,25.795126669904953,9.028294334466732,2.0057042449951172,214.98236083984375,198.05307006835938,117.99085235595703,117.5031509399414,8.237707138061523,True
1740,58.0,0.8975222706794739,11.992349289357662,95,95,0,double,0.0,STOPPED,False,,,,,25.795126669904953,9.028294334466732,1.9920627685546874,214.2891387939453,196.44528198242188,117.99085235595703,116.15557861328125,5.705249786376953,True
1741,58.03333333333333,0.8957623839378357,11.237632017582655,95,95,0,double,0.0,STOPPED,False,,,,,25.795126669904953,9.028294334466732,1.817065022277832,214.01731872558594,196.48846435546875,117.99085235595703,115.80426788330078,9.992260932922363,True
1742,58.06666666666667,0.9013195633888245,11.880569159984589,95,95,0,double,0.0,STOPPED,False,,,,,25.795126669904953,9.028294334466732,1.8642898681640625,213.79710388183594,195.40850830078125,117.99085235595703,115.07030487060547,22.471878051757812,True
1743,58.1,0.9035609364509583,11.135755106806755,95,95,0,double,0.0,STOPPED,False,,,,,25.795126669904953,9.028294334466732,1.8377534637451172,213.6484832763672,195.05126953125,117.99085235595703,114.25257873535156,35.528839111328125,True
1744,58.13333333333333,0.8963114023208618,12.185269966721535,95,95,0,double,0.0,STOPPED,False,,,,,25.795126669904953,9.028294334466732,1.8748999053955078,213.6484832763672,195.145751953125,117.99085235595703,114.23320770263672,39.22599411010742,True
1745,58.166666666666664,0.8987464904785156,10.948515962809324,95,95,0,single,0.0,STOPPED,False,,,,,25.795126669904953,9.028294334466732,1.8377534637451172,213.6484832763672,194.9681396484375,117.99085235595703,114.34065246582031,49.53062438964844,True
1746,58.2,0.9120563268661499,11.829786002635956,95,95,0,single,0.0,STOPPED,False,,,,,25.795126669904953,9.028294334466732,1.8642898681640625,213.6484832763672,195.67630004882812,117.99085235595703,115.44407653808594,60.443634033203125,True
1747,58.233333333333334,0.9257003664970398,11.212448123842478,95,95,0,single,0.0,STOPPED,False,,,,,25.795126669904953,9.028294334466732,1.7531785720825195,213.6484832763672,196.4773406982422,117.99085235595703,115.83163452148438,68.39791107177734,True
1748,58.266666666666666,0.9353145956993103,12.921264860779047,95,95,0,single,0.0,STOPPED,False,,,,,25.795126669904953,9.028294334466732,1.8386357482910156,213.6484832763672,196.99188232421875,117.99085235595703,117.02239990234375,72.28150939941406,True
1749,58.3,0.9339457154273987,11.583881918340921,95,95,0,single,0.0,STOPPED,False,,,,,25.795126669904953,9.028294334466732,2.1007195037841795,213.44686889648438,196.65745544433594,117.99085235595703,117.53530883789062,74.07405853271484,True
1750,58.333333333333336,0.9314851760864258,13.543345965445042,95,95,0,single,0.0,STOPPED,False,,,,,25.795126669904953,9.028294334466732,2.3988977462768553,213.44686889648438,196.53842163085938,118.05662536621094,118.32709503173828,74.87683868408203,True
1751,58.36666666666667,0.9204803705215454,11.084510013461113,95,95,0,single,0.0,STOPPED,False,,,,,25.795126669904953,9.028294334466732,2.819758786010742,213.36724853515625,196.17361450195312,118.09485626220703,118.3409194946289,75.63724517822266,True
1752,58.4,0.9115589261054993,13.221031054854393,95,95,0,single,0.0,STOPPED,False,,,,,25.795126669904953,10.030523332214354,3.3435077774047848,213.32217407226562,196.52047729492188,118.15808868408203,119.17178344726562,73.20043182373047,True
1753,58.43333333333333,0.9027830362319946,13.410450890660286,95,95,0,single,0.0,STOPPED,False,,,,,25.795126669904953,10.55490575866699,3.5183019195556637,212.4355926513672,195.28656005859375,118.25238800048828,118.29145050048828,68.93138122558594,True
1754,58.46666666666667,0.914193868637085,12.046667281538248,95,95,0,single,0.0,STOPPED,False,,,,,25.795126669904953,9.059772793579102,3.019924264526367,211.78067016601562,192.9583740234375,118.25238800048828,117.57620239257812,62.485103607177734,True
1755,58.5,0.9003835916519165,11.21338177472353,95,95,0,single,0.0,STOPPED,False,,,,,25.795126669904953,9.028294334466732,2.874980749511719,211.34390258789062,191.31716918945312,118.14842224121094,117.82793426513672,55.33974075317383,True
1756,58.53333333333333,0.9000416994094849,13.67568178102374,95,95,0,single,0.0,STOPPED,False,,,,,25.795126669904953,9.028294334466732,2.8714063659667968,210.90391540527344,190.5823974609375,118.05662536621094,118.00839233398438,52.862667083740234,True
1757,58.56666666666667,0.8978607058525085,10.983717162162066,95,95,0,single,0.0,STOPPED,False,,,,,25.795126669904953,10.752944705200195,3.584314901733398,209.9644317626953,188.41400146484375,118.05662536621094,117.81147766113281,45.10935592651367,True
1758,58.6,0.8933485746383667,12.429676949977875,95,95,0,single,0.0,STOPPED,False,,,,,25.795126669904953,10.196562496948241,3.398854165649414,208.96644592285156,188.20030212402344,118.05662536621094,117.6357650756836,41.674522399902344,True
1759,58.63333333333333,0.9055142998695374,11.161088943481445,95,95,0,single,0.0,STOPPED,False,,,,,25.795126669904953,9.524397409057617,3.1747991363525387,208.84744262695312,187.06927490234375,118.05662536621094,116.79006958007812,36.11959457397461,True
1760,58.666666666666664,0.9085595607757568,12.072334997355938,95,95,0,single,0.0,STOPPED,False,,,,,25.795126669904953,9.028294334466732,2.257279765319824,208.84744262695312,185.69540405273438,118.05662536621094,115.81941223144531,25.509675979614258,True
1761,58.7,0.9093813896179199,11.19290478527546,95,95,0,single,0.0,STOPPED,False,,,,,25.795126669904953,9.028294334466732,2.0250240142822267,208.84744262695312,182.89715576171875,118.05662536621094,114.17118835449219,16.484821319580078,True
1762,58.733333333333334,0.8848817944526672,11.899680364876986,95,95,0,single,0.0,STOPPED,False,,,,,25.795126669904953,9.028294334466732,1.8776146270751952,207.70822143554688,181.0435333251953,118.05662536621094,113.33877563476562,9.570449829101562,True
1763,58.766666666666666,0.8061181306838989,11.158413253724575,95,95,0,double,0.0,STOPPED,False,,,,,25.795126669904953,9.028294334466732,2.0387899154663085,205.69570922851562,182.113525390625,118.05662536621094,112.902587890625,2.878230333328247,True
1764,58.8,0.8523527979850769,12.018423993140459,95,95,0,double,0.0,STOPPED,False,,,,,25.795126669904953,9.028294334466732,1.9722000549316405,204.82899475097656,183.8173065185547,118.05662536621094,113.44346618652344,2.19299054145813,True
1765,58.833333333333336,0.8527439832687378,11.042531114071608,95,95,0,unknown,0.0,STOPPED,False,,,,,,,,,,,,0.0,False
1766,58.86666666666667,0.8165810108184814,11.937431059777737,95,95,0,unknown,0.0,STOPPED,False,,,,,,,,,,,,0.0,False
1767,58.9,0.7650911808013916,11.062691919505596,95,95,0,unknown,0.0,STOPPED,False,,,,,,,,,,,,0.0,False
1768,58.93333333333333,0.6731922626495361,11.96645712479949,95,95,0,unknown,0.0,STOPPED,False,,,,,,,,,,,,0.0,False
1770,59.0,0.392316609621048,12.074978090822697,95,95,0,unknown,0.0,STOPPED,False,,,,,,,,,,,,0.0,False
