frame_idx,timestamp,best_conf,infer_ms,jump_count,jump_type,spm,state,cycle_ok,dt,expected_dt,hip_amp,shoulder_amp,amp_ewma,lift_th,lift_noise_sigma,ground_y,hip_y,shoulder_ground_y,shoulder_y,is_airborne
0,0.0,0.8316641449928284,34.283642075024545,0,unknown,0.0,IDLE,False,,,,,,,,,259.92633056640625,,169.10757446289062,False
1,0.03333333333333333,0.8099386692047119,27.506949962116778,0,unknown,0.0,IDLE,False,,,,,,,,,264.6697692871094,,169.540283203125,False
2,0.06666666666666667,0.7945500612258911,26.94513602182269,0,unknown,0.0,IDLE,False,,,,,,,,,265.1324462890625,,169.88204956054688,False
3,0.1,0.8079275488853455,26.38307702727616,0,unknown,0.0,IDLE,False,,,,,,,,,265.17755126953125,,170.2132568359375,False
4,0.13333333333333333,0.7808645963668823,26.458958047442138,0,unknown,0.0,IDLE,False,,,,,,,,,264.3646240234375,,169.99374389648438,False
5,0.16666666666666666,0.7644469141960144,26.353043969720602,0,unknown,0.0,IDLE,False,,,,,,,,,266.99847412109375,,169.998291015625,False
6,0.2,0.7728995680809021,26.418106979690492,0,unknown,0.0,IDLE,False,,,,,,,,,267.6494140625,,170.033447265625,False
7,0.23333333333333334,0.8041014671325684,26.282006059773266,0,unknown,0.0,IDLE,False,,,,,,,,,267.40240478515625,,170.07315063476562,False
8,0.26666666666666666,0.7817695736885071,26.513390941545367,0,unknown,0.0,IDLE,False,,,,,,,,,268.0013427734375,,170.0350341796875,False
9,0.3,0.7821742296218872,26.41009201761335,0,unknown,0.0,IDLE,False,,,,,,4.46055919189453,1.4868530639648436,267.832763671875,267.81402587890625,170.087158203125,169.93736267089844,False
10,0.3333333333333333,0.8193113803863525,26.29503805655986,0,unknown,0.0,IDLE,False,,,,,,5.313931951904297,1.7713106506347656,267.81402587890625,266.42742919921875,170.07315063476562,169.522705078125,False
11,0.36666666666666664,0.8270472288131714,26.357205933891237,0,unknown,0.0,IDLE,False,,,,,,5.759824987792968,1.9199416625976562,267.7975769042969,264.6837158203125,170.0693359375,168.72183227539062,False
12,0.4,0.8001145124435425,26.683282922022045,0,unknown,0.0,IDLE,False,,,,,,5.857419232177734,1.952473077392578,267.7810974121094,263.7508544921875,170.06552124023438,168.27613830566406,False
13,0.43333333333333335,0.8370732069015503,26.48279699496925,0,unknown,0.0,IDLE,False,,,,,,5.857419232177734,1.952473077392578,267.7646484375,259.9042053222656,170.0617218017578,166.50064086914062,True
14,0.4666666666666667,0.8257741928100586,26.433947030454874,0,unknown,0.0,IDLE,False,,,,,,5.857419232177734,1.952473077392578,267.7481689453125,258.7433776855469,170.0579071044922,165.39141845703125,True
15,0.5,0.7365162372589111,26.416067965328693,0,unknown,0.0,IDLE,False,,,,,,5.857419232177734,1.952473077392578,267.7317199707031,258.38232421875,170.05409240722656,163.83616638183594,True
16,0.5333333333333333,0.764114499092102,26.426085038110614,0,unknown,0.0,IDLE,False,,,,,,5.857419232177734,1.952473077392578,267.71527099609375,258.2550354003906,170.05027770996094,163.077392578125,True
17,0.5666666666666667,0.7791002988815308,26.68635593727231,0,unknown,0.0,IDLE,False,,,,,,5.857419232177734,1.952473077392578,267.69879150390625,257.78948974609375,170.0464630126953,161.99037170410156,True
18,0.6,0.7497172355651855,26.316896080970764,0,unknown,0.0,IDLE,False,,,,,,5.857419232177734,1.952473077392578,267.6823425292969,257.825927734375,170.04266357421875,160.96923828125,True
19,0.6333333333333333,0.503853440284729,26.400030008517206,0,unknown,0.0,IDLE,False,,,,,,5.857419232177734,1.952473077392578,267.6658630371094,254.3761749267578,170.03884887695312,159.412841796875,True
20,0.6666666666666666,0.6588310599327087,26.249364018440247,0,unknown,0.0,IDLE,False,,,,,,5.857419232177734,1.952473077392578,267.6494140625,257.383056640625,170.0350341796875,161.34469604492188,True
21,0.7,0.6994872093200684,26.53062203899026,0,unknown,0.0,IDLE,False,,,,,,5.857419232177734,1.952473077392578,267.6247253417969,261.10882568359375,170.03488159179688,165.07962036132812,True
22,0.7333333333333333,0.6974755525588989,26.874782983213663,1,unknown,0.0,JUMPING,True,,,13.223831176757812,10.621871948242188,13.223831176757812,5.5592070556640625,1.8530690185546874,267.6000061035156,264.15325927734375,170.0347137451172,167.44134521484375,False
23,0.7666666666666667,0.6997771859169006,27.08088606595993,1,unknown,0.0,JUMPING,False,,,,,13.223831176757812,6.755720635986328,2.2519068786621093,267.7646484375,269.5845947265625,170.0617218017578,171.58590698242188,False
24,0.8,0.8251230716705322,26.415433967486024,1,unknown,0.0,JUMPING,False,,,,,13.223831176757812,7.0004527954101565,2.3334842651367187,267.9264221191406,277.9944763183594,170.15721130371094,176.6053466796875,False
25,0.8333333333333334,0.8019812107086182,26.538852020166814,1,unknown,0.0,JUMPING,False,,,,,13.223831176757812,8.027703479003906,2.6759011596679687,268.79296875,285.1941833496094,170.8995819091797,181.65052795410156,False
26,0.8666666666666667,0.8146599531173706,26.28639608155936,1,unknown,0.0,JUMPING,False,,,,,13.223831176757812,5.313931951904297,1.7713106506347656,272.94854736328125,290.89093017578125,173.5936737060547,183.8458251953125,False
27,0.9,0.7896530628204346,26.282217004336417,1,unknown,0.0,JUMPING,False,,,,,13.223831176757812,18.284919646382335,6.1663998046875,280.1543884277344,288.8558349609375,178.05343627929688,181.43234252929688,False
28,0.9333333333333333,0.7714337110519409,26.365977013483644,1,unknown,0.0,JUMPING,False,,,,,13.223831176757812,21.15989813232422,7.053299377441406,279.8045654296875,278.4571533203125,177.57073974609375,174.6841583251953,False
29,0.9666666666666667,0.8292067050933838,26.42559295054525,1,unknown,0.0,JUMPING,False,,,,,13.223831176757812,18.4991994140625,6.1663998046875,279.130859375,264.1033630371094,177.08804321289062,165.29541015625,False
30,1.0,0.8300590515136719,26.58720500767231,1,unknown,0.0,JUMPING,False,,,,,13.223831176757812,21.097866741943356,7.032622247314452,278.4571533203125,248.41848754882812,176.6053466796875,155.10462951660156,True
31,1.0333333333333334,0.8400541543960571,26.46039193496108,1,unknown,0.0,JUMPING,False,,,,,13.223831176757812,24.154575485229493,8.051525161743164,278.410888671875,239.2294921875,176.41322326660156,149.20852661132812,True
32,1.0666666666666667,0.8030288219451904,26.447608950547874,1,unknown,0.0,JUMPING,False,,,,,13.223831176757812,27.046794766932727,13.15445537109375,278.3646240234375,232.409912109375,176.2211151123047,143.30776977539062,True
33,1.1,0.7711600065231323,26.619088952429593,1,unknown,0.0,JUMPING,False,,,,,13.223831176757812,11.502547229003905,3.8341824096679686,278.318359375,227.2158203125,176.02899169921875,139.73439025878906,True
34,1.1333333333333333,0.8116297125816345,26.427126955240965,1,unknown,0.0,JUMPING,False,,,,,13.223831176757812,9.251500012207032,3.0838333374023437,278.2720947265625,224.59507751464844,175.8368682861328,138.04579162597656,True
35,1.1666666666666667,0.7623822093009949,26.427433942444623,1,unknown,0.0,JUMPING,False,,,,,13.223831176757812,9.251500012207032,3.0838333374023437,278.225830078125,225.9282684326172,175.64474487304688,139.154052734375,True
36,1.2,0.7592133283615112,26.37319394852966,1,unknown,0.0,JUMPING,False,,,,,13.223831176757812,9.251500012207032,3.0838333374023437,278.1795349121094,231.3144989013672,175.45263671875,143.57888793945312,True
37,1.2333333333333334,0.7647871971130371,26.37520502321422,1,unknown,0.0,JUMPING,False,,,,,13.223831176757812,9.251500012207032,3.0838333374023437,278.1332702636719,234.48867797851562,175.26051330566406,146.604248046875,True
38,1.2666666666666666,0.7821568250656128,26.333070010878146,1,unknown,0.0,JUMPING,False,,,,,13.223831176757812,9.251500012207032,3.0838333374023437,278.0870056152344,242.794189453125,175.06838989257812,153.4789276123047,True
39,1.3,0.7707545757293701,26.484314003027976,1,unknown,0.0,JUMPING,False,,,,,13.223831176757812,9.251500012207032,3.0838333374023437,278.0407409667969,253.33563232421875,174.87628173828125,163.328369140625,True
40,1.3333333333333333,0.8266549706459045,26.36934001930058,1,unknown,0.0,JUMPING,False,,,,,13.223831176757812,7.0004527954101565,2.3334842651367187,277.9944763183594,267.27532958984375,174.6841583251953,172.80441284179688,True
41,1.3666666666666667,0.7902545928955078,26.41365199815482,2,unknown,94.73684329405387,JUMPING,True,0.6333333333333334,0.6333333333333334,52.98487854003906,38.367431640625,23.164093017578125,9.251500012207032,3.0838333374023437,277.5799560546875,273.8494873046875,176.41322326660156,177.11383056640625,False
42,1.4,0.8054723143577576,26.343367993831635,2,unknown,94.73684329405387,JUMPING,False,,0.6333333333333334,,,23.164093017578125,11.757595330810545,3.9191984436035154,277.16546630859375,272.2280578613281,176.2211151123047,173.954345703125,False
43,1.4333333333333333,0.7457153797149658,26.31911705248058,2,unknown,94.73684329405387,JUMPING,False,,0.6333333333333334,,,23.164093017578125,12.900018081665038,4.30000602722168,276.7509765625,270.4088134765625,176.02899169921875,171.31927490234375,False
44,1.4666666666666666,0.7637301087379456,26.469459990039468,2,unknown,94.73684329405387,JUMPING,False,,0.6333333333333334,,,23.164093017578125,12.243394775390623,4.081131591796875,276.33648681640625,262.2181396484375,175.8368682861328,164.19561767578125,True
45,1.5,0.8103781938552856,26.2627259362489,2,unknown,94.73684329405387,JUMPING,False,,0.6333333333333334,,,23.164093017578125,12.243394775390623,4.081131591796875,276.33648681640625,251.20022583007812,175.8368682861328,154.22296142578125,True
46,1.5333333333333334,0.7979565262794495,26.3251019641757,2,unknown,94.73684329405387,JUMPING,False,,0.6333333333333334,,,23.164093017578125,12.559659851074219,4.186553283691406,276.33648681640625,240.15260314941406,175.8368682861328,145.48699951171875,True
47,1.5666666666666667,0.8157779574394226,26.418908033519983,2,unknown,94.73684329405387,JUMPING,False,,0.6333333333333334,,,23.164093017578125,12.900018081665038,4.30000602722168,276.33648681640625,232.43756103515625,175.8368682861328,139.19796752929688,True
48,1.6,0.7923678755760193,26.44993900321424,2,unknown,94.73684329405387,JUMPING,False,,0.6333333333333334,,,23.164093017578125,11.757595330810545,3.9191984436035154,276.33648681640625,227.5623321533203,175.8368682861328,135.96728515625,True
49,1.6333333333333333,0.7978149652481079,26.994762010872364,2,unknown,94.73684329405387,JUMPING,False,,0.6333333333333334,,,23.164093017578125,11.757595330810545,3.9191984436035154,276.33648681640625,225.97421264648438,175.8368682861328,134.0135955810547,True
50,1.6666666666666667,0.8328614234924316,26.406370918266475,2,unknown,94.73684329405387,JUMPING,False,,0.6333333333333334,,,23.164093017578125,13.989775231933592,4.663258410644531,276.33648681640625,229.3417510986328,175.8368682861328,138.04876708984375,True
51,1.7,0.8101082444190979,27.997391996905208,2,unknown,94.73684329405387,JUMPING,False,,0.6333333333333334,,,23.164093017578125,15.303429052734376,5.101143017578125,276.33648681640625,232.96487426757812,175.8368682861328,141.61651611328125,True
52,1.7333333333333334,0.7791920304298401,26.84734808281064,2,unknown,94.73684329405387,JUMPING,False,,0.6333333333333334,,,23.164093017578125,19.868505029296877,6.622835009765625,276.33648681640625,239.7050323486328,175.8368682861328,148.73532104492188,True
53,1.7666666666666666,0.7512114644050598,27.372972923330963,2,unknown,94.73684329405387,JUMPING,False,,0.6333333333333334,,,23.164093017578125,25.64787601318359,8.54929200439453,276.33648681640625,249.93502807617188,175.8368682861328,158.69503784179688,True
54,1.8,0.796855628490448,28.036418952979147,3,unknown,112.50000670552294,JUMPING,True,0.43333333333333335,0.5893333333333335,50.362274169921875,41.823272705078125,29.963638305664062,19.19300564751029,8.60001205444336,276.33648681640625,264.64697265625,175.8368682861328,168.78912353515625,False
55,1.8333333333333333,0.7862615585327148,27.03005902003497,3,unknown,112.50000670552294,JUMPING,False,,0.5893333333333335,,,29.963638305664062,19.598853089362386,8.395910229492188,276.33648681640625,272.3315124511719,175.8699951171875,174.7669677734375,False
56,1.8666666666666667,0.8089748620986938,26.65703499224037,3,unknown,112.50000670552294,JUMPING,False,,0.5893333333333335,,,29.963638305664062,19.072553993165496,6.825240133666992,278.2720947265625,278.7313232421875,176.91043090820312,178.9315185546875,False
57,1.9,0.7071115374565125,27.810449013486505,3,unknown,112.50000670552294,JUMPING,False,,0.5893333333333335,,,29.963638305664062,21.746475616246464,8.54929200439453,278.62164306640625,281.15771484375,178.20443725585938,180.9350128173828,False
58,1.9333333333333333,0.8062392473220825,26.888292049989104,3,unknown,112.50000670552294,JUMPING,False,,0.5893333333333335,,,29.963638305664062,23.90448175048828,7.968160583496093,278.62164306640625,269.99298095703125,178.20443725585938,173.8935089111328,False
59,1.9666666666666666,0.7747172117233276,26.773154037073255,3,unknown,112.50000670552294,JUMPING,False,,0.5893333333333335,,,29.963638305664062,23.90448175048828,7.968160583496093,278.62164306640625,256.59344482421875,178.20443725585938,163.35641479492188,False
60,2.0,0.7960107326507568,27.82061300240457,3,unknown,112.50000670552294,JUMPING,False,,0.5893333333333335,,,29.963638305664062,23.90448175048828,7.968160583496093,278.62164306640625,242.41946411132812,178.20443725585938,152.8022003173828,True
61,2.033333333333333,0.8293226957321167,26.944707962684333,3,unknown,112.50000670552294,JUMPING,False,,0.5893333333333335,,,29.963638305664062,23.90448175048828,7.968160583496093,278.62164306640625,234.09417724609375,178.20443725585938,146.53366088867188,True
62,2.066666666666667,0.8236258029937744,26.690633036196232,3,unknown,112.50000670552294,JUMPING,False,,0.5893333333333335,,,29.963638305664062,23.90448175048828,7.968160583496093,278.62164306640625,229.90213012695312,178.20443725585938,140.7684783935547,True
63,2.1,0.8266336917877197,27.980478946119547,3,unknown,112.50000670552294,JUMPING,False,,0.5893333333333335,,,29.963638305664062,23.90448175048828,7.968160583496093,278.62164306640625,226.9634246826172,178.20443725585938,136.8349609375,True
64,2.1333333333333333,0.7961573004722595,27.268873061984777,3,unknown,112.50000670552294,JUMPING,False,,0.5893333333333335,,,29.963638305664062,23.90448175048828,7.968160583496093,278.62164306640625,226.79234313964844,178.20443725585938,135.72897338867188,True
65,2.1666666666666665,0.8032740354537964,28.61944993492216,3,unknown,112.50000670552294,JUMPING,False,,0.5893333333333335,,,29.963638305664062,23.90448175048828,7.968160583496093,278.62164306640625,227.99917602539062,178.20443725585938,137.5947265625,True
66,2.2,0.7830028533935547,28.38630403857678,3,unknown,112.50000670552294,JUMPING,False,,0.5893333333333335,,,29.963638305664062,23.90448175048828,7.968160583496093,278.62164306640625,233.66998291015625,178.20443725585938,143.79400634765625,True
67,2.2333333333333334,0.742754340171814,27.125946013256907,3,unknown,112.50000670552294,JUMPING,False,,0.5893333333333335,,,29.963638305664062,23.90448175048828,7.968160583496093,278.62164306640625,237.90414428710938,178.20443725585938,147.9947052001953,True
68,2.2666666666666666,0.7810313701629639,26.761027984321117,3,unknown,112.50000670552294,JUMPING,False,,0.5893333333333335,,,29.963638305664062,25.64787601318359,8.54929200439453,278.62164306640625,245.07186889648438,178.20443725585938,155.65081787109375,True
69,2.3,0.7887879610061646,27.8271819697693,4,unknown,114.89361731268907,JUMPING,True,0.4999999999999998,0.5696800000000001,51.82929992675781,42.4754638671875,35.4300537109375,23.90448175048828,7.968160583496093,278.62164306640625,254.78030395507812,178.20443725585938,166.07525634765625,False
70,2.3333333333333335,0.7475011944770813,27.112812967970967,4,unknown,114.89361731268907,JUMPING,False,,0.5696800000000001,,,35.4300537109375,22.26784386903048,8.15981993408203,276.61407470703125,266.7010192871094,176.5038604736328,175.58889770507812,False
71,2.3666666666666667,0.6459543704986572,26.626960025168955,4,unknown,114.89361731268907,JUMPING,False,,0.5696800000000001,,,35.4300537109375,19.238364459574225,7.845342050170898,273.7950744628906,273.7134704589844,176.5038604736328,180.25570678710938,False
72,2.4,0.6987794637680054,28.01393100526184,4,unknown,114.89361731268907,JUMPING,False,,0.5696800000000001,,,35.4300537109375,20.338770944327116,7.0885228912353515,273.7950744628906,276.8376159667969,176.5038604736328,182.04415893554688,False
73,2.433333333333333,0.803496778011322,26.73157094977796,4,unknown,114.89361731268907,JUMPING,False,,0.5696800000000001,,,35.4300537109375,14.620269342041013,4.873423114013671,273.1606750488281,270.257568359375,177.93353271484375,178.48001098632812,False
74,2.466666666666667,0.8085840344429016,27.0582539960742,4,unknown,114.89361731268907,JUMPING,False,,0.5696800000000001,,,35.4300537109375,12.400518798828124,3.3137250183105467,273.1606750488281,259.0216979980469,177.93353271484375,169.84197998046875,True
75,2.5,0.8105486035346985,27.828310034237802,4,unknown,114.89361731268907,JUMPING,False,,0.5696800000000001,,,35.4300537109375,12.400518798828124,3.3137250183105467,273.1606750488281,247.84463500976562,177.93353271484375,159.45510864257812,True
76,2.533333333333333,0.8104124069213867,26.78933402057737,4,unknown,114.89361731268907,JUMPING,False,,0.5696800000000001,,,35.4300537109375,12.400518798828124,3.3137250183105467,273.1606750488281,240.333984375,177.93353271484375,153.08314514160156,True
77,2.566666666666667,0.8206268548965454,26.50931302923709,4,unknown,114.89361731268907,JUMPING,False,,0.5696800000000001,,,35.4300537109375,12.400518798828124,3.3137250183105467,273.1606750488281,233.44813537597656,177.93353271484375,146.91748046875,True
78,2.6,0.8242557048797607,27.869826997630298,4,unknown,114.89361731268907,JUMPING,False,,0.5696800000000001,,,35.4300537109375,12.400518798828124,3.3137250183105467,273.1606750488281,230.27317810058594,177.93353271484375,141.62973022460938,True
79,2.6333333333333333,0.8165598511695862,26.81448101066053,4,unknown,114.89361731268907,JUMPING,False,,0.5696800000000001,,,35.4300537109375,12.400518798828124,3.3137250183105467,273.1606750488281,228.50729370117188,177.93353271484375,139.07302856445312,True
80,2.6666666666666665,0.8053023815155029,26.592904003337026,4,unknown,114.89361731268907,JUMPING,False,,0.5696800000000001,,,35.4300537109375,12.400518798828124,3.3137250183105467,273.1606750488281,228.8231964111328,177.93353271484375,139.383056640625,True
81,2.7,0.810259222984314,27.775688096880913,4,unknown,114.89361731268907,JUMPING,False,,0.5696800000000001,,,35.4300537109375,12.400518798828124,3.3137250183105467,273.1606750488281,231.8242645263672,177.93353271484375,143.84976196289062,True
82,2.7333333333333334,0.7807797789573669,26.93935704883188,4,unknown,114.89361731268907,JUMPING,False,,0.5696800000000001,,,35.4300537109375,12.400518798828124,3.3137250183105467,273.1606750488281,234.24960327148438,177.93353271484375,147.05165100097656,True
83,2.7666666666666666,0.8085994720458984,26.597560034133494,4,unknown,114.89361731268907,JUMPING,False,,0.5696800000000001,,,35.4300537109375,12.400518798828124,3.3137250183105467,273.1606750488281,240.05938720703125,177.93353271484375,152.625,True
84,2.8,0.8096455335617065,27.927041053771973,4,unknown,114.89361731268907,JUMPING,False,,0.5696800000000001,,,35.4300537109375,12.400518798828124,3.3137250183105467,273.1606750488281,249.16073608398438,177.93353271484375,162.273193359375,True
85,2.8333333333333335,0.8303613662719727,26.87649300787598,5,unknown,114.28571947577883,JUMPING,True,0.5333333333333337,0.5616837333333335,44.65338134765625,38.860504150390625,37.73588562011719,12.400518798828124,3.3137250183105467,273.1606750488281,263.86932373046875,177.93353271484375,172.34434509277344,False
86,2.8666666666666667,0.8884188532829285,26.909334002994,5,unknown,114.28571947577883,JUMPING,False,,0.5616837333333335,,,37.73588562011719,13.207559967041014,3.3137250183105467,272.4687805175781,272.560302734375,178.64834594726562,178.76055908203125,False
87,2.9,0.8007833361625671,28.03884190507233,5,unknown,114.28571947577883,JUMPING,False,,0.5616837333333335,,,37.73588562011719,13.207559967041014,3.4671067932128903,273.06207275390625,273.3966064453125,178.75692749023438,178.75149536132812,False
88,2.933333333333333,0.8113853931427002,27.17948390636593,5,unknown,114.28571947577883,JUMPING,False,,0.5616837333333335,,,37.73588562011719,20.042247216796873,6.680749072265624,273.06207275390625,263.8004150390625,178.75692749023438,173.34738159179688,False
89,2.966666666666667,0.8077685832977295,26.56285895500332,5,unknown,114.28571947577883,JUMPING,False,,0.5616837333333335,,,37.73588562011719,20.042247216796873,6.680749072265624,273.06207275390625,253.59486389160156,178.75692749023438,163.74037170410156,False
90,3.0,0.8124840259552002,27.858012006618083,5,unknown,114.28571947577883,JUMPING,False,,0.5616837333333335,,,37.73588562011719,20.042247216796873,6.680749072265624,273.06207275390625,242.13926696777344,178.75692749023438,154.0955810546875,True
91,3.033333333333333,0.8095131516456604,26.93240495864302,5,unknown,114.28571947577883,JUMPING,False,,0.5616837333333335,,,37.73588562011719,20.042247216796873,6.680749072265624,273.06207275390625,234.84872436523438,178.75692749023438,148.34629821777344,True
92,3.066666666666667,0.8311475515365601,26.55314700677991,5,unknown,114.28571947577883,JUMPING,False,,0.5616837333333335,,,37.73588562011719,20.042247216796873,6.680749072265624,273.06207275390625,229.07742309570312,178.75692749023438,142.6038818359375,True
93,3.1,0.8156530857086182,28.06010690983385,5,unknown,114.28571947577883,JUMPING,False,,0.5616837333333335,,,37.73588562011719,20.042247216796873,6.680749072265624,273.06207275390625,225.00027465820312,178.75692749023438,138.85096740722656,True
94,3.1333333333333333,0.8052024841308594,26.750587974675,5,unknown,114.28571947577883,JUMPING,False,,0.5616837333333335,,,37.73588562011719,20.042247216796873,6.680749072265624,273.06207275390625,224.33787536621094,178.75692749023438,137.53109741210938,True
95,3.1666666666666665,0.7673128247261047,26.58326004166156,5,unknown,114.28571947577883,JUMPING,False,,0.5616837333333335,,,37.73588562011719,20.042247216796873,6.680749072265624,273.06207275390625,226.55877685546875,178.75692749023438,139.77059936523438,True
96,3.2,0.7682797908782959,27.79832005035132,5,unknown,114.28571947577883,JUMPING,False,,0.5616837333333335,,,37.73588562011719,20.042247216796873,6.680749072265624,273.06207275390625,232.99322509765625,178.75692749023438,145.42999267578125,True
97,3.2333333333333334,0.8031917810440063,26.972120977006853,5,unknown,114.28571947577883,JUMPING,False,,0.5616837333333335,,,37.73588562011719,20.042247216796873,6.680749072265624,273.06207275390625,237.00570678710938,178.75692749023438,149.2080535888672,True
98,3.2666666666666666,0.8462187051773071,26.550521957688034,5,unknown,114.28571947577883,JUMPING,False,,0.5616837333333335,,,37.73588562011719,20.042247216796873,6.680749072265624,273.06207275390625,244.0968017578125,178.75692749023438,156.79046630859375,True
99,3.3,0.8104726672172546,27.76097401510924,5,unknown,114.28571947577883,JUMPING,False,,0.5616837333333335,,,37.73588562011719,15.221783798217773,5.073927932739258,273.06207275390625,253.3512420654297,178.75692749023438,167.46890258789062,True
100,3.3333333333333335,0.7612764239311218,26.94315800908953,6,unknown,115.38461961689801,JUMPING,True,0.5,0.5481133120000002,48.72419738769531,41.225830078125,40.48296356201172,18.998047135174275,7.514259118652343,273.06207275390625,264.18829345703125,178.75692749023438,175.63543701171875,False
101,3.3666666666666667,0.8072060346603394,26.558456011116505,6,unknown,115.38461961689801,JUMPING,False,,0.5481133120000002,,,40.48296356201172,15.594990161132813,5.198330053710937,271.6391906738281,267.595703125,178.75692749023438,179.27078247070312,False
102,3.4,0.8026221394538879,27.90406602434814,6,unknown,115.38461961689801,JUMPING,False,,0.5481133120000002,,,40.48296356201172,19.80939196472168,6.603130654907226,270.1517333984375,264.4891052246094,178.6428985595703,176.1503448486328,False
103,3.433333333333333,0.8199577927589417,27.046976960264146,6,unknown,115.38461961689801,JUMPING,False,,0.5481133120000002,,,40.48296356201172,14.737816790771483,4.912605596923828,269.19281005859375,261.44635009765625,178.6428985595703,173.32144165039062,False
104,3.466666666666667,0.8453141450881958,26.604448910802603,6,unknown,115.38461961689801,JUMPING,False,,0.5481133120000002,,,40.48296356201172,14.737816790771483,4.912605596923828,269.19281005859375,252.89382934570312,178.6428985595703,165.9026336669922,True
105,3.5,0.8369691371917725,28.05970294866711,6,unknown,115.38461961689801,JUMPING,False,,0.5481133120000002,,,40.48296356201172,14.737816790771483,4.912605596923828,269.19281005859375,245.82901000976562,178.6428985595703,157.36354064941406,True
106,3.533333333333333,0.8090543746948242,26.910713990218937,6,unknown,115.38461961689801,JUMPING,False,,0.5481133120000002,,,40.48296356201172,14.737816790771483,4.912605596923828,269.19281005859375,237.90187072753906,178.6428985595703,149.481689453125,True
107,3.566666666666667,0.7819331288337708,26.934342924505472,6,unknown,115.38461961689801,JUMPING,False,,0.5481133120000002,,,40.48296356201172,14.737816790771483,4.912605596923828,269.19281005859375,230.43995666503906,178.6428985595703,143.60218811035156,True
108,3.6,0.7737305760383606,27.8566979104653,6,unknown,115.38461961689801,JUMPING,False,,0.5481133120000002,,,40.48296356201172,14.737816790771483,4.912605596923828,269.19281005859375,228.6300506591797,178.6428985595703,140.8706512451172,True
109,3.6333333333333333,0.7844282388687134,26.877505937591195,6,unknown,115.38461961689801,JUMPING,False,,0.5481133120000002,,,40.48296356201172,14.737816790771483,4.912605596923828,269.19281005859375,228.2001953125,178.6428985595703,139.87435913085938,True
110,3.6666666666666665,0.812690794467926,26.73602499999106,6,unknown,115.38461961689801,JUMPING,False,,0.5481133120000002,,,40.48296356201172,14.737816790771483,4.912605596923828,269.19281005859375,230.8052215576172,178.6428985595703,141.55035400390625,True
111,3.7,0.7868506908416748,28.077470022253692,6,unknown,115.38461961689801,JUMPING,False,,0.5481133120000002,,,40.48296356201172,14.737816790771483,4.912605596923828,269.19281005859375,235.8381805419922,178.6428985595703,146.82171630859375,True
112,3.7333333333333334,0.7987212538719177,26.894253911450505,6,unknown,115.38461961689801,JUMPING,False,,0.5481133120000002,,,40.48296356201172,14.737816790771483,4.912605596923828,269.19281005859375,243.76832580566406,178.6428985595703,155.1503143310547,True
113,3.7666666666666666,0.818994402885437,26.70644095633179,7,unknown,124.99999503294647,JUMPING,True,0.4333333333333331,0.5228617166933335,40.99261474609375,38.76853942871094,40.61037635803223,14.737816790771483,4.912605596923828,269.19281005859375,256.1220397949219,178.6428985595703,165.78732299804688,False
114,3.8,0.7835042476654053,27.840577997267246,7,unknown,124.99999503294647,JUMPING,False,,0.5228617166933335,,,40.61037635803223,16.57419027099609,5.524730090332031,269.3200378417969,267.9137268066406,178.6428985595703,174.77725219726562,False
115,3.8333333333333335,0.7510010004043579,26.770239928737283,7,unknown,124.99999503294647,JUMPING,False,,0.5228617166933335,,,40.61037635803223,20.514065844726563,6.838021948242187,271.6391906738281,273.8890380859375,178.75692749023438,179.39212036132812,False
116,3.8666666666666667,0.7316305041313171,26.73709997907281,7,unknown,124.99999503294647,JUMPING,False,,0.5228617166933335,,,40.61037635803223,20.904510690307617,6.9681702301025386,271.6391906738281,275.0411376953125,178.75692749023438,180.98883056640625,False
117,3.9,0.8079475164413452,28.074797010049224,7,unknown,124.99999503294647,JUMPING,False,,0.5228617166933335,,,40.61037635803223,17.22463758544922,5.741545861816406,269.3200378417969,267.741943359375,178.6428985595703,177.245361328125,False
118,3.933333333333333,0.8770654797554016,26.800967985764146,7,unknown,124.99999503294647,JUMPING,False,,0.5228617166933335,,,40.61037635803223,16.88068234863281,5.626894116210937,267.8450012207031,257.5352478027344,178.14903259277344,168.49295043945312,False
119,3.966666666666667,0.7953280210494995,26.80121292360127,7,unknown,124.99999503294647,JUMPING,False,,0.5228617166933335,,,40.61037635803223,17.052659967041016,5.6842199890136715,267.8450012207031,246.60208129882812,178.14903259277344,158.50234985351562,True
120,4.0,0.8019465804100037,28.01150397863239,7,unknown,124.99999503294647,JUMPING,False,,0.5228617166933335,,,40.61037635803223,17.052659967041016,5.6842199890136715,267.8450012207031,236.91921997070312,178.14903259277344,149.76116943359375,True
121,4.033333333333333,0.8026968240737915,27.293520979583263,7,unknown,124.99999503294647,JUMPING,False,,0.5228617166933335,,,40.61037635803223,17.052659967041016,5.6842199890136715,267.8450012207031,231.27481079101562,178.14903259277344,145.05746459960938,True
122,4.066666666666666,0.8246808052062988,26.695430045947433,7,unknown,124.99999503294647,JUMPING,False,,0.5228617166933335,,,40.61037635803223,17.052659967041016,5.6842199890136715,267.8450012207031,226.69100952148438,178.14903259277344,141.32708740234375,True
123,4.1,0.8320128321647644,28.085422003641725,7,unknown,124.99999503294647,JUMPING,False,,0.5228617166933335,,,40.61037635803223,17.052659967041016,5.6842199890136715,267.8450012207031,224.82553100585938,178.14903259277344,139.84494018554688,True
124,4.133333333333334,0.8248640298843384,26.983071002177894,7,unknown,124.99999503294647,JUMPING,False,,0.5228617166933335,,,40.61037635803223,17.052659967041016,5.6842199890136715,267.8450012207031,226.679931640625,178.14903259277344,140.90391540527344,True
125,4.166666666666667,0.817080557346344,26.592463022097945,7,unknown,124.99999503294647,JUMPING,False,,0.5228617166933335,,,40.61037635803223,17.052659967041016,5.6842199890136715,267.8450012207031,232.31723022460938,178.14903259277344,145.41159057617188,True
126,4.2,0.7715824246406555,28.074605972506106,7,unknown,124.99999503294647,JUMPING,False,,0.5228617166933335,,,40.61037635803223,17.052659967041016,5.6842199890136715,267.8450012207031,240.18679809570312,178.14903259277344,152.89991760253906,True
127,4.233333333333333,0.7840312123298645,27.062586974352598,7,unknown,124.99999503294647,JUMPING,False,,0.5228617166933335,,,40.61037635803223,17.052659967041016,5.6842199890136715,267.8450012207031,245.15975952148438,178.14903259277344,157.4781494140625,True
128,4.266666666666667,0.817090630531311,26.81372209917754,8,unknown,121.62160535987448,JUMPING,True,0.5,0.5178321390208002,43.01947021484375,38.30409240722656,41.21264982223511,17.052659967041016,5.6842199890136715,267.8450012207031,252.85336303710938,178.14903259277344,165.93862915039062,False
129,4.3,0.8171213865280151,27.754665003158152,8,unknown,121.62160535987448,JUMPING,False,,0.5178321390208002,,,41.21264982223511,16.88068234863281,5.626894116210937,267.8450012207031,261.3118896484375,178.14903259277344,173.8341064453125,False
130,4.333333333333333,0.8280156850814819,26.81323396973312,8,unknown,121.62160535987448,JUMPING,False,,0.5178321390208002,,,41.21264982223511,16.88068234863281,5.626894116210937,267.8450012207031,267.11224365234375,178.56771850585938,178.29205322265625,False
131,4.366666666666666,0.8395666480064392,26.88463090453297,8,unknown,121.62160535987448,JUMPING,False,,0.5178321390208002,,,41.21264982223511,14.424427437782287,4.335048559570312,267.6834411621094,264.697021484375,177.8733673095703,176.70155334472656,False
132,4.4,0.8549248576164246,27.774809044785798,8,unknown,121.62160535987448,JUMPING,False,,0.5178321390208002,,,41.21264982223511,14.424427437782287,4.297585400390624,267.4023132324219,262.5048828125,177.02783203125,174.97537231445312,False
133,4.433333333333334,0.8338212370872498,26.935425004921854,8,unknown,121.62160535987448,JUMPING,False,,0.5178321390208002,,,41.21264982223511,14.424427437782287,2.8513400482177733,267.4023132324219,255.5027618408203,177.02783203125,168.98074340820312,False
134,4.466666666666667,0.8126897811889648,26.719043031334877,8,unknown,121.62160535987448,JUMPING,False,,0.5178321390208002,,,41.21264982223511,14.424427437782287,2.8513400482177733,267.4023132324219,247.32968139648438,177.02783203125,160.81143188476562,True
135,4.5,0.8224534392356873,31.152355950325727,8,unknown,121.62160535987448,JUMPING,False,,0.5178321390208002,,,41.21264982223511,14.424427437782287,2.8513400482177733,267.4023132324219,240.63671875,177.02783203125,152.647705078125,True
136,4.533333333333333,0.8053290843963623,27.46646001469344,8,unknown,121.62160535987448,JUMPING,False,,0.5178321390208002,,,41.21264982223511,14.424427437782287,2.8513400482177733,267.4023132324219,236.11123657226562,177.02783203125,147.9691162109375,True
137,4.566666666666666,0.8314105272293091,26.936730952002108,8,unknown,121.62160535987448,JUMPING,False,,0.5178321390208002,,,41.21264982223511,14.424427437782287,2.8513400482177733,267.4023132324219,231.19784545898438,177.02783203125,144.03289794921875,True
138,4.6,0.8324470520019531,28.119656955823302,8,unknown,121.62160535987448,JUMPING,False,,0.5178321390208002,,,41.21264982223511,14.424427437782287,2.8513400482177733,267.4023132324219,228.14059448242188,177.02783203125,141.9319610595703,True
139,4.633333333333334,0.8185924887657166,26.7949829576537,8,unknown,121.62160535987448,JUMPING,False,,0.5178321390208002,,,41.21264982223511,14.424427437782287,2.8513400482177733,267.4023132324219,229.3854217529297,177.02783203125,142.99615478515625,True
140,4.666666666666667,0.7672504782676697,26.91374800633639,8,unknown,121.62160535987448,JUMPING,False,,0.5178321390208002,,,41.21264982223511,14.424427437782287,2.8513400482177733,267.4023132324219,234.05113220214844,177.02783203125,147.4776611328125,True
141,4.7,0.7372825145721436,28.119035996496677,8,unknown,121.62160535987448,JUMPING,False,,0.5178321390208002,,,41.21264982223511,14.424427437782287,2.8513400482177733,267.4023132324219,242.0474395751953,177.02783203125,154.7596435546875,True
142,4.733333333333333,0.7452447414398193,27.00256707612425,8,unknown,121.62160535987448,JUMPING,False,,0.5178321390208002,,,41.21264982223511,14.424427437782287,2.8513400482177733,267.4023132324219,247.5276336669922,177.02783203125,159.4912109375,True
143,4.766666666666667,0.7822743058204651,26.82834304869175,9,unknown,121.62160535987448,JUMPING,True,0.5,0.5139090684362242,39.26171875,35.09587097167969,40.72491705417633,14.424427437782287,2.8513400482177733,267.4023132324219,255.47080993652344,177.02783203125,167.05947875976562,False
144,4.8,0.7999232411384583,28.560832026414573,9,unknown,121.62160535987448,JUMPING,False,,0.5139090684362242,,,40.72491705417633,14.253720968961714,4.297585400390624,267.4023132324219,264.5126037597656,177.02783203125,174.40179443359375,False
145,4.833333333333333,0.6682616472244263,27.37686992622912,9,unknown,121.62160535987448,JUMPING,False,,0.5139090684362242,,,40.72491705417633,14.253720968961714,3.889065032958984,267.6834411621094,271.7570495605469,177.8733673095703,178.90985107421875,False
146,4.866666666666666,0.780853271484375,27.223753044381738,9,unknown,121.62160535987448,JUMPING,False,,0.5139090684362242,,,40.72491705417633,14.253720968961714,3.889065032958984,267.8450012207031,269.07183837890625,177.51687622070312,177.6978759765625,False
147,4.9,0.7903348207473755,28.038367978297174,9,unknown,121.62160535987448,JUMPING,False,,0.5139090684362242,,,40.72491705417633,20.49261954345703,6.830873181152343,267.8450012207031,260.91748046875,177.51687622070312,171.02102661132812,False
148,4.933333333333334,0.8214946389198303,26.796179939992726,9,unknown,121.62160535987448,JUMPING,False,,0.5139090684362242,,,40.72491705417633,16.11092301635742,5.37030767211914,267.8450012207031,251.5528106689453,177.51687622070312,162.28781127929688,True
149,4.966666666666667,0.7743725180625916,26.707530952990055,9,unknown,121.62160535987448,JUMPING,False,,0.5139090684362242,,,40.72491705417633,16.11092301635742,5.37030767211914,267.8450012207031,243.3778839111328,177.51687622070312,153.80145263671875,True
150,5.0,0.7931681871414185,27.974789030849934,9,unknown,121.62160535987448,JUMPING,False,,0.5139090684362242,,,40.72491705417633,16.11092301635742,5.37030767211914,267.8450012207031,234.96966552734375,177.51687622070312,146.62255859375,True
151,5.033333333333333,0.8013888001441956,26.89202595502138,9,unknown,121.62160535987448,JUMPING,False,,0.5139090684362242,,,40.72491705417633,16.11092301635742,5.37030767211914,267.8450012207031,230.3078155517578,177.51687622070312,142.48828125,True
152,5.066666666666666,0.8206309080123901,26.8534270580858,9,unknown,121.62160535987448,JUMPING,False,,0.5139090684362242,,,40.72491705417633,16.11092301635742,5.37030767211914,267.8450012207031,228.2249755859375,177.51687622070312,140.472900390625,True
153,5.1,0.7949027419090271,27.915976010262966,9,unknown,121.62160535987448,JUMPING,False,,0.5139090684362242,,,40.72491705417633,16.11092301635742,5.37030767211914,267.8450012207031,229.16220092773438,177.51687622070312,141.159423828125,True
154,5.133333333333334,0.7578575611114502,26.974086998961866,9,unknown,121.62160535987448,JUMPING,False,,0.5139090684362242,,,40.72491705417633,16.11092301635742,5.37030767211914,267.8450012207031,234.63888549804688,177.51687622070312,145.832763671875,True
155,5.166666666666667,0.8001501560211182,26.855795993469656,9,unknown,121.62160535987448,JUMPING,False,,0.5139090684362242,,,40.72491705417633,16.11092301635742,5.37030767211914,267.8450012207031,241.1243896484375,177.51687622070312,152.6708526611328,True
156,5.2,0.832170844078064,27.900657965801656,10,unknown,126.76057253203697,JUMPING,True,0.43333333333333357,0.49618240671358826,39.620025634765625,37.043975830078125,40.448694199323654,16.11092301635742,5.37030767211914,267.8450012207031,251.99398803710938,177.51687622070312,162.772216796875,False
157,5.233333333333333,0.8091460466384888,27.521935990080237,10,unknown,126.76057253203697,JUMPING,False,,0.49618240671358826,,,40.448694199323654,20.49261954345703,6.830873181152343,267.8450012207031,258.8870849609375,177.51687622070312,168.82003784179688,False
158,5.266666666666667,0.8005561232566833,26.776145910844207,10,unknown,126.76057253203697,JUMPING,False,,0.49618240671358826,,,40.448694199323654,16.11092301635742,5.37030767211914,267.8450012207031,267.6068115234375,177.51687622070312,174.49728393554688,False
159,5.3,0.8117913007736206,28.233902994543314,10,unknown,126.76057253203697,JUMPING,False,,0.49618240671358826,,,40.448694199323654,14.157042969763278,4.587472430419922,268.5398864746094,269.861572265625,177.62594604492188,177.51803588867188,False
160,5.333333333333333,0.8330296277999878,26.741135050542653,10,unknown,126.76057253203697,JUMPING,False,,0.49618240671358826,,,40.448694199323654,14.60425248413086,4.868084161376953,267.6878967285156,264.79150390625,177.40896606445312,174.64678955078125,False
161,5.366666666666666,0.8134766817092896,26.93919593002647,10,unknown,126.76057253203697,JUMPING,False,,0.49618240671358826,,,40.448694199323654,14.157042969763278,3.6398083374023433,267.40899658203125,254.74407958984375,177.02783203125,166.36337280273438,False
162,5.4,0.8789371252059937,27.895265026018023,10,unknown,126.76057253203697,JUMPING,False,,0.49618240671358826,,,40.448694199323654,14.157042969763278,4.6664255859375,266.1839294433594,244.62615966796875,176.01107788085938,157.90809631347656,True
163,5.433333333333334,0.8015670776367188,26.849185000173748,10,unknown,126.76057253203697,JUMPING,False,,0.49618240671358826,,,40.448694199323654,14.157042969763278,4.6664255859375,266.1839294433594,237.86569213867188,176.01107788085938,151.89877319335938,True
164,5.466666666666667,0.8020557165145874,26.677448069676757,10,unknown,126.76057253203697,JUMPING,False,,0.49618240671358826,,,40.448694199323654,14.157042969763278,4.6664255859375,266.1839294433594,233.06394958496094,176.01107788085938,145.89663696289062,True
165,5.5,0.8253658413887024,28.004102990962565,10,unknown,126.76057253203697,JUMPING,False,,0.49618240671358826,,,40.448694199323654,14.157042969763278,4.6664255859375,266.1839294433594,228.39891052246094,176.01107788085938,141.09432983398438,True
166,5.533333333333333,0.8309481739997864,27.400897000916302,10,unknown,126.76057253203697,JUMPING,False,,0.49618240671358826,,,40.448694199323654,14.157042969763278,4.6664255859375,266.1839294433594,227.37643432617188,176.01107788085938,138.55128479003906,True
167,5.566666666666666,0.8089491128921509,26.84330497868359,10,unknown,126.76057253203697,JUMPING,False,,0.49618240671358826,,,40.448694199323654,14.157042969763278,4.6664255859375,266.1839294433594,229.45306396484375,176.01107788085938,140.0482635498047,True
168,5.6,0.8078941106796265,27.902777888812125,10,unknown,126.76057253203697,JUMPING,False,,0.49618240671358826,,,40.448694199323654,14.157042969763278,4.6664255859375,266.1839294433594,235.2615966796875,176.01107788085938,144.6522216796875,True
169,5.633333333333334,0.8137299418449402,26.882620994001627,10,unknown,126.76057253203697,JUMPING,False,,0.49618240671358826,,,40.448694199323654,14.157042969763278,4.6664255859375,266.1839294433594,239.1038360595703,176.01107788085938,147.77857971191406,True
170,5.666666666666667,0.8428928852081299,26.700854999944568,10,unknown,126.76057253203697,JUMPING,False,,0.49618240671358826,,,40.448694199323654,14.157042969763278,4.6664255859375,266.1839294433594,244.97605895996094,176.01107788085938,154.762451171875,True
171,5.7,0.8443209528923035,27.87533903028816,11,unknown,126.76057253203697,JUMPING,True,0.5,0.49702227723659886,38.8074951171875,37.45979309082031,40.038394428789616,14.157042969763278,4.6664255859375,266.1839294433594,253.72637939453125,176.01107788085938,164.3931121826172,False
172,5.733333333333333,0.8124632835388184,26.827092980965972,11,unknown,126.76057253203697,JUMPING,False,,0.49702227723659886,,,40.038394428789616,14.013438050076365,4.314054711914062,266.1839294433594,263.60101318359375,176.01107788085938,173.77432250976562,False
173,5.766666666666667,0.7921596169471741,27.236890979111195,11,unknown,126.76057253203697,JUMPING,False,,0.49702227723659886,,,40.038394428789616,14.013438050076365,4.173975073242187,267.40899658203125,270.29034423828125,177.19143676757812,178.89144897460938,False
174,5.8,0.8090767860412598,28.220672043971717,11,unknown,126.76057253203697,JUMPING,False,,0.49702227723659886,,,40.038394428789616,14.013438050076365,4.076154602050781,268.48583984375,270.2730712890625,177.55935668945312,177.5869140625,False
175,5.833333333333333,0.8134168982505798,27.41669991519302,11,unknown,126.76057253203697,JUMPING,False,,0.49702227723659886,,,40.038394428789616,14.013438050076365,3.979849850463867,269.2635498046875,269.391357421875,177.19143676757812,176.1846923828125,False
176,5.866666666666666,0.7988471388816833,27.031552977859974,11,unknown,126.76057253203697,JUMPING,False,,0.49702227723659886,,,40.038394428789616,14.013438050076365,2.1720488159179685,269.2635498046875,260.8031005859375,176.9846954345703,168.7921905517578,False
177,5.9,0.7985591888427734,28.554897056892514,11,unknown,126.76057253203697,JUMPING,False,,0.49702227723659886,,,40.038394428789616,14.013438050076365,1.9893028015136718,269.2635498046875,249.58468627929688,176.9846954345703,159.4919891357422,True
178,5.933333333333334,0.7904220819473267,27.282609953545034,11,unknown,126.76057253203697,JUMPING,False,,0.49702227723659886,,,40.038394428789616,14.013438050076365,1.9893028015136718,269.2635498046875,242.85061645507812,176.9846954345703,153.50677490234375,True
179,5.966666666666667,0.826562762260437,27.312861988320947,11,unknown,126.76057253203697,JUMPING,False,,0.49702227723659886,,,40.038394428789616,14.013438050076365,1.9893028015136718,269.2635498046875,234.63800048828125,176.9846954345703,145.30313110351562,True
180,6.0,0.7690010666847229,28.307291911914945,11,unknown,126.76057253203697,JUMPING,False,,0.49702227723659886,,,40.038394428789616,14.013438050076365,1.9893028015136718,269.2635498046875,230.98614501953125,176.9846954345703,140.30465698242188,True
181,6.033333333333333,0.7639206051826477,27.208463987335563,11,unknown,126.76057253203697,JUMPING,False,,0.49702227723659886,,,40.038394428789616,14.013438050076365,1.9893028015136718,269.2635498046875,229.2877197265625,176.9846954345703,137.7007293701172,True
182,6.066666666666666,0.7852081060409546,26.68488898780197,11,unknown,126.76057253203697,JUMPING,False,,0.49702227723659886,,,40.038394428789616,14.013438050076365,1.9893028015136718,269.2635498046875,229.791748046875,176.9846954345703,137.76034545898438,True
183,6.1,0.7807971239089966,27.91307889856398,11,unknown,126.76057253203697,JUMPING,False,,0.49702227723659886,,,40.038394428789616,14.013438050076365,1.9893028015136718,269.2635498046875,233.27801513671875,176.9846954345703,141.9040985107422,True
184,6.133333333333334,0.808980405330658,26.83734497986734,11,unknown,126.76057253203697,JUMPING,False,,0.49702227723659886,,,40.038394428789616,14.013438050076365,1.9893028015136718,269.2635498046875,239.93243408203125,176.9846954345703,148.82020568847656,True
185,6.166666666666667,0.8276820182800293,26.663255062885582,11,unknown,126.76057253203697,JUMPING,False,,0.49702227723659886,,,40.038394428789616,14.013438050076365,1.9893028015136718,269.2635498046875,250.41561889648438,176.9846954345703,158.67733764648438,True
186,6.2,0.7319140434265137,28.0235429527238,12,unknown,123.28768311130396,JUMPING,True,0.5,0.4976773762445471,39.975830078125,39.283966064453125,40.02275334112346,14.013438050076365,2.1720488159179685,269.2635498046875,263.35662841796875,176.9846954345703,168.86758422851562,False
187,6.233333333333333,0.8349708318710327,26.994079002179205,12,unknown,123.28768311130396,JUMPING,False,,0.4976773762445471,,,40.02275334112346,14.007963669393211,2.9151586303710935,269.6734924316406,271.539306640625,176.9846954345703,174.6337890625,False
188,6.266666666666667,0.8005282878875732,26.881213998422027,12,unknown,123.28768311130396,JUMPING,False,,0.4976773762445471,,,40.02275334112346,14.007963669393211,3.1845495117187497,270.10845947265625,276.2981872558594,177.55935668945312,177.6551513671875,False
189,6.3,0.8034140467643738,27.91808103211224,12,unknown,123.28768311130396,JUMPING,False,,0.4976773762445471,,,40.02275334112346,14.007963669393211,2.487408984375,270.283447265625,271.45098876953125,177.55935668945312,175.01654052734375,False
190,6.333333333333333,0.8193447589874268,27.019992005079985,12,unknown,123.28768311130396,JUMPING,False,,0.4976773762445471,,,40.02275334112346,14.007963669393211,2.770509210205078,270.10845947265625,259.8597717285156,176.9846954345703,168.01388549804688,False
191,6.366666666666666,0.8426332473754883,26.665725046768785,12,unknown,123.28768311130396,JUMPING,False,,0.4976773762445471,,,40.02275334112346,14.007963669393211,2.487408984375,270.10845947265625,249.00765991210938,175.71742248535156,159.1114044189453,True
192,6.4,0.8316360116004944,28.088505961932242,12,unknown,123.28768311130396,JUMPING,False,,0.4976773762445471,,,40.02275334112346,14.007963669393211,2.487408984375,270.10845947265625,241.77056884765625,175.71742248535156,153.31478881835938,True
193,6.433333333333334,0.8460473418235779,27.17879507690668,12,unknown,123.28768311130396,JUMPING,False,,0.4976773762445471,,,40.02275334112346,14.007963669393211,2.487408984375,270.10845947265625,237.19552612304688,175.71742248535156,147.22402954101562,True
194,6.466666666666667,0.8048994541168213,26.579973055049777,12,unknown,123.28768311130396,JUMPING,False,,0.4976773762445471,,,40.02275334112346,14.007963669393211,2.487408984375,270.10845947265625,229.93417358398438,175.71742248535156,142.6007080078125,True
195,6.5,0.8103333115577698,28.043803991749883,12,unknown,123.28768311130396,JUMPING,False,,0.4976773762445471,,,40.02275334112346,14.007963669393211,2.487408984375,270.10845947265625,227.35614013671875,175.71742248535156,141.00460815429688,True
196,6.533333333333333,0.8238822221755981,27.050231932662427,12,unknown,123.28768311130396,JUMPING,False,,0.4976773762445471,,,40.02275334112346,14.007963669393211,2.487408984375,270.10845947265625,226.40234375,175.71742248535156,140.45640563964844,True
197,6.566666666666666,0.7696590423583984,26.786179980263114,12,unknown,123.28768311130396,JUMPING,False,,0.4976773762445471,,,40.02275334112346,14.007963669393211,2.487408984375,270.10845947265625,229.21270751953125,175.71742248535156,142.9158172607422,True
198,6.6,0.7282016277313232,27.911179000511765,12,unknown,123.28768311130396,JUMPING,False,,0.4976773762445471,,,40.02275334112346,14.007963669393211,2.487408984375,270.10845947265625,234.28530883789062,175.71742248535156,147.92555236816406,True
199,6.633333333333334,0.8693033456802368,26.884344988502562,12,unknown,123.28768311130396,JUMPING,False,,0.4976773762445471,,,40.02275334112346,14.007963669393211,2.487408984375,270.10845947265625,243.26983642578125,175.71742248535156,156.11148071289062,True
200,6.666666666666667,0.8203660249710083,27.13587402831763,12,unknown,123.28768311130396,JUMPING,False,,0.4976773762445471,,,40.02275334112346,14.007963669393211,2.487408984375,270.10845947265625,255.09841918945312,175.71742248535156,166.82333374023438,True
201,6.7,0.7245686650276184,28.00529496744275,13,unknown,123.287690661153,JUMPING,True,0.5,0.49818835347074675,43.70611572265625,35.41325378417969,40.94359393650666,14.007963669393211,2.770509210205078,270.10845947265625,268.64508056640625,175.86965942382812,175.3970947265625,False
202,6.733333333333333,0.8089121580123901,26.939606061205268,13,unknown,123.287690661153,JUMPING,False,,0.49818835347074675,,,40.94359393650666,14.33025787777733,2.487408984375,270.283447265625,272.4095764160156,176.9846954345703,178.6094970703125,False
203,6.766666666666667,0.8125995397567749,26.69551898725331,13,unknown,123.287690661153,JUMPING,False,,0.49818835347074675,,,40.94359393650666,14.33025787777733,2.413659045410156,270.9867248535156,273.7607727050781,177.55935668945312,179.76333618164062,False
204,6.8,0.829671323299408,28.055689996108413,13,unknown,123.287690661153,JUMPING,False,,0.49818835347074675,,,40.94359393650666,14.33025787777733,3.167582501220703,270.9867248535156,266.4123840332031,177.02601623535156,176.13922119140625,False
205,6.833333333333333,0.8757526874542236,28.058984084054828,13,unknown,123.287690661153,JUMPING,False,,0.49818835347074675,,,40.94359393650666,14.33025787777733,2.7906207733154296,270.9867248535156,255.65255737304688,177.02601623535156,167.0418701171875,True
206,6.866666666666666,0.8489793539047241,27.595526073127985,13,unknown,123.287690661153,JUMPING,False,,0.49818835347074675,,,40.94359393650666,14.33025787777733,2.7906207733154296,270.9867248535156,245.79420471191406,177.02601623535156,157.52491760253906,True
207,6.9,0.8190440535545349,28.454854036681354,13,unknown,123.287690661153,JUMPING,False,,0.49818835347074675,,,40.94359393650666,14.33025787777733,2.7906207733154296,270.9867248535156,236.7921142578125,177.02601623535156,148.97547912597656,True
208,6.933333333333334,0.8187181949615479,27.336235041730106,13,unknown,123.287690661153,JUMPING,False,,0.49818835347074675,,,40.94359393650666,14.33025787777733,2.7906207733154296,270.9867248535156,230.26126098632812,177.02601623535156,143.0243377685547,True
209,6.966666666666667,0.7884488701820374,26.890808017924428,13,unknown,123.287690661153,JUMPING,False,,0.49818835347074675,,,40.94359393650666,14.33025787777733,2.7906207733154296,270.9867248535156,226.77520751953125,177.02601623535156,139.9109344482422,True
210,7.0,0.7398160696029663,27.839143993332982,13,unknown,123.287690661153,JUMPING,False,,0.49818835347074675,,,40.94359393650666,14.33025787777733,2.7906207733154296,270.9867248535156,227.1221160888672,177.02601623535156,140.40928649902344,True
211,7.033333333333333,0.7444643974304199,26.997774024493992,13,unknown,123.287690661153,JUMPING,False,,0.49818835347074675,,,40.94359393650666,14.33025787777733,2.7906207733154296,270.9867248535156,228.89071655273438,177.02601623535156,141.54959106445312,True
212,7.066666666666666,0.7600622177124023,27.027082978747785,13,unknown,123.287690661153,JUMPING,False,,0.49818835347074675,,,40.94359393650666,14.33025787777733,2.7906207733154296,270.9867248535156,233.60269165039062,177.02601623535156,146.08349609375,True
213,7.1,0.7982991933822632,28.021713951602578,13,unknown,123.287690661153,JUMPING,False,,0.49818835347074675,,,40.94359393650666,14.33025787777733,2.7906207733154296,270.9867248535156,241.14080810546875,177.02601623535156,154.016845703125,True
214,7.133333333333334,0.8142837882041931,26.92045900039375,13,unknown,123.287690661153,JUMPING,False,,0.49818835347074675,,,40.94359393650666,14.33025787777733,2.7906207733154296,270.9867248535156,252.09579467773438,177.02601623535156,163.98953247070312,True
215,7.166666666666667,0.7065674066543579,27.121583931148052,14,unknown,125.00001831601332,JUMPING,True,0.4666666666666668,0.49125358237384914,44.211517333984375,37.115081787109375,41.76057478587609,14.33025787777733,3.167582501220703,270.9867248535156,266.60247802734375,177.02601623535156,172.8768768310547,False
216,7.2,0.8090834021568298,28.015341027639806,14,unknown,125.00001831601332,JUMPING,False,,0.49125358237384914,,,41.76057478587609,14.616201175056629,4.156419873046874,271.50396728515625,275.98321533203125,177.60923767089844,177.62413024902344,False
217,7.233333333333333,0.8460198640823364,26.89670491963625,14,unknown,125.00001831601332,JUMPING,False,,0.49125358237384914,,,41.76057478587609,14.616201175056629,3.792262582397461,272.06146240234375,280.32177734375,177.6427459716797,179.45782470703125,False
218,7.266666666666667,0.8042144775390625,26.657784008421004,14,unknown,125.00001831601332,JUMPING,False,,0.49125358237384914,,,41.76057478587609,14.616201175056629,3.4890055480957027,273.2203063964844,273.8926086425781,177.60923767089844,176.27012634277344,False
219,7.3,0.8230047821998596,27.988723013550043,14,unknown,125.00001831601332,JUMPING,False,,0.49125358237384914,,,41.76057478587609,14.616201175056629,4.38287290649414,273.2203063964844,260.0146789550781,177.08251953125,168.11859130859375,False
220,7.333333333333333,0.883155345916748,26.944302022457123,14,unknown,125.00001831601332,JUMPING,False,,0.49125358237384914,,,41.76057478587609,15.894831170654296,5.298277056884765,273.2203063964844,247.40786743164062,177.08251953125,158.36129760742188,True
221,7.366666666666666,0.8100954294204712,27.074542944319546,14,unknown,125.00001831601332,JUMPING,False,,0.49125358237384914,,,41.76057478587609,15.894831170654296,5.298277056884765,273.2203063964844,237.38754272460938,177.08251953125,150.04989624023438,True
222,7.4,0.8159229755401611,28.172702994197607,14,unknown,125.00001831601332,JUMPING,False,,0.49125358237384914,,,41.76057478587609,15.894831170654296,5.298277056884765,273.2203063964844,231.50535583496094,177.08251953125,144.1571502685547,True
223,7.433333333333334,0.7812803983688354,26.797569007612765,14,unknown,125.00001831601332,JUMPING,False,,0.49125358237384914,,,41.76057478587609,15.894831170654296,5.298277056884765,273.2203063964844,228.69488525390625,177.08251953125,141.10968017578125,True
224,7.466666666666667,0.8205692768096924,26.821290026418865,14,unknown,125.00001831601332,JUMPING,False,,0.49125358237384914,,,41.76057478587609,15.894831170654296,5.298277056884765,273.2203063964844,228.25482177734375,177.08251953125,139.7084197998047,True
225,7.5,0.7649988532066345,27.981866034679115,14,unknown,125.00001831601332,JUMPING,False,,0.49125358237384914,,,41.76057478587609,15.894831170654296,5.298277056884765,273.2203063964844,230.3225860595703,177.08251953125,141.70233154296875,True
226,7.533333333333333,0.8040183782577515,27.096937992610037,14,unknown,125.00001831601332,JUMPING,False,,0.49125358237384914,,,41.76057478587609,15.894831170654296,5.298277056884765,273.2203063964844,235.0408172607422,177.08251953125,146.5653839111328,True
227,7.566666666666666,0.8459814786911011,26.8657139968127,14,unknown,125.00001831601332,JUMPING,False,,0.49125358237384914,,,41.76057478587609,15.894831170654296,5.298277056884765,273.2203063964844,244.49429321289062,177.08251953125,154.86117553710938,True
228,7.6,0.8188260793685913,28.18277303595096,15,unknown,124.99999503294647,JUMPING,True,0.4333333333333327,0.4785111275849355,44.965484619140625,37.37409973144531,42.56180224419222,15.894831170654296,5.298277056884765,273.2203063964844,258.3553466796875,177.08251953125,165.93101501464844,False
229,7.633333333333334,0.8174878358840942,26.82730508968234,15,unknown,124.99999503294647,JUMPING,False,,0.4785111275849355,,,42.56180224419222,16.319277905273438,5.439759301757812,273.2203063964844,266.6077880859375,177.08251953125,172.48733520507812,False
230,7.666666666666667,0.7173111438751221,27.647154056467116,15,unknown,124.99999503294647,JUMPING,False,,0.4785111275849355,,,42.56180224419222,15.894831170654296,5.298277056884765,273.4313659667969,272.9372863769531,177.6427459716797,178.3900146484375,False
231,7.7,0.7540258169174194,29.62134499102831,15,unknown,124.99999503294647,JUMPING,False,,0.4785111275849355,,,42.56180224419222,14.896630785467277,3.3597395507812498,273.4599304199219,273.0086669921875,178.0960693359375,180.32281494140625,False
232,7.733333333333333,0.8507564067840576,27.385030989535153,15,unknown,124.99999503294647,JUMPING,False,,0.4785111275849355,,,42.56180224419222,15.421723049926756,5.140574349975585,273.4599304199219,266.8171081542969,178.0960693359375,176.86886596679688,False
233,7.766666666666667,0.8078153729438782,27.102342108264565,15,unknown,124.99999503294647,JUMPING,False,,0.4785111275849355,,,42.56180224419222,15.894831170654296,5.298277056884765,272.9801025390625,256.07489013671875,178.0836639404297,167.45286560058594,True
234,7.8,0.8519040942192078,28.05258403532207,15,unknown,124.99999503294647,JUMPING,False,,0.4785111275849355,,,42.56180224419222,16.319277905273438,5.439759301757812,272.9801025390625,244.3271484375,178.0836639404297,158.01617431640625,True
235,7.833333333333333,0.8342220783233643,27.21809595823288,15,unknown,124.99999503294647,JUMPING,False,,0.4785111275849355,,,42.56180224419222,16.319277905273438,5.439759301757812,272.9801025390625,236.81239318847656,178.0836639404297,152.20364379882812,True
236,7.866666666666666,0.8261915445327759,26.807029964402318,15,unknown,124.99999503294647,JUMPING,False,,0.4785111275849355,,,42.56180224419222,16.319277905273438,5.439759301757812,272.9801025390625,231.5872344970703,178.0836639404297,146.9346923828125,True
237,7.9,0.819573163986206,28.050994034856558,15,unknown,124.99999503294647,JUMPING,False,,0.4785111275849355,,,42.56180224419222,16.319277905273438,5.439759301757812,272.9801025390625,227.86952209472656,178.0836639404297,142.74996948242188,True
238,7.933333333333334,0.8325580358505249,27.16834400780499,15,unknown,124.99999503294647,JUMPING,False,,0.4785111275849355,,,42.56180224419222,16.319277905273438,5.439759301757812,272.9801025390625,227.24256896972656,178.0836639404297,141.03048706054688,True
239,7.966666666666667,0.7996330261230469,26.761497021652758,15,unknown,124.99999503294647,JUMPING,False,,0.4785111275849355,,,42.56180224419222,16.319277905273438,5.439759301757812,272.9801025390625,229.35694885253906,178.0836639404297,142.82591247558594,True
240,8.0,0.8192942142486572,27.895826031453907,15,unknown,124.99999503294647,JUMPING,False,,0.4785111275849355,,,42.56180224419222,16.319277905273438,5.439759301757812,272.9801025390625,235.09765625,178.0836639404297,147.92587280273438,True
241,8.033333333333333,0.7824928164482117,26.886296924203634,15,unknown,124.99999503294647,JUMPING,False,,0.4785111275849355,,,42.56180224419222,16.319277905273438,5.439759301757812,272.9801025390625,238.8555908203125,178.0836639404297,151.47792053222656,True
242,8.066666666666666,0.8300447463989258,26.969352969899774,15,unknown,124.99999503294647,JUMPING,False,,0.4785111275849355,,,42.56180224419222,16.319277905273438,5.439759301757812,272.9801025390625,246.75047302246094,178.0836639404297,158.63381958007812,True
243,8.1,0.7168830633163452,28.023750986903906,16,unknown,124.99997174988829,JUMPING,True,0.5,0.4832386795162497,45.73753356933594,37.05317687988281,43.35573507547815,16.319277905273438,5.439759301757812,272.9801025390625,261.4217529296875,178.0836639404297,168.35313415527344,False
244,8.133333333333333,0.7498186826705933,27.479173033498228,16,unknown,124.99997174988829,JUMPING,False,,0.4832386795162497,,,43.35573507547815,15.174507276417351,4.515894268798828,273.08197021484375,273.130859375,178.1475830078125,177.78395080566406,False
245,8.166666666666666,0.755172610282898,26.63931797724217,16,unknown,124.99997174988829,JUMPING,False,,0.4832386795162497,,,43.35573507547815,16.319277905273438,5.439759301757812,273.5088195800781,278.2488098144531,178.52169799804688,182.7629852294922,False
246,8.2,0.8003031015396118,28.189921053126454,16,unknown,124.99997174988829,JUMPING,False,,0.4832386795162497,,,43.35573507547815,15.174507276417351,4.235508764648437,273.8398742675781,275.86993408203125,179.11849975585938,181.60055541992188,False
247,8.233333333333333,0.7695803046226501,27.04501000698656,16,unknown,124.99997174988829,JUMPING,False,,0.4832386795162497,,,43.35573507547815,15.174507276417351,3.7700697326660153,273.8398742675781,273.63653564453125,179.64112854003906,179.84800720214844,False
248,8.266666666666667,0.7074843645095825,26.88499796204269,16,unknown,124.99997174988829,JUMPING,False,,0.4832386795162497,,,43.35573507547815,17.996908035278317,5.998969345092773,273.7901916503906,266.7666320800781,179.03070068359375,172.91464233398438,False
249,8.3,0.8503666520118713,28.370201005600393,16,unknown,124.99997174988829,JUMPING,False,,0.4832386795162497,,,43.35573507547815,15.174507276417351,4.228902941894531,273.7901916503906,253.33251953125,179.03070068359375,163.35411071777344,True
250,8.333333333333334,0.8483603000640869,26.82432101573795,16,unknown,124.99997174988829,JUMPING,False,,0.4832386795162497,,,43.35573507547815,15.174507276417351,4.228902941894531,273.7901916503906,242.88497924804688,179.03070068359375,154.39755249023438,True
251,8.366666666666667,0.7960585355758667,26.771954027935863,16,unknown,124.99997174988829,JUMPING,False,,0.4832386795162497,,,43.35573507547815,15.174507276417351,4.228902941894531,273.7901916503906,235.6271514892578,179.03070068359375,147.80511474609375,True
252,8.4,0.8021767139434814,27.855537016876042,16,unknown,124.99997174988829,JUMPING,False,,0.4832386795162497,,,43.35573507547815,15.174507276417351,4.228902941894531,273.7901916503906,231.68838500976562,179.03070068359375,144.34999084472656,True
253,8.433333333333334,0.7893522381782532,26.86911798082292,16,unknown,124.99997174988829,JUMPING,False,,0.4832386795162497,,,43.35573507547815,15.174507276417351,4.228902941894531,273.7901916503906,229.43826293945312,179.03070068359375,142.98989868164062,True
254,8.466666666666667,0.7721722722053528,26.648967061191797,16,unknown,124.99997174988829,JUMPING,False,,0.4832386795162497,,,43.35573507547815,15.174507276417351,4.228902941894531,273.7901916503906,231.2373809814453,179.03070068359375,143.6977996826172,True
255,8.5,0.7752991318702698,27.80547400470823,16,unknown,124.99997174988829,JUMPING,False,,0.4832386795162497,,,43.35573507547815,15.174507276417351,4.228902941894531,273.7901916503906,234.55987548828125,179.03070068359375,147.48190307617188,True
256,8.533333333333333,0.7953600883483887,26.96393197402358,16,unknown,124.99997174988829,JUMPING,False,,0.4832386795162497,,,43.35573507547815,15.174507276417351,4.228902941894531,273.7901916503906,235.54721069335938,179.03070068359375,150.0640869140625,True
257,8.566666666666666,0.8030368089675903,26.5636999392882,16,unknown,124.99997174988829,JUMPING,False,,0.4832386795162497,,,43.35573507547815,15.174507276417351,4.228902941894531,273.7901916503906,240.517822265625,179.03070068359375,155.88644409179688,True
258,8.6,0.8082778453826904,28.116758912801743,16,unknown,124.99997174988829,JUMPING,False,,0.4832386795162497,,,43.35573507547815,15.174507276417351,4.228902941894531,273.7901916503906,249.89990234375,179.03070068359375,164.3566131591797,True
259,8.633333333333333,0.7879254221916199,26.913217967376113,17,unknown,123.2876680116087,JUMPING,True,0.5333333333333332,0.4942595033560081,44.3519287109375,36.040802001953125,43.60478348434299,15.174507276417351,4.228902941894531,273.7901916503906,259.85693359375,179.03070068359375,173.33547973632812,False
260,8.666666666666666,0.820138692855835,26.674943044781685,17,unknown,123.2876680116087,JUMPING,False,,0.4942595033560081,,,43.60478348434299,15.261674219520044,4.228902941894531,273.7901916503906,265.80865478515625,179.54417419433594,179.60174560546875,False
261,8.7,0.8153439164161682,28.064675978384912,17,unknown,123.2876680116087,JUMPING,False,,0.4942595033560081,,,43.60478348434299,23.307107244873045,7.7690357482910155,273.43426513671875,267.38812255859375,179.74949645996094,180.1547088623047,False
262,8.733333333333333,0.7942934036254883,26.898277923464775,17,unknown,123.2876680116087,JUMPING,False,,0.4942595033560081,,,43.60478348434299,23.50175278930664,7.833917596435547,273.08197021484375,267.65338134765625,179.77708435058594,179.6707000732422,False
263,8.766666666666667,0.7954939603805542,27.181613026186824,17,unknown,123.2876680116087,JUMPING,False,,0.4942595033560081,,,43.60478348434299,15.261674219520044,5.055241598510742,272.9801025390625,260.1227111816406,179.77708435058594,173.82662963867188,False
264,8.8,0.7973965406417847,28.089060098864138,17,unknown,123.2876680116087,JUMPING,False,,0.4942595033560081,,,43.60478348434299,15.261674219520044,5.055241598510742,272.9801025390625,250.41571044921875,179.77708435058594,164.94873046875,True
265,8.833333333333334,0.8082083463668823,27.080133091658354,17,unknown,123.2876680116087,JUMPING,False,,0.4942595033560081,,,43.60478348434299,15.261674219520044,5.055241598510742,272.9801025390625,241.60565185546875,179.77708435058594,156.2143096923828,True
266,8.866666666666667,0.7966688275337219,26.763075962662697,17,unknown,123.2876680116087,JUMPING,False,,0.4942595033560081,,,43.60478348434299,15.261674219520044,5.055241598510742,272.9801025390625,234.52418518066406,179.77708435058594,149.19155883789062,True
267,8.9,0.8069041967391968,27.922409935854375,17,unknown,123.2876680116087,JUMPING,False,,0.4942595033560081,,,43.60478348434299,15.261674219520044,5.055241598510742,272.9801025390625,230.24191284179688,179.77708435058594,145.06744384765625,True
268,8.933333333333334,0.7947419285774231,26.862383005209267,17,unknown,123.2876680116087,JUMPING,False,,0.4942595033560081,,,43.60478348434299,15.261674219520044,5.055241598510742,272.9801025390625,229.31246948242188,179.77708435058594,144.30894470214844,True
269,8.966666666666667,0.8037282228469849,26.77497803233564,17,unknown,123.2876680116087,JUMPING,False,,0.4942595033560081,,,43.60478348434299,15.261674219520044,5.055241598510742,272.9801025390625,229.31442260742188,179.77708435058594,144.45977783203125,True
270,9.0,0.8258923292160034,28.49795506335795,17,unknown,123.2876680116087,JUMPING,False,,0.4942595033560081,,,43.60478348434299,15.261674219520044,5.055241598510742,272.9801025390625,235.10882568359375,179.77708435058594,151.26593017578125,True
271,9.033333333333333,0.819669783115387,26.695350999943912,17,unknown,123.2876680116087,JUMPING,False,,0.4942595033560081,,,43.60478348434299,15.261674219520044,5.055241598510742,272.9801025390625,239.40789794921875,179.77708435058594,156.0505828857422,True
272,9.066666666666666,0.8254721760749817,26.704288902692497,17,unknown,123.2876680116087,JUMPING,False,,0.4942595033560081,,,43.60478348434299,15.261674219520044,5.055241598510742,272.9801025390625,248.72874450683594,179.77708435058594,164.0010986328125,True
273,9.1,0.7776709794998169,27.95823209453374,18,unknown,124.99997174988829,JUMPING,True,0.4666666666666668,0.488189079284353,43.667633056640625,35.4681396484375,43.6204958774174,15.261674219520044,5.055241598510742,272.9801025390625,259.0035400390625,179.77708435058594,172.47134399414062,False
274,9.133333333333333,0.8011098504066467,26.787411072291434,18,unknown,124.99997174988829,JUMPING,False,,0.488189079284353,,,43.6204958774174,15.267173557096088,5.055241598510742,272.9801025390625,265.86566162109375,179.77708435058594,178.4100341796875,False
275,9.166666666666666,0.8011353015899658,26.863723061978817,18,unknown,124.99997174988829,JUMPING,False,,0.488189079284353,,,43.6204958774174,15.267173557096088,2.49609609375,270.8665466308594,266.46112060546875,179.77708435058594,178.66188049316406,False
276,9.2,0.819184422492981,29.06049508601427,18,unknown,124.99997174988829,JUMPING,False,,0.488189079284353,,,43.6204958774174,24.68773030847311,8.660844442749022,267.5472717285156,259.38067626953125,179.6431121826172,173.41586303710938,False
277,9.233333333333333,0.7982286214828491,27.34335290733725,18,unknown,124.99997174988829,JUMPING,False,,0.488189079284353,,,43.6204958774174,24.88252006173134,9.397325811767578,267.5472717285156,253.68270874023438,179.6431121826172,169.42884826660156,False
278,9.266666666666667,0.83162522315979,26.896068011410534,18,unknown,124.99997174988829,JUMPING,False,,0.488189079284353,,,43.6204958774174,25.85917337089777,9.397325811767578,267.5472717285156,245.1140899658203,179.6431121826172,162.14974975585938,False
279,9.3,0.8030316233634949,28.1163559993729,18,unknown,124.99997174988829,JUMPING,False,,0.488189079284353,,,43.6204958774174,25.72254283323884,9.397325811767578,267.5472717285156,238.88656616210938,179.6431121826172,154.96438598632812,True
280,9.333333333333334,0.8170803785324097,27.012794977054,18,unknown,124.99997174988829,JUMPING,False,,0.488189079284353,,,43.6204958774174,25.863402242511512,9.397325811767578,267.5472717285156,232.62783813476562,179.6431121826172,147.97149658203125,True
281,9.366666666666667,0.8192144632339478,26.79338993038982,18,unknown,124.99997174988829,JUMPING,False,,0.488189079284353,,,43.6204958774174,25.99892732575536,9.397325811767578,267.5472717285156,229.1271514892578,179.6431121826172,143.51602172851562,True
282,9.4,0.7400227785110474,27.973872958682477,18,unknown,124.99997174988829,JUMPING,False,,0.488189079284353,,,43.6204958774174,26.013395530730488,9.397325811767578,267.5472717285156,229.11270141601562,179.6431121826172,142.2747802734375,True
283,9.433333333333334,0.7889888286590576,26.867693988606334,18,unknown,124.99997174988829,JUMPING,False,,0.488189079284353,,,43.6204958774174,26.03828392162919,9.397325811767578,267.5472717285156,229.87432861328125,179.6431121826172,142.43348693847656,True
284,9.466666666666667,0.7871877551078796,27.35032606869936,18,unknown,124.99997174988829,JUMPING,False,,0.488189079284353,,,43.6204958774174,25.978733955323698,9.397325811767578,267.5472717285156,233.5068817138672,179.6431121826172,145.94168090820312,True
285,9.5,0.8149040937423706,27.851633029058576,18,unknown,124.99997174988829,JUMPING,False,,0.488189079284353,,,43.6204958774174,25.896220660954715,9.397325811767578,267.5472717285156,239.87379455566406,179.6431121826172,152.3400421142578,True
286,9.533333333333333,0.807563066482544,26.904731057584286,19,unknown,126.76053262613699,JUMPING,True,0.43333333333333357,0.4761208151751287,38.4345703125,37.36833190917969,42.32401448618805,25.172889019846917,9.397325811767578,267.5472717285156,248.631103515625,179.6431121826172,160.976806640625,False
287,9.566666666666666,0.788470983505249,26.69344493187964,19,unknown,126.76053262613699,JUMPING,False,,0.4761208151751287,,,42.32401448618805,22.73444842681289,7.992932418823242,267.5472717285156,261.900146484375,179.6431121826172,170.51284790039062,False
288,9.6,0.8228425979614258,27.941746986471117,19,unknown,126.76053262613699,JUMPING,False,,0.4761208151751287,,,42.32401448618805,14.813405070165816,2.7349916015624998,270.9398498535156,273.2642517089844,179.6431121826172,177.769775390625,False
289,9.633333333333333,0.8341189622879028,26.882298989221454,19,unknown,126.76053262613699,JUMPING,False,,0.4761208151751287,,,42.32401448618805,14.813405070165816,2.7349916015624998,271.0198974609375,279.537109375,179.77708435058594,181.57723999023438,False
290,9.666666666666666,0.8506410121917725,26.736998930573463,19,unknown,126.76053262613699,JUMPING,False,,0.4761208151751287,,,42.32401448618805,14.813405070165816,2.7349916015624998,271.0198974609375,279.0482177734375,179.77708435058594,180.5645751953125,False
291,9.7,0.8195861577987671,28.201099019497633,19,unknown,126.76053262613699,JUMPING,False,,0.4761208151751287,,,42.32401448618805,14.813405070165816,4.001228283691406,269.1134948730469,270.0869140625,179.6431121826172,175.95095825195312,False
292,9.733333333333333,0.8136231303215027,26.744239032268524,19,unknown,126.76053262613699,JUMPING,False,,0.4761208151751287,,,42.32401448618805,22.914897830200193,7.638299276733398,267.5472717285156,258.6110534667969,179.22579956054688,167.82571411132812,False
293,9.766666666666667,0.8225307464599609,26.641035918146372,19,unknown,126.76053262613699,JUMPING,False,,0.4761208151751287,,,42.32401448618805,25.54349496459961,8.514498321533203,267.5472717285156,246.85675048828125,179.22579956054688,158.73696899414062,False
294,9.8,0.7761427164077759,28.07462599594146,19,unknown,126.76053262613699,JUMPING,False,,0.4761208151751287,,,42.32401448618805,25.54349496459961,8.514498321533203,267.5472717285156,237.3777313232422,179.22579956054688,151.45132446289062,True
295,9.833333333333334,0.8078853487968445,26.911169989034534,19,unknown,126.76053262613699,JUMPING,False,,0.4761208151751287,,,42.32401448618805,25.54349496459961,8.514498321533203,267.5472717285156,231.72958374023438,179.22579956054688,147.93948364257812,True
296,9.866666666666667,0.7915884852409363,26.819098042324185,19,unknown,126.76053262613699,JUMPING,False,,0.4761208151751287,,,42.32401448618805,25.54349496459961,8.514498321533203,267.5472717285156,228.39768981933594,179.22579956054688,145.67782592773438,True
297,9.9,0.7744798064231873,27.970090974122286,19,unknown,126.76053262613699,JUMPING,False,,0.4761208151751287,,,42.32401448618805,25.54349496459961,8.514498321533203,267.5472717285156,228.1156768798828,179.22579956054688,145.4755401611328,True
298,9.933333333333334,0.7946834564208984,26.968679972924292,19,unknown,126.76053262613699,JUMPING,False,,0.4761208151751287,,,42.32401448618805,25.54349496459961,8.514498321533203,267.5472717285156,232.27349853515625,179.22579956054688,147.67971801757812,True
299,9.966666666666667,0.7838768362998962,26.745937066152692,19,unknown,126.76053262613699,JUMPING,False,,0.4761208151751287,,,42.32401448618805,25.54349496459961,8.514498321533203,267.5472717285156,236.20223999023438,179.22579956054688,149.77767944335938,True
300,10.0,0.8172534108161926,28.040177072398365,20,unknown,124.99999503294647,JUMPING,True,0.4666666666666668,0.4740409025032671,39.43159484863281,33.75025939941406,41.60090957679924,25.047493878901008,8.514498321533203,267.5472717285156,248.16128540039062,179.22579956054688,159.71206665039062,False
301,10.033333333333333,0.7621812224388123,26.92225610371679,20,unknown,124.99999503294647,JUMPING,False,,0.4740409025032671,,,41.60090957679924,25.108281778246166,8.514498321533203,267.5472717285156,255.83924865722656,179.22579956054688,166.06332397460938,False
302,10.066666666666666,0.794215738773346,26.859830017201602,20,unknown,124.99999503294647,JUMPING,False,,0.4740409025032671,,,41.60090957679924,22.234452841186524,7.411484280395507,267.5472717285156,266.1551513671875,179.22579956054688,174.49090576171875,False
303,10.1,0.7941611409187317,27.892040088772774,20,unknown,124.99999503294647,JUMPING,False,,0.4740409025032671,,,41.60090957679924,14.560318351879733,4.001228283691406,269.1134948730469,277.37994384765625,179.6431121826172,181.5438232421875,False
304,10.133333333333333,0.7138785123825073,26.881670928560197,20,unknown,124.99999503294647,JUMPING,False,,0.4740409025032671,,,41.60090957679924,14.560318351879733,4.496710235595703,271.9933166503906,281.56390380859375,179.9611053466797,183.01483154296875,False
305,10.166666666666666,0.8007951378822327,27.028225013054907,20,unknown,124.99999503294647,JUMPING,False,,0.4740409025032671,,,41.60090957679924,23.87339818725586,7.957799395751953,275.0185546875,276.1881103515625,179.9611053466797,179.639404296875,False
306,10.2,0.8322968482971191,27.83557109069079,20,unknown,124.99999503294647,JUMPING,False,,0.4740409025032671,,,41.60090957679924,25.532015483528376,8.575308087158202,275.0185546875,265.05224609375,179.65818786621094,171.80809020996094,False
307,10.233333333333333,0.8176909685134888,26.901643024757504,20,unknown,124.99999503294647,JUMPING,False,,0.4740409025032671,,,41.60090957679924,21.01628935546875,7.00542978515625,275.0185546875,257.1865539550781,179.24839782714844,166.54177856445312,False
308,10.266666666666667,0.8544924259185791,26.76988299936056,20,unknown,124.99999503294647,JUMPING,False,,0.4740409025032671,,,41.60090957679924,21.01628935546875,7.00542978515625,275.0185546875,249.3677520751953,179.24839782714844,158.86273193359375,True
309,10.3,0.8162446618080139,27.85192895680666,20,unknown,124.99999503294647,JUMPING,False,,0.4740409025032671,,,41.60090957679924,21.01628935546875,7.00542978515625,275.0185546875,244.18020629882812,179.24839782714844,151.61221313476562,True
310,10.333333333333334,0.7706608176231384,26.795170968398452,20,unknown,124.99999503294647,JUMPING,False,,0.4740409025032671,,,41.60090957679924,21.01628935546875,7.00542978515625,275.0185546875,237.58541870117188,179.24839782714844,145.98062133789062,True
311,10.366666666666667,0.7769646644592285,26.772993966005743,20,unknown,124.99999503294647,JUMPING,False,,0.4740409025032671,,,41.60090957679924,21.01628935546875,7.00542978515625,275.0185546875,234.09207153320312,179.24839782714844,143.1475830078125,True
312,10.4,0.7746224999427795,28.513984056189656,20,unknown,124.99999503294647,JUMPING,False,,0.4740409025032671,,,41.60090957679924,21.01628935546875,7.00542978515625,275.0185546875,233.3118438720703,179.24839782714844,142.31178283691406,True
313,10.433333333333334,0.7583393454551697,27.14847691822797,20,unknown,124.99999503294647,JUMPING,False,,0.4740409025032671,,,41.60090957679924,21.01628935546875,7.00542978515625,275.0185546875,233.12913513183594,179.24839782714844,143.68405151367188,True
314,10.466666666666667,0.7510887384414673,27.006970020011067,20,unknown,124.99999503294647,JUMPING,False,,0.4740409025032671,,,41.60090957679924,21.01628935546875,7.00542978515625,275.0185546875,235.86712646484375,179.24839782714844,147.67660522460938,True
315,10.5,0.7706096172332764,28.29679800197482,20,unknown,124.99999503294647,JUMPING,False,,0.4740409025032671,,,41.60090957679924,21.01628935546875,7.00542978515625,275.0185546875,242.73287963867188,179.24839782714844,154.4239501953125,True
316,10.533333333333333,0.784563422203064,27.03197905793786,20,unknown,124.99999503294647,JUMPING,False,,0.4740409025032671,,,41.60090957679924,21.01628935546875,7.00542978515625,275.0185546875,247.78256225585938,179.24839782714844,158.85400390625,True
317,10.566666666666666,0.7932645082473755,26.75312606152147,21,unknown,121.62164209575523,JUMPING,True,0.5666666666666664,0.4944185706192149,41.88941955566406,36.936614990234375,41.673037071515445,21.01628935546875,7.00542978515625,275.0185546875,256.7648620605469,179.24839782714844,166.78680419921875,False
318,10.6,0.8099079132080078,28.271427028812468,21,unknown,121.62164209575523,JUMPING,False,,0.4944185706192149,,,41.673037071515445,18.341600158661606,8.575308087158202,275.0185546875,267.8334655761719,179.24839782714844,174.3671875,False
319,10.633333333333333,0.8227282762527466,26.913424022495747,21,unknown,121.62164209575523,JUMPING,False,,0.4944185706192149,,,41.673037071515445,23.95057086735964,8.051683520507812,275.0185546875,272.2980651855469,179.24839782714844,178.4296875,False
320,10.666666666666666,0.8236607313156128,26.87190007418394,21,unknown,121.62164209575523,JUMPING,False,,0.4944185706192149,,,41.673037071515445,18.305775494384765,6.101925164794921,275.0185546875,270.70343017578125,179.155517578125,176.47332763671875,False
321,10.7,0.8345825672149658,27.927028015255928,21,unknown,121.62164209575523,JUMPING,False,,0.4944185706192149,,,41.673037071515445,18.305775494384765,6.101925164794921,275.0185546875,260.47552490234375,179.155517578125,169.59994506835938,False
322,10.733333333333333,0.8261849284172058,26.831477996893227,21,unknown,121.62164209575523,JUMPING,False,,0.4944185706192149,,,41.673037071515445,18.305775494384765,6.101925164794921,275.0185546875,253.74484252929688,179.155517578125,165.13323974609375,True
323,10.766666666666667,0.8500309586524963,26.710582082159817,21,unknown,121.62164209575523,JUMPING,False,,0.4944185706192149,,,41.673037071515445,18.305775494384765,6.101925164794921,275.0185546875,245.44216918945312,179.155517578125,157.57215881347656,True
324,10.8,0.7793129086494446,27.88508404046297,21,unknown,121.62164209575523,JUMPING,False,,0.4944185706192149,,,41.673037071515445,18.305775494384765,6.101925164794921,275.0185546875,238.8782958984375,179.155517578125,150.43121337890625,True
325,10.833333333333334,0.7910589575767517,26.91616490483284,21,unknown,121.62164209575523,JUMPING,False,,0.4944185706192149,,,41.673037071515445,18.305775494384765,6.101925164794921,275.0185546875,232.57205200195312,179.155517578125,144.40208435058594,True
326,10.866666666666667,0.7973848581314087,26.896215975284576,21,unknown,121.62164209575523,JUMPING,False,,0.4944185706192149,,,41.673037071515445,18.305775494384765,6.101925164794921,275.0185546875,227.78933715820312,179.155517578125,140.81382751464844,True
327,10.9,0.7981391549110413,27.834646054543555,21,unknown,121.62164209575523,JUMPING,False,,0.4944185706192149,,,41.673037071515445,18.305775494384765,6.101925164794921,275.0185546875,228.18167114257812,179.155517578125,140.54754638671875,True
328,10.933333333333334,0.7950755953788757,26.93072205875069,21,unknown,121.62164209575523,JUMPING,False,,0.4944185706192149,,,41.673037071515445,18.305775494384765,6.101925164794921,275.0185546875,233.54556274414062,179.155517578125,143.86154174804688,True
329,10.966666666666667,0.8016301393508911,26.605998049490154,21,unknown,121.62164209575523,JUMPING,False,,0.4944185706192149,,,41.673037071515445,18.305775494384765,6.101925164794921,275.0185546875,237.33328247070312,179.155517578125,146.46014404296875,True
330,11.0,0.8032310009002686,28.13925698865205,21,unknown,121.62164209575523,JUMPING,False,,0.4944185706192149,,,41.673037071515445,18.305775494384765,6.101925164794921,275.0185546875,247.24871826171875,179.155517578125,157.929931640625,True
331,11.033333333333333,0.8115172386169434,26.87466097995639,21,unknown,121.62164209575523,JUMPING,False,,0.4944185706192149,,,41.673037071515445,18.305775494384765,6.101925164794921,275.0185546875,253.963623046875,179.155517578125,164.96246337890625,True
332,11.066666666666666,0.7379942536354065,26.734835002571344,22,unknown,123.2876680116087,JUMPING,True,0.5,0.49564648508298764,47.229217529296875,38.60797119140625,43.062082185960804,18.305775494384765,6.101925164794921,275.0185546875,263.146728515625,179.155517578125,173.20449829101562,False
333,11.1,0.8065294623374939,31.319733941927552,22,unknown,123.2876680116087,JUMPING,False,,0.49564648508298764,,,43.062082185960804,18.402998229265215,7.4374324951171875,274.632080078125,270.45306396484375,179.24954223632812,178.66476440429688,False
334,11.133333333333333,0.8409887552261353,26.964329066686332,22,unknown,123.2876680116087,JUMPING,False,,0.49564648508298764,,,43.062082185960804,19.116255651855468,6.372085217285156,271.66021728515625,268.8465576171875,178.73464965820312,178.78125,False
335,11.166666666666666,0.8170002698898315,26.55111299827695,22,unknown,123.2876680116087,JUMPING,False,,0.49564648508298764,,,43.062082185960804,15.28714072265625,5.09571357421875,270.603271484375,266.64990234375,178.57073974609375,177.94219970703125,False
336,11.2,0.8129720687866211,28.221415006555617,22,unknown,123.2876680116087,JUMPING,False,,0.49564648508298764,,,43.062082185960804,15.07172876508628,4.814423162841797,270.603271484375,258.935302734375,178.57073974609375,172.1831817626953,False
337,11.233333333333333,0.8162930011749268,26.849691988900304,22,unknown,123.2876680116087,JUMPING,False,,0.49564648508298764,,,43.062082185960804,15.07172876508628,4.814423162841797,270.603271484375,249.88299560546875,178.57073974609375,163.0634765625,True
338,11.266666666666667,0.8118489980697632,27.110397000797093,22,unknown,123.2876680116087,JUMPING,False,,0.49564648508298764,,,43.062082185960804,15.07172876508628,4.814423162841797,270.603271484375,244.18568420410156,178.57073974609375,157.64056396484375,True
339,11.3,0.7900995016098022,28.128093108534813,22,unknown,123.2876680116087,JUMPING,False,,0.49564648508298764,,,43.062082185960804,15.07172876508628,4.814423162841797,270.603271484375,237.9633026123047,178.57073974609375,151.3592529296875,True
340,11.333333333333334,0.7992628216743469,26.92155900876969,22,unknown,123.2876680116087,JUMPING,False,,0.49564648508298764,,,43.062082185960804,15.07172876508628,4.814423162841797,270.603271484375,230.72528076171875,178.57073974609375,145.7578125,True
341,11.366666666666667,0.7950490117073059,26.57584799453616,22,unknown,123.2876680116087,JUMPING,False,,0.49564648508298764,,,43.062082185960804,15.07172876508628,4.814423162841797,270.603271484375,226.2132568359375,178.57073974609375,142.36758422851562,True
342,11.4,0.7947678565979004,27.91581000201404,22,unknown,123.2876680116087,JUMPING,False,,0.49564648508298764,,,43.062082185960804,15.07172876508628,4.814423162841797,270.603271484375,227.4521484375,178.57073974609375,141.77114868164062,True
343,11.433333333333334,0.7791575789451599,26.883902959525585,22,unknown,123.2876680116087,JUMPING,False,,0.49564648508298764,,,43.062082185960804,15.07172876508628,4.814423162841797,270.603271484375,231.25572204589844,178.57073974609375,144.96102905273438,True
344,11.466666666666667,0.8030431270599365,26.635324931703508,22,unknown,123.2876680116087,JUMPING,False,,0.49564648508298764,,,43.062082185960804,15.07172876508628,4.814423162841797,270.603271484375,234.10195922851562,178.57073974609375,147.39041137695312,True
345,11.5,0.8056915998458862,28.220803942531347,22,unknown,123.2876680116087,JUMPING,False,,0.49564648508298764,,,43.062082185960804,15.07172876508628,4.814423162841797,270.603271484375,239.42202758789062,178.57073974609375,152.50546264648438,True
346,11.533333333333333,0.7982290387153625,28.318842058070004,22,unknown,123.2876680116087,JUMPING,False,,0.49564648508298764,,,43.062082185960804,15.07172876508628,4.814423162841797,270.603271484375,248.46817016601562,178.57073974609375,160.870849609375,True
347,11.566666666666666,0.7962766885757446,27.174539980478585,23,unknown,121.62164209575523,JUMPING,True,0.5,0.4966042583647304,44.3900146484375,36.799591064453125,43.39406530157998,16.915702258300783,5.638567419433594,270.603271484375,259.06829833984375,178.57073974609375,170.90570068359375,False
348,11.6,0.8339282870292664,28.44946493860334,23,unknown,121.62164209575523,JUMPING,False,,0.4966042583647304,,,43.39406530157998,15.18792285555299,4.189222760009765,269.8104553222656,268.021484375,178.41419982910156,178.39096069335938,False
349,11.633333333333333,0.7710369825363159,27.418181067332625,23,unknown,121.62164209575523,JUMPING,False,,0.4966042583647304,,,43.39406530157998,15.18792285555299,3.2567611083984374,269.8104553222656,271.6226501464844,178.41419982910156,180.1559295654297,False
350,11.666666666666666,0.776160717010498,27.380191022530198,23,unknown,121.62164209575523,JUMPING,False,,0.4966042583647304,,,43.39406530157998,15.18792285555299,3.2567611083984374,269.8104553222656,272.68695068359375,178.41419982910156,180.33712768554688,False
351,11.7,0.8181614875793457,28.074272093363106,23,unknown,121.62164209575523,JUMPING,False,,0.4966042583647304,,,43.39406530157998,15.18792285555299,3.2567611083984374,269.8104553222656,266.1931457519531,178.41419982910156,175.64157104492188,False
352,11.733333333333333,0.8150580525398254,27.28005195967853,23,unknown,121.62164209575523,JUMPING,False,,0.4966042583647304,,,43.39406530157998,15.18792285555299,3.2567611083984374,269.8104553222656,255.86846923828125,178.41419982910156,167.6704864501953,False
353,11.766666666666667,0.8080196976661682,26.971730985678732,23,unknown,121.62164209575523,JUMPING,False,,0.4966042583647304,,,43.39406530157998,15.18792285555299,3.2567611083984374,269.8104553222656,246.31373596191406,178.41419982910156,158.95425415039062,True
354,11.8,0.7732377052307129,27.945750975050032,23,unknown,121.62164209575523,JUMPING,False,,0.4966042583647304,,,43.39406530157998,15.18792285555299,3.2567611083984374,269.8104553222656,238.00958251953125,178.41419982910156,151.26531982421875,True
355,11.833333333333334,0.8127259016036987,26.90047991927713,23,unknown,121.62164209575523,JUMPING,False,,0.4966042583647304,,,43.39406530157998,15.18792285555299,3.2567611083984374,269.8104553222656,233.60995483398438,178.41419982910156,146.96099853515625,True
356,11.866666666666667,0.7669699192047119,26.817204081453383,23,unknown,121.62164209575523,JUMPING,False,,0.4966042583647304,,,43.39406530157998,15.18792285555299,3.2567611083984374,269.8104553222656,231.68209838867188,178.41419982910156,146.05450439453125,True
357,11.9,0.7966355085372925,27.863573050126433,23,unknown,121.62164209575523,JUMPING,False,,0.4966042583647304,,,43.39406530157998,15.18792285555299,3.2567611083984374,269.8104553222656,234.70445251464844,178.41419982910156,148.46664428710938,True
358,11.933333333333334,0.8253340125083923,26.82186698075384,23,unknown,121.62164209575523,JUMPING,False,,0.4966042583647304,,,43.39406530157998,15.18792285555299,3.2567611083984374,269.8104553222656,241.1892547607422,178.41419982910156,153.99794006347656,True
359,11.966666666666667,0.7912038564682007,26.916617061942816,23,unknown,121.62164209575523,JUMPING,False,,0.4966042583647304,,,43.39406530157998,15.18792285555299,3.2567611083984374,269.8104553222656,249.93052673339844,178.41419982910156,162.80862426757812,True
360,12.0,0.7849861979484558,28.487539966590703,24,unknown,121.62164209575523,JUMPING,True,0.43333333333333357,0.4826846548578231,38.12835693359375,32.35969543457031,42.07763820958342,15.18792285555299,3.2567611083984374,269.8104553222656,255.44046020507812,178.41419982910156,167.84527587890625,False
361,12.033333333333333,0.7881125807762146,27.269890997558832,24,unknown,121.62164209575523,JUMPING,False,,0.4826846548578231,,,42.07763820958342,14.727173373354196,3.343473843383789,269.8104553222656,264.3594970703125,178.41419982910156,174.4683837890625,False
362,12.066666666666666,0.718573808670044,26.879305951297283,24,unknown,121.62164209575523,JUMPING,False,,0.4826846548578231,,,42.07763820958342,14.727173373354196,3.2567611083984374,270.603271484375,271.0079040527344,178.57073974609375,179.960205078125,False
363,12.1,0.8214684128761292,28.241590945981443,24,unknown,121.62164209575523,JUMPING,False,,0.4826846548578231,,,42.07763820958342,14.727173373354196,3.093108636474609,270.603271484375,269.536376953125,178.73464965820312,180.25973510742188,False
364,12.133333333333333,0.8164517879486084,26.835163007490337,24,unknown,121.62164209575523,JUMPING,False,,0.4826846548578231,,,42.07763820958342,14.727173373354196,3.204412225341797,270.0863952636719,268.279296875,179.21878051757812,179.51046752929688,False
365,12.166666666666666,0.8198196887969971,27.044080081395805,24,unknown,121.62164209575523,JUMPING,False,,0.4826846548578231,,,42.07763820958342,14.727173373354196,3.2228270874023437,269.26043701171875,262.22650146484375,179.21878051757812,175.21292114257812,False
366,12.2,0.8355038166046143,28.203176916576922,24,unknown,121.62164209575523,JUMPING,False,,0.4826846548578231,,,42.07763820958342,14.727173373354196,3.2228270874023437,269.26043701171875,253.42225646972656,179.21878051757812,166.67593383789062,True
367,12.233333333333333,0.8256011009216309,27.306733070872724,24,unknown,121.62164209575523,JUMPING,False,,0.4826846548578231,,,42.07763820958342,14.727173373354196,3.2228270874023437,269.26043701171875,244.53993225097656,179.21878051757812,158.0891876220703,True
368,12.266666666666667,0.8272014856338501,26.607902953401208,24,unknown,121.62164209575523,JUMPING,False,,0.4826846548578231,,,42.07763820958342,14.727173373354196,3.2228270874023437,269.26043701171875,237.711669921875,179.21878051757812,151.00912475585938,True
369,12.3,0.7935212254524231,27.985716005787253,24,unknown,121.62164209575523,JUMPING,False,,0.4826846548578231,,,42.07763820958342,14.727173373354196,3.2228270874023437,269.26043701171875,232.94041442871094,179.21878051757812,146.6910400390625,True
370,12.333333333333334,0.8159435987472534,27.16471697203815,24,unknown,121.62164209575523,JUMPING,False,,0.4826846548578231,,,42.07763820958342,14.727173373354196,3.2228270874023437,269.26043701171875,230.50115966796875,179.21878051757812,144.9507293701172,True
371,12.366666666666667,0.783798098564148,26.72006597276777,24,unknown,121.62164209575523,JUMPING,False,,0.4826846548578231,,,42.07763820958342,14.727173373354196,3.2228270874023437,269.26043701171875,231.7171173095703,179.21878051757812,145.63278198242188,True
372,12.4,0.7784677743911743,27.791891945526004,24,unknown,121.62164209575523,JUMPING,False,,0.4826846548578231,,,42.07763820958342,14.727173373354196,3.2228270874023437,269.26043701171875,235.81497192382812,179.21878051757812,148.67791748046875,True
373,12.433333333333334,0.8044005632400513,27.009560028091073,24,unknown,121.62164209575523,JUMPING,False,,0.4826846548578231,,,42.07763820958342,14.727173373354196,3.2228270874023437,269.26043701171875,241.32862854003906,179.21878051757812,154.81961059570312,True
374,12.466666666666667,0.789223313331604,27.033735066652298,24,unknown,121.62164209575523,JUMPING,False,,0.4826846548578231,,,42.07763820958342,14.727173373354196,3.2228270874023437,269.26043701171875,250.10919189453125,179.21878051757812,163.61289978027344,True
375,12.5,0.7103433012962341,27.878790977410972,25,unknown,120.0,JUMPING,True,0.5,0.486494030789102,38.75927734375,34.26805114746094,41.24804799312506,14.727173373354196,3.825246450805664,269.26043701171875,260.96533203125,179.21878051757812,173.49928283691406,False
376,12.533333333333333,0.7211437821388245,27.180992998182774,25,unknown,120.0,JUMPING,False,,0.486494030789102,,,41.24804799312506,14.436816797593771,3.6050598999023435,269.26043701171875,267.344970703125,179.26219177246094,178.88978576660156,False
377,12.566666666666666,0.7621291875839233,26.745015988126397,25,unknown,120.0,JUMPING,False,,0.486494030789102,,,41.24804799312506,14.436816797593771,3.174844381713867,270.0863952636719,273.4272766113281,179.78030395507812,182.82211303710938,False
378,12.6,0.810505211353302,28.105524950660765,25,unknown,120.0,JUMPING,False,,0.486494030789102,,,41.24804799312506,14.436816797593771,3.5691803283691406,270.4192810058594,272.196533203125,180.07763671875,181.83786010742188,False
379,12.633333333333333,0.830862820148468,26.912001078017056,25,unknown,120.0,JUMPING,False,,0.486494030789102,,,41.24804799312506,14.436816797593771,4.0528532409667966,270.4192810058594,265.5406799316406,180.07763671875,175.95089721679688,False
380,12.666666666666666,0.8143054246902466,26.742012007161975,25,unknown,120.0,JUMPING,False,,0.486494030789102,,,41.24804799312506,14.436816797593771,4.060273480224609,270.4192810058594,255.08863830566406,180.07763671875,166.66876220703125,True
381,12.7,0.8225752711296082,28.438133071176708,25,unknown,120.0,JUMPING,False,,0.486494030789102,,,41.24804799312506,14.436816797593771,4.060273480224609,270.4192810058594,244.205322265625,180.07763671875,156.77761840820312,True
382,12.733333333333333,0.8166213035583496,27.321784989908338,25,unknown,120.0,JUMPING,False,,0.486494030789102,,,41.24804799312506,14.436816797593771,4.060273480224609,270.4192810058594,237.50531005859375,180.07763671875,151.1971435546875,True
383,12.766666666666667,0.8239213228225708,27.038556057959795,25,unknown,120.0,JUMPING,False,,0.486494030789102,,,41.24804799312506,14.436816797593771,4.060273480224609,270.4192810058594,232.30441284179688,180.07763671875,146.38409423828125,True
384,12.8,0.7822309136390686,28.32449204288423,25,unknown,120.0,JUMPING,False,,0.486494030789102,,,41.24804799312506,14.436816797593771,4.060273480224609,270.4192810058594,228.8515625,180.07763671875,143.24119567871094,True
385,12.833333333333334,0.7787113189697266,26.91968996077776,25,unknown,120.0,JUMPING,False,,0.486494030789102,,,41.24804799312506,14.436816797593771,4.060273480224609,270.4192810058594,228.6622314453125,180.07763671875,142.1895751953125,True
386,12.866666666666667,0.7783595323562622,26.89511200878769,25,unknown,120.0,JUMPING,False,,0.486494030789102,,,41.24804799312506,14.436816797593771,4.060273480224609,270.4192810058594,230.4912567138672,180.07763671875,144.52639770507812,True
387,12.9,0.7970787882804871,28.078661067411304,25,unknown,120.0,JUMPING,False,,0.486494030789102,,,41.24804799312506,14.436816797593771,4.0248916076660155,270.4192810058594,236.412109375,180.07763671875,149.92556762695312,True
388,12.933333333333334,0.8444807529449463,27.02848194167018,25,unknown,120.0,JUMPING,False,,0.486494030789102,,,41.24804799312506,14.436816797593771,4.0248916076660155,270.4192810058594,244.88455200195312,180.07763671875,158.67922973632812,True
389,12.966666666666667,0.7916803359985352,26.629872038029134,25,unknown,120.0,JUMPING,False,,0.486494030789102,,,41.24804799312506,14.436816797593771,4.0248916076660155,270.4192810058594,255.69940185546875,180.07763671875,168.48873901367188,True
390,13.0,0.7692244052886963,27.856047032400966,26,unknown,123.2876680116087,JUMPING,True,0.5,0.48946534401549957,41.757049560546875,37.8880615234375,41.37529838498052,14.436816797593771,4.060273480224609,270.4192810058594,262.3912353515625,180.07763671875,174.1411590576172,False
391,13.033333333333333,0.7979120016098022,26.969439000822604,26,unknown,123.2876680116087,JUMPING,False,,0.48946534401549957,,,41.37529838498052,14.48135443474318,4.0248916076660155,270.4192810058594,269.14788818359375,180.07763671875,179.36895751953125,False
392,13.066666666666666,0.7099084854125977,26.752474950626493,26,unknown,123.2876680116087,JUMPING,False,,0.48946534401549957,,,41.37529838498052,14.48135443474318,4.045433001708984,270.4192810058594,266.75439453125,180.07763671875,175.93310546875,False
393,13.1,0.6884841918945312,28.068457962945104,26,unknown,123.2876680116087,JUMPING,False,,0.48946534401549957,,,41.37529838498052,14.48135443474318,4.060273480224609,270.4192810058594,263.17413330078125,180.07763671875,172.51718139648438,False
394,13.133333333333333,0.839033305644989,28.233662946149707,26,unknown,123.2876680116087,JUMPING,False,,0.48946534401549957,,,41.37529838498052,14.48135443474318,4.426263208007812,269.3809814453125,253.49813842773438,179.78030395507812,165.39364624023438,True
395,13.166666666666666,0.8424491882324219,27.059920015744865,26,unknown,123.2876680116087,JUMPING,False,,0.48946534401549957,,,41.37529838498052,14.48135443474318,4.124567138671875,268.8004455566406,246.48048400878906,179.453857421875,156.7892303466797,True
396,13.2,0.7962933778762817,27.80371403787285,26,unknown,123.2876680116087,JUMPING,False,,0.48946534401549957,,,41.37529838498052,14.601537762451173,4.867179254150391,268.8004455566406,238.94784545898438,179.453857421875,149.08071899414062,True
397,13.233333333333333,0.8380856513977051,26.9061989383772,26,unknown,123.2876680116087,JUMPING,False,,0.48946534401549957,,,41.37529838498052,14.601537762451173,4.867179254150391,268.8004455566406,234.54739379882812,179.453857421875,144.5645751953125,True
398,13.266666666666667,0.7854335308074951,26.83241304475814,26,unknown,123.2876680116087,JUMPING,False,,0.48946534401549957,,,41.37529838498052,14.601537762451173,4.867179254150391,268.8004455566406,230.49278259277344,179.453857421875,141.11358642578125,True
399,13.3,0.8113095760345459,27.913769939914346,26,unknown,123.2876680116087,JUMPING,False,,0.48946534401549957,,,41.37529838498052,14.601537762451173,4.867179254150391,268.8004455566406,228.51116943359375,179.453857421875,139.76300048828125,True
400,13.333333333333334,0.7910119295120239,26.956103974953294,26,unknown,123.2876680116087,JUMPING,False,,0.48946534401549957,,,41.37529838498052,14.601537762451173,4.867179254150391,268.8004455566406,230.01956176757812,179.453857421875,141.19586181640625,True
401,13.366666666666667,0.8218067288398743,26.72378404531628,26,unknown,123.2876680116087,JUMPING,False,,0.48946534401549957,,,41.37529838498052,14.601537762451173,4.867179254150391,268.8004455566406,235.90545654296875,179.453857421875,146.04092407226562,True
402,13.4,0.8547295928001404,27.89065893739462,26,unknown,123.2876680116087,JUMPING,False,,0.48946534401549957,,,41.37529838498052,14.601537762451173,4.867179254150391,268.8004455566406,243.51754760742188,179.453857421875,153.93716430664062,True
403,13.433333333333334,0.8340916037559509,27.049747994169593,26,unknown,123.2876680116087,JUMPING,False,,0.48946534401549957,,,41.37529838498052,14.601537762451173,4.867179254150391,268.8004455566406,247.8760986328125,179.453857421875,158.44146728515625,True
404,13.466666666666667,0.834219217300415,26.6478470293805,26,unknown,123.2876680116087,JUMPING,False,,0.48946534401549957,,,41.37529838498052,14.601537762451173,4.867179254150391,268.8004455566406,251.40972900390625,179.453857421875,161.08914184570312,True
405,13.5,0.8225277662277222,28.006595908664167,27,unknown,123.2876680116087,JUMPING,True,0.5,0.4917829683320897,40.289276123046875,39.69085693359375,41.10379281949711,14.601537762451173,4.867179254150391,268.8004455566406,258.82415771484375,179.453857421875,167.5828857421875,False
406,13.533333333333333,0.8673391342163086,26.97158302180469,27,unknown,123.2876680116087,JUMPING,False,,0.4917829683320897,,,41.10379281949711,14.386327486823987,4.045433001708984,269.0602111816406,268.9286804199219,179.453857421875,174.53182983398438,False
407,13.566666666666666,0.8736060857772827,26.824240921996534,27,unknown,123.2876680116087,JUMPING,False,,0.4917829683320897,,,41.10379281949711,14.801952090454101,4.933984030151367,269.0602111816406,273.96728515625,179.21401977539062,178.98159790039062,False
408,13.6,0.7973024249076843,27.79316296800971,27,unknown,123.2876680116087,JUMPING,False,,0.4917829683320897,,,41.10379281949711,19.366824462890623,6.455608154296875,269.0602111816406,272.13623046875,178.9448699951172,178.80926513671875,False
409,13.633333333333333,0.8229652047157288,26.971818995662034,27,unknown,123.2876680116087,JUMPING,False,,0.4917829683320897,,,41.10379281949711,18.978754998779298,6.326251666259766,269.0602111816406,264.50762939453125,178.85757446289062,173.10238647460938,False
410,13.666666666666666,0.820589542388916,26.65457793045789,27,unknown,123.2876680116087,JUMPING,False,,0.4917829683320897,,,41.10379281949711,18.551050598144528,6.183683532714843,269.0602111816406,258.95733642578125,178.85757446289062,169.08938598632812,False
411,13.7,0.8511815071105957,27.818695991300046,27,unknown,123.2876680116087,JUMPING,False,,0.4917829683320897,,,41.10379281949711,18.551050598144528,6.183683532714843,269.0602111816406,249.31588745117188,178.85757446289062,161.74685668945312,True
412,13.733333333333333,0.8080002069473267,26.89456904772669,27,unknown,123.2876680116087,JUMPING,False,,0.4917829683320897,,,41.10379281949711,18.551050598144528,6.183683532714843,269.0602111816406,240.16012573242188,178.85757446289062,153.70849609375,True
413,13.766666666666667,0.7851629853248596,26.641648961231112,27,unknown,123.2876680116087,JUMPING,False,,0.4917829683320897,,,41.10379281949711,18.551050598144528,6.183683532714843,269.0602111816406,233.1258544921875,178.85757446289062,147.22491455078125,True
414,13.8,0.8091222047805786,27.81428990419954,27,unknown,123.2876680116087,JUMPING,False,,0.4917829683320897,,,41.10379281949711,18.551050598144528,6.183683532714843,269.0602111816406,228.32229614257812,178.85757446289062,142.4739990234375,True
415,13.833333333333334,0.8137632012367249,26.91773697733879,27,unknown,123.2876680116087,JUMPING,False,,0.4917829683320897,,,41.10379281949711,18.551050598144528,6.183683532714843,269.0602111816406,226.32443237304688,178.85757446289062,140.33856201171875,True
416,13.866666666666667,0.8011558055877686,27.56407391279936,27,unknown,123.2876680116087,JUMPING,False,,0.4917829683320897,,,41.10379281949711,18.551050598144528,6.183683532714843,269.0602111816406,229.32415771484375,178.85757446289062,142.2799072265625,True
417,13.9,0.7828025817871094,28.679054928943515,27,unknown,123.2876680116087,JUMPING,False,,0.4917829683320897,,,41.10379281949711,18.551050598144528,6.183683532714843,269.0602111816406,235.98898315429688,178.85757446289062,147.8879852294922,True
418,13.933333333333334,0.8041428923606873,27.182629914022982,27,unknown,123.2876680116087,JUMPING,False,,0.4917829683320897,,,41.10379281949711,18.551050598144528,6.183683532714843,269.0602111816406,246.77516174316406,178.85757446289062,157.22421264648438,True
419,13.966666666666667,0.7805827260017395,26.886917068623006,28,unknown,125.00001831601332,JUMPING,True,0.4666666666666668,0.4862573819656966,42.73577880859375,38.519012451171875,41.51178931677127,18.978754998779298,6.326251666259766,269.0602111816406,260.990966796875,178.85757446289062,168.8044891357422,False
420,14.0,0.7805545330047607,27.843090938404202,28,unknown,125.00001831601332,JUMPING,False,,0.4862573819656966,,,41.51178931677127,16.965245928955078,5.655081976318359,269.0602111816406,268.84637451171875,178.85757446289062,175.66119384765625,False
421,14.033333333333333,0.7835319638252258,27.473918977193534,28,unknown,125.00001831601332,JUMPING,False,,0.4862573819656966,,,41.51178931677127,15.069148571777344,5.023049523925781,270.9408874511719,280.337890625,178.91265869140625,183.46609497070312,False
422,14.066666666666666,0.7867274284362793,26.72793308738619,28,unknown,125.00001831601332,JUMPING,False,,0.4862573819656966,,,41.51178931677127,17.18344168395996,5.72781389465332,270.9408874511719,282.1738586425781,178.91265869140625,184.0464324951172,False
423,14.1,0.7971882224082947,27.80676505062729,28,unknown,125.00001831601332,JUMPING,False,,0.4862573819656966,,,41.51178931677127,21.037328448486328,7.012442816162109,270.9408874511719,281.6710205078125,178.91265869140625,183.16458129882812,False
424,14.133333333333333,0.8138266801834106,26.901597972027957,28,unknown,125.00001831601332,JUMPING,False,,0.4862573819656966,,,41.51178931677127,16.0407474609375,5.3469158203125,272.7890319824219,273.2242431640625,178.91265869140625,177.7935333251953,False
425,14.166666666666666,0.8478389978408813,26.854658965021372,28,unknown,125.00001831601332,JUMPING,False,,0.4862573819656966,,,41.51178931677127,16.0407474609375,5.3469158203125,272.7890319824219,259.69903564453125,178.91265869140625,167.41087341308594,False
426,14.2,0.8335904479026794,27.958155958913267,28,unknown,125.00001831601332,JUMPING,False,,0.4862573819656966,,,41.51178931677127,16.0407474609375,5.3469158203125,272.7890319824219,247.93630981445312,178.91265869140625,157.36769104003906,True
427,14.233333333333333,0.8499167561531067,27.215569047257304,28,unknown,125.00001831601332,JUMPING,False,,0.4862573819656966,,,41.51178931677127,16.0407474609375,5.3469158203125,272.7890319824219,241.1724853515625,178.91265869140625,151.61972045898438,True
428,14.266666666666667,0.8328087329864502,26.60487696994096,28,unknown,125.00001831601332,JUMPING,False,,0.4862573819656966,,,41.51178931677127,16.0407474609375,5.3469158203125,272.7890319824219,234.26531982421875,178.91265869140625,145.2408447265625,True
429,14.3,0.7661563158035278,27.87808293942362,28,unknown,125.00001831601332,JUMPING,False,,0.4862573819656966,,,41.51178931677127,16.0407474609375,5.3469158203125,272.7890319824219,230.21182250976562,178.91265869140625,140.77584838867188,True
430,14.333333333333334,0.8031584620475769,26.98918606620282,28,unknown,125.00001831601332,JUMPING,False,,0.4862573819656966,,,41.51178931677127,16.0407474609375,5.3469158203125,272.7890319824219,230.28836059570312,178.91265869140625,139.82005310058594,True
431,14.366666666666667,0.8230757713317871,26.742073008790612,28,unknown,125.00001831601332,JUMPING,False,,0.4862573819656966,,,41.51178931677127,16.0407474609375,5.3469158203125,272.7890319824219,232.93475341796875,178.91265869140625,141.28634643554688,True
432,14.4,0.8121781945228577,28.083790093660355,28,unknown,125.00001831601332,JUMPING,False,,0.4862573819656966,,,41.51178931677127,16.0407474609375,5.3469158203125,272.7890319824219,234.19970703125,178.91265869140625,142.70741271972656,True
433,14.433333333333334,0.7937402725219727,27.07253908738494,28,unknown,125.00001831601332,JUMPING,False,,0.4862573819656966,,,41.51178931677127,16.0407474609375,5.3469158203125,272.7890319824219,238.12606811523438,178.91265869140625,147.27496337890625,True
434,14.466666666666667,0.8148321509361267,26.951968902722,28,unknown,125.00001831601332,JUMPING,False,,0.4862573819656966,,,41.51178931677127,16.0407474609375,5.3469158203125,272.7890319824219,245.03553771972656,178.91265869140625,155.05116271972656,True
435,14.5,0.8035190105438232,27.80973701737821,28,unknown,125.00001831601332,JUMPING,False,,0.4862573819656966,,,41.51178931677127,16.0407474609375,5.3469158203125,272.7890319824219,255.3046417236328,178.91265869140625,165.34820556640625,True
436,14.533333333333333,0.7835595607757568,27.031298028305173,29,unknown,118.42102625529118,JUMPING,True,0.5666666666666664,0.50394742459991,42.57720947265625,38.582916259765625,41.77814435574251,23.9373298828125,7.9791099609375,272.7890319824219,262.21673583984375,178.40296936035156,171.67526245117188,False
437,14.566666666666666,0.8045184016227722,26.722772046923637,29,unknown,118.42102625529118,JUMPING,False,,0.50394742459991,,,41.77814435574251,14.632621325683594,4.877540441894531,272.7890319824219,272.01080322265625,178.40296936035156,177.66921997070312,False
438,14.6,0.7783457040786743,28.02751201670617,29,unknown,118.42102625529118,JUMPING,False,,0.50394742459991,,,41.77814435574251,19.10580397338867,6.36860132446289,273.44427490234375,273.5909423828125,178.91265869140625,180.46896362304688,False
439,14.633333333333333,0.8144345879554749,27.010795078240335,29,unknown,118.42102625529118,JUMPING,False,,0.50394742459991,,,41.77814435574251,16.24740564880371,5.41580188293457,273.44427490234375,269.1259765625,178.91265869140625,177.3863067626953,False
440,14.666666666666666,0.777563214302063,26.726495008915663,29,unknown,118.42102625529118,JUMPING,False,,0.50394742459991,,,41.77814435574251,16.24740564880371,5.41580188293457,273.44427490234375,259.22064208984375,178.91265869140625,169.30369567871094,False
441,14.7,0.7970048785209656,28.002439998090267,29,unknown,118.42102625529118,JUMPING,False,,0.50394742459991,,,41.77814435574251,16.24740564880371,5.41580188293457,273.44427490234375,248.49462890625,178.91265869140625,159.5991668701172,True
442,14.733333333333333,0.7954608798027039,26.827526977285743,29,unknown,118.42102625529118,JUMPING,False,,0.50394742459991,,,41.77814435574251,16.24740564880371,5.41580188293457,273.44427490234375,242.0975341796875,178.91265869140625,153.513671875,True
443,14.766666666666667,0.8003652691841125,26.77677001338452,29,unknown,118.42102625529118,JUMPING,False,,0.50394742459991,,,41.77814435574251,16.24740564880371,5.41580188293457,273.44427490234375,234.65403747558594,178.91265869140625,147.81170654296875,True
444,14.8,0.8063950538635254,27.741252910345793,29,unknown,118.42102625529118,JUMPING,False,,0.50394742459991,,,41.77814435574251,16.24740564880371,5.41580188293457,273.44427490234375,229.53411865234375,178.91265869140625,143.3944854736328,True
445,14.833333333333334,0.8170333504676819,26.91537293139845,29,unknown,118.42102625529118,JUMPING,False,,0.50394742459991,,,41.77814435574251,16.24740564880371,5.41580188293457,273.44427490234375,226.7788848876953,178.91265869140625,141.05126953125,True
446,14.866666666666667,0.7817022204399109,26.727249030955136,29,unknown,118.42102625529118,JUMPING,False,,0.50394742459991,,,41.77814435574251,16.24740564880371,5.41580188293457,273.44427490234375,227.81356811523438,178.91265869140625,142.07192993164062,True
447,14.9,0.7560086846351624,27.866602991707623,29,unknown,118.42102625529118,JUMPING,False,,0.50394742459991,,,41.77814435574251,16.24740564880371,5.41580188293457,273.44427490234375,232.9595947265625,178.91265869140625,146.37808227539062,True
448,14.933333333333334,0.7906782627105713,26.771752978675067,29,unknown,118.42102625529118,JUMPING,False,,0.50394742459991,,,41.77814435574251,16.24740564880371,5.41580188293457,273.44427490234375,241.14892578125,178.91265869140625,154.15060424804688,True
449,14.966666666666667,0.7499752044677734,26.81243803817779,29,unknown,118.42102625529118,JUMPING,False,,0.50394742459991,,,41.77814435574251,16.24740564880371,5.41580188293457,273.44427490234375,253.06333923339844,178.91265869140625,164.812744140625,True
450,15.0,0.7503248453140259,27.982658939436078,30,unknown,120.0,JUMPING,True,0.4666666666666668,0.4957456578545965,46.66539001464844,37.86138916015625,42.99995577046899,16.24740564880371,5.41580188293457,273.44427490234375,260.7677001953125,178.91265869140625,171.04998779296875,False
451,15.033333333333333,0.7232863903045654,27.045977069064975,30,unknown,120.0,JUMPING,False,,0.4957456578545965,,,42.99995577046899,15.049984519664147,3.9696017761230467,273.4615478515625,273.2674560546875,178.9888916015625,178.99374389648438,False
452,15.066666666666666,0.7352808117866516,26.701348018832505,30,unknown,120.0,JUMPING,False,,0.4957456578545965,,,42.99995577046899,18.946178338623046,6.315392779541015,273.4615478515625,278.21392822265625,179.87887573242188,182.67787170410156,False
453,15.1,0.710362434387207,27.80541602987796,30,unknown,120.0,JUMPING,False,,0.4957456578545965,,,42.99995577046899,20.56211641845703,6.854038806152343,276.3647155761719,280.3537292480469,181.7943115234375,184.09921264648438,False
454,15.133333333333333,0.8088893294334412,27.018278022296727,30,unknown,120.0,JUMPING,False,,0.4957456578545965,,,42.99995577046899,20.210695697021485,6.736898565673828,276.6510314941406,274.3066711425781,181.7943115234375,180.27987670898438,False
455,15.166666666666666,0.7825708389282227,26.595799950882792,30,unknown,120.0,JUMPING,False,,0.4957456578545965,,,42.99995577046899,20.210695697021485,6.736898565673828,276.6510314941406,261.94024658203125,181.7943115234375,172.40469360351562,False
456,15.2,0.8114966750144958,28.08515599463135,30,unknown,120.0,JUMPING,False,,0.4957456578545965,,,42.99995577046899,20.210695697021485,6.736898565673828,276.6510314941406,249.7018585205078,181.7943115234375,162.3944854736328,True
457,15.233333333333333,0.8288908004760742,27.03792997635901,30,unknown,120.0,JUMPING,False,,0.4957456578545965,,,42.99995577046899,20.210695697021485,6.736898565673828,276.6510314941406,241.83859252929688,181.7943115234375,156.22140502929688,True
458,15.266666666666667,0.6857881546020508,26.73324104398489,30,unknown,120.0,JUMPING,False,,0.4957456578545965,,,42.99995577046899,20.210695697021485,6.736898565673828,276.6510314941406,235.9835205078125,181.7943115234375,150.7103271484375,True
459,15.3,0.7511557936668396,27.819295995868742,30,unknown,120.0,JUMPING,False,,0.4957456578545965,,,42.99995577046899,20.210695697021485,6.736898565673828,276.6510314941406,230.49606323242188,181.7943115234375,146.46005249023438,True
460,15.333333333333334,0.7357946634292603,26.962765958160162,30,unknown,120.0,JUMPING,False,,0.4957456578545965,,,42.99995577046899,20.210695697021485,6.736898565673828,276.6510314941406,228.87973022460938,181.7943115234375,144.32394409179688,True
461,15.366666666666667,0.7501307725906372,26.607359992340207,30,unknown,120.0,JUMPING,False,,0.4957456578545965,,,42.99995577046899,20.210695697021485,6.736898565673828,276.6510314941406,229.62020874023438,181.7943115234375,144.85604858398438,True
462,15.4,0.7826780676841736,27.91114989668131,30,unknown,120.0,JUMPING,False,,0.4957456578545965,,,42.99995577046899,20.210695697021485,6.736898565673828,276.6510314941406,233.543701171875,181.7943115234375,148.91067504882812,True
463,15.433333333333334,0.7790470123291016,27.034066966734827,30,unknown,120.0,JUMPING,False,,0.4957456578545965,,,42.99995577046899,20.210695697021485,6.736898565673828,276.6510314941406,236.57614135742188,181.7943115234375,151.475830078125,True
464,15.466666666666667,0.8228824138641357,26.84944390784949,30,unknown,120.0,JUMPING,False,,0.4957456578545965,,,42.99995577046899,20.210695697021485,6.736898565673828,276.6510314941406,243.12313842773438,181.7943115234375,158.34408569335938,True
465,15.5,0.7617377042770386,27.954286080785096,30,unknown,120.0,JUMPING,False,,0.4957456578545965,,,42.99995577046899,17.378698040771482,5.792899346923828,276.6510314941406,253.5624237060547,181.7943115234375,167.69418334960938,True
466,15.533333333333333,0.7406271696090698,26.964911026880145,31,unknown,118.42102625529118,JUMPING,True,0.5333333333333332,0.5040149464599186,45.140655517578125,36.06938171386719,43.535130707246275,15.049984519664147,2.7815490783691406,274.0203857421875,271.7148132324219,180.39332580566406,177.08505249023438,False
467,15.566666666666666,0.7081629037857056,26.905752951279283,31,unknown,118.42102625529118,JUMPING,False,,0.5040149464599186,,,43.535130707246275,15.237295747536194,2.7815490783691406,274.0203857421875,281.7845458984375,180.39332580566406,182.22947692871094,False
468,15.6,0.7473698854446411,27.835689019411802,31,unknown,118.42102625529118,JUMPING,False,,0.5040149464599186,,,43.535130707246275,15.237295747536194,2.7815490783691406,274.0203857421875,283.7765808105469,180.39332580566406,185.15065002441406,False
469,15.633333333333333,0.7919120788574219,27.04127796459943,31,unknown,118.42102625529118,JUMPING,False,,0.5040149464599186,,,43.535130707246275,17.378698040771482,5.792899346923828,276.6510314941406,280.57806396484375,181.5252685546875,183.174072265625,False
470,15.666666666666666,0.8054708242416382,26.877369033172727,31,unknown,118.42102625529118,JUMPING,False,,0.5040149464599186,,,43.535130707246275,17.451113241577147,5.817037747192383,276.6510314941406,270.3668518066406,181.5252685546875,177.26092529296875,False
471,15.7,0.8060009479522705,27.883937931619585,31,unknown,118.42102625529118,JUMPING,False,,0.5040149464599186,,,43.535130707246275,17.451113241577147,5.817037747192383,276.6510314941406,255.8673553466797,181.5252685546875,168.45162963867188,True
472,15.733333333333333,0.8453645706176758,27.198467985726893,31,unknown,118.42102625529118,JUMPING,False,,0.5040149464599186,,,43.535130707246275,17.451113241577147,5.817037747192383,276.6510314941406,246.47366333007812,181.5252685546875,163.20437622070312,True
473,15.766666666666667,0.8323505520820618,26.82353009004146,31,unknown,118.42102625529118,JUMPING,False,,0.5040149464599186,,,43.535130707246275,17.451113241577147,5.817037747192383,276.6510314941406,237.4897918701172,181.5252685546875,154.3815155029297,True
474,15.8,0.828308641910553,27.953273034654558,31,unknown,118.42102625529118,JUMPING,False,,0.5040149464599186,,,43.535130707246275,17.451113241577147,5.817037747192383,276.6510314941406,231.64334106445312,181.5252685546875,148.8740234375,True
475,15.833333333333334,0.8124266862869263,26.851254049688578,31,unknown,118.42102625529118,JUMPING,False,,0.5040149464599186,,,43.535130707246275,17.451113241577147,5.817037747192383,276.6510314941406,228.7471160888672,181.5252685546875,146.27859497070312,True
476,15.866666666666667,0.816634476184845,26.806743000634015,31,unknown,118.42102625529118,JUMPING,False,,0.5040149464599186,,,43.535130707246275,17.451113241577147,5.817037747192383,276.6510314941406,229.5447998046875,181.5252685546875,145.185791015625,True
477,15.9,0.8015145063400269,27.82941097393632,31,unknown,118.42102625529118,JUMPING,False,,0.5040149464599186,,,43.535130707246275,17.451113241577147,5.817037747192383,276.6510314941406,230.7037353515625,181.5252685546875,145.5860595703125,True
478,15.933333333333334,0.8325420618057251,26.89206402283162,31,unknown,118.42102625529118,JUMPING,False,,0.5040149464599186,,,43.535130707246275,17.451113241577147,5.817037747192383,276.6510314941406,234.18026733398438,181.5252685546875,148.67271423339844,True
479,15.966666666666667,0.8558823466300964,26.53462009038776,31,unknown,118.42102625529118,JUMPING,False,,0.5040149464599186,,,43.535130707246275,17.451113241577147,5.817037747192383,276.6510314941406,239.60440063476562,181.5252685546875,154.45394897460938,True
480,16.0,0.8163132667541504,27.84307091496885,31,unknown,118.42102625529118,JUMPING,False,,0.5040149464599186,,,43.535130707246275,17.451113241577147,5.817037747192383,276.6510314941406,247.75039672851562,181.5252685546875,163.24404907226562,True
481,16.033333333333335,0.7958272099494934,27.01489394530654,31,unknown,118.42102625529118,JUMPING,False,,0.5040149464599186,,,43.535130707246275,17.451113241577147,5.817037747192383,276.6510314941406,258.7432861328125,181.5252685546875,172.73472595214844,True
482,16.066666666666666,0.8118128776550293,26.512944023124874,32,unknown,116.88307906348439,JUMPING,True,0.5333333333333332,0.5104649915720698,47.90391540527344,36.3394775390625,44.62732688175306,17.523528442382812,5.841176147460938,276.6510314941406,265.5687255859375,181.5252685546875,178.03448486328125,False
483,16.1,0.7879320383071899,27.80658903066069,32,unknown,116.88307906348439,JUMPING,False,,0.5104649915720698,,,44.62732688175306,17.523528442382812,5.841176147460938,276.6510314941406,273.9976806640625,182.49851989746094,183.93612670898438,False
484,16.133333333333333,0.6755461692810059,26.853924966417253,32,unknown,116.88307906348439,JUMPING,False,,0.5104649915720698,,,44.62732688175306,17.378698040771482,5.792899346923828,278.6812744140625,278.99285888671875,182.9755859375,187.71929931640625,False
485,16.166666666666668,0.746583104133606,26.708416058681905,32,unknown,116.88307906348439,JUMPING,False,,0.5104649915720698,,,44.62732688175306,16.630045669555663,5.543348556518555,279.80938720703125,280.37200927734375,183.6313018798828,188.1580047607422,False
486,16.2,0.7661525011062622,28.07342796586454,32,unknown,116.88307906348439,JUMPING,False,,0.5104649915720698,,,44.62732688175306,15.881393298339843,5.293797766113281,279.80938720703125,276.685302734375,184.0339813232422,185.55422973632812,False
487,16.233333333333334,0.8568800091743469,28.248307993635535,32,unknown,116.88307906348439,JUMPING,False,,0.5104649915720698,,,44.62732688175306,15.619564408613572,4.88878391418457,279.80938720703125,269.98590087890625,184.0339813232422,180.9193115234375,False
488,16.266666666666666,0.8594723343849182,27.566182077862322,32,unknown,116.88307906348439,JUMPING,False,,0.5104649915720698,,,44.62732688175306,15.619564408613572,4.88878391418457,279.80938720703125,264.89337158203125,184.0339813232422,177.71115112304688,False
489,16.3,0.8362725973129272,27.876195963472128,32,unknown,116.88307906348439,JUMPING,False,,0.5104649915720698,,,44.62732688175306,15.619564408613572,4.88878391418457,279.80938720703125,260.22015380859375,184.0339813232422,174.42178344726562,True
490,16.333333333333332,0.8178772926330566,27.018419932574034,32,unknown,116.88307906348439,JUMPING,False,,0.5104649915720698,,,44.62732688175306,15.619564408613572,4.88878391418457,279.80938720703125,255.02517700195312,184.0339813232422,171.18161010742188,True
491,16.366666666666667,0.8538283109664917,26.77176904398948,32,unknown,116.88307906348439,JUMPING,False,,0.5104649915720698,,,44.62732688175306,15.619564408613572,4.88878391418457,279.80938720703125,252.4508056640625,184.0339813232422,168.8127899169922,True
492,16.4,0.8261076211929321,28.146836906671524,32,unknown,116.88307906348439,JUMPING,False,,0.5104649915720698,,,44.62732688175306,15.619564408613572,4.88878391418457,279.80938720703125,252.46011352539062,184.0339813232422,167.8635711669922,True
493,16.433333333333334,0.7979941964149475,26.883383048698306,32,unknown,116.88307906348439,JUMPING,False,,0.5104649915720698,,,44.62732688175306,15.619564408613572,4.88878391418457,279.80938720703125,252.60960388183594,184.0339813232422,168.44415283203125,True
494,16.466666666666665,0.7858151197433472,26.706309989094734,32,unknown,116.88307906348439,JUMPING,False,,0.5104649915720698,,,44.62732688175306,15.619564408613572,4.88878391418457,279.80938720703125,253.33778381347656,184.0339813232422,168.99098205566406,True
495,16.5,0.7581817507743835,28.199772932566702,32,unknown,116.88307906348439,JUMPING,False,,0.5104649915720698,,,44.62732688175306,15.619564408613572,4.88878391418457,279.80938720703125,255.70181274414062,184.0339813232422,170.41726684570312,True
496,16.533333333333335,0.7773948907852173,26.84519998729229,32,unknown,116.88307906348439,JUMPING,False,,0.5104649915720698,,,44.62732688175306,15.881393298339843,5.293797766113281,279.80938720703125,256.7634582519531,184.0339813232422,171.61138916015625,True
497,16.566666666666666,0.7701489329338074,26.975173968821764,32,unknown,116.88307906348439,JUMPING,False,,0.5104649915720698,,,44.62732688175306,16.398615646362302,5.466205215454101,279.80938720703125,255.10484313964844,184.0339813232422,172.8628692626953,True
498,16.6,0.8390088677406311,27.870993013493717,32,unknown,116.88307906348439,JUMPING,False,,0.5104649915720698,,,44.62732688175306,17.314223400878905,5.771407800292969,278.06982421875,254.26327514648438,183.6313018798828,173.27328491210938,True
499,16.633333333333333,0.8536260724067688,26.78934996947646,32,unknown,116.88307906348439,JUMPING,False,,0.5104649915720698,,,44.62732688175306,17.31720959472656,5.772403198242187,278.06982421875,255.61187744140625,183.6313018798828,173.40359497070312,True
500,16.666666666666668,0.8518083095550537,26.682951021939516,32,unknown,116.88307906348439,JUMPING,False,,0.5104649915720698,,,44.62732688175306,17.31720959472656,5.772403198242187,278.06982421875,256.5435791015625,183.6313018798828,173.42437744140625,True
501,16.7,0.8937256336212158,27.7952280594036,32,unknown,116.88307906348439,JUMPING,False,,0.5104649915720698,,,44.62732688175306,17.31720959472656,5.772403198242187,278.06982421875,258.27685546875,183.6313018798828,172.99217224121094,True
502,16.733333333333334,0.8432601690292358,27.04669290687889,32,unknown,116.88307906348439,JUMPING,False,,0.5104649915720698,,,44.62732688175306,17.31720959472656,5.772403198242187,278.06982421875,259.72796630859375,183.6313018798828,172.85018920898438,True
503,16.766666666666666,0.886761486530304,26.82436106260866,33,unknown,107.14284528275057,JUMPING,True,0.6999999999999993,0.5521626934262143,25.6190185546875,15.767730712890625,39.875249799986676,17.31720959472656,5.772403198242187,278.06982421875,261.1236877441406,183.6313018798828,172.47579956054688,False
504,16.8,0.9141544699668884,28.26675702817738,33,unknown,107.14284528275057,JUMPING,False,,0.5521626934262143,,,39.875249799986676,17.31720959472656,5.772403198242187,278.06982421875,262.6291809082031,183.6313018798828,171.92892456054688,False
505,16.833333333333332,0.8790956735610962,26.865722960792482,33,unknown,107.14284528275057,JUMPING,False,,0.5521626934262143,,,39.875249799986676,17.31720959472656,5.772403198242187,278.06982421875,261.5975646972656,183.6313018798828,171.053466796875,False
506,16.866666666666667,0.8720045685768127,26.716097025200725,33,unknown,107.14284528275057,JUMPING,False,,0.5521626934262143,,,39.875249799986676,17.31720959472656,5.772403198242187,278.06982421875,260.88232421875,183.6313018798828,170.46832275390625,False
507,16.9,0.8270684480667114,27.948015020228922,33,unknown,107.14284528275057,JUMPING,False,,0.5521626934262143,,,39.875249799986676,17.31720959472656,5.772403198242187,278.06982421875,259.329345703125,183.6313018798828,170.24331665039062,True
508,16.933333333333334,0.8317058086395264,26.820942061021924,33,unknown,107.14284528275057,JUMPING,False,,0.5521626934262143,,,39.875249799986676,17.31720959472656,5.772403198242187,278.06982421875,258.2177734375,183.6313018798828,170.72189331054688,True
509,16.966666666666665,0.8394744396209717,26.629294967278838,33,unknown,107.14284528275057,JUMPING,False,,0.5521626934262143,,,39.875249799986676,17.31720959472656,5.772403198242187,278.06982421875,257.57647705078125,183.6313018798828,171.6639404296875,True
510,17.0,0.8358890414237976,27.90392201859504,33,unknown,107.14284528275057,JUMPING,False,,0.5521626934262143,,,39.875249799986676,17.31720959472656,5.772403198242187,278.06982421875,259.879150390625,183.6313018798828,171.79031372070312,True
511,17.033333333333335,0.828213095664978,26.845537940971553,33,unknown,107.14284528275057,JUMPING,False,,0.5521626934262143,,,39.875249799986676,13.956337429995337,4.138955163574218,278.06982421875,261.82623291015625,183.6313018798828,171.62298583984375,True
512,17.066666666666666,0.8565897941589355,26.643072022125125,33,unknown,107.14284528275057,JUMPING,False,,0.5521626934262143,18.033782958984375,13.387985229492188,39.875249799986676,14.634114422607421,4.8780381408691404,275.6102600097656,264.14447021484375,183.6313018798828,171.3878631591797,False
513,17.1,0.8049947023391724,27.93569501955062,33,unknown,107.14284528275057,JUMPING,False,,0.5521626934262143,,,39.875249799986676,25.427102857232097,8.489160919189453,272.54534912109375,264.6409912109375,182.2721710205078,171.50636291503906,False
514,17.133333333333333,0.792398989200592,26.788037037476897,33,unknown,107.14284528275057,JUMPING,False,,0.5521626934262143,,,39.875249799986676,17.662929400634766,5.8876431335449215,270.2144775390625,266.7193603515625,179.765380859375,171.48394775390625,False
515,17.166666666666668,0.8406065106391907,26.68529807124287,33,unknown,107.14284528275057,JUMPING,False,,0.5521626934262143,,,39.875249799986676,15.644262359619141,5.214754119873047,268.6792907714844,266.59832763671875,179.765380859375,171.34722900390625,False
516,17.2,0.839876651763916,27.909039985388517,33,unknown,107.14284528275057,JUMPING,False,,0.5521626934262143,,,39.875249799986676,15.151676110839844,5.050558703613281,268.6792907714844,266.7138671875,179.765380859375,171.21734619140625,False
517,17.233333333333334,0.8285682201385498,27.11259701754898,33,unknown,107.14284528275057,JUMPING,False,,0.5521626934262143,,,39.875249799986676,13.956337429995337,4.538381213378906,268.6792907714844,264.6586608886719,179.765380859375,171.07135009765625,False
518,17.266666666666666,0.8324459195137024,26.64244407787919,33,unknown,107.14284528275057,JUMPING,False,,0.5521626934262143,,,39.875249799986676,13.956337429995337,4.355793557739258,268.6792907714844,262.59503173828125,179.765380859375,170.92356872558594,False
519,17.3,0.8793703317642212,28.29052903689444,33,unknown,107.14284528275057,JUMPING,False,,0.5521626934262143,,,39.875249799986676,13.956337429995337,4.512184149169921,268.6792907714844,260.0155029296875,179.765380859375,171.02406311035156,False
520,17.333333333333332,0.8410372138023376,27.07221999298781,33,unknown,107.14284528275057,JUMPING,False,,0.5521626934262143,,,39.875249799986676,13.956337429995337,4.512184149169921,268.6792907714844,258.27960205078125,179.765380859375,170.50733947753906,False
521,17.366666666666667,0.8197225332260132,27.1972130285576,33,unknown,107.14284528275057,JUMPING,False,,0.5521626934262143,,,39.875249799986676,13.956337429995337,4.355793557739258,268.6792907714844,258.0420227050781,179.765380859375,169.89700317382812,False
522,17.4,0.8526445627212524,28.05493795312941,33,unknown,107.14284528275057,JUMPING,False,,0.5521626934262143,,,39.875249799986676,13.956337429995337,3.4075186523437497,268.6792907714844,257.3965148925781,179.765380859375,169.34860229492188,False
523,17.433333333333334,0.826352059841156,27.180297998711467,33,unknown,107.14284528275057,JUMPING,False,,0.5521626934262143,,,39.875249799986676,13.956337429995337,4.358168939208984,268.6792907714844,257.0267028808594,179.765380859375,169.2989501953125,False
524,17.466666666666665,0.8263785243034363,26.65338304359466,33,unknown,107.14284528275057,JUMPING,False,,0.5521626934262143,,,39.875249799986676,13.956337429995337,3.0732459228515623,268.6792907714844,257.3770446777344,179.765380859375,169.14654541015625,False
525,17.5,0.8140636086463928,27.654616977088153,33,unknown,107.14284528275057,JUMPING,False,,0.5521626934262143,,,39.875249799986676,13.956337429995337,3.0732459228515623,268.6792907714844,258.0664978027344,179.765380859375,168.9693603515625,False
526,17.533333333333335,0.8260985016822815,26.908413972705603,33,unknown,107.14284528275057,JUMPING,False,,0.5521626934262143,,,39.875249799986676,13.956337429995337,3.0732459228515623,268.6792907714844,258.3154296875,179.765380859375,168.85897827148438,False
527,17.566666666666666,0.7897593379020691,26.770184049382806,33,unknown,107.14284528275057,JUMPING,False,,0.5521626934262143,,,39.875249799986676,13.956337429995337,3.4453890197753902,268.6792907714844,257.4282531738281,179.63604736328125,168.77407836914062,False
528,17.6,0.8338370323181152,27.772389934398234,33,unknown,107.14284528275057,JUMPING,False,,0.5521626934262143,,,39.875249799986676,13.956337429995337,3.0595365783691406,266.7171630859375,257.33935546875,176.39540100097656,168.13232421875,False
529,17.633333333333333,0.7920749187469482,26.890625013038516,33,unknown,107.14284528275057,JUMPING,False,,0.5521626934262143,,,39.875249799986676,13.956337429995337,3.064196850585937,266.66766357421875,257.08160400390625,174.0228271484375,167.8346710205078,False
530,17.666666666666668,0.8187747001647949,26.596040930598974,33,unknown,107.14284528275057,JUMPING,False,,0.5521626934262143,,,39.875249799986676,13.956337429995337,3.776042120361328,265.9163513183594,256.685546875,173.4160614013672,166.99072265625,False
531,17.7,0.8101422786712646,27.79044595081359,33,unknown,107.14284528275057,JUMPING,False,,0.5521626934262143,,,39.875249799986676,13.956337429995337,3.4075186523437497,264.79949951171875,256.7248229980469,173.35147094726562,166.97622680664062,False
532,17.733333333333334,0.8147543668746948,26.795818004757166,33,unknown,107.14284528275057,JUMPING,False,,0.5521626934262143,,,39.875249799986676,13.956337429995337,3.3555769775390623,264.6515808105469,256.40673828125,173.1608428955078,166.75350952148438,False
533,17.766666666666666,0.8442562818527222,26.72792098019272,33,unknown,107.14284528275057,JUMPING,False,,0.5521626934262143,,,39.875249799986676,13.956337429995337,2.886744543457031,264.4423828125,256.4642639160156,172.94044494628906,166.82461547851562,False
534,17.8,0.8249755501747131,27.92293601669371,33,unknown,107.14284528275057,JUMPING,False,,0.5521626934262143,,,39.875249799986676,13.956337429995337,3.3555769775390623,264.4423828125,256.8365173339844,172.85780334472656,167.16934204101562,False
535,17.833333333333332,0.8442370891571045,26.805525994859636,33,unknown,107.14284528275057,JUMPING,False,,0.5521626934262143,,,39.875249799986676,13.956337429995337,3.3555769775390623,264.4423828125,257.1182861328125,172.85780334472656,167.4370880126953,False
536,17.866666666666667,0.8156958818435669,26.918684947304428,33,unknown,107.14284528275057,JUMPING,False,,0.5521626934262143,,,39.875249799986676,13.956337429995337,3.3555769775390623,264.4423828125,257.31292724609375,172.85780334472656,167.52752685546875,False
537,17.9,0.812339186668396,27.91802806314081,33,unknown,107.14284528275057,JUMPING,False,,0.5521626934262143,,,39.875249799986676,13.956337429995337,3.3555769775390623,264.4423828125,257.381591796875,172.85780334472656,167.82513427734375,False
538,17.933333333333334,0.811355710029602,27.072750963270664,33,unknown,107.14284528275057,JUMPING,False,,0.5521626934262143,,,39.875249799986676,13.956337429995337,3.3555769775390623,264.4423828125,256.44140625,172.85780334472656,168.4805145263672,False
539,17.966666666666665,0.8133370280265808,26.501856977120042,33,unknown,107.14284528275057,JUMPING,False,,0.5521626934262143,,,39.875249799986676,13.956337429995337,3.3555769775390623,264.4423828125,257.659423828125,172.85780334472656,169.01004028320312,False
540,18.0,0.7961675524711609,27.83225302118808,33,unknown,107.14284528275057,JUMPING,False,,0.5521626934262143,,,39.875249799986676,13.956337429995337,3.3555769775390623,264.4423828125,258.2390441894531,172.85780334472656,169.2668914794922,False
541,18.033333333333335,0.8383387923240662,26.793454075232148,33,unknown,107.14284528275057,JUMPING,False,,0.5521626934262143,,,39.875249799986676,13.956337429995337,3.3555769775390623,264.4423828125,258.0154113769531,172.85780334472656,169.37896728515625,False
542,18.066666666666666,0.8034405708312988,26.68905898462981,33,unknown,107.14284528275057,JUMPING,False,,0.5521626934262143,,,39.875249799986676,13.956337429995337,3.3555769775390623,264.4423828125,257.9221496582031,172.700439453125,169.79653930664062,False
543,18.1,0.836203932762146,28.027014923281968,33,unknown,107.14284528275057,JUMPING,False,,0.5521626934262143,,,39.875249799986676,13.956337429995337,3.3555769775390623,264.4423828125,257.38482666015625,172.25704956054688,170.06863403320312,False
544,18.133333333333333,0.8162016868591309,26.71945106703788,33,unknown,107.14284528275057,JUMPING,False,,0.5521626934262143,,,39.875249799986676,13.956337429995337,3.3555769775390623,264.4423828125,258.29901123046875,171.87347412109375,170.73110961914062,False
545,18.166666666666668,0.8513705730438232,26.845483924262226,33,unknown,107.14284528275057,JUMPING,False,,0.5521626934262143,,,39.875249799986676,13.956337429995337,2.886744543457031,264.4423828125,260.7197265625,171.75405883789062,171.69967651367188,False
546,18.2,0.8087318539619446,27.84808410797268,33,unknown,107.14284528275057,JUMPING,False,,0.5521626934262143,,,39.875249799986676,13.956337429995337,3.146226690673828,264.48846435546875,264.25970458984375,171.75405883789062,172.858642578125,False
547,18.233333333333334,0.8240664601325989,26.836346951313317,33,unknown,107.14284528275057,JUMPING,False,,0.5521626934262143,,,39.875249799986676,13.956337429995337,2.9068334838867185,264.6515808105469,265.95135498046875,171.75405883789062,173.257080078125,False
548,18.266666666666666,0.8224785327911377,26.60381095483899,33,unknown,107.14284528275057,JUMPING,False,,0.5521626934262143,,,39.875249799986676,13.956337429995337,3.1829885467529295,264.75177001953125,264.8138427734375,171.75405883789062,173.81387329101562,False
549,18.3,0.8176214694976807,27.78545196633786,33,unknown,107.14284528275057,STOPPED,False,,0.5521626934262143,,,39.875249799986676,13.956337429995337,3.4284446319580075,264.75177001953125,263.9042663574219,171.75405883789062,173.6612548828125,False
550,18.333333333333332,0.8256364464759827,26.867929962463677,33,unknown,107.14284528275057,STOPPED,False,,0.5521626934262143,,,39.875249799986676,13.956337429995337,3.057952990722656,264.75177001953125,264.65850830078125,172.43130493164062,173.73648071289062,False
551,18.366666666666667,0.7991858720779419,26.64039994124323,33,unknown,107.14284528275057,STOPPED,False,,0.5521626934262143,,,39.875249799986676,13.956337429995337,2.4880424194335937,265.015380859375,265.1497497558594,172.9950714111328,173.08602905273438,False
552,18.4,0.8470395803451538,27.94263290707022,33,unknown,107.14284528275057,STOPPED,False,,0.5521626934262143,,,39.875249799986676,13.956337429995337,1.5984281249999999,265.362548828125,265.50439453125,172.9950714111328,172.643798828125,False
553,18.433333333333334,0.8150409460067749,26.76575700752437,33,unknown,107.14284528275057,STOPPED,False,,0.5521626934262143,,,39.875249799986676,13.956337429995337,1.3278608642578125,265.53424072265625,265.55413818359375,172.9950714111328,172.30856323242188,False
554,18.466666666666665,0.813951313495636,26.888175983913243,33,unknown,107.14284528275057,STOPPED,False,,0.5521626934262143,,,39.875249799986676,13.956337429995337,1.3039713134765625,265.53424072265625,264.45880126953125,172.9950714111328,172.01119995117188,False
555,18.5,0.8222044706344604,27.84203307237476,33,unknown,107.14284528275057,STOPPED,False,,0.5521626934262143,,,39.875249799986676,13.956337429995337,1.248115914916992,265.53424072265625,263.8207092285156,172.9950714111328,171.5406951904297,False
556,18.533333333333335,0.8815467357635498,27.08144998177886,33,unknown,107.14284528275057,STOPPED,False,,0.5521626934262143,,,39.875249799986676,13.956337429995337,1.248115914916992,265.53424072265625,263.10919189453125,172.9950714111328,171.32701110839844,False
557,18.566666666666666,0.8752194046974182,27.103150030598044,33,unknown,107.14284528275057,STOPPED,False,,0.5521626934262143,,,39.875249799986676,13.956337429995337,1.3039713134765625,265.53424072265625,261.60858154296875,172.9950714111328,171.13389587402344,False
558,18.6,0.9091723561286926,29.24067305866629,33,unknown,107.14284528275057,STOPPED,False,,0.5521626934262143,,,39.875249799986676,13.956337429995337,1.770360498046875,265.53424072265625,261.66925048828125,172.9950714111328,171.61050415039062,False
559,18.633333333333333,0.8386232852935791,27.40260399878025,33,unknown,107.14284528275057,STOPPED,False,,0.5521626934262143,,,39.875249799986676,13.956337429995337,1.8124386840820312,265.362548828125,259.5631103515625,172.9950714111328,171.2015380859375,False
560,18.666666666666668,0.8658190369606018,26.624764082953334,33,unknown,107.14284528275057,STOPPED,False,,0.5521626934262143,,,39.875249799986676,13.956337429995337,2.145761260986328,265.015380859375,260.166748046875,172.9950714111328,171.38768005371094,False
561,18.7,0.8516122698783875,27.819599024951458,33,unknown,107.14284528275057,STOPPED,False,,0.5521626934262143,,,39.875249799986676,13.956337429995337,2.171392758178711,264.75177001953125,260.34368896484375,172.9950714111328,171.47274780273438,False
562,18.733333333333334,0.8567437529563904,26.7692010384053,33,unknown,107.14284528275057,STOPPED,False,,0.5521626934262143,,,39.875249799986676,13.956337429995337,2.7073014404296876,264.751708984375,261.3729248046875,172.9950714111328,172.09963989257812,False
563,18.766666666666666,0.8648542165756226,26.78289299365133,33,unknown,107.14284528275057,STOPPED,False,,0.5521626934262143,,,39.875249799986676,13.956337429995337,2.8879661682128903,264.751708984375,260.61260986328125,172.9950714111328,171.90701293945312,False
564,18.8,0.5601370930671692,27.930867043323815,33,unknown,107.14284528275057,STOPPED,False,,0.5521626934262143,,,39.875249799986676,13.956337429995337,2.8879661682128903,264.751708984375,260.7433776855469,172.9950714111328,171.15048217773438,False
565,18.833333333333332,0.877044677734375,27.03457500319928,33,unknown,107.14284528275057,STOPPED,False,,0.5521626934262143,,,39.875249799986676,13.956337429995337,2.5741895874023437,264.751708984375,262.60089111328125,172.9950714111328,170.82333374023438,False
566,18.866666666666667,0.8841778039932251,26.65554010309279,33,unknown,107.14284528275057,STOPPED,False,,0.5521626934262143,,,39.875249799986676,13.956337429995337,2.7073014404296876,264.751708984375,263.98822021484375,172.9950714111328,170.3607177734375,False
567,18.9,0.8559789061546326,27.97279809601605,33,unknown,107.14284528275057,STOPPED,False,,0.5521626934262143,,,39.875249799986676,13.956337429995337,2.506321545410156,264.751708984375,263.81390380859375,172.9950714111328,170.03759765625,False
568,18.933333333333334,0.9084835052490234,26.896868948824704,33,unknown,107.14284528275057,STOPPED,False,,0.5521626934262143,,,39.875249799986676,13.956337429995337,2.2383558929443357,264.9642639160156,265.0645446777344,172.9950714111328,169.43856811523438,False
569,18.966666666666665,0.8521844744682312,26.811377960257232,33,unknown,107.14284528275057,STOPPED,False,,0.5521626934262143,,,39.875249799986676,13.956337429995337,2.0613334167480466,265.11566162109375,265.2110595703125,172.9950714111328,168.44772338867188,False
570,19.0,0.8473247289657593,27.67863404005766,33,unknown,107.14284528275057,STOPPED,False,,0.5521626934262143,,,39.875249799986676,13.956337429995337,1.9539435516357422,265.1400451660156,265.12548828125,172.9950714111328,167.5758056640625,False
571,19.033333333333335,0.8607079386711121,26.95244096685201,33,unknown,107.14284528275057,STOPPED,False,,0.5521626934262143,,,39.875249799986676,13.956337429995337,1.9323841369628905,265.1400451660156,264.86077880859375,172.9950714111328,166.8363037109375,False
572,19.066666666666666,0.8507112860679626,26.901507982984185,33,unknown,107.14284528275057,STOPPED,False,,0.5521626934262143,,,39.875249799986676,13.956337429995337,1.829790280151367,265.1400451660156,264.85797119140625,172.9950714111328,166.49639892578125,False
573,19.1,0.8411039710044861,28.07232108898461,33,unknown,107.14284528275057,STOPPED,False,,0.5521626934262143,,,39.875249799986676,13.956337429995337,1.8465536865234373,265.1400451660156,263.74798583984375,172.9950714111328,166.54786682128906,False
574,19.133333333333333,0.8506993055343628,26.95048099849373,33,unknown,107.14284528275057,STOPPED,False,,0.5521626934262143,,,39.875249799986676,13.956337429995337,1.8714838806152343,265.1400451660156,263.7071228027344,172.9950714111328,166.82415771484375,False
575,19.166666666666668,0.9092531204223633,26.62512904498726,33,unknown,107.14284528275057,STOPPED,False,,0.5521626934262143,,,39.875249799986676,13.956337429995337,1.8441104370117187,265.1400451660156,262.6814880371094,172.9950714111328,167.16763305664062,False
576,19.2,0.8546333312988281,27.906910050660372,33,unknown,107.14284528275057,STOPPED,False,,0.5521626934262143,,,39.875249799986676,13.956337429995337,1.8943101654052734,265.1400451660156,261.1170349121094,172.9950714111328,167.3309783935547,False
577,19.233333333333334,0.862212061882019,26.928204926662147,33,unknown,107.14284528275057,STOPPED,False,,0.5521626934262143,,,39.875249799986676,13.956337429995337,1.944555139160156,265.1400451660156,260.3846435546875,172.9950714111328,167.42074584960938,False
578,19.266666666666666,0.8451036810874939,27.06648805178702,33,unknown,107.14284528275057,STOPPED,False,,0.5521626934262143,,,39.875249799986676,13.956337429995337,2.011405160522461,265.1400451660156,259.53326416015625,172.9950714111328,167.29641723632812,False
579,19.3,0.9139086008071899,27.92711998336017,33,unknown,107.14284528275057,STOPPED,False,,0.5521626934262143,,,39.875249799986676,13.956337429995337,2.011405160522461,265.1400451660156,258.5547790527344,172.9950714111328,167.24130249023438,False
580,19.333333333333332,0.8456721305847168,27.89068000856787,33,unknown,107.14284528275057,STOPPED,False,,0.5521626934262143,,,39.875249799986676,13.956337429995337,2.011405160522461,265.1400451660156,258.34210205078125,172.9950714111328,167.33956909179688,False
581,19.366666666666667,0.8463890552520752,26.64103196002543,33,unknown,107.14284528275057,STOPPED,False,,0.5521626934262143,,,39.875249799986676,13.956337429995337,2.011405160522461,265.1400451660156,256.49420166015625,172.9950714111328,167.54861450195312,False
582,19.4,0.8163476586341858,27.773555950261652,33,unknown,107.14284528275057,STOPPED,False,,0.5521626934262143,,,39.875249799986676,13.956337429995337,2.011405160522461,265.1400451660156,256.1832275390625,172.9950714111328,167.9859619140625,False
583,19.433333333333334,0.8057740330696106,26.97084506507963,33,unknown,107.14284528275057,STOPPED,False,,0.5521626934262143,,,39.875249799986676,13.956337429995337,2.011405160522461,265.1400451660156,255.86126708984375,172.9950714111328,168.59860229492188,False
584,19.466666666666665,0.8345706462860107,26.769340969622135,33,unknown,107.14284528275057,STOPPED,False,,0.5521626934262143,,,39.875249799986676,13.956337429995337,2.011405160522461,265.1400451660156,255.7099151611328,172.9950714111328,168.7622833251953,False
585,19.5,0.8462181687355042,27.939571999013424,33,unknown,107.14284528275057,STOPPED,False,,0.5521626934262143,,,39.875249799986676,13.956337429995337,2.011405160522461,265.1400451660156,254.85958862304688,172.9950714111328,168.9114990234375,False
586,19.533333333333335,0.8216980695724487,27.650012052617967,33,unknown,107.14284528275057,STOPPED,False,,0.5521626934262143,,,39.875249799986676,13.956337429995337,2.011405160522461,265.1400451660156,255.34130859375,172.9950714111328,169.88963317871094,False
587,19.566666666666666,0.8143206834793091,27.917637024074793,33,unknown,107.14284528275057,STOPPED,False,,0.5521626934262143,,,39.875249799986676,13.956337429995337,2.011405160522461,265.1400451660156,256.31439208984375,172.9950714111328,171.20848083496094,False
588,19.6,0.8042234778404236,28.309274930506945,33,unknown,107.14284528275057,STOPPED,False,,0.5521626934262143,,,39.875249799986676,13.956337429995337,2.011405160522461,265.1400451660156,258.01312255859375,172.9950714111328,171.7792510986328,False
589,19.633333333333333,0.8421288132667542,27.548579033464193,33,unknown,107.14284528275057,STOPPED,False,,0.5521626934262143,,,39.875249799986676,13.956337429995337,2.011405160522461,265.1400451660156,259.0484313964844,172.9950714111328,171.59259033203125,False
590,19.666666666666668,0.8323074579238892,26.76599402911961,33,unknown,107.14284528275057,STOPPED,False,,0.5521626934262143,,,39.875249799986676,13.956337429995337,1.944555139160156,265.1400451660156,258.0636901855469,172.9950714111328,171.36940002441406,False
591,19.7,0.8439731597900391,28.40719697996974,33,unknown,107.14284528275057,STOPPED,False,,0.5521626934262143,,,39.875249799986676,13.956337429995337,2.011405160522461,265.1400451660156,257.12872314453125,172.9091339111328,171.1278533935547,False
592,19.733333333333334,0.8498295545578003,26.99216699693352,33,unknown,107.14284528275057,STOPPED,False,,0.5521626934262143,,,39.875249799986676,13.956337429995337,2.042285119628906,265.1011047363281,256.2283630371094,172.50970458984375,171.06179809570312,False
593,19.766666666666666,0.8607338666915894,26.92380198277533,33,unknown,107.14284528275057,STOPPED,False,,0.5521626934262143,,,39.875249799986676,13.956337429995337,2.0905845428466794,265.1011047363281,256.2192077636719,172.22499084472656,171.17379760742188,False
594,19.8,0.8338145017623901,27.795516070909798,33,unknown,107.14284528275057,STOPPED,False,,0.5521626934262143,,,39.875249799986676,13.956337429995337,2.138838720703125,265.1011047363281,256.434814453125,172.06427001953125,171.34274291992188,False
595,19.833333333333332,0.8645496368408203,26.87794202938676,33,unknown,107.14284528275057,STOPPED,False,,0.5521626934262143,,,39.875249799986676,13.956337429995337,2.5800941070556638,265.1011047363281,257.5648498535156,171.9842529296875,171.94383239746094,False
596,19.866666666666667,0.8655058145523071,26.77718992345035,33,unknown,107.14284528275057,STOPPED,False,,0.5521626934262143,,,39.875249799986676,13.956337429995337,2.9119009643554685,264.9830322265625,258.14727783203125,171.9842529296875,172.31008911132812,False
597,19.9,0.8647100329399109,27.97597204335034,33,unknown,107.14284528275057,STOPPED,False,,0.5521626934262143,,,39.875249799986676,13.956337429995337,2.8734424072265625,264.8596496582031,258.16259765625,171.9842529296875,172.72662353515625,False
598,19.933333333333334,0.8625671863555908,26.838263031095266,33,unknown,107.14284528275057,STOPPED,False,,0.5521626934262143,,,39.875249799986676,13.956337429995337,2.754243502807617,264.69830322265625,258.16766357421875,171.9842529296875,173.17718505859375,False
599,19.966666666666665,0.8560336232185364,27.2173440316692,33,unknown,107.14284528275057,STOPPED,False,,0.5521626934262143,,,39.875249799986676,13.956337429995337,3.081933032226562,264.51007080078125,259.5499267578125,172.03732299804688,173.44126892089844,False
600,20.0,0.8650566339492798,28.033021022565663,33,unknown,107.14284528275057,STOPPED,False,,0.5521626934262143,,,39.875249799986676,13.956337429995337,3.032615588378906,264.51007080078125,260.516357421875,172.2259063720703,173.2623291015625,False
601,20.033333333333335,0.8473002910614014,26.96287597063929,33,unknown,107.14284528275057,STOPPED,False,,0.5521626934262143,,,39.875249799986676,13.956337429995337,2.6832309082031247,264.51007080078125,260.6475524902344,172.5600128173828,172.86932373046875,False
602,20.066666666666666,0.8439410328865051,26.87619102653116,33,unknown,107.14284528275057,STOPPED,False,,0.5521626934262143,,,39.875249799986676,13.956337429995337,2.319458203125,264.51007080078125,260.7513732910156,172.69261169433594,172.6416015625,False
603,20.1,0.8621305227279663,27.874225983396173,33,unknown,107.14284528275057,STOPPED,False,,0.5521626934262143,,,39.875249799986676,13.956337429995337,1.8059685974121094,264.51007080078125,259.86907958984375,172.69261169433594,172.4089813232422,False
604,20.133333333333333,0.8697713017463684,26.937694055959582,33,unknown,107.14284528275057,STOPPED,False,,0.5521626934262143,,,39.875249799986676,13.956337429995337,2.2740318603515624,264.51007080078125,258.498779296875,172.69261169433594,172.45657348632812,False
605,20.166666666666668,0.9011646509170532,26.81006398051977,33,unknown,107.14284528275057,STOPPED,False,,0.5521626934262143,,,39.875249799986676,13.956337429995337,2.323394549560547,264.51007080078125,257.5942687988281,172.69261169433594,172.2151336669922,False
606,20.2,0.8974381685256958,28.144508018158376,33,unknown,107.14284528275057,STOPPED,False,,0.5521626934262143,,,39.875249799986676,13.956337429995337,2.525460333251953,264.51007080078125,257.5536193847656,172.69261169433594,172.0263214111328,False
607,20.233333333333334,0.8371069431304932,26.88886399846524,33,unknown,107.14284528275057,STOPPED,False,,0.5521626934262143,,,39.875249799986676,13.956337429995337,2.348098516845703,264.51007080078125,258.26519775390625,172.69261169433594,171.92056274414062,False
608,20.266666666666666,0.8812983632087708,26.906060986220837,33,unknown,107.14284528275057,STOPPED,False,,0.5521626934262143,,,39.875249799986676,13.956337429995337,3.066911572265625,264.51007080078125,258.87957763671875,172.69261169433594,172.07302856445312,False
609,20.3,0.860255777835846,27.765203965827823,33,unknown,107.14284528275057,STOPPED,False,,0.5521626934262143,,,39.875249799986676,13.956337429995337,3.066911572265625,264.51007080078125,259.65093994140625,172.69261169433594,171.94627380371094,False
610,20.333333333333332,0.846208930015564,26.950123952701688,33,unknown,107.14284528275057,STOPPED,False,,0.5521626934262143,,,39.875249799986676,13.956337429995337,2.7751242370605467,264.51007080078125,260.03057861328125,172.69261169433594,171.91519165039062,False
611,20.366666666666667,0.8571674823760986,26.829759939573705,33,unknown,107.14284528275057,STOPPED,False,,0.5521626934262143,,,39.875249799986676,13.956337429995337,2.398795944213867,264.4403381347656,259.923828125,172.69261169433594,171.7904052734375,False
612,20.4,0.8653867244720459,28.070940054021776,33,unknown,107.14284528275057,STOPPED,False,,0.5521626934262143,,,39.875249799986676,13.956337429995337,1.85397392578125,264.4139709472656,259.3515930175781,172.69261169433594,171.61767578125,False
613,20.433333333333334,0.8753350973129272,26.90580498892814,33,unknown,107.14284528275057,STOPPED,False,,0.5521626934262143,,,39.875249799986676,13.956337429995337,1.7081933715820312,263.73162841796875,258.91424560546875,172.69261169433594,171.43093872070312,False
614,20.466666666666665,0.8550338745117188,27.183007914572954,33,unknown,107.14284528275057,STOPPED,False,,0.5521626934262143,,,39.875249799986676,13.956337429995337,1.7859927703857421,263.296875,259.59796142578125,172.69261169433594,171.198486328125,False
615,20.5,0.8216124773025513,27.779279043897986,33,unknown,107.14284528275057,STOPPED,False,,0.5521626934262143,,,39.875249799986676,13.956337429995337,1.9569976135253906,262.0556945800781,260.5902099609375,172.69261169433594,170.9959716796875,False
616,20.533333333333335,0.8528567552566528,27.003358001820743,33,unknown,107.14284528275057,STOPPED,False,,0.5521626934262143,,,39.875249799986676,13.956337429995337,1.868135723876953,260.97076416015625,260.6356201171875,172.69261169433594,170.9011688232422,False
617,20.566666666666666,0.8419094681739807,26.743793045170605,33,unknown,107.14284528275057,STOPPED,False,,0.5521626934262143,,,39.875249799986676,13.956337429995337,1.868135723876953,260.97076416015625,261.58880615234375,172.69261169433594,171.07611083984375,False
618,20.6,0.841793417930603,27.734051109291613,33,unknown,107.14284528275057,STOPPED,False,,0.5521626934262143,,,39.875249799986676,13.956337429995337,1.868135723876953,260.97076416015625,261.44989013671875,172.69261169433594,171.03485107421875,False
619,20.633333333333333,0.8475978374481201,26.85767598450184,33,unknown,107.14284528275057,STOPPED,False,,0.5521626934262143,,,39.875249799986676,13.956337429995337,1.868135723876953,260.97076416015625,262.23931884765625,172.69261169433594,170.9849853515625,False
620,20.666666666666668,0.8078655004501343,26.844269945286214,33,unknown,107.14284528275057,STOPPED,False,,0.5521626934262143,,,39.875249799986676,13.956337429995337,1.868135723876953,260.97076416015625,261.8145751953125,172.69261169433594,170.86279296875,False
621,20.7,0.810696005821228,28.32411101553589,33,unknown,107.14284528275057,STOPPED,False,,0.5521626934262143,,,39.875249799986676,13.956337429995337,1.868135723876953,261.17047119140625,262.0362243652344,172.69261169433594,170.68203735351562,False
622,20.733333333333334,0.8578636050224304,26.926754973828793,33,unknown,107.14284528275057,STOPPED,False,,0.5521626934262143,,,39.875249799986676,13.956337429995337,1.949215411376953,261.5332336425781,262.33074951171875,172.69261169433594,170.783203125,False
623,20.766666666666666,0.8510838747024536,26.81805402971804,33,unknown,107.14284528275057,STOPPED,False,,0.5521626934262143,,,39.875249799986676,13.956337429995337,1.983239923095703,261.7242736816406,262.0533142089844,172.69261169433594,170.7416229248047,False
624,20.8,0.8130002617835999,27.886538999155164,33,unknown,107.14284528275057,STOPPED,False,,0.5521626934262143,,,39.875249799986676,13.956337429995337,2.1962777069091795,261.7242736816406,261.56988525390625,172.69261169433594,170.7488250732422,False
625,20.833333333333332,0.8355104327201843,27.019517961889505,33,unknown,107.14284528275057,STOPPED,False,,0.5521626934262143,,,39.875249799986676,13.956337429995337,2.2230855834960934,261.7242736816406,261.027587890625,172.69261169433594,170.87774658203125,False
626,20.866666666666667,0.8137685656547546,26.82664105668664,33,unknown,107.14284528275057,STOPPED,False,,0.5521626934262143,,,39.875249799986676,13.956337429995337,2.0939326995849608,261.7242736816406,261.2994384765625,172.69261169433594,171.40576171875,False
627,20.9,0.8371500372886658,28.42452598270029,33,unknown,107.14284528275057,STOPPED,False,,0.5521626934262143,,,39.875249799986676,13.956337429995337,2.1507834960937497,261.8796081542969,261.9229736328125,172.69261169433594,171.6243438720703,False
628,20.933333333333334,0.8351664543151855,29.366180999204516,33,unknown,107.14284528275057,STOPPED,False,,0.5521626934262143,,,39.875249799986676,13.956337429995337,2.2520199920654296,261.8796081542969,261.73358154296875,172.69261169433594,171.703369140625,False
629,20.966666666666665,0.8228237628936768,27.201968943700194,33,unknown,107.14284528275057,STOPPED,False,,0.5521626934262143,,,39.875249799986676,13.956337429995337,2.3532564880371094,261.9909362792969,263.2338562011719,172.69261169433594,171.9285125732422,False
630,21.0,0.8242666125297546,27.943691005930305,33,unknown,107.14284528275057,STOPPED,False,,0.5521626934262143,,,39.875249799986676,13.956337429995337,2.4482265014648434,262.0464782714844,263.5726318359375,172.69261169433594,172.39306640625,False
631,21.033333333333335,0.8185845613479614,27.030269033275545,33,unknown,107.14284528275057,STOPPED,False,,0.5521626934262143,,,39.875249799986676,13.956337429995337,2.5300301147460935,262.1649169921875,262.58099365234375,172.69261169433594,172.59152221679688,False
632,21.066666666666666,0.8322124481201172,26.89984394237399,33,unknown,107.14284528275057,STOPPED,False,,0.5521626934262143,,,39.875249799986676,13.956337429995337,2.5966312866210934,262.1649169921875,261.67523193359375,172.69261169433594,172.5677490234375,False
633,21.1,0.8398429751396179,27.903112000785768,33,unknown,107.14284528275057,STOPPED,False,,0.5521626934262143,,,39.875249799986676,13.956337429995337,2.5248721435546875,262.1649169921875,261.83270263671875,172.75723266601562,172.77764892578125,False
634,21.133333333333333,0.8300831913948059,26.941012009046972,33,unknown,107.14284528275057,STOPPED,False,,0.5521626934262143,,,39.875249799986676,13.956337429995337,2.0854491943359372,262.1649169921875,261.87158203125,172.75723266601562,172.69686889648438,False
635,21.166666666666668,0.8428803086280823,26.665132027119398,33,unknown,107.14284528275057,STOPPED,False,,0.5521626934262143,,,39.875249799986676,13.956337429995337,1.8997622314453124,262.1649169921875,261.6689758300781,172.75723266601562,172.69419860839844,False
636,21.2,0.8641176223754883,27.885629096999764,33,unknown,107.14284528275057,STOPPED,False,,0.5521626934262143,,,39.875249799986676,13.956337429995337,1.8324371337890624,262.1649169921875,260.82513427734375,172.75723266601562,172.41946411132812,False
637,21.233333333333334,0.8529620170593262,27.0286169834435,33,unknown,107.14284528275057,STOPPED,False,,0.5521626934262143,,,39.875249799986676,13.956337429995337,1.7747945434570311,262.1649169921875,260.5972595214844,172.75723266601562,172.16856384277344,False
638,21.266666666666666,0.8511247634887695,26.662782998755574,33,unknown,107.14284528275057,STOPPED,False,,0.5521626934262143,,,39.875249799986676,13.956337429995337,1.7479187988281248,262.1649169921875,260.12060546875,172.75723266601562,171.95523071289062,False
639,21.3,0.8445520401000977,27.796496055088937,33,unknown,107.14284528275057,STOPPED,False,,0.5521626934262143,,,39.875249799986676,13.956337429995337,1.6278376098632812,262.1649169921875,259.64678955078125,172.75723266601562,171.687255859375,False
640,21.333333333333332,0.8552729487419128,26.77554194815457,33,unknown,107.14284528275057,STOPPED,False,,0.5521626934262143,,,39.875249799986676,13.956337429995337,1.6278376098632812,262.1649169921875,258.8355712890625,172.75723266601562,171.6997833251953,False
641,21.366666666666667,0.8613337278366089,26.78768301848322,33,unknown,107.14284528275057,STOPPED,False,,0.5521626934262143,,,39.875249799986676,13.956337429995337,1.6278376098632812,262.1649169921875,259.0908203125,172.75723266601562,171.48886108398438,False
642,21.4,0.8425828814506531,27.852906961925328,33,unknown,107.14284528275057,STOPPED,False,,0.5521626934262143,,,39.875249799986676,13.956337429995337,1.609648974609375,262.1649169921875,259.7863464355469,172.74533081054688,171.61602783203125,False
643,21.433333333333334,0.8371726274490356,27.04791200812906,33,unknown,107.14284528275057,STOPPED,False,,0.5521626934262143,,,39.875249799986676,13.956337429995337,1.5413284790039061,262.1649169921875,260.37969970703125,172.69580078125,171.83592224121094,False
644,21.466666666666665,0.8423883318901062,26.67747507803142,33,unknown,107.14284528275057,STOPPED,False,,0.5521626934262143,,,39.875249799986676,13.956337429995337,1.5384327758789063,262.1649169921875,260.041748046875,172.67315673828125,171.833740234375,False
645,21.5,0.8609312772750854,27.854586020112038,33,unknown,107.14284528275057,STOPPED,False,,0.5521626934262143,,,39.875249799986676,13.956337429995337,1.5384327758789063,262.1649169921875,259.91937255859375,172.62156677246094,171.94369506835938,False
646,21.533333333333335,0.7556678652763367,26.90088900271803,33,unknown,107.14284528275057,STOPPED,False,,0.5521626934262143,,,39.875249799986676,13.956337429995337,1.5384327758789063,262.1649169921875,260.9869384765625,172.58201599121094,171.68576049804688,False
647,21.566666666666666,0.8506276607513428,26.57351503148675,33,unknown,107.14284528275057,STOPPED,False,,0.5521626934262143,,,39.875249799986676,13.956337429995337,1.5384327758789063,262.1649169921875,261.00408935546875,172.52328491210938,171.6908721923828,False
648,21.6,0.8565053939819336,28.003059094771743,33,unknown,107.14284528275057,STOPPED,False,,0.5521626934262143,,,39.875249799986676,13.956337429995337,1.5384327758789063,262.1649169921875,260.40167236328125,172.52328491210938,171.6079864501953,False
649,21.633333333333333,0.8398298621177673,26.823158957995474,33,unknown,107.14284528275057,STOPPED,False,,0.5521626934262143,,,39.875249799986676,13.956337429995337,1.5320531799316406,262.1649169921875,260.26153564453125,172.50843811035156,171.51483154296875,False
650,21.666666666666668,0.8498833775520325,26.652081054635346,33,unknown,107.14284528275057,STOPPED,False,,0.5521626934262143,,,39.875249799986676,13.956337429995337,1.4660401977539061,262.1649169921875,259.9314880371094,172.50843811035156,171.6878662109375,False
651,21.7,0.8458195924758911,28.154531959444284,33,unknown,107.14284528275057,STOPPED,False,,0.5521626934262143,,,39.875249799986676,13.956337429995337,1.4660401977539061,262.1649169921875,259.4305419921875,172.50843811035156,171.82876586914062,False
652,21.733333333333334,0.8597249388694763,26.93366794846952,33,unknown,107.14284528275057,STOPPED,False,,0.5521626934262143,,,39.875249799986676,13.956337429995337,1.4660401977539061,262.1649169921875,258.7459716796875,172.50843811035156,171.88626098632812,False
653,21.766666666666666,0.8501037359237671,26.648418977856636,33,unknown,107.14284528275057,STOPPED,False,,0.5521626934262143,,,39.875249799986676,13.956337429995337,1.4660401977539061,262.1649169921875,258.6477355957031,172.50843811035156,172.26153564453125,False
654,21.8,0.825507402420044,27.74644095916301,33,unknown,107.14284528275057,STOPPED,False,,0.5521626934262143,,,39.875249799986676,13.956337429995337,1.5320531799316406,262.1649169921875,258.8230285644531,172.58201599121094,172.6217041015625,False
655,21.833333333333332,0.8373445272445679,27.11132005788386,33,unknown,107.14284528275057,STOPPED,False,,0.5521626934262143,,,39.875249799986676,13.956337429995337,1.5384327758789063,262.1649169921875,258.73321533203125,172.58201599121094,172.475830078125,False
656,21.866666666666667,0.8473507165908813,26.614513946697116,33,unknown,107.14284528275057,STOPPED,False,,0.5521626934262143,,,39.875249799986676,13.956337429995337,1.5413284790039061,262.1649169921875,259.0211181640625,172.58201599121094,172.41302490234375,False
657,21.9,0.8541088104248047,27.79827790800482,33,unknown,107.14284528275057,STOPPED,False,,0.5521626934262143,,,39.875249799986676,13.956337429995337,1.5413284790039061,262.1649169921875,258.72845458984375,172.60963439941406,172.87948608398438,False
658,21.933333333333334,0.8392571806907654,26.946963975206017,33,unknown,107.14284528275057,STOPPED,False,,0.5521626934262143,,,39.875249799986676,13.956337429995337,1.5413284790039061,262.1649169921875,258.3265686035156,172.6652069091797,172.80706787109375,False
659,21.966666666666665,0.8610597848892212,26.53097198344767,33,unknown,107.14284528275057,STOPPED,False,,0.5521626934262143,,,39.875249799986676,13.956337429995337,1.6278376098632812,262.1649169921875,257.931640625,172.69580078125,172.75009155273438,False
660,22.0,0.8953560590744019,28.161733062006533,33,unknown,107.14284528275057,STOPPED,False,,0.5521626934262143,,,39.875249799986676,13.956337429995337,1.7479187988281248,262.1649169921875,258.0740966796875,172.69580078125,172.57656860351562,False
661,22.033333333333335,0.8628184795379639,26.867071050219238,33,unknown,107.14284528275057,STOPPED,False,,0.5521626934262143,,,39.875249799986676,13.956337429995337,1.804792218017578,262.1649169921875,258.0240173339844,172.69580078125,172.30255126953125,False
662,22.066666666666666,0.8637862801551819,26.97129105217755,33,unknown,107.14284528275057,STOPPED,False,,0.5521626934262143,,,39.875249799986676,13.956337429995337,2.046809655761719,262.1649169921875,257.83917236328125,172.69580078125,172.24671936035156,False
663,22.1,0.8680728077888489,27.763494988903403,33,unknown,107.14284528275057,STOPPED,False,,0.5521626934262143,,,39.875249799986676,13.956337429995337,2.127346398925781,262.1649169921875,257.9407653808594,172.69580078125,172.2367706298828,False
664,22.133333333333333,0.914777934551239,26.9982039462775,33,unknown,107.14284528275057,STOPPED,False,,0.5521626934262143,,,39.875249799986676,13.956337429995337,2.132730596923828,262.0464782714844,257.5323486328125,172.69580078125,172.15756225585938,False
665,22.166666666666668,0.8876012563705444,26.820885948836803,33,unknown,107.14284528275057,STOPPED,False,,0.5521626934262143,,,39.875249799986676,13.956337429995337,2.064002893066406,262.0464782714844,256.9035949707031,172.69580078125,171.99468994140625,False
666,22.2,0.8229720592498779,27.8459939872846,33,unknown,107.14284528275057,STOPPED,False,,0.5521626934262143,,,39.875249799986676,13.956337429995337,1.9470888793945311,262.0011901855469,256.96685791015625,172.69580078125,172.24737548828125,False
667,22.233333333333334,0.8443751335144043,26.69797500129789,33,unknown,107.14284528275057,STOPPED,False,,0.5521626934262143,,,39.875249799986676,13.956337429995337,1.9032913696289062,261.90240478515625,257.1861572265625,172.69580078125,172.11190795898438,False
668,22.266666666666666,0.8755655884742737,26.703777024522424,33,unknown,107.14284528275057,STOPPED,False,,0.5521626934262143,,,39.875249799986676,13.956337429995337,1.8853289611816406,261.85601806640625,257.6399841308594,172.69580078125,172.2121124267578,False
669,22.3,0.8699315190315247,27.879851986654103,33,unknown,107.14284528275057,STOPPED,False,,0.5521626934262143,,,39.875249799986676,13.956337429995337,1.840264581298828,261.85601806640625,257.8254699707031,172.69580078125,172.2770538330078,False
670,22.333333333333332,0.8513539433479309,26.958444039337337,33,unknown,107.14284528275057,STOPPED,False,,0.5521626934262143,,,39.875249799986676,13.956337429995337,2.0123326904296874,261.85601806640625,258.1299743652344,172.69580078125,172.1634063720703,False
671,22.366666666666667,0.8277068138122559,26.699702022597194,33,unknown,107.14284528275057,STOPPED,False,,0.5521626934262143,,,39.875249799986676,13.956337429995337,2.0110658203125,261.85601806640625,258.8560791015625,172.69580078125,172.50399780273438,False
672,22.4,0.8290924429893494,27.758168056607246,33,unknown,107.14284528275057,STOPPED,False,,0.5521626934262143,,,39.875249799986676,13.956337429995337,1.7185998046875,261.7930603027344,258.886474609375,172.69580078125,172.56858825683594,False
673,22.433333333333334,0.8447834253311157,26.860660989768803,33,unknown,107.14284528275057,STOPPED,False,,0.5521626934262143,,,39.875249799986676,13.956337429995337,1.6152593994140625,261.76971435546875,258.3863830566406,172.69580078125,172.52439880371094,False
674,22.466666666666665,0.8340511322021484,27.541546965949237,33,unknown,107.14284528275057,STOPPED,False,,0.5521626934262143,,,39.875249799986676,13.956337429995337,1.5493369079589843,261.6727294921875,258.7979736328125,172.69580078125,172.51580810546875,False
675,22.5,0.8438707590103149,29.032899998128414,33,unknown,107.14284528275057,STOPPED,False,,0.5521626934262143,,,39.875249799986676,13.956337429995337,1.5313744995117187,261.40301513671875,259.21112060546875,172.69580078125,172.4678955078125,False
676,22.533333333333335,0.8460098505020142,27.51366898883134,33,unknown,107.14284528275057,STOPPED,False,,0.5521626934262143,,,39.875249799986676,13.956337429995337,1.415636865234375,260.9972229003906,259.1763610839844,172.69580078125,172.34938049316406,False
677,22.566666666666666,0.8294872045516968,27.438904042355716,33,unknown,107.14284528275057,STOPPED,False,,0.5521626934262143,,,39.875249799986676,13.956337429995337,1.4021085021972655,260.9222106933594,259.00274658203125,172.69580078125,172.40280151367188,False
678,22.6,0.8358094692230225,28.29757600557059,33,unknown,107.14284528275057,STOPPED,False,,0.5521626934262143,,,39.875249799986676,13.956337429995337,1.3570441223144531,260.7339782714844,258.7718811035156,172.6652069091797,172.27491760253906,False
679,22.633333333333333,0.830162763595581,26.958121918141842,33,unknown,107.14284528275057,STOPPED,False,,0.5521626934262143,,,39.875249799986676,13.956337429995337,1.203209893798828,260.5190124511719,258.7203369140625,172.60365295410156,172.34835815429688,False
680,22.666666666666668,0.8485177755355835,26.639666059054434,33,unknown,107.14284528275057,STOPPED,False,,0.5521626934262143,,,39.875249799986676,13.956337429995337,1.1846140502929687,260.39288330078125,258.0879821777344,172.57337951660156,172.29196166992188,False
681,22.7,0.8440631628036499,28.402840020135045,33,unknown,107.14284528275057,STOPPED,False,,0.5521626934262143,,,39.875249799986676,13.956337429995337,1.1474676086425781,260.3324279785156,258.0238952636719,172.57337951660156,172.35169982910156,False
682,22.733333333333334,0.8536611795425415,27.26364496629685,33,unknown,107.14284528275057,STOPPED,False,,0.5521626934262143,,,39.875249799986676,13.956337429995337,1.1048012329101562,260.2051696777344,258.0267028808594,172.57337951660156,172.2331085205078,False
683,22.766666666666666,0.8410320281982422,26.632999069988728,33,unknown,107.14284528275057,STOPPED,False,,0.5521626934262143,,,39.875249799986676,13.956337429995337,1.0149439453125,260.1736145019531,258.40771484375,172.57337951660156,172.3657684326172,False
684,22.8,0.8446065187454224,27.66598097514361,33,unknown,107.14284528275057,STOPPED,False,,0.5521626934262143,,,39.875249799986676,13.956337429995337,0.9961218749999999,260.1736145019531,258.982421875,172.57337951660156,172.39666748046875,False
685,22.833333333333332,0.8587309122085571,26.93269809242338,33,unknown,107.14284528275057,STOPPED,False,,0.5521626934262143,,,39.875249799986676,13.956337429995337,1.0149439453125,260.1736145019531,259.46435546875,172.57337951660156,172.18646240234375,False
686,22.866666666666667,0.8493236303329468,26.755445986054838,33,unknown,107.14284528275057,STOPPED,False,,0.5521626934262143,,,39.875249799986676,13.956337429995337,1.0650758056640623,260.1736145019531,259.849609375,172.57337951660156,172.51803588867188,False
687,22.9,0.8165472149848938,28.08994601946324,33,unknown,107.14284528275057,STOPPED,False,,0.5521626934262143,,,39.875249799986676,13.956337429995337,1.0650758056640623,260.1736145019531,259.96533203125,172.60365295410156,172.6313934326172,False
688,22.933333333333334,0.8402366042137146,27.22992200870067,33,unknown,107.14284528275057,STOPPED,False,,0.5521626934262143,,,39.875249799986676,13.956337429995337,1.0650758056640623,260.01116943359375,259.6747131347656,172.60365295410156,172.4997100830078,False
689,22.966666666666665,0.8263486623764038,29.162894934415817,33,unknown,107.14284528275057,STOPPED,False,,0.5521626934262143,,,39.875249799986676,13.956337429995337,1.0650758056640623,259.9517822265625,259.5167236328125,172.62521362304688,172.6275634765625,False
690,23.0,0.8244622349739075,28.472887934185565,33,unknown,107.14284528275057,STOPPED,False,,0.5521626934262143,,,39.875249799986676,13.956337429995337,1.0149439453125,259.9517822265625,259.41400146484375,172.62521362304688,172.60401916503906,False
691,23.033333333333335,0.8229432702064514,26.783005916513503,33,unknown,107.14284528275057,STOPPED,False,,0.5521626934262143,,,39.875249799986676,13.956337429995337,0.9961218749999999,259.89874267578125,259.3389587402344,172.62521362304688,172.536865234375,False
692,23.066666666666666,0.82778400182724,26.599368080496788,33,unknown,107.14284528275057,STOPPED,False,,0.5521626934262143,,,39.875249799986676,13.956337429995337,0.9904209594726562,259.7796630859375,259.2684631347656,172.62521362304688,172.30999755859375,False
693,23.1,0.8121653199195862,28.352702036499977,33,unknown,107.14284528275057,STOPPED,False,,0.5521626934262143,,,39.875249799986676,13.956337429995337,0.9755352355957031,259.61151123046875,259.1295471191406,172.62521362304688,172.0699462890625,False
694,23.133333333333333,0.8420511484146118,27.087640017271042,33,unknown,107.14284528275057,STOPPED,False,,0.5521626934262143,,,39.875249799986676,13.956337429995337,0.898075177001953,259.49578857421875,258.3802490234375,172.62521362304688,172.1592254638672,False
695,23.166666666666668,0.8502930402755737,26.82739298325032,33,unknown,107.14284528275057,STOPPED,False,,0.5521626934262143,,,39.875249799986676,13.956337429995337,0.8873067810058594,259.4508361816406,258.16796875,172.62521362304688,172.3780517578125,False
696,23.2,0.8509165644645691,27.799871051684022,33,unknown,107.14284528275057,STOPPED,False,,0.5521626934262143,,,39.875249799986676,13.956337429995337,0.8309763061523437,259.4442138671875,258.9476318359375,172.62521362304688,172.00799560546875,False
697,23.233333333333334,0.8429105877876282,26.970306993462145,33,unknown,107.14284528275057,STOPPED,False,,0.5521626934262143,,,39.875249799986676,13.956337429995337,0.8309763061523437,259.4442138671875,259.220458984375,172.62521362304688,171.94711303710938,False
698,23.266666666666666,0.8250643610954285,27.369366958737373,33,unknown,107.14284528275057,STOPPED,False,,0.5521626934262143,,,39.875249799986676,13.956337429995337,0.8943650573730468,259.4442138671875,259.35101318359375,172.62521362304688,171.90834045410156,False
699,23.3,0.8467718958854675,28.596856980584562,33,unknown,107.14284528275057,STOPPED,False,,0.5521626934262143,,,39.875249799986676,13.956337429995337,0.898075177001953,259.49578857421875,260.1016845703125,172.61814880371094,171.8911590576172,False
700,23.333333333333332,0.8378541469573975,27.41784998215735,33,unknown,107.14284528275057,STOPPED,False,,0.5521626934262143,,,39.875249799986676,13.956337429995337,0.9516909301757812,259.61151123046875,260.75970458984375,172.61814880371094,171.774169921875,False
701,23.366666666666667,0.8282686471939087,26.807049987837672,33,unknown,107.14284528275057,STOPPED,False,,0.5521626934262143,,,39.875249799986676,13.956337429995337,0.9520076477050781,259.7796630859375,260.80743408203125,172.61814880371094,171.79518127441406,False
702,23.4,0.840847909450531,27.819251990877092,33,unknown,107.14284528275057,STOPPED,False,,0.5521626934262143,,,39.875249799986676,13.956337429995337,0.9903757141113281,259.9190368652344,261.01055908203125,172.59303283691406,172.09722900390625,False
