frame_idx,timestamp,best_conf,infer_ms,jump_count,single_count,double_count,jump_type,spm,state,cycle_ok,dt,expected_dt,hip_amp,shoulder_amp,amp_ewma,lift_th,lift_noise_sigma,ground_y,hip_y,shoulder_ground_y,shoulder_y,ankle_distance,is_airborne
0,0.0,0.9153225421905518,17.682753037661314,0,0,0,unknown,0.0,IDLE,False,,,,,,,,,211.14395141601562,,118.84813690185547,15.739778518676758,False
1,0.03333333333333333,0.9139633178710938,11.709650978446007,0,0,0,unknown,0.0,IDLE,False,,,,,,,,,216.89950561523438,,126.01238250732422,15.35014820098877,False
2,0.06666666666666667,0.9176438450813293,12.488221284002066,0,0,0,unknown,0.0,IDLE,False,,,,,,,,,226.60096740722656,,134.66238403320312,14.464496612548828,False
3,0.1,0.9214920997619629,11.153511237353086,0,0,0,unknown,0.0,IDLE,False,,,,,,,,,227.857666015625,,135.83567810058594,15.043642044067383,False
4,0.13333333333333333,0.9215656518936157,12.082748115062714,0,0,0,double,0.0,IDLE,False,,,,,,,,,231.2036590576172,,138.33689880371094,14.419443130493164,False
5,0.16666666666666666,0.9363532066345215,11.29754213616252,0,0,0,double,0.0,IDLE,False,,,,,,,,,223.88821411132812,,132.02447509765625,16.418750762939453,False
6,0.2,0.9351907968521118,12.082552071660757,0,0,0,double,0.0,IDLE,False,,,,,,,,,219.69427490234375,,128.6043701171875,17.316680908203125,False
7,0.23333333333333334,0.9168750047683716,10.963161941617727,0,0,0,double,0.0,IDLE,False,,,,,,,,,215.00961303710938,,123.72280883789062,18.171546936035156,False
8,0.26666666666666666,0.9213055372238159,12.315124738961458,0,0,0,double,0.0,IDLE,False,,,,,,,,,210.4742889404297,,119.82417297363281,17.444385528564453,False
9,0.3,0.9188505411148071,11.060929857194424,0,0,0,double,0.0,IDLE,False,,,,,,24.37320420742035,11.101367921447753,228.1922607421875,207.7864227294922,136.08580017089844,117.02548217773438,16.508176803588867,False
10,0.3333333333333333,0.9152261018753052,12.76020286604762,0,0,0,double,0.0,IDLE,False,,,,,,24.597692959308628,10.361459216308592,227.857666015625,208.42776489257812,135.83567810058594,117.08976745605469,15.508971214294434,False
11,0.36666666666666664,0.913945734500885,11.93008292466402,0,0,0,double,0.0,IDLE,False,,,,,,24.63445022106171,10.781155187988281,227.73199462890625,208.93777465820312,135.71835327148438,117.16182708740234,15.197137832641602,False
12,0.4,0.912392258644104,13.49664805456996,0,0,0,double,0.0,IDLE,False,,,,,,24.298800997734073,9.002107580566406,227.6063232421875,211.6977996826172,135.60101318359375,120.01943969726562,13.715072631835938,False
13,0.43333333333333335,0.9191820621490479,11.11368928104639,0,0,0,double,0.0,IDLE,False,,,,,,23.87494466543198,8.908483616638183,227.48065185546875,216.41981506347656,135.4836883544922,125.43807983398438,12.347137451171875,False
14,0.4666666666666667,0.9204249978065491,13.082440942525864,0,0,0,double,0.0,IDLE,False,,,,,,22.99002808570862,9.964680020141602,227.35498046875,223.14089965820312,135.36636352539062,132.57720947265625,12.72072982788086,False
15,0.5,0.9287919998168945,11.408393271267414,0,0,0,double,0.0,IDLE,False,,,,,,8.82766408996582,2.9425546966552734,227.82760620117188,227.7975616455078,136.608642578125,137.38162231445312,13.486316680908203,False
16,0.5333333333333333,0.9326400756835938,12.717593926936388,0,0,0,double,0.0,IDLE,False,,,,,,4.076290338134766,1.3587634460449218,227.8216094970703,227.51744079589844,137.16348266601562,137.01806640625,14.26087760925293,False
17,0.5666666666666667,0.932277500629425,10.996696073561907,0,0,0,double,0.0,IDLE,False,,,,,,4.0,1.1392442642211913,227.8155975341797,226.42422485351562,137.12713623046875,136.3355712890625,14.087361335754395,False
18,0.6,0.9442054629325867,12.202165089547634,0,0,0,double,0.0,IDLE,False,,,,,,5.58954407043457,1.8631813568115234,227.80958557128906,222.18780517578125,137.0907745361328,131.432861328125,15.223174095153809,True
19,0.6333333333333333,0.919557511806488,11.11377403140068,0,0,0,double,0.0,IDLE,False,,,,,,5.58954407043457,1.8631813568115234,227.80357360839844,216.0704345703125,137.05442810058594,125.21420288085938,17.480443954467773,True
20,0.6666666666666666,0.929190456867218,12.30798102915287,0,0,0,double,0.0,IDLE,False,,,,,,5.58954407043457,1.8631813568115234,227.7975616455078,209.762939453125,137.01806640625,119.90962982177734,18.876670837402344,True
21,0.7,0.9291874170303345,11.282328981906176,0,0,0,double,0.0,IDLE,False,,,,,,5.58954407043457,1.8631813568115234,227.76954650878906,205.92376708984375,136.94981384277344,116.863525390625,17.41948127746582,True
22,0.7333333333333333,0.9386088252067566,12.43588700890541,0,0,0,double,0.0,IDLE,False,,,,,,5.58954407043457,1.8631813568115234,227.7415313720703,205.31326293945312,136.88156127929688,116.43933868408203,16.237958908081055,True
23,0.7666666666666667,0.9213231801986694,11.300028767436743,0,0,0,double,0.0,IDLE,False,,,,,,5.58954407043457,1.8631813568115234,227.71353149414062,205.51922607421875,136.81332397460938,116.2767105102539,14.938884735107422,True
24,0.8,0.9284394979476929,12.7593451179564,0,0,0,double,0.0,IDLE,False,,,,,,5.58954407043457,1.8631813568115234,227.68551635742188,208.42556762695312,136.7450714111328,118.92961120605469,14.41280460357666,True
25,0.8333333333333334,0.9271088242530823,11.19958609342575,0,0,0,double,0.0,IDLE,False,,,,,,5.58954407043457,1.8631813568115234,227.65750122070312,213.66580200195312,136.67681884765625,124.70870208740234,13.468408584594727,True
26,0.8666666666666667,0.9351164698600769,12.265360914170742,0,0,0,double,0.0,IDLE,False,,,,,,5.58954407043457,1.8631813568115234,227.62948608398438,221.1209716796875,136.6085662841797,131.96621704101562,12.42329216003418,True
27,0.9,0.936939001083374,11.005626991391182,1,0,1,double,0.0,JUMPING,True,,,22.2882080078125,20.66608428955078,22.2882080078125,5.218475550842285,1.7394918502807617,227.60147094726562,226.7077178955078,136.9427947998047,136.91053771972656,12.911749839782715,False
28,0.9333333333333333,0.9406439661979675,12.22358737140894,1,0,1,double,0.0,JUMPING,False,,,,,22.2882080078125,7.800872802734374,1.61580234375,227.57347106933594,226.78689575195312,137.0345458984375,137.10044860839844,12.670771598815918,False
29,0.9666666666666667,0.9410457611083984,11.261094361543655,1,0,1,double,0.0,JUMPING,False,,,,,22.2882080078125,7.800872802734374,1.4872828948974608,227.5454559326172,226.45245361328125,137.02630615234375,136.80747985839844,12.867240905761719,False
30,1.0,0.9370959401130676,14.063819777220488,1,0,1,double,0.0,JUMPING,False,,,,,22.2882080078125,7.800872802734374,1.7740706176757812,227.51744079589844,222.81494140625,137.01806640625,132.01829528808594,13.70933723449707,False
31,1.0333333333333334,0.9330256581306458,11.939284391701221,1,0,1,double,0.0,JUMPING,False,,,,,22.2882080078125,7.800872802734374,1.7740706176757812,227.4443817138672,216.5828399658203,137.00730895996094,126.05154418945312,14.886381149291992,True
32,1.0666666666666667,0.9341407418251038,12.656989973038435,1,0,1,double,0.0,JUMPING,False,,,,,22.2882080078125,7.800872802734374,1.7740706176757812,227.371337890625,212.2810516357422,136.99656677246094,122.37493896484375,15.05720043182373,True
33,1.1,0.9042704105377197,11.603901162743568,1,0,1,double,0.0,JUMPING,False,,,,,22.2882080078125,7.800872802734374,1.7740706176757812,227.29827880859375,207.88058471679688,136.98580932617188,118.95428466796875,16.4449520111084,True
34,1.1333333333333333,0.9377471208572388,13.137081172317266,1,0,1,double,0.0,JUMPING,False,,,,,22.2882080078125,7.800872802734374,1.7740706176757812,227.2252197265625,205.53768920898438,136.9750518798828,116.8797836303711,15.403975486755371,True
35,1.1666666666666667,0.9330713748931885,11.482860893011093,1,0,1,double,0.0,JUMPING,False,,,,,22.2882080078125,7.800872802734374,1.7740706176757812,227.15216064453125,205.69970703125,136.96429443359375,116.89029693603516,14.15265941619873,True
36,1.2,0.9317377209663391,12.613290920853615,1,0,1,double,0.0,JUMPING,False,,,,,22.2882080078125,7.800872802734374,1.9287305740356444,227.07911682128906,206.1744842529297,136.95355224609375,117.33615112304688,14.208379745483398,True
37,1.2333333333333334,0.930849015712738,11.156241875141859,1,0,1,double,0.0,JUMPING,False,,,,,22.2882080078125,7.800872802734374,1.9287305740356444,227.0060577392578,209.33511352539062,136.9427947998047,120.02220916748047,14.476744651794434,True
38,1.2666666666666666,0.9365620017051697,12.292788829654455,1,0,1,double,0.0,JUMPING,False,,,,,22.2882080078125,7.800872802734374,1.9287305740356444,226.93299865722656,215.34698486328125,136.93203735351562,125.85377502441406,13.15153980255127,True
39,1.3,0.9325525760650635,11.256373953074217,2,0,2,double,150.00000894069726,JUMPING,True,0.4,0.4,21.322265625,20.04151153564453,22.046722412109375,7.800872802734374,2.0833679077148437,226.85995483398438,222.42567443847656,136.92129516601562,132.93032836914062,12.834330558776855,False
40,1.3333333333333333,0.9406101107597351,12.39751186221838,2,0,2,double,150.00000894069726,JUMPING,False,,0.4,,,22.046722412109375,7.716352844238281,2.05973851776123,226.78689575195312,226.3998565673828,137.01806640625,137.34420776367188,12.44371223449707,False
41,1.3666666666666667,0.9324853420257568,11.26143429428339,2,0,2,double,150.00000894069726,JUMPING,False,,0.4,,,22.046722412109375,7.716352844238281,2.036109127807617,226.7789764404297,225.75038146972656,137.03277587890625,137.03440856933594,12.47458267211914,False
42,1.4,0.9362781047821045,14.182500075548887,2,0,2,double,150.00000894069726,JUMPING,False,,0.4,,,22.046722412109375,7.716352844238281,2.09871739654541,226.77105712890625,224.57015991210938,137.03114318847656,136.18609619140625,12.990501403808594,False
43,1.4333333333333333,0.9275465607643127,12.121327221393585,2,0,2,double,150.00000894069726,JUMPING,False,,0.4,,,22.046722412109375,7.716352844238281,2.09871739654541,226.7631378173828,220.18621826171875,137.02951049804688,131.1138153076172,14.84100341796875,False
44,1.4666666666666666,0.9352980852127075,12.40206090733409,2,0,2,double,150.00000894069726,JUMPING,False,,0.4,,,22.046722412109375,7.716352844238281,2.09871739654541,226.75521850585938,213.90545654296875,137.0278778076172,125.25129699707031,17.200862884521484,True
45,1.5,0.9308826923370361,11.836276855319738,2,0,2,double,150.00000894069726,JUMPING,False,,0.4,,,22.046722412109375,7.716352844238281,2.09871739654541,226.75521850585938,208.81570434570312,137.0278778076172,120.41328430175781,17.506948471069336,True
46,1.5333333333333334,0.9190708994865417,12.99057761207223,2,0,2,double,150.00000894069726,JUMPING,False,,0.4,,,22.046722412109375,7.716352844238281,2.09871739654541,226.75521850585938,207.0576171875,137.0278778076172,118.647705078125,15.864846229553223,True
47,1.5666666666666667,0.9352849125862122,11.41659589484334,2,0,2,double,150.00000894069726,JUMPING,False,,0.4,,,22.046722412109375,7.716352844238281,2.1613482879638672,226.75521850585938,206.5032958984375,137.0278778076172,118.13298797607422,14.730359077453613,True
48,1.6,0.928261935710907,12.360223103314638,2,0,2,double,150.00000894069726,JUMPING,False,,0.4,,,22.046722412109375,7.716352844238281,2.3924729049682614,226.60560607910156,208.83079528808594,137.0278778076172,120.65858459472656,14.571643829345703,True
49,1.6333333333333333,0.9281408786773682,11.616786010563374,2,0,2,double,150.00000894069726,JUMPING,False,,0.4,,,22.046722412109375,7.859526470947264,2.6198421569824215,226.441162109375,214.41436767578125,136.9750518798828,126.48883056640625,13.369285583496094,True
50,1.6666666666666667,0.9306967854499817,12.484071776270866,3,0,3,double,156.52174237545142,JUMPING,True,0.3666666666666667,0.3926666666666667,19.9378662109375,18.842063903808594,21.519508361816406,7.859526470947264,2.6198421569824215,226.441162109375,221.20016479492188,136.9750518798828,133.62313842773438,13.086814880371094,False
51,1.7,0.9316664338111877,11.230197735130787,3,0,3,double,156.52174237545142,JUMPING,False,,0.3926666666666667,,,21.519508361816406,7.531827926635741,2.184819319152832,226.441162109375,226.07078552246094,137.0278778076172,138.15066528320312,12.60558795928955,False
52,1.7333333333333334,0.925347626209259,12.775303795933723,3,0,3,double,156.52174237545142,JUMPING,False,,0.3926666666666667,,,21.519508361816406,7.531827926635741,1.749796481323242,226.441162109375,225.44625854492188,137.07403564453125,137.79576110839844,13.014841079711914,False
53,1.7666666666666666,0.9240590333938599,12.181948870420456,3,0,3,double,156.52174237545142,JUMPING,False,,0.3926666666666667,,,21.519508361816406,7.531827926635741,1.7718083496093748,226.441162109375,224.39675903320312,137.07403564453125,136.95777893066406,12.98032283782959,False
54,1.8,0.9309787750244141,12.84295367076993,3,0,3,double,156.52174237545142,JUMPING,False,,0.3926666666666667,,,21.519508361816406,7.531827926635741,1.7718083496093748,226.441162109375,220.26687622070312,137.07403564453125,132.1917266845703,14.002079010009766,False
55,1.8333333333333333,0.927478551864624,11.293271090835333,3,0,3,double,156.52174237545142,JUMPING,False,,0.3926666666666667,,,21.519508361816406,7.531827926635741,1.7718083496093748,226.441162109375,214.52200317382812,137.07403564453125,126.32575988769531,14.360834121704102,True
56,1.8666666666666667,0.9460824728012085,12.616952881217003,3,0,3,double,156.52174237545142,JUMPING,False,,0.3926666666666667,,,21.519508361816406,7.531827926635741,1.7718083496093748,226.441162109375,208.74266052246094,137.07403564453125,121.33653259277344,15.141983985900879,True
57,1.9,0.9309492707252502,11.408703867346048,3,0,3,double,156.52174237545142,JUMPING,False,,0.3926666666666667,,,21.519508361816406,7.531827926635741,1.7718083496093748,226.441162109375,204.81488037109375,137.07403564453125,118.20039367675781,15.681288719177246,True
58,1.9333333333333333,0.9461520314216614,12.76337681338191,3,0,3,double,156.52174237545142,JUMPING,False,,0.3926666666666667,,,21.519508361816406,7.531827926635741,1.7718083496093748,226.441162109375,203.97549438476562,137.07403564453125,117.84070587158203,16.245464324951172,True
59,1.9666666666666666,0.92900550365448,11.560031212866306,3,0,3,double,156.52174237545142,JUMPING,False,,0.3926666666666667,,,21.519508361816406,7.531827926635741,1.749796481323242,226.441162109375,203.94683837890625,137.07403564453125,117.88270568847656,15.698512077331543,True
60,2.0,0.9231566190719604,12.539016082882881,3,0,3,double,156.52174237545142,JUMPING,False,,0.3926666666666667,,,21.519508361816406,7.531827926635741,1.703476542663574,226.4144744873047,206.85325622558594,137.0278778076172,120.35746002197266,13.821356773376465,True
61,2.033333333333333,0.9281562566757202,11.336191091686487,3,0,3,double,156.52174237545142,JUMPING,False,,0.3926666666666667,,,21.519508361816406,7.531827926635741,1.5559879760742186,226.2682342529297,212.48748779296875,137.00375366210938,125.76998138427734,13.58691692352295,True
62,2.066666666666667,0.9015291929244995,12.452838011085987,4,0,4,double,154.28572348186003,JUMPING,True,0.40000000000000013,0.3942800000000001,21.99578857421875,19.163047790527344,21.638578414916992,8.955154206848144,2.9850514022827146,225.942626953125,219.61160278320312,137.00375366210938,132.7169189453125,11.918265342712402,False
63,2.1,0.9303410649299622,11.604022700339556,4,0,4,double,154.28572348186003,JUMPING,False,,0.3942800000000001,,,21.638578414916992,8.64072156829834,2.880240522766113,225.942626953125,223.97134399414062,137.00375366210938,136.94151306152344,11.815143585205078,False
64,2.1333333333333333,0.9401609897613525,12.601218186318874,4,0,4,double,154.28572348186003,JUMPING,False,,0.3942800000000001,,,21.638578414916992,7.573502445220947,1.8702396331787108,226.2682342529297,227.03688049316406,137.07403564453125,139.9290771484375,12.6394624710083,False
65,2.1666666666666665,0.9131447672843933,11.603431310504675,4,0,4,double,154.28572348186003,JUMPING,False,,0.3942800000000001,,,21.638578414916992,7.573502445220947,2.3304641372680663,226.2682342529297,223.10867309570312,137.07403564453125,135.20921325683594,16.82132911682129,False
66,2.2,0.9208705425262451,12.763605918735266,4,0,4,double,154.28572348186003,JUMPING,False,,0.3942800000000001,,,21.638578414916992,7.573502445220947,2.3304641372680663,226.2682342529297,220.14759826660156,137.07403564453125,131.91835021972656,18.2276611328125,False
67,2.2333333333333334,0.8367005586624146,11.176399886608124,4,0,4,double,154.28572348186003,JUMPING,False,,0.3942800000000001,,,21.638578414916992,7.573502445220947,2.3304641372680663,226.2682342529297,215.4676513671875,137.07403564453125,126.60127258300781,16.900196075439453,True
68,2.2666666666666666,0.7264922857284546,12.652771081775427,4,0,4,double,154.28572348186003,JUMPING,False,,0.3942800000000001,,,21.638578414916992,7.573502445220947,2.3304641372680663,226.2682342529297,209.98284912109375,137.07403564453125,121.71067810058594,16.6773624420166,True
69,2.3,0.942166805267334,11.1110950820148,4,0,4,double,154.28572348186003,JUMPING,False,,0.3942800000000001,,,21.638578414916992,7.573502445220947,2.3304641372680663,226.2682342529297,206.6282958984375,137.07403564453125,118.69947814941406,16.554452896118164,True
70,2.3333333333333335,0.9243153929710388,12.356553226709366,4,0,4,double,154.28572348186003,JUMPING,False,,0.3942800000000001,,,21.638578414916992,7.573502445220947,2.3304641372680663,226.2682342529297,205.3677978515625,137.07403564453125,118.16014099121094,15.947023391723633,True
71,2.3666666666666667,0.9247540831565857,11.173761915415525,4,0,4,double,154.28572348186003,JUMPING,False,,0.3942800000000001,,,21.638578414916992,7.573502445220947,1.8702396331787108,226.2682342529297,204.98895263671875,137.07403564453125,118.25167846679688,15.472434043884277,True
72,2.4,0.9225086569786072,12.410850264132023,4,0,4,double,154.28572348186003,JUMPING,False,,0.3942800000000001,,,21.638578414916992,8.766990060424805,2.9223300201416014,225.942626953125,206.96109008789062,137.07403564453125,120.6459732055664,14.593976974487305,True
73,2.433333333333333,0.9087640643119812,11.429795064032078,4,0,4,double,154.28572348186003,JUMPING,False,,0.3942800000000001,,,21.638578414916992,8.106362539672851,2.702120846557617,225.6287384033203,212.25469970703125,137.00375366210938,125.6762466430664,14.262666702270508,True
74,2.466666666666667,0.9290115237236023,12.453523930162191,5,0,5,double,153.19148392200273,JUMPING,True,0.3999999999999999,0.3955384,20.10687255859375,18.843612670898438,21.25565195083618,11.749790505981444,3.916596835327148,225.0958251953125,219.2112274169922,137.00375366210938,132.57962036132812,12.580536842346191,False
75,2.5,0.9264654517173767,11.456168722361326,5,0,5,double,153.19148392200273,JUMPING,False,,0.3955384,,,21.25565195083618,10.378313113403319,3.4594377044677733,225.0958251953125,223.7374267578125,137.2202911376953,137.44943237304688,11.860814094543457,False
76,2.533333333333333,0.9277302622795105,12.396691367030144,5,0,5,double,153.19148392200273,JUMPING,False,,0.3955384,,,21.25565195083618,9.145557998657225,3.048519332885742,225.0958251953125,224.16725158691406,137.4073486328125,138.02508544921875,12.980833053588867,False
77,2.566666666666667,0.9375720620155334,11.065703816711903,5,0,5,double,153.19148392200273,JUMPING,False,,0.3955384,,,21.25565195083618,7.912802883911132,2.637600961303711,225.0958251953125,223.98171997070312,137.60403442382812,137.7071075439453,13.840953826904297,False
78,2.6,0.916861891746521,12.57004076614976,5,0,5,double,153.19148392200273,JUMPING,False,,0.3955384,,,21.25565195083618,9.145557998657225,3.048519332885742,225.0958251953125,220.74221801757812,137.60403442382812,133.19955444335938,15.650468826293945,False
79,2.6333333333333333,0.9256941080093384,10.999710764735937,5,0,5,double,153.19148392200273,JUMPING,False,,0.3955384,,,21.25565195083618,9.145557998657225,3.048519332885742,225.0958251953125,215.0059814453125,137.60403442382812,127.04944610595703,18.034412384033203,True
80,2.6666666666666665,0.9145067930221558,12.375555001199245,5,0,5,double,153.19148392200273,JUMPING,False,,0.3955384,,,21.25565195083618,9.145557998657225,3.048519332885742,225.0958251953125,209.48309326171875,137.60403442382812,121.40516662597656,18.26494789123535,True
81,2.7,0.9347094297409058,11.20877405628562,5,0,5,double,153.19148392200273,JUMPING,False,,0.3955384,,,21.25565195083618,9.145557998657225,3.048519332885742,225.0958251953125,205.78848266601562,137.60403442382812,118.47044372558594,16.786563873291016,True
82,2.7333333333333334,0.9222591519355774,12.346065137535334,5,0,5,double,153.19148392200273,JUMPING,False,,0.3955384,,,21.25565195083618,9.145557998657225,3.048519332885742,225.0958251953125,205.03787231445312,137.60403442382812,117.67542266845703,15.617527961730957,True
83,2.7666666666666666,0.9113627076148987,11.098342016339302,5,0,5,double,153.19148392200273,JUMPING,False,,0.3955384,,,21.25565195083618,9.145557998657225,3.048519332885742,225.0958251953125,204.96441650390625,137.60403442382812,117.76657104492188,14.782207489013672,True
84,2.8,0.9201759696006775,12.22513196989894,5,0,5,double,153.19148392200273,JUMPING,False,,0.3955384,,,21.25565195083618,9.337896029663085,3.112632009887695,225.0958251953125,207.38040161132812,137.60403442382812,120.39176940917969,15.292768478393555,True
85,2.8333333333333335,0.9102174043655396,11.09394896775484,5,0,5,double,153.19148392200273,JUMPING,False,,0.3955384,,,21.25565195083618,9.145557998657225,3.048519332885742,224.50079345703125,212.51727294921875,137.60403442382812,125.80836486816406,14.527067184448242,True
86,2.8666666666666667,0.9394473433494568,12.53417693078518,6,0,6,double,152.5423796620053,JUMPING,True,0.3999999999999999,0.396519952,19.340545654296875,19.928611755371094,20.776875376701355,10.831773435974121,3.610591145324707,224.30496215820312,218.95498657226562,137.60403442382812,132.28323364257812,13.369782447814941,False
87,2.9,0.9309688210487366,11.02018915116787,6,0,6,double,152.5423796620053,JUMPING,False,,0.396519952,,,20.776875376701355,10.831773435974121,3.610591145324707,224.09303283691406,223.73231506347656,137.60403442382812,137.04769897460938,12.25855827331543,False
88,2.933333333333333,0.4617392420768738,12.885937001556158,6,0,6,double,152.5423796620053,JUMPING,False,,0.396519952,,,20.776875376701355,9.000829399108886,3.0002764663696286,224.30496215820312,224.65846252441406,137.60403442382812,137.17971801757812,12.266291618347168,False
89,2.966666666666667,0.6301337480545044,11.304076761007309,6,0,6,double,152.5423796620053,JUMPING,False,,0.396519952,,,20.776875376701355,7.600542022705078,2.533514007568359,224.32342529296875,224.21340942382812,137.60403442382812,136.75872802734375,13.02735710144043,False
90,3.0,0.9160699248313904,12.579499278217554,6,0,6,double,152.5423796620053,JUMPING,False,,0.396519952,,,20.776875376701355,9.000829399108886,3.0002764663696286,224.32342529296875,220.29638671875,137.60403442382812,131.8921661376953,16.227323532104492,False
91,3.033333333333333,0.9286093711853027,11.376803740859032,6,0,6,double,152.5423796620053,JUMPING,False,,0.396519952,,,20.776875376701355,9.000829399108886,3.0002764663696286,224.32342529296875,214.5683135986328,137.60403442382812,126.07957458496094,17.248788833618164,True
92,3.066666666666667,0.9297747015953064,12.701870873570442,6,0,6,double,152.5423796620053,JUMPING,False,,0.396519952,,,20.776875376701355,9.000829399108886,3.0002764663696286,224.32342529296875,210.60072326660156,137.60403442382812,122.16486358642578,18.34550666809082,True
93,3.1,0.9297692179679871,11.594067793339491,6,0,6,double,152.5423796620053,JUMPING,False,,0.396519952,,,20.776875376701355,9.000829399108886,3.0002764663696286,224.32342529296875,206.56341552734375,137.60403442382812,118.80113220214844,18.6221866607666,True
94,3.1333333333333333,0.9273580312728882,12.563480995595455,6,0,6,double,152.5423796620053,JUMPING,False,,0.396519952,,,20.776875376701355,9.000829399108886,3.0002764663696286,224.32342529296875,204.4967041015625,137.60403442382812,117.04144287109375,17.439849853515625,True
95,3.1666666666666665,0.9247798919677734,11.048460844904184,6,0,6,double,152.5423796620053,JUMPING,False,,0.396519952,,,20.776875376701355,7.600542022705078,2.533514007568359,224.32342529296875,204.8294677734375,137.60403442382812,117.62158203125,16.05593490600586,True
96,3.2,0.9262554049491882,12.672545854002237,6,0,6,double,152.5423796620053,JUMPING,False,,0.396519952,,,20.776875376701355,7.271906381845474,1.9533214279174804,224.1949462890625,205.4067840576172,137.341552734375,118.54692077636719,14.96368408203125,True
97,3.2333333333333334,0.9131589531898499,11.29299821332097,6,0,6,double,152.5423796620053,JUMPING,False,,0.396519952,,,20.776875376701355,7.271906381845474,1.3731062255859374,224.09303283691406,208.067626953125,137.1269073486328,121.36117553710938,15.682234764099121,True
98,3.2666666666666666,0.928559422492981,12.86603370681405,6,0,6,double,152.5423796620053,JUMPING,False,,0.396519952,,,20.776875376701355,8.709336158752441,2.9031120529174803,223.97756958007812,213.38693237304688,137.1269073486328,126.74015045166016,14.478402137756348,True
99,3.3,0.9248758554458618,11.8397600017488,7,0,7,double,149.99999776482585,JUMPING,True,0.4333333333333331,0.4046188958933333,19.480865478515625,20.085464477539062,20.452872902154922,8.618460850524903,2.8728202835083008,223.97756958007812,220.7830810546875,137.1269073486328,133.7271728515625,14.158958435058594,False
100,3.3333333333333335,0.92347651720047,12.716688215732574,7,0,7,double,149.99999776482585,JUMPING,False,,0.4046188958933333,,,20.452872902154922,7.158505515754222,1.3731062255859374,223.9922637939453,223.99929809570312,137.341552734375,137.6643829345703,15.142404556274414,False
101,3.3666666666666667,0.9281603097915649,11.261703912168741,7,0,7,double,149.99999776482585,JUMPING,False,,0.4046188958933333,,,20.452872902154922,7.158505515754222,1.2664968429565429,223.9922637939453,223.43106079101562,137.341552734375,136.6021728515625,14.7504301071167,False
102,3.4,0.9290816187858582,12.710846960544586,7,0,7,double,149.99999776482585,JUMPING,False,,0.4046188958933333,,,20.452872902154922,7.158505515754222,1.2996730041503906,223.9922637939453,222.554443359375,137.341552734375,135.18988037109375,14.636009216308594,False
103,3.433333333333333,0.9145408272743225,11.194438207894564,7,0,7,double,149.99999776482585,JUMPING,False,,0.4046188958933333,,,20.452872902154922,7.158505515754222,1.2996730041503906,223.9922637939453,217.98745727539062,137.341552734375,130.1821746826172,15.639830589294434,False
104,3.466666666666667,0.9241248369216919,12.620965018868446,7,0,7,double,149.99999776482585,JUMPING,False,,0.4046188958933333,,,20.452872902154922,7.158505515754222,1.2996730041503906,223.9922637939453,212.375732421875,137.341552734375,124.49748229980469,16.563976287841797,True
105,3.5,0.9268566370010376,10.93572098761797,7,0,7,double,149.99999776482585,JUMPING,False,,0.4046188958933333,,,20.452872902154922,7.158505515754222,1.2996730041503906,223.9922637939453,207.17205810546875,137.341552734375,119.88420104980469,17.39463233947754,True
106,3.533333333333333,0.9254556894302368,12.288552708923817,7,0,7,double,149.99999776482585,JUMPING,False,,0.4046188958933333,,,20.452872902154922,7.158505515754222,1.2996730041503906,223.9922637939453,204.33251953125,137.341552734375,117.1452865600586,17.251680374145508,True
107,3.566666666666667,0.918694794178009,10.876322165131569,7,0,7,double,149.99999776482585,JUMPING,False,,0.4046188958933333,,,20.452872902154922,7.158505515754222,1.2297915435791016,223.9922637939453,204.32850646972656,137.341552734375,116.8834228515625,16.456241607666016,True
108,3.6,0.9063836336135864,12.626209761947393,7,0,7,double,149.99999776482585,JUMPING,False,,0.4046188958933333,,,20.452872902154922,7.158505515754222,1.2996730041503906,223.9922637939453,207.93667602539062,137.341552734375,119.80999755859375,15.980077743530273,True
109,3.6333333333333333,0.9270293116569519,11.163555085659027,7,0,7,double,149.99999776482585,JUMPING,False,,0.4046188958933333,,,20.452872902154922,7.158505515754222,1.6378820800781249,223.88400268554688,213.74371337890625,137.1269073486328,125.64871215820312,14.498557090759277,True
110,3.6666666666666665,0.924858808517456,12.400646694004536,8,0,8,double,149.99999776482585,JUMPING,True,0.3666666666666667,0.3962694054634666,19.555496215820312,20.243484497070312,20.22852873057127,7.4282929321289055,2.4760976440429685,223.88400268554688,220.88433837890625,137.1269073486328,132.25634765625,14.201485633850098,False
111,3.7,0.9244439601898193,11.62341795861721,8,0,8,double,149.99999776482585,JUMPING,False,,0.3962694054634666,,,20.22852873057127,7.079985055699944,1.3807187576293944,223.9922637939453,224.41700744628906,137.1269073486328,135.9853057861328,14.585860252380371,False
112,3.7333333333333334,0.9277560710906982,12.513940688222647,8,0,8,double,149.99999776482585,JUMPING,False,,0.3962694054634666,,,20.22852873057127,7.079985055699944,1.2996730041503906,223.9922637939453,223.1012725830078,137.1269073486328,134.407470703125,15.180002212524414,False
113,3.7666666666666666,0.927008330821991,11.285452172160149,8,0,8,double,149.99999776482585,JUMPING,False,,0.3962694054634666,,,20.22852873057127,7.079985055699944,1.5552979843139647,223.9922637939453,221.94869995117188,137.1269073486328,132.9520263671875,15.941673278808594,False
114,3.8,0.914006233215332,12.855114880949259,8,0,8,double,149.99999776482585,JUMPING,False,,0.3962694054634666,,,20.22852873057127,7.079985055699944,1.5552979843139647,223.9922637939453,217.94720458984375,137.1269073486328,128.15794372558594,17.453075408935547,False
115,3.8333333333333335,0.9274228811264038,11.715870816260576,8,0,8,double,149.99999776482585,JUMPING,False,,0.3962694054634666,,,20.22852873057127,7.079985055699944,1.5552979843139647,223.9922637939453,212.38735961914062,137.1269073486328,122.61871337890625,17.688791275024414,True
116,3.8666666666666667,0.9267839789390564,12.500171083956957,8,0,8,double,149.99999776482585,JUMPING,False,,0.3962694054634666,,,20.22852873057127,7.079985055699944,1.5552979843139647,223.9922637939453,207.15122985839844,137.1269073486328,118.42756652832031,18.094392776489258,True
117,3.9,0.9230669140815735,11.405250057578087,8,0,8,double,149.99999776482585,JUMPING,False,,0.3962694054634666,,,20.22852873057127,7.079985055699944,1.5552979843139647,223.9922637939453,204.43438720703125,137.1269073486328,116.14387512207031,16.558748245239258,True
118,3.933333333333333,0.9185115098953247,12.509406078606844,8,0,8,double,149.99999776482585,JUMPING,False,,0.3962694054634666,,,20.22852873057127,7.079985055699944,1.5552979843139647,223.9922637939453,204.41049194335938,137.1269073486328,116.46993255615234,15.852384567260742,True
119,3.966666666666667,0.920927882194519,11.561424005776644,8,0,8,double,149.99999776482585,JUMPING,False,,0.3962694054634666,,,20.22852873057127,7.079985055699944,1.2996730041503906,223.9922637939453,204.86611938476562,137.1269073486328,117.19598388671875,15.488527297973633,True
120,4.0,0.9039211273193359,12.510675936937332,8,0,8,double,149.99999776482585,JUMPING,False,,0.3962694054634666,,,20.22852873057127,7.079985055699944,1.5552979843139647,223.9922637939453,208.84603881835938,136.93211364746094,120.56321716308594,15.934713363647461,True
121,4.033333333333333,0.9258716106414795,11.671538930386305,8,0,8,double,149.99999776482585,JUMPING,False,,0.3962694054634666,,,20.22852873057127,7.4282929321289055,2.4760976440429685,223.8819580078125,214.83953857421875,136.69610595703125,126.78956604003906,14.421290397644043,True
122,4.066666666666666,0.9327261447906494,12.860770802944899,9,0,9,double,149.99999776482585,JUMPING,True,0.3999999999999999,0.3970901362615039,19.201324462890625,20.2115478515625,19.97172766365111,7.079985055699944,2.236998532104492,223.61181640625,222.2510528564453,136.3554229736328,133.84153747558594,14.678525924682617,False
123,4.1,0.927236795425415,11.498447973281145,9,0,9,double,149.99999776482585,JUMPING,False,,0.3970901362615039,,,19.97172766365111,7.4282929321289055,2.4760976440429685,223.8925018310547,226.8924560546875,136.69610595703125,137.9822540283203,14.396839141845703,False
124,4.133333333333334,0.9282859563827515,15.584451612085104,9,0,9,double,149.99999776482585,JUMPING,False,,0.3970901362615039,,,19.97172766365111,6.990104682277888,1.829756346130371,224.1277618408203,227.953857421875,136.93211364746094,139.84210205078125,14.532304763793945,False
125,4.166666666666667,0.905291736125946,13.278001919388771,9,0,9,double,149.99999776482585,JUMPING,False,,0.3970901362615039,,,19.97172766365111,6.990104682277888,1.7088041839599608,224.1277618408203,222.44577026367188,136.93211364746094,133.13284301757812,17.349834442138672,False
126,4.2,0.9097797274589539,13.547325041145086,9,0,9,double,149.99999776482585,JUMPING,False,,0.3970901362615039,,,19.97172766365111,6.990104682277888,2.205157109069824,224.1277618408203,218.4908447265625,136.93211364746094,128.22593688964844,18.672088623046875,False
127,4.233333333333333,0.9267674684524536,11.292146984487772,9,0,9,double,149.99999776482585,JUMPING,False,,0.3970901362615039,,,19.97172766365111,6.990104682277888,2.205157109069824,224.1277618408203,211.86395263671875,136.93211364746094,122.76404571533203,18.26959228515625,True
128,4.266666666666667,0.9280084371566772,12.801612261682749,9,0,9,double,149.99999776482585,JUMPING,False,,0.3970901362615039,,,19.97172766365111,6.990104682277888,2.205157109069824,224.1277618408203,206.43434143066406,136.93211364746094,118.38495635986328,17.220788955688477,True
129,4.3,0.9273673892021179,11.792564764618874,9,0,9,double,149.99999776482585,JUMPING,False,,0.3970901362615039,,,19.97172766365111,6.990104682277888,2.205157109069824,224.1277618408203,203.30816650390625,136.93211364746094,116.09930419921875,17.34209632873535,True
130,4.333333333333333,0.9217415452003479,12.85591907799244,9,0,9,double,149.99999776482585,JUMPING,False,,0.3970901362615039,,,19.97172766365111,6.990104682277888,2.205157109069824,224.1277618408203,203.86831665039062,136.93211364746094,116.78756713867188,15.650799751281738,True
131,4.366666666666666,0.9244645833969116,12.57336512207985,9,0,9,double,149.99999776482585,JUMPING,False,,0.3970901362615039,,,19.97172766365111,6.990104682277888,1.7088041839599608,224.1277618408203,204.6593017578125,136.93211364746094,117.67903137207031,15.332080841064453,True
132,4.4,0.9131726622581482,12.731174007058144,9,0,9,double,149.99999776482585,JUMPING,False,,0.3970901362615039,,,19.97172766365111,6.990104682277888,2.205157109069824,224.1277618408203,208.134033203125,136.69610595703125,120.98985290527344,15.934330940246582,True
133,4.433333333333334,0.9112043976783752,11.117830872535706,9,0,9,double,149.99999776482585,JUMPING,False,,0.3970901362615039,,,19.97172766365111,7.395309063720703,2.465103021240234,223.77200317382812,210.60586547851562,136.3554229736328,123.3895492553711,15.738370895385742,True
134,4.466666666666667,0.924961268901825,12.358864303678274,10,0,10,double,149.99999776482585,JUMPING,True,0.40000000000000036,0.39773030628397316,19.990982055664062,19.567825317382812,19.976541261654347,7.775845175170898,2.5919483917236326,223.2991485595703,218.87112426757812,135.66712951660156,131.79302978515625,14.697004318237305,False
135,4.5,0.9302777051925659,12.340629007667303,10,0,10,double,149.99999776482585,JUMPING,False,,0.39773030628397316,,,19.976541261654347,6.991789441579021,2.3149789123535154,223.71774291992188,223.9088592529297,136.3554229736328,137.19448852539062,14.451009750366211,False
136,4.533333333333333,0.9323066473007202,12.754715047776699,10,0,10,double,149.99999776482585,JUMPING,False,,0.39773030628397316,,,19.976541261654347,6.991789441579021,2.309119638061523,223.79969787597656,223.63595581054688,136.76107788085938,136.86700439453125,14.956266403198242,False
137,4.566666666666666,0.933617353439331,11.857456993311644,10,0,10,double,149.99999776482585,JUMPING,False,,0.39773030628397316,,,19.976541261654347,6.991789441579021,2.142141632080078,223.79969787597656,223.05264282226562,136.76107788085938,136.30934143066406,14.281660079956055,False
138,4.6,0.9171994924545288,12.496523093432188,10,0,10,double,149.99999776482585,JUMPING,False,,0.39773030628397316,,,19.976541261654347,6.991789441579021,2.309119638061523,223.79969787597656,219.05291748046875,136.76107788085938,131.15077209472656,16.538820266723633,False
139,4.633333333333334,0.9286677837371826,11.374206282198429,10,0,10,double,149.99999776482585,JUMPING,False,,0.39773030628397316,,,19.976541261654347,6.991789441579021,2.309119638061523,223.79969787597656,212.97674560546875,136.76107788085938,125.01277160644531,17.36754608154297,True
140,4.666666666666667,0.9275565147399902,12.583975680172443,10,0,10,double,149.99999776482585,JUMPING,False,,0.39773030628397316,,,19.976541261654347,6.991789441579021,2.309119638061523,223.79969787597656,207.58999633789062,136.76107788085938,120.14138793945312,18.41680145263672,True
141,4.7,0.9281325340270996,11.4841777831316,10,0,10,double,149.99999776482585,JUMPING,False,,0.39773030628397316,,,19.976541261654347,6.991789441579021,2.309119638061523,223.79969787597656,204.06298828125,136.76107788085938,117.31056213378906,18.256641387939453,True
142,4.733333333333333,0.9248793125152588,13.292151968926191,10,0,10,double,149.99999776482585,JUMPING,False,,0.39773030628397316,,,19.976541261654347,6.991789441579021,2.309119638061523,223.79969787597656,203.83946228027344,136.76107788085938,117.14337158203125,16.85610580444336,True
143,4.766666666666667,0.9250932931900024,11.308905202895403,10,0,10,double,149.99999776482585,JUMPING,False,,0.39773030628397316,,,19.976541261654347,6.991789441579021,2.309119638061523,223.79969787597656,204.2980499267578,136.76107788085938,117.63047790527344,15.855450630187988,True
144,4.8,0.9163858294487,12.64006132259965,10,0,10,double,149.99999776482585,JUMPING,False,,0.39773030628397316,,,19.976541261654347,6.991789441579021,2.142141632080078,223.79969787597656,206.98666381835938,136.76107788085938,120.06684875488281,15.661741256713867,True
145,4.833333333333333,0.9326901435852051,11.45654870197177,10,0,10,double,149.99999776482585,JUMPING,False,,0.39773030628397316,,,19.976541261654347,6.991789441579021,2.2420773239135743,223.5540008544922,211.802001953125,136.48504638671875,125.3023910522461,15.158961296081543,True
146,4.866666666666666,0.9281562566757202,12.562515679746866,11,0,11,double,149.99998658895612,JUMPING,True,0.39999999999999947,0.398229638901499,19.582626342773438,19.036361694335938,19.87806253193412,8.07059608154297,2.6901986938476563,223.42208862304688,218.8863067626953,136.1797332763672,132.006103515625,14.992925643920898,False
147,4.9,0.9303743839263916,11.971482075750828,11,0,11,double,149.99998658895612,JUMPING,False,,0.398229638901499,,,19.87806253193412,8.07059608154297,2.6901986938476563,223.73114013671875,223.79458618164062,136.48902893066406,136.6088104248047,15.198958396911621,False
148,4.933333333333334,0.9348796606063843,20.283235237002373,11,0,11,double,149.99998658895612,JUMPING,False,,0.398229638901499,,,19.87806253193412,6.957321886176942,2.0959913635253904,223.73434448242188,223.64398193359375,136.51002502441406,136.36183166503906,14.713744163513184,False
149,4.966666666666667,0.9310909509658813,19.013979006558657,11,0,11,double,149.99998658895612,JUMPING,False,,0.398229638901499,,,19.87806253193412,6.957321886176942,1.6071604797363281,223.73434448242188,223.03271484375,136.51002502441406,135.64578247070312,14.745763778686523,False
150,5.0,0.9170160293579102,14.337853994220495,11,0,11,double,149.99998658895612,JUMPING,False,,0.398229638901499,,,19.87806253193412,6.957321886176942,2.110763973999023,223.73434448242188,219.38345336914062,136.51002502441406,130.7364501953125,17.512853622436523,False
151,5.033333333333333,0.9401715993881226,12.389168608933687,11,0,11,double,149.99998658895612,JUMPING,False,,0.398229638901499,,,19.87806253193412,6.957321886176942,2.110763973999023,223.73434448242188,213.21856689453125,136.51002502441406,124.6612319946289,18.00739860534668,True
152,5.066666666666666,0.9364898204803467,19.402442034333944,11,0,11,double,149.99998658895612,JUMPING,False,,0.398229638901499,,,19.87806253193412,6.957321886176942,2.110763973999023,223.73434448242188,209.2071990966797,136.51002502441406,120.94708251953125,18.744247436523438,True
153,5.1,0.9303979277610779,11.804791167378426,11,0,11,double,149.99998658895612,JUMPING,False,,0.398229638901499,,,19.87806253193412,6.957321886176942,2.110763973999023,223.73434448242188,206.3572235107422,136.51002502441406,118.0687255859375,18.62985610961914,True
154,5.133333333333334,0.8856332302093506,13.118898961693048,11,0,11,double,149.99998658895612,JUMPING,False,,0.398229638901499,,,19.87806253193412,6.957321886176942,2.110763973999023,223.73434448242188,204.46401977539062,136.51002502441406,116.46278381347656,16.566307067871094,True
155,5.166666666666667,0.9307693839073181,11.552963871508837,11,0,11,double,149.99998658895612,JUMPING,False,,0.398229638901499,,,19.87806253193412,6.957321886176942,1.6071604797363281,223.73434448242188,205.1384735107422,136.51002502441406,117.26629638671875,15.677672386169434,True
156,5.2,0.9292794466018677,12.826105579733849,11,0,11,double,149.99998658895612,JUMPING,False,,0.398229638901499,,,19.87806253193412,6.957321886176942,1.6493630905151366,223.64077758789062,205.76876831054688,136.51002502441406,117.77091979980469,14.501871109008789,True
157,5.233333333333333,0.9285112023353577,11.365160811692476,11,0,11,double,149.99998658895612,JUMPING,False,,0.398229638901499,,,19.87806253193412,6.957321886176942,2.1691757354736327,223.64077758789062,209.34918212890625,136.51002502441406,120.9747314453125,14.658913612365723,True
158,5.266666666666667,0.9262384176254272,12.799893040210009,12,0,12,double,152.54235654615772,JUMPING,True,0.40000000000000036,0.3986191183431693,19.1767578125,20.0472412109375,19.70273635207559,10.064050144958495,3.3546833816528316,223.64077758789062,214.941650390625,136.51002502441406,126.66209411621094,12.9811429977417,False
159,5.3,0.9370250701904297,13.55363568291068,12,0,12,double,152.54235654615772,JUMPING,False,,0.3986191183431693,,,19.70273635207559,6.895957723226456,1.788062745666504,223.64077758789062,221.49679565429688,136.51002502441406,133.5986785888672,13.065678596496582,False
160,5.333333333333333,0.949301540851593,12.801050674170256,12,0,12,double,152.54235654615772,JUMPING,False,,0.3986191183431693,,,19.70273635207559,6.895957723226456,2.277153790283203,223.73434448242188,225.2683563232422,136.76373291015625,138.01425170898438,13.81213665008545,False
161,5.366666666666666,0.9239275455474854,11.83555880561471,12,0,12,double,152.54235654615772,JUMPING,False,,0.3986191183431693,,,19.70273635207559,8.327985630798338,2.775995210266113,223.86314392089844,225.24156188964844,137.06349182128906,137.72683715820312,13.14864444732666,False
162,5.4,0.9330994486808777,12.719775084406137,12,0,12,double,152.54235654615772,JUMPING,False,,0.3986191183431693,,,19.70273635207559,7.265138159179687,2.421712719726562,224.37518310546875,224.68606567382812,137.0818634033203,136.91293334960938,13.961100578308105,False
163,5.433333333333334,0.9193395376205444,11.280175764113665,12,0,12,double,152.54235654615772,JUMPING,False,,0.3986191183431693,,,19.70273635207559,7.7683796905517575,2.589459896850586,224.37518310546875,221.19293212890625,137.0818634033203,131.94891357421875,15.610958099365234,False
164,5.466666666666667,0.9260256886482239,12.31185020878911,12,0,12,double,152.54235654615772,JUMPING,False,,0.3986191183431693,,,19.70273635207559,7.7683796905517575,2.589459896850586,224.37518310546875,215.94174194335938,137.0818634033203,126.12753295898438,16.83344841003418,True
165,5.5,0.9306424260139465,11.476662941277027,12,0,12,double,152.54235654615772,JUMPING,False,,0.3986191183431693,,,19.70273635207559,7.7683796905517575,2.589459896850586,224.37518310546875,210.6270751953125,137.0818634033203,121.19319915771484,17.632598876953125,True
166,5.533333333333333,0.9289873242378235,12.772805988788605,12,0,12,double,152.54235654615772,JUMPING,False,,0.3986191183431693,,,19.70273635207559,7.7683796905517575,2.589459896850586,224.37518310546875,206.94935607910156,137.0818634033203,118.5526123046875,17.045772552490234,True
167,5.566666666666666,0.9199155569076538,11.78624713793397,12,0,12,double,152.54235654615772,JUMPING,False,,0.3986191183431693,,,19.70273635207559,8.271621221923828,2.7572070739746093,224.37518310546875,207.1361083984375,137.0818634033203,118.64260864257812,14.630666732788086,True
168,5.6,0.9166699051856995,12.618421111255884,12,0,12,double,152.54235654615772,JUMPING,False,,0.3986191183431693,,,19.70273635207559,7.7683796905517575,2.589459896850586,223.86314392089844,210.08937072753906,136.89456176757812,121.52945709228516,13.34020709991455,True
169,5.633333333333334,0.9379472732543945,11.173497885465622,12,0,12,double,152.54235654615772,JUMPING,False,,0.3986191183431693,,,19.70273635207559,7.353773822021484,2.451257940673828,223.73434448242188,215.19448852539062,136.76373291015625,127.3344955444336,13.673619270324707,True
170,5.666666666666667,0.9275843501091003,12.367057148367167,13,0,13,double,150.0000201165703,JUMPING,True,0.40000000000000036,0.3989229123076722,16.784988403320312,18.21112060546875,18.97329936488677,7.852739666748047,2.6175798889160156,223.73434448242188,221.26718139648438,136.76373291015625,133.7916259765625,14.691166877746582,False
171,5.7,0.9283452033996582,11.4616802893579,13,0,13,double,150.0000201165703,JUMPING,False,,0.3989229123076722,,,18.97329936488677,7.941375329589843,2.647125109863281,223.86314392089844,225.11041259765625,136.89456176757812,137.49005126953125,14.080580711364746,False
172,5.733333333333333,0.9295659065246582,12.897440232336521,13,0,13,double,150.0000201165703,JUMPING,False,,0.3989229123076722,,,18.97329936488677,8.036322720336914,2.6787742401123045,223.86314392089844,223.6035614013672,136.89456176757812,136.02346801757812,15.384952545166016,False
173,5.766666666666667,0.932745099067688,11.799780186265707,13,0,13,double,150.0000201165703,JUMPING,False,,0.3989229123076722,,,18.97329936488677,7.265138159179687,2.421712719726562,223.86314392089844,221.9788818359375,136.89456176757812,134.56552124023438,14.512678146362305,False
174,5.8,0.9215055704116821,12.979156337678432,13,0,13,double,150.0000201165703,JUMPING,False,,0.3989229123076722,,,18.97329936488677,7.603256744384765,2.5344189147949217,223.86314392089844,218.52117919921875,136.89456176757812,129.58480834960938,15.396106719970703,False
175,5.833333333333333,0.8783736824989319,11.530899908393621,13,0,13,double,150.0000201165703,JUMPING,False,,0.3989229123076722,,,18.97329936488677,7.603256744384765,2.5344189147949217,223.86314392089844,212.8763427734375,136.89456176757812,123.52320098876953,15.706337928771973,True
176,5.866666666666666,0.9338564276695251,12.963586021214724,13,0,13,double,150.0000201165703,JUMPING,False,,0.3989229123076722,,,18.97329936488677,7.603256744384765,2.5344189147949217,223.86314392089844,208.46112060546875,136.89456176757812,118.93316650390625,15.978540420532227,True
177,5.9,0.9266191124916077,11.637234594672918,13,0,13,double,150.0000201165703,JUMPING,False,,0.3989229123076722,,,18.97329936488677,7.603256744384765,2.5344189147949217,223.86314392089844,205.949951171875,136.89456176757812,116.52609252929688,15.622040748596191,True
178,5.933333333333334,0.9242334961891174,13.065645936876535,13,0,13,double,150.0000201165703,JUMPING,False,,0.3989229123076722,,,18.97329936488677,7.603256744384765,2.5344189147949217,223.86314392089844,205.65777587890625,136.89456176757812,116.72840881347656,16.00918197631836,True
179,5.966666666666667,0.9257756471633911,11.456705164164305,13,0,13,double,150.0000201165703,JUMPING,False,,0.3989229123076722,,,18.97329936488677,7.265138159179687,2.421712719726562,223.86314392089844,206.0242156982422,136.89456176757812,117.42880249023438,16.054302215576172,True
180,6.0,0.913496196269989,13.263728003948927,13,0,13,double,150.0000201165703,JUMPING,False,,0.3989229123076722,,,18.97329936488677,7.603256744384765,2.5344189147949217,223.73434448242188,209.75881958007812,136.76373291015625,120.78041076660156,17.162826538085938,True
181,6.033333333333333,0.9342346787452698,11.480601038783789,13,0,13,double,150.0000201165703,JUMPING,False,,0.3989229123076722,,,18.97329936488677,7.852739666748047,2.6175798889160156,223.73434448242188,215.85256958007812,136.51002502441406,126.89704132080078,13.69176197052002,True
182,6.066666666666666,0.9320277571678162,12.517429888248444,14,0,14,double,149.99999776482585,JUMPING,True,0.39999999999999947,0.39915987159998423,18.076568603515625,19.983932495117188,18.749116674543984,6.6406547777103695,2.1687459045410153,223.73434448242188,222.331787109375,136.51002502441406,133.3713836669922,13.375225067138672,False
183,6.1,0.9263013005256653,11.281668208539486,14,0,14,double,149.99999776482585,JUMPING,False,,0.39915987159998423,,,18.749116674543984,7.852739666748047,2.6175798889160156,224.3294677734375,226.7304229736328,136.79129028320312,137.10398864746094,13.774065971374512,False
184,6.133333333333334,0.9330852031707764,12.210140004754066,14,0,14,double,149.99999776482585,JUMPING,False,,0.39915987159998423,,,18.749116674543984,7.2551615570068355,2.418387185668945,224.940673828125,227.52777099609375,137.02757263183594,138.3728485107422,13.717555046081543,False
185,6.166666666666667,0.9251108765602112,11.181612964719534,14,0,14,double,149.99999776482585,JUMPING,False,,0.39915987159998423,,,18.749116674543984,7.285498571777342,2.428499523925781,224.940673828125,220.56051635742188,137.02757263183594,131.26170349121094,18.27605628967285,False
186,6.2,0.9172403812408447,12.738215271383524,14,0,14,double,149.99999776482585,JUMPING,False,,0.39915987159998423,,,18.749116674543984,7.285498571777342,2.428499523925781,224.940673828125,215.36090087890625,137.02757263183594,126.27995300292969,20.26584243774414,True
187,6.233333333333333,0.9303751587867737,11.24681206420064,14,0,14,double,149.99999776482585,JUMPING,False,,0.39915987159998423,,,18.749116674543984,7.285498571777342,2.428499523925781,224.940673828125,210.31979370117188,137.02757263183594,120.935302734375,17.212337493896484,True
188,6.266666666666667,0.9302660226821899,12.661958578974009,14,0,14,double,149.99999776482585,JUMPING,False,,0.39915987159998423,,,18.749116674543984,7.285498571777342,2.428499523925781,224.940673828125,206.40420532226562,137.02757263183594,117.16707611083984,16.501785278320312,True
189,6.3,0.934563934803009,11.845058295875788,14,0,14,double,149.99999776482585,JUMPING,False,,0.39915987159998423,,,18.749116674543984,7.285498571777342,2.428499523925781,224.940673828125,204.46482849121094,137.02757263183594,115.10295867919922,15.194764137268066,True
190,6.333333333333333,0.8345483541488647,12.62836717069149,14,0,14,double,149.99999776482585,JUMPING,False,,0.39915987159998423,,,18.749116674543984,7.285498571777342,2.428499523925781,224.940673828125,205.82098388671875,137.02757263183594,116.46058654785156,13.913488388061523,True
191,6.366666666666666,0.9245169162750244,11.383159086108208,14,0,14,double,149.99999776482585,JUMPING,False,,0.39915987159998423,,,18.749116674543984,7.285498571777342,2.428499523925781,224.940673828125,206.49850463867188,137.02757263183594,117.8441162109375,14.165325164794922,True
192,6.4,0.917754054069519,12.733879033476114,14,0,14,double,149.99999776482585,JUMPING,False,,0.39915987159998423,,,18.749116674543984,8.327985630798338,2.775995210266113,224.940673828125,211.0593719482422,137.02757263183594,121.81141662597656,13.887275695800781,True
193,6.433333333333334,0.9361697435379028,11.293541174381971,15,0,15,double,152.54236810408062,JUMPING,True,0.36666666666666714,0.39201136651465446,20.475845336914062,21.92461395263672,19.180798840136504,8.18298555908203,2.7276618530273438,224.940673828125,217.15667724609375,137.02757263183594,128.53221130371094,11.648274421691895,False
194,6.466666666666667,0.947846531867981,12.739710975438356,15,0,15,double,152.54236810408062,JUMPING,False,,0.39201136651465446,,,19.180798840136504,7.859797943115234,2.619932647705078,224.940673828125,223.50123596191406,137.02757263183594,135.18704223632812,12.253244400024414,False
195,6.5,0.9260243773460388,11.373039800673723,15,0,15,double,152.54236810408062,JUMPING,False,,0.39201136651465446,,,19.180798840136504,7.404674853515624,2.468224951171875,225.18910217285156,225.98402404785156,137.33563232421875,137.6153564453125,12.867903709411621,False
196,6.533333333333333,0.8763611316680908,12.510429136455059,15,0,15,double,152.54236810408062,JUMPING,False,,0.39201136651465446,,,19.180798840136504,7.800549142456054,2.6001830474853516,225.18910217285156,224.21470642089844,137.33563232421875,135.30023193359375,14.930948257446289,False
197,6.566666666666666,0.9391807913780212,11.347368825227022,15,0,15,double,152.54236810408062,JUMPING,False,,0.39201136651465446,,,19.180798840136504,7.285498571777342,2.428499523925781,225.18910217285156,222.752197265625,137.33563232421875,133.30255126953125,14.206089973449707,False
198,6.6,0.9208464026451111,12.936838902533054,15,0,15,double,152.54236810408062,JUMPING,False,,0.39201136651465446,,,19.180798840136504,7.285498571777342,2.428499523925781,225.18910217285156,217.74472045898438,137.33563232421875,127.89768981933594,16.696996688842773,True
199,6.633333333333334,0.9263736605644226,11.753947008401155,15,0,15,double,152.54236810408062,JUMPING,False,,0.39201136651465446,,,19.180798840136504,7.285498571777342,2.428499523925781,225.18910217285156,211.57034301757812,137.33563232421875,122.22422790527344,17.372434616088867,True
200,6.666666666666667,0.9323776364326477,15.106897801160812,15,0,15,double,152.54236810408062,JUMPING,False,,0.39201136651465446,,,19.180798840136504,7.285498571777342,2.428499523925781,225.18910217285156,206.61807250976562,137.33563232421875,117.88298797607422,18.309223175048828,True
201,6.7,0.9266438484191895,12.454235926270485,15,0,15,double,152.54236810408062,JUMPING,False,,0.39201136651465446,,,19.180798840136504,7.285498571777342,2.428499523925781,225.18910217285156,204.69845581054688,137.33563232421875,116.04197692871094,17.437213897705078,True
202,6.733333333333333,0.9417440891265869,12.463439255952835,15,0,15,double,152.54236810408062,JUMPING,False,,0.39201136651465446,,,19.180798840136504,7.285498571777342,2.428499523925781,225.18910217285156,205.65408325195312,137.33563232421875,116.74908447265625,16.314800262451172,True
203,6.766666666666667,0.9156500101089478,11.128115002065897,15,0,15,double,152.54236810408062,JUMPING,False,,0.39201136651465446,,,19.180798840136504,7.285498571777342,2.428499523925781,225.18910217285156,206.633544921875,137.33563232421875,117.75172424316406,15.764588356018066,True
204,6.8,0.9135050773620605,12.62236200273037,15,0,15,double,152.54236810408062,JUMPING,False,,0.39201136651465446,,,19.180798840136504,6.713279594047776,2.176878758239746,225.18910217285156,210.06884765625,137.33563232421875,121.48892211914062,15.965291976928711,True
205,6.833333333333333,0.92645263671875,11.315114796161652,15,0,15,double,152.54236810408062,JUMPING,False,,0.39201136651465446,,,19.180798840136504,7.226249771118164,2.4087499237060546,224.940673828125,215.58984375,137.02757263183594,127.81501770019531,13.99472713470459,True
206,6.866666666666666,0.9327629208564758,12.572407256811857,16,0,16,double,149.99999776482585,JUMPING,True,0.4333333333333327,0.40110219921476364,19.799072265625,20.515167236328125,19.335367196508628,7.603256744384765,2.5344189147949217,224.49752807617188,221.59597778320312,136.55714416503906,134.26861572265625,14.085230827331543,False
207,6.9,0.9334953427314758,13.115303125232458,16,0,16,double,149.99999776482585,JUMPING,False,,0.40110219921476364,,,19.335367196508628,7.539596520996094,2.513198840332031,224.41265869140625,224.5446319580078,136.67178344726562,137.56494140625,13.501413345336914,False
208,6.933333333333334,0.9312058687210083,16.742814797908068,16,0,16,double,149.99999776482585,JUMPING,False,,0.40110219921476364,,,19.335367196508628,6.7673785187780195,2.236681814575195,224.41265869140625,223.09088134765625,136.67178344726562,135.7155303955078,14.816112518310547,False
209,6.966666666666667,0.9299470782279968,13.381992001086473,16,0,16,double,149.99999776482585,JUMPING,False,,0.40110219921476364,,,19.335367196508628,6.7673785187780195,2.1553306549072264,224.41265869140625,221.82412719726562,136.67178344726562,134.02008056640625,16.86228370666504,False
210,7.0,0.9042162299156189,12.928858865052462,16,0,16,double,149.99999776482585,JUMPING,False,,0.40110219921476364,,,19.335367196508628,6.7673785187780195,2.1553306549072264,224.41265869140625,218.03329467773438,136.67178344726562,128.987060546875,17.957372665405273,False
211,7.033333333333333,0.9202117323875427,11.528176255524158,16,0,16,double,149.99999776482585,JUMPING,False,,0.40110219921476364,,,19.335367196508628,6.7673785187780195,2.1553306549072264,224.41265869140625,213.2222442626953,136.67178344726562,123.44097900390625,17.411605834960938,True
212,7.066666666666666,0.9229437708854675,12.575441040098667,16,0,16,double,149.99999776482585,JUMPING,False,,0.40110219921476364,,,19.335367196508628,6.7673785187780195,2.1553306549072264,224.41265869140625,209.7648162841797,136.67178344726562,119.96479797363281,17.808929443359375,True
213,7.1,0.9244832992553711,12.555996887385845,16,0,16,double,149.99999776482585,JUMPING,False,,0.40110219921476364,,,19.335367196508628,6.7673785187780195,2.1553306549072264,224.41265869140625,206.74331665039062,136.67178344726562,117.28206634521484,16.863880157470703,True
214,7.133333333333334,0.9218540191650391,12.691786978393793,16,0,16,double,149.99999776482585,JUMPING,False,,0.40110219921476364,,,19.335367196508628,6.7673785187780195,2.1553306549072264,224.41265869140625,205.31387329101562,136.67178344726562,116.35377502441406,15.395328521728516,True
215,7.166666666666667,0.9193335771560669,11.17274397984147,16,0,16,double,149.99999776482585,JUMPING,False,,0.40110219921476364,,,19.335367196508628,6.7673785187780195,2.0675546539306637,224.41265869140625,206.25006103515625,136.67178344726562,117.66356658935547,14.794750213623047,True
216,7.2,0.9186331033706665,12.45056139305234,16,0,16,double,149.99999776482585,JUMPING,False,,0.40110219921476364,,,19.335367196508628,6.7673785187780195,1.941263539123535,223.97024536132812,206.86837768554688,135.90029907226562,118.56072235107422,15.079693794250488,True
217,7.233333333333333,0.9117624163627625,11.431489139795303,16,0,16,double,149.99999776482585,JUMPING,False,,0.40110219921476364,,,19.335367196508628,6.7673785187780195,2.1683160736083984,223.9293212890625,210.14483642578125,135.54940795898438,121.95299530029297,15.122537612915039,True
218,7.266666666666667,0.9289308190345764,12.57198303937912,16,0,16,double,149.99999776482585,JUMPING,False,,0.40110219921476364,,,19.335367196508628,6.7673785187780195,2.1858373397827147,223.9293212890625,215.658935546875,135.54940795898438,128.1703338623047,14.472124099731445,True
219,7.3,0.9239934682846069,11.44341565668583,17,0,17,double,147.5409837507234,JUMPING,True,0.43333333333333357,0.40819304872084905,18.615447998046875,19.195632934570312,19.15538739689319,6.7673785187780195,1.941263539123535,223.9293212890625,222.6220703125,135.54940795898438,134.64013671875,14.606535911560059,False
220,7.333333333333333,0.9261672496795654,12.314484920352697,17,0,17,double,147.5409837507234,JUMPING,False,,0.40819304872084905,,,19.15538739689319,6.704385588912616,1.6750624557495117,224.2701416015625,224.30709838867188,136.54859924316406,137.3657989501953,15.423933029174805,False
221,7.366666666666666,0.9306966662406921,11.317170225083828,17,0,17,double,147.5409837507234,JUMPING,False,,0.40819304872084905,,,19.15538739689319,6.704385588912616,1.8031633850097655,224.2701416015625,222.51812744140625,136.54859924316406,135.29916381835938,17.47671890258789,False
222,7.4,0.9308034777641296,12.486668303608894,17,0,17,double,147.5409837507234,JUMPING,False,,0.40819304872084905,,,19.15538739689319,6.704385588912616,1.941263539123535,224.2701416015625,220.67929077148438,136.54859924316406,133.47618103027344,18.212669372558594,False
223,7.433333333333334,0.9102827906608582,11.438512708991766,17,0,17,double,147.5409837507234,JUMPING,False,,0.40819304872084905,,,19.15538739689319,6.704385588912616,1.941263539123535,224.2701416015625,216.22854614257812,136.54859924316406,128.46717834472656,18.713253021240234,True
224,7.466666666666667,0.9267781376838684,12.902172282338142,17,0,17,double,147.5409837507234,JUMPING,False,,0.40819304872084905,,,19.15538739689319,6.704385588912616,1.941263539123535,224.2701416015625,210.79486083984375,136.54859924316406,123.15953063964844,17.24687957763672,True
225,7.5,0.9296032190322876,11.437103152275085,17,0,17,double,147.5409837507234,JUMPING,False,,0.40819304872084905,,,19.15538739689319,6.704385588912616,1.941263539123535,224.2701416015625,205.90892028808594,136.54859924316406,118.75081634521484,16.52442741394043,True
226,7.533333333333333,0.9265092015266418,12.674467172473669,17,0,17,double,147.5409837507234,JUMPING,False,,0.40819304872084905,,,19.15538739689319,6.704385588912616,1.941263539123535,224.2701416015625,204.00543212890625,136.54859924316406,116.70967864990234,15.63785457611084,True
227,7.566666666666666,0.9201059341430664,11.252238880842924,17,0,17,double,147.5409837507234,JUMPING,False,,0.40819304872084905,,,19.15538739689319,6.704385588912616,1.8780897033691406,224.2701416015625,204.695068359375,136.54859924316406,117.2330093383789,15.329156875610352,True
228,7.6,0.9144188165664673,12.770519591867924,17,0,17,double,147.5409837507234,JUMPING,False,,0.40819304872084905,,,19.15538739689319,6.704385588912616,2.1683160736083984,223.9293212890625,208.02871704101562,135.54940795898438,120.25657653808594,16.082735061645508,True
229,7.633333333333334,0.9273644089698792,11.914835311472416,17,0,17,double,147.5409837507234,JUMPING,False,,0.40819304872084905,,,19.15538739689319,7.08372688293457,2.3612422943115234,223.33709716796875,213.95358276367188,135.2998046875,126.53532409667969,14.645438194274902,True
230,7.666666666666667,0.9237822890281677,12.94216513633728,18,0,18,double,149.99999776482585,JUMPING,True,0.36666666666666714,0.39905724466892906,19.3316650390625,18.590126037597656,19.199456807435517,7.08372688293457,2.3612422943115234,223.33709716796875,221.02169799804688,135.2998046875,133.7559814453125,15.055728912353516,False
231,7.7,0.9223109483718872,11.314488016068935,18,0,18,double,149.99999776482585,JUMPING,False,,0.39905724466892906,,,19.199456807435517,6.719809882602431,2.1683160736083984,223.9293212890625,225.58322143554688,135.54940795898438,138.42076110839844,15.65237808227539,False
232,7.733333333333333,0.9258003830909729,12.755011674016714,18,0,18,double,149.99999776482585,JUMPING,False,,0.39905724466892906,,,19.199456807435517,6.719809882602431,1.8780897033691406,224.2701416015625,225.04513549804688,136.7056884765625,138.00958251953125,15.924495697021484,False
233,7.766666666666667,0.9264499545097351,11.388941667973995,18,0,18,double,149.99999776482585,JUMPING,False,,0.39905724466892906,,,19.199456807435517,6.719809882602431,1.6750624557495117,224.2701416015625,224.19271850585938,137.2852325439453,137.1643829345703,16.03147315979004,False
234,7.8,0.9110775589942932,13.8925239443779,18,0,18,double,149.99999776482585,JUMPING,False,,0.39905724466892906,,,19.199456807435517,6.719809882602431,1.8780897033691406,224.2701416015625,220.65370178222656,137.2852325439453,132.1517333984375,15.699103355407715,False
235,7.833333333333333,0.9249190092086792,11.986348778009415,18,0,18,double,149.99999776482585,JUMPING,False,,0.39905724466892906,,,19.199456807435517,6.719809882602431,1.8780897033691406,224.2701416015625,214.05575561523438,137.2852325439453,125.75869750976562,16.43791389465332,True
236,7.866666666666666,0.9256295561790466,13.629619032144547,18,0,18,double,149.99999776482585,JUMPING,False,,0.39905724466892906,,,19.199456807435517,6.719809882602431,1.8780897033691406,224.2701416015625,208.31866455078125,137.2852325439453,120.47406005859375,16.509300231933594,True
237,7.9,0.9277821779251099,11.368827894330025,18,0,18,double,149.99999776482585,JUMPING,False,,0.39905724466892906,,,19.199456807435517,6.719809882602431,1.8780897033691406,224.2701416015625,204.83151245117188,137.2852325439453,117.3580322265625,16.82432746887207,True
238,7.933333333333334,0.921506941318512,12.474794872105122,18,0,18,double,149.99999776482585,JUMPING,False,,0.39905724466892906,,,19.199456807435517,6.719809882602431,1.8780897033691406,224.2701416015625,203.850830078125,137.2852325439453,116.77977752685547,15.469887733459473,True
239,7.966666666666667,0.9220492243766785,11.279521975666285,18,0,18,double,149.99999776482585,JUMPING,False,,0.39905724466892906,,,19.199456807435517,6.719809882602431,2.0097537048339844,224.2701416015625,203.8594207763672,137.2852325439453,116.8746337890625,14.897310256958008,True
240,8.0,0.913090705871582,12.780328281223774,18,0,18,double,149.99999776482585,JUMPING,False,,0.39905724466892906,,,19.199456807435517,6.719809882602431,2.1683160736083984,224.20591735839844,206.70706176757812,136.5848388671875,119.64569091796875,14.682985305786133,True
241,8.033333333333333,0.9328793287277222,11.364758014678955,18,0,18,double,149.99999776482585,JUMPING,False,,0.39905724466892906,,,19.199456807435517,7.11813598022461,2.372711993408203,223.75198364257812,211.75369262695312,136.5848388671875,125.18179321289062,13.749484062194824,True
242,8.066666666666666,0.9263403415679932,12.747814878821373,19,0,19,double,149.99999776482585,JUMPING,True,0.39999999999999947,0.39926465084176455,19.901153564453125,19.80506134033203,19.374880996689917,7.9569849792480465,2.6523283264160153,223.75198364257812,218.93511962890625,136.5848388671875,132.29306030273438,13.128450393676758,False
243,8.1,0.9297876358032227,11.489858385175467,19,0,19,double,149.99999776482585,JUMPING,False,,0.39926465084176455,,,19.374880996689917,7.471457006835937,2.4904856689453125,223.857666015625,223.35507202148438,136.90628051757812,136.51913452148438,12.353670120239258,False
244,8.133333333333333,0.9247137308120728,12.422265019267797,19,0,19,double,149.99999776482585,JUMPING,False,,0.39926465084176455,,,19.374880996689917,6.980329920959472,2.326776640319824,224.2613525390625,226.48548889160156,137.2852325439453,139.79782104492188,14.538154602050781,False
245,8.166666666666666,0.9133676886558533,11.451596859842539,19,0,19,double,149.99999776482585,JUMPING,False,,0.39926465084176455,,,19.374880996689917,7.11813598022461,2.372711993408203,224.2613525390625,222.40528869628906,137.2852325439453,135.17523193359375,17.039779663085938,False
246,8.2,0.9085620641708374,12.692549731582403,19,0,19,double,149.99999776482585,JUMPING,False,,0.39926465084176455,,,19.374880996689917,7.471457006835937,2.4904856689453125,224.2613525390625,219.1739959716797,137.2852325439453,131.671875,18.007793426513672,False
247,8.233333333333333,0.9208227396011353,11.070676147937775,19,0,19,double,149.99999776482585,JUMPING,False,,0.39926465084176455,,,19.374880996689917,7.471457006835937,2.4904856689453125,224.2613525390625,213.765869140625,137.2852325439453,126.04611206054688,17.931413650512695,True
248,8.266666666666667,0.9260575771331787,12.46862392872572,19,0,19,double,149.99999776482585,JUMPING,False,,0.39926465084176455,,,19.374880996689917,7.471457006835937,2.4904856689453125,224.2613525390625,208.21023559570312,137.2852325439453,120.5614242553711,17.43886375427246,True
249,8.3,0.9279980659484863,11.618413031101227,19,0,19,double,149.99999776482585,JUMPING,False,,0.39926465084176455,,,19.374880996689917,7.471457006835937,2.4904856689453125,224.2613525390625,203.950439453125,137.2852325439453,116.84835815429688,16.568464279174805,True
250,8.333333333333334,0.927350640296936,12.60511064901948,19,0,19,double,149.99999776482585,JUMPING,False,,0.39926465084176455,,,19.374880996689917,7.471457006835937,2.4904856689453125,224.2613525390625,201.5262908935547,137.2852325439453,115.05077362060547,16.28019142150879,True
251,8.366666666666667,0.9206202030181885,11.325233150273561,19,0,19,double,149.99999776482585,JUMPING,False,,0.39926465084176455,,,19.374880996689917,7.494667877197265,2.4982226257324216,224.2613525390625,203.02691650390625,137.2852325439453,117.01309967041016,15.464137077331543,True
252,8.4,0.9221727848052979,12.611872050911188,19,0,19,double,149.99999776482585,JUMPING,False,,0.39926465084176455,,,19.374880996689917,7.9569849792480465,2.6523283264160153,223.857666015625,204.75416564941406,136.90628051757812,118.73088073730469,15.453486442565918,True
253,8.433333333333334,0.92061847448349,11.245181318372488,19,0,19,double,149.99999776482585,JUMPING,False,,0.39926465084176455,,,19.374880996689917,7.984709074401854,2.661569691467285,223.857666015625,208.5945281982422,136.90628051757812,122.97696685791016,15.084345817565918,True
254,8.466666666666667,0.9280606508255005,13.024142943322659,19,0,19,double,149.99999776482585,JUMPING,False,,0.39926465084176455,,,19.374880996689917,8.178777740478516,2.7262592468261717,223.857666015625,214.71701049804688,136.90628051757812,129.80813598632812,13.913834571838379,True
255,8.5,0.921988308429718,11.583417188376188,20,0,20,double,145.161292694982,JUMPING,True,0.43333333333333357,0.40675976098990974,22.331375122070312,21.922645568847656,20.114004528035018,7.9569849792480465,2.6523283264160153,223.857666015625,222.1182861328125,136.97341918945312,136.6869659423828,13.340198516845703,False
256,8.533333333333333,0.9168381094932556,12.746343854814768,20,0,20,double,145.161292694982,JUMPING,False,,0.40675976098990974,,,20.114004528035018,8.067881359863282,2.6892937866210938,224.2613525390625,224.59902954101562,137.2852325439453,139.9920654296875,15.591987609863281,False
257,8.566666666666666,0.9173497557640076,11.105627752840519,20,0,20,double,145.161292694982,JUMPING,False,,0.40675976098990974,,,20.114004528035018,8.641094842529297,2.8803649475097655,224.4822540283203,225.49520874023438,137.7520751953125,141.28933715820312,17.20171546936035,False
258,8.6,0.9290355443954468,12.46284693479538,20,0,20,double,145.161292694982,JUMPING,False,,0.40675976098990974,,,20.114004528035018,7.955627618408203,2.651875872802734,224.4822540283203,223.33984375,138.25628662109375,138.60507202148438,16.38680648803711,False
259,8.633333333333333,0.9137603640556335,11.658432893455029,20,0,20,double,145.161292694982,JUMPING,False,,0.40675976098990974,,,20.114004528035018,8.641094842529297,2.8803649475097655,224.4822540283203,218.50839233398438,138.25628662109375,132.19552612304688,16.97244644165039,False
260,8.666666666666666,0.9283944368362427,13.047359883785248,20,0,20,double,145.161292694982,JUMPING,False,,0.40675976098990974,,,20.114004528035018,8.641094842529297,2.8803649475097655,224.4822540283203,211.87649536132812,138.25628662109375,125.08043670654297,16.9193172454834,True
261,8.7,0.9225485920906067,11.362142860889435,20,0,20,double,145.161292694982,JUMPING,False,,0.40675976098990974,,,20.114004528035018,8.641094842529297,2.8803649475097655,224.4822540283203,207.11041259765625,138.25628662109375,119.11573028564453,17.67878532409668,True
262,8.733333333333333,0.9237303733825684,12.345834635198116,20,0,20,double,145.161292694982,JUMPING,False,,0.40675976098990974,,,20.114004528035018,8.641094842529297,2.8803649475097655,224.4822540283203,203.82611083984375,138.25628662109375,115.71858978271484,17.169164657592773,True
263,8.766666666666667,0.9219782948493958,11.178863234817982,20,0,20,double,145.161292694982,JUMPING,False,,0.40675976098990974,,,20.114004528035018,8.641094842529297,2.8803649475097655,224.4822540283203,202.13296508789062,138.25628662109375,114.01785278320312,16.42620086669922,True
264,8.8,0.9216399788856506,12.47903285548091,20,0,20,double,145.161292694982,JUMPING,False,,0.40675976098990974,,,20.114004528035018,8.94772265625,2.98257421875,224.4822540283203,201.82521057128906,138.25628662109375,114.35871887207031,15.777885437011719,True
265,8.833333333333334,0.9161432981491089,11.699255090206861,20,0,20,double,145.161292694982,JUMPING,False,,0.40675976098990974,,,20.114004528035018,8.292592446899413,2.7641974822998043,224.43650817871094,203.98300170898438,138.25628662109375,117.17893981933594,15.735477447509766,True
266,8.866666666666667,0.9097947478294373,12.769109103828669,20,0,20,double,145.161292694982,JUMPING,False,,0.40675976098990974,,,20.114004528035018,9.709202087402343,3.236400695800781,224.43650817871094,208.9522705078125,138.25628662109375,122.55058288574219,16.248035430908203,True
267,8.9,0.9257436990737915,11.254433076828718,21,0,21,double,147.54101618808767,JUMPING,True,0.40000000000000036,0.4052726135721297,22.611297607421875,24.238433837890625,20.73832779788173,9.586632403564453,3.195544134521484,224.43650817871094,215.7359619140625,138.25628662109375,130.1435089111328,14.220385551452637,False
268,8.933333333333334,0.9237194061279297,12.628084979951382,21,0,21,double,147.54101618808767,JUMPING,False,,0.4052726135721297,,,20.73832779788173,8.94772265625,2.98257421875,224.43650817871094,222.26060485839844,138.25628662109375,136.88470458984375,13.622245788574219,False
269,8.966666666666667,0.9244362115859985,11.291208676993847,21,0,21,double,147.54101618808767,JUMPING,False,,0.4052726135721297,,,20.73832779788173,8.551848367309569,2.850616122436523,224.86669921875,226.318115234375,138.53134155273438,140.70925903320312,13.23556900024414,False
270,9.0,0.927937388420105,12.621507979929447,21,0,21,double,147.54101618808767,JUMPING,False,,0.4052726135721297,,,20.73832779788173,7.258414729258605,2.349105226135254,225.0184326171875,224.9783935546875,139.3207244873047,140.7371826171875,14.207812309265137,False
271,9.033333333333333,0.9322488903999329,11.492006946355104,21,0,21,double,147.54101618808767,JUMPING,False,,0.4052726135721297,,,20.73832779788173,7.517064331054687,2.5056881103515622,225.0184326171875,221.05587768554688,139.3207244873047,136.111572265625,15.239033699035645,False
272,9.066666666666666,0.9221638441085815,12.96232407912612,21,0,21,double,147.54101618808767,JUMPING,False,,0.4052726135721297,,,20.73832779788173,7.517064331054687,2.5056881103515622,225.0184326171875,215.36001586914062,139.3207244873047,129.70285034179688,15.723328590393066,True
273,9.1,0.9196373820304871,11.319936253130436,21,0,21,double,147.54101618808767,JUMPING,False,,0.4052726135721297,,,20.73832779788173,7.517064331054687,2.5056881103515622,225.0184326171875,211.20535278320312,139.3207244873047,125.47120666503906,16.473636627197266,True
274,9.133333333333333,0.928692102432251,12.894645798951387,21,0,21,double,147.54101618808767,JUMPING,False,,0.4052726135721297,,,20.73832779788173,7.517064331054687,2.5056881103515622,225.0184326171875,207.0680694580078,139.3207244873047,120.80718994140625,16.79909896850586,True
275,9.166666666666666,0.9275873899459839,11.563291307538748,21,0,21,double,147.54101618808767,JUMPING,False,,0.4052726135721297,,,20.73832779788173,7.258414729258605,2.349105226135254,225.0184326171875,204.37484741210938,139.3207244873047,117.8231201171875,16.371713638305664,True
276,9.2,0.9248819351196289,12.583813164383173,21,0,21,double,147.54101618808767,JUMPING,False,,0.4052726135721297,,,20.73832779788173,7.4025030761718735,2.4675010253906247,224.82664489746094,203.6842041015625,139.3207244873047,116.79617309570312,16.067018508911133,True
277,9.233333333333333,0.9219153523445129,11.354397982358932,21,0,21,double,147.54101618808767,JUMPING,False,,0.4052726135721297,,,20.73832779788173,8.723283041381837,2.9077610137939454,224.43650817871094,204.85989379882812,139.3207244873047,117.86003112792969,15.095375061035156,True
278,9.266666666666667,0.9200026392936707,12.81287195160985,21,0,21,double,147.54101618808767,JUMPING,False,,0.4052726135721297,,,20.73832779788173,9.757320529174804,3.2524401763916013,224.1014404296875,206.26287841796875,139.3207244873047,119.05506896972656,14.85727596282959,True
279,9.3,0.9145435094833374,11.357857845723629,21,0,21,double,147.54101618808767,JUMPING,False,,0.4052726135721297,,,20.73832779788173,8.723283041381837,2.9077610137939454,224.1014404296875,209.72914123535156,139.3207244873047,122.99362182617188,15.39969253540039,True
280,9.333333333333334,0.930999755859375,12.770025990903378,21,0,21,double,147.54101618808767,JUMPING,False,,0.4052726135721297,,,20.73832779788173,8.723283041381837,2.9077610137939454,224.1014404296875,215.20750427246094,139.3207244873047,129.4230194091797,14.049306869506836,True
281,9.366666666666667,0.9250081777572632,11.507642921060324,22,0,22,double,145.161292694982,JUMPING,True,0.4666666666666668,0.41877930525292784,20.417236328125,22.524551391601562,20.658054930442546,9.757320529174804,3.2524401763916013,224.1014404296875,221.6388397216797,139.3207244873047,135.98428344726562,14.975214004516602,False
282,9.4,0.925534188747406,13.150616083294153,22,0,22,double,145.161292694982,JUMPING,False,,0.41877930525292784,,,20.658054930442546,7.2879418212890625,2.4293139404296875,224.5343017578125,224.43722534179688,139.69749450683594,139.5469970703125,14.528770446777344,False
283,9.433333333333334,0.9295026063919067,11.227002367377281,22,0,22,double,145.161292694982,JUMPING,False,,0.41877930525292784,,,20.658054930442546,7.230319225654891,2.136802679443359,224.5343017578125,223.64906311035156,139.69749450683594,137.822998046875,14.832630157470703,False
284,9.466666666666667,0.9134975075721741,12.333917897194624,22,0,22,double,145.161292694982,JUMPING,False,,0.41877930525292784,,,20.658054930442546,7.2879418212890625,2.4293139404296875,224.5343017578125,219.32037353515625,139.69749450683594,132.51864624023438,17.005998611450195,False
285,9.5,0.9179022312164307,11.247903574258089,22,0,22,double,145.161292694982,JUMPING,False,,0.41877930525292784,,,20.658054930442546,7.2879418212890625,2.4293139404296875,224.5343017578125,215.9512939453125,139.69749450683594,128.76205444335938,17.161407470703125,True
286,9.533333333333333,0.929098904132843,13.89216911047697,22,0,22,double,145.161292694982,JUMPING,False,,0.41877930525292784,,,20.658054930442546,7.2879418212890625,2.4293139404296875,224.5343017578125,209.15090942382812,139.69749450683594,122.18605041503906,17.501985549926758,True
287,9.566666666666666,0.9258864521980286,16.341950744390488,22,0,22,double,145.161292694982,JUMPING,False,,0.41877930525292784,,,20.658054930442546,7.230319225654891,2.136802679443359,224.5343017578125,204.9866943359375,139.69749450683594,118.28512573242188,18.019485473632812,True
288,9.6,0.922209620475769,14.653765130788088,22,0,22,double,145.161292694982,JUMPING,False,,0.41877930525292784,,,20.658054930442546,7.2879418212890625,2.4293139404296875,224.5343017578125,202.8786163330078,139.69749450683594,116.00111389160156,17.48558235168457,True
289,9.633333333333333,0.9227442145347595,11.521124746650457,22,0,22,double,145.161292694982,JUMPING,False,,0.41877930525292784,,,20.658054930442546,9.037647811889647,3.0125492706298824,224.12196350097656,202.8533172607422,139.17022705078125,116.21131134033203,16.816884994506836,True
290,9.666666666666666,0.9109665155410767,12.67779991030693,22,0,22,double,145.161292694982,JUMPING,False,,0.41877930525292784,,,20.658054930442546,7.879615411376953,2.6265384704589843,224.12196350097656,205.623291015625,139.17022705078125,119.04977416992188,17.12898826599121,True
291,9.7,0.923983633518219,11.467499658465385,22,0,22,double,145.161292694982,JUMPING,False,,0.41877930525292784,,,20.658054930442546,7.2879418212890625,2.4293139404296875,224.12196350097656,210.75042724609375,139.17022705078125,124.61979675292969,15.278104782104492,True
292,9.733333333333333,0.9286652207374573,14.281162060797215,23,0,23,double,145.1612612955586,JUMPING,True,0.36666666666666536,0.40731452476395014,21.268646240234375,23.169113159179688,20.810702757890503,7.2879418212890625,2.4293139404296875,224.12196350097656,217.54244995117188,139.17022705078125,131.68679809570312,15.137310981750488,False
293,9.766666666666667,0.9261390566825867,11.98595529422164,23,0,23,double,145.1612612955586,JUMPING,False,,0.40731452476395014,,,20.810702757890503,7.519779052734375,2.506593017578125,224.12196350097656,222.0079803466797,139.17022705078125,136.01675415039062,14.895163536071777,False
294,9.8,0.9216699600219727,12.554779183119535,23,0,23,double,145.1612612955586,JUMPING,False,,0.40731452476395014,,,20.810702757890503,7.283745965261676,2.1201976318359375,224.5343017578125,224.6298065185547,139.34556579589844,139.04342651367188,16.327070236206055,False
295,9.833333333333334,0.9242653250694275,11.390078347176313,23,0,23,double,145.1612612955586,JUMPING,False,,0.40731452476395014,,,20.810702757890503,7.283745965261676,1.9124988006591797,224.5343017578125,223.13949584960938,139.34556579589844,138.01861572265625,15.839930534362793,False
296,9.866666666666667,0.9101506471633911,12.8323407843709,23,0,23,double,145.1612612955586,JUMPING,False,,0.40731452476395014,,,20.810702757890503,7.283745965261676,2.038201725769043,224.5343017578125,219.70458984375,139.34556579589844,132.95635986328125,14.81019401550293,False
297,9.9,0.9260886907577515,11.51350885629654,23,0,23,double,145.1612612955586,JUMPING,False,,0.40731452476395014,,,20.810702757890503,7.283745965261676,2.038201725769043,224.5343017578125,213.45413208007812,139.34556579589844,126.10188293457031,15.636610984802246,True
298,9.933333333333334,0.9287954568862915,12.569856829941273,23,0,23,double,145.1612612955586,JUMPING,False,,0.40731452476395014,,,20.810702757890503,7.283745965261676,2.038201725769043,224.5343017578125,207.17410278320312,139.34556579589844,119.97923278808594,16.61829948425293,True
299,9.966666666666667,0.9282916784286499,11.39793498441577,23,0,23,double,145.1612612955586,JUMPING,False,,0.40731452476395014,,,20.810702757890503,7.283745965261676,2.038201725769043,224.5343017578125,203.47471618652344,139.34556579589844,116.96804809570312,17.056835174560547,True
300,10.0,0.9254665374755859,12.567075900733471,23,0,23,double,145.1612612955586,JUMPING,False,,0.40731452476395014,,,20.810702757890503,7.283745965261676,1.9746206817626952,224.5343017578125,201.824462890625,139.34556579589844,115.15473937988281,18.032209396362305,True
301,10.033333333333333,0.9199925065040588,11.9467549957335,23,0,23,double,145.1612612955586,JUMPING,False,,0.40731452476395014,,,20.810702757890503,7.283745965261676,2.2248727752685546,224.12196350097656,202.75537109375,138.8680877685547,115.6370849609375,17.532676696777344,True
302,10.066666666666666,0.9082893133163452,12.669123709201813,23,0,23,double,145.1612612955586,JUMPING,False,,0.40731452476395014,,,20.810702757890503,9.68117258605957,3.2270575286865233,223.52537536621094,205.93649291992188,138.3704833984375,118.21022033691406,15.87469482421875,True
303,10.1,0.9088952541351318,12.522448319941759,23,0,23,double,145.1612612955586,JUMPING,False,,0.40731452476395014,,,20.810702757890503,10.524908084106444,3.5083026947021483,223.4452362060547,208.13783264160156,137.94036865234375,120.2169418334961,15.547802925109863,True
304,10.133333333333333,0.920143723487854,12.437202036380768,23,0,23,double,145.1612612955586,JUMPING,False,,0.40731452476395014,,,20.810702757890503,9.68117258605957,3.2270575286865233,223.4452362060547,212.91249084472656,137.94036865234375,124.89530944824219,14.124774932861328,True
305,10.166666666666666,0.9221760034561157,11.313988827168941,24,0,24,double,142.85711690682604,JUMPING,True,0.43333333333333357,0.4130386626492145,21.620773315429688,22.785629272460938,21.013220397275298,10.221266464233398,3.407088821411133,223.4452362060547,219.84112548828125,137.94036865234375,133.2454376220703,14.599703788757324,False
306,10.2,0.9211597442626953,12.639091815799475,24,0,24,double,142.85711690682604,JUMPING,False,,0.4130386626492145,,,21.013220397275298,7.519779052734375,2.506593017578125,223.93453979492188,224.12484741210938,138.20205688476562,138.32435607910156,14.973588943481445,False
307,10.233333333333333,0.9205172061920166,11.769573204219341,24,0,24,double,142.85711690682604,JUMPING,False,,0.4130386626492145,,,21.013220397275298,7.354627139046354,2.2095345977783203,224.18338012695312,224.222412109375,138.60342407226562,138.78945922851562,15.217159271240234,False
308,10.266666666666667,0.9093970656394958,12.72938959300518,24,0,24,double,142.85711690682604,JUMPING,False,,0.4130386626492145,,,21.013220397275298,7.519779052734375,2.506593017578125,224.18338012695312,220.85641479492188,138.60342407226562,134.1466064453125,16.083425521850586,False
309,10.3,0.9139101505279541,11.843462008982897,24,0,24,double,142.85711690682604,JUMPING,False,,0.4130386626492145,,,21.013220397275298,7.519779052734375,2.506593017578125,224.18338012695312,215.4439239501953,138.60342407226562,127.46707153320312,17.209911346435547,True
310,10.333333333333334,0.921545147895813,12.508001178503036,24,0,24,double,142.85711690682604,JUMPING,False,,0.4130386626492145,,,21.013220397275298,7.519779052734375,2.506593017578125,224.18338012695312,211.28770446777344,138.60342407226562,123.0408935546875,18.161273956298828,True
311,10.366666666666667,0.9285603761672974,11.320007033646107,24,0,24,double,142.85711690682604,JUMPING,False,,0.4130386626492145,,,21.013220397275298,7.519779052734375,2.506593017578125,224.18338012695312,206.63607788085938,138.60342407226562,118.53937530517578,18.230384826660156,True
312,10.4,0.9250618815422058,13.078792952001095,24,0,24,double,142.85711690682604,JUMPING,False,,0.4130386626492145,,,21.013220397275298,7.519779052734375,2.506593017578125,224.18338012695312,204.00204467773438,138.60342407226562,115.94364929199219,17.626432418823242,True
313,10.433333333333334,0.9260351657867432,11.187778785824776,24,0,24,double,142.85711690682604,JUMPING,False,,0.4130386626492145,,,21.013220397275298,7.354627139046354,2.2248727752685546,224.18338012695312,202.84190368652344,138.60342407226562,114.8938980102539,17.073068618774414,True
314,10.466666666666667,0.922593891620636,12.837536633014679,24,0,24,double,142.85711690682604,JUMPING,False,,0.4130386626492145,,,21.013220397275298,7.485641427612305,2.4952138092041016,223.93453979492188,204.39846801757812,138.20205688476562,116.24258422851562,16.85489273071289,True
315,10.5,0.9061205387115479,12.020057998597622,24,0,24,double,142.85711690682604,JUMPING,False,,0.4130386626492145,,,21.013220397275298,9.120446823120117,3.040148941040039,223.4452362060547,208.5372772216797,137.94036865234375,120.25082397460938,15.854875564575195,True
316,10.533333333333333,0.9226188063621521,13.37707182392478,25,0,25,double,147.5409513133734,JUMPING,True,0.36666666666666714,0.4028368235330541,20.60333251953125,23.046470642089844,20.910748427839287,9.63773703918457,3.2125790130615233,223.4452362060547,214.40188598632812,137.94036865234375,127.06974792480469,14.11026382446289,False
317,10.566666666666666,0.9243494272232056,11.753745842725039,25,0,25,double,147.5409513133734,JUMPING,False,,0.4028368235330541,,,20.910748427839287,9.830210806274414,3.2767369354248044,223.4452362060547,218.11178588867188,137.94036865234375,131.158935546875,13.914032936096191,False
318,10.6,0.9287879467010498,12.908380012959242,25,0,25,double,147.5409513133734,JUMPING,False,,0.4028368235330541,,,20.910748427839287,7.485641427612305,2.4952138092041016,223.78677368164062,223.8785858154297,137.94036865234375,136.728515625,13.75687026977539,False
319,10.633333333333333,0.9325911402702332,11.36014424264431,25,0,25,double,147.5409513133734,JUMPING,False,,0.4028368235330541,,,20.910748427839287,7.31876194974375,2.2095345977783203,224.02633666992188,225.88021850585938,138.20205688476562,138.55946350097656,13.56826114654541,False
320,10.666666666666666,0.9334328770637512,12.600278947502375,25,0,25,double,147.5409513133734,JUMPING,False,,0.4028368235330541,,,20.910748427839287,7.31876194974375,2.13858987121582,224.02633666992188,222.63522338867188,138.20205688476562,135.6368408203125,16.961477279663086,False
321,10.7,0.9113216996192932,11.33545208722353,25,0,25,double,147.5409513133734,JUMPING,False,,0.4028368235330541,,,20.910748427839287,7.31876194974375,2.13858987121582,224.02633666992188,217.8006591796875,138.20205688476562,129.78738403320312,16.160375595092773,False
322,10.733333333333333,0.9284536838531494,13.124624732881784,25,0,25,double,147.5409513133734,JUMPING,False,,0.4028368235330541,,,20.910748427839287,7.31876194974375,2.13858987121582,224.02633666992188,212.4159698486328,138.20205688476562,123.52906799316406,16.28656578063965,True
323,10.766666666666667,0.9266687035560608,12.795759364962578,25,0,25,double,147.5409513133734,JUMPING,False,,0.4028368235330541,,,20.910748427839287,7.31876194974375,2.13858987121582,224.02633666992188,208.94427490234375,138.20205688476562,119.47695922851562,16.24074363708496,True
324,10.8,0.9331916570663452,12.865875847637653,25,0,25,double,147.5409513133734,JUMPING,False,,0.4028368235330541,,,20.910748427839287,7.31876194974375,2.13858987121582,224.02633666992188,205.61181640625,138.20205688476562,116.55194854736328,17.16798210144043,True
325,10.833333333333334,0.9302359223365784,11.431379243731499,25,0,25,double,147.5409513133734,JUMPING,False,,0.4028368235330541,,,20.910748427839287,7.31876194974375,2.13858987121582,224.02633666992188,204.45138549804688,138.20205688476562,115.383056640625,16.779598236083984,True
326,10.866666666666667,0.9215400218963623,12.399590108543634,25,0,25,double,147.5409513133734,JUMPING,False,,0.4028368235330541,,,20.910748427839287,7.31876194974375,1.9240137451171875,224.02633666992188,205.83697509765625,138.20205688476562,116.27938079833984,17.085407257080078,True
327,10.9,0.9195147156715393,11.36193796992302,25,0,25,double,147.5409513133734,JUMPING,False,,0.4028368235330541,,,20.910748427839287,7.91178486328125,2.63726162109375,223.78677368164062,209.1865234375,137.94036865234375,119.9073486328125,16.35508155822754,True
328,10.933333333333334,0.8647764921188354,12.791118118911982,26,0,26,double,147.5409513133734,JUMPING,True,0.40000000000000036,0.4022127223557823,19.131561279296875,22.119522094726562,20.465951640703686,9.360462153625488,3.120154051208496,223.58294677734375,215.01687622070312,137.50257873535156,126.39122009277344,14.687643051147461,False
329,10.966666666666667,0.9401941299438477,12.08940101787448,26,0,26,double,147.5409513133734,JUMPING,False,,0.4022127223557823,,,20.465951640703686,9.360462153625488,3.120154051208496,223.58294677734375,218.95321655273438,137.50257873535156,130.53286743164062,12.712174415588379,False
330,11.0,0.9234284162521362,12.786764185875654,26,0,26,double,147.5409513133734,JUMPING,False,,0.4022127223557823,,,20.465951640703686,8.391645854187011,2.797215284729004,224.02633666992188,225.7250213623047,137.50257873535156,135.53526306152344,13.142553329467773,False
331,11.033333333333333,0.9373956322669983,12.591821141541004,26,0,26,double,147.5409513133734,JUMPING,False,,0.4022127223557823,,,20.465951640703686,8.266327514648438,2.7554425048828124,224.18338012695312,227.56231689453125,138.10174560546875,138.15716552734375,14.056673049926758,False
332,11.066666666666666,0.927364706993103,13.378233648836613,26,0,26,double,147.5409513133734,JUMPING,False,,0.4022127223557823,,,20.465951640703686,8.32007900390625,2.7733596679687498,224.4668426513672,228.61183166503906,138.25747680664062,139.4561767578125,14.449992179870605,False
333,11.1,0.9385275840759277,12.180646881461143,26,0,26,double,147.5409513133734,JUMPING,False,,0.4022127223557823,,,20.465951640703686,7.80753955078125,2.60251318359375,225.28692626953125,226.42083740234375,138.25747680664062,136.96844482421875,15.436176300048828,False
334,11.133333333333333,0.9286936521530151,12.581634800881147,26,0,26,double,147.5409513133734,JUMPING,False,,0.4022127223557823,,,20.465951640703686,8.611470442199707,2.8704901473999023,225.28692626953125,221.0741424560547,138.25747680664062,131.00225830078125,14.942352294921875,False
335,11.166666666666666,0.9356244802474976,11.485547292977571,26,0,26,double,147.5409513133734,JUMPING,False,,0.4022127223557823,,,20.465951640703686,8.611470442199707,2.8704901473999023,225.28692626953125,215.0216522216797,138.25747680664062,124.3680191040039,15.837944984436035,True
336,11.2,0.9242505431175232,12.414442840963602,26,0,26,double,147.5409513133734,JUMPING,False,,0.4022127223557823,,,20.465951640703686,8.611470442199707,2.8704901473999023,225.28692626953125,211.21060180664062,138.25747680664062,120.25471496582031,15.974796295166016,True
337,11.233333333333333,0.938434362411499,11.208158917725086,26,0,26,double,147.5409513133734,JUMPING,False,,0.4022127223557823,,,20.465951640703686,8.611470442199707,2.8704901473999023,225.28692626953125,208.03738403320312,138.25747680664062,116.77728271484375,14.438364028930664,True
338,11.266666666666667,0.9353777170181274,12.69534882158041,26,0,26,double,147.5409513133734,JUMPING,False,,0.4022127223557823,,,20.465951640703686,7.80753955078125,2.60251318359375,225.28692626953125,206.48138427734375,138.25747680664062,115.2542953491211,13.511317253112793,True
339,11.3,0.9268088340759277,11.751311365514994,26,0,26,double,147.5409513133734,JUMPING,False,,0.4022127223557823,,,20.465951640703686,9.557517013549804,3.1858390045166014,225.1239776611328,206.98544311523438,138.10174560546875,115.81173706054688,14.077681541442871,True
340,11.333333333333334,0.919857382774353,12.512548826634884,26,0,26,double,147.5409513133734,JUMPING,False,,0.4022127223557823,,,20.465951640703686,10.212104278564453,3.404034759521484,225.1239776611328,209.87442016601562,137.68167114257812,119.25503540039062,15.695494651794434,True
341,11.366666666666667,0.8189994692802429,11.428572237491608,26,0,26,double,147.5409513133734,JUMPING,False,,0.4022127223557823,,,20.465951640703686,8.792847784423827,2.930949261474609,225.1239776611328,214.38113403320312,137.68167114257812,125.41155242919922,14.290668487548828,True
342,11.4,0.9245649576187134,12.61771097779274,27,0,27,double,147.54101618808767,JUMPING,True,0.4666666666666668,0.4163925901041769,18.642593383789062,22.42737579345703,20.010112076475032,8.792847784423827,2.930949261474609,225.1239776611328,217.48426818847656,137.68167114257812,129.35719299316406,13.472016334533691,False
343,11.433333333333334,0.9309289455413818,11.684787925332785,27,0,27,double,147.54101618808767,JUMPING,False,,0.4163925901041769,,,20.010112076475032,7.80753955078125,2.60251318359375,225.1239776611328,223.1527099609375,137.68167114257812,135.318603515625,14.662650108337402,False
344,11.466666666666667,0.927270233631134,12.564508244395256,27,0,27,double,147.54101618808767,JUMPING,False,,0.4163925901041769,,,20.010112076475032,8.73244522705078,2.9108150756835935,225.81814575195312,226.3936767578125,138.25747680664062,139.17263793945312,15.278118133544922,False
345,11.5,0.9272120594978333,11.40224002301693,27,0,27,double,147.54101618808767,JUMPING,False,,0.4163925901041769,,,20.010112076475032,7.373591290283202,2.457863763427734,225.81814575195312,225.22659301757812,138.36557006835938,138.39303588867188,14.803448677062988,False
346,11.533333333333333,0.906319260597229,12.901470996439457,27,0,27,double,147.54101618808767,JUMPING,False,,0.4163925901041769,,,20.010112076475032,8.73244522705078,2.9108150756835935,225.81814575195312,221.1669158935547,138.36557006835938,133.06109619140625,15.47597599029541,False
347,11.566666666666666,0.9226129651069641,11.408965103328228,27,0,27,double,147.54101618808767,JUMPING,False,,0.4163925901041769,,,20.010112076475032,8.73244522705078,2.9108150756835935,225.81814575195312,214.72970581054688,138.36557006835938,125.89488220214844,17.60272979736328,True
348,11.6,0.9255459904670715,12.581156101077795,27,0,27,double,147.54101618808767,JUMPING,False,,0.4163925901041769,,,20.010112076475032,8.73244522705078,2.9108150756835935,225.81814575195312,209.2807159423828,138.36557006835938,120.05850219726562,16.916912078857422,True
349,11.633333333333333,0.9282177090644836,11.19993906468153,27,0,27,double,147.54101618808767,JUMPING,False,,0.4163925901041769,,,20.010112076475032,8.73244522705078,2.9108150756835935,225.81814575195312,204.9801483154297,138.36557006835938,116.29548645019531,17.19839096069336,True
350,11.666666666666666,0.9194599986076355,12.608982156962156,27,0,27,double,147.54101618808767,JUMPING,False,,0.4163925901041769,,,20.010112076475032,7.373591290283202,2.457863763427734,225.81814575195312,203.90707397460938,138.36557006835938,115.03633117675781,17.029613494873047,True
351,11.7,0.9144077301025391,11.74660911783576,27,0,27,double,147.54101618808767,JUMPING,False,,0.4163925901041769,,,20.010112076475032,7.484555538940429,2.4948518463134763,225.81814575195312,205.80014038085938,138.29869079589844,116.62259674072266,16.932188034057617,True
352,11.733333333333333,0.9297987818717957,12.71731685847044,27,0,27,double,147.54101618808767,JUMPING,False,,0.4163925901041769,,,20.010112076475032,9.224217059326172,3.0747390197753903,225.81814575195312,210.3098907470703,137.68167114257812,121.10594177246094,16.547279357910156,True
353,11.766666666666667,0.8687463998794556,11.732935905456543,27,0,27,double,147.54101618808767,JUMPING,False,,0.4163925901041769,,,20.010112076475032,8.192249546813965,2.7307498489379882,225.81814575195312,213.1348114013672,137.68167114257812,124.19562530517578,16.074228286743164,True
354,11.8,0.9219741225242615,12.671994045376778,28,0,28,double,145.161292694982,JUMPING,True,0.40000000000000036,0.41278622028125805,21.91107177734375,22.645339965820312,20.485352001692213,8.192249546813965,2.7307498489379882,225.81814575195312,219.20816040039062,137.68167114257812,130.782470703125,13.68794059753418,False
355,11.833333333333334,0.9227413535118103,11.453078128397465,28,0,28,double,145.161292694982,JUMPING,False,,0.41278622028125805,,,20.485352001692213,7.169873200592274,2.349591613769531,225.81814575195312,225.46336364746094,137.68167114257812,136.44253540039062,13.965444564819336,False
356,11.866666666666667,0.9278481006622314,12.669684365391731,28,0,28,double,145.161292694982,JUMPING,False,,0.41278622028125805,,,20.485352001692213,7.169873200592274,2.2999348297119138,226.18829345703125,226.9811553955078,138.2984619140625,138.3926544189453,15.376249313354492,False
357,11.9,0.930432915687561,11.404342018067837,28,0,28,double,145.161292694982,JUMPING,False,,0.41278622028125805,,,20.485352001692213,7.169873200592274,2.2502780456542966,226.18829345703125,224.12705993652344,138.2984619140625,135.681396484375,16.078981399536133,False
358,11.933333333333334,0.9134833216667175,12.519866693764925,28,0,28,double,145.161292694982,JUMPING,False,,0.41278622028125805,,,20.485352001692213,7.169873200592274,2.2502780456542966,226.18829345703125,218.56024169921875,138.2984619140625,129.4119110107422,16.979351043701172,True
359,11.966666666666667,0.9135205149650574,11.509959120303392,28,0,28,double,145.161292694982,JUMPING,False,,0.41278622028125805,,,20.485352001692213,7.169873200592274,2.2502780456542966,226.18829345703125,214.55926513671875,138.2984619140625,125.27809143066406,17.23879051208496,True
360,12.0,0.9263631105422974,12.431996874511242,28,0,28,double,145.161292694982,JUMPING,False,,0.41278622028125805,,,20.485352001692213,7.169873200592274,2.2502780456542966,226.18829345703125,209.701171875,138.2984619140625,120.65518951416016,18.642004013061523,True
361,12.033333333333333,0.9280954599380493,11.597985867410898,28,0,28,double,145.161292694982,JUMPING,False,,0.41278622028125805,,,20.485352001692213,7.169873200592274,2.2502780456542966,226.18829345703125,205.53353881835938,138.2984619140625,116.6596450805664,18.244121551513672,True
362,12.066666666666666,0.9243282675743103,12.851574923843145,28,0,28,double,145.161292694982,JUMPING,False,,0.41278622028125805,,,20.485352001692213,7.169873200592274,2.2502780456542966,226.18829345703125,203.7664337158203,138.2984619140625,115.04460144042969,17.974750518798828,True
363,12.1,0.9204369783401489,11.427159886807203,28,0,28,double,145.161292694982,JUMPING,False,,0.41278622028125805,,,20.485352001692213,7.169873200592274,2.115740963745117,226.18829345703125,204.642333984375,138.2984619140625,115.92530059814453,16.85355567932129,True
364,12.133333333333333,0.9207870364189148,12.406468857079744,28,0,28,double,145.161292694982,JUMPING,False,,0.41278622028125805,,,20.485352001692213,7.169873200592274,2.2502780456542966,226.126220703125,205.16217041015625,137.68167114257812,116.785888671875,16.67801284790039,True
365,12.166666666666666,0.9262850880622864,11.03561231866479,28,0,28,double,145.161292694982,JUMPING,False,,0.41278622028125805,,,20.485352001692213,7.169873200592274,2.115740963745117,226.126220703125,211.9208526611328,137.68167114257812,124.09400939941406,15.040943145751953,True
366,12.2,0.9253852963447571,12.34213262796402,28,0,28,double,145.161292694982,JUMPING,False,,0.41278622028125805,,,20.485352001692213,7.169873200592274,2.115740963745117,226.126220703125,216.62411499023438,137.68167114257812,128.71896362304688,14.524003028869629,True
367,12.233333333333333,0.9241397976875305,11.647926643490791,29,0,29,double,145.161292694982,JUMPING,True,0.4333333333333318,0.4173065851527143,22.359786987304688,22.637069702148438,20.953960748095334,7.169873200592274,2.2502780456542966,226.126220703125,223.84683227539062,137.68167114257812,135.03729248046875,14.552533149719238,False
368,12.266666666666667,0.9170234799385071,12.678432278335094,29,0,29,double,145.161292694982,JUMPING,False,,0.4173065851527143,,,20.953960748095334,7.333886261833366,2.2179502349853513,226.40997314453125,227.11903381347656,138.2984619140625,138.86448669433594,15.246587753295898,False
369,12.3,0.9279226660728455,11.306113097816706,29,0,29,double,145.161292694982,JUMPING,False,,0.4173065851527143,,,20.953960748095334,7.333886261833366,2.066762860107422,226.40997314453125,226.2278594970703,138.30148315429688,138.16473388671875,15.375838279724121,False
370,12.333333333333334,0.9380715489387512,12.437424156814814,29,0,29,double,145.161292694982,JUMPING,False,,0.4173065851527143,,,20.953960748095334,7.333886261833366,2.2179502349853513,226.40997314453125,221.80856323242188,138.30148315429688,133.03005981445312,16.883132934570312,False
371,12.366666666666667,0.911524772644043,11.437647044658661,29,0,29,double,145.161292694982,JUMPING,False,,0.4173065851527143,,,20.953960748095334,7.333886261833366,2.2179502349853513,226.40997314453125,218.59744262695312,138.30148315429688,129.28469848632812,17.42339515686035,True
372,12.4,0.9184749126434326,12.773613911122084,29,0,29,double,145.161292694982,JUMPING,False,,0.4173065851527143,,,20.953960748095334,7.333886261833366,2.2179502349853513,226.40997314453125,212.95750427246094,138.30148315429688,123.78448486328125,18.431787490844727,True
373,12.433333333333334,0.9281395077705383,11.685506906360388,29,0,29,double,145.161292694982,JUMPING,False,,0.4173065851527143,,,20.953960748095334,7.333886261833366,2.2179502349853513,226.40997314453125,207.2568359375,138.30148315429688,119.24800872802734,18.096694946289062,True
374,12.466666666666667,0.9277814626693726,12.843178119510412,29,0,29,double,145.161292694982,JUMPING,False,,0.4173065851527143,,,20.953960748095334,7.333886261833366,2.2179502349853513,226.40997314453125,203.4718017578125,138.30148315429688,115.96635437011719,17.31949234008789,True
375,12.5,0.9203065037727356,11.691672261804342,29,0,29,double,145.161292694982,JUMPING,False,,0.4173065851527143,,,20.953960748095334,7.333886261833366,2.396669412231445,226.40997314453125,203.20260620117188,138.30148315429688,115.58395385742188,16.62880516052246,True
376,12.533333333333333,0.9121930599212646,12.653902638703585,29,0,29,double,145.161292694982,JUMPING,False,,0.4173065851527143,,,20.953960748095334,7.333886261833366,2.323473728942871,226.3273468017578,205.48037719726562,138.30148315429688,117.62200927734375,16.985036849975586,True
377,12.566666666666666,0.9146967530250549,11.557706166058779,29,0,29,double,145.161292694982,JUMPING,False,,0.4173065851527143,,,20.953960748095334,7.333886261833366,2.0456332763671874,225.92205810546875,207.0247344970703,137.68621826171875,119.541259765625,17.190231323242188,True
378,12.6,0.9123793840408325,13.08559812605381,29,0,29,double,145.161292694982,JUMPING,False,,0.4173065851527143,,,20.953960748095334,7.333886261833366,2.4224932022094725,225.36865234375,211.0439910888672,137.47584533691406,124.21472930908203,15.96280574798584,True
379,12.633333333333333,0.9230170249938965,11.662525124847889,29,0,29,double,145.161292694982,JUMPING,False,,0.4173065851527143,,,20.953960748095334,7.333886261833366,2.0456332763671874,225.36865234375,217.9647216796875,137.47584533691406,131.03366088867188,15.331313133239746,True
380,12.666666666666666,0.9246233701705933,12.861454859375954,30,0,30,double,140.6250064173949,JUMPING,True,0.43333333333333357,0.42083246975245053,22.166046142578125,22.27490234375,21.25698209671603,7.333886261833366,1.8879758148193357,225.36865234375,225.21749877929688,137.85885620117188,137.40005493164062,13.54104995727539,False
381,12.7,0.9264562726020813,11.384167708456516,30,0,30,double,140.6250064173949,JUMPING,False,,0.42083246975245053,,,21.25698209671603,7.43994373385061,2.0456332763671874,225.92205810546875,226.80816650390625,138.30148315429688,139.35791015625,13.886178016662598,False
382,12.733333333333333,0.9334183931350708,12.578812893480062,30,0,30,double,140.6250064173949,JUMPING,False,,0.42083246975245053,,,21.25698209671603,7.43994373385061,1.8879758148193357,225.92205810546875,224.3046417236328,138.30148315429688,136.3799591064453,15.10709285736084,False
383,12.766666666666667,0.9363058805465698,11.73870638012886,30,0,30,double,140.6250064173949,JUMPING,False,,0.42083246975245053,,,21.25698209671603,7.43994373385061,2.032150158691406,225.92205810546875,221.955078125,138.30148315429688,133.9940185546875,15.63836669921875,False
384,12.8,0.9121302366256714,12.622225098311901,30,0,30,double,140.6250064173949,JUMPING,False,,0.42083246975245053,,,21.25698209671603,7.43994373385061,2.032150158691406,225.92205810546875,216.96990966796875,138.30148315429688,128.3839111328125,17.952970504760742,True
385,12.833333333333334,0.927360475063324,11.144252959638834,30,0,30,double,140.6250064173949,JUMPING,False,,0.42083246975245053,,,21.25698209671603,7.43994373385061,2.032150158691406,225.92205810546875,210.74148559570312,138.30148315429688,122.18526458740234,19.637052536010742,True
386,12.866666666666667,0.9271602034568787,12.666461989283562,30,0,30,double,140.6250064173949,JUMPING,False,,0.42083246975245053,,,21.25698209671603,7.43994373385061,2.032150158691406,225.92205810546875,205.63076782226562,138.30148315429688,117.46029663085938,18.77325439453125,True
387,12.9,0.9240264296531677,11.404788121581078,30,0,30,double,140.6250064173949,JUMPING,False,,0.42083246975245053,,,21.25698209671603,7.43994373385061,2.032150158691406,225.92205810546875,203.1309814453125,138.30148315429688,115.16203308105469,18.198701858520508,True
388,12.933333333333334,0.9209985136985779,12.678840663284063,30,0,30,double,140.6250064173949,JUMPING,False,,0.42083246975245053,,,21.25698209671603,7.43994373385061,1.8879758148193357,225.92205810546875,203.88278198242188,138.30148315429688,115.72135925292969,16.39007568359375,True
389,12.966666666666667,0.918692409992218,11.41084311529994,30,0,30,double,140.6250064173949,JUMPING,False,,0.42083246975245053,,,21.25698209671603,7.43994373385061,2.032150158691406,225.36865234375,204.79202270507812,137.85885620117188,116.71835327148438,17.19594955444336,True
390,13.0,0.9093694090843201,12.784964870661497,30,0,30,double,140.6250064173949,JUMPING,False,,0.42083246975245053,,,21.25698209671603,7.8144960250854485,2.604832008361816,225.36502075195312,207.96585083007812,137.0170440673828,120.12323760986328,18.768733978271484,True
391,13.033333333333333,0.9254042506217957,11.552926152944565,30,0,30,double,140.6250064173949,JUMPING,False,,0.42083246975245053,,,21.25698209671603,7.43994373385061,2.032150158691406,225.36502075195312,213.5618896484375,137.0170440673828,125.90512084960938,15.574241638183594,True
392,13.066666666666666,0.9267285466194153,12.57265079766512,30,0,30,double,140.6250064173949,JUMPING,False,,0.42083246975245053,,,21.25698209671603,7.43994373385061,2.032150158691406,225.36502075195312,217.37554931640625,137.0170440673828,129.55294799804688,14.264721870422363,True
393,13.1,0.9258952736854553,11.686774902045727,31,0,31,double,138.46151814658558,JUMPING,True,0.43333333333333357,0.4235826597402448,22.234039306640625,21.855010986328125,21.50124639919718,7.692062077331542,2.5640206924438473,225.36502075195312,222.76904296875,137.0170440673828,135.11724853515625,14.024539947509766,False
394,13.133333333333333,0.9175989031791687,13.002980966120958,31,0,31,double,138.46151814658558,JUMPING,False,,0.4235826597402448,,,21.50124639919718,7.525436239719012,2.032150158691406,225.6958770751953,225.8508758544922,137.85885620117188,138.51405334472656,13.848272323608398,False
395,13.166666666666666,0.9189174771308899,11.368026956915855,31,0,31,double,138.46151814658558,JUMPING,False,,0.4235826597402448,,,21.50124639919718,7.525436239719012,1.7650554794311522,225.6958770751953,224.75250244140625,137.85885620117188,137.31312561035156,15.669352531433105,False
396,13.2,0.9144455194473267,12.460852973163128,31,0,31,double,138.46151814658558,JUMPING,False,,0.4235826597402448,,,21.50124639919718,7.525436239719012,1.893767221069336,225.6958770751953,223.4751739501953,137.85885620117188,135.94073486328125,16.548797607421875,False
397,13.233333333333333,0.9144123792648315,11.206705123186111,31,0,31,double,138.46151814658558,JUMPING,False,,0.4235826597402448,,,21.50124639919718,7.525436239719012,1.893767221069336,225.6958770751953,219.35301208496094,137.85885620117188,130.36349487304688,17.215227127075195,False
398,13.266666666666667,0.9271662831306458,12.344059068709612,31,0,31,double,138.46151814658558,JUMPING,False,,0.4235826597402448,,,21.50124639919718,7.525436239719012,1.893767221069336,225.6958770751953,213.59498596191406,137.85885620117188,123.74333190917969,17.40236473083496,True
399,13.3,0.9281138181686401,11.438981164246798,31,0,31,double,138.46151814658558,JUMPING,False,,0.4235826597402448,,,21.50124639919718,7.525436239719012,1.893767221069336,225.6958770751953,207.50437927246094,137.85885620117188,118.18128967285156,17.819028854370117,True
400,13.333333333333334,0.9221215844154358,12.479117140173912,31,0,31,double,138.46151814658558,JUMPING,False,,0.4235826597402448,,,21.50124639919718,7.525436239719012,2.2399168579101563,225.59751892089844,204.31515502929688,137.85885620117188,114.58245849609375,16.912187576293945,True
401,13.366666666666667,0.9154052138328552,12.288219761103392,31,0,31,double,138.46151814658558,JUMPING,False,,0.4235826597402448,,,21.50124639919718,7.525436239719012,2.2845627182006836,225.031494140625,203.2935333251953,137.3652801513672,113.75788879394531,15.411611557006836,True
402,13.4,0.9167655110359192,13.29369517043233,31,0,31,double,138.46151814658558,JUMPING,False,,0.4235826597402448,,,21.50124639919718,7.525436239719012,2.2924467224121092,225.031494140625,203.04632568359375,137.3652801513672,113.759033203125,14.762505531311035,True
403,13.433333333333334,0.9121079444885254,11.645433027297258,31,0,31,double,138.46151814658558,JUMPING,False,,0.4235826597402448,,,21.50124639919718,7.525436239719012,2.2924467224121092,225.031494140625,206.10891723632812,137.3652801513672,116.39276123046875,15.536293029785156,True
404,13.466666666666667,0.934214174747467,13.69438786059618,31,0,31,double,138.46151814658558,JUMPING,False,,0.4235826597402448,,,21.50124639919718,7.525436239719012,2.2924467224121092,225.031494140625,210.63235473632812,137.3652801513672,121.55389404296875,15.523188591003418,True
405,13.5,0.9282423257827759,11.648088227957487,31,0,31,double,138.46151814658558,JUMPING,False,,0.4235826597402448,,,21.50124639919718,7.525436239719012,2.2924467224121092,225.031494140625,217.2139892578125,137.3652801513672,128.85638427734375,14.240641593933105,True
406,13.533333333333333,0.9124406576156616,12.984545901417732,32,0,32,double,140.62494748215755,JUMPING,True,0.43333333333333357,0.42572780793072434,22.120834350585938,23.607391357421875,21.656143387044366,7.525436239719012,2.2399168579101563,225.1671600341797,225.09164428710938,137.3652801513672,135.99505615234375,14.482378959655762,False
407,13.566666666666666,0.9167008399963379,13.300114776939154,32,0,32,double,140.62494748215755,JUMPING,False,,0.42572780793072434,,,21.656143387044366,7.579650185465527,2.0405657958984373,225.59751892089844,227.98013305664062,137.85885620117188,138.82327270507812,13.935723304748535,False
408,13.6,0.9261084198951721,16.17820095270872,32,0,32,double,140.62494748215755,JUMPING,False,,0.42572780793072434,,,21.656143387044366,7.579650185465527,1.8416219421386717,225.59751892089844,225.0889892578125,137.85885620117188,136.253662109375,16.17023468017578,False
409,13.633333333333333,0.9118441343307495,11.715059168636799,32,0,32,double,140.62494748215755,JUMPING,False,,0.42572780793072434,,,21.656143387044366,7.579650185465527,2.0405657958984373,225.59751892089844,219.88821411132812,137.85885620117188,129.96640014648438,16.76927375793457,False
410,13.666666666666666,0.9243288040161133,12.85099284723401,32,0,32,double,140.62494748215755,JUMPING,False,,0.42572780793072434,,,21.656143387044366,7.579650185465527,2.0405657958984373,225.59751892089844,213.3786163330078,137.85885620117188,123.16603088378906,14.98380184173584,True
411,13.7,0.9246598482131958,11.72554213553667,32,0,32,double,140.62494748215755,JUMPING,False,,0.42572780793072434,,,21.656143387044366,7.579650185465527,2.0405657958984373,225.59751892089844,207.38607788085938,137.85885620117188,117.91033172607422,15.585975646972656,True
412,13.733333333333333,0.9253438711166382,13.084208127111197,32,0,32,double,140.62494748215755,JUMPING,False,,0.42572780793072434,,,21.656143387044366,7.579650185465527,2.392642575073242,225.59751892089844,204.1365966796875,137.85885620117188,115.13174438476562,14.555707931518555,True
413,13.766666666666667,0.9231514930725098,11.740759015083313,32,0,32,double,140.62494748215755,JUMPING,False,,0.42572780793072434,,,21.656143387044366,7.579650185465527,2.187364370727539,225.1671600341797,202.53587341308594,137.3652801513672,113.8545150756836,14.670305252075195,True
414,13.8,0.9205278158187866,14.862916897982359,32,0,32,double,140.62494748215755,JUMPING,False,,0.42572780793072434,,,21.656143387044366,7.579650185465527,2.2845627182006836,225.090576171875,203.72695922851562,136.9398651123047,115.09089660644531,15.585750579833984,True
415,13.833333333333334,0.9065976738929749,15.035822056233883,32,0,32,double,140.62494748215755,JUMPING,False,,0.42572780793072434,,,21.656143387044366,7.579650185465527,1.893767221069336,225.090576171875,207.40725708007812,136.9398651123047,118.5251235961914,16.934396743774414,True
416,13.866666666666667,0.9257841110229492,13.452403713017702,32,0,32,double,140.62494748215755,JUMPING,False,,0.42572780793072434,,,21.656143387044366,7.579650185465527,1.893767221069336,225.090576171875,213.351806640625,136.9398651123047,124.98799133300781,14.913434028625488,True
417,13.9,0.9299557209014893,17.220442183315754,33,0,33,double,142.85717772789593,JUMPING,True,0.36666666666666714,0.41273435685263177,22.554702758789062,23.085350036621094,21.88078322998054,7.579650185465527,2.2845627182006836,225.090576171875,220.67007446289062,136.9398651123047,132.2955780029297,14.447731018066406,False
418,13.933333333333334,0.9217779040336609,14.290190767496824,33,0,33,double,142.85717772789593,JUMPING,False,,0.41273435685263177,,,21.88078322998054,7.658274130493188,1.893767221069336,225.090576171875,224.90255737304688,137.2752227783203,137.21836853027344,14.513955116271973,False
419,13.966666666666667,0.9258071184158325,14.33561509475112,33,0,33,double,142.85717772789593,JUMPING,False,,0.41273435685263177,,,21.88078322998054,7.658274130493188,2.4707473800659177,225.1671600341797,227.72384643554688,137.3652801513672,139.7451629638672,15.232687950134277,False
420,14.0,0.9270738363265991,15.268182847648859,33,0,33,double,142.85717772789593,JUMPING,False,,0.41273435685263177,,,21.88078322998054,7.658274130493188,1.7611078216552734,225.36090087890625,225.45651245117188,137.8345947265625,138.12429809570312,15.23631477355957,False
421,14.033333333333333,0.908897876739502,13.737835921347141,33,0,33,double,142.85717772789593,JUMPING,False,,0.41273435685263177,,,21.88078322998054,7.658274130493188,2.1162386627197263,225.36090087890625,220.89915466308594,137.8345947265625,132.3668670654297,17.3089656829834,False
422,14.066666666666666,0.9156485199928284,13.919170945882797,33,0,33,double,142.85717772789593,JUMPING,False,,0.41273435685263177,,,21.88078322998054,7.658274130493188,2.1162386627197263,225.36090087890625,215.2235107421875,137.8345947265625,125.82197570800781,17.45134162902832,True
423,14.1,0.9182201623916626,15.751325991004705,33,0,33,double,142.85717772789593,JUMPING,False,,0.41273435685263177,,,21.88078322998054,7.658274130493188,2.1162386627197263,225.36090087890625,211.737548828125,137.8345947265625,121.67808532714844,16.889497756958008,True
424,14.133333333333333,0.9293285608291626,13.470263686031103,33,0,33,double,142.85717772789593,JUMPING,False,,0.41273435685263177,,,21.88078322998054,7.658274130493188,2.1162386627197263,225.36090087890625,207.56524658203125,137.8345947265625,117.75624084472656,16.048948287963867,True
425,14.166666666666666,0.9246944785118103,11.744324117898941,33,0,33,double,142.85717772789593,JUMPING,False,,0.41273435685263177,,,21.88078322998054,8.822031042480468,2.940677014160156,225.31056213378906,206.1509552001953,137.79983520507812,116.11629486083984,15.516142845153809,True
426,14.2,0.9230823516845703,12.563855852931738,33,0,33,double,142.85717772789593,JUMPING,False,,0.41273435685263177,,,21.88078322998054,7.658274130493188,2.2845627182006836,225.090576171875,205.77444458007812,137.2752227783203,115.47801208496094,15.512353897094727,True
427,14.233333333333333,0.9118606448173523,11.259760241955519,33,0,33,double,142.85717772789593,JUMPING,False,,0.41273435685263177,,,21.88078322998054,8.822031042480468,2.940677014160156,225.090576171875,207.4625244140625,137.2752227783203,117.76446533203125,18.264856338500977,True
428,14.266666666666667,0.9285510182380676,12.63314113020897,33,0,33,double,142.85717772789593,JUMPING,False,,0.41273435685263177,,,21.88078322998054,7.658274130493188,2.5284578384399414,225.090576171875,212.14393615722656,137.2752227783203,122.97926330566406,15.821236610412598,True
429,14.3,0.9322302937507629,11.749336030334234,34,0,34,double,145.161292694982,JUMPING,True,0.40000000000000036,0.40993279834505286,19.316131591796875,21.797210693359375,21.239620320434625,8.822031042480468,2.940677014160156,225.090576171875,220.08065795898438,137.2752227783203,130.3248748779297,13.883312225341797,False
430,14.333333333333334,0.9242502450942993,12.902788817882538,34,0,34,double,145.161292694982,JUMPING,False,,0.40993279834505286,,,21.239620320434625,7.868960128784179,2.6229867095947266,225.31056213378906,226.30740356445312,137.2752227783203,136.4541778564453,13.135171890258789,False
431,14.366666666666667,0.9251503348350525,11.888519860804081,34,0,34,double,145.161292694982,JUMPING,False,,0.40993279834505286,,,21.239620320434625,8.333686546325684,2.7778955154418945,225.69313049316406,230.111083984375,137.79983520507812,139.87620544433594,13.606356620788574,False
432,14.4,0.6921069622039795,12.976282741874456,34,0,34,double,145.161292694982,JUMPING,False,,0.40993279834505286,,,21.239620320434625,7.433867112152118,2.396578921508789,226.12478637695312,232.41883850097656,138.358154296875,141.34246826171875,14.4210844039917,False
433,14.433333333333334,0.9353432655334473,11.390489060431719,34,0,34,double,145.161292694982,JUMPING,False,,0.40993279834505286,,,21.239620320434625,7.433867112152118,2.099531813049316,226.29176330566406,226.268310546875,138.358154296875,136.14529418945312,16.367494583129883,False
434,14.466666666666667,0.9140890836715698,12.928023003041744,34,0,34,double,145.161292694982,JUMPING,False,,0.40993279834505286,,,21.239620320434625,7.433867112152118,2.099531813049316,226.29176330566406,218.90155029296875,138.358154296875,129.3882293701172,16.521778106689453,False
435,14.5,0.9247329831123352,12.476243078708649,34,0,34,double,145.161292694982,JUMPING,False,,0.40993279834505286,,,21.239620320434625,7.433867112152118,2.099531813049316,226.29176330566406,211.95599365234375,138.358154296875,122.68119049072266,16.110023498535156,True
436,14.533333333333333,0.9291786551475525,14.013251755386591,34,0,34,double,145.161292694982,JUMPING,False,,0.40993279834505286,,,21.239620320434625,7.433867112152118,2.099531813049316,226.29176330566406,207.45346069335938,138.358154296875,118.57846069335938,15.186631202697754,True
437,14.566666666666666,0.9288077354431152,14.158541802316904,34,0,34,double,145.161292694982,JUMPING,False,,0.40993279834505286,,,21.239620320434625,7.433867112152118,2.099531813049316,226.29176330566406,205.23779296875,138.358154296875,116.70201110839844,15.504796981811523,True
438,14.6,0.9217164516448975,14.419770333915949,34,0,34,double,145.161292694982,JUMPING,False,,0.40993279834505286,,,21.239620320434625,7.433867112152118,1.2615311645507812,226.29176330566406,204.78158569335938,138.358154296875,116.35661315917969,15.21167278289795,True
439,14.633333333333333,0.9157074689865112,12.371012009680271,34,0,34,double,145.161292694982,JUMPING,False,,0.40993279834505286,,,21.239620320434625,7.433867112152118,2.099531813049316,226.29176330566406,207.18006896972656,137.79983520507812,118.41314697265625,14.792388916015625,True
440,14.666666666666666,0.9321510195732117,12.585874181240797,34,0,34,double,145.161292694982,JUMPING,False,,0.40993279834505286,,,21.239620320434625,8.812597384643555,2.9375324615478515,226.29176330566406,212.37852478027344,137.76193237304688,123.53013610839844,13.536124229431152,True
441,14.7,0.9243767261505127,11.299652978777885,35,0,35,double,147.54101618808767,JUMPING,True,0.3999999999999986,0.4077475827091409,21.510177612304688,21.405319213867188,21.30725964340214,7.433867112152118,2.09142158203125,226.29176330566406,219.67205810546875,137.76193237304688,130.6199951171875,13.957401275634766,False
442,14.733333333333333,0.921447217464447,12.424948625266552,35,0,35,double,147.54101618808767,JUMPING,False,,0.4077475827091409,,,21.30725964340214,7.457540875190749,1.7702247619628906,226.29176330566406,226.0965576171875,137.76193237304688,136.75613403320312,14.088399887084961,False
443,14.766666666666667,0.9192543625831604,11.434793006628752,35,0,35,double,147.54101618808767,JUMPING,False,,0.4077475827091409,,,21.30725964340214,7.457540875190749,1.9156433532714843,227.1572723388672,229.8186798095703,138.54368591308594,140.25262451171875,14.34974479675293,False
444,14.8,0.9215266704559326,12.541214004158974,35,0,35,double,147.54101618808767,JUMPING,False,,0.4077475827091409,,,21.30725964340214,7.457540875190749,2.082824963378906,227.87762451171875,229.81130981445312,139.37640380859375,140.63775634765625,14.78785228729248,False
445,14.833333333333334,0.9293198585510254,11.613420210778713,35,0,35,double,147.54101618808767,JUMPING,False,,0.4077475827091409,,,21.30725964340214,7.457540875190749,2.050451907348633,227.87762451171875,224.90713500976562,139.37640380859375,136.61148071289062,14.623851776123047,False
446,14.866666666666667,0.9272616505622864,12.84554461017251,35,0,35,double,147.54101618808767,JUMPING,False,,0.4077475827091409,,,21.30725964340214,7.457540875190749,2.050451907348633,227.87762451171875,219.04776000976562,139.37640380859375,129.9124298095703,16.09357452392578,True
447,14.9,0.9269202351570129,12.065894901752472,35,0,35,double,147.54101618808767,JUMPING,False,,0.4077475827091409,,,21.30725964340214,7.457540875190749,2.050451907348633,227.87762451171875,212.29156494140625,139.37640380859375,123.47854614257812,16.496746063232422,True
448,14.933333333333334,0.9262939095497131,12.69759377464652,35,0,35,double,147.54101618808767,JUMPING,False,,0.4077475827091409,,,21.30725964340214,7.457540875190749,2.050451907348633,227.87762451171875,207.1900634765625,139.37640380859375,118.81941986083984,16.415340423583984,True
449,14.966666666666667,0.9260426163673401,11.558379046618938,35,0,35,double,147.54101618808767,JUMPING,False,,0.4077475827091409,,,21.30725964340214,7.457540875190749,2.050451907348633,227.87762451171875,203.95774841308594,139.37640380859375,116.24349975585938,16.652996063232422,True
450,15.0,0.9224661588668823,14.158281031996012,35,0,35,double,147.54101618808767,JUMPING,False,,0.4077475827091409,,,21.30725964340214,7.457540875190749,2.050451907348633,227.87762451171875,202.86514282226562,139.37640380859375,115.07119750976562,15.787385940551758,True
451,15.033333333333333,0.9131399393081665,11.626023333519697,35,0,35,double,147.54101618808767,JUMPING,False,,0.4077475827091409,,,21.30725964340214,7.457540875190749,2.082824963378906,227.87762451171875,204.298828125,139.37640380859375,116.30307006835938,15.875704765319824,True
452,15.066666666666666,0.9115766286849976,12.65089912340045,35,0,35,double,147.54101618808767,JUMPING,False,,0.4077475827091409,,,21.30725964340214,7.457540875190749,2.050451907348633,227.1572723388672,205.37655639648438,139.09681701660156,117.58596801757812,15.606727600097656,True
453,15.1,0.911263644695282,12.156301643699408,35,0,35,double,147.54101618808767,JUMPING,False,,0.4077475827091409,,,21.30725964340214,7.457540875190749,2.082824963378906,227.1572723388672,209.47860717773438,139.09681701660156,121.40760803222656,16.58262062072754,True
454,15.133333333333333,0.9241816401481628,12.701787054538727,35,0,35,double,147.54101618808767,JUMPING,False,,0.4077475827091409,,,21.30725964340214,7.457540875190749,2.082824963378906,227.1572723388672,215.40516662597656,139.09681701660156,127.669677734375,15.037964820861816,True
455,15.166666666666666,0.9264056086540222,11.32978405803442,36,0,36,double,145.161292694982,JUMPING,True,0.4666666666666668,0.4207097811797966,24.292129516601562,24.025619506835938,22.053477111701994,7.457540875190749,2.09142158203125,227.1572723388672,222.76681518554688,139.09681701660156,134.5608673095703,14.368551254272461,False
456,15.2,0.926606297492981,12.753950897604227,36,0,36,double,145.161292694982,JUMPING,False,,0.4207097811797966,,,22.053477111701994,7.7187169890956975,2.024865655517578,227.1572723388672,225.87652587890625,139.23880004882812,138.47927856445312,12.762304306030273,False
457,15.233333333333333,0.9264014959335327,11.335177812725306,36,0,36,double,145.161292694982,JUMPING,False,,0.4207097811797966,,,22.053477111701994,7.7187169890956975,2.09142158203125,227.1572723388672,224.5623779296875,139.23880004882812,137.41656494140625,13.699217796325684,False
458,15.266666666666667,0.908087968826294,12.656640261411667,36,0,36,double,145.161292694982,JUMPING,False,,0.4207097811797966,,,22.053477111701994,7.7187169890956975,2.09142158203125,227.1572723388672,220.16552734375,139.23880004882812,131.9384765625,16.04680824279785,False
459,15.3,0.913585901260376,11.567838955670595,36,0,36,double,145.161292694982,JUMPING,False,,0.4207097811797966,,,22.053477111701994,7.7187169890956975,2.09142158203125,227.1572723388672,216.84475708007812,139.23880004882812,128.14190673828125,16.608022689819336,True
460,15.333333333333334,0.9223673343658447,12.430559378117323,36,0,36,double,145.161292694982,JUMPING,False,,0.4207097811797966,,,22.053477111701994,7.7187169890956975,2.09142158203125,227.1572723388672,211.89462280273438,139.23880004882812,122.72098541259766,16.711469650268555,True
461,15.366666666666667,0.9241348505020142,11.500603053718805,36,0,36,double,145.161292694982,JUMPING,False,,0.4207097811797966,,,22.053477111701994,7.7187169890956975,2.09142158203125,227.1572723388672,207.08865356445312,139.23880004882812,118.24295043945312,16.876514434814453,True
462,15.4,0.9238924980163574,13.457759283483028,36,0,36,double,145.161292694982,JUMPING,False,,0.4207097811797966,,,22.053477111701994,7.7187169890956975,2.09142158203125,227.1572723388672,204.08047485351562,139.23880004882812,115.56521606445312,16.565902709960938,True
463,15.433333333333334,0.9199696779251099,11.351526714861393,36,0,36,double,145.161292694982,JUMPING,False,,0.4207097811797966,,,22.053477111701994,7.7187169890956975,2.1579775085449215,227.1572723388672,203.86741638183594,139.23880004882812,115.35946655273438,15.323638916015625,True
464,15.466666666666667,0.9044598340988159,12.579609174281359,36,0,36,double,145.161292694982,JUMPING,False,,0.4207097811797966,,,22.053477111701994,7.7187169890956975,2.2745748046875,226.29176330566406,205.65029907226562,138.3372802734375,117.41182708740234,16.200305938720703,True
465,15.5,0.9089870452880859,11.52889197692275,36,0,36,double,145.161292694982,JUMPING,False,,0.4207097811797966,,,22.053477111701994,11.198837741088866,3.732945913696289,226.29176330566406,207.14019775390625,138.05418395996094,118.93977355957031,17.404664993286133,True
466,15.533333333333333,0.9263672828674316,12.520093005150557,36,0,36,double,145.161292694982,JUMPING,False,,0.4207097811797966,,,22.053477111701994,7.7187169890956975,2.5292156982421874,226.29176330566406,215.2356719970703,138.05418395996094,127.59523010253906,16.144956588745117,True
467,15.566666666666666,0.9264848828315735,11.515673249959946,37,0,37,double,147.54101618808767,JUMPING,True,0.40000000000000036,0.41615362932024147,22.424346923828125,22.694717407226562,22.146194564733527,11.198837741088866,3.732945913696289,226.29176330566406,220.69390869140625,138.05418395996094,133.13339233398438,15.440384864807129,False
468,15.6,0.9181032776832581,12.622013688087463,37,0,37,double,147.54101618808767,JUMPING,False,,0.41615362932024147,,,22.146194564733527,7.751168097656734,2.2745748046875,226.29176330566406,225.66151428222656,138.3912811279297,138.25927734375,14.15953540802002,False
469,15.633333333333333,0.9230880737304688,11.463779024779797,37,0,37,double,147.54101618808767,JUMPING,False,,0.41615362932024147,,,22.146194564733527,7.751168097656734,1.8558968536376952,226.29176330566406,225.5916748046875,138.82293701171875,139.0520477294922,14.994525909423828,False
470,15.666666666666666,0.9361093044281006,12.98281503841281,37,0,37,double,147.54101618808767,JUMPING,False,,0.41615362932024147,,,22.146194564733527,7.751168097656734,1.9483557495117187,226.29176330566406,221.74102783203125,138.82293701171875,135.10116577148438,15.586250305175781,False
471,15.7,0.920748770236969,13.35265301167965,37,0,37,double,147.54101618808767,JUMPING,False,,0.41615362932024147,,,22.146194564733527,7.751168097656734,1.9483557495117187,226.29176330566406,216.84649658203125,138.82293701171875,128.8534698486328,16.56713104248047,True
472,15.733333333333333,0.9222721457481384,12.954621110111475,37,0,37,double,147.54101618808767,JUMPING,False,,0.41615362932024147,,,22.146194564733527,7.751168097656734,1.9483557495117187,226.29176330566406,210.47503662109375,138.82293701171875,122.77806091308594,17.33888816833496,True
473,15.766666666666667,0.9262514114379883,11.985279154032469,37,0,37,double,147.54101618808767,JUMPING,False,,0.41615362932024147,,,22.146194564733527,7.751168097656734,1.9483557495117187,226.29176330566406,206.37289428710938,138.82293701171875,119.29505157470703,17.60390853881836,True
474,15.8,0.9254324436187744,12.602916918694973,37,0,37,double,147.54101618808767,JUMPING,False,,0.41615362932024147,,,22.146194564733527,7.751168097656734,1.9483557495117187,226.29176330566406,203.33538818359375,138.82293701171875,116.71988677978516,17.771764755249023,True
475,15.833333333333334,0.9234907031059265,11.668645776808262,37,0,37,double,147.54101618808767,JUMPING,False,,0.41615362932024147,,,22.146194564733527,9.360021011352538,3.1200070037841794,226.19961547851562,202.4234619140625,138.82293701171875,116.05450439453125,17.089975357055664,True
476,15.866666666666667,0.9170377850532532,12.555352877825499,37,0,37,double,147.54101618808767,JUMPING,False,,0.41615362932024147,,,22.146194564733527,8.726540707397461,2.9088469024658203,226.008544921875,204.3070068359375,138.3912811279297,117.7457275390625,16.588115692138672,True
477,15.9,0.9140803813934326,11.760245077311993,37,0,37,double,147.54101618808767,JUMPING,False,,0.41615362932024147,,,22.146194564733527,7.751168097656734,1.526035546875,225.79052734375,209.0163116455078,137.9221954345703,122.2625732421875,16.689157485961914,True
478,15.933333333333334,0.922042727470398,12.560132890939713,37,0,37,double,147.54101618808767,JUMPING,False,,0.41615362932024147,,,22.146194564733527,9.519714514160157,3.1732381713867186,225.63357543945312,215.56341552734375,137.9221954345703,129.30841064453125,14.903213500976562,True
479,15.966666666666667,0.9223231673240662,11.471462901681662,38,0,38,double,145.161292694982,JUMPING,True,0.40000000000000036,0.4125998308697884,23.210113525390625,21.867691040039062,22.412174304897803,9.519714514160157,3.1732381713867186,225.63357543945312,219.6190185546875,137.9221954345703,133.56576538085938,14.530529022216797,False
480,16.0,0.9233433604240417,12.604332063347101,38,0,38,double,145.161292694982,JUMPING,False,,0.4125998308697884,,,22.412174304897803,7.84426100671423,2.468338064575195,225.63357543945312,225.36456298828125,138.3912811279297,138.8433837890625,14.316829681396484,False
481,16.033333333333335,0.923804521560669,11.532765813171864,38,0,38,double,145.161292694982,JUMPING,False,,0.4125998308697884,,,22.412174304897803,7.84426100671423,2.314775308227539,225.79052734375,227.68496704101562,138.69773864746094,141.62576293945312,14.980705261230469,False
482,16.066666666666666,0.9320061802864075,12.781315017491579,38,0,38,double,145.161292694982,JUMPING,False,,0.4125998308697884,,,22.412174304897803,7.84426100671423,1.526035546875,225.97198486328125,226.03561401367188,138.9685821533203,139.62738037109375,16.1324405670166,False
483,16.1,0.9223544597625732,11.740318033844233,38,0,38,double,145.161292694982,JUMPING,False,,0.4125998308697884,,,22.412174304897803,7.84426100671423,2.314775308227539,225.97198486328125,221.042724609375,138.9685821533203,134.07708740234375,17.31287384033203,False
484,16.133333333333333,0.9198032021522522,12.73488998413086,38,0,38,double,145.161292694982,JUMPING,False,,0.4125998308697884,,,22.412174304897803,7.84426100671423,2.314775308227539,225.97198486328125,217.6644287109375,138.9685821533203,130.2419891357422,17.720169067382812,True
485,16.166666666666668,0.9302200675010681,11.504277121275663,38,0,38,double,145.161292694982,JUMPING,False,,0.4125998308697884,,,22.412174304897803,7.84426100671423,2.314775308227539,225.97198486328125,209.92437744140625,138.9685821533203,122.95826721191406,17.573657989501953,True
486,16.2,0.9289250373840332,12.742865364998579,38,0,38,double,145.161292694982,JUMPING,False,,0.4125998308697884,,,22.412174304897803,7.84426100671423,2.314775308227539,225.97198486328125,204.7089080810547,138.9685821533203,118.53013610839844,18.081432342529297,True
487,16.233333333333334,0.9283689856529236,11.795376893132925,38,0,38,double,145.161292694982,JUMPING,False,,0.4125998308697884,,,22.412174304897803,10.320693145751953,3.440231048583984,225.79052734375,201.7317657470703,138.9685821533203,116.0202407836914,17.530447006225586,True
488,16.266666666666666,0.9228599071502686,12.679820880293846,38,0,38,double,145.161292694982,JUMPING,False,,0.4125998308697884,,,22.412174304897803,7.84426100671423,2.4231605712890625,225.63357543945312,201.5057373046875,138.69773864746094,115.61568450927734,17.546293258666992,True
489,16.3,0.9197977185249329,11.821398977190256,38,0,38,double,145.161292694982,JUMPING,False,,0.4125998308697884,,,22.412174304897803,7.84426100671423,2.4231605712890625,225.50082397460938,203.85577392578125,138.3912811279297,117.74940490722656,16.034832000732422,True
490,16.333333333333332,0.9332255125045776,12.555550783872604,38,0,38,double,145.161292694982,JUMPING,False,,0.4125998308697884,,,22.412174304897803,7.986303973388672,2.6621013244628906,225.50082397460938,208.59066772460938,138.3912811279297,123.035400390625,14.88548469543457,True
491,16.366666666666667,0.9356961250305176,13.460833113640547,38,0,38,double,145.161292694982,JUMPING,False,,0.4125998308697884,,,22.412174304897803,7.986303973388672,2.6621013244628906,225.50082397460938,212.01351928710938,138.3912811279297,126.50807189941406,14.270791053771973,True
492,16.4,0.9336340427398682,12.50053383409977,38,0,38,double,145.161292694982,JUMPING,False,,0.4125998308697884,,,22.412174304897803,7.986303973388672,2.6621013244628906,225.50082397460938,214.2929229736328,138.3912811279297,128.55267333984375,13.714484214782715,True
493,16.433333333333334,0.9266982674598694,11.479903012514114,39,0,39,double,140.62507517523426,JUMPING,True,0.4666666666666668,0.4244945347451016,23.995086669921875,22.775596618652344,22.80790239615382,10.192015338134766,3.397338446044922,225.50082397460938,220.4809112548828,138.3912811279297,135.1654815673828,13.669360160827637,False
494,16.466666666666665,0.9328835606575012,12.927820906043053,39,0,39,double,140.62507517523426,JUMPING,False,,0.4244945347451016,,,22.80790239615382,11.554262677001953,3.851420892333984,225.50082397460938,222.43051147460938,138.3912811279297,137.36962890625,12.662781715393066,False
495,16.5,0.9140214323997498,11.73664815723896,39,0,39,double,140.62507517523426,JUMPING,False,,0.4244945347451016,,,22.80790239615382,11.34387174682617,3.7812905822753904,225.50082397460938,219.930908203125,138.3912811279297,134.35589599609375,15.29761028289795,False
496,16.533333333333335,0.9238855838775635,12.569769751280546,39,0,39,double,140.62507517523426,JUMPING,False,,0.4244945347451016,,,22.80790239615382,11.34387174682617,3.7812905822753904,225.50082397460938,215.05154418945312,138.3912811279297,128.48974609375,16.963855743408203,False
497,16.566666666666666,0.9224190711975098,11.411683168262243,39,0,39,double,140.62507517523426,JUMPING,False,,0.4244945347451016,,,22.80790239615382,11.34387174682617,3.7812905822753904,225.50082397460938,211.74539184570312,138.3912811279297,124.6544189453125,17.16313362121582,True
498,16.6,0.9301207661628723,12.561699841171503,39,0,39,double,140.62507517523426,JUMPING,False,,0.4244945347451016,,,22.80790239615382,11.34387174682617,3.7812905822753904,225.50082397460938,207.75015258789062,138.3912811279297,120.53060913085938,17.063758850097656,True
499,16.633333333333333,0.9302728176116943,11.470551136881113,39,0,39,double,140.62507517523426,JUMPING,False,,0.4244945347451016,,,22.80790239615382,11.34387174682617,3.7812905822753904,225.50082397460938,204.75436401367188,138.3912811279297,117.37635803222656,16.03189468383789,True
500,16.666666666666668,0.9250096082687378,12.764655984938145,39,0,39,double,140.62507517523426,JUMPING,False,,0.4244945347451016,,,22.80790239615382,11.117735430908203,3.705911810302734,225.50082397460938,203.79324340820312,138.3912811279297,116.10354614257812,15.232458114624023,True
501,16.7,0.917770266532898,11.445112992078066,39,0,39,double,140.62507517523426,JUMPING,False,,0.4244945347451016,,,22.80790239615382,10.278004147338866,3.4260013824462887,225.04368591308594,205.28237915039062,137.9221954345703,117.43193054199219,15.309415817260742,True
502,16.733333333333334,0.9153544306755066,12.56668521091342,39,0,39,double,140.62507517523426,JUMPING,False,,0.4244945347451016,,,22.80790239615382,8.051050085449218,2.683683361816406,224.19093322753906,209.06982421875,137.90341186523438,121.57852172851562,15.309234619140625,True
503,16.766666666666666,0.9156256914138794,11.284708976745605,39,0,39,double,140.62507517523426,JUMPING,False,,0.4244945347451016,,,22.80790239615382,10.278004147338866,3.4260013824462887,224.19093322753906,211.85214233398438,137.90341186523438,124.45683288574219,15.275601387023926,True
504,16.8,0.9327683448791504,12.673452030867338,40,0,40,double,142.85717772789593,JUMPING,True,0.36666666666666714,0.4117724037678461,20.397689819335938,21.79986572265625,22.20534925194935,10.278004147338866,3.4260013824462887,224.19093322753906,217.1690673828125,137.90341186523438,130.14508056640625,14.799196243286133,False
505,16.833333333333332,0.9272550940513611,11.393541935831308,40,0,40,double,142.85717772789593,JUMPING,False,,0.4117724037678461,,,22.20534925194935,11.117735430908203,3.705911810302734,224.37033081054688,222.8789825439453,137.90341186523438,135.7112579345703,14.53703498840332,False
506,16.866666666666667,0.9305256605148315,12.603397015482187,40,0,40,double,142.85717772789593,JUMPING,False,,0.4117724037678461,,,22.20534925194935,10.860753089904783,3.6202510299682613,225.07388305664062,224.63784790039062,138.12420654296875,137.9215850830078,14.68311595916748,False
507,16.9,0.9337623119354248,11.536883190274239,40,0,40,double,142.85717772789593,JUMPING,False,,0.4117724037678461,,,22.20534925194935,9.817790954589844,3.272596984863281,225.07388305664062,222.3818359375,138.12420654296875,135.1565704345703,15.419076919555664,False
508,16.933333333333334,0.9232736229896545,12.69561517983675,40,0,40,double,142.85717772789593,JUMPING,False,,0.4117724037678461,,,22.20534925194935,9.817790954589844,3.272596984863281,225.07388305664062,216.70980834960938,138.12420654296875,129.3255157470703,17.76044464111328,False
509,16.966666666666665,0.9206683039665222,11.345108039677143,40,0,40,double,142.85717772789593,JUMPING,False,,0.4117724037678461,,,22.20534925194935,9.817790954589844,3.272596984863281,225.07388305664062,213.23643493652344,138.12420654296875,125.68937683105469,18.042461395263672,True
510,17.0,0.9317218065261841,12.523129116743803,40,0,40,double,142.85717772789593,JUMPING,False,,0.4117724037678461,,,22.20534925194935,9.817790954589844,3.272596984863281,225.07388305664062,209.2035675048828,138.12420654296875,121.25596618652344,16.560333251953125,True
511,17.033333333333335,0.9311026334762573,12.087838258594275,40,0,40,double,142.85717772789593,JUMPING,False,,0.4117724037678461,,,22.20534925194935,9.817790954589844,3.272596984863281,225.07388305664062,205.89224243164062,138.12420654296875,117.45185852050781,15.55601978302002,True
512,17.066666666666666,0.9351344704627991,12.629675213247538,40,0,40,double,142.85717772789593,JUMPING,False,,0.4117724037678461,,,22.20534925194935,10.860753089904783,3.6202510299682613,225.07388305664062,204.05364990234375,138.12420654296875,115.8917236328125,14.246306419372559,True
513,17.1,0.9319869875907898,11.238886043429375,40,0,40,double,142.85717772789593,JUMPING,False,,0.4117724037678461,,,22.20534925194935,9.817790954589844,3.272596984863281,223.93429565429688,203.312255859375,137.7008056640625,115.34030151367188,14.056539535522461,True
514,17.133333333333333,0.9346775412559509,12.440599035471678,40,0,40,double,142.85717772789593,JUMPING,False,,0.4117724037678461,,,22.20534925194935,11.161374581909179,3.7204581939697263,222.69960021972656,204.6891632080078,136.70628356933594,116.51427459716797,13.41079044342041,True
515,17.166666666666668,0.9324274659156799,11.414194013923407,41,0,41,double,150.0000759959606,JUMPING,True,0.36666666666666714,0.4018491416055867,19.387344360351562,21.365982055664062,21.500848029049905,15.025984497070311,5.008661499023437,222.69960021972656,208.28851318359375,136.70628356933594,120.17581176757812,17.937891006469727,False
516,17.2,0.9386495351791382,12.598061934113503,41,0,41,double,150.0000759959606,JUMPING,False,,0.4018491416055867,,,21.500848029049905,11.161374581909179,3.7204581939697263,222.69960021972656,214.75238037109375,136.70628356933594,126.92388916015625,14.22714614868164,False
517,17.233333333333334,0.9377508759498596,11.354014277458191,41,0,41,double,150.0000759959606,JUMPING,False,,0.4018491416055867,,,21.500848029049905,7.525296810167466,2.4485884643554687,222.69960021972656,221.27056884765625,136.70628356933594,134.1674346923828,12.803976058959961,False
518,17.266666666666666,0.9363206624984741,12.642081826925278,41,0,41,double,150.0000759959606,JUMPING,False,,0.4018491416055867,,,21.500848029049905,9.817790954589844,3.272596984863281,223.93429565429688,225.3092803955078,137.7008056640625,138.3297119140625,12.592000961303711,False
519,17.3,0.9363744258880615,11.39507768675685,41,0,41,double,150.0000759959606,JUMPING,False,,0.4018491416055867,,,21.500848029049905,10.737810131835937,3.5792700439453125,225.04071044921875,227.7958984375,138.1664581298828,140.59951782226562,12.545177459716797,False
520,17.333333333333332,0.9360063672065735,12.633098755031824,41,0,41,double,150.0000759959606,JUMPING,False,,0.4018491416055867,,,21.500848029049905,10.809478784179687,3.6031595947265624,225.3424530029297,226.2577667236328,138.47860717773438,138.57786560058594,15.625601768493652,False
521,17.366666666666667,0.9259665012359619,11.447466909885406,41,0,41,double,150.0000759959606,JUMPING,False,,0.4018491416055867,,,21.500848029049905,10.737810131835937,3.5792700439453125,225.3424530029297,221.4665985107422,138.47860717773438,132.63320922851562,16.241090774536133,False
522,17.4,0.9271161556243896,12.608866207301617,41,0,41,double,150.0000759959606,JUMPING,False,,0.4018491416055867,,,21.500848029049905,10.737810131835937,3.5792700439453125,225.3424530029297,214.6271514892578,138.47860717773438,125.69072723388672,18.084163665771484,False
523,17.433333333333334,0.930217981338501,11.198378168046474,41,0,41,double,150.0000759959606,JUMPING,False,,0.4018491416055867,,,21.500848029049905,10.737810131835937,3.5792700439453125,225.3424530029297,208.61785888671875,138.47860717773438,119.98756408691406,18.62898826599121,True
524,17.466666666666665,0.928929328918457,12.543666176497936,41,0,41,double,150.0000759959606,JUMPING,False,,0.4018491416055867,,,21.500848029049905,10.666141479492188,3.5553804931640625,225.3424530029297,205.36276245117188,138.47860717773438,116.87957763671875,17.037078857421875,True
525,17.5,0.9271676540374756,11.429849080741405,41,0,41,double,150.0000759959606,JUMPING,False,,0.4018491416055867,,,21.500848029049905,9.244611405944823,3.0815371353149414,225.04071044921875,204.02761840820312,138.1664581298828,115.67044067382812,16.679502487182617,True
526,17.533333333333335,0.9189504384994507,12.618161737918854,41,0,41,double,150.0000759959606,JUMPING,False,,0.4018491416055867,,,21.500848029049905,8.671431857299805,2.8904772857666012,223.93429565429688,207.293701171875,137.7008056640625,118.37659454345703,16.405040740966797,True
527,17.566666666666666,0.9151245355606079,11.322584003210068,41,0,41,double,150.0000759959606,JUMPING,False,,0.4018491416055867,,,21.500848029049905,7.525296810167466,2.276814450073242,222.69960021972656,210.05612182617188,136.70628356933594,120.5978012084961,16.184650421142578,True
528,17.6,0.9380058646202087,12.38474203273654,42,0,42,double,147.5409513133734,JUMPING,True,0.43333333333333357,0.408775663785691,18.671981811523438,21.035842895507812,20.793631474668288,10.467763192749024,3.4892543975830077,222.69960021972656,214.5462646484375,136.70628356933594,125.92293548583984,15.22545337677002,False
529,17.633333333333333,0.9322689771652222,11.46392896771431,42,0,42,double,147.5409513133734,JUMPING,False,,0.408775663785691,,,20.793631474668288,7.642722010803222,2.547574003601074,222.69960021972656,220.5474853515625,136.70628356933594,133.26336669921875,14.756795883178711,False
530,17.666666666666668,0.9315252304077148,12.744995299726725,42,0,42,double,147.5409513133734,JUMPING,False,,0.408775663785691,,,20.793631474668288,8.671431857299805,2.8904772857666012,223.90501403808594,224.5890350341797,137.7008056640625,137.97897338867188,15.05359172821045,False
531,17.7,0.9357939958572388,11.437064036726952,42,0,42,double,147.5409513133734,JUMPING,False,,0.408775663785691,,,20.793631474668288,8.711847276306152,2.9039490921020508,224.55270385742188,224.49819946289062,137.95602416992188,137.99685668945312,15.837756156921387,False
532,17.733333333333334,0.9446447491645813,12.628661934286356,42,0,42,double,147.5409513133734,JUMPING,False,,0.408775663785691,,,20.793631474668288,8.671431857299805,2.8904772857666012,224.55270385742188,221.61871337890625,137.95602416992188,133.72186279296875,15.797760963439941,False
533,17.766666666666666,0.943305492401123,11.206081602722406,42,0,42,double,147.5409513133734,JUMPING,False,,0.408775663785691,,,20.793631474668288,8.934047245788573,2.9780157485961913,224.55270385742188,219.1260986328125,137.95602416992188,130.64404296875,16.209800720214844,False
534,17.8,0.9315873384475708,12.42862455546856,42,0,42,double,147.5409513133734,JUMPING,False,,0.408775663785691,,,20.793631474668288,8.934047245788573,2.9780157485961913,224.55270385742188,214.51296997070312,137.95602416992188,125.2576904296875,16.220956802368164,True
535,17.833333333333332,0.9346328973770142,11.445274110883474,42,0,42,double,147.5409513133734,JUMPING,False,,0.408775663785691,,,20.793631474668288,8.934047245788573,2.9780157485961913,224.55270385742188,209.31333923339844,137.95602416992188,120.35787963867188,16.490583419799805,True
536,17.866666666666667,0.9324683547019958,12.652915436774492,42,0,42,double,147.5409513133734,JUMPING,False,,0.408775663785691,,,20.793631474668288,8.934047245788573,2.9780157485961913,224.55270385742188,205.44293212890625,137.95602416992188,117.2993392944336,16.124330520629883,True
537,17.9,0.9281266927719116,11.317652184516191,42,0,42,double,147.5409513133734,JUMPING,False,,0.408775663785691,,,20.793631474668288,8.934047245788573,2.9780157485961913,224.55270385742188,204.75401306152344,137.95602416992188,116.53216552734375,15.451871871948242,True
538,17.933333333333334,0.9232285618782043,12.600763700902462,42,0,42,double,147.5409513133734,JUMPING,False,,0.408775663785691,,,20.793631474668288,9.196662634277343,3.065554211425781,224.55270385742188,207.1435089111328,137.95602416992188,118.503662109375,16.36963653564453,True
539,17.966666666666665,0.9208526611328125,11.292808223515749,42,0,42,double,147.5409513133734,JUMPING,False,,0.408775663785691,,,20.793631474668288,8.820164671325683,2.9400548904418944,224.55270385742188,209.11032104492188,137.95602416992188,119.97428894042969,16.849117279052734,True
540,18.0,0.935921311378479,12.455542106181383,42,0,42,double,147.5409513133734,JUMPING,False,,0.408775663785691,,,20.793631474668288,7.605971466064453,2.535323822021484,224.55270385742188,213.3260955810547,137.95602416992188,124.53718566894531,15.361791610717773,True
541,18.033333333333335,0.9331711530685425,11.479448061436415,43,0,43,double,145.161292694982,JUMPING,True,0.43333333333333357,0.4141783510861724,19.798690795898438,21.423858642578125,20.544896304975826,8.820164671325683,2.9400548904418944,224.55270385742188,220.057861328125,137.95602416992188,131.53704833984375,13.537247657775879,False
542,18.066666666666666,0.9310564994812012,12.611093930900097,43,0,43,double,145.161292694982,JUMPING,False,,0.4141783510861724,,,20.544896304975826,7.82308133239746,2.60769377746582,224.61831665039062,225.05075073242188,137.95602416992188,137.48704528808594,12.828948020935059,False
543,18.1,0.9359791278839111,11.303537990897894,43,0,43,double,145.161292694982,JUMPING,False,,0.4141783510861724,,,20.544896304975826,8.26395213317871,2.75465071105957,224.88558959960938,225.33468627929688,137.9897003173828,138.63128662109375,14.304692268371582,False
544,18.133333333333333,0.9342131018638611,12.880305293947458,43,0,43,double,145.161292694982,JUMPING,False,,0.4141783510861724,,,20.544896304975826,7.826203262329102,2.608734420776367,225.01705932617188,224.96653747558594,138.19656372070312,138.7454833984375,15.70699691772461,False
545,18.166666666666668,0.9245829582214355,11.282615829259157,43,0,43,double,145.161292694982,JUMPING,False,,0.4141783510861724,,,20.544896304975826,7.826203262329102,2.608734420776367,225.01705932617188,218.73269653320312,138.19656372070312,130.98388671875,16.862627029418945,False
546,18.2,0.9248512983322144,12.923433911055326,43,0,43,double,145.161292694982,JUMPING,False,,0.4141783510861724,,,20.544896304975826,7.826203262329102,2.608734420776367,225.01705932617188,214.4083709716797,138.19656372070312,125.88212585449219,17.76551055908203,True
547,18.233333333333334,0.9322580695152283,11.456710752099752,43,0,43,double,145.161292694982,JUMPING,False,,0.4141783510861724,,,20.544896304975826,7.826203262329102,2.608734420776367,225.01705932617188,209.21371459960938,138.19656372070312,120.77737426757812,16.808040618896484,True
548,18.266666666666666,0.9334153532981873,12.455032672733068,43,0,43,double,145.161292694982,JUMPING,False,,0.4141783510861724,,,20.544896304975826,7.826203262329102,2.608734420776367,225.01705932617188,205.63597106933594,138.19656372070312,117.32925415039062,15.706216812133789,True
549,18.3,0.9276160597801208,11.37220673263073,43,0,43,double,145.161292694982,JUMPING,False,,0.4141783510861724,,,20.544896304975826,7.826203262329102,2.608734420776367,225.01705932617188,204.12403869628906,138.19656372070312,116.06819152832031,14.57752799987793,True
550,18.333333333333332,0.9249566197395325,12.714194133877754,43,0,43,double,145.161292694982,JUMPING,False,,0.4141783510861724,,,20.544896304975826,8.619682475280761,2.873227491760254,225.01705932617188,205.65786743164062,138.19656372070312,117.71892547607422,14.600457191467285,True
551,18.366666666666667,0.9250707626342773,11.479592882096767,43,0,43,double,145.161292694982,JUMPING,False,,0.4141783510861724,,,20.544896304975826,9.413161688232421,3.1377205627441405,225.01705932617188,207.20046997070312,138.19656372070312,119.01730346679688,14.912672996520996,True
552,18.4,0.9260176420211792,13.040963094681501,43,0,43,double,145.161292694982,JUMPING,False,,0.4141783510861724,,,20.544896304975826,10.316790733337402,3.4389302444458005,225.01705932617188,208.52040100097656,138.19656372070312,120.1137466430664,14.438071250915527,True
553,18.433333333333334,0.9317929744720459,11.437318287789822,44,0,44,double,149.99999776482585,JUMPING,True,0.3999999999999986,0.41105911384721416,20.893020629882812,22.128372192382812,20.631927386202573,10.316790733337402,3.4389302444458005,225.01705932617188,216.055419921875,138.19656372070312,128.14405822753906,12.826492309570312,False
554,18.466666666666665,0.934481680393219,12.70613307133317,44,0,44,double,149.99999776482585,JUMPING,False,,0.41105911384721416,,,20.631927386202573,7.826203262329102,2.608734420776367,225.01705932617188,223.19680786132812,138.19656372070312,135.5077362060547,13.406588554382324,False
555,18.5,0.9333269596099854,11.853267904371023,44,0,44,double,149.99999776482585,JUMPING,False,,0.41105911384721416,,,20.631927386202573,7.2211745851709,2.0641160064697264,225.20587158203125,225.8392333984375,138.25094604492188,138.13279724121094,13.245426177978516,False
556,18.533333333333335,0.9389703273773193,12.54988880828023,44,0,44,double,149.99999776482585,JUMPING,False,,0.41105911384721416,,,20.631927386202573,7.2211745851709,1.9588300506591796,225.20587158203125,223.7225341796875,138.25094604492188,135.52284240722656,14.02804183959961,False
557,18.566666666666666,0.9405426383018494,11.480622924864292,44,0,44,double,149.99999776482585,JUMPING,False,,0.41105911384721416,,,20.631927386202573,7.2211745851709,1.9882169128417968,225.20587158203125,221.78231811523438,138.25094604492188,133.43040466308594,14.466849327087402,False
558,18.6,0.9280415773391724,12.745779007673264,44,0,44,double,149.99999776482585,JUMPING,False,,0.41105911384721416,,,20.631927386202573,7.2211745851709,1.9882169128417968,225.20587158203125,217.3353271484375,138.25094604492188,128.0555419921875,16.32267189025879,True
559,18.633333333333333,0.9394407868385315,11.4035839214921,44,0,44,double,149.99999776482585,JUMPING,False,,0.41105911384721416,,,20.631927386202573,7.2211745851709,1.9882169128417968,225.20587158203125,211.43589782714844,138.25094604492188,122.38638305664062,16.897289276123047,True
560,18.666666666666668,0.9454643726348877,12.660718988627195,44,0,44,double,149.99999776482585,JUMPING,False,,0.41105911384721416,,,20.631927386202573,7.2211745851709,1.9882169128417968,225.20587158203125,207.02590942382812,138.25094604492188,117.975341796875,15.853450775146484,True
561,18.7,0.9284696578979492,11.293406132608652,44,0,44,double,149.99999776482585,JUMPING,False,,0.41105911384721416,,,20.631927386202573,7.2211745851709,1.9882169128417968,225.20587158203125,205.01463317871094,138.25094604492188,116.27082061767578,14.444311141967773,True
562,18.733333333333334,0.9199284315109253,12.700379826128483,44,0,44,double,149.99999776482585,JUMPING,False,,0.41105911384721416,,,20.631927386202573,7.2211745851709,1.9588300506591796,225.20587158203125,205.27294921875,138.25094604492188,117.13453674316406,14.470155715942383,True
563,18.766666666666666,0.9190407991409302,13.705972116440535,44,0,44,double,149.99999776482585,JUMPING,False,,0.41105911384721416,,,20.631927386202573,8.620429023742675,2.8734763412475584,225.01705932617188,205.64437866210938,138.0784149169922,118.1405029296875,15.490412712097168,True
564,18.8,0.9275528192520142,12.420461978763342,44,0,44,double,149.99999776482585,JUMPING,False,,0.41105911384721416,,,20.631927386202573,8.629693011474608,2.876564337158203,224.81553649902344,208.77069091796875,137.9897003173828,121.35368347167969,14.63629150390625,True
565,18.833333333333332,0.9315240979194641,11.24789984896779,44,0,44,double,149.99999776482585,JUMPING,False,,0.41105911384721416,,,20.631927386202573,7.8714033782958985,2.6238011260986327,224.55270385742188,215.3236083984375,137.78219604492188,127.8929443359375,12.726966857910156,True
566,18.866666666666667,0.9270013570785522,12.3757254332304,45,0,45,double,145.1612298961488,JUMPING,True,0.43333333333333357,0.4159594421341604,19.538070678710938,21.511375427246094,20.358463209329663,7.8714033782958985,2.6238011260986327,224.55270385742188,222.26983642578125,137.78219604492188,134.92129516601562,12.817503929138184,False
567,18.9,0.9324663281440735,11.35930698364973,45,0,45,double,145.1612298961488,JUMPING,False,,0.4159594421341604,,,20.358463209329663,7.170530108642577,2.390176702880859,224.81553649902344,225.5570068359375,137.9897003173828,138.46066284179688,14.08872127532959,False
568,18.933333333333334,0.9347941875457764,12.568989768624306,45,0,45,double,145.1612298961488,JUMPING,False,,0.4159594421341604,,,20.358463209329663,7.125462123265382,2.2719731964111327,224.81553649902344,223.92742919921875,137.9897003173828,136.58480834960938,14.900370597839355,False
569,18.966666666666665,0.9354459047317505,11.159660760313272,45,0,45,double,145.1612298961488,JUMPING,False,,0.4159594421341604,,,20.358463209329663,7.125462123265382,2.2857051635742187,224.81553649902344,222.18084716796875,137.9897003173828,134.83529663085938,14.99816608428955,False
570,19.0,0.913786768913269,12.364749796688557,45,0,45,double,145.1612298961488,JUMPING,False,,0.4159594421341604,,,20.358463209329663,7.125462123265382,2.2857051635742187,224.81553649902344,218.25625610351562,137.9897003173828,129.74134826660156,16.073640823364258,False
571,19.033333333333335,0.9240235090255737,11.46993087604642,45,0,45,double,145.1612298961488,JUMPING,False,,0.4159594421341604,,,20.358463209329663,7.125462123265382,2.2857051635742187,224.81553649902344,213.18531799316406,137.9897003173828,123.80628967285156,16.873641967773438,True
572,19.066666666666666,0.9256570339202881,12.47152267023921,45,0,45,double,145.1612298961488,JUMPING,False,,0.4159594421341604,,,20.358463209329663,7.125462123265382,2.2857051635742187,224.81553649902344,210.03466796875,137.9897003173828,120.2530517578125,16.530200958251953,True
573,19.1,0.9280557036399841,12.561059091240168,45,0,45,double,145.1612298961488,JUMPING,False,,0.4159594421341604,,,20.358463209329663,7.125462123265382,2.2857051635742187,224.81553649902344,206.78152465820312,137.9897003173828,117.41622924804688,16.546072006225586,True
574,19.133333333333333,0.9268928170204163,12.513590045273304,45,0,45,double,145.1612298961488,JUMPING,False,,0.4159594421341604,,,20.358463209329663,7.125462123265382,2.2719731964111327,224.81553649902344,205.40121459960938,137.9897003173828,116.29808044433594,15.583982467651367,True
575,19.166666666666668,0.9186713695526123,11.336101684719324,45,0,45,double,145.1612298961488,JUMPING,False,,0.4159594421341604,,,20.358463209329663,7.125462123265382,2.2857051635742187,224.77920532226562,206.09902954101562,137.79293823242188,117.3310546875,15.644822120666504,True
576,19.2,0.9171346426010132,12.448903173208237,45,0,45,double,145.1612298961488,JUMPING,False,,0.4159594421341604,,,20.358463209329663,7.8714033782958985,2.6238011260986327,224.55088806152344,207.03707885742188,137.1261444091797,118.4132080078125,15.74914264678955,True
577,19.233333333333334,0.916426956653595,11.422657873481512,45,0,45,double,145.1612298961488,JUMPING,False,,0.4159594421341604,,,20.358463209329663,7.268667297363281,2.4228890991210936,224.55088806152344,210.86546325683594,137.1261444091797,121.6836166381836,15.568913459777832,True
578,19.266666666666666,0.9230051040649414,12.457030359655619,45,0,45,double,145.1612298961488,JUMPING,False,,0.4159594421341604,,,20.358463209329663,7.125462123265382,2.2857051635742187,224.55088806152344,216.62060546875,137.1261444091797,127.9280014038086,14.35433292388916,True
579,19.3,0.9212641716003418,12.081635184586048,46,0,46,double,140.6250064173949,JUMPING,True,0.43333333333333357,0.4197816981979785,19.149673461914062,20.82806396484375,20.05626577247576,7.125462123265382,2.1274595123291014,224.55088806152344,223.4283447265625,137.1261444091797,135.24998474121094,13.644230842590332,False
580,19.333333333333332,0.9210168719291687,12.510233093053102,46,0,46,double,140.6250064173949,JUMPING,False,,0.4197816981979785,,,20.05626577247576,7.019693020366516,2.2719731964111327,225.01705932617188,226.49679565429688,137.87449645996094,139.2491912841797,13.51798152923584,False
581,19.366666666666667,0.9256272912025452,11.360249016433954,46,0,46,double,140.6250064173949,JUMPING,False,,0.4197816981979785,,,20.05626577247576,7.019693020366516,2.086399346923828,225.01705932617188,224.86825561523438,138.11471557617188,138.08758544921875,14.18649959564209,False
582,19.4,0.9284179210662842,12.455104850232601,46,0,46,double,140.6250064173949,JUMPING,False,,0.4197816981979785,,,20.05626577247576,7.019693020366516,2.027806604003906,225.01705932617188,223.52105712890625,138.11471557617188,136.74960327148438,14.353297233581543,False
583,19.433333333333334,0.9391951560974121,11.194462422281504,46,0,46,double,140.6250064173949,JUMPING,False,,0.4197816981979785,,,20.05626577247576,7.019693020366516,2.1537696899414063,225.01705932617188,219.11788940429688,138.11471557617188,131.39425659179688,15.002248764038086,False
584,19.466666666666665,0.9227868318557739,12.593372259289026,46,0,46,double,140.6250064173949,JUMPING,False,,0.4197816981979785,,,20.05626577247576,7.019693020366516,2.1537696899414063,225.01705932617188,212.7353515625,138.11471557617188,125.08247375488281,16.63400650024414,True
585,19.5,0.9282745718955994,11.46389078348875,46,0,46,double,140.6250064173949,JUMPING,False,,0.4197816981979785,,,20.05626577247576,7.019693020366516,2.1537696899414063,225.01705932617188,207.09716796875,138.11471557617188,119.5181884765625,16.112716674804688,True
586,19.533333333333335,0.9260239005088806,13.542655855417252,46,0,46,double,140.6250064173949,JUMPING,False,,0.4197816981979785,,,20.05626577247576,7.019693020366516,2.027806604003906,225.01705932617188,203.33523559570312,138.11471557617188,116.0990219116211,15.920283317565918,True
587,19.566666666666666,0.9215786457061768,11.452293023467064,46,0,46,double,140.6250064173949,JUMPING,False,,0.4197816981979785,,,20.05626577247576,7.019693020366516,2.1537696899414063,224.92723083496094,202.94216918945312,138.11471557617188,115.43464660644531,15.530149459838867,True
588,19.6,0.9147032499313354,12.518859002739191,46,0,46,double,140.6250064173949,JUMPING,False,,0.4197816981979785,,,20.05626577247576,7.019693020366516,1.997356475830078,224.49192810058594,205.91543579101562,137.55238342285156,117.71640014648438,16.296436309814453,True
589,19.633333333333333,0.9337986707687378,11.4239901304245,46,0,46,double,140.6250064173949,JUMPING,False,,0.4197816981979785,,,20.05626577247576,7.019693020366516,2.1348118835449217,223.84547424316406,210.99087524414062,136.68368530273438,123.0418930053711,14.813045501708984,True
590,19.666666666666668,0.9260092973709106,12.384184170514345,47,0,47,double,145.16136596035605,JUMPING,True,0.36666666666666714,0.40809639126109004,20.903305053710938,21.249038696289062,20.268025592784554,7.019693020366516,2.1348118835449217,223.84547424316406,218.5887908935547,136.68368530273438,130.84402465820312,14.016074180603027,False
591,19.7,0.9235361814498901,11.272344272583723,47,0,47,double,145.16136596035605,JUMPING,False,,0.40809639126109004,,,20.268025592784554,7.093808957474593,1.997356475830078,224.49192810058594,225.3656005859375,137.16030883789062,137.43411254882812,14.791193008422852,False
592,19.733333333333334,0.9277850389480591,12.616924941539764,47,0,47,double,145.16136596035605,JUMPING,False,,0.40809639126109004,,,20.268025592784554,7.093808957474593,2.294889971923828,225.16665649414062,226.5590362548828,137.82620239257812,139.16690063476562,14.487927436828613,False
593,19.766666666666666,0.9293571710586548,11.234159115701914,47,0,47,double,145.16136596035605,JUMPING,False,,0.40809639126109004,,,20.268025592784554,7.248035412597655,2.4160118041992185,225.48043823242188,226.6975860595703,138.11471557617188,140.03121948242188,14.305656433105469,False
594,19.8,0.9321098327636719,14.282534830272198,47,0,47,double,145.16136596035605,JUMPING,False,,0.40809639126109004,,,20.268025592784554,7.093808957474593,2.3081807968139647,225.48043823242188,222.2664337158203,138.11471557617188,135.57904052734375,14.966638565063477,False
595,19.833333333333332,0.9213277697563171,11.829884257167578,47,0,47,double,145.16136596035605,JUMPING,False,,0.40809639126109004,,,20.268025592784554,7.093808957474593,2.3081807968139647,225.48043823242188,216.20269775390625,138.11471557617188,128.90414428710938,16.204627990722656,True
596,19.866666666666667,0.92933189868927,12.40022573620081,47,0,47,double,145.16136596035605,JUMPING,False,,0.40809639126109004,,,20.268025592784554,7.093808957474593,2.3081807968139647,225.48043823242188,209.55548095703125,138.11471557617188,122.20228576660156,16.858469009399414,True
597,19.9,0.9276788234710693,11.223796755075455,47,0,47,double,145.16136596035605,JUMPING,False,,0.40809639126109004,,,20.268025592784554,7.093808957474593,2.3081807968139647,225.48043823242188,205.14236450195312,138.11471557617188,117.63531494140625,18.15910530090332,True
598,19.933333333333334,0.9238607287406921,14.238134026527405,47,0,47,double,145.16136596035605,JUMPING,False,,0.40809639126109004,,,20.268025592784554,7.093808957474593,2.3081807968139647,225.48043823242188,202.95443725585938,138.11471557617188,115.55902862548828,17.78057289123535,True
599,19.966666666666665,0.9229000806808472,12.309186160564423,47,0,47,double,145.16136596035605,JUMPING,False,,0.40809639126109004,,,20.268025592784554,7.372641137695313,2.4575470458984374,225.48043823242188,202.247802734375,138.11471557617188,114.69113159179688,17.655487060546875,True
600,20.0,0.9175519943237305,12.85758800804615,47,0,47,double,145.16136596035605,JUMPING,False,,0.40809639126109004,,,20.268025592784554,7.093808957474593,2.3081807968139647,225.16665649414062,203.7340087890625,137.82620239257812,116.18946838378906,16.5342960357666,True
601,20.033333333333335,0.9090343713760376,12.524859979748726,47,0,47,double,145.16136596035605,JUMPING,False,,0.40809639126109004,,,20.268025592784554,7.372641137695313,2.4575470458984374,225.16665649414062,207.4744873046875,137.82620239257812,119.83531951904297,16.8245792388916,True
602,20.066666666666666,0.9250788688659668,13.132507912814617,47,0,47,double,145.16136596035605,JUMPING,False,,0.40809639126109004,,,20.268025592784554,7.245727899169921,2.4152426330566406,225.16665649414062,213.89578247070312,137.82620239257812,126.5408706665039,14.801458358764648,True
603,20.1,0.9245378375053406,11.98806194588542,48,0,48,double,145.1612298961488,JUMPING,True,0.43333333333333357,0.41364851851698364,22.918853759765625,23.13507080078125,20.93073263452982,7.372641137695313,2.4575470458984374,225.16665649414062,221.3901824951172,137.82620239257812,133.89862060546875,13.764850616455078,False
604,20.133333333333333,0.9251487255096436,12.411905452609062,48,0,48,double,145.1612298961488,JUMPING,False,,0.41364851851698364,,,20.93073263452982,8.947417250061035,2.9824724166870116,225.48043823242188,226.3221893310547,138.27371215820312,138.39779663085938,13.327393531799316,False
605,20.166666666666668,0.924759030342102,11.892060283571482,48,0,48,double,145.1612298961488,JUMPING,False,,0.41364851851698364,,,20.93073263452982,7.791862033081054,2.5972873443603515,225.48043823242188,224.57034301757812,138.27371215820312,137.2820281982422,13.971074104309082,False
606,20.2,0.9262508749961853,13.828677125275135,48,0,48,double,145.1612298961488,JUMPING,False,,0.41364851851698364,,,20.93073263452982,7.325756422085437,2.436779425048828,225.48043823242188,222.94586181640625,138.27371215820312,135.96578979492188,14.837709426879883,False
607,20.233333333333334,0.9118296504020691,11.432929895818233,48,0,48,double,145.1612298961488,JUMPING,False,,0.41364851851698364,,,20.93073263452982,7.325756422085437,2.436779425048828,225.48043823242188,218.11215209960938,138.27371215820312,130.68795776367188,17.37082862854004,True
608,20.266666666666666,0.9221712946891785,12.350772973150015,48,0,48,double,145.1612298961488,JUMPING,False,,0.41364851851698364,,,20.93073263452982,7.325756422085437,2.436779425048828,225.48043823242188,212.76768493652344,138.27371215820312,124.42301940917969,17.6014347076416,True
609,20.3,0.9268523454666138,11.47951791062951,48,0,48,double,145.1612298961488,JUMPING,False,,0.41364851851698364,,,20.93073263452982,7.325756422085437,2.436779425048828,225.48043823242188,207.46444702148438,138.27371215820312,118.85003662109375,17.806432723999023,True
610,20.333333333333332,0.924540102481842,12.376743368804455,48,0,48,double,145.1612298961488,JUMPING,False,,0.41364851851698364,,,20.93073263452982,7.325756422085437,2.436779425048828,225.48043823242188,204.14598083496094,138.27371215820312,115.62572479248047,16.55775260925293,True
611,20.366666666666667,0.9246416091918945,11.454863008111715,48,0,48,double,145.1612298961488,JUMPING,False,,0.41364851851698364,,,20.93073263452982,7.325756422085437,2.408455828857422,225.48043823242188,202.65884399414062,138.27371215820312,114.03133392333984,16.11226463317871,True
612,20.4,0.9196490049362183,12.488458305597305,48,0,48,double,145.1612298961488,JUMPING,False,,0.41364851851698364,,,20.93073263452982,7.325756422085437,2.4355238662719727,225.16665649414062,203.21087646484375,137.82620239257812,114.58598327636719,16.578052520751953,True
613,20.433333333333334,0.9202486276626587,11.184597853571177,48,0,48,double,145.1612298961488,JUMPING,False,,0.41364851851698364,,,20.93073263452982,7.791862033081054,2.5972873443603515,225.16665649414062,204.10409545898438,137.82620239257812,115.38307189941406,17.669483184814453,True
614,20.466666666666665,0.9301779270172119,12.551206164062023,48,0,48,double,145.1612298961488,JUMPING,False,,0.41364851851698364,,,20.93073263452982,7.50861475982666,2.5028715866088866,225.16665649414062,209.63699340820312,137.82620239257812,122.07733154296875,15.364677429199219,True
615,20.5,0.9297354221343994,11.398389004170895,49,0,49,double,145.1612298961488,JUMPING,True,0.3999999999999986,0.4106458444432469,22.5078125,23.79486846923828,21.325002600897367,7.50861475982666,2.5028715866088866,225.16665649414062,217.83944702148438,137.82620239257812,130.67218017578125,13.606009483337402,False
616,20.533333333333335,0.9221839904785156,13.072299771010876,49,0,49,double,145.1612298961488,JUMPING,False,,0.4106458444432469,,,21.325002600897367,7.463750910314078,2.408455828857422,225.16665649414062,224.43089294433594,137.83169555664062,137.4478759765625,14.266148567199707,False
617,20.566666666666666,0.923485279083252,11.47657260298729,49,0,49,double,145.1612298961488,JUMPING,False,,0.4106458444432469,,,21.325002600897367,7.50861475982666,2.5028715866088866,225.93955993652344,228.13623046875,138.27371215820312,141.2828826904297,14.26530933380127,False
618,20.6,0.920409083366394,12.811677064746618,49,0,49,double,145.1612298961488,JUMPING,False,,0.4106458444432469,,,21.325002600897367,7.463750910314078,2.288080545043945,226.3758087158203,226.4115447998047,138.8592529296875,140.19984436035156,14.676854133605957,False
619,20.633333333333333,0.9318071603775024,11.054431553930044,49,0,49,double,145.1612298961488,JUMPING,False,,0.4106458444432469,,,21.325002600897367,7.707332386779785,2.5691107955932617,226.3758087158203,222.66403198242188,138.8592529296875,135.25497436523438,16.474308013916016,False
620,20.666666666666668,0.9185225367546082,12.208072934299707,49,0,49,double,145.1612298961488,JUMPING,False,,0.4106458444432469,,,21.325002600897367,7.707332386779785,2.5691107955932617,226.3758087158203,216.257080078125,138.8592529296875,128.0315704345703,17.397884368896484,True
621,20.7,0.9240637421607971,11.409645900130272,49,0,49,double,145.1612298961488,JUMPING,False,,0.4106458444432469,,,21.325002600897367,7.707332386779785,2.5691107955932617,226.3758087158203,210.6050567626953,138.8592529296875,121.90382385253906,17.027690887451172,True
622,20.733333333333334,0.9205693006515503,12.475798837840557,49,0,49,double,145.1612298961488,JUMPING,False,,0.4106458444432469,,,21.325002600897367,7.707332386779785,2.5691107955932617,226.3758087158203,206.86509704589844,138.8592529296875,118.02578735351562,16.584020614624023,True
623,20.766666666666666,0.9189134240150452,11.45833870396018,49,0,49,double,145.1612298961488,JUMPING,False,,0.4106458444432469,,,21.325002600897367,7.707332386779785,2.5691107955932617,226.3758087158203,204.85568237304688,138.8592529296875,116.19012451171875,16.40521812438965,True
624,20.8,0.9202501177787781,12.356706894934177,49,0,49,double,145.1612298961488,JUMPING,False,,0.4106458444432469,,,21.325002600897367,7.463750910314078,2.414473461914062,226.3758087158203,205.25103759765625,138.8592529296875,116.10433959960938,16.25617218017578,True
625,20.833333333333332,0.914772629737854,11.076256167143583,49,0,49,double,145.1612298961488,JUMPING,False,,0.4106458444432469,,,21.325002600897367,7.707332386779785,2.5691107955932617,225.93955993652344,207.68121337890625,138.27371215820312,118.7286148071289,16.895095825195312,True
626,20.866666666666667,0.8948489427566528,12.418421916663647,49,0,49,double,145.1612298961488,JUMPING,False,,0.4106458444432469,,,21.325002600897367,8.189297286987305,2.7297657623291016,225.93955993652344,212.42361450195312,138.017822265625,123.85188293457031,15.76241397857666,True
627,20.9,0.9262129068374634,11.556301265954971,50,0,50,double,147.54101618808767,JUMPING,True,0.3999999999999986,0.4083037586657323,21.083877563476562,21.913482666015625,21.264721341542167,7.463750910314078,2.4616191284179685,225.93955993652344,219.27252197265625,138.017822265625,130.92648315429688,14.843134880065918,False
628,20.933333333333334,0.9217991232872009,12.484308797866106,50,0,50,double,147.54101618808767,JUMPING,False,,0.4083037586657323,,,21.264721341542167,7.942529086303711,2.6475096954345703,225.93955993652344,224.62582397460938,138.017822265625,136.461669921875,14.53632926940918,False
629,20.966666666666665,0.9240099191665649,11.494712438434362,50,0,50,double,147.54101618808767,JUMPING,False,,0.4083037586657323,,,21.264721341542167,7.442652469539758,2.420491094970703,226.3758087158203,227.96536254882812,138.8592529296875,139.55169677734375,14.560705184936523,False
630,21.0,0.9294054508209229,12.683795765042305,50,0,50,double,147.54101618808767,JUMPING,False,,0.4083037586657323,,,21.264721341542167,7.442652469539758,1.9748016632080077,226.5000457763672,226.7823944091797,139.05609130859375,138.88986206054688,16.456445693969727,False
631,21.033333333333335,0.9112331867218018,11.465667746961117,50,0,50,double,147.54101618808767,JUMPING,False,,0.4083037586657323,,,21.264721341542167,7.758199484252929,2.5860664947509764,226.5000457763672,222.08984375,139.05609130859375,133.83871459960938,18.61528968811035,False
632,21.066666666666666,0.9114617705345154,13.387980870902538,50,0,50,double,147.54101618808767,JUMPING,False,,0.4083037586657323,,,21.264721341542167,7.758199484252929,2.5860664947509764,226.5000457763672,218.49856567382812,139.05609130859375,130.31289672851562,19.438243865966797,True
633,21.1,0.9177007675170898,11.70626888051629,50,0,50,double,147.54101618808767,JUMPING,False,,0.4083037586657323,,,21.264721341542167,7.758199484252929,2.5860664947509764,226.5000457763672,213.8773193359375,139.05609130859375,124.90068817138672,18.289531707763672,True
634,21.133333333333333,0.9292820692062378,12.695095036178827,50,0,50,double,147.54101618808767,JUMPING,False,,0.4083037586657323,,,21.264721341542167,7.758199484252929,2.5860664947509764,226.5000457763672,208.9866485595703,139.05609130859375,120.14337158203125,16.690937042236328,True
635,21.166666666666668,0.9279341101646423,11.458066292107105,50,0,50,double,147.54101618808767,JUMPING,False,,0.4083037586657323,,,21.264721341542167,7.758199484252929,2.5860664947509764,226.5000457763672,205.89761352539062,139.05609130859375,117.32826232910156,15.444960594177246,True
636,21.2,0.9212359189987183,12.541044037789106,50,0,50,double,147.54101618808767,JUMPING,False,,0.4083037586657323,,,21.264721341542167,8.725658422851561,2.908552807617187,226.5000457763672,205.32766723632812,139.05609130859375,116.41439819335938,14.673295021057129,True
637,21.233333333333334,0.9153470396995544,11.566408909857273,50,0,50,double,147.54101618808767,JUMPING,False,,0.4083037586657323,,,21.264721341542167,8.97022091217041,2.9900736373901364,226.3758087158203,207.70281982421875,138.6930389404297,118.46726989746094,14.999099731445312,True
638,21.266666666666666,0.9356281161308289,12.920245062559843,50,0,50,double,147.54101618808767,JUMPING,False,,0.4083037586657323,,,21.264721341542167,8.47889022216797,2.8262967407226562,225.64364624023438,211.83853149414062,138.017822265625,123.1306381225586,14.030905723571777,True
639,21.3,0.9348468780517578,11.528612114489079,50,0,50,double,147.54101618808767,JUMPING,False,,0.4083037586657323,,,21.264721341542167,8.334093754577637,2.7780312515258787,225.64364624023438,214.95924377441406,138.017822265625,126.36502075195312,13.944799423217773,True
640,21.333333333333332,0.9232237339019775,12.868672143667936,51,0,51,double,147.54088643871617,JUMPING,True,0.43333333333333357,0.4138102650926046,20.31597900390625,21.603424072265625,21.027535757133187,8.47889022216797,2.8262967407226562,225.64364624023438,220.49818420410156,138.017822265625,132.1220703125,13.55528736114502,False
641,21.366666666666667,0.9187326431274414,11.215520091354847,51,0,51,double,147.54088643871617,JUMPING,False,,0.4138102650926046,,,21.027535757133187,8.334093754577637,2.7780312515258787,226.00257873535156,225.52316284179688,138.017822265625,136.75698852539062,13.379058837890625,False
642,21.4,0.9257623553276062,12.40883395075798,51,0,51,double,147.54088643871617,JUMPING,False,,0.4138102650926046,,,21.027535757133187,7.942529086303711,2.6475096954345703,226.00257873535156,224.95858764648438,138.017822265625,136.8195343017578,14.886789321899414,False
643,21.433333333333334,0.9359855651855469,11.398770846426487,51,0,51,double,147.54088643871617,JUMPING,False,,0.4138102650926046,,,21.027535757133187,8.334093754577637,2.7780312515258787,226.00257873535156,221.79891967773438,138.017822265625,132.8006591796875,16.8535099029541,False
644,21.466666666666665,0.9346058964729309,12.688062619417906,51,0,51,double,147.54088643871617,JUMPING,False,,0.4138102650926046,,,21.027535757133187,8.334093754577637,2.7780312515258787,226.00257873535156,219.77723693847656,138.017822265625,129.98199462890625,17.58856964111328,False
645,21.5,0.9203836917877197,11.40413898974657,51,0,51,double,147.54088643871617,JUMPING,False,,0.4138102650926046,,,21.027535757133187,8.334093754577637,2.7780312515258787,226.00257873535156,215.45364379882812,138.017822265625,124.61151123046875,17.093355178833008,True
646,21.533333333333335,0.9250742197036743,12.470142915844917,51,0,51,double,147.54088643871617,JUMPING,False,,0.4138102650926046,,,21.027535757133187,8.334093754577637,2.7780312515258787,226.00257873535156,210.21932983398438,138.017822265625,119.30583190917969,17.41990852355957,True
647,21.566666666666666,0.9235602617263794,11.423435062170029,51,0,51,double,147.54088643871617,JUMPING,False,,0.4138102650926046,,,21.027535757133187,8.334093754577637,2.7780312515258787,226.00257873535156,207.2889404296875,138.017822265625,116.35580444335938,16.851835250854492,True
648,21.6,0.9214592576026917,12.58298521861434,51,0,51,double,147.54088643871617,JUMPING,False,,0.4138102650926046,,,21.027535757133187,7.942529086303711,2.6475096954345703,226.00257873535156,206.27279663085938,138.017822265625,115.62798309326172,16.140178680419922,True
649,21.633333333333333,0.9122788906097412,11.744112707674503,51,0,51,double,147.54088643871617,JUMPING,False,,0.4138102650926046,,,21.027535757133187,8.47889022216797,2.8262967407226562,225.29733276367188,207.7951202392578,137.38153076171875,117.4720230102539,18.994367599487305,True
650,21.666666666666668,0.9343641400337219,12.518467847257853,51,0,51,double,147.54088643871617,JUMPING,False,,0.4138102650926046,,,21.027535757133187,9.200802584838867,3.0669341949462887,225.29733276367188,212.2822265625,137.196533203125,122.21527099609375,14.742698669433594,True
651,21.7,0.922728955745697,11.395907029509544,52,0,52,double,147.54088643871617,JUMPING,True,0.36666666666666714,0.4034386734388984,19.0245361328125,21.56855010986328,20.526785851053013,10.435763410949708,3.4785878036499023,225.29733276367188,220.73016357421875,137.196533203125,129.9251708984375,13.426385879516602,False
652,21.733333333333334,0.915698766708374,12.614003848284483,52,0,52,double,147.54088643871617,JUMPING,False,,0.4034386734388984,,,20.526785851053013,10.742628762817382,3.580876254272461,226.0561981201172,227.565185546875,137.196533203125,136.78628540039062,12.789999961853027,False
653,21.766666666666666,0.9192479848861694,13.753309845924377,52,0,52,double,147.54088643871617,JUMPING,False,,0.4034386734388984,,,20.526785851053013,10.899675411987303,3.6332251373291014,226.63404846191406,231.581787109375,138.3130645751953,140.67041015625,13.3639497756958,False
654,21.8,0.9247111082077026,12.539280112832785,52,0,52,double,147.54088643871617,JUMPING,False,,0.4034386734388984,,,20.526785851053013,7.99682351989746,2.66560783996582,227.2520751953125,231.37728881835938,139.28695678710938,140.44483947753906,12.03011703491211,False
655,21.833333333333332,0.9366812705993652,11.73588540405035,52,0,52,double,147.54088643871617,JUMPING,False,,0.4034386734388984,,,20.526785851053013,7.671056918334961,2.5570189727783204,227.48931884765625,227.3755340576172,139.28695678710938,135.62277221679688,14.454370498657227,False
656,21.866666666666667,0.9251229763031006,12.449443340301514,52,0,52,double,147.54088643871617,JUMPING,False,,0.4034386734388984,,,20.526785851053013,7.671056918334961,2.5570189727783204,227.48931884765625,220.64645385742188,139.28695678710938,128.39401245117188,18.160146713256836,False
657,21.9,0.928905725479126,11.399934999644756,52,0,52,double,147.54088643871617,JUMPING,False,,0.4034386734388984,,,20.526785851053013,7.671056918334961,2.5570189727783204,227.48931884765625,213.44802856445312,139.28695678710938,121.89574432373047,17.83675193786621,True
658,21.933333333333334,0.9265590310096741,12.258000206202269,52,0,52,double,147.54088643871617,JUMPING,False,,0.4034386734388984,,,20.526785851053013,7.671056918334961,2.5570189727783204,227.48931884765625,208.04220581054688,139.28695678710938,117.17355346679688,15.892166137695312,True
659,21.966666666666665,0.9242271184921265,11.503028217703104,52,0,52,double,147.54088643871617,JUMPING,False,,0.4034386734388984,,,20.526785851053013,7.671056918334961,2.5570189727783204,227.48931884765625,204.8179931640625,139.28695678710938,114.65777587890625,16.100162506103516,True
660,22.0,0.9165005087852478,13.342184945940971,52,0,52,double,147.54088643871617,JUMPING,False,,0.4034386734388984,,,20.526785851053013,7.671056918334961,2.5570189727783204,227.48931884765625,203.72845458984375,139.28695678710938,113.85684204101562,15.583457946777344,True
661,22.033333333333335,0.9178479313850403,11.310327798128128,52,0,52,double,147.54088643871617,JUMPING,False,,0.4034386734388984,,,20.526785851053013,7.184375047868554,2.355586624145508,227.48931884765625,205.85072326660156,139.28695678710938,115.90275573730469,14.79418659210205,True
662,22.066666666666666,0.9372900724411011,12.364917900413275,52,0,52,double,147.54088643871617,JUMPING,False,,0.4034386734388984,,,20.526785851053013,7.184375047868554,2.303690194702148,227.13827514648438,210.41741943359375,138.0617218017578,120.3726806640625,13.632630348205566,True
663,22.1,0.9279366135597229,11.467576958239079,52,0,52,double,147.54088643871617,JUMPING,False,,0.4034386734388984,,,20.526785851053013,7.426799835205078,2.4755999450683595,227.13827514648438,217.642578125,136.8062286376953,128.07061767578125,11.588329315185547,True
664,22.133333333333333,0.9282487630844116,12.54174392670393,53,0,53,double,147.54101618808767,JUMPING,True,0.43333333333333357,0.41001549861567416,23.409820556640625,22.949386596679688,21.247544527449918,7.426799835205078,2.4755999450683595,227.13827514648438,222.4080810546875,136.8062286376953,132.56991577148438,11.151020050048828,False
665,22.166666666666668,0.924515426158905,11.594744864851236,53,0,53,double,147.54101618808767,JUMPING,False,,0.41001549861567416,,,21.247544527449918,7.436640584607471,2.4456927612304686,227.13827514648438,226.31576538085938,137.05807495117188,137.21710205078125,13.203960418701172,False
666,22.2,0.9224751591682434,18.00493709743023,53,0,53,double,147.54101618808767,JUMPING,False,,0.41001549861567416,,,21.247544527449918,7.814190618896483,2.604730206298828,227.48931884765625,228.68838500976562,138.2207489013672,139.52073669433594,13.658230781555176,False
667,22.233333333333334,0.9338763952255249,11.737072840332985,53,0,53,double,147.54101618808767,JUMPING,False,,0.41001549861567416,,,21.247544527449918,7.436640584607471,2.334072454833984,227.48931884765625,226.53289794921875,138.2207489013672,137.13821411132812,14.313775062561035,False
668,22.266666666666666,0.9238302111625671,12.517782859504223,53,0,53,double,147.54101618808767,JUMPING,False,,0.41001549861567416,,,21.247544527449918,7.436640584607471,2.4755999450683595,227.48931884765625,221.7250518798828,138.2207489013672,131.1497802734375,17.11831283569336,False
669,22.3,0.9205268621444702,11.430670972913504,53,0,53,double,147.54101618808767,JUMPING,False,,0.41001549861567416,,,21.247544527449918,7.436640584607471,2.4755999450683595,227.48931884765625,215.57131958007812,138.2207489013672,124.6651611328125,17.201171875,True
670,22.333333333333332,0.9240151047706604,13.621055986732244,53,0,53,double,147.54101618808767,JUMPING,False,,0.41001549861567416,,,21.247544527449918,7.436640584607471,2.4755999450683595,227.48931884765625,209.44944763183594,138.2207489013672,118.82290649414062,16.00367546081543,True
671,22.366666666666667,0.9249737858772278,11.865923181176186,53,0,53,double,147.54101618808767,JUMPING,False,,0.41001549861567416,,,21.247544527449918,7.436640584607471,2.4755999450683595,227.48931884765625,205.67062377929688,138.2207489013672,115.61153411865234,15.621196746826172,True
672,22.4,0.9261829257011414,13.562066946178675,53,0,53,double,147.54101618808767,JUMPING,False,,0.41001549861567416,,,21.247544527449918,7.436640584607471,2.4755999450683595,227.48931884765625,203.68707275390625,138.2207489013672,113.90594482421875,14.249993324279785,True
673,22.433333333333334,0.9277176856994629,11.956400703638792,53,0,53,double,147.54101618808767,JUMPING,False,,0.41001549861567416,,,21.247544527449918,7.436640584607471,2.334072454833984,227.48931884765625,202.48269653320312,138.2207489013672,112.98382568359375,14.319586753845215,True
674,22.466666666666665,0.9186818599700928,12.530339881777763,53,0,53,double,147.54101618808767,JUMPING,False,,0.41001549861567416,,,21.247544527449918,8.294696356201172,2.7648987854003906,227.13827514648438,206.36192321777344,137.185546875,116.437744140625,15.650171279907227,True
675,22.5,0.9342638254165649,11.244211811572313,53,0,53,double,147.54101618808767,JUMPING,False,,0.41001549861567416,,,21.247544527449918,10.552937585449218,3.517645861816406,227.03848266601562,212.72817993164062,137.0107421875,122.50938415527344,14.434418678283691,True
676,22.533333333333335,0.9336552023887634,12.468931265175343,54,0,54,double,147.54101618808767,JUMPING,True,0.40000000000000213,0.4078120889202263,24.5557861328125,24.02691650390625,22.074604928790563,8.294696356201172,2.7648987854003906,227.03848266601562,220.59300231933594,137.0107421875,130.26962280273438,14.213454246520996,False
677,22.566666666666666,0.932671070098877,11.499383021146059,54,0,54,double,147.54101618808767,JUMPING,False,,0.4078120889202263,,,22.074604928790563,7.726111725076697,2.012151708984375,227.03848266601562,225.9061279296875,137.0107421875,134.8301544189453,12.789118766784668,False
678,22.6,0.9252809882164001,12.721438892185688,54,0,54,double,147.54101618808767,JUMPING,False,,0.4078120889202263,,,22.074604928790563,8.294696356201172,2.7648987854003906,227.48931884765625,231.14443969726562,137.185546875,138.56631469726562,13.431541442871094,False
679,22.633333333333333,0.9346966743469238,11.34876487776637,54,0,54,double,147.54101618808767,JUMPING,False,,0.4078120889202263,,,22.074604928790563,8.238976693725586,2.746325564575195,228.23910522460938,230.80770874023438,137.8359375,138.24850463867188,14.607189178466797,False
680,22.666666666666668,0.9397134780883789,12.453729752451181,54,0,54,double,147.54101618808767,JUMPING,False,,0.4078120889202263,,,22.074604928790563,7.726111725076697,2.3463791931152342,228.23910522460938,226.00650024414062,137.8359375,133.41549682617188,15.162946701049805,False
681,22.7,0.9196339845657349,11.320115067064762,54,0,54,double,147.54101618808767,JUMPING,False,,0.4078120889202263,,,22.074604928790563,7.726111725076697,2.3463791931152342,228.23910522460938,219.48895263671875,137.8359375,126.7951889038086,16.60800552368164,True
682,22.733333333333334,0.9221577048301697,12.679229024797678,54,0,54,double,147.54101618808767,JUMPING,False,,0.4078120889202263,,,22.074604928790563,7.726111725076697,2.3463791931152342,228.23910522460938,212.85040283203125,137.8359375,120.56036376953125,19.4013671875,True
683,22.766666666666666,0.9208536148071289,11.413231026381254,54,0,54,double,147.54101618808767,JUMPING,False,,0.4078120889202263,,,22.074604928790563,7.726111725076697,2.3463791931152342,228.23910522460938,208.68045043945312,137.8359375,116.79754638671875,19.783540725708008,True
684,22.8,0.9255284667015076,12.603234965354204,54,0,54,double,147.54101618808767,JUMPING,False,,0.4078120889202263,,,22.074604928790563,7.726111725076697,2.3463791931152342,228.23910522460938,206.29556274414062,137.8359375,114.94964599609375,18.525358200073242,True
685,22.833333333333332,0.9304181337356567,11.423463001847267,54,0,54,double,147.54101618808767,JUMPING,False,,0.4078120889202263,,,22.074604928790563,7.726111725076697,2.3463791931152342,228.23910522460938,205.98760986328125,137.8359375,114.77165222167969,17.165971755981445,True
686,22.866666666666667,0.9190013408660889,12.704635970294476,54,0,54,double,147.54101618808767,JUMPING,False,,0.4078120889202263,,,22.074604928790563,7.726111725076697,2.1785415252685545,228.23910522460938,208.18588256835938,137.8359375,117.11087036132812,16.963449478149414,True
687,22.9,0.933119535446167,11.317332275211811,54,0,54,double,147.54101618808767,JUMPING,False,,0.4078120889202263,,,22.074604928790563,7.726111725076697,2.2447354888916013,228.23910522460938,212.87802124023438,137.8359375,122.02193450927734,14.616045951843262,True
688,22.933333333333334,0.9212907552719116,12.748773209750652,55,0,55,double,147.54101618808767,JUMPING,True,0.3999999999999986,0.4060934293577762,22.251495361328125,23.064285278320312,22.118827536924954,7.726111725076697,2.2447354888916013,228.23910522460938,220.7195281982422,137.8359375,129.35153198242188,13.836899757385254,False
689,22.966666666666665,0.9254075288772583,11.224205140024424,55,0,55,double,147.54101618808767,JUMPING,False,,0.4060934293577762,,,22.118827536924954,7.741589637923734,2.1785415252685545,228.23910522460938,225.804443359375,137.8359375,133.68817138671875,13.916460990905762,False
690,23.0,0.918800950050354,14.282076619565487,55,0,55,double,147.54101618808767,JUMPING,False,,0.4060934293577762,,,22.118827536924954,7.741589637923734,2.4597188232421874,229.78109741210938,230.50958251953125,137.92428588867188,137.43795776367188,12.746112823486328,False
691,23.033333333333335,0.9317602515220642,11.74349058419466,55,0,55,double,147.54101618808767,JUMPING,False,,0.4060934293577762,,,22.118827536924954,9.92468312072754,3.3082277069091797,230.4532928466797,230.36886596679688,138.00274658203125,137.6341094970703,13.527765274047852,False
692,23.066666666666666,0.930221438407898,12.853526044636965,55,0,55,double,147.54101618808767,JUMPING,False,,0.4060934293577762,,,22.118827536924954,9.58717534790039,3.1957251159667965,230.4532928466797,229.15126037597656,138.00274658203125,136.94216918945312,13.834900856018066,False
693,23.1,0.9402369260787964,11.41241705045104,55,0,55,double,147.54101618808767,JUMPING,False,,0.4060934293577762,,,22.118827536924954,9.92468312072754,3.3082277069091797,230.4532928466797,224.62179565429688,138.00274658203125,132.08206176757812,14.583279609680176,False
694,23.133333333333333,0.916812002658844,12.541912961751223,55,0,55,double,147.54101618808767,JUMPING,False,,0.4060934293577762,,,22.118827536924954,9.92468312072754,3.3082277069091797,230.4532928466797,218.36935424804688,138.00274658203125,126.22750854492188,17.56220245361328,True
695,23.166666666666668,0.9227187037467957,11.450460646301508,55,0,55,double,147.54101618808767,JUMPING,False,,0.4060934293577762,,,22.118827536924954,9.92468312072754,3.3082277069091797,230.4532928466797,212.87681579589844,138.00274658203125,120.76249694824219,17.698083877563477,True
696,23.2,0.9240065217018127,12.492259033024311,55,0,55,double,147.54101618808767,JUMPING,False,,0.4060934293577762,,,22.118827536924954,9.92468312072754,3.3082277069091797,230.4532928466797,208.84620666503906,138.00274658203125,117.03026580810547,16.8219051361084,True
697,23.233333333333334,0.9198431372642517,11.413501109927893,55,0,55,double,147.54101618808767,JUMPING,False,,0.4060934293577762,,,22.118827536924954,10.552937585449218,3.517645861816406,230.4532928466797,207.65878295898438,138.00274658203125,116.01610565185547,14.678522109985352,True
698,23.266666666666666,0.9203860759735107,12.778832577168941,55,0,55,double,147.54101618808767,JUMPING,False,,0.4060934293577762,,,22.118827536924954,9.681376190185546,3.2271253967285154,229.88182067871094,207.26034545898438,137.55564880371094,115.89186096191406,13.577569007873535,True
699,23.3,0.9163469672203064,11.453884188085794,55,0,55,double,147.54101618808767,JUMPING,False,,0.4060934293577762,,,22.118827536924954,7.741589637923734,2.329299069213867,228.9661102294922,209.52804565429688,137.349609375,118.06460571289062,14.173815727233887,True
700,23.333333333333332,0.9263555407524109,12.6108736731112,55,0,55,double,147.54101618808767,JUMPING,False,,0.4060934293577762,,,22.118827536924954,7.807471682739257,2.6024905609130857,228.9661102294922,213.95773315429688,137.349609375,123.098388671875,14.213542938232422,True
701,23.366666666666667,0.9194434285163879,11.324514169245958,55,0,55,double,147.54101618808767,JUMPING,False,,0.4060934293577762,,,22.118827536924954,7.807471682739257,2.6024905609130857,228.9661102294922,220.9817657470703,137.349609375,130.7008056640625,13.559666633605957,True
702,23.4,0.9191111326217651,13.714526779949665,56,0,56,double,145.16136596035605,JUMPING,True,0.466666666666665,0.41941954156573175,21.705764770507812,21.457748413085938,22.01556184532067,8.3092201171875,2.7697400390625,228.9661102294922,226.82022094726562,137.349609375,136.80784606933594,15.205087661743164,False
703,23.433333333333334,0.9246044158935547,11.534107849001884,56,0,56,double,145.16136596035605,JUMPING,False,,0.41941954156573175,,,22.01556184532067,7.705446645862233,2.405616682434082,228.9661102294922,228.28028869628906,137.55564880371094,138.44100952148438,15.701223373413086,False
704,23.466666666666665,0.9226001501083374,12.763602193444967,56,0,56,double,145.16136596035605,JUMPING,False,,0.41941954156573175,,,22.01556184532067,9.289573983764647,3.0965246612548825,229.03224182128906,228.85369873046875,138.00274658203125,138.98971557617188,14.900593757629395,False
705,23.5,0.9362710118293762,12.172020971775055,56,0,56,double,145.16136596035605,JUMPING,False,,0.41941954156573175,,,22.01556184532067,7.705446645862233,2.405616682434082,229.03224182128906,225.14271545410156,138.00274658203125,134.8659210205078,16.32674789428711,False
706,23.533333333333335,0.9243833422660828,13.259091880172491,56,0,56,double,145.16136596035605,JUMPING,False,,0.41941954156573175,,,22.01556184532067,7.705446645862233,2.405616682434082,229.03224182128906,216.9254150390625,138.00274658203125,126.01304626464844,16.956018447875977,True
707,23.566666666666666,0.9237010478973389,11.54045108705759,56,0,56,double,145.16136596035605,JUMPING,False,,0.41941954156573175,,,22.01556184532067,7.705446645862233,2.405616682434082,229.03224182128906,211.51205444335938,138.00274658203125,120.49022674560547,17.50004768371582,True
708,23.6,0.9224570393562317,12.40579318255186,56,0,56,double,145.16136596035605,JUMPING,False,,0.41941954156573175,,,22.01556184532067,7.705446645862233,2.405616682434082,229.03224182128906,207.20877075195312,138.00274658203125,116.62312316894531,15.260252952575684,True
709,23.633333333333333,0.9191728234291077,11.326839216053486,56,0,56,double,145.16136596035605,JUMPING,False,,0.41941954156573175,,,22.01556184532067,7.705446645862233,2.405616682434082,229.03224182128906,205.51612854003906,138.00274658203125,115.12278747558594,14.240751266479492,True
710,23.666666666666668,0.9171579480171204,12.503522913902998,56,0,56,double,145.16136596035605,JUMPING,False,,0.41941954156573175,,,22.01556184532067,9.915453067016601,3.305151022338867,229.03224182128906,207.19772338867188,138.00274658203125,116.65542602539062,14.6888427734375,True
711,23.7,0.7830849289894104,11.338565032929182,56,0,56,double,145.16136596035605,JUMPING,False,,0.41941954156573175,,,22.01556184532067,7.705446645862233,2.5129726135253905,229.03224182128906,211.51739501953125,137.55564880371094,121.12258911132812,14.463541984558105,True
712,23.733333333333334,0.9259459972381592,12.864680029451847,57,0,57,double,147.54101618808767,JUMPING,True,0.3333333333333357,0.40048057575460466,23.51611328125,22.432861328125,22.390699704303003,10.11335627746582,3.3711187591552734,229.03224182128906,218.96841430664062,137.55564880371094,127.95167541503906,13.885025978088379,False
713,23.766666666666666,0.9240211844444275,12.089347001165152,57,0,57,double,147.54101618808767,JUMPING,False,,0.40048057575460466,,,22.390699704303003,9.236670845031737,3.078890281677246,229.03224182128906,223.95816040039062,137.55564880371094,132.3284912109375,13.735685348510742,False
714,23.8,0.9283486008644104,12.566978111863136,57,0,57,double,147.54101618808767,JUMPING,False,,0.40048057575460466,,,22.390699704303003,10.11335627746582,3.3711187591552734,229.04190063476562,228.87786865234375,137.55564880371094,137.095947265625,13.969951629638672,False
715,23.833333333333332,0.9226378798484802,11.240481864660978,57,0,57,double,147.54101618808767,JUMPING,False,,0.40048057575460466,,,22.390699704303003,9.30328332824707,3.1010944427490235,229.4404296875,229.63320922851562,138.00274658203125,138.9194793701172,14.68233585357666,False
716,23.866666666666667,0.933281421661377,12.465435080230236,57,0,57,double,147.54101618808767,JUMPING,False,,0.40048057575460466,,,22.390699704303003,9.915453067016601,3.305151022338867,229.4404296875,226.74691772460938,138.00274658203125,136.10336303710938,15.07540512084961,False
717,23.9,0.9257133603096008,11.232050135731697,57,0,57,double,147.54101618808767,JUMPING,False,,0.40048057575460466,,,22.390699704303003,9.915453067016601,3.305151022338867,229.4404296875,220.55813598632812,138.00274658203125,130.12451171875,16.749813079833984,False
718,23.933333333333334,0.9269658923149109,12.415674980729818,57,0,57,double,147.54101618808767,JUMPING,False,,0.40048057575460466,,,22.390699704303003,9.915453067016601,3.305151022338867,229.4404296875,214.29013061523438,138.00274658203125,123.49072265625,16.96013069152832,True
719,23.966666666666665,0.9241924285888672,11.518372222781181,57,0,57,double,147.54101618808767,JUMPING,False,,0.40048057575460466,,,22.390699704303003,9.915453067016601,3.305151022338867,229.4404296875,210.26222229003906,138.00274658203125,119.6229248046875,17.063819885253906,True
720,24.0,0.9250006079673767,12.452058959752321,57,0,57,double,147.54101618808767,JUMPING,False,,0.40048057575460466,,,22.390699704303003,9.915453067016601,3.305151022338867,229.4404296875,206.49099731445312,138.00274658203125,116.63563537597656,15.140082359313965,True
721,24.033333333333335,0.9229245781898499,11.609569191932678,57,0,57,double,147.54101618808767,JUMPING,False,,0.40048057575460466,,,22.390699704303003,9.915453067016601,3.305151022338867,229.4404296875,204.80538940429688,138.00274658203125,115.18646240234375,14.641051292419434,True
722,24.066666666666666,0.9168340563774109,12.44958583265543,57,0,57,double,147.54101618808767,JUMPING,False,,0.40048057575460466,,,22.390699704303003,8.367790237426757,2.7892634124755857,229.4404296875,206.27777099609375,138.00274658203125,116.32350158691406,15.953234672546387,True
723,24.1,0.9152414798736572,11.258911341428757,57,0,57,double,147.54101618808767,JUMPING,False,,0.40048057575460466,,,22.390699704303003,9.289573983764647,3.0965246612548825,229.04190063476562,207.33071899414062,137.55564880371094,117.32405090332031,16.456119537353516,True
724,24.133333333333333,0.9031398892402649,12.288241647183895,57,0,57,double,147.54101618808767,JUMPING,False,,0.40048057575460466,,,22.390699704303003,7.83674489650605,2.480995454406738,228.86819458007812,210.71636962890625,137.3011474609375,121.23124694824219,17.333770751953125,True
725,24.166666666666668,0.9244595766067505,11.235543992370367,57,0,57,double,147.54101618808767,JUMPING,False,,0.40048057575460466,,,22.390699704303003,7.83674489650605,2.2733758026123048,228.86819458007812,219.67385864257812,137.3011474609375,130.40286254882812,16.627214431762695,True
726,24.2,0.9236050248146057,12.550538871437311,58,0,58,double,145.1612298961488,JUMPING,True,0.466666666666665,0.41504151575525794,24.06280517578125,22.11468505859375,22.808726072172565,8.514792416381836,2.8382641387939453,228.86819458007812,225.32339477539062,137.3011474609375,136.04747009277344,16.365209579467773,False
727,24.233333333333334,0.926726758480072,11.378048453480005,58,0,58,double,145.1612298961488,JUMPING,False,,0.41504151575525794,,,22.808726072172565,7.983054125260397,2.288600866699219,228.86819458007812,228.08956909179688,137.55564880371094,138.94346618652344,14.860915184020996,False
728,24.266666666666666,0.9319854974746704,12.547634076327085,58,0,58,double,145.1612298961488,JUMPING,False,,0.41504151575525794,,,22.808726072172565,7.983054125260397,2.480995454406738,228.86819458007812,226.236083984375,137.55564880371094,136.8372344970703,15.294913291931152,False
729,24.3,0.9364755749702454,11.36972801759839,58,0,58,double,145.1612298961488,JUMPING,False,,0.41504151575525794,,,22.808726072172565,7.983054125260397,2.480995454406738,228.86819458007812,221.62265014648438,137.55564880371094,130.70867919921875,17.702781677246094,False
730,24.333333333333332,0.9251182079315186,12.560824863612652,58,0,58,double,145.1612298961488,JUMPING,False,,0.41504151575525794,,,22.808726072172565,7.983054125260397,2.480995454406738,228.86819458007812,215.78103637695312,137.55564880371094,124.30281066894531,17.752805709838867,True
731,24.366666666666667,0.9256325364112854,11.668897233903408,58,0,58,double,145.1612298961488,JUMPING,False,,0.41504151575525794,,,22.808726072172565,7.983054125260397,2.480995454406738,228.86819458007812,211.79542541503906,137.55564880371094,120.32698059082031,18.363719940185547,True
732,24.4,0.9206303954124451,12.714020907878876,58,0,58,double,145.1612298961488,JUMPING,False,,0.41504151575525794,,,22.808726072172565,7.983054125260397,2.480995454406738,228.86819458007812,207.4385986328125,137.55564880371094,116.99201965332031,17.472585678100586,True
733,24.433333333333334,0.9228165149688721,11.486585717648268,58,0,58,double,145.1612298961488,JUMPING,False,,0.41504151575525794,,,22.808726072172565,7.983054125260397,2.480995454406738,228.86819458007812,204.810546875,137.55564880371094,115.26712036132812,17.465147018432617,True
734,24.466666666666665,0.9198073148727417,13.439829926937819,58,0,58,double,145.1612298961488,JUMPING,False,,0.41504151575525794,,,22.808726072172565,7.983054125260397,2.288600866699219,228.86819458007812,204.14529418945312,137.55564880371094,114.84864807128906,15.67934799194336,True
735,24.5,0.9119492173194885,11.282749008387327,58,0,58,double,145.1612298961488,JUMPING,False,,0.41504151575525794,,,22.808726072172565,7.983054125260397,2.312365992736816,228.62432861328125,208.1409912109375,137.41883850097656,118.8585205078125,17.06610107421875,True
736,24.533333333333335,0.9240769147872925,12.61972775682807,58,0,58,double,145.1612298961488,JUMPING,False,,0.41504151575525794,,,22.808726072172565,7.983054125260397,2.487069644165039,228.20399475097656,215.37606811523438,137.03443908691406,125.49864959716797,15.868167877197266,True
737,24.566666666666666,0.925491213798523,11.429707985371351,59,0,59,double,147.54088643871617,JUMPING,True,0.36666666666666714,0.404399048955768,23.436538696289062,22.143814086914062,22.96567922820169,7.983054125260397,2.3783902862548825,227.5818328857422,220.32818603515625,136.99246215820312,129.79290771484375,15.096111297607422,False
738,24.6,0.9198834896087646,12.643075082451105,59,0,59,double,147.54088643871617,JUMPING,False,,0.404399048955768,,,22.96567922820169,8.037987729870592,2.2733758026123048,227.5818328857422,226.35931396484375,136.99246215820312,135.3997802734375,14.686864852905273,False
739,24.633333333333333,0.9192104935646057,11.416323017328978,59,0,59,double,147.54088643871617,JUMPING,False,,0.404399048955768,,,22.96567922820169,8.037987729870592,2.219194482421875,228.20399475097656,229.76329040527344,137.90298461914062,139.037841796875,15.378625869750977,False
740,24.666666666666668,0.9279939532279968,12.96079671010375,59,0,59,double,147.54088643871617,JUMPING,False,,0.404399048955768,,,22.96567922820169,8.037987729870592,2.0917835449218747,228.62432861328125,228.94091796875,138.1825408935547,137.7948455810547,14.043909072875977,False
741,24.7,0.9451417922973633,11.388400103896856,59,0,59,double,147.54088643871617,JUMPING,False,,0.404399048955768,,,22.96567922820169,8.037987729870592,2.487069644165039,228.62432861328125,225.08651733398438,138.1825408935547,132.65097045898438,17.148178100585938,False
742,24.733333333333334,0.9145999550819397,12.724172789603472,59,0,59,double,147.54088643871617,JUMPING,False,,0.404399048955768,,,22.96567922820169,8.037987729870592,2.487069644165039,228.62432861328125,218.95526123046875,138.1825408935547,126.49735260009766,18.858259201049805,True
743,24.766666666666666,0.9179778695106506,11.478291358798742,59,0,59,double,147.54088643871617,JUMPING,False,,0.404399048955768,,,22.96567922820169,8.037987729870592,2.487069644165039,228.62432861328125,214.74276733398438,138.1825408935547,122.76858520507812,19.688899993896484,True
744,24.8,0.922008752822876,12.517909985035658,59,0,59,double,147.54088643871617,JUMPING,False,,0.404399048955768,,,22.96567922820169,8.037987729870592,2.487069644165039,228.62432861328125,210.53713989257812,138.1825408935547,119.15046691894531,18.990198135375977,True
745,24.833333333333332,0.9208045601844788,11.52141997590661,59,0,59,double,147.54088643871617,JUMPING,False,,0.404399048955768,,,22.96567922820169,8.037987729870592,2.487069644165039,228.62432861328125,207.84384155273438,138.1825408935547,117.43415832519531,17.7766056060791,True
746,24.866666666666667,0.9200297594070435,12.533820234239101,59,0,59,double,147.54088643871617,JUMPING,False,,0.404399048955768,,,22.96567922820169,8.037987729870592,2.487069644165039,228.62432861328125,207.8439483642578,138.1825408935547,118.06655883789062,16.239267349243164,True
747,24.9,0.4996824264526367,11.679076123982668,59,0,59,double,147.54088643871617,JUMPING,False,,0.404399048955768,,,22.96567922820169,8.037987729870592,2.210778845214844,228.62432861328125,210.59234619140625,138.1825408935547,121.39439392089844,15.696048736572266,True
748,24.933333333333334,0.9301114082336426,12.42730813100934,59,0,59,double,147.54088643871617,JUMPING,False,,0.404399048955768,,,22.96567922820169,8.037987729870592,2.461709619140625,228.5480499267578,217.17156982421875,137.51528930664062,127.50643157958984,14.541646957397461,True
749,24.966666666666665,0.9331876635551453,13.920367695391178,60,0,60,double,147.54088643871617,JUMPING,True,0.3999999999999986,0.40343125818549874,19.708663940429688,19.558303833007812,22.15142540625869,9.187839788818358,3.062613262939453,227.55250549316406,221.5772705078125,136.99246215820312,131.37596130371094,13.976070404052734,False
750,25.0,0.9325969219207764,13.03159398958087,60,0,60,double,147.54088643871617,JUMPING,False,,0.40343125818549874,,,22.15142540625869,7.889388409423828,2.629796136474609,227.86346435546875,227.52432250976562,137.0587615966797,137.00299072265625,13.338921546936035,False
751,25.033333333333335,0.9322185516357422,11.83827593922615,60,0,60,double,147.54088643871617,JUMPING,False,,0.40343125818549874,,,22.15142540625869,7.752998892190541,2.1002444274902343,228.5625457763672,229.24862670898438,137.51528930664062,140.09527587890625,14.21424388885498,False
752,25.066666666666666,0.9308221936225891,13.158492743968964,60,0,60,double,147.54088643871617,JUMPING,False,,0.40343125818549874,,,22.15142540625869,7.752998892190541,2.2376093444824217,228.9156951904297,230.06161499023438,138.46961975097656,141.5762939453125,14.830368995666504,False
753,25.1,0.9366603493690491,13.749247882515192,60,0,60,double,147.54088643871617,JUMPING,False,,0.40343125818549874,,,22.15142540625869,7.752998892190541,2.1741753479003907,228.9156951904297,227.82577514648438,138.93386840820312,139.31558227539062,14.617488861083984,False
754,25.133333333333333,0.9426693320274353,12.957782950252295,60,0,60,double,147.54088643871617,JUMPING,False,,0.40343125818549874,,,22.15142540625869,7.752998892190541,2.2331979217529296,228.9156951904297,223.44366455078125,138.93386840820312,133.63409423828125,15.698787689208984,False
755,25.166666666666668,0.9300412535667419,11.553646996617317,60,0,60,double,147.54088643871617,JUMPING,False,,0.40343125818549874,,,22.15142540625869,7.752998892190541,2.2331979217529296,228.9156951904297,217.01519775390625,138.93386840820312,126.6307373046875,17.9094181060791,True
756,25.2,0.9259147644042969,13.03711486980319,60,0,60,double,147.54088643871617,JUMPING,False,,0.40343125818549874,,,22.15142540625869,7.752998892190541,2.2331979217529296,228.9156951904297,212.9284210205078,138.93386840820312,122.47288513183594,18.802400588989258,True
757,25.233333333333334,0.9325289726257324,11.699429713189602,60,0,60,double,147.54088643871617,JUMPING,False,,0.40343125818549874,,,22.15142540625869,7.752998892190541,2.2331979217529296,228.9156951904297,208.88470458984375,138.93386840820312,118.82044982910156,17.40552520751953,True
758,25.266666666666666,0.9416053295135498,12.831781059503555,60,0,60,double,147.54088643871617,JUMPING,False,,0.40343125818549874,,,22.15142540625869,7.752998892190541,2.1741753479003907,228.9156951904297,206.015625,138.93386840820312,116.80967712402344,16.92566680908203,True
759,25.3,0.9210662841796875,11.542131192982197,60,0,60,double,147.54088643871617,JUMPING,False,,0.40343125818549874,,,22.15142540625869,7.752998892190541,2.2331979217529296,228.60037231445312,205.78717041015625,138.93386840820312,116.55050659179688,15.833589553833008,True
760,25.333333333333332,0.9164984226226807,12.729442212730646,60,0,60,double,147.54088643871617,JUMPING,False,,0.40343125818549874,,,22.15142540625869,7.752998892190541,2.1002444274902343,227.9840545654297,207.89178466796875,138.4840087890625,119.15958404541016,16.71637535095215,True
761,25.366666666666667,0.9315178394317627,11.336554307490587,60,0,60,double,147.54088643871617,JUMPING,False,,0.40343125818549874,,,22.15142540625869,7.752998892190541,2.2331979217529296,227.9840545654297,213.24606323242188,138.4840087890625,124.40689086914062,14.246123313903809,True
762,25.4,0.4468955099582672,12.5839919783175,60,0,60,double,147.54088643871617,JUMPING,False,,0.40343125818549874,,,22.15142540625869,7.752998892190541,2.2331979217529296,227.9840545654297,216.893310546875,138.4840087890625,128.30299377441406,14.095098495483398,True
763,25.433333333333334,0.939975380897522,11.454621329903603,61,0,61,double,147.54101618808767,JUMPING,True,0.46666666666666856,0.4173430480513561,22.196884155273438,21.933502197265625,22.162790093512378,7.752998892190541,2.5564534057617188,227.9840545654297,222.99069213867188,138.4840087890625,134.36050415039062,13.88158130645752,False
764,25.466666666666665,0.9309746026992798,12.693951837718487,61,0,61,double,147.54101618808767,JUMPING,False,,0.4173430480513561,,,22.162790093512378,8.045009829711914,2.6816699432373046,227.9840545654297,226.86572265625,139.00009155273438,139.12112426757812,15.464927673339844,False
765,25.5,0.9251311421394348,11.385528836399317,61,0,61,double,147.54101618808767,JUMPING,False,,0.4173430480513561,,,22.162790093512378,7.756976532729332,2.299233526611328,227.9840545654297,226.87420654296875,139.0878143310547,139.40696716308594,15.470610618591309,False
766,25.533333333333335,0.9342920184135437,12.435687240213156,61,0,61,double,147.54101618808767,JUMPING,False,,0.4173430480513561,,,22.162790093512378,7.756976532729332,2.468541668701172,227.9840545654297,223.17495727539062,139.0878143310547,135.6210479736328,16.769004821777344,False
767,25.566666666666666,0.9197655916213989,11.183314956724644,61,0,61,double,147.54101618808767,JUMPING,False,,0.4173430480513561,,,22.162790093512378,7.756976532729332,2.468541668701172,227.9840545654297,217.23060607910156,139.0878143310547,129.19342041015625,18.191070556640625,True
768,25.6,0.918701708316803,12.358194682747126,61,0,61,double,147.54101618808767,JUMPING,False,,0.4173430480513561,,,22.162790093512378,7.756976532729332,2.468541668701172,227.9840545654297,211.27349853515625,139.0878143310547,123.41471862792969,18.785486221313477,True
769,25.633333333333333,0.9243981242179871,11.1807850189507,61,0,61,double,147.54101618808767,JUMPING,False,,0.4173430480513561,,,22.162790093512378,7.756976532729332,2.468541668701172,227.9840545654297,207.30645751953125,139.0878143310547,119.47795104980469,17.94582176208496,True
770,25.666666666666668,0.9291275143623352,12.86733103916049,61,0,61,double,147.54101618808767,JUMPING,False,,0.4173430480513561,,,22.162790093512378,7.756976532729332,2.468541668701172,227.9840545654297,205.8978271484375,139.0878143310547,117.46560668945312,16.512292861938477,True
771,25.7,0.9166131615638733,12.025059200823307,61,0,61,double,147.54101618808767,JUMPING,False,,0.4173430480513561,,,22.162790093512378,7.951284063720703,2.6504280212402342,227.9840545654297,206.82766723632812,139.0878143310547,118.53853607177734,15.553033828735352,True
772,25.733333333333334,0.6595034599304199,13.912991620600224,61,0,61,double,147.54101618808767,JUMPING,False,,0.4173430480513561,,,22.162790093512378,8.571801571655273,2.8572671905517577,227.7052001953125,211.01405334472656,139.0878143310547,122.35102844238281,13.80954360961914,True
773,25.766666666666666,0.9339867830276489,12.271941639482975,61,0,61,double,147.54101618808767,JUMPING,False,,0.4173430480513561,,,22.162790093512378,9.192319079589844,3.064106359863281,227.7052001953125,214.1654052734375,139.0878143310547,125.26651763916016,13.488977432250977,True
774,25.8,0.9264033436775208,13.126754201948643,62,0,62,double,145.16136596035605,JUMPING,True,0.36666666666666714,0.4061942441467245,21.807373046875,21.622207641601562,22.073935831853035,9.192319079589844,3.064106359863281,227.7052001953125,220.2557373046875,139.0878143310547,131.1962890625,12.870455741882324,False
775,25.833333333333332,0.9234063029289246,12.412738986313343,62,0,62,double,145.16136596035605,JUMPING,False,,0.4061942441467245,,,22.073935831853035,8.571801571655273,2.8572671905517577,227.7052001953125,226.36476135253906,139.0878143310547,136.8083038330078,13.31653118133545,False
776,25.866666666666667,0.9258742332458496,12.806414160877466,62,0,62,double,145.16136596035605,JUMPING,False,,0.4061942441467245,,,22.073935831853035,7.951284063720703,2.6504280212402342,227.74853515625,227.6326904296875,139.0878143310547,138.16201782226562,13.230792045593262,False
777,25.9,0.9330477118492126,11.840343941003084,62,0,62,double,145.16136596035605,JUMPING,False,,0.4061942441467245,,,22.073935831853035,8.571801571655273,2.8572671905517577,227.74853515625,224.12045288085938,139.0878143310547,135.05328369140625,14.67187786102295,False
778,25.933333333333334,0.912865161895752,12.47530896216631,62,0,62,double,145.16136596035605,JUMPING,False,,0.4061942441467245,,,22.073935831853035,8.571801571655273,2.8572671905517577,227.74853515625,219.14175415039062,139.0878143310547,129.19068908691406,16.481176376342773,True
779,25.966666666666665,0.91371750831604,11.465212795883417,62,0,62,double,145.16136596035605,JUMPING,False,,0.4061942441467245,,,22.073935831853035,8.571801571655273,2.8572671905517577,227.74853515625,215.75,139.0878143310547,125.43348693847656,17.346471786499023,True
780,26.0,0.9187805652618408,12.923147063702345,62,0,62,double,145.16136596035605,JUMPING,False,,0.4061942441467245,,,22.073935831853035,8.571801571655273,2.8572671905517577,227.74853515625,211.74188232421875,139.0878143310547,121.53471374511719,17.604747772216797,True
781,26.033333333333335,0.919163167476654,11.236372869461775,62,0,62,double,145.16136596035605,JUMPING,False,,0.4061942441467245,,,22.073935831853035,8.571801571655273,2.8572671905517577,227.74853515625,207.87217712402344,139.0878143310547,118.48612976074219,17.006027221679688,True
782,26.066666666666666,0.9207536578178406,13.20889126509428,62,0,62,double,145.16136596035605,JUMPING,False,,0.4061942441467245,,,22.073935831853035,8.571801571655273,2.8572671905517577,227.74853515625,207.18899536132812,139.0878143310547,117.4554214477539,16.016809463500977,True
783,26.1,0.9128233790397644,11.495708953589201,62,0,62,double,145.16136596035605,JUMPING,False,,0.4061942441467245,,,22.073935831853035,9.192319079589844,3.064106359863281,227.74853515625,208.40069580078125,139.0878143310547,118.68138122558594,16.30669403076172,True
784,26.133333333333333,0.9115431904792786,12.615077197551727,62,0,62,double,145.16136596035605,JUMPING,False,,0.4061942441467245,,,22.073935831853035,8.571801571655273,2.8572671905517577,227.58934020996094,209.3038330078125,138.73748779296875,119.8319091796875,16.506336212158203,True
785,26.166666666666668,0.9272714853286743,11.292369104921818,62,0,62,double,145.16136596035605,JUMPING,False,,0.4061942441467245,,,22.073935831853035,8.947858392333984,2.982619464111328,227.2642822265625,216.690185546875,138.73748779296875,128.06552124023438,15.079264640808105,True
786,26.2,0.9245843887329102,12.583333067595959,63,0,63,double,149.99999776482585,JUMPING,True,0.3999999999999986,0.4048315104344448,20.075286865234375,21.282066345214844,21.57427359019837,11.404545776367186,3.8015152587890624,227.2642822265625,221.84298706054688,138.73748779296875,133.234130859375,14.18531608581543,False
787,26.233333333333334,0.9218964576721191,11.713054031133652,63,0,63,double,149.99999776482585,JUMPING,False,,0.4048315104344448,,,21.57427359019837,10.598680645751951,3.532893548583984,227.4254913330078,227.27725219726562,138.73748779296875,138.1285400390625,14.647483825683594,False
788,26.266666666666666,0.9251222610473633,12.604108545929193,63,0,63,double,149.99999776482585,JUMPING,False,,0.4048315104344448,,,21.57427359019837,7.550995756569429,2.4018952514648437,227.58934020996094,228.4942626953125,139.23779296875,139.37313842773438,14.577853202819824,False
789,26.3,0.9375182390213013,11.506236158311367,63,0,63,double,149.99999776482585,JUMPING,False,,0.4048315104344448,,,21.57427359019837,7.633356221008301,2.5444520736694334,227.58934020996094,225.0618438720703,139.23779296875,136.06849670410156,14.988663673400879,False
790,26.333333333333332,0.9170665740966797,12.706834822893143,63,0,63,double,149.99999776482585,JUMPING,False,,0.4048315104344448,,,21.57427359019837,7.633356221008301,2.5444520736694334,227.58934020996094,219.02676391601562,139.23779296875,129.6148681640625,16.98076820373535,True
791,26.366666666666667,0.9195407629013062,11.649338994175196,63,0,63,double,149.99999776482585,JUMPING,False,,0.4048315104344448,,,21.57427359019837,7.633356221008301,2.5444520736694334,227.58934020996094,214.92227172851562,139.23779296875,125.44340515136719,17.71152687072754,True
792,26.4,0.9257314205169678,12.948998715728521,63,0,63,double,149.99999776482585,JUMPING,False,,0.4048315104344448,,,21.57427359019837,7.633356221008301,2.5444520736694334,227.58934020996094,210.51541137695312,139.23779296875,120.8883056640625,18.624771118164062,True
793,26.433333333333334,0.9247506856918335,12.40214379504323,63,0,63,double,149.99999776482585,JUMPING,False,,0.4048315104344448,,,21.57427359019837,7.633356221008301,2.5444520736694334,227.58934020996094,206.59796142578125,139.23779296875,117.3272933959961,18.35037612915039,True
794,26.466666666666665,0.9229141473770142,13.111960142850876,63,0,63,double,149.99999776482585,JUMPING,False,,0.4048315104344448,,,21.57427359019837,7.633356221008301,2.5444520736694334,227.58934020996094,204.14242553710938,139.23779296875,115.4305648803711,17.868194580078125,True
795,26.5,0.9182887673377991,12.142646126449108,63,0,63,double,149.99999776482585,JUMPING,False,,0.4048315104344448,,,21.57427359019837,8.023292056274414,2.6744306854248046,227.49050903320312,205.23580932617188,139.23779296875,116.52254486083984,15.292977333068848,True
796,26.533333333333335,0.9182191491127014,12.678242288529873,63,0,63,double,149.99999776482585,JUMPING,False,,0.4048315104344448,,,21.57427359019837,7.633356221008301,2.5444520736694334,227.11602783203125,208.80560302734375,138.73748779296875,120.0936279296875,14.858540534973145,True
797,26.566666666666666,0.91701740026474,12.25909823551774,63,0,63,double,149.99999776482585,JUMPING,False,,0.4048315104344448,,,21.57427359019837,7.550995756569429,2.1660990509033202,226.87081909179688,211.53952026367188,138.14862060546875,122.6715087890625,15.281189918518066,True
798,26.6,0.9290510416030884,12.936728075146675,63,0,63,double,149.99999776482585,JUMPING,False,,0.4048315104344448,,,21.57427359019837,7.810865084838866,2.603621694946289,226.66534423828125,216.3826446533203,137.60044860839844,128.17092895507812,14.73231029510498,True
799,26.633333333333333,0.9228641390800476,11.509268078953028,64,0,64,double,145.16136596035605,JUMPING,True,0.43333333333333357,0.4111019114722004,22.522918701171875,22.169883728027344,21.811434867941745,7.810865084838866,2.603621694946289,226.66534423828125,223.075439453125,137.60044860839844,134.54129028320312,14.176997184753418,False
800,26.666666666666668,0.9230911135673523,12.801820877939463,64,0,64,double,145.16136596035605,JUMPING,False,,0.4111019114722004,,,21.811434867941745,7.634002203779611,2.3396376342773437,226.66534423828125,226.05462646484375,138.14862060546875,138.19369506835938,13.43041706085205,False
801,26.7,0.9320890307426453,11.540295090526342,64,0,64,double,145.16136596035605,JUMPING,False,,0.4111019114722004,,,21.811434867941745,7.634002203779611,2.3401353332519528,226.66534423828125,225.35055541992188,138.14862060546875,136.6898193359375,14.642292022705078,False
802,26.733333333333334,0.9216562509536743,12.744672130793333,64,0,64,double,145.16136596035605,JUMPING,False,,0.4111019114722004,,,21.811434867941745,8.56956192626953,2.8565206420898437,226.66534423828125,221.2167510986328,138.14862060546875,131.1333465576172,16.95874786376953,False
803,26.766666666666666,0.9210773706436157,11.645924765616655,64,0,64,double,145.16136596035605,JUMPING,False,,0.4111019114722004,,,21.811434867941745,8.56956192626953,2.8565206420898437,226.66534423828125,218.66317749023438,138.14862060546875,127.50901794433594,17.905115127563477,False
804,26.8,0.9176956415176392,13.051555026322603,64,0,64,double,145.16136596035605,JUMPING,False,,0.4111019114722004,,,21.811434867941745,8.56956192626953,2.8565206420898437,226.66534423828125,214.05551147460938,138.14862060546875,122.43914794921875,16.919034957885742,True
805,26.833333333333332,0.9243848323822021,11.562281753867865,64,0,64,double,145.16136596035605,JUMPING,False,,0.4111019114722004,,,21.811434867941745,8.56956192626953,2.8565206420898437,226.66534423828125,209.099853515625,138.14862060546875,117.95272827148438,16.057973861694336,True
806,26.866666666666667,0.9235361814498901,13.093214016407728,64,0,64,double,145.16136596035605,JUMPING,False,,0.4111019114722004,,,21.811434867941745,8.56956192626953,2.8565206420898437,226.66534423828125,205.95947265625,138.14862060546875,115.19200134277344,14.244112968444824,True
807,26.9,0.9194544553756714,11.829528026282787,64,0,64,double,145.16136596035605,JUMPING,False,,0.4111019114722004,,,21.811434867941745,8.56956192626953,2.8565206420898437,226.66534423828125,205.66162109375,138.14862060546875,114.64006805419922,15.291206359863281,True
808,26.933333333333334,0.9165868759155273,12.904385570436716,64,0,64,double,145.16136596035605,JUMPING,False,,0.4111019114722004,,,21.811434867941745,7.634002203779611,2.3401353332519528,226.66534423828125,208.07806396484375,138.14862060546875,117.20966339111328,17.64313507080078,True
809,26.966666666666665,0.9163814187049866,11.760637164115906,64,0,64,double,145.16136596035605,JUMPING,False,,0.4111019114722004,,,21.811434867941745,9.123093676757811,3.0410312255859373,226.24070739746094,209.90093994140625,137.60044860839844,119.02190399169922,17.338098526000977,True
810,27.0,0.9339473247528076,12.810765765607357,64,0,64,double,145.16136596035605,JUMPING,False,,0.4111019114722004,,,21.811434867941745,8.83512957458496,2.94504319152832,225.7729949951172,214.62298583984375,136.7609100341797,123.6545181274414,15.159549713134766,True
811,27.033333333333335,0.9224860668182373,11.506486684083939,65,0,65,double,145.16136596035605,JUMPING,True,0.40000000000000213,0.4086594909483168,20.111373901367188,22.12084197998047,21.386419626298107,9.85369314880371,3.2845643829345703,225.7729949951172,221.70953369140625,136.7609100341797,130.34092712402344,12.817251205444336,False
812,27.066666666666666,0.9243170619010925,12.567749712616205,65,0,65,double,145.16136596035605,JUMPING,False,,0.4086594909483168,,,21.386419626298107,9.344411361694336,3.114803787231445,225.90101623535156,225.6706085205078,136.7609100341797,134.24853515625,11.966080665588379,False
813,27.1,0.9228106737136841,12.292719911783934,65,0,65,double,145.16136596035605,JUMPING,False,,0.4086594909483168,,,21.386419626298107,10.11926079711914,3.3730869323730466,226.24070739746094,228.9151153564453,136.90623474121094,136.9715118408203,11.046212196350098,False
814,27.133333333333333,0.9332777261734009,13.017546851187944,65,0,65,double,145.16136596035605,JUMPING,False,,0.4086594909483168,,,21.386419626298107,8.726947915649413,2.9089826385498045,226.91226196289062,227.68966674804688,136.90623474121094,135.51385498046875,11.457174301147461,False
815,27.166666666666668,0.9226139187812805,12.818580958992243,65,0,65,double,145.16136596035605,JUMPING,False,,0.4086594909483168,,,21.386419626298107,9.565389706420898,3.1884632354736326,226.91226196289062,222.2827606201172,136.90623474121094,129.98504638671875,15.675227165222168,False
816,27.2,0.9213434457778931,12.896545697003603,65,0,65,double,145.16136596035605,JUMPING,False,,0.4086594909483168,,,21.386419626298107,9.565389706420898,3.1884632354736326,226.91226196289062,218.5321502685547,136.90623474121094,126.49549865722656,17.867576599121094,False
817,27.233333333333334,0.9209010601043701,11.346593964844942,65,0,65,double,145.16136596035605,JUMPING,False,,0.4086594909483168,,,21.386419626298107,9.565389706420898,3.1884632354736326,226.91226196289062,213.4140167236328,136.90623474121094,121.67929077148438,18.06981086730957,True
818,27.266666666666666,0.9295243620872498,12.601332738995552,65,0,65,double,145.16136596035605,JUMPING,False,,0.4086594909483168,,,21.386419626298107,9.565389706420898,3.1884632354736326,226.91226196289062,207.78575134277344,136.90623474121094,116.51033020019531,16.53096580505371,True
819,27.3,0.9252633452415466,11.423901654779911,65,0,65,double,145.16136596035605,JUMPING,False,,0.4086594909483168,,,21.386419626298107,9.565389706420898,3.1884632354736326,226.91226196289062,204.32650756835938,136.90623474121094,112.97410583496094,15.563183784484863,True
820,27.333333333333332,0.9224594235420227,12.940203305333853,65,0,65,double,145.16136596035605,JUMPING,False,,0.4086594909483168,,,21.386419626298107,10.150480096435547,3.3834933654785155,226.78819274902344,204.3006591796875,136.8588409423828,112.75785827636719,16.622289657592773,True
821,27.366666666666667,0.9172013998031616,11.646941769868135,65,0,65,double,145.16136596035605,JUMPING,False,,0.4086594909483168,,,21.386419626298107,10.261580081176756,3.4205266937255856,225.90101623535156,206.64950561523438,136.4412841796875,114.85559844970703,17.691064834594727,True
822,27.4,0.9166122674942017,12.590325903147459,65,0,65,double,145.16136596035605,JUMPING,False,,0.4086594909483168,,,21.386419626298107,10.403899365234373,3.4679664550781246,225.90101623535156,208.71104431152344,136.4412841796875,116.71055603027344,17.217544555664062,True
823,27.433333333333334,0.9267330169677734,11.212117038667202,65,0,65,double,145.16136596035605,JUMPING,False,,0.4086594909483168,,,21.386419626298107,10.403899365234373,3.4679664550781246,225.90101623535156,213.62014770507812,136.4412841796875,121.12696838378906,17.46453285217285,True
824,27.466666666666665,0.9256851077079773,12.85790977999568,66,0,66,double,147.54088643871617,JUMPING,True,0.43333333333333,0.4140877362730197,21.600357055664062,23.683425903320312,21.439903983639596,11.472345950317383,3.8241153167724606,225.90101623535156,222.531005859375,136.4412841796875,128.1519317626953,14.161917686462402,False
825,27.5,0.9258463382720947,11.560575105249882,66,0,66,double,147.54088643871617,JUMPING,False,,0.4140877362730197,,,21.439903983639596,12.540792535400389,4.180264178466796,226.78819274902344,229.42263793945312,136.4412841796875,134.27696228027344,12.601146697998047,False
826,27.533333333333335,0.9261723756790161,13.729719910770655,66,0,66,double,147.54088643871617,JUMPING,False,,0.4140877362730197,,,21.439903983639596,12.559049038696289,4.18634967956543,227.5247039794922,230.01492309570312,136.4412841796875,135.79110717773438,13.436164855957031,False
827,27.566666666666666,0.9359272718429565,11.850370094180107,66,0,66,double,147.54088643871617,JUMPING,False,,0.4140877362730197,,,21.439903983639596,12.05092100830078,4.016973669433593,227.5247039794922,225.4520263671875,136.4412841796875,132.06076049804688,15.122861862182617,False
828,27.6,0.913818359375,12.359723914414644,66,0,66,double,147.54088643871617,JUMPING,False,,0.4140877362730197,,,21.439903983639596,12.05092100830078,4.016973669433593,227.5247039794922,219.4286651611328,136.4412841796875,125.64045715332031,19.13592529296875,False
829,27.633333333333333,0.9165259003639221,11.328109074383974,66,0,66,double,147.54088643871617,JUMPING,False,,0.4140877362730197,,,21.439903983639596,12.05092100830078,4.016973669433593,227.5247039794922,213.49740600585938,136.4412841796875,119.4888916015625,20.672607421875,True
830,27.666666666666668,0.9207893013954163,12.6643399707973,66,0,66,double,147.54088643871617,JUMPING,False,,0.4140877362730197,,,21.439903983639596,12.05092100830078,4.016973669433593,227.5247039794922,208.28538513183594,136.4412841796875,114.40992736816406,20.2655086517334,True
831,27.7,0.9199093580245972,11.682889424264431,66,0,66,double,147.54088643871617,JUMPING,False,,0.4140877362730197,,,21.439903983639596,11.542792977905272,3.8475976593017576,227.5247039794922,205.81512451171875,136.4412841796875,111.86988830566406,19.97147560119629,True
832,27.733333333333334,0.9136815071105957,12.868823017925024,66,0,66,double,147.54088643871617,JUMPING,False,,0.4140877362730197,,,21.439903983639596,12.992115014648437,4.330705004882812,227.03564453125,207.2247314453125,135.95753479003906,112.99465942382812,20.640825271606445,True
833,27.766666666666666,0.9150800108909607,11.197322979569435,66,0,66,double,147.54088643871617,JUMPING,False,,0.4140877362730197,,,21.439903983639596,11.555687905883788,3.8518959686279293,225.90101623535156,208.27276611328125,135.68020629882812,113.94507598876953,22.047901153564453,True
834,27.8,0.9200838804244995,12.469117064028978,66,0,66,double,147.54088643871617,JUMPING,False,,0.4140877362730197,,,21.439903983639596,12.992115014648437,4.330705004882812,225.90101623535156,212.13037109375,135.1248321533203,117.83448791503906,20.736316680908203,True
835,27.833333333333332,0.9270384907722473,11.610795743763447,67,0,67,double,147.54088643871617,JUMPING,True,0.36666666666666714,0.40365510095962215,20.085891723632812,23.25494384765625,21.1014009186379,13.318526362609862,4.439508787536621,225.90101623535156,220.17092895507812,135.1248321533203,124.79450988769531,17.41437530517578,False
836,27.866666666666667,0.9173532724380493,12.886459939181805,67,0,67,double,147.54088643871617,JUMPING,False,,0.40365510095962215,,,21.1014009186379,14.030258518981935,4.676752839660645,227.03564453125,229.7215576171875,135.1248321533203,132.83551025390625,15.044669151306152,False
837,27.9,0.9158398509025574,11.790070682764053,67,0,67,double,147.54088643871617,JUMPING,False,,0.40365510095962215,,,21.1014009186379,10.215395878601074,3.405131959533691,228.4249267578125,234.44448852539062,135.68020629882812,137.3360595703125,14.57706069946289,False
838,27.933333333333334,0.9219098091125488,13.029234949499369,67,0,67,double,147.54088643871617,JUMPING,False,,0.40365510095962215,,,21.1014009186379,12.72288249206543,4.2409608306884765,229.21963500976562,234.40151977539062,136.0667724609375,136.25054931640625,16.94675064086914,False
839,27.966666666666665,0.9200921058654785,11.508750729262829,67,0,67,double,147.54088643871617,JUMPING,False,,0.40365510095962215,,,21.1014009186379,14.70561340484619,4.90187113494873,229.60198974609375,233.5631103515625,136.0667724609375,134.8343505859375,17.641006469726562,False
840,28.0,0.9191576242446899,12.833748012781143,67,0,67,double,147.54088643871617,JUMPING,False,,0.40365510095962215,,,21.1014009186379,12.72288249206543,4.2409608306884765,229.60198974609375,227.27996826171875,136.0667724609375,129.2479248046875,21.56951141357422,False
841,28.033333333333335,0.9174844026565552,11.752080172300339,67,0,67,double,147.54088643871617,JUMPING,False,,0.40365510095962215,,,21.1014009186379,12.72288249206543,4.2409608306884765,229.60198974609375,219.32046508789062,136.0667724609375,122.68419647216797,22.548181533813477,False
842,28.066666666666666,0.9251577854156494,13.097844086587429,67,0,67,double,147.54088643871617,JUMPING,False,,0.40365510095962215,,,21.1014009186379,12.72288249206543,4.2409608306884765,229.60198974609375,212.20037841796875,136.0667724609375,116.73464965820312,22.57574462890625,True
843,28.1,0.9242419600486755,11.830898001790047,67,0,67,double,147.54088643871617,JUMPING,False,,0.40365510095962215,,,21.1014009186379,12.72288249206543,4.2409608306884765,229.60198974609375,207.56692504882812,136.0667724609375,113.01437377929688,20.863813400268555,True
844,28.133333333333333,0.9236656427383423,13.110985979437828,67,0,67,double,147.54088643871617,JUMPING,False,,0.40365510095962215,,,21.1014009186379,12.72288249206543,4.2409608306884765,229.60198974609375,205.0274200439453,136.0667724609375,111.13040161132812,19.269020080566406,True
845,28.166666666666668,0.9148138761520386,11.501201894134283,67,0,67,double,147.54088643871617,JUMPING,False,,0.40365510095962215,,,21.1014009186379,11.98057578277588,3.993525260925293,229.60198974609375,207.19424438476562,135.68020629882812,113.98724365234375,19.299848556518555,True
846,28.2,0.910565197467804,12.807050719857216,67,0,67,double,147.54088643871617,JUMPING,False,,0.40365510095962215,,,21.1014009186379,9.530166192626952,3.176722064208984,229.60198974609375,208.97732543945312,135.24205017089844,116.24497985839844,19.466732025146484,True
847,28.233333333333334,0.9268863201141357,11.799221858382225,67,0,67,double,147.54088643871617,JUMPING,False,,0.40365510095962215,,,21.1014009186379,9.530166192626952,3.176722064208984,229.60198974609375,214.88211059570312,135.24205017089844,120.905517578125,16.022436141967773,True
848,28.266666666666666,0.9201934337615967,13.510347809642553,68,0,68,double,145.16136596035605,JUMPING,True,0.43333333333333357,0.41018431208183864,24.574569702148438,24.111648559570312,21.969693114515536,9.530166192626952,3.176722064208984,229.60198974609375,222.2486572265625,135.24205017089844,128.34056091308594,13.533856391906738,False
849,28.3,0.923958957195282,11.476496700197458,68,0,68,double,145.16136596035605,JUMPING,False,,0.41018431208183864,,,21.969693114515536,9.045384768676758,3.015128256225586,229.67868041992188,229.61434936523438,135.2480926513672,134.8494415283203,13.317116737365723,False
850,28.333333333333332,0.9247817993164062,12.654749676585197,68,0,68,double,145.16136596035605,JUMPING,False,,0.41018431208183864,,,21.969693114515536,8.560603344726562,2.853534448242187,229.8975830078125,231.324951171875,135.68020629882812,136.67605590820312,14.35642147064209,False
851,28.366666666666667,0.927222490310669,11.406139004975557,68,0,68,double,145.16136596035605,JUMPING,False,,0.41018431208183864,,,21.969693114515536,9.710152239990233,3.236717413330078,230.80093383789062,232.24981689453125,136.0667724609375,137.28628540039062,13.958233833312988,False
852,28.4,0.9341250658035278,12.961694970726967,68,0,68,double,145.16136596035605,JUMPING,False,,0.41018431208183864,,,21.969693114515536,9.03744420776367,3.0124814025878903,230.80093383789062,229.9775390625,136.0667724609375,133.14434814453125,17.339248657226562,False
853,28.433333333333334,0.9166080951690674,11.655906215310097,68,0,68,double,145.16136596035605,JUMPING,False,,0.41018431208183864,,,21.969693114515536,9.03744420776367,3.0124814025878903,230.80093383789062,223.60926818847656,136.0667724609375,126.08692932128906,19.128572463989258,False
854,28.466666666666665,0.9216777086257935,13.496463187038898,68,0,68,double,145.16136596035605,JUMPING,False,,0.41018431208183864,,,21.969693114515536,9.03744420776367,3.0124814025878903,230.80093383789062,215.736572265625,136.0667724609375,119.2447509765625,20.86056137084961,True
855,28.5,0.9255272150039673,11.79890614002943,68,0,68,double,145.16136596035605,JUMPING,False,,0.41018431208183864,,,21.969693114515536,9.03744420776367,3.0124814025878903,230.80093383789062,209.70681762695312,136.0667724609375,114.09098052978516,20.238283157348633,True
856,28.533333333333335,0.9241014122962952,12.546312063932419,68,0,68,double,145.16136596035605,JUMPING,False,,0.41018431208183864,,,21.969693114515536,9.03744420776367,3.0124814025878903,230.80093383789062,206.1498565673828,136.0667724609375,111.47677612304688,19.6019344329834,True
857,28.566666666666666,0.9246719479560852,11.221584863960743,68,0,68,double,145.16136596035605,JUMPING,False,,0.41018431208183864,,,21.969693114515536,8.084509030151366,2.694836343383789,230.80093383789062,204.53663635253906,136.0667724609375,110.55964660644531,19.283809661865234,True
858,28.6,0.9162516593933105,12.274285778403282,68,0,68,double,145.16136596035605,JUMPING,False,,0.41018431208183864,,,21.969693114515536,10.106637341308593,3.368879113769531,230.80093383789062,204.93502807617188,135.68020629882812,111.79170989990234,19.466936111450195,True
859,28.633333333333333,0.9119093418121338,11.321104597300291,68,0,68,double,145.16136596035605,JUMPING,False,,0.41018431208183864,,,21.969693114515536,7.966690109252929,2.6555633697509764,230.80093383789062,208.69793701171875,135.41444396972656,115.65592956542969,17.442424774169922,True
860,28.666666666666668,0.927993893623352,12.786406092345715,68,0,68,double,145.16136596035605,JUMPING,False,,0.41018431208183864,,,21.969693114515536,7.966690109252929,2.6555633697509764,230.80093383789062,216.05421447753906,135.41444396972656,122.3029556274414,14.834250450134277,True
861,28.7,0.9186005592346191,11.288920417428017,69,0,69,double,145.1612298961488,JUMPING,True,0.43333333333333357,0.4152770967571675,26.264297485351562,24.85479736328125,23.043344207224543,7.966690109252929,2.6555633697509764,230.80093383789062,224.64007568359375,135.41444396972656,130.803466796875,13.928019523620605,False
862,28.733333333333334,0.9192479848861694,12.46480317786336,69,0,69,double,145.1612298961488,JUMPING,False,,0.4152770967571675,,,23.043344207224543,8.065170472528589,1.9422476257324217,231.2363739013672,231.103515625,136.0667724609375,137.45362854003906,13.527880668640137,False
863,28.766666666666666,0.9184883236885071,11.224084068089724,69,0,69,double,145.1612298961488,JUMPING,False,,0.4152770967571675,,,23.043344207224543,8.065170472528589,2.2078378967285155,231.87986755371094,234.80224609375,136.505859375,140.60000610351562,13.13610553741455,False
864,28.8,0.9266470670700073,12.659352272748947,69,0,69,double,145.1612298961488,JUMPING,False,,0.4152770967571675,,,23.043344207224543,8.065170472528589,2.5141037475585937,233.0377960205078,233.71212768554688,137.0421905517578,139.6968536376953,16.62258529663086,False
865,28.833333333333332,0.9334238171577454,11.351774912327528,69,0,69,double,145.1612298961488,JUMPING,False,,0.4152770967571675,,,23.043344207224543,8.065170472528589,2.4920692565917966,233.0377960205078,228.33856201171875,137.0421905517578,133.9825439453125,18.604341506958008,False
866,28.866666666666667,0.9203085899353027,12.630241923034191,69,0,69,double,145.1612298961488,JUMPING,False,,0.4152770967571675,,,23.043344207224543,8.065170472528589,2.4920692565917966,233.0377960205078,221.58258056640625,137.0421905517578,126.71302795410156,20.828702926635742,True
867,28.9,0.9187778234481812,11.284524109214544,69,0,69,double,145.1612298961488,JUMPING,False,,0.4152770967571675,,,23.043344207224543,8.065170472528589,2.4920692565917966,233.0377960205078,214.14035034179688,137.0421905517578,119.66371154785156,21.370389938354492,True
868,28.933333333333334,0.9227144122123718,12.518687639385462,69,0,69,double,145.1612298961488,JUMPING,False,,0.4152770967571675,,,23.043344207224543,8.065170472528589,2.4920692565917966,233.0377960205078,209.09341430664062,137.0421905517578,115.05987548828125,20.49258041381836,True
869,28.966666666666665,0.9218446016311646,11.534383986145258,69,0,69,double,145.1612298961488,JUMPING,False,,0.4152770967571675,,,23.043344207224543,8.065170472528589,2.4920692565917966,233.0377960205078,206.45071411132812,137.0421905517578,112.54618072509766,19.98815155029297,True
870,29.0,0.917391300201416,12.735669035464525,69,0,69,double,145.1612298961488,JUMPING,False,,0.4152770967571675,,,23.043344207224543,8.781649557495117,2.927216519165039,233.0377960205078,205.42286682128906,137.0421905517578,112.06306457519531,17.758913040161133,True
871,29.033333333333335,0.9158422946929932,11.681221891194582,69,0,69,double,145.1612298961488,JUMPING,False,,0.4152770967571675,,,23.043344207224543,9.954884399414063,3.3182947998046872,233.0377960205078,206.760009765625,137.0421905517578,113.84734344482422,16.192861557006836,True
872,29.066666666666666,0.9133362174034119,12.447983957827091,69,0,69,double,145.1612298961488,JUMPING,False,,0.4152770967571675,,,23.043344207224543,9.954884399414063,3.3182947998046872,233.0377960205078,208.08084106445312,137.0421905517578,115.60945129394531,16.432941436767578,True
873,29.1,0.9300498366355896,11.327301152050495,69,0,69,double,145.1612298961488,JUMPING,False,,0.4152770967571675,,,23.043344207224543,9.954884399414063,3.3182947998046872,233.0377960205078,212.10256958007812,137.0421905517578,119.72001647949219,15.762088775634766,True
874,29.133333333333333,0.9299271702766418,14.10682313144207,69,0,69,double,145.1612298961488,JUMPING,False,,0.4152770967571675,,,23.043344207224543,9.954884399414063,3.3182947998046872,233.0377960205078,218.52841186523438,137.0421905517578,126.49987030029297,13.729730606079102,True
875,29.166666666666668,0.9251208305358887,11.246362701058388,70,0,70,double,140.6250064173949,JUMPING,True,0.46666666666666856,0.42658280213725774,27.61492919921875,24.9791259765625,24.186240455223093,10.778734561157226,3.592911520385742,233.0377960205078,227.97842407226562,137.0421905517578,134.14260864257812,11.86098861694336,False
876,29.2,0.9241760969161987,12.726224958896637,70,0,70,double,140.6250064173949,JUMPING,False,,0.42658280213725774,,,24.186240455223093,9.954884399414063,3.3182947998046872,233.0377960205078,231.96368408203125,137.31614685058594,138.67413330078125,13.600385665893555,False
877,29.233333333333334,0.9318975210189819,11.69748418033123,70,0,70,double,140.6250064173949,JUMPING,False,,0.42658280213725774,,,24.186240455223093,8.781649557495117,2.927216519165039,233.0377960205078,230.79774475097656,137.40660095214844,137.57704162597656,16.334379196166992,False
878,29.266666666666666,0.9199873805046082,12.502065394073725,70,0,70,double,140.6250064173949,JUMPING,False,,0.42658280213725774,,,24.186240455223093,8.781649557495117,2.927216519165039,233.0377960205078,226.16058349609375,137.40660095214844,132.28533935546875,18.931238174438477,False
879,29.3,0.9162300825119019,11.369264218956232,70,0,70,double,140.6250064173949,JUMPING,False,,0.42658280213725774,,,24.186240455223093,8.781649557495117,2.927216519165039,233.0377960205078,222.63079833984375,137.40660095214844,128.5607147216797,19.148313522338867,True
880,29.333333333333332,0.9162403345108032,12.67046993598342,70,0,70,double,140.6250064173949,JUMPING,False,,0.42658280213725774,,,24.186240455223093,8.781649557495117,2.927216519165039,233.0377960205078,216.6324462890625,137.40660095214844,122.74996948242188,19.723501205444336,True
881,29.366666666666667,0.9191368818283081,11.395271867513657,70,0,70,double,140.6250064173949,JUMPING,False,,0.42658280213725774,,,24.186240455223093,9.954884399414063,3.3182947998046872,233.0377960205078,210.75323486328125,137.40660095214844,117.88789367675781,19.205297470092773,True
882,29.4,0.9210498332977295,12.835320085287094,70,0,70,double,140.6250064173949,JUMPING,False,,0.42658280213725774,,,24.186240455223093,10.939785424804688,3.6465951416015625,232.13536071777344,207.65350341796875,137.38668823242188,114.99449157714844,18.005050659179688,True
883,29.433333333333334,0.9177713394165039,11.218699160963297,70,0,70,double,140.6250064173949,JUMPING,False,,0.42658280213725774,,,24.186240455223093,8.780699404907226,2.926899801635742,231.70819091796875,206.470947265625,137.38668823242188,114.39799499511719,18.19233512878418,True
884,29.466666666666665,0.9146648049354553,12.471420224756002,70,0,70,double,140.6250064173949,JUMPING,False,,0.42658280213725774,,,24.186240455223093,8.465184159328082,2.1528421600341794,231.2363739013672,208.57998657226562,137.38668823242188,116.7308578491211,17.18289566040039,True
885,29.5,0.9149706959724426,11.447276920080185,70,0,70,double,140.6250064173949,JUMPING,False,,0.42658280213725774,,,24.186240455223093,8.465184159328082,1.9536720794677733,231.2363739013672,210.36441040039062,137.38668823242188,118.47903442382812,16.653987884521484,True
886,29.533333333333335,0.9239254593849182,12.398859951645136,70,0,70,double,140.6250064173949,JUMPING,False,,0.42658280213725774,,,24.186240455223093,8.465184159328082,1.9536720794677733,231.2363739013672,219.6593017578125,137.38668823242188,127.03981018066406,15.614500999450684,True
887,29.566666666666666,0.922288179397583,11.230865027755499,71,0,71,double,142.85711690682604,JUMPING,True,0.3999999999999986,0.42073458566706073,24.765426635742188,22.988693237304688,24.331037000352865,8.465184159328082,2.1528421600341794,231.2363739013672,226.38018798828125,137.38668823242188,132.76806640625,15.013275146484375,False
888,29.6,0.9208069443702698,12.456221971660852,71,0,71,double,142.85711690682604,JUMPING,False,,0.42073458566706073,,,24.331037000352865,8.515862950123502,1.9536720794677733,231.2363739013672,230.8799591064453,137.38668823242188,137.13967895507812,14.035022735595703,False
889,29.633333333333333,0.9291942715644836,11.018818244338036,71,0,71,double,142.85711690682604,JUMPING,False,,0.42073458566706073,,,24.331037000352865,8.515862950123502,1.8763930023193358,231.29563903808594,231.25167846679688,137.52767944335938,137.69943237304688,14.124467849731445,False
890,29.666666666666668,0.9352943897247314,12.304747942835093,71,0,71,double,142.85711690682604,JUMPING,False,,0.42073458566706073,,,24.331037000352865,8.515862950123502,1.9536720794677733,231.29563903808594,227.063232421875,137.52767944335938,133.30003356933594,18.18583869934082,False
891,29.7,0.9139500856399536,11.206486728042364,71,0,71,double,142.85711690682604,JUMPING,False,,0.42073458566706073,,,24.331037000352865,8.515862950123502,1.9536720794677733,231.29563903808594,221.11309814453125,137.52767944335938,126.68550109863281,21.334150314331055,True
892,29.733333333333334,0.9173493385314941,12.536266818642616,71,0,71,double,142.85711690682604,JUMPING,False,,0.42073458566706073,,,24.331037000352865,8.515862950123502,1.9536720794677733,231.29563903808594,213.62686157226562,137.52767944335938,120.34622192382812,22.040224075317383,True
893,29.766666666666666,0.9200552105903625,11.174680199474096,71,0,71,double,142.85711690682604,JUMPING,False,,0.42073458566706073,,,24.331037000352865,8.515862950123502,1.9536720794677733,231.29563903808594,209.05657958984375,137.52767944335938,116.5640869140625,21.943035125732422,True
894,29.8,0.9215255975723267,12.35326286405325,71,0,71,double,142.85711690682604,JUMPING,False,,0.42073458566706073,,,24.331037000352865,8.515862950123502,2.0309511566162106,231.29563903808594,206.41845703125,137.52767944335938,114.23800659179688,20.763883590698242,True
895,29.833333333333332,0.9182835817337036,12.237196788191795,71,0,71,double,142.85711690682604,JUMPING,False,,0.42073458566706073,,,24.331037000352865,8.698239733886718,2.899413244628906,231.19241333007812,206.37411499023438,137.52767944335938,113.9393310546875,19.02393341064453,True
896,29.866666666666667,0.9165838360786438,12.520960066467524,71,0,71,double,142.85711690682604,JUMPING,False,,0.42073458566706073,,,24.331037000352865,10.937952987670897,3.6459843292236327,231.01409912109375,208.59637451171875,137.52767944335938,115.97625732421875,19.018407821655273,True
897,29.9,0.9358760118484497,11.543425731360912,71,0,71,double,142.85711690682604,JUMPING,False,,0.42073458566706073,,,24.331037000352865,11.921700256347656,3.9739000854492184,231.01409912109375,213.5465087890625,137.52767944335938,120.53257751464844,16.735136032104492,True
898,29.933333333333334,0.9241102933883667,13.852640986442566,72,0,72,double,142.85724868587627,JUMPING,True,0.36666666666666714,0.40883964348697416,24.639984130859375,23.588348388671875,24.408273782979492,11.921700256347656,3.9739000854492184,231.01409912109375,220.21115112304688,137.52767944335938,127.89109802246094,15.43116283416748,False
899,29.966666666666665,0.9239656925201416,13.441308867186308,72,0,72,double,142.85724868587627,JUMPING,False,,0.40883964348697416,,,24.408273782979492,11.921700256347656,3.9739000854492184,231.01409912109375,224.8692169189453,137.52767944335938,132.32644653320312,15.712943077087402,False
900,30.0,0.9234591722488403,12.539439368993044,72,0,72,double,142.85724868587627,JUMPING,False,,0.40883964348697416,,,24.408273782979492,10.937952987670897,3.6459843292236327,231.01409912109375,230.52682495117188,137.52767944335938,137.15399169921875,13.94644546508789,False
901,30.033333333333335,0.9263758659362793,11.470332276076078,72,0,72,double,142.85724868587627,JUMPING,False,,0.40883964348697416,,,24.408273782979492,8.542895824042821,2.687302990722656,231.11749267578125,231.12681579589844,137.65048217773438,138.15951538085938,13.663262367248535,False
902,30.066666666666666,0.940193235874176,12.428972870111465,72,0,72,double,142.85724868587627,JUMPING,False,,0.40883964348697416,,,24.408273782979492,8.542895824042821,2.6366960540771482,231.11749267578125,229.01931762695312,137.65048217773438,134.5299530029297,15.8279447555542,False
903,30.1,0.9220080971717834,11.400161311030388,72,0,72,double,142.85724868587627,JUMPING,False,,0.40883964348697416,,,24.408273782979492,8.542895824042821,2.6366960540771482,231.11749267578125,222.61410522460938,137.65048217773438,127.8460464477539,19.43380355834961,False
904,30.133333333333333,0.9249626398086548,12.405714951455593,72,0,72,double,142.85724868587627,JUMPING,False,,0.40883964348697416,,,24.408273782979492,8.542895824042821,2.6366960540771482,231.11749267578125,217.91757202148438,137.65048217773438,123.61518096923828,20.563749313354492,True
905,30.166666666666668,0.924550473690033,11.382409371435642,72,0,72,double,142.85724868587627,JUMPING,False,,0.40883964348697416,,,24.408273782979492,8.542895824042821,2.6366960540771482,231.11749267578125,212.04835510253906,137.65048217773438,117.8746337890625,21.21497917175293,True
906,30.2,0.9236093759536743,12.398866936564445,72,0,72,double,142.85724868587627,JUMPING,False,,0.40883964348697416,,,24.408273782979492,8.542895824042821,2.6366960540771482,231.11749267578125,208.88442993164062,137.65048217773438,114.79544830322266,21.685327529907227,True
907,30.233333333333334,0.9159137010574341,11.317409109324217,72,0,72,double,142.85724868587627,JUMPING,False,,0.40883964348697416,,,24.408273782979492,8.821555966186523,2.9405186553955076,231.028076171875,207.4232940673828,137.65048217773438,113.8543701171875,21.77897834777832,True
908,30.266666666666666,0.9128977060317993,12.45446503162384,72,0,72,double,142.85724868587627,JUMPING,False,,0.40883964348697416,,,24.408273782979492,8.542895824042821,2.4264634826660156,230.84707641601562,208.74041748046875,137.40782165527344,115.32220458984375,19.57564353942871,True
909,30.3,0.9354021549224854,11.335224844515324,72,0,72,double,142.85724868587627,JUMPING,False,,0.40883964348697416,,,24.408273782979492,8.700275775146483,2.900091925048828,230.6893768310547,214.2062225341797,137.1482696533203,119.57186889648438,15.713278770446777,True
910,30.333333333333332,0.9247822165489197,12.489242944866419,72,0,72,double,142.85724868587627,JUMPING,False,,0.40883964348697416,,,24.408273782979492,8.542895824042821,2.4264634826660156,230.6893768310547,221.6276397705078,137.1482696533203,126.75941467285156,13.14226245880127,True
911,30.366666666666667,0.9251635670661926,11.551943141967058,73,0,73,double,142.85711690682604,JUMPING,True,0.43333333333333357,0.41422825525317325,23.266082763671875,23.293899536132812,24.122726028152588,9.37373035583496,3.12457678527832,230.6893768310547,226.89015197753906,137.1482696533203,131.26687622070312,12.323018074035645,False
912,30.4,0.9259828329086304,12.521838769316673,73,0,73,double,142.85711690682604,JUMPING,False,,0.41422825525317325,,,24.122726028152588,8.862819735717773,2.9542732452392575,230.84707641601562,232.818603515625,137.1482696533203,136.81280517578125,12.27135944366455,False
913,30.433333333333334,0.9275100231170654,11.411467101424932,73,0,73,double,142.85711690682604,JUMPING,False,,0.41422825525317325,,,24.122726028152588,8.449231887817382,2.8164106292724607,231.028076171875,234.6194305419922,137.40782165527344,139.27777099609375,13.194835662841797,False
914,30.466666666666665,0.9276204109191895,13.088180217891932,73,0,73,double,142.85711690682604,JUMPING,False,,0.41422825525317325,,,24.122726028152588,8.988375613403319,2.996125204467773,231.2017364501953,234.94081115722656,137.65048217773438,140.0543212890625,13.195423126220703,False
915,30.5,0.6545589566230774,11.373622342944145,73,0,73,double,142.85711690682604,JUMPING,False,,0.41422825525317325,,,24.122726028152588,9.743136108398437,3.2477120361328122,231.2017364501953,228.4375,137.65048217773438,132.38766479492188,16.328969955444336,False
916,30.533333333333335,0.9150705933570862,12.484688311815262,73,0,73,double,142.85711690682604,JUMPING,False,,0.41422825525317325,,,24.122726028152588,9.743136108398437,3.2477120361328122,231.2017364501953,220.00289916992188,137.65048217773438,124.57299041748047,18.939247131347656,True
917,30.566666666666666,0.9194135665893555,11.226213071495295,73,0,73,double,142.85711690682604,JUMPING,False,,0.41422825525317325,,,24.122726028152588,9.743136108398437,3.2477120361328122,231.2017364501953,214.43190002441406,137.65048217773438,119.5791244506836,19.454347610473633,True
918,30.6,0.9191467761993408,12.464504223316908,73,0,73,double,142.85711690682604,JUMPING,False,,0.41422825525317325,,,24.122726028152588,9.743136108398437,3.2477120361328122,231.2017364501953,210.2478790283203,137.65048217773438,115.64865112304688,18.892314910888672,True
919,30.633333333333333,0.9263262748718262,11.425956152379513,73,0,73,double,142.85711690682604,JUMPING,False,,0.41422825525317325,,,24.122726028152588,9.743136108398437,3.2477120361328122,231.2017364501953,207.45120239257812,137.65048217773438,113.26998901367188,17.999069213867188,True
920,30.666666666666668,0.9160960912704468,12.508742976933718,73,0,73,double,142.85711690682604,JUMPING,False,,0.41422825525317325,,,24.122726028152588,8.988375613403319,2.996125204467773,231.2017364501953,207.65090942382812,137.65048217773438,113.59190368652344,16.176618576049805,True
921,30.7,0.9243861436843872,11.281268671154976,73,0,73,double,142.85711690682604,JUMPING,False,,0.41422825525317325,,,24.122726028152588,9.743136108398437,3.2477120361328122,231.028076171875,211.6498565673828,137.40782165527344,116.92517852783203,14.373624801635742,True
922,30.733333333333334,0.9297915697097778,12.851251754909754,73,0,73,double,142.85711690682604,JUMPING,False,,0.41422825525317325,,,24.122726028152588,10.19337269897461,3.397790899658203,231.028076171875,217.60281372070312,137.1482696533203,122.89547729492188,13.668519973754883,True
923,30.766666666666666,0.9318041801452637,11.64735620841384,74,0,74,double,145.16136596035605,JUMPING,True,0.3999999999999986,0.41109803909747483,23.576873779296875,23.878280639648438,23.98626296593866,9.743136108398437,3.2477120361328122,231.028076171875,221.33961486816406,137.1482696533203,126.92868041992188,13.058236122131348,False
924,30.8,0.9268491268157959,12.814579997211695,74,0,74,double,145.16136596035605,JUMPING,False,,0.41109803909747483,,,23.98626296593866,9.292899517822265,3.0976331726074218,231.028076171875,228.89732360839844,137.1482696533203,133.2489013671875,12.198830604553223,False
925,30.833333333333332,0.9248012900352478,11.176561936736107,74,0,74,double,145.16136596035605,JUMPING,False,,0.41109803909747483,,,23.98626296593866,9.210575582885742,3.070191860961914,231.2017364501953,232.72982788085938,137.1482696533203,137.1322021484375,13.115805625915527,False
926,30.866666666666667,0.9324957132339478,12.622931972146034,74,0,74,double,145.16136596035605,JUMPING,False,,0.41109803909747483,,,23.98626296593866,8.622702603149413,2.8742342010498043,231.67137145996094,231.95115661621094,137.1482696533203,136.18740844726562,13.27277946472168,False
927,30.9,0.9333732724189758,11.544375214725733,74,0,74,double,145.16136596035605,JUMPING,False,,0.41109803909747483,,,23.98626296593866,9.210575582885742,3.070191860961914,231.67137145996094,227.46145629882812,137.1482696533203,131.35667419433594,16.681997299194336,False
928,30.933333333333334,0.9184920191764832,12.647324707359076,74,0,74,double,145.16136596035605,JUMPING,False,,0.41109803909747483,,,23.98626296593866,9.210575582885742,3.070191860961914,231.67137145996094,220.4611053466797,137.1482696533203,124.85581970214844,18.515535354614258,True
929,30.966666666666665,0.9214239120483398,11.522477027028799,74,0,74,double,145.16136596035605,JUMPING,False,,0.41109803909747483,,,23.98626296593866,9.210575582885742,3.070191860961914,231.67137145996094,215.45907592773438,137.1482696533203,120.64014434814453,19.331459045410156,True
930,31.0,0.9290884137153625,12.462429236620665,74,0,74,double,145.16136596035605,JUMPING,False,,0.41109803909747483,,,23.98626296593866,9.210575582885742,3.070191860961914,231.67137145996094,210.924560546875,137.1482696533203,116.72080993652344,20.716909408569336,True
931,31.033333333333335,0.9280632734298706,11.307685170322657,74,0,74,double,145.16136596035605,JUMPING,False,,0.41109803909747483,,,23.98626296593866,9.210575582885742,3.070191860961914,231.67137145996094,208.20834350585938,137.1482696533203,114.70451354980469,19.458984375,True
932,31.066666666666666,0.9290196299552917,12.797841802239418,74,0,74,double,145.16136596035605,JUMPING,False,,0.41109803909747483,,,23.98626296593866,8.622702603149413,2.8742342010498043,231.67137145996094,206.69102478027344,137.1482696533203,113.68243408203125,18.794158935546875,True
933,31.1,0.9161278009414673,11.773442849516869,74,0,74,double,145.16136596035605,JUMPING,False,,0.41109803909747483,,,23.98626296593866,8.720534385681152,2.9068447952270504,231.67137145996094,207.98855590820312,137.14527893066406,114.38299560546875,17.65159797668457,True
934,31.133333333333333,0.9174022674560547,12.464832048863173,74,0,74,double,145.16136596035605,JUMPING,False,,0.41109803909747483,,,23.98626296593866,9.798516430664062,3.2661721435546873,231.6214141845703,211.16677856445312,137.0044403076172,117.67388153076172,15.960139274597168,True
935,31.166666666666668,0.932357907295227,11.428066994994879,74,0,74,double,145.16136596035605,JUMPING,False,,0.41109803909747483,,,23.98626296593866,8.720534385681152,2.9068447952270504,231.6214141845703,217.50296020507812,137.0044403076172,123.51708984375,13.910209655761719,True
936,31.2,0.9286284446716309,12.503394391387701,74,0,74,double,145.16136596035605,JUMPING,False,,0.41109803909747483,,,23.98626296593866,8.720534385681152,2.9068447952270504,231.6214141845703,221.8572540283203,137.0044403076172,127.61310577392578,13.401617050170898,True
937,31.233333333333334,0.9256475567817688,11.202342342585325,75,0,75,double,145.1612298961488,JUMPING,True,0.46666666666666856,0.4233231371626974,24.930389404296875,23.322006225585938,24.222294575528213,9.292899517822265,3.0976331726074218,231.6214141845703,229.24810791015625,137.0044403076172,133.47166442871094,12.951855659484863,False
938,31.266666666666666,0.922862708568573,12.609770055860281,75,0,75,double,145.1612298961488,JUMPING,False,,0.4233231371626974,,,24.222294575528213,8.720534385681152,2.9068447952270504,232.41836547851562,232.895263671875,137.14527893066406,137.37997436523438,13.0283784866333,False
939,31.3,0.9298000931739807,11.431741993874311,75,0,75,double,145.1612298961488,JUMPING,False,,0.4233231371626974,,,24.222294575528213,8.477803101434874,2.762432913208008,232.41836547851562,231.0320281982422,137.14527893066406,136.64569091796875,14.699193954467773,False
940,31.333333333333332,0.9338709115982056,12.555077206343412,75,0,75,double,145.1612298961488,JUMPING,False,,0.4233231371626974,,,24.222294575528213,8.872456997680665,2.9574856658935547,232.41836547851562,226.7890625,137.14527893066406,131.46337890625,16.855627059936523,False
941,31.366666666666667,0.9161443710327148,11.334465816617012,75,0,75,double,145.1612298961488,JUMPING,False,,0.4233231371626974,,,24.222294575528213,8.872456997680665,2.9574856658935547,232.41836547851562,220.11016845703125,137.14527893066406,124.31932067871094,18.306928634643555,True
942,31.4,0.9174597859382629,12.46330700814724,75,0,75,double,145.1612298961488,JUMPING,False,,0.4233231371626974,,,24.222294575528213,8.872456997680665,2.9574856658935547,232.41836547851562,215.78762817382812,137.14527893066406,119.90478515625,18.751123428344727,True
943,31.433333333333334,0.9236263632774353,11.275735683739185,75,0,75,double,145.1612298961488,JUMPING,False,,0.4233231371626974,,,24.222294575528213,8.872456997680665,2.9574856658935547,232.41836547851562,211.25387573242188,137.14527893066406,115.57295989990234,17.84525489807129,True
944,31.466666666666665,0.9273251891136169,12.50155083835125,75,0,75,double,145.1612298961488,JUMPING,False,,0.4233231371626974,,,24.222294575528213,8.872456997680665,2.9574856658935547,232.41836547851562,208.21766662597656,137.14527893066406,112.65060424804688,17.380661010742188,True
945,31.5,0.9184460639953613,11.548321694135666,75,0,75,double,145.1612298961488,JUMPING,False,,0.4233231371626974,,,24.222294575528213,8.952134078979492,2.984044692993164,232.41836547851562,207.54566955566406,137.0044403076172,112.18815612792969,17.652128219604492,True
946,31.533333333333335,0.9176656007766724,12.46221223846078,75,0,75,double,145.1612298961488,JUMPING,False,,0.4233231371626974,,,24.222294575528213,11.716127957153319,3.905375985717773,232.41836547851562,209.07015991210938,136.74595642089844,114.7327880859375,17.24601173400879,True
947,31.566666666666666,0.9307765960693359,11.231862008571625,75,0,75,double,145.1612298961488,JUMPING,False,,0.4233231371626974,,,24.222294575528213,9.49473907470703,3.1649130249023436,232.41836547851562,213.91229248046875,136.74595642089844,119.69142150878906,15.762612342834473,True
948,31.6,0.9278761148452759,14.198992867022753,75,0,75,double,145.1612298961488,JUMPING,False,,0.4233231371626974,,,24.222294575528213,9.49473907470703,3.1649130249023436,232.41836547851562,221.46571350097656,136.74595642089844,127.52052307128906,13.720602989196777,True
949,31.633333333333333,0.9198868870735168,13.537799939513206,76,0,76,double,145.16136596035605,JUMPING,True,0.3999999999999986,0.4181920469869037,24.872695922851562,24.55780029296875,24.38489491235905,11.571569027709959,3.85718967590332,232.41836547851562,229.31314086914062,136.74595642089844,135.1143798828125,14.45605754852295,False
950,31.666666666666668,0.9230689406394958,12.594826053828001,76,0,76,double,145.16136596035605,JUMPING,False,,0.4181920469869037,,,24.38489491235905,8.534713219325667,2.762432913208008,232.41836547851562,231.74957275390625,137.0044403076172,138.38601684570312,15.647696495056152,False
951,31.7,0.9308547973632812,11.433246079832315,76,0,76,double,145.16136596035605,JUMPING,False,,0.4181920469869037,,,24.38489491235905,8.720534385681152,2.9068447952270504,232.41836547851562,230.71926879882812,137.0044403076172,136.0438232421875,14.881317138671875,False
952,31.733333333333334,0.9183237552642822,12.332134880125523,76,0,76,double,145.16136596035605,JUMPING,False,,0.4181920469869037,,,24.38489491235905,8.720534385681152,2.9068447952270504,232.41836547851562,225.58523559570312,137.0044403076172,130.14727783203125,18.72433853149414,False
953,31.766666666666666,0.916580855846405,11.24093309044838,76,0,76,double,145.16136596035605,JUMPING,False,,0.4181920469869037,,,24.38489491235905,8.720534385681152,2.9068447952270504,232.41836547851562,221.7244873046875,137.0044403076172,126.24443054199219,20.065988540649414,True
954,31.8,0.9208057522773743,12.250104919075966,76,0,76,double,145.16136596035605,JUMPING,False,,0.4181920469869037,,,24.38489491235905,8.720534385681152,2.9068447952270504,232.41836547851562,215.51541137695312,137.0044403076172,120.8148193359375,19.297929763793945,True
955,31.833333333333332,0.9252172112464905,11.403630021959543,76,0,76,double,145.16136596035605,JUMPING,False,,0.4181920469869037,,,24.38489491235905,8.720534385681152,2.9068447952270504,232.41836547851562,210.05514526367188,137.0044403076172,116.31336212158203,17.390857696533203,True
956,31.866666666666667,0.9191552996635437,12.794820126146078,76,0,76,double,145.16136596035605,JUMPING,False,,0.4181920469869037,,,24.38489491235905,8.534713219325667,2.6487765655517577,232.41836547851562,206.90225219726562,137.0044403076172,113.97479248046875,16.719114303588867,True
957,31.9,0.9143321514129639,11.031772010028362,76,0,76,double,145.16136596035605,JUMPING,False,,0.4181920469869037,,,24.38489491235905,8.534713219325667,2.8410354171752927,231.8705291748047,206.8668212890625,136.93759155273438,114.10340881347656,17.82045555114746,True
958,31.933333333333334,0.9192215800285339,12.269109021872282,76,0,76,double,145.16136596035605,JUMPING,False,,0.4181920469869037,,,24.38489491235905,8.534713219325667,2.7193253952026364,231.46255493164062,210.07757568359375,136.46237182617188,117.32174682617188,16.543087005615234,True
959,31.966666666666665,0.91741943359375,11.266033165156841,76,0,76,double,145.16136596035605,JUMPING,False,,0.4181920469869037,,,24.38489491235905,8.534713219325667,2.7453075439453123,230.90692138671875,212.6068115234375,136.12997436523438,119.80743408203125,16.226106643676758,True
960,32.0,0.9336278438568115,12.570101767778397,76,0,76,double,145.16136596035605,JUMPING,False,,0.4181920469869037,,,24.38489491235905,8.534713219325667,2.7193253952026364,230.90692138671875,218.30850219726562,136.12997436523438,125.49610900878906,13.219653129577637,True
961,32.03333333333333,0.9265642166137695,11.320351157337427,77,0,77,double,142.85711690682604,JUMPING,True,0.3999999999999986,0.4141897966497846,24.04010009765625,22.155181884765625,24.298696208683353,10.836761737060545,3.6122539123535153,230.90692138671875,226.17135620117188,136.12997436523438,132.50958251953125,11.895200729370117,False
962,32.06666666666667,0.9236984252929688,12.257075868546963,77,0,77,double,142.85711690682604,JUMPING,False,,0.4141897966497846,,,24.298696208683353,8.504543673039173,2.7193253952026364,230.92405700683594,230.76211547851562,136.46237182617188,137.39199829101562,14.017391204833984,False
963,32.1,0.9297348260879517,11.24558923766017,77,0,77,double,142.85711690682604,JUMPING,False,,0.4141897966497846,,,24.298696208683353,8.757420666503906,2.9191402221679685,230.92405700683594,229.7806396484375,136.8045196533203,136.910400390625,14.383700370788574,False
964,32.13333333333333,0.9294091463088989,12.714803218841553,77,0,77,double,142.85711690682604,JUMPING,False,,0.4141897966497846,,,24.298696208683353,8.504543673039173,2.646864949035644,230.92405700683594,228.40167236328125,136.8045196533203,135.7613525390625,14.774746894836426,False
965,32.166666666666664,0.9140467047691345,11.361184995621443,77,0,77,double,142.85711690682604,JUMPING,False,,0.4141897966497846,,,24.298696208683353,8.504543673039173,2.646864949035644,230.92405700683594,221.22384643554688,136.8045196533203,127.4364242553711,16.533720016479492,True
966,32.2,0.922357439994812,12.531501241028309,77,0,77,double,142.85711690682604,JUMPING,False,,0.4141897966497846,,,24.298696208683353,8.504543673039173,2.646864949035644,230.92405700683594,216.02352905273438,136.8045196533203,121.95581817626953,16.818294525146484,True
967,32.233333333333334,0.9284276962280273,11.172839906066656,77,0,77,double,142.85711690682604,JUMPING,False,,0.4141897966497846,,,24.298696208683353,8.504543673039173,2.646864949035644,230.92405700683594,209.82565307617188,136.8045196533203,116.80928039550781,18.846942901611328,True
968,32.266666666666666,0.9290115833282471,12.369208037853241,77,0,77,double,142.85711690682604,JUMPING,False,,0.4141897966497846,,,24.298696208683353,8.504543673039173,2.646864949035644,230.92405700683594,205.54006958007812,136.8045196533203,113.66109466552734,18.207876205444336,True
969,32.3,0.9197930693626404,11.232816614210606,77,0,77,double,142.85711690682604,JUMPING,False,,0.4141897966497846,,,24.298696208683353,8.757420666503906,2.9191402221679685,230.92405700683594,204.708251953125,136.8045196533203,112.90460205078125,16.84941864013672,True
970,32.333333333333336,0.9160804152488708,12.47896533459425,77,0,77,double,142.85711690682604,JUMPING,False,,0.4141897966497846,,,24.298696208683353,8.504543673039173,2.646864949035644,230.74497985839844,206.5917510986328,136.46237182617188,115.36958312988281,17.91912078857422,True
971,32.36666666666667,0.9138967990875244,11.414819862693548,77,0,77,double,142.85711690682604,JUMPING,False,,0.4141897966497846,,,24.298696208683353,8.504543673039173,2.5484223541259765,230.34381103515625,208.11581420898438,136.40493774414062,117.50084686279297,18.928691864013672,True
972,32.4,0.9343763589859009,12.298716697841883,77,0,77,double,142.85711690682604,JUMPING,False,,0.4141897966497846,,,24.298696208683353,8.504543673039173,2.0017792098999023,230.34381103515625,212.6212158203125,136.40493774414062,122.0704345703125,17.376405715942383,True
973,32.43333333333333,0.9238882064819336,11.378188151866198,77,0,77,double,142.85711690682604,JUMPING,False,,0.4141897966497846,,,24.298696208683353,8.504543673039173,2.0017792098999023,230.34381103515625,220.26089477539062,136.40493774414062,129.21701049804688,13.319730758666992,True
974,32.46666666666667,0.9248602390289307,12.647305149585009,78,0,78,double,142.85711690682604,JUMPING,True,0.4333333333333371,0.41840137472016614,25.63555908203125,23.500335693359375,24.632911927020327,8.504543673039173,2.5484223541259765,230.34381103515625,224.94432067871094,136.40493774414062,133.45028686523438,12.513177871704102,False
975,32.5,0.9206963777542114,11.411892715841532,78,0,78,double,142.85711690682604,JUMPING,False,,0.41840137472016614,,,24.632911927020327,8.621519174457115,2.0017792098999023,230.60008239746094,230.4213104248047,136.8045196533203,138.1063995361328,13.317995071411133,False
976,32.53333333333333,0.935234010219574,13.608040288090706,78,0,78,double,142.85711690682604,JUMPING,False,,0.41840137472016614,,,24.632911927020327,8.621519174457115,2.2088785400390623,230.60008239746094,227.82327270507812,136.8045196533203,135.13937377929688,15.650982856750488,False
977,32.56666666666667,0.9365854859352112,11.505537200719118,78,0,78,double,142.85711690682604,JUMPING,False,,0.41840137472016614,,,24.632911927020327,8.621519174457115,2.396544987487793,230.60008239746094,225.45657348632812,136.8045196533203,132.6748809814453,17.108598709106445,False
978,32.6,0.9161694049835205,12.849246617406607,78,0,78,double,142.85711690682604,JUMPING,False,,0.41840137472016614,,,24.632911927020327,8.621519174457115,2.396544987487793,230.60008239746094,220.84503173828125,136.8045196533203,127.0249252319336,20.377084732055664,True
979,32.63333333333333,0.9263208508491516,11.776125989854336,78,0,78,double,142.85711690682604,JUMPING,False,,0.41840137472016614,,,24.632911927020327,8.621519174457115,2.396544987487793,230.60008239746094,214.45748901367188,136.8045196533203,120.88034057617188,21.134578704833984,True
980,32.666666666666664,0.9242533445358276,13.013789895921946,78,0,78,double,142.85711690682604,JUMPING,False,,0.41840137472016614,,,24.632911927020327,8.621519174457115,2.396544987487793,230.60008239746094,208.22210693359375,136.8045196533203,116.1858901977539,19.49126434326172,True
981,32.7,0.9238933324813843,11.66271697729826,78,0,78,double,142.85711690682604,JUMPING,False,,0.41840137472016614,,,24.632911927020327,8.621519174457115,2.396544987487793,230.60008239746094,205.177978515625,136.8045196533203,113.75914001464844,18.020307540893555,True
982,32.733333333333334,0.9211078882217407,12.863768264651299,78,0,78,double,142.85711690682604,JUMPING,False,,0.41840137472016614,,,24.632911927020327,8.621519174457115,2.5484223541259765,230.60008239746094,205.63247680664062,136.8045196533203,114.09477996826172,16.4340877532959,True
983,32.766666666666666,0.9188344478607178,11.351865250617266,78,0,78,double,142.85711690682604,JUMPING,False,,0.41840137472016614,,,24.632911927020327,8.835672518920898,2.945224172973633,230.1650390625,206.53823852539062,136.40493774414062,114.71343994140625,15.835416793823242,True
984,32.8,0.9249964952468872,13.707551173865795,78,0,78,double,142.85711690682604,JUMPING,False,,0.41840137472016614,,,24.632911927020327,9.920000225830076,3.306666741943359,229.59364318847656,209.76181030273438,135.9308319091797,118.31405639648438,15.592351913452148,True
985,32.833333333333336,0.9319792985916138,11.680202092975378,78,0,78,double,142.85711690682604,JUMPING,False,,0.41840137472016614,,,24.632911927020327,8.621519174457115,2.792159115600586,229.59364318847656,216.423828125,135.9308319091797,124.63978576660156,14.24801254272461,True
986,32.86666666666667,0.92097008228302,12.593316845595837,79,0,79,double,142.85724868587627,JUMPING,True,0.3999999999999986,0.4143530722817293,24.415664672851562,22.17169189453125,24.578600113478135,10.30820542602539,3.4360684753417967,229.59364318847656,225.35183715820312,135.9308319091797,132.14173889160156,12.667884826660156,False
987,32.9,0.9210696816444397,11.499087326228619,79,0,79,double,142.85724868587627,JUMPING,False,,0.4143530722817293,,,24.578600113478135,9.623824090576171,3.2079413635253906,230.1650390625,231.2801513671875,136.5637664794922,137.4239044189453,14.14704418182373,False
988,32.93333333333333,0.9288585782051086,12.99624890089035,79,0,79,double,142.85724868587627,JUMPING,False,,0.4143530722817293,,,24.578600113478135,8.602510039717346,2.2088785400390623,230.4580841064453,230.48260498046875,136.98631286621094,137.03692626953125,15.507596969604492,False
989,32.96666666666667,0.9298645853996277,11.639387346804142,79,0,79,double,142.85724868587627,JUMPING,False,,0.4143530722817293,,,24.578600113478135,8.602510039717346,2.191300717163086,230.4580841064453,229.21221923828125,136.98631286621094,136.2122802734375,16.523130416870117,False
990,33.0,0.9421750903129578,12.50369194895029,79,0,79,double,142.85724868587627,JUMPING,False,,0.4143530722817293,,,24.578600113478135,8.602510039717346,2.191300717163086,230.4580841064453,224.2733917236328,136.98631286621094,131.1150360107422,18.899276733398438,False
991,33.03333333333333,0.9198657274246216,11.616639327257872,79,0,79,double,142.85724868587627,JUMPING,False,,0.4143530722817293,,,24.578600113478135,8.602510039717346,2.191300717163086,230.4580841064453,218.05902099609375,136.98631286621094,124.72059631347656,19.79175567626953,True
992,33.06666666666667,0.9204699397087097,12.983042281121016,79,0,79,double,142.85724868587627,JUMPING,False,,0.4143530722817293,,,24.578600113478135,8.602510039717346,2.191300717163086,230.4580841064453,214.10546875,136.98631286621094,120.6673355102539,19.295618057250977,True
993,33.1,0.9235590100288391,11.759853921830654,79,0,79,double,142.85724868587627,JUMPING,False,,0.4143530722817293,,,24.578600113478135,8.602510039717346,2.191300717163086,230.4580841064453,209.0436553955078,136.98631286621094,116.89374542236328,19.577871322631836,True
994,33.13333333333333,0.9223487377166748,12.636420782655478,79,0,79,double,142.85724868587627,JUMPING,False,,0.4143530722817293,,,24.578600113478135,8.602510039717346,2.297876165771484,230.4580841064453,205.80914306640625,136.98631286621094,114.81059265136719,18.05765724182129,True
995,33.166666666666664,0.9162200689315796,11.412966065108776,79,0,79,double,142.85724868587627,JUMPING,False,,0.4143530722817293,,,24.578600113478135,10.30820542602539,3.4360684753417967,230.1650390625,205.37808227539062,136.6311492919922,114.69668579101562,16.95298957824707,True
996,33.2,0.9204210042953491,12.683790177106857,79,0,79,double,142.85724868587627,JUMPING,False,,0.4143530722817293,,,24.578600113478135,10.891259774780274,3.6304199249267577,229.5532684326172,205.49212646484375,136.6311492919922,115.114501953125,16.68169403076172,True
997,33.233333333333334,0.9157673120498657,12.62765284627676,79,0,79,double,142.85724868587627,JUMPING,False,,0.4143530722817293,,,24.578600113478135,9.920000225830076,3.306666741943359,229.5532684326172,207.960205078125,136.6311492919922,117.79991149902344,17.053504943847656,True
998,33.266666666666666,0.933110773563385,12.632254976779222,79,0,79,double,142.85724868587627,JUMPING,False,,0.4143530722817293,,,24.578600113478135,9.920000225830076,3.306666741943359,229.5532684326172,212.60757446289062,136.6311492919922,122.71653747558594,15.162322044372559,True
999,33.3,0.9279675483703613,11.67280226945877,80,0,80,double,145.16136596035605,JUMPING,True,0.43333333333333,0.41852872971308147,24.175186157226562,21.934463500976562,24.477746624415243,9.920000225830076,3.306666741943359,229.5532684326172,220.7821044921875,136.6311492919922,129.93763732910156,14.5390043258667,False
1000,33.333333333333336,0.922132134437561,12.575670145452023,80,0,80,double,145.16136596035605,JUMPING,False,,0.41852872971308147,,,24.477746624415243,8.71446019592285,2.904820065307617,229.5532684326172,228.92449951171875,136.6311492919922,136.01324462890625,14.80640697479248,False
1001,33.36666666666667,0.9263551235198975,11.135254055261612,80,0,80,double,145.16136596035605,JUMPING,False,,0.41852872971308147,,,24.477746624415243,8.567211318545334,2.31004716796875,230.12989807128906,230.36273193359375,136.98631286621094,137.67788696289062,15.020265579223633,False
1002,33.4,0.9269177913665771,12.701448053121567,80,0,80,double,145.16136596035605,JUMPING,False,,0.41852872971308147,,,24.477746624415243,8.567211318545334,2.059252130126953,230.3978729248047,230.61358642578125,137.24996948242188,138.07778930664062,15.21290397644043,False
1003,33.43333333333333,0.9331054091453552,11.757110245525837,80,0,80,double,145.16136596035605,JUMPING,False,,0.41852872971308147,,,24.477746624415243,8.567211318545334,2.193857080078125,230.3978729248047,226.8970184326172,137.24996948242188,133.8247833251953,17.000659942626953,False
1004,33.46666666666667,0.9166895747184753,12.60053412988782,80,0,80,double,145.16136596035605,JUMPING,False,,0.41852872971308147,,,24.477746624415243,8.567211318545334,2.193857080078125,230.3978729248047,220.54000854492188,137.24996948242188,127.23628234863281,22.227428436279297,True
1005,33.5,0.9215470552444458,11.220950167626143,80,0,80,double,145.16136596035605,JUMPING,False,,0.41852872971308147,,,24.477746624415243,8.567211318545334,2.193857080078125,230.3978729248047,213.49951171875,137.24996948242188,121.0870361328125,23.842426300048828,True
1006,33.53333333333333,0.9242601990699768,12.615605257451534,80,0,80,double,145.16136596035605,JUMPING,False,,0.41852872971308147,,,24.477746624415243,8.567211318545334,2.059252130126953,230.3978729248047,208.32156372070312,137.24996948242188,116.58842468261719,21.871030807495117,True
1007,33.56666666666667,0.9179449081420898,11.678732000291348,80,0,80,double,145.16136596035605,JUMPING,False,,0.41852872971308147,,,24.477746624415243,8.567211318545334,2.31004716796875,230.12989807128906,205.98336791992188,136.98631286621094,114.49160766601562,19.856101989746094,True
1008,33.6,0.9158797264099121,12.59159715846181,80,0,80,double,145.16136596035605,JUMPING,False,,0.41852872971308147,,,24.477746624415243,8.567211318545334,2.6579953079223633,229.90252685546875,206.384765625,136.70706176757812,115.70830535888672,18.029680252075195,True
1009,33.63333333333333,0.9351930022239685,11.741606052964926,80,0,80,double,145.16136596035605,JUMPING,False,,0.41852872971308147,,,24.477746624415243,8.567211318545334,2.5042402587890624,229.90252685546875,210.22958374023438,136.70706176757812,119.39141845703125,17.929397583007812,True
1010,33.666666666666664,0.9292277097702026,12.708633206784725,80,0,80,double,145.16136596035605,JUMPING,False,,0.41852872971308147,,,24.477746624415243,8.567211318545334,2.5042402587890624,229.90252685546875,216.828857421875,136.70706176757812,126.62777709960938,16.751005172729492,True
1011,33.7,0.916071355342865,11.384128127247095,81,0,81,double,145.1612298961488,JUMPING,True,0.4000000000000057,0.4144524091762048,23.919158935546875,22.2154541015625,24.33809970219815,9.670449435424803,3.2234831451416013,229.90252685546875,225.3035430908203,136.70706176757812,133.96957397460938,15.343168258666992,False
1012,33.733333333333334,0.9233545064926147,12.443448882550001,81,0,81,double,145.1612298961488,JUMPING,False,,0.4144524091762048,,,24.33809970219815,8.518334895769351,2.5042402587890624,230.0122833251953,229.4866180419922,137.2691192626953,137.600830078125,15.83604907989502,False
1013,33.766666666666666,0.9238384962081909,11.586648877710104,81,0,81,double,145.1612298961488,JUMPING,False,,0.4144524091762048,,,24.33809970219815,8.518334895769351,2.0776669921875,230.3978729248047,230.94680786132812,137.53005981445312,139.1834716796875,17.086864471435547,False
1014,33.8,0.9343116283416748,12.801175005733967,81,0,81,double,145.1612298961488,JUMPING,False,,0.4144524091762048,,,24.33809970219815,8.518334895769351,2.193857080078125,230.3978729248047,227.88717651367188,137.53005981445312,136.17037963867188,17.57675552368164,False
1015,33.833333333333336,0.9234362840652466,11.727320030331612,81,0,81,double,145.1612298961488,JUMPING,False,,0.4144524091762048,,,24.33809970219815,8.518334895769351,2.193857080078125,230.3978729248047,222.71995544433594,137.53005981445312,130.0797119140625,21.466373443603516,False
1016,33.86666666666667,0.9218263626098633,12.656082399189472,81,0,81,double,145.1612298961488,JUMPING,False,,0.4144524091762048,,,24.33809970219815,8.518334895769351,2.193857080078125,230.3978729248047,216.57650756835938,137.53005981445312,123.27477264404297,21.000341415405273,True
1017,33.9,0.9227913618087769,11.642147786915302,81,0,81,double,145.1612298961488,JUMPING,False,,0.4144524091762048,,,24.33809970219815,8.518334895769351,2.193857080078125,230.3978729248047,210.66302490234375,137.53005981445312,117.85820007324219,19.011457443237305,True
1018,33.93333333333333,0.9182787537574768,12.757009826600552,81,0,81,double,145.1612298961488,JUMPING,False,,0.4144524091762048,,,24.33809970219815,8.518334895769351,2.193857080078125,230.3978729248047,206.85325622558594,137.53005981445312,114.91912078857422,17.30542755126953,True
1019,33.96666666666667,0.9190012812614441,11.691819876432419,81,0,81,double,145.1612298961488,JUMPING,False,,0.4144524091762048,,,24.33809970219815,8.518334895769351,2.059252130126953,230.3978729248047,204.99020385742188,137.53005981445312,113.84266662597656,16.000959396362305,True
1020,34.0,0.918393075466156,12.758485972881317,81,0,81,double,145.1612298961488,JUMPING,False,,0.4144524091762048,,,24.33809970219815,8.518334895769351,2.5042402587890624,230.0122833251953,205.53704833984375,137.2691192626953,114.89867401123047,15.57213020324707,True
1021,34.03333333333333,0.936097264289856,11.447662953287363,81,0,81,double,145.1612298961488,JUMPING,False,,0.4144524091762048,,,24.33809970219815,8.518334895769351,2.5379706756591793,230.0122833251953,209.20147705078125,137.2691192626953,118.47543334960938,15.197903633117676,True
1022,34.06666666666667,0.9319005608558655,12.839192058891058,81,0,81,double,145.1612298961488,JUMPING,False,,0.4144524091762048,,,24.33809970219815,8.518334895769351,2.0776669921875,230.0122833251953,215.52142333984375,137.2691192626953,124.69459533691406,13.60080623626709,True
1023,34.1,0.9207579493522644,12.063634116202593,82,0,82,double,145.16136596035605,JUMPING,True,0.3999999999999986,0.41127287915743943,25.022079467773438,23.42645263671875,24.509094643591972,8.518334895769351,2.5379706756591793,230.0122833251953,224.16445922851562,137.2691192626953,132.30844116210938,12.686161994934082,False
1024,34.13333333333333,0.9175865650177002,12.858232948929071,82,0,82,double,145.16136596035605,JUMPING,False,,0.41127287915743943,,,24.509094643591972,8.578183125257189,2.0776669921875,230.13015747070312,229.78131103515625,137.2691192626953,136.82542419433594,12.675148010253906,False
1025,34.166666666666664,0.9257110357284546,11.745733674615622,82,0,82,double,145.16136596035605,JUMPING,False,,0.41127287915743943,,,24.509094643591972,8.578183125257189,1.3552795532226563,230.34164428710938,230.30999755859375,137.41090393066406,137.39138793945312,12.981895446777344,False
1026,34.2,0.924702525138855,12.956418097019196,82,0,82,double,145.16136596035605,JUMPING,False,,0.41127287915743943,,,24.509094643591972,8.578183125257189,1.233931494140625,230.34164428710938,229.84317016601562,137.41090393066406,136.96212768554688,13.517413139343262,False
1027,34.233333333333334,0.9362000823020935,11.41355000436306,82,0,82,double,145.16136596035605,JUMPING,False,,0.41127287915743943,,,24.509094643591972,8.578183125257189,1.3552795532226563,230.34164428710938,225.46096801757812,137.41090393066406,132.3570098876953,14.455584526062012,False
1028,34.266666666666666,0.9167230725288391,13.06979265064001,82,0,82,double,145.16136596035605,JUMPING,False,,0.41127287915743943,,,24.509094643591972,8.578183125257189,1.3552795532226563,230.34164428710938,219.23922729492188,137.41090393066406,126.07421112060547,16.119897842407227,True
1029,34.3,0.9217494130134583,11.965489014983177,82,0,82,double,145.16136596035605,JUMPING,False,,0.41127287915743943,,,24.509094643591972,8.578183125257189,1.3552795532226563,230.34164428710938,212.72152709960938,137.41090393066406,120.21929931640625,16.26443862915039,True
1030,34.333333333333336,0.9219036102294922,12.85417191684246,82,0,82,double,145.16136596035605,JUMPING,False,,0.41127287915743943,,,24.509094643591972,8.578183125257189,1.3552795532226563,230.34164428710938,208.34664916992188,137.41090393066406,116.32012939453125,15.920459747314453,True
1031,34.36666666666667,0.9222947955131531,11.728656012564898,82,0,82,double,145.16136596035605,JUMPING,False,,0.41127287915743943,,,24.509094643591972,8.578183125257189,1.233931494140625,230.34164428710938,205.77879333496094,137.41090393066406,114.29251098632812,15.90569019317627,True
1032,34.4,0.9133572578430176,12.63225032016635,82,0,82,double,145.16136596035605,JUMPING,False,,0.41127287915743943,,,24.509094643591972,8.578183125257189,1.7771473022460937,230.12326049804688,205.52488708496094,137.24960327148438,114.20187377929688,15.503480911254883,True
1033,34.43333333333333,0.9157564640045166,11.449606157839298,82,0,82,double,145.16136596035605,JUMPING,False,,0.41127287915743943,,,24.509094643591972,8.578183125257189,1.9645083435058592,229.81842041015625,207.6500701904297,137.2196807861328,116.51876831054688,16.71409034729004,True
1034,34.46666666666667,0.9290212988853455,12.669877614825964,82,0,82,double,145.16136596035605,JUMPING,False,,0.41127287915743943,,,24.509094643591972,8.578183125257189,2.0210876678466794,229.81842041015625,212.89364624023438,137.2196807861328,121.4928207397461,14.551880836486816,True
1035,34.5,0.9292751550674438,11.5977986715734,82,0,82,double,145.16136596035605,JUMPING,False,,0.41127287915743943,,,24.509094643591972,8.578183125257189,1.6708433258056639,229.81842041015625,216.59661865234375,137.2196807861328,124.63833618164062,13.438175201416016,True
1036,34.53333333333333,0.9254627823829651,13.44715990126133,83,0,83,double,145.16136596035605,JUMPING,True,0.43333333333333,0.41612617907613536,24.293533325195312,23.017807006835938,24.45520431399281,8.578183125257189,2.0210876678466794,229.81842041015625,224.8619384765625,137.2196807861328,132.87144470214844,14.512354850769043,False
1037,34.56666666666667,0.925118088722229,11.666384059935808,83,0,83,double,145.16136596035605,JUMPING,False,,0.41612617907613536,,,24.45520431399281,8.559321509897483,1.6708433258056639,229.81971740722656,229.7845458984375,137.51705932617188,137.83517456054688,15.166908264160156,False
1038,34.6,0.9210566282272339,12.394399847835302,83,0,83,double,145.16136596035605,JUMPING,False,,0.41612617907613536,,,24.45520431399281,8.559321509897483,1.4249574096679687,229.81971740722656,229.5674591064453,137.64706420898438,139.02053833007812,16.084566116333008,False
1039,34.63333333333333,0.9362545013427734,11.348164174705744,83,0,83,double,145.16136596035605,JUMPING,False,,0.41612617907613536,,,24.45520431399281,8.559321509897483,1.6708433258056639,229.81971740722656,226.43215942382812,137.64706420898438,135.4962615966797,14.927485466003418,False
1040,34.666666666666664,0.9154141545295715,12.716035824269056,83,0,83,double,145.16136596035605,JUMPING,False,,0.41612617907613536,,,24.45520431399281,8.559321509897483,1.6708433258056639,229.81971740722656,220.93267822265625,137.64706420898438,128.98873901367188,18.042137145996094,True
1041,34.7,0.916244387626648,11.75145199522376,83,0,83,double,145.16136596035605,JUMPING,False,,0.41612617907613536,,,24.45520431399281,8.559321509897483,1.6708433258056639,229.81971740722656,214.88121032714844,137.64706420898438,122.67207336425781,19.82945442199707,True
1042,34.733333333333334,0.9215089678764343,13.108999002724886,83,0,83,double,145.16136596035605,JUMPING,False,,0.41612617907613536,,,24.45520431399281,8.559321509897483,1.6708433258056639,229.81971740722656,210.29421997070312,137.64706420898438,118.14076232910156,17.33275032043457,True
1043,34.766666666666666,0.9217911958694458,11.87668414786458,83,0,83,double,145.16136596035605,JUMPING,False,,0.41612617907613536,,,24.45520431399281,8.559321509897483,1.6708433258056639,229.81971740722656,207.46563720703125,137.64706420898438,115.64411926269531,16.57477378845215,True
1044,34.8,0.9227334856987,12.619455810636282,83,0,83,double,145.16136596035605,JUMPING,False,,0.41612617907613536,,,24.45520431399281,8.559321509897483,1.6708433258056639,229.81971740722656,205.84442138671875,137.64706420898438,114.91166687011719,15.736017227172852,True
1045,34.833333333333336,0.9175203442573547,11.598019860684872,83,0,83,double,145.16136596035605,JUMPING,False,,0.41612617907613536,,,24.45520431399281,8.559321509897483,1.857932894897461,229.81971740722656,207.01171875,137.64706420898438,116.8718490600586,16.58100128173828,True
1046,34.86666666666667,0.9310330152511597,12.825355865061283,83,0,83,double,145.16136596035605,JUMPING,False,,0.41612617907613536,,,24.45520431399281,8.559321509897483,2.164877426147461,229.7832489013672,211.31570434570312,137.51705932617188,121.12374877929688,14.407798767089844,True
1047,34.9,0.9253383278846741,11.609653010964394,83,0,83,double,145.16136596035605,JUMPING,False,,0.41612617907613536,,,24.45520431399281,8.559321509897483,2.5300414260864255,229.69577026367188,218.21807861328125,137.2196807861328,128.3212890625,12.639447212219238,True
1048,34.93333333333333,0.9177085161209106,13.073083944618702,84,0,84,double,145.16109383219663,JUMPING,True,0.3999999999999986,0.4125784196793853,23.851348876953125,22.308013916015625,24.304240454732888,8.559321509897483,2.2487170806884764,229.69577026367188,227.27651977539062,137.2196807861328,136.1766357421875,12.715271949768066,False
1049,34.96666666666667,0.9201627969741821,11.908633634448051,84,0,84,double,145.16109383219663,JUMPING,False,,0.4125784196793853,,,24.304240454732888,8.50648415915651,2.3713320098876953,229.7832489013672,232.74581909179688,137.51705932617188,140.60336303710938,13.025465965270996,False
1050,35.0,0.9224076271057129,12.501175049692392,84,0,84,double,145.16109383219663,JUMPING,False,,0.4125784196793853,,,24.304240454732888,8.651817993164062,2.8839393310546875,229.81971740722656,234.20233154296875,137.74143981933594,142.0864715576172,14.286239624023438,False
1051,35.03333333333333,0.9342763423919678,11.715495027601719,84,0,84,double,145.16109383219663,JUMPING,False,,0.4125784196793853,,,24.304240454732888,8.50648415915651,2.4911869720458983,230.12326049804688,230.6089630126953,138.5164031982422,138.97055053710938,14.757501602172852,False
1052,35.06666666666667,0.9352847337722778,12.78377091512084,84,0,84,double,145.16109383219663,JUMPING,False,,0.4125784196793853,,,24.304240454732888,8.50648415915651,2.5796982101440427,230.12326049804688,227.6869354248047,138.5164031982422,136.4357147216797,14.692366600036621,False
1053,35.1,0.9234355688095093,11.642827652394772,84,0,84,double,145.16109383219663,JUMPING,False,,0.4125784196793853,,,24.304240454732888,8.50648415915651,2.5796982101440427,230.12326049804688,222.74832153320312,138.5164031982422,130.46975708007812,17.113712310791016,False
1054,35.13333333333333,0.9257835149765015,12.646917253732681,84,0,84,double,145.16109383219663,JUMPING,False,,0.4125784196793853,,,24.304240454732888,8.50648415915651,2.5796982101440427,230.12326049804688,216.4110107421875,138.5164031982422,123.74058532714844,17.629451751708984,True
1055,35.166666666666664,0.9285620450973511,11.3323456607759,84,0,84,double,145.16109383219663,JUMPING,False,,0.4125784196793853,,,24.304240454732888,8.50648415915651,2.5796982101440427,230.12326049804688,210.5299835205078,138.5164031982422,118.05050659179688,17.268054962158203,True
1056,35.2,0.9323884844779968,12.580733746290207,84,0,84,double,145.16109383219663,JUMPING,False,,0.4125784196793853,,,24.304240454732888,8.50648415915651,2.4911869720458983,230.12326049804688,206.5364227294922,138.5164031982422,114.57467651367188,16.537954330444336,True
1057,35.233333333333334,0.9230484366416931,11.771699879318476,84,0,84,double,145.16109383219663,JUMPING,False,,0.4125784196793853,,,24.304240454732888,8.50648415915651,2.7981428146362304,230.12326049804688,205.64524841308594,138.5164031982422,113.92233276367188,14.668075561523438,True
1058,35.266666666666666,0.9246153831481934,12.845690827816725,84,0,84,double,145.16109383219663,JUMPING,False,,0.4125784196793853,,,24.304240454732888,8.50648415915651,2.7880644104003904,229.81971740722656,205.8643798828125,137.65765380859375,114.43775177001953,14.08523178100586,True
1059,35.3,0.9273068308830261,11.732382234185934,84,0,84,double,145.16109383219663,JUMPING,False,,0.4125784196793853,,,24.304240454732888,9.752467964172363,3.250822654724121,229.81971740722656,208.97682189941406,137.65765380859375,117.46975708007812,14.611763000488281,True
1060,35.333333333333336,0.9373179078102112,12.51467689871788,84,0,84,double,145.16109383219663,JUMPING,False,,0.4125784196793853,,,24.304240454732888,9.752467964172363,3.250822654724121,229.81971740722656,214.412109375,137.65765380859375,122.927490234375,13.272161483764648,True
1061,35.36666666666667,0.9203621745109558,11.722318828105927,85,0,85,double,145.16136596035605,JUMPING,True,0.4333333333333371,0.4171445006832547,24.174468994140625,23.735321044921875,24.27179758958482,9.752467964172363,3.250822654724121,229.81971740722656,222.87313842773438,137.65765380859375,130.68377685546875,13.069541931152344,False
1062,35.4,0.9193696975708008,12.705997098237276,85,0,85,double,145.16136596035605,JUMPING,False,,0.4171445006832547,,,24.27179758958482,8.495129156354686,2.7880644104003904,229.81971740722656,229.1513671875,137.65765380859375,136.87042236328125,14.203478813171387,False
1063,35.43333333333333,0.9226565361022949,11.647440027445555,85,0,85,double,145.16136596035605,JUMPING,False,,0.4171445006832547,,,24.27179758958482,8.495129156354686,2.1660990509033202,229.81971740722656,229.55230712890625,137.81394958496094,137.78211975097656,13.99521255493164,False
1064,35.46666666666667,0.9234938025474548,12.550419196486473,85,0,85,double,145.16136596035605,JUMPING,False,,0.4171445006832547,,,24.27179758958482,8.495129156354686,1.566598013305664,229.81971740722656,228.74880981445312,137.81394958496094,137.52420043945312,14.249971389770508,False
1065,35.5,0.9321386218070984,11.573540978133678,85,0,85,double,145.16136596035605,JUMPING,False,,0.4171445006832547,,,24.27179758958482,8.495129156354686,2.1660990509033202,229.81971740722656,225.1895751953125,137.81394958496094,133.3480682373047,14.838630676269531,False
1066,35.53333333333333,0.9180726408958435,12.699032668024302,85,0,85,double,145.16136596035605,JUMPING,False,,0.4171445006832547,,,24.27179758958482,8.495129156354686,2.1660990509033202,229.81971740722656,217.9622802734375,137.81394958496094,124.96353149414062,17.44573211669922,True
1067,35.56666666666667,0.9134122133255005,11.41946529969573,85,0,85,double,145.16136596035605,JUMPING,False,,0.4171445006832547,,,24.27179758958482,8.495129156354686,2.1660990509033202,229.81971740722656,213.078369140625,137.81394958496094,119.51460266113281,18.289424896240234,True
1068,35.6,0.9214433431625366,12.833119835704565,85,0,85,double,145.16136596035605,JUMPING,False,,0.4171445006832547,,,24.27179758958482,8.495129156354686,1.566598013305664,229.81971740722656,209.75198364257812,137.81394958496094,116.30848693847656,17.838449478149414,True
1069,35.63333333333333,0.934553861618042,12.28624302893877,85,0,85,double,145.16136596035605,JUMPING,False,,0.4171445006832547,,,24.27179758958482,8.495129156354686,2.1660990509033202,229.81971740722656,207.91241455078125,137.81394958496094,115.01910400390625,16.83698844909668,True
1070,35.666666666666664,0.907397449016571,12.96162186190486,85,0,85,double,145.16136596035605,JUMPING,False,,0.4171445006832547,,,24.27179758958482,8.495129156354686,2.1711665313720703,229.6977081298828,209.7410430908203,137.81394958496094,117.03616333007812,16.135183334350586,True
1071,35.7,0.920697808265686,11.347251012921333,85,0,85,double,145.16136596035605,JUMPING,False,,0.4171445006832547,,,24.27179758958482,8.495129156354686,2.4703401718139646,229.5614013671875,214.05047607421875,137.81394958496094,121.66195678710938,15.244779586791992,True
1072,35.733333333333334,0.9164854288101196,12.383805587887764,86,0,86,double,147.54101618808767,JUMPING,True,0.36666666666666714,0.4060393771996055,21.64898681640625,22.794845581054688,23.61609489629018,8.495129156354686,2.1711665313720703,229.5614013671875,221.27206420898438,137.81394958496094,128.9122314453125,13.686137199401855,False
1073,35.766666666666666,0.9146117568016052,12.144546955823898,86,0,86,double,147.54101618808767,JUMPING,False,,0.4060393771996055,,,23.61609489629018,8.265633213701562,2.4703401718139646,229.5614013671875,226.28927612304688,137.81394958496094,133.51251220703125,13.026481628417969,False
1074,35.8,0.9153473377227783,12.687914073467255,86,0,86,double,147.54101618808767,JUMPING,False,,0.4060393771996055,,,23.61609489629018,8.338946319580078,2.779648773193359,229.6977081298828,231.54498291015625,137.99322509765625,138.09860229492188,12.821907043457031,False
1075,35.833333333333336,0.9197475910186768,11.367459781467915,86,0,86,double,147.54101618808767,JUMPING,False,,0.4060393771996055,,,23.61609489629018,9.492635165405273,3.164211721801758,230.27919006347656,231.9309844970703,138.60093688964844,138.93582153320312,13.862796783447266,False
1076,35.86666666666667,0.9240524768829346,13.796404004096985,86,0,86,double,147.54101618808767,JUMPING,False,,0.4060393771996055,,,23.61609489629018,8.338946319580078,2.779648773193359,230.27919006347656,228.47523498535156,138.60093688964844,135.17755126953125,15.040315628051758,False
1077,35.9,0.9079035520553589,11.354651767760515,86,0,86,double,147.54101618808767,JUMPING,False,,0.4060393771996055,,,23.61609489629018,8.338946319580078,2.779648773193359,230.27919006347656,222.9498748779297,138.60093688964844,128.9627685546875,16.62049674987793,False
1078,35.93333333333333,0.905320405960083,13.031539041548967,86,0,86,double,147.54101618808767,JUMPING,False,,0.4060393771996055,,,23.61609489629018,8.338946319580078,2.779648773193359,230.27919006347656,216.04534912109375,138.60093688964844,122.56719970703125,18.426265716552734,True
1079,35.96666666666667,0.9073871970176697,11.919565964490175,86,0,86,double,147.54101618808767,JUMPING,False,,0.4060393771996055,,,23.61609489629018,8.338946319580078,2.779648773193359,230.27919006347656,211.608642578125,138.60093688964844,118.56295776367188,18.541048049926758,True
1080,36.0,0.9105254411697388,12.67919410020113,86,0,86,double,147.54101618808767,JUMPING,False,,0.4060393771996055,,,23.61609489629018,8.338946319580078,2.779648773193359,230.27919006347656,208.9075927734375,138.60093688964844,115.9264907836914,16.889026641845703,True
1081,36.03333333333333,0.910131573677063,11.674799956381321,86,0,86,double,147.54101618808767,JUMPING,False,,0.4060393771996055,,,23.61609489629018,8.317873292541503,2.7726244308471677,230.27919006347656,207.29795837402344,138.60093688964844,114.892333984375,16.12042808532715,True
1082,36.06666666666667,0.9044594168663025,12.788255698978901,86,0,86,double,147.54101618808767,JUMPING,False,,0.4060393771996055,,,23.61609489629018,8.338946319580078,2.779648773193359,230.19235229492188,208.83343505859375,138.60093688964844,116.82286071777344,16.653987884521484,True
1083,36.1,0.9271773099899292,11.365880724042654,86,0,86,double,147.54101618808767,JUMPING,False,,0.4060393771996055,,,23.61609489629018,9.321471963500976,3.107157321166992,230.18629455566406,212.83551025390625,137.97201538085938,121.20214080810547,15.530900955200195,True
1084,36.13333333333333,0.9287408590316772,12.58296798914671,86,0,86,double,147.54101618808767,JUMPING,False,,0.4060393771996055,,,23.61609489629018,8.338946319580078,2.779648773193359,230.18629455566406,215.70156860351562,137.97201538085938,123.91525268554688,15.132701873779297,True
1085,36.166666666666664,0.9155526161193848,11.394347995519638,87,0,87,double,145.16109383219663,JUMPING,True,0.43333333333333,0.4120440475490249,22.888336181640625,23.079681396484375,23.43415521762779,9.492635165405273,3.164211721801758,230.18629455566406,225.09103393554688,137.97201538085938,131.94931030273438,15.154553413391113,False
1086,36.2,0.9129445552825928,12.74086395278573,87,0,87,double,145.16109383219663,JUMPING,False,,0.4120440475490249,,,23.43415521762779,8.338946319580078,2.779648773193359,230.68536376953125,230.73629760742188,137.97201538085938,136.8640594482422,14.488821983337402,False
1087,36.233333333333334,0.9189505577087402,11.415403801947832,87,0,87,double,145.16109383219663,JUMPING,False,,0.4120440475490249,,,23.43415521762779,8.201954326169727,2.5617471130371094,231.2215118408203,231.96780395507812,138.1348419189453,138.15899658203125,12.510377883911133,False
1088,36.266666666666666,0.9245899319648743,12.538256123661995,87,0,87,double,145.16109383219663,JUMPING,False,,0.4120440475490249,,,23.43415521762779,8.29680026550293,2.7656000885009764,231.2215118408203,228.9055938720703,138.1348419189453,134.6621856689453,15.419288635253906,False
1089,36.3,0.9112358093261719,11.212914250791073,87,0,87,double,145.16109383219663,JUMPING,False,,0.4120440475490249,,,23.43415521762779,8.29680026550293,2.7656000885009764,231.2215118408203,222.68496704101562,138.1348419189453,128.3957061767578,17.463441848754883,True
1090,36.333333333333336,0.9173939824104309,12.774454895406961,87,0,87,double,145.16109383219663,JUMPING,False,,0.4120440475490249,,,23.43415521762779,8.29680026550293,2.7656000885009764,231.2215118408203,215.75341796875,138.1348419189453,122.19487762451172,18.33583641052246,True
1091,36.36666666666667,0.9163554906845093,11.373922228813171,87,0,87,double,145.16109383219663,JUMPING,False,,0.4120440475490249,,,23.43415521762779,8.29680026550293,2.7656000885009764,231.2215118408203,210.99168395996094,138.1348419189453,118.41702270507812,18.144573211669922,True
1092,36.4,0.9185915589332581,12.681384105235338,87,0,87,double,145.16109383219663,JUMPING,False,,0.4120440475490249,,,23.43415521762779,8.29680026550293,2.7656000885009764,231.2215118408203,206.4674072265625,138.1348419189453,115.59037780761719,18.586061477661133,True
1093,36.43333333333333,0.9146767258644104,11.448043398559093,87,0,87,double,145.16109383219663,JUMPING,False,,0.4120440475490249,,,23.43415521762779,8.201954326169727,2.275604136657715,231.2215118408203,205.2046356201172,138.1348419189453,114.42953491210938,17.32592010498047,True
1094,36.46666666666667,0.9047479629516602,12.738415040075779,87,0,87,double,145.16109383219663,JUMPING,False,,0.4120440475490249,,,23.43415521762779,8.201954326169727,2.3498178405761716,230.68536376953125,206.49203491210938,137.97201538085938,115.33985900878906,16.829059600830078,True
1095,36.5,0.9049870371818542,11.601981706917286,87,0,87,double,145.16109383219663,JUMPING,False,,0.4120440475490249,,,23.43415521762779,8.201954326169727,2.43762777557373,230.18629455566406,207.72732543945312,137.678955078125,116.22993469238281,17.33392333984375,True
1096,36.53333333333333,0.9232593774795532,12.29505380615592,87,0,87,double,145.16109383219663,JUMPING,False,,0.4120440475490249,,,23.43415521762779,8.201954326169727,2.7142013580322266,229.39193725585938,217.56048583984375,137.2626953125,124.0628662109375,15.018156051635742,True
1097,36.56666666666667,0.9226048588752747,12.139926198869944,88,0,88,double,147.54101618808767,JUMPING,True,0.4000000000000057,0.4093943570882407,24.187301635742188,22.833160400390625,23.62244182215639,11.636858084106445,3.878952694702148,229.39193725585938,223.95016479492188,137.2626953125,129.1721954345703,14.341143608093262,False
1098,36.6,0.9229879379272461,12.56842678412795,88,0,88,double,147.54101618808767,JUMPING,False,,0.4093943570882407,,,23.62244182215639,9.23161467590332,3.0772048919677735,230.2626953125,231.22691345214844,137.2626953125,135.68209838867188,13.872664451599121,False
1099,36.63333333333333,0.9194713830947876,11.292878072708845,88,0,88,double,147.54101618808767,JUMPING,False,,0.4093943570882407,,,23.62244182215639,9.047319007873535,3.0157730026245115,231.03067016601562,235.2906951904297,137.678955078125,139.46157836914062,13.635692596435547,False
1100,36.666666666666664,0.9272703528404236,12.470167595893145,88,0,88,double,147.54101618808767,JUMPING,False,,0.4093943570882407,,,23.62244182215639,8.267854637754736,2.3498178405761716,231.41775512695312,232.85205078125,137.8861541748047,137.95550537109375,14.833113670349121,False
1101,36.7,0.9411669373512268,11.115037836134434,88,0,88,double,147.54101618808767,JUMPING,False,,0.4093943570882407,,,23.62244182215639,8.267854637754736,2.275604136657715,231.41775512695312,226.03219604492188,137.8861541748047,131.77618408203125,17.578876495361328,False
1102,36.733333333333334,0.9170970320701599,12.372373137623072,88,0,88,double,147.54101618808767,JUMPING,False,,0.4093943570882407,,,23.62244182215639,8.267854637754736,2.275604136657715,231.41775512695312,217.9624786376953,137.8861541748047,124.85140991210938,20.229602813720703,True
1103,36.766666666666666,0.9167166948318481,11.473744176328182,88,0,88,double,147.54101618808767,JUMPING,False,,0.4093943570882407,,,23.62244182215639,8.267854637754736,2.275604136657715,231.41775512695312,212.75991821289062,137.8861541748047,120.16218566894531,20.950878143310547,True
1104,36.8,0.9224221110343933,12.529094237834215,88,0,88,double,147.54101618808767,JUMPING,False,,0.4093943570882407,,,23.62244182215639,8.267854637754736,2.275604136657715,231.41775512695312,207.48275756835938,137.8861541748047,116.06236267089844,18.31694793701172,True
1105,36.833333333333336,0.9242861270904541,11.150083970278502,88,0,88,double,147.54101618808767,JUMPING,False,,0.4093943570882407,,,23.62244182215639,8.267854637754736,2.275604136657715,231.41775512695312,204.52615356445312,137.8861541748047,113.65065002441406,15.782565116882324,True
1106,36.86666666666667,0.9156636595726013,12.705239932984114,88,0,88,double,147.54101618808767,JUMPING,False,,0.4093943570882407,,,23.62244182215639,8.267854637754736,2.275604136657715,231.41775512695312,203.69915771484375,137.8861541748047,113.30113220214844,15.169214248657227,True
1107,36.9,0.9090054035186768,11.448008008301258,88,0,88,double,147.54101618808767,JUMPING,False,,0.4093943570882407,,,23.62244182215639,8.267854637754736,2.7142013580322266,231.41775512695312,206.2810516357422,137.8861541748047,115.57393646240234,16.3836727142334,True
1108,36.93333333333333,0.9288215041160583,12.779391836374998,88,0,88,double,147.54101618808767,JUMPING,False,,0.4093943570882407,,,23.62244182215639,8.776525520324707,2.9255085067749023,231.41775512695312,211.9027099609375,137.78298950195312,120.54574584960938,15.201114654541016,True
1109,36.96666666666667,0.9263705611228943,11.495777871459723,88,0,88,double,147.54101618808767,JUMPING,False,,0.4093943570882407,,,23.62244182215639,8.267854637754736,2.4094286041259765,231.41775512695312,215.69354248046875,137.5189208984375,123.9212875366211,15.087223052978516,True
1110,37.0,0.9224578738212585,12.667382135987282,88,0,88,double,147.54101618808767,JUMPING,False,,0.4093943570882407,,,23.62244182215639,8.267854637754736,2.4094286041259765,231.41775512695312,222.1309814453125,137.5189208984375,130.16506958007812,13.228836059570312,True
1111,37.03333333333333,0.9217521548271179,11.568277142941952,89,0,89,double,142.85724868587627,JUMPING,True,0.46666666666666146,0.42199426519549327,27.718597412109375,24.217788696289062,24.646480719644636,8.267854637754736,2.691601300048828,231.41775512695312,229.22113037109375,137.5189208984375,135.76324462890625,13.23274040222168,False
1112,37.06666666666667,0.9206278324127197,12.669363990426064,89,0,89,double,142.85724868587627,JUMPING,False,,0.42199426519549327,,,24.646480719644636,8.921321987915038,2.9737739959716794,231.77658081054688,233.77883911132812,138.04136657714844,139.00148010253906,12.70334529876709,False
1113,37.1,0.9218578934669495,11.51467626914382,89,0,89,double,142.85724868587627,JUMPING,False,,0.42199426519549327,,,24.646480719644636,8.626268251875622,2.691601300048828,231.9530792236328,232.6929931640625,138.1348419189453,139.03033447265625,14.775843620300293,False
1114,37.13333333333333,0.9293763637542725,12.577204033732414,89,0,89,double,142.85724868587627,JUMPING,False,,0.42199426519549327,,,24.646480719644636,8.921321987915038,2.9737739959716794,231.9530792236328,227.91046142578125,138.1348419189453,134.8231201171875,16.440757751464844,False
1115,37.166666666666664,0.9052705764770508,11.29821129143238,89,0,89,double,142.85724868587627,JUMPING,False,,0.42199426519549327,,,24.646480719644636,8.921321987915038,2.9737739959716794,231.9530792236328,221.1123504638672,138.1348419189453,128.1390838623047,18.765426635742188,True
1116,37.2,0.907168984413147,12.452761642634869,89,0,89,double,142.85724868587627,JUMPING,False,,0.42199426519549327,,,24.646480719644636,8.921321987915038,2.9737739959716794,231.9530792236328,216.72958374023438,138.1348419189453,123.97669219970703,19.999900817871094,True
1117,37.233333333333334,0.9168276190757751,11.23470114544034,89,0,89,double,142.85724868587627,JUMPING,False,,0.42199426519549327,,,24.646480719644636,8.921321987915038,2.9737739959716794,231.9530792236328,211.26058959960938,138.1348419189453,119.08055114746094,17.98706817626953,True
1118,37.266666666666666,0.9229541420936584,13.367422856390476,89,0,89,double,142.85724868587627,JUMPING,False,,0.42199426519549327,,,24.646480719644636,8.626268251875622,2.691601300048828,231.9530792236328,206.2342529296875,138.1348419189453,115.49153900146484,16.719085693359375,True
1119,37.3,0.9227839708328247,11.271215975284576,89,0,89,double,142.85724868587627,JUMPING,False,,0.42199426519549327,,,24.646480719644636,8.921321987915038,2.9737739959716794,231.9530792236328,204.20657348632812,138.07760620117188,113.78213500976562,16.493667602539062,True
1120,37.333333333333336,0.9140860438346863,12.360990978777409,89,0,89,double,142.85724868587627,JUMPING,False,,0.42199426519549327,,,24.646480719644636,8.776525520324707,2.9255085067749023,231.67144775390625,205.08786010742188,137.5189208984375,114.41790771484375,15.291364669799805,True
1121,37.36666666666667,0.9113619327545166,11.183680035173893,89,0,89,double,142.85724868587627,JUMPING,False,,0.42199426519549327,,,24.646480719644636,8.921321987915038,2.9737739959716794,231.67144775390625,208.6891632080078,137.5189208984375,117.90167236328125,14.623842239379883,True
1122,37.4,0.9129846692085266,12.453170027583838,89,0,89,double,142.85724868587627,JUMPING,False,,0.42199426519549327,,,24.646480719644636,8.921321987915038,2.9737739959716794,231.67144775390625,211.56163024902344,137.5189208984375,120.49845886230469,14.033648490905762,True
1123,37.43333333333333,0.9226719737052917,11.255293153226376,89,0,89,double,142.85724868587627,JUMPING,False,,0.42199426519549327,,,24.646480719644636,8.921321987915038,2.9737739959716794,231.67144775390625,217.37493896484375,137.5189208984375,126.36199951171875,13.99687671661377,True
1124,37.46666666666667,0.9249222874641418,12.385248206555843,90,0,90,double,142.85698512801892,JUMPING,True,0.4333333333333371,0.42448886018581894,27.464874267578125,23.736785888671875,25.351079106628006,8.921321987915038,2.9737739959716794,231.67144775390625,225.47897338867188,137.5189208984375,133.27398681640625,13.758222579956055,False
1125,37.5,0.9268556833267212,11.498002801090479,90,0,90,double,142.85698512801892,JUMPING,False,,0.42448886018581894,,,25.351079106628006,8.872877687319802,2.691601300048828,231.67144775390625,229.84823608398438,137.89486694335938,137.80392456054688,13.91909408569336,False
1126,37.53333333333333,0.9387802481651306,12.495852075517178,90,0,90,double,142.85698512801892,JUMPING,False,,0.42448886018581894,,,25.351079106628006,8.872877687319802,2.7142013580322266,231.67144775390625,229.13795471191406,137.89486694335938,137.22601318359375,15.134734153747559,False
1127,37.56666666666667,0.9344303607940674,11.24338898807764,90,0,90,double,142.85698512801892,JUMPING,False,,0.42448886018581894,,,25.351079106628006,8.872877687319802,2.7142013580322266,231.67144775390625,224.97781372070312,137.89486694335938,132.13217163085938,16.641077041625977,False
1128,37.6,0.9211784601211548,12.505735270678997,90,0,90,double,142.85698512801892,JUMPING,False,,0.42448886018581894,,,25.351079106628006,8.872877687319802,2.7142013580322266,231.67144775390625,218.4677734375,137.89486694335938,125.2575454711914,16.239858627319336,True
1129,37.63333333333333,0.9336581826210022,11.182237882167101,90,0,90,double,142.85698512801892,JUMPING,False,,0.42448886018581894,,,25.351079106628006,8.872877687319802,2.7142013580322266,231.67144775390625,212.11239624023438,137.89486694335938,119.43186950683594,16.437463760375977,True
1130,37.666666666666664,0.9322599172592163,12.519171927124262,90,0,90,double,142.85698512801892,JUMPING,False,,0.42448886018581894,,,25.351079106628006,8.872877687319802,2.7142013580322266,231.67144775390625,207.64474487304688,137.89486694335938,115.87590789794922,15.451606750488281,True
1131,37.7,0.9257616400718689,11.494413949549198,90,0,90,double,142.85698512801892,JUMPING,False,,0.42448886018581894,,,25.351079106628006,8.872877687319802,2.8075990951538086,231.67144775390625,206.1791534423828,137.89486694335938,114.80047607421875,14.419344902038574,True
1132,37.733333333333334,0.9176403880119324,12.346819043159485,90,0,90,double,142.85698512801892,JUMPING,False,,0.42448886018581894,,,25.351079106628006,14.183742095947263,4.727914031982421,230.67544555664062,207.35671997070312,137.57275390625,116.4793701171875,14.620518684387207,True
1133,37.766666666666666,0.9169130325317383,11.358756106346846,90,0,90,double,142.85698512801892,JUMPING,False,,0.42448886018581894,,,25.351079106628006,14.401259170532224,4.800419723510742,230.67544555664062,208.85629272460938,137.57275390625,118.09464263916016,15.462919235229492,True
1134,37.8,0.9311965703964233,12.51825736835599,90,0,90,double,142.85698512801892,JUMPING,False,,0.42448886018581894,,,25.351079106628006,14.401259170532224,4.800419723510742,230.67544555664062,213.598876953125,137.57275390625,122.3287353515625,13.45568561553955,True
1135,37.833333333333336,0.9244112968444824,11.247773189097643,91,0,91,double,142.85724868587627,JUMPING,True,0.36666666666666714,0.41176797761160555,24.496292114257812,22.77227783203125,25.137382358535458,14.401259170532224,4.800419723510742,230.67544555664062,221.1925048828125,137.57275390625,129.16885375976562,11.686258316040039,False
1136,37.86666666666667,0.9252393245697021,12.395143043249846,91,0,91,double,142.85724868587627,JUMPING,False,,0.41176797761160555,,,25.137382358535458,14.183742095947263,4.727914031982421,230.67544555664062,227.88064575195312,137.57275390625,135.4980010986328,12.396265983581543,False
1137,37.9,0.9270996451377869,11.559773236513138,91,0,91,double,142.85724868587627,JUMPING,False,,0.41176797761160555,,,25.137382358535458,11.552532041931151,3.8508440139770506,230.67544555664062,229.05050659179688,137.58236694335938,137.2500457763672,13.296987533569336,False
1138,37.93333333333333,0.9356094002723694,13.689858838915825,91,0,91,double,142.85724868587627,JUMPING,False,,0.41176797761160555,,,25.137382358535458,13.813793399047851,4.604597799682617,230.67544555664062,225.81170654296875,137.58236694335938,133.81552124023438,14.782896041870117,False
1139,37.96666666666667,0.9384394288063049,11.541035957634449,91,0,91,double,142.85724868587627,JUMPING,False,,0.41176797761160555,,,25.137382358535458,13.813793399047851,4.604597799682617,230.67544555664062,223.03811645507812,137.58236694335938,131.23068237304688,15.3029146194458,False
1140,38.0,0.9154179096221924,12.53979280591011,91,0,91,double,142.85724868587627,JUMPING,False,,0.41176797761160555,,,25.137382358535458,13.813793399047851,4.604597799682617,230.67544555664062,218.09664916992188,137.58236694335938,126.10675048828125,19.063968658447266,False
1141,38.03333333333333,0.9240543246269226,11.350900400429964,91,0,91,double,142.85724868587627,JUMPING,False,,0.41176797761160555,,,25.137382358535458,13.813793399047851,4.604597799682617,230.67544555664062,212.54238891601562,137.58236694335938,120.7723159790039,16.99808120727539,True
1142,38.06666666666667,0.9253907799720764,12.534663081169128,91,0,91,double,142.85724868587627,JUMPING,False,,0.41176797761160555,,,25.137382358535458,13.813793399047851,4.604597799682617,230.67544555664062,207.73422241210938,137.58236694335938,117.0317611694336,16.073711395263672,True
1143,38.1,0.9197973012924194,11.319175362586975,91,0,91,double,142.85724868587627,JUMPING,False,,0.41176797761160555,,,25.137382358535458,14.109698062133788,4.7032326873779295,229.59739685058594,205.98211669921875,137.58236694335938,115.42979431152344,14.9020357131958,True
1144,38.13333333333333,0.9224201440811157,12.74122204631567,91,0,91,double,142.85724868587627,JUMPING,False,,0.41176797761160555,,,25.137382358535458,13.424841650390626,4.474947216796875,229.1878662109375,205.45541381835938,137.2404327392578,114.88638305664062,14.941211700439453,True
1145,38.166666666666664,0.9388963580131531,11.167072225362062,91,0,91,double,142.85724868587627,JUMPING,False,,0.41176797761160555,,,25.137382358535458,8.79808382548741,2.828830480957031,229.1029815673828,210.4549102783203,136.64089965820312,119.71068572998047,13.57930850982666,True
1146,38.2,0.9339420795440674,12.428715359419584,91,0,91,double,142.85724868587627,JUMPING,False,,0.41176797761160555,,,25.137382358535458,8.79808382548741,1.7344356811523436,229.1029815673828,214.372802734375,136.64089965820312,123.44241333007812,12.46743392944336,True
1147,38.233333333333334,0.930372416973114,11.476592160761356,92,0,92,double,145.16136596035605,JUMPING,True,0.3999999999999986,0.409179022537052,23.647567749023438,21.7545166015625,24.764928706157452,8.79808382548741,1.7344356811523436,229.1029815673828,220.84005737304688,136.64089965820312,129.38894653320312,11.024284362792969,False
1148,38.266666666666666,0.9292798638343811,12.769678141921759,92,0,92,double,145.16136596035605,JUMPING,False,,0.409179022537052,,,24.764928706157452,8.667725047155107,1.4585747131347655,229.1029815673828,228.53985595703125,136.83648681640625,136.252197265625,12.052660942077637,False
1149,38.3,0.9239521026611328,11.589895002543926,92,0,92,double,145.16136596035605,JUMPING,False,,0.409179022537052,,,24.764928706157452,8.667725047155107,1.7344356811523436,229.1878662109375,231.73529052734375,137.2404327392578,139.7111053466797,13.263049125671387,False
1150,38.333333333333336,0.9350683093070984,12.755529023706913,92,0,92,double,145.16136596035605,JUMPING,False,,0.409179022537052,,,24.764928706157452,8.667725047155107,1.7771699249267576,229.59739685058594,230.12875366210938,137.58236694335938,137.84866333007812,13.42323112487793,False
1151,38.36666666666667,0.9360492825508118,11.155009735375643,92,0,92,double,145.16136596035605,JUMPING,False,,0.409179022537052,,,24.764928706157452,8.667725047155107,1.6902309631347656,229.59739685058594,228.14337158203125,137.58236694335938,136.2158203125,13.394609451293945,False
1152,38.4,0.9189439415931702,12.328559998422861,92,0,92,double,145.16136596035605,JUMPING,False,,0.409179022537052,,,24.764928706157452,8.667725047155107,1.6902309631347656,229.59739685058594,222.31765747070312,137.58236694335938,130.2244873046875,17.035879135131836,False
1153,38.43333333333333,0.917572557926178,11.237517930567265,92,0,92,double,145.16136596035605,JUMPING,False,,0.409179022537052,,,24.764928706157452,8.667725047155107,1.6902309631347656,229.59739685058594,215.31492614746094,137.58236694335938,123.22059631347656,16.675695419311523,True
1154,38.46666666666667,0.9297356605529785,12.735094875097275,92,0,92,double,145.16136596035605,JUMPING,False,,0.409179022537052,,,24.764928706157452,8.667725047155107,1.6902309631347656,229.59739685058594,208.79562377929688,137.58236694335938,117.3510513305664,16.84149742126465,True
1155,38.5,0.9314651489257812,11.051815003156662,92,0,92,double,145.16136596035605,JUMPING,False,,0.409179022537052,,,24.764928706157452,8.667725047155107,1.6902309631347656,229.59739685058594,204.85183715820312,137.58236694335938,113.65586853027344,15.904716491699219,True
1156,38.53333333333333,0.9319868683815002,12.764118146151304,92,0,92,double,145.16136596035605,JUMPING,False,,0.409179022537052,,,24.764928706157452,8.667725047155107,1.7692067413330077,229.56411743164062,202.7874298095703,137.58236694335938,111.93984985351562,15.091511726379395,True
1157,38.56666666666667,0.9233389496803284,11.419985443353653,92,0,92,double,145.16136596035605,JUMPING,False,,0.409179022537052,,,24.764928706157452,8.667725047155107,1.9398043762207031,229.1029815673828,205.15924072265625,137.2404327392578,114.14396667480469,14.159701347351074,True
1158,38.6,0.9269622564315796,12.427907902747393,92,0,92,double,145.16136596035605,JUMPING,False,,0.409179022537052,,,24.764928706157452,8.667725047155107,2.527632110595703,228.84625244140625,207.26979064941406,136.83648681640625,116.20275115966797,14.062743186950684,True
1159,38.63333333333333,0.9284090399742126,12.217023875564337,92,0,92,double,145.16136596035605,JUMPING,False,,0.409179022537052,,,24.764928706157452,8.667725047155107,2.4416659240722653,228.84625244140625,211.55148315429688,136.83648681640625,120.51956176757812,13.921147346496582,True
1160,38.666666666666664,0.9319292902946472,12.894496787339449,92,0,92,double,145.16136596035605,JUMPING,False,,0.409179022537052,,,24.764928706157452,8.667725047155107,2.4416659240722653,228.84625244140625,218.71401977539062,136.83648681640625,127.77842712402344,11.40954303741455,True
1161,38.7,0.9295244812965393,11.265698820352554,93,0,93,double,140.62487872444308,JUMPING,True,0.46666666666666856,0.42182630424556766,26.058822631835938,24.896636962890625,25.088402187577074,8.667725047155107,2.5784878967285154,228.84625244140625,226.40420532226562,136.83648681640625,134.76437377929688,11.71690559387207,False
1162,38.733333333333334,0.9304794073104858,12.594746891409159,93,0,93,double,140.62487872444308,JUMPING,False,,0.42182630424556766,,,25.088402187577074,8.780940765651975,2.5279035827636718,228.84625244140625,228.42352294921875,137.2404327392578,137.57562255859375,12.363736152648926,False
1163,38.766666666666666,0.9323974847793579,11.186832562088966,93,0,93,double,140.62487872444308,JUMPING,False,,0.42182630424556766,,,25.088402187577074,8.780940765651975,1.649476203918457,229.1029815673828,229.3402557373047,137.4453887939453,138.66799926757812,11.99983024597168,False
1164,38.8,0.9286335706710815,12.629877775907516,93,0,93,double,140.62487872444308,JUMPING,False,,0.42182630424556766,,,25.088402187577074,8.780940765651975,2.1122796936035155,229.1029815673828,226.79502868652344,137.4453887939453,135.09457397460938,12.713553428649902,False
1165,38.833333333333336,0.9113528728485107,11.613350361585617,93,0,93,double,140.62487872444308,JUMPING,False,,0.42182630424556766,,,25.088402187577074,8.780940765651975,2.1122796936035155,229.1029815673828,221.43873596191406,137.4453887939453,128.6107177734375,15.193561553955078,False
1166,38.86666666666667,0.917163074016571,12.7579509280622,93,0,93,double,140.62487872444308,JUMPING,False,,0.42182630424556766,,,25.088402187577074,8.780940765651975,2.1122796936035155,229.1029815673828,215.560546875,137.4453887939453,122.01275634765625,14.981493949890137,True
1167,38.9,0.9232932925224304,11.519093997776508,93,0,93,double,140.62487872444308,JUMPING,False,,0.42182630424556766,,,25.088402187577074,8.780940765651975,2.1122796936035155,229.1029815673828,209.1687469482422,137.4453887939453,116.55027770996094,15.415597915649414,True
1168,38.93333333333333,0.922105073928833,12.72032642737031,93,0,93,double,140.62487872444308,JUMPING,False,,0.42182630424556766,,,25.088402187577074,8.780940765651975,2.1122796936035155,229.1029815673828,205.61782836914062,137.4453887939453,113.90370178222656,15.820785522460938,True
1169,38.96666666666667,0.9227503538131714,11.528415139764547,93,0,93,double,140.62487872444308,JUMPING,False,,0.42182630424556766,,,25.088402187577074,8.780940765651975,1.649476203918457,229.1029815673828,203.52919006347656,137.4453887939453,112.73622131347656,16.20700454711914,True
1170,39.0,0.9175653457641602,12.617301195859909,93,0,93,double,140.62487872444308,JUMPING,False,,0.42182630424556766,,,25.088402187577074,8.780940765651975,1.8867768127441404,228.84625244140625,204.6414794921875,137.2404327392578,113.79124450683594,16.282915115356445,True
1171,39.03333333333333,0.9200835824012756,11.39721879735589,93,0,93,double,140.62487872444308,JUMPING,False,,0.42182630424556766,,,25.088402187577074,8.780940765651975,1.9990531768798827,228.49331665039062,208.7762451171875,136.8509063720703,117.54086303710938,16.84640884399414,True
1172,39.06666666666667,0.9210164546966553,12.677639722824097,93,0,93,double,140.62487872444308,JUMPING,False,,0.42182630424556766,,,25.088402187577074,8.780940765651975,1.8867768127441404,228.49331665039062,211.63668823242188,136.8509063720703,119.9901351928711,17.433109283447266,True
1173,39.1,0.9316207766532898,11.445746757090092,93,0,93,double,140.62487872444308,JUMPING,False,,0.42182630424556766,,,25.088402187577074,8.780940765651975,1.8867768127441404,228.49331665039062,217.43292236328125,136.8509063720703,125.53659057617188,13.920954704284668,True
1174,39.13333333333333,0.9320007562637329,12.715843971818686,94,0,94,double,142.85698512801892,JUMPING,True,0.43333333333333,0.4243578506448754,24.964126586914062,24.11468505859375,25.05733328741132,8.780940765651975,1.9990531768798827,228.49331665039062,225.08731079101562,136.8509063720703,132.865966796875,12.5001802444458,False
1175,39.166666666666664,0.9313240051269531,11.777214240282774,94,0,94,double,142.85698512801892,JUMPING,False,,0.4243578506448754,,,25.05733328741132,8.770066650593963,2.0521372970581053,228.84625244140625,229.56332397460938,137.32167053222656,137.36941528320312,12.433624267578125,False
1176,39.2,0.9356706738471985,12.51585315912962,94,0,94,double,142.85698512801892,JUMPING,False,,0.4243578506448754,,,25.05733328741132,8.770066650593963,1.8289306182861327,229.22434997558594,229.86724853515625,137.32167053222656,136.9052734375,11.004785537719727,False
1177,39.233333333333334,0.940595269203186,11.37474412098527,94,0,94,double,142.85698512801892,JUMPING,False,,0.4243578506448754,,,25.05733328741132,8.770066650593963,2.140467553710937,229.22434997558594,225.89527893066406,137.32167053222656,132.10745239257812,13.42751407623291,False
1178,39.266666666666666,0.9409569501876831,12.391624972224236,94,0,94,double,142.85698512801892,JUMPING,False,,0.4243578506448754,,,25.05733328741132,8.770066650593963,2.140467553710937,229.22434997558594,222.52883911132812,137.32167053222656,128.66818237304688,13.793203353881836,False
1179,39.3,0.9146755337715149,11.45902369171381,94,0,94,double,142.85698512801892,JUMPING,False,,0.4243578506448754,,,25.05733328741132,8.770066650593963,2.140467553710937,229.22434997558594,217.26168823242188,137.32167053222656,123.41993713378906,15.90385627746582,True
1180,39.333333333333336,0.9251205921173096,13.510890770703554,94,0,94,double,142.85698512801892,JUMPING,False,,0.4243578506448754,,,25.05733328741132,8.770066650593963,2.140467553710937,229.22434997558594,210.9881134033203,137.32167053222656,118.85881042480469,16.040525436401367,True
1181,39.36666666666667,0.9257603883743286,11.803492903709412,94,0,94,double,142.85698512801892,JUMPING,False,,0.4243578506448754,,,25.05733328741132,8.770066650593963,2.2480836456298827,229.22434997558594,206.92745971679688,137.32167053222656,116.01045227050781,14.484811782836914,True
1182,39.4,0.9236056804656982,12.63346103951335,94,0,94,double,142.85698512801892,JUMPING,False,,0.4243578506448754,,,25.05733328741132,8.770066650593963,2.5419975128173826,229.0200958251953,205.8494415283203,137.1837615966797,115.539306640625,13.824227333068848,True
1183,39.43333333333333,0.9226534366607666,11.247577611356974,94,0,94,double,142.85698512801892,JUMPING,False,,0.4243578506448754,,,25.05733328741132,8.770066650593963,2.41440559387207,229.0200958251953,208.09970092773438,137.1837615966797,117.76652526855469,14.569930076599121,True
1184,39.46666666666667,0.9227324724197388,12.666603084653616,94,0,94,double,142.85698512801892,JUMPING,False,,0.4243578506448754,,,25.05733328741132,8.770066650593963,2.2480836456298827,229.0200958251953,209.8167724609375,137.1837615966797,119.57093048095703,14.58423900604248,True
1185,39.5,0.9344418048858643,11.101560201495886,94,0,94,double,142.85698512801892,JUMPING,False,,0.4243578506448754,,,25.05733328741132,8.770066650593963,2.2480836456298827,229.0200958251953,214.61106872558594,137.1837615966797,124.60501098632812,14.006011009216309,True
1186,39.53333333333333,0.9208489656448364,12.758369091898203,95,0,95,double,145.16136596035605,JUMPING,True,0.3999999999999986,0.4189991235030025,23.170654296875,21.644454956054688,24.58566353977724,8.770066650593963,2.2480836456298827,229.0200958251953,222.23507690429688,137.1837615966797,131.69595336914062,11.83594036102295,False
1187,39.56666666666667,0.9271296858787537,11.461788788437843,95,0,95,double,145.16136596035605,JUMPING,False,,0.4189991235030025,,,24.58566353977724,8.604982238922034,2.41440559387207,229.0200958251953,225.7463836669922,137.1837615966797,135.77835083007812,11.965776443481445,False
1188,39.6,0.9262644648551941,12.304660864174366,95,0,95,double,145.16136596035605,JUMPING,False,,0.4189991235030025,,,24.58566353977724,8.604982238922034,2.277436573791504,229.0200958251953,227.51104736328125,137.49313354492188,137.8766632080078,12.0789213180542,False
1189,39.63333333333333,0.9387515783309937,11.249877978116274,95,0,95,double,145.16136596035605,JUMPING,False,,0.4189991235030025,,,24.58566353977724,8.604982238922034,2.555819970703125,229.0200958251953,225.05296325683594,137.49313354492188,134.86349487304688,13.995266914367676,False
1190,39.666666666666664,0.9174395203590393,12.63448316603899,95,0,95,double,145.16136596035605,JUMPING,False,,0.4189991235030025,,,24.58566353977724,8.604982238922034,2.555819970703125,229.0200958251953,220.010009765625,137.49313354492188,128.87884521484375,15.603263854980469,True
1191,39.7,0.9284427762031555,11.388583108782768,95,0,95,double,145.16136596035605,JUMPING,False,,0.4189991235030025,,,24.58566353977724,8.604982238922034,2.555819970703125,229.0200958251953,213.63502502441406,137.49313354492188,122.57820129394531,15.85202693939209,True
1192,39.733333333333334,0.9312024116516113,12.55408488214016,95,0,95,double,145.16136596035605,JUMPING,False,,0.4189991235030025,,,24.58566353977724,8.604982238922034,2.555819970703125,229.0200958251953,208.4856719970703,137.49313354492188,118.08418273925781,14.979010581970215,True
1193,39.766666666666666,0.9314613342285156,11.29504619166255,95,0,95,double,145.16136596035605,JUMPING,False,,0.4189991235030025,,,24.58566353977724,8.604982238922034,2.71912179107666,228.9735565185547,205.09506225585938,137.49313354492188,115.47784423828125,14.609971046447754,True
1194,39.8,0.9281302094459534,12.603621929883957,95,0,95,double,145.16136596035605,JUMPING,False,,0.4189991235030025,,,24.58566353977724,8.604982238922034,2.5318625518798825,228.31146240234375,204.0697021484375,137.1837615966797,114.46785736083984,14.022892951965332,True
1195,39.833333333333336,0.9213902950286865,11.553749907761812,95,0,95,double,145.16136596035605,JUMPING,False,,0.4189991235030025,,,24.58566353977724,8.604982238922034,2.5784878967285154,227.89044189453125,205.74600219726562,136.62948608398438,115.93743896484375,15.570940971374512,True
1196,39.86666666666667,0.9211408495903015,12.750734109431505,95,0,95,double,145.16136596035605,JUMPING,False,,0.4189991235030025,,,24.58566353977724,11.24512374572754,3.7483745819091796,227.22463989257812,209.68130493164062,136.45449829101562,119.74552154541016,15.873920440673828,True
1197,39.9,0.9315038323402405,11.375085916370153,95,0,95,double,145.16136596035605,JUMPING,False,,0.4189991235030025,,,24.58566353977724,8.604982238922034,2.6946779846191404,227.22463989257812,216.61639404296875,136.45449829101562,126.29946899414062,14.483170509338379,True
1198,39.93333333333333,0.9285150170326233,14.892587903887033,96,0,96,double,142.85698512801892,JUMPING,True,0.3999999999999986,0.41481931633234165,23.154937744140625,21.98664093017578,24.227982090868085,8.604982238922034,2.395538278198242,227.22463989257812,225.49273681640625,136.45449829101562,134.15087890625,12.313401222229004,False
1199,39.96666666666667,0.9292050004005432,11.383490171283484,96,0,96,double,142.85698512801892,JUMPING,False,,0.41481931633234165,,,24.227982090868085,8.479793731803829,2.0033514862060544,228.05853271484375,230.833251953125,137.1837615966797,138.73068237304688,11.540152549743652,False
1200,40.0,0.9321690201759338,12.91116327047348,96,0,96,double,142.85698512801892,JUMPING,False,,0.41481931633234165,,,24.227982090868085,8.479793731803829,2.762116195678711,228.9735565185547,232.7122344970703,137.49313354492188,140.92770385742188,11.529974937438965,False
1201,40.03333333333333,0.9337707757949829,11.642422992736101,96,0,96,double,142.85698512801892,JUMPING,False,,0.41481931633234165,,,24.227982090868085,8.977041650390625,2.9923472167968748,229.47409057617188,230.46588134765625,137.75624084472656,138.58518981933594,12.971979141235352,False
1202,40.06666666666667,0.9384406208992004,12.49661110341549,96,0,96,double,142.85698512801892,JUMPING,False,,0.41481931633234165,,,24.227982090868085,9.26436100616455,3.0881203353881834,229.47409057617188,224.92074584960938,137.75624084472656,132.00299072265625,16.09025764465332,False
1203,40.1,0.9279303550720215,11.30330003798008,96,0,96,double,142.85698512801892,JUMPING,False,,0.41481931633234165,,,24.227982090868085,9.26436100616455,3.0881203353881834,229.47409057617188,217.0580291748047,137.75624084472656,124.81932067871094,17.986343383789062,True
1204,40.13333333333333,0.9262741804122925,12.415651232004166,96,0,96,double,142.85698512801892,JUMPING,False,,0.41481931633234165,,,24.227982090868085,9.26436100616455,3.0881203353881834,229.47409057617188,211.7481689453125,137.75624084472656,120.23030090332031,18.619386672973633,True
1205,40.166666666666664,0.9363127946853638,11.426545679569244,96,0,96,double,142.85698512801892,JUMPING,False,,0.41481931633234165,,,24.227982090868085,9.26436100616455,3.0881203353881834,229.47409057617188,206.5597686767578,137.75624084472656,115.0294189453125,16.123931884765625,True
1206,40.2,0.932899534702301,12.684877030551434,96,0,96,double,142.85698512801892,JUMPING,False,,0.41481931633234165,,,24.227982090868085,9.128115911865233,3.0427053039550778,229.47409057617188,203.45584106445312,137.75624084472656,112.23318481445312,15.534202575683594,True
1207,40.233333333333334,0.9307100176811218,11.33158802986145,96,0,96,double,142.85698512801892,JUMPING,False,,0.41481931633234165,,,24.227982090868085,9.534509747314452,3.178169915771484,229.47409057617188,202.8498077392578,137.67376708984375,111.91980743408203,13.808165550231934,True
1208,40.266666666666666,0.9269025921821594,12.383566703647375,96,0,96,double,142.85698512801892,JUMPING,False,,0.41481931633234165,,,24.227982090868085,8.479793731803829,2.5827862060546876,228.74241638183594,204.74139404296875,137.1837615966797,114.24778747558594,15.324748039245605,True
1209,40.3,0.9214960932731628,11.110538151115179,96,0,96,double,142.85698512801892,JUMPING,False,,0.41481931633234165,,,24.227982090868085,8.479793731803829,2.544587809753418,228.74241638183594,210.05718994140625,137.1837615966797,119.10317993164062,14.23220443725586,True
1210,40.333333333333336,0.9299103021621704,12.700674124062061,96,0,96,double,142.85698512801892,JUMPING,False,,0.41481931633234165,,,24.227982090868085,8.479793731803829,2.544587809753418,228.74241638183594,217.77890014648438,137.1837615966797,126.56117248535156,11.703043937683105,True
1211,40.36666666666667,0.932773768901825,11.348029132932425,97,0,97,double,140.62513411057864,JUMPING,True,0.4333333333333371,0.4188924000725607,25.892608642578125,25.263954162597656,24.644138728795596,8.479793731803829,2.544587809753418,228.74241638183594,222.59957885742188,137.1837615966797,130.97702026367188,11.45998477935791,False
1212,40.4,0.9199528694152832,12.642194982618093,97,0,97,double,140.62513411057864,JUMPING,False,,0.4188924000725607,,,24.644138728795596,10.780295526123046,3.5934318420410154,229.7456817626953,229.96292114257812,137.19821166992188,136.94140625,9.813092231750488,False
1213,40.43333333333333,0.9240173101425171,11.336088180541992,97,0,97,double,140.62513411057864,JUMPING,False,,0.4188924000725607,,,24.644138728795596,12.081800967407226,4.027266989135742,229.92465209960938,233.0067138671875,137.67376708984375,140.13262939453125,10.702192306518555,False
1214,40.46666666666667,0.9294271469116211,12.335102073848248,97,0,97,double,140.62513411057864,JUMPING,False,,0.4188924000725607,,,24.644138728795596,14.005724221801756,4.668574740600586,230.2646942138672,230.55348205566406,137.90798950195312,137.92886352539062,13.020164489746094,False
1215,40.5,0.9136947393417358,11.56048197299242,97,0,97,double,140.62513411057864,JUMPING,False,,0.4188924000725607,,,24.644138728795596,14.005724221801756,4.668574740600586,230.2646942138672,223.84002685546875,137.90798950195312,131.22946166992188,17.177804946899414,False
1216,40.53333333333333,0.9125040173530579,12.494395021349192,97,0,97,double,140.62513411057864,JUMPING,False,,0.4188924000725607,,,24.644138728795596,14.005724221801756,4.668574740600586,230.2646942138672,219.63925170898438,137.90798950195312,126.9647216796875,19.6390323638916,False
1217,40.56666666666667,0.9241329431533813,11.881613172590733,97,0,97,double,140.62513411057864,JUMPING,False,,0.4188924000725607,,,24.644138728795596,14.005724221801756,4.668574740600586,230.2646942138672,213.2235870361328,137.90798950195312,120.764404296875,17.318513870239258,True
1218,40.6,0.9300988912582397,12.530604377388954,97,0,97,double,140.62513411057864,JUMPING,False,,0.4188924000725607,,,24.644138728795596,14.005724221801756,4.668574740600586,230.2646942138672,206.16976928710938,137.90798950195312,114.38803100585938,16.395151138305664,True
1219,40.63333333333333,0.9332722425460815,11.382092256098986,97,0,97,double,140.62513411057864,JUMPING,False,,0.4188924000725607,,,24.644138728795596,11.566920066833495,3.8556400222778318,230.2646942138672,201.7689971923828,137.90798950195312,110.81069946289062,16.136690139770508,True
1220,40.666666666666664,0.9203343987464905,12.677914928644896,97,0,97,double,140.62513411057864,JUMPING,False,,0.4188924000725607,,,24.644138728795596,12.653928561401365,4.217976187133789,230.2646942138672,200.23443603515625,137.90798950195312,109.65299987792969,16.941545486450195,True
1221,40.7,0.9234281778335571,12.605685740709305,97,0,97,double,140.62513411057864,JUMPING,False,,0.4188924000725607,,,24.644138728795596,12.970465109252931,4.323488369750977,230.2646942138672,202.22384643554688,137.90798950195312,111.43716430664062,19.105289459228516,True
1222,40.733333333333334,0.9158382415771484,12.755773961544037,97,0,97,double,140.62513411057864,JUMPING,False,,0.4188924000725607,,,24.644138728795596,12.22839593811035,4.076131979370117,230.2646942138672,207.0416259765625,137.90798950195312,116.25205993652344,20.322099685668945,True
1223,40.766666666666666,0.9101602435112,11.63860922679305,97,0,97,double,140.62513411057864,JUMPING,False,,0.4188924000725607,,,24.644138728795596,12.22839593811035,4.076131979370117,230.2646942138672,210.19070434570312,137.90798950195312,119.62968444824219,19.935298919677734,True
1224,40.8,0.9187841415405273,12.448437977582216,97,0,97,double,140.62513411057864,JUMPING,False,,0.4188924000725607,,,24.644138728795596,12.22839593811035,4.076131979370117,230.2646942138672,216.44090270996094,137.90798950195312,125.66609191894531,17.236591339111328,True
1225,40.833333333333336,0.9148114323616028,11.204300913959742,98,0,98,double,140.62513411057864,JUMPING,True,0.46666666666666856,0.4294027387232644,30.030258178710938,28.254989624023438,25.99066859127443,12.22839593811035,4.076131979370117,230.2646942138672,223.75869750976562,137.90798950195312,132.40386962890625,16.50018882751465,False
1226,40.86666666666667,0.9193135499954224,12.516987975686789,98,0,98,double,140.62513411057864,JUMPING,False,,0.4294027387232644,,,25.99066859127443,11.312686381530762,3.770895460510254,230.2646942138672,227.86488342285156,137.90798950195312,136.72874450683594,15.989402770996094,False
1227,40.9,0.923650860786438,11.205655988305807,98,0,98,double,140.62513411057864,JUMPING,False,,0.4294027387232644,,,25.99066859127443,9.09673400694605,2.665539971923828,230.2646942138672,229.03536987304688,137.90798950195312,137.75320434570312,15.509604454040527,False
1228,40.93333333333333,0.9301670789718628,13.011934235692024,98,0,98,double,140.62513411057864,JUMPING,False,,0.4294027387232644,,,25.99066859127443,9.977450523376465,3.325816841125488,230.2646942138672,227.78126525878906,137.90798950195312,135.93927001953125,16.15868377685547,False
1229,40.96666666666667,0.930185854434967,11.154624167829752,98,0,98,double,140.62513411057864,JUMPING,False,,0.4294027387232644,,,25.99066859127443,10.550833676147459,3.51694455871582,230.2646942138672,226.50381469726562,137.90798950195312,134.58975219726562,15.994548797607422,False
1230,41.0,0.9331082105636597,12.460040394216776,98,0,98,double,140.62513411057864,JUMPING,False,,0.4294027387232644,,,25.99066859127443,11.059776123046873,3.6865920410156248,230.2646942138672,224.6707763671875,137.90798950195312,132.8651580810547,16.483659744262695,False
1231,41.03333333333333,0.9340060353279114,11.237103957682848,98,0,98,double,140.62513411057864,JUMPING,False,,0.4294027387232644,,,25.99066859127443,11.059776123046873,3.6865920410156248,230.2646942138672,223.32333374023438,137.90798950195312,131.8084259033203,17.066884994506836,False
1232,41.06666666666667,0.9326779842376709,12.46091490611434,98,0,98,double,140.62513411057864,JUMPING,False,,0.4294027387232644,,,25.99066859127443,11.568718569946288,3.8562395233154296,230.2646942138672,222.33905029296875,137.90798950195312,130.972900390625,17.693647384643555,False
1233,41.1,0.9322513341903687,11.323834303766489,98,0,98,double,140.62513411057864,JUMPING,False,,0.4294027387232644,,,25.99066859127443,9.977450523376465,3.325816841125488,230.2646942138672,222.939453125,137.8585968017578,131.31982421875,17.000316619873047,False
1234,41.13333333333333,0.9332942366600037,12.594877742230892,98,0,98,double,140.62513411057864,JUMPING,False,,0.4294027387232644,,,25.99066859127443,9.09673400694605,2.665539971923828,230.2646942138672,224.18673706054688,137.8585968017578,132.98370361328125,15.89085578918457,False
1235,41.166666666666664,0.931035578250885,11.268439702689648,98,0,98,double,140.62513411057864,JUMPING,False,,0.4294027387232644,,,25.99066859127443,9.977450523376465,3.325816841125488,230.2646942138672,224.8961639404297,137.8585968017578,134.2711944580078,16.19940948486328,False
1236,41.2,0.9316474199295044,12.616826221346855,98,0,98,double,140.62513411057864,JUMPING,False,,0.4294027387232644,,,25.99066859127443,11.689252212524412,3.8964174041748043,230.2646942138672,225.23678588867188,137.8585968017578,134.84837341308594,16.489362716674805,False
1237,41.233333333333334,0.9343915581703186,11.450295802205801,98,0,98,double,140.62513411057864,JUMPING,False,,0.4294027387232644,,,25.99066859127443,11.949492219543457,3.983164073181152,230.2646942138672,224.90478515625,137.8585968017578,134.43443298339844,17.389204025268555,False
1238,41.266666666666666,0.9329733848571777,12.86844676360488,98,0,98,double,140.62513411057864,JUMPING,False,,0.4294027387232644,,,25.99066859127443,12.330265869140625,4.110088623046875,230.2646942138672,224.65066528320312,137.8585968017578,134.12567138671875,17.62823486328125,False
1239,41.3,0.935562014579773,11.572747956961393,98,0,98,double,140.62513411057864,JUMPING,False,,0.4294027387232644,,,25.99066859127443,10.492704698181152,3.4975682327270508,230.2646942138672,224.51052856445312,137.8585968017578,133.572021484375,17.770767211914062,False
1240,41.333333333333336,0.9350171089172363,12.370555195957422,98,0,98,double,140.62513411057864,JUMPING,False,,0.4294027387232644,,,25.99066859127443,9.09673400694605,2.717662628173828,230.2646942138672,224.83145141601562,137.8585968017578,133.56068420410156,17.953672409057617,False
1241,41.36666666666667,0.9347447156906128,11.522670742124319,98,0,98,double,140.62513411057864,JUMPING,False,,0.4294027387232644,,,25.99066859127443,9.09673400694605,2.1018506378173827,230.2646942138672,225.10934448242188,137.8585968017578,133.94601440429688,17.008045196533203,False
1242,41.4,0.9343919157981873,13.293562922626734,98,0,98,double,140.62513411057864,JUMPING,False,,0.4294027387232644,,,25.99066859127443,9.09673400694605,1.549970343017578,230.2646942138672,225.69610595703125,137.8585968017578,134.5990753173828,16.629533767700195,False
1243,41.43333333333333,0.9361177682876587,11.459329165518284,98,0,98,double,140.62513411057864,JUMPING,False,,0.4294027387232644,,,25.99066859127443,9.09673400694605,1.549970343017578,230.2646942138672,225.607177734375,137.8585968017578,134.88946533203125,17.1834659576416,False
1244,41.46666666666667,0.9364076256752014,12.453674338757992,98,0,98,double,140.62513411057864,JUMPING,False,,0.4294027387232644,,,25.99066859127443,9.09673400694605,1.477623010253906,229.59190368652344,225.66419982910156,137.42848205566406,135.2171173095703,17.820465087890625,False
1245,41.5,0.9384542107582092,11.396513786166906,98,0,98,double,140.62513411057864,JUMPING,False,,0.4294027387232644,,,25.99066859127443,9.09673400694605,1.367857763671875,228.56716918945312,225.4197998046875,136.85633850097656,135.2059326171875,17.697952270507812,False
1246,41.53333333333333,0.9387624263763428,12.542685959488153,98,0,98,double,140.62513411057864,JUMPING,False,,0.4294027387232644,,,25.99066859127443,9.09673400694605,1.126439826965332,227.83143615722656,224.92002868652344,136.41294860839844,134.72702026367188,17.581857681274414,False
1247,41.56666666666667,0.9380356073379517,11.319214943796396,98,0,98,double,140.62513411057864,JUMPING,False,,0.4294027387232644,,,25.99066859127443,9.09673400694605,1.118895162963867,227.83143615722656,224.94378662109375,136.41294860839844,134.52511596679688,17.45575714111328,False
1248,41.6,0.9369344711303711,12.268382590264082,98,0,98,double,140.62513411057864,JUMPING,False,,0.4294027387232644,,,25.99066859127443,9.09673400694605,1.1033081359863282,227.83143615722656,224.87380981445312,136.41294860839844,134.40489196777344,18.429100036621094,False
1249,41.63333333333333,0.9372065663337708,11.392953805625439,98,0,98,double,140.62513411057864,JUMPING,False,,0.4294027387232644,,,25.99066859127443,9.09673400694605,1.0952431503295899,227.83143615722656,224.8800506591797,136.41294860839844,134.4393310546875,18.229169845581055,False
1250,41.666666666666664,0.9384945631027222,12.55013793706894,98,0,98,double,140.62513411057864,JUMPING,False,,0.4294027387232644,,,25.99066859127443,9.09673400694605,1.064578106689453,227.83143615722656,224.476318359375,136.41294860839844,134.49459838867188,17.9639892578125,False
1251,41.7,0.9391041994094849,11.061686091125011,98,0,98,double,140.62513411057864,JUMPING,False,,0.4294027387232644,,,25.99066859127443,9.09673400694605,1.052972671508789,227.83143615722656,224.2159423828125,136.41294860839844,134.41928100585938,18.25141143798828,False
1252,41.733333333333334,0.9395359754562378,12.518059927970171,98,0,98,double,140.62513411057864,JUMPING,False,,0.4294027387232644,,,25.99066859127443,9.09673400694605,1.0517962921142578,227.83143615722656,224.25946044921875,136.41294860839844,134.30496215820312,17.82621192932129,False
1253,41.766666666666666,0.938625156879425,11.349773965775967,98,0,98,double,140.62513411057864,JUMPING,False,,0.4294027387232644,,,25.99066859127443,9.09673400694605,1.018201611328125,227.83143615722656,224.32994079589844,136.41294860839844,134.1316375732422,17.794330596923828,False
1254,41.8,0.9393013715744019,12.383743654936552,98,0,98,double,140.62513411057864,JUMPING,False,,0.4294027387232644,,,25.99066859127443,9.09673400694605,0.9846069305419921,227.83143615722656,224.41744995117188,136.41294860839844,134.14739990234375,17.150346755981445,False
1255,41.833333333333336,0.9406042098999023,11.024619918316603,98,0,98,double,140.62513411057864,JUMPING,False,,0.4294027387232644,,,25.99066859127443,9.09673400694605,0.9477093383789063,227.83143615722656,224.6107635498047,136.41294860839844,134.26620483398438,17.89200210571289,False
1256,41.86666666666667,0.9383915662765503,12.151009868830442,98,0,98,double,140.62513411057864,JUMPING,False,,0.4294027387232644,,,25.99066859127443,9.09673400694605,0.8632023147583008,227.83143615722656,224.54229736328125,136.41294860839844,134.2926025390625,18.214780807495117,False
1257,41.9,0.9394718408584595,11.139616835862398,98,0,98,double,140.62513411057864,JUMPING,False,,0.4294027387232644,,,25.99066859127443,9.09673400694605,0.8079124832153319,227.27027893066406,224.34808349609375,135.65040588378906,134.30795288085938,18.49132537841797,False
1258,41.93333333333333,0.9380417466163635,12.490639928728342,98,0,98,double,140.62513411057864,JUMPING,False,,0.4294027387232644,,,25.99066859127443,9.09673400694605,0.6722442672729492,226.18072509765625,224.42788696289062,135.212646484375,134.40798950195312,18.780853271484375,False
1259,41.96666666666667,0.9374292492866516,11.048310901969671,98,0,98,double,140.62513411057864,JUMPING,False,,0.4294027387232644,,,25.99066859127443,9.09673400694605,0.5426615524291992,225.683349609375,224.55316162109375,135.079345703125,134.55014038085938,18.881223678588867,False
1260,42.0,0.9381690621376038,12.633841950446367,98,0,98,double,140.62513411057864,JUMPING,False,,0.4294027387232644,,,25.99066859127443,9.09673400694605,0.5426615524291992,225.683349609375,224.1699981689453,135.079345703125,134.8154296875,18.542213439941406,False
1261,42.03333333333333,0.938153088092804,11.38569274917245,98,0,98,double,140.62513411057864,JUMPING,False,,0.4294027387232644,,,25.99066859127443,9.09673400694605,0.5800002868652343,225.683349609375,224.05877685546875,135.1041717529297,134.95152282714844,19.33145523071289,False
1262,42.06666666666667,0.9355353116989136,13.059166260063648,98,0,98,double,140.62513411057864,JUMPING,False,,0.4294027387232644,,,25.99066859127443,9.09673400694605,0.5826697631835938,225.683349609375,223.99217224121094,135.151611328125,135.07012939453125,19.581634521484375,False
1263,42.1,0.9365572929382324,11.701132170855999,98,0,98,double,140.62513411057864,JUMPING,False,,0.4294027387232644,,,25.99066859127443,9.09673400694605,0.5208419769287109,225.683349609375,224.54403686523438,135.212646484375,135.259033203125,19.555526733398438,False
1264,42.13333333333333,0.9356443881988525,12.289886362850666,98,0,98,double,140.62513411057864,JUMPING,False,,0.4294027387232644,,,25.99066859127443,9.09673400694605,0.5072909912109375,225.683349609375,224.85659790039062,135.2422637939453,135.3347625732422,19.525203704833984,False
1265,42.166666666666664,0.935135006904602,11.251905933022499,98,0,98,double,140.62513411057864,JUMPING,False,,0.4294027387232644,,,25.99066859127443,9.09673400694605,0.5800002868652343,225.683349609375,225.06512451171875,135.30447387695312,135.80551147460938,19.126676559448242,False
1266,42.2,0.9366537928581238,12.259688694030046,98,0,98,double,140.62513411057864,JUMPING,False,,0.4294027387232644,,,25.99066859127443,9.09673400694605,0.59723876953125,225.683349609375,225.32196044921875,135.5887451171875,135.758056640625,18.716331481933594,False
1267,42.233333333333334,0.9351325631141663,11.189796961843967,98,0,98,double,140.62513411057864,JUMPING,False,,0.4294027387232644,,,25.99066859127443,9.09673400694605,0.6098169799804687,225.683349609375,225.44158935546875,135.78652954101562,135.83114624023438,19.052703857421875,False
1268,42.266666666666666,0.9345722198486328,12.388044036924839,98,0,98,double,140.62513411057864,JUMPING,False,,0.4294027387232644,,,25.99066859127443,9.09673400694605,0.6722442672729492,225.74334716796875,225.77484130859375,135.82089233398438,135.84677124023438,18.581806182861328,False
1269,42.3,0.9366989135742188,11.090136133134365,98,0,98,double,140.62513411057864,JUMPING,False,,0.4294027387232644,,,25.99066859127443,9.09673400694605,0.7272286926269531,226.0777130126953,226.2796173095703,135.84051513671875,136.16574096679688,18.641216278076172,False
1270,42.333333333333336,0.3467136323451996,12.29087682440877,98,0,98,double,140.62513411057864,JUMPING,False,,0.4294027387232644,,,25.99066859127443,9.09673400694605,0.7539234558105469,226.4141387939453,226.9298858642578,135.9022674560547,136.17237854003906,19.038320541381836,False
1271,42.36666666666667,0.9471235871315002,11.252382304519415,98,0,98,double,140.62513411057864,STOPPED,False,,0.4294027387232644,,,25.99066859127443,9.09673400694605,0.7539234558105469,226.4141387939453,227.23773193359375,135.8593292236328,135.86769104003906,18.46991729736328,False
1272,42.4,0.9395022392272949,12.691413052380085,98,0,98,double,140.62513411057864,STOPPED,False,,0.4294027387232644,,,25.99066859127443,9.09673400694605,0.7539234558105469,226.4141387939453,227.05258178710938,135.8593292236328,135.93264770507812,19.102636337280273,False
1273,42.43333333333333,0.9394444823265076,11.264268774539232,98,0,98,double,140.62513411057864,STOPPED,False,,0.4294027387232644,,,25.99066859127443,9.09673400694605,0.7539234558105469,226.4141387939453,226.87548828125,135.8593292236328,136.0806121826172,18.973737716674805,False
1274,42.46666666666667,0.9392049312591553,12.420806102454662,98,0,98,double,140.62513411057864,STOPPED,False,,0.4294027387232644,,,25.99066859127443,9.09673400694605,0.7539234558105469,226.58883666992188,226.79498291015625,135.9066619873047,136.596435546875,18.994670867919922,False
1275,42.5,0.9375752806663513,11.457324959337711,98,0,98,double,140.62513411057864,STOPPED,False,,0.4294027387232644,,,25.99066859127443,9.09673400694605,0.8063402069091796,226.68771362304688,226.52679443359375,136.02142333984375,136.65481567382812,18.515283584594727,False
1276,42.53333333333333,0.9435378909111023,12.535905931144953,98,0,98,double,140.62513411057864,STOPPED,False,,0.4294027387232644,,,25.99066859127443,9.09673400694605,0.8002320831298828,226.68771362304688,226.29254150390625,136.13168334960938,136.468994140625,18.205289840698242,False
1277,42.56666666666667,0.9404694437980652,11.531577911227942,98,0,98,double,140.62513411057864,STOPPED,False,,0.4294027387232644,,,25.99066859127443,9.09673400694605,0.808647720336914,226.68771362304688,226.12786865234375,136.1697235107422,136.39529418945312,18.366382598876953,False
1278,42.6,0.9398747682571411,12.633167207241058,98,0,98,double,140.62513411057864,STOPPED,False,,0.4294027387232644,,,25.99066859127443,9.09673400694605,0.7958659057617187,226.68771362304688,226.26751708984375,136.30612182617188,136.47647094726562,18.01429557800293,False
1279,42.63333333333333,0.940558135509491,11.248468421399593,98,0,98,double,140.62513411057864,STOPPED,False,,0.4294027387232644,,,25.99066859127443,9.09673400694605,0.7732658477783203,226.68771362304688,226.35546875,136.43951416015625,136.65196228027344,17.921234130859375,False
1280,42.666666666666664,0.9409080743789673,12.125922832638025,98,0,98,double,140.62513411057864,STOPPED,False,,0.4294027387232644,,,25.99066859127443,9.09673400694605,0.883189453125,226.68771362304688,226.48477172851562,136.47348022460938,136.5130615234375,17.381376266479492,False
1281,42.7,0.9403923749923706,11.327844578772783,98,0,98,double,140.62513411057864,STOPPED,False,,0.4294027387232644,,,25.99066859127443,9.09673400694605,0.9100878204345703,226.77114868164062,226.73541259765625,136.47348022460938,136.438720703125,17.085737228393555,False
1282,42.733333333333334,0.9397996664047241,12.561099138110876,98,0,98,double,140.62513411057864,STOPPED,False,,0.4294027387232644,,,25.99066859127443,9.09673400694605,0.9602423034667968,226.84329223632812,226.98153686523438,136.47348022460938,136.43081665039062,17.628080368041992,False
1283,42.766666666666666,0.9401147961616516,12.303568422794342,98,0,98,double,140.62513411057864,STOPPED,False,,0.4294027387232644,,,25.99066859127443,9.09673400694605,1.02580283203125,226.8544464111328,226.8228759765625,136.47348022460938,136.2906036376953,18.31446647644043,False
1284,42.8,0.9383587837219238,12.247613165527582,98,0,98,double,140.62513411057864,STOPPED,False,,0.4294027387232644,,,25.99066859127443,9.09673400694605,1.3410272644042969,226.8544464111328,226.78781127929688,136.47348022460938,136.31936645507812,18.415935516357422,False
1285,42.833333333333336,0.9394282102584839,11.43651083111763,98,0,98,double,140.62513411057864,STOPPED,False,,0.4294027387232644,,,25.99066859127443,9.09673400694605,1.3872227783203124,226.9081268310547,227.05111694335938,136.47348022460938,136.3555908203125,17.992446899414062,False
1286,42.86666666666667,0.938368022441864,12.595425825566053,98,0,98,double,140.62513411057864,STOPPED,False,,0.4294027387232644,,,25.99066859127443,9.09673400694605,1.4311107788085937,226.96087646484375,227.62557983398438,136.49842834472656,136.74105834960938,17.424787521362305,False
1287,42.9,0.941525936126709,11.392321437597275,98,0,98,double,140.62513411057864,STOPPED,False,,0.4294027387232644,,,25.99066859127443,9.09673400694605,1.5029151672363281,227.02328491210938,227.6572723388672,136.56307983398438,136.81280517578125,16.818471908569336,False
1288,42.93333333333333,0.9413090944290161,12.630341108888388,98,0,98,double,140.62513411057864,STOPPED,False,,0.4294027387232644,,,25.99066859127443,9.09673400694605,1.5183890808105467,227.052001953125,227.841064453125,136.62974548339844,136.98406982421875,17.170238494873047,False
1289,42.96666666666667,0.9417240619659424,11.1855398863554,98,0,98,double,140.62513411057864,STOPPED,False,,0.4294027387232644,,,25.99066859127443,9.09673400694605,1.5466221862792968,227.16366577148438,227.96591186523438,136.65367126464844,136.99107360839844,17.052175521850586,False
1290,43.0,0.9390143156051636,12.409892864525318,98,0,98,double,140.62513411057864,STOPPED,False,,0.4294027387232644,,,25.99066859127443,9.09673400694605,1.725861685180664,227.47044372558594,228.12576293945312,136.70655822753906,137.0262908935547,18.402273178100586,False
1291,43.03333333333333,0.9400254487991333,11.16393692791462,98,0,98,double,140.62513411057864,STOPPED,False,,0.4294027387232644,,,25.99066859127443,9.09673400694605,1.850014956665039,227.64459228515625,227.76791381835938,136.7841033935547,136.94439697265625,18.807531356811523,False
1292,43.06666666666667,0.9412302374839783,12.514832895249128,98,0,98,double,140.62513411057864,STOPPED,False,,0.4294027387232644,,,25.99066859127443,9.09673400694605,2.0134638244628906,227.64459228515625,227.34347534179688,136.89175415039062,137.03233337402344,19.2239933013916,False
1293,43.1,0.9382100701332092,11.809296905994415,98,0,98,double,140.62513411057864,STOPPED,False,,0.4294027387232644,,,25.99066859127443,9.09673400694605,1.8006070220947266,227.64459228515625,227.16375732421875,136.89175415039062,136.6034393310547,18.936479568481445,False
1294,43.13333333333333,0.9416178464889526,12.513168156147003,98,0,98,double,140.62513411057864,STOPPED,False,,0.4294027387232644,,,25.99066859127443,9.09673400694605,1.5581145080566405,227.64459228515625,227.09080505371094,136.89175415039062,136.7244110107422,18.961524963378906,False
1295,43.166666666666664,0.9400737285614014,11.370763648301363,98,0,98,double,140.62513411057864,STOPPED,False,,0.4294027387232644,,,25.99066859127443,9.09673400694605,1.4648185729980467,227.64459228515625,227.29473876953125,136.89175415039062,136.66348266601562,17.717060089111328,False
1296,43.2,0.944176971912384,12.621928937733173,98,0,98,double,140.62513411057864,STOPPED,False,,0.4294027387232644,,,25.99066859127443,9.09673400694605,1.273113977050781,227.64459228515625,226.9246826171875,136.89175415039062,136.68801879882812,18.553836822509766,False
1297,43.233333333333334,0.9445232152938843,11.221043765544891,98,0,98,double,140.62513411057864,STOPPED,False,,0.4294027387232644,,,25.99066859127443,9.09673400694605,1.2008571350097657,227.64459228515625,226.18353271484375,136.89175415039062,136.6812744140625,19.73285675048828,False
1298,43.266666666666666,0.9420750737190247,12.575340922921896,98,0,98,double,140.62513411057864,STOPPED,False,,0.4294027387232644,,,25.99066859127443,9.09673400694605,1.1163388000488281,227.64459228515625,225.798828125,136.89175415039062,136.74757385253906,20.149961471557617,False
1299,43.3,0.9434810280799866,11.328137945383787,98,0,98,double,140.62513411057864,STOPPED,False,,0.4294027387232644,,,25.99066859127443,9.09673400694605,1.1163388000488281,227.64459228515625,225.6802978515625,136.8920440673828,136.81350708007812,19.538162231445312,False
1300,43.333333333333336,0.9433769583702087,12.50619487836957,98,0,98,double,140.62513411057864,STOPPED,False,,0.4294027387232644,,,25.99066859127443,9.09673400694605,1.1163388000488281,227.64459228515625,225.6085205078125,136.8920440673828,136.68466186523438,19.73880386352539,False
1301,43.36666666666667,0.9418668150901794,11.387255974113941,98,0,98,double,140.62513411057864,STOPPED,False,,0.4294027387232644,,,25.99066859127443,9.09673400694605,1.1163388000488281,227.64459228515625,225.66067504882812,136.8920440673828,136.5995330810547,18.74468231201172,False
1302,43.4,0.9417726397514343,12.277130037546158,98,0,98,double,140.62513411057864,STOPPED,False,,0.4294027387232644,,,25.99066859127443,9.09673400694605,1.1163388000488281,227.64459228515625,225.42379760742188,136.8920440673828,136.36367797851562,18.26695442199707,False
1303,43.43333333333333,0.9349032640457153,12.250886298716068,98,0,98,double,140.62513411057864,STOPPED,False,,0.4294027387232644,,,25.99066859127443,9.09673400694605,1.1163388000488281,227.64459228515625,225.5552978515625,136.8920440673828,136.474609375,18.318883895874023,False
1304,43.46666666666667,0.9346732497215271,12.462116777896881,98,0,98,double,140.62513411057864,STOPPED,False,,0.4294027387232644,,,25.99066859127443,9.09673400694605,1.0525428405761719,227.64459228515625,225.8072509765625,136.8920440673828,136.57211303710938,18.49378776550293,False
1305,43.5,0.9400320649147034,11.198073159903288,98,0,98,double,140.62513411057864,STOPPED,False,,0.4294027387232644,,,25.99066859127443,9.09673400694605,1.0169799865722655,227.64459228515625,225.8921356201172,136.8920440673828,136.55926513671875,18.168603897094727,False
1306,43.53333333333333,0.9390487670898438,12.63546571135521,98,0,98,double,140.62513411057864,STOPPED,False,,0.4294027387232644,,,25.99066859127443,9.09673400694605,1.006664044189453,227.64459228515625,225.8175506591797,136.8920440673828,136.57785034179688,18.8349666595459,False
1307,43.56666666666667,0.939093828201294,11.176896747201681,98,0,98,double,140.62513411057864,STOPPED,False,,0.4294027387232644,,,25.99066859127443,9.09673400694605,1.006664044189453,227.64459228515625,225.69610595703125,136.8920440673828,136.45086669921875,18.67940902709961,False
1308,43.6,0.9393333196640015,12.579861097037792,98,0,98,double,140.62513411057864,STOPPED,False,,0.4294027387232644,,,25.99066859127443,9.09673400694605,1.006664044189453,227.64459228515625,225.7986297607422,136.8927459716797,136.81527709960938,18.323184967041016,False
1309,43.63333333333333,0.9394969344139099,11.204347014427185,98,0,98,double,140.62513411057864,STOPPED,False,,0.4294027387232644,,,25.99066859127443,9.09673400694605,1.006664044189453,227.64459228515625,225.78927612304688,136.96820068359375,136.99005126953125,17.633502960205078,False
1310,43.666666666666664,0.9390078783035278,12.394256424158812,98,0,98,double,140.62513411057864,STOPPED,False,,0.4294027387232644,,,25.99066859127443,9.09673400694605,1.006664044189453,227.64459228515625,225.60855102539062,136.96820068359375,136.81991577148438,16.34539794921875,False
1311,43.7,0.9385532140731812,11.165655218064785,98,0,98,double,140.62513411057864,STOPPED,False,,0.4294027387232644,,,25.99066859127443,9.09673400694605,1.006664044189453,227.64459228515625,225.54803466796875,136.96820068359375,136.9390869140625,15.912677764892578,False
1312,43.733333333333334,0.9387106895446777,12.328941840678453,98,0,98,double,140.62513411057864,STOPPED,False,,0.4294027387232644,,,25.99066859127443,9.09673400694605,1.006664044189453,227.64459228515625,225.55429077148438,136.98765563964844,137.1427459716797,15.505170822143555,False
1313,43.766666666666666,0.9381334185600281,11.402200907468796,98,0,98,double,140.62513411057864,STOPPED,False,,0.4294027387232644,,,25.99066859127443,9.09673400694605,1.006664044189453,227.64459228515625,225.54498291015625,136.99066162109375,137.05743408203125,15.409794807434082,False
1314,43.8,0.9407620429992676,12.326003983616829,98,0,98,double,140.62513411057864,STOPPED,False,,0.4294027387232644,,,25.99066859127443,9.09673400694605,1.0169799865722655,227.64459228515625,225.71588134765625,137.01220703125,137.30697631835938,15.921924591064453,False
1315,43.833333333333336,0.9395061731338501,11.197668965905905,98,0,98,double,140.62513411057864,STOPPED,False,,0.4294027387232644,,,25.99066859127443,9.09673400694605,1.0010083740234375,227.64459228515625,225.44973754882812,137.02992248535156,137.38778686523438,15.914384841918945,False
1316,43.86666666666667,0.9384198784828186,12.492507230490446,98,0,98,double,140.62513411057864,STOPPED,False,,0.4294027387232644,,,25.99066859127443,9.09673400694605,0.9372124145507812,227.64459228515625,225.38436889648438,137.04739379882812,137.53729248046875,16.16422462463379,False
1317,43.9,0.9386195540428162,11.481103952974081,98,0,98,double,140.62513411057864,STOPPED,False,,0.4294027387232644,,,25.99066859127443,9.09673400694605,0.9743136108398437,227.64459228515625,225.44989013671875,137.10862731933594,137.7113800048828,16.196842193603516,False
1318,43.93333333333333,0.9375303983688354,12.733106035739183,98,0,98,double,140.62513411057864,STOPPED,False,,0.4294027387232644,,,25.99066859127443,9.09673400694605,0.9314210083007812,227.64459228515625,225.17288208007812,137.2412872314453,137.78341674804688,16.09009552001953,False
1319,43.96666666666667,0.9385538697242737,11.280675884336233,98,0,98,double,140.62513411057864,STOPPED,False,,0.4294027387232644,,,25.99066859127443,9.09673400694605,0.8641864013671875,227.64459228515625,224.92440795898438,137.35546875,137.76513671875,16.23573875427246,False
1320,44.0,0.9387549757957458,12.41225190460682,98,0,98,double,140.62513411057864,STOPPED,False,,0.4294027387232644,,,25.99066859127443,9.09673400694605,0.6869376983642578,227.64459228515625,224.82742309570312,137.4774932861328,137.82876586914062,16.322093963623047,False
1321,44.03333333333333,0.9375659823417664,11.635956820100546,98,0,98,double,140.62513411057864,STOPPED,False,,0.4294027387232644,,,25.99066859127443,9.09673400694605,0.6671202301025391,227.64459228515625,224.66641235351562,137.64173889160156,137.94720458984375,16.825851440429688,False
1322,44.06666666666667,0.9375409483909607,12.580411043018103,98,0,98,double,140.62513411057864,STOPPED,False,,0.4294027387232644,,,25.99066859127443,9.09673400694605,0.8127876708984375,227.64459228515625,224.34121704101562,137.74363708496094,137.99221801757812,16.4290771484375,False
1323,44.1,0.9391494989395142,11.798162944614887,98,0,98,double,140.62513411057864,STOPPED,False,,0.4294027387232644,,,25.99066859127443,9.09673400694605,0.9280276062011719,227.64459228515625,223.9052734375,137.77610778808594,138.03927612304688,17.92752456665039,False
1324,44.13333333333333,0.9378878474235535,12.455798219889402,98,0,98,double,140.62513411057864,STOPPED,False,,0.4294027387232644,,,25.99066859127443,9.09673400694605,1.0172740814208985,227.64459228515625,223.39645385742188,137.8106231689453,138.07298278808594,18.045312881469727,False
1325,44.166666666666664,0.9393705725669861,11.28486217930913,98,0,98,double,140.62513411057864,STOPPED,False,,0.4294027387232644,,,25.99066859127443,9.09673400694605,1.2822535400390624,227.64459228515625,223.34722900390625,137.8998260498047,138.11065673828125,18.62451934814453,False
1326,44.2,0.940333366394043,12.385021429508924,98,0,98,double,140.62513411057864,STOPPED,False,,0.4294027387232644,,,25.99066859127443,9.09673400694605,1.1734384460449219,227.64459228515625,223.28720092773438,137.97421264648438,138.32569885253906,18.66640281677246,False
1327,44.233333333333334,0.9394568204879761,11.222747154533863,98,0,98,double,140.62513411057864,STOPPED,False,,0.4294027387232644,,,25.99066859127443,9.09673400694605,1.1441194519042968,227.64459228515625,223.0853271484375,138.02044677734375,138.22964477539062,18.794883728027344,False
1328,44.266666666666666,0.9409201145172119,12.382637709379196,98,0,98,double,140.62513411057864,STOPPED,False,,0.4294027387232644,,,25.99066859127443,9.09673400694605,1.120682354736328,227.64459228515625,223.1609344482422,138.0594940185547,138.225341796875,19.570932388305664,False
1329,44.3,0.9424157738685608,11.186020914465189,98,0,98,double,140.62513411057864,STOPPED,False,,0.4294027387232644,,,25.99066859127443,9.09673400694605,1.0915895874023438,227.64459228515625,223.55764770507812,138.0594940185547,138.00067138671875,20.151165008544922,False
1330,44.333333333333336,0.9420499801635742,12.404672801494598,98,0,98,double,140.62513411057864,STOPPED,False,,0.4294027387232644,,,25.99066859127443,9.09673400694605,1.0143105102539063,227.64459228515625,223.611572265625,138.0594940185547,137.8906707763672,21.219350814819336,False
1331,44.36666666666667,0.9413154721260071,11.321164201945066,98,0,98,double,140.62513411057864,STOPPED,False,,0.4294027387232644,,,25.99066859127443,9.09673400694605,1.014265264892578,227.53175354003906,223.90260314941406,138.0955810546875,138.12265014648438,21.1812686920166,False
1332,44.4,0.9414617419242859,12.307821307331324,98,0,98,double,140.62513411057864,STOPPED,False,,0.4294027387232644,,,25.99066859127443,9.09673400694605,0.9353573547363281,227.323974609375,224.37799072265625,138.0955810546875,137.7779998779297,22.667003631591797,False
1333,44.43333333333333,0.9411096572875977,11.723462026566267,98,0,98,double,140.62513411057864,STOPPED,False,,0.4294027387232644,,,25.99066859127443,9.09673400694605,0.9338642578124999,227.24234008789062,224.37335205078125,138.0955810546875,137.61349487304688,23.29106903076172,False
1334,44.46666666666667,0.9372137188911438,12.664605863392353,98,0,98,double,140.62513411057864,STOPPED,False,,0.4294027387232644,,,25.99066859127443,9.09673400694605,0.9421894042968749,227.13458251953125,224.2657470703125,138.0955810546875,137.53842163085938,22.85878562927246,False
1335,44.5,0.938981831073761,11.133715976029634,98,0,98,double,140.62513411057864,STOPPED,False,,0.4294027387232644,,,25.99066859127443,9.09673400694605,0.9467139404296875,227.02435302734375,223.83596801757812,138.0955810546875,137.27166748046875,22.15966033935547,False
1336,44.53333333333333,0.9342090487480164,12.230915948748589,98,0,98,double,140.62513411057864,STOPPED,False,,0.4294027387232644,,,25.99066859127443,9.09673400694605,0.9228696350097656,226.6282196044922,223.49261474609375,138.0955810546875,137.18312072753906,21.334325790405273,False
1337,44.56666666666667,0.9319233894348145,11.081951204687357,98,0,98,double,140.62513411057864,STOPPED,False,,0.4294027387232644,,,25.99066859127443,9.09673400694605,0.922643408203125,226.0669708251953,223.23297119140625,138.0955810546875,136.9978790283203,21.094406127929688,False
1338,44.6,0.9344022274017334,12.552222236990929,98,0,98,double,140.62513411057864,STOPPED,False,,0.4294027387232644,,,25.99066859127443,9.09673400694605,0.8841848510742187,225.8623046875,223.08221435546875,138.0955810546875,136.84359741210938,20.751916885375977,False
1339,44.63333333333333,0.9332327842712402,11.299618985503912,98,0,98,double,140.62513411057864,STOPPED,False,,0.4294027387232644,,,25.99066859127443,9.09673400694605,0.8257278442382812,225.8134307861328,222.93084716796875,138.0955810546875,136.83438110351562,22.065277099609375,False
1340,44.666666666666664,0.9315277934074402,12.72222213447094,98,0,98,double,140.62513411057864,STOPPED,False,,0.4294027387232644,,,25.99066859127443,9.09673400694605,0.9557856353759765,225.8038787841797,222.9278564453125,138.0955810546875,136.26339721679688,22.336135864257812,False
1341,44.7,0.9376569390296936,11.486385948956013,98,0,98,double,140.62513411057864,STOPPED,False,,0.4294027387232644,,,25.99066859127443,9.09673400694605,1.2822535400390624,225.7987518310547,222.38262939453125,138.0955810546875,136.12452697753906,21.826051712036133,False
1342,44.733333333333334,0.9388192296028137,12.54308596253395,98,0,98,double,140.62513411057864,STOPPED,False,,0.4294027387232644,,,25.99066859127443,9.09673400694605,1.367179083251953,225.79489135742188,221.9571533203125,138.0955810546875,136.03555297851562,21.299800872802734,False
1343,44.766666666666666,0.9366203546524048,11.4863570779562,98,0,98,double,140.62513411057864,STOPPED,False,,0.4294027387232644,,,25.99066859127443,9.09673400694605,1.5031866394042968,225.75991821289062,221.8007354736328,138.0955810546875,136.30007934570312,21.049938201904297,False
1344,44.8,0.9367983937263489,12.555156834423542,98,0,98,double,140.62513411057864,STOPPED,False,,0.4294027387232644,,,25.99066859127443,9.09673400694605,1.7301826171874999,225.75991821289062,221.39463806152344,138.0955810546875,136.58538818359375,20.728233337402344,False
1345,44.833333333333336,0.9405222535133362,11.394463945180178,98,0,98,double,140.62513411057864,STOPPED,False,,0.4294027387232644,,,25.99066859127443,9.09673400694605,1.7370599121093748,225.75991821289062,221.0321044921875,138.0955810546875,136.58221435546875,21.47089195251465,False
1346,44.86666666666667,0.9414865970611572,12.450868729501963,98,0,98,double,140.62513411057864,STOPPED,False,,0.4294027387232644,,,25.99066859127443,9.09673400694605,1.7498869720458983,225.75991821289062,220.7786865234375,138.0955810546875,136.3995361328125,20.87444305419922,False
1347,44.9,0.9423410892486572,11.245607864111662,98,0,98,double,140.62513411057864,STOPPED,False,,0.4294027387232644,,,25.99066859127443,9.09673400694605,1.7553842834472655,225.75991821289062,221.3184814453125,138.0955810546875,136.23983764648438,20.82359504699707,False
1348,44.93333333333333,0.9403846263885498,13.376499991863966,98,0,98,double,140.62513411057864,STOPPED,False,,0.4294027387232644,,,25.99066859127443,9.09673400694605,1.879356573486328,225.75991821289062,221.50112915039062,138.0955810546875,135.89093017578125,20.549448013305664,False
1349,44.96666666666667,0.9412540197372437,11.930120177567005,98,0,98,double,140.62513411057864,STOPPED,False,,0.4294027387232644,,,25.99066859127443,9.09673400694605,1.883315542602539,225.70797729492188,221.4307861328125,138.0955810546875,135.6790008544922,20.09176254272461,False
1350,45.0,0.9443143010139465,12.640601955354214,98,0,98,double,140.62513411057864,STOPPED,False,,0.4294027387232644,,,25.99066859127443,9.09673400694605,1.9821087890625,225.6610870361328,220.9817657470703,138.0955810546875,135.77244567871094,20.78306770324707,False
1351,45.03333333333333,0.942179799079895,11.322509963065386,98,0,98,double,140.62513411057864,STOPPED,False,,0.4294027387232644,,,25.99066859127443,9.09673400694605,1.9464101989746092,225.58685302734375,220.96307373046875,138.0955810546875,136.15794372558594,20.687488555908203,False
1352,45.06666666666667,0.943817675113678,12.3747568577528,98,0,98,double,140.62513411057864,STOPPED,False,,0.4294027387232644,,,25.99066859127443,9.09673400694605,2.026358752441406,225.55178833007812,220.96815490722656,138.0955810546875,136.42616271972656,20.63642692565918,False
1353,45.1,0.9426897764205933,11.306189931929111,98,0,98,double,140.62513411057864,STOPPED,False,,0.4294027387232644,,,25.99066859127443,9.09673400694605,2.1227766174316405,225.54681396484375,220.40139770507812,138.0955810546875,136.7905731201172,20.42571258544922,False
1354,45.13333333333333,0.9421209692955017,12.518645264208317,98,0,98,double,140.62513411057864,STOPPED,False,,0.4294027387232644,,,25.99066859127443,9.09673400694605,2.133906976318359,225.50694274902344,220.50717163085938,138.0955810546875,136.99185180664062,20.410213470458984,False
1355,45.166666666666664,0.9443285465240479,11.279857717454433,98,0,98,double,140.62513411057864,STOPPED,False,,0.4294027387232644,,,25.99066859127443,9.09673400694605,2.194535760498047,225.4498291015625,220.428955078125,138.0955810546875,137.19778442382812,20.49028968811035,False
1356,45.2,0.9442092180252075,12.340793386101723,98,0,98,double,140.62513411057864,STOPPED,False,,0.4294027387232644,,,25.99066859127443,9.09673400694605,2.2038336822509765,225.423583984375,220.01380920410156,138.0955810546875,137.54061889648438,20.406085968017578,False
1357,45.233333333333334,0.9433671832084656,11.157780420035124,98,0,98,double,140.62513411057864,STOPPED,False,,0.4294027387232644,,,25.99066859127443,9.09673400694605,2.1252198669433593,225.29977416992188,219.8381805419922,138.0955810546875,137.86532592773438,20.767927169799805,False
1358,45.266666666666666,0.9440550804138184,12.255171779543161,98,0,98,double,140.62513411057864,STOPPED,False,,0.4294027387232644,,,25.99066859127443,9.09673400694605,2.2320215423583982,225.073486328125,219.48753356933594,138.0955810546875,137.8353271484375,21.203519821166992,False
1359,45.3,0.9426466822624207,11.307430919259787,98,0,98,double,140.62513411057864,STOPPED,False,,0.4294027387232644,,,25.99066859127443,9.09673400694605,2.344116925048828,224.8856201171875,219.123779296875,138.0955810546875,137.6883544921875,21.07918930053711,False
1360,45.333333333333336,0.9425023794174194,12.594874016940594,98,0,98,double,140.62513411057864,STOPPED,False,,0.4294027387232644,,,25.99066859127443,9.09673400694605,2.132617483520508,224.7630157470703,218.588134765625,138.0955810546875,137.65756225585938,21.556285858154297,False
1361,45.36666666666667,0.9437640905380249,11.457071639597416,98,0,98,double,140.62513411057864,STOPPED,False,,0.4294027387232644,,,25.99066859127443,9.09673400694605,2.132617483520508,224.55104064941406,218.53480529785156,138.0955810546875,137.7098388671875,22.198755264282227,False
1362,45.4,0.941559910774231,12.455675285309553,98,0,98,double,140.62513411057864,STOPPED,False,,0.4294027387232644,,,25.99066859127443,9.09673400694605,2.1499690795898436,224.37612915039062,218.54751586914062,138.0955810546875,137.61196899414062,23.557043075561523,False
1363,45.43333333333333,0.9424298405647278,11.227226816117764,98,0,98,double,140.62513411057864,STOPPED,False,,0.4294027387232644,,,25.99066859127443,9.09673400694605,2.1046332275390625,224.36050415039062,218.45973205566406,138.0955810546875,137.1890869140625,24.686105728149414,False
1364,45.46666666666667,0.9437614679336548,12.410622090101242,98,0,98,double,140.62513411057864,STOPPED,False,,0.4294027387232644,,,25.99066859127443,9.09673400694605,2.2657067138671874,224.31103515625,218.5901641845703,138.0955810546875,137.00755310058594,25.039718627929688,False
1365,45.5,0.9415279626846313,11.396841611713171,98,0,98,double,140.62513411057864,STOPPED,False,,0.4294027387232644,,,25.99066859127443,9.09673400694605,2.2928313079833984,224.12155151367188,219.09701538085938,138.0955810546875,137.10104370117188,26.303863525390625,False
1366,45.53333333333333,0.9412120580673218,12.376499827951193,98,0,98,single,140.62513411057864,STOPPED,False,,0.4294027387232644,,,25.99066859127443,9.09673400694605,2.5676290100097656,223.90420532226562,219.56396484375,138.0955810546875,137.28558349609375,29.93202781677246,False
1367,45.56666666666667,0.9434406161308289,11.214691679924726,98,0,98,single,140.62513411057864,STOPPED,False,,0.4294027387232644,,,25.99066859127443,9.09673400694605,2.6013368041992186,223.87594604492188,219.67620849609375,138.0955810546875,137.4308624267578,31.347736358642578,False
1368,45.6,0.942107617855072,12.628309894353151,98,0,98,single,140.62513411057864,STOPPED,False,,0.4294027387232644,,,25.99066859127443,9.09673400694605,2.5477436737060546,223.7462158203125,219.9446258544922,138.0955810546875,137.45034790039062,31.966333389282227,False
1369,45.63333333333333,0.9437671899795532,11.292468756437302,98,0,98,single,140.62513411057864,STOPPED,False,,0.4294027387232644,,,25.99066859127443,9.09673400694605,2.601246313476562,223.7462158203125,220.4415283203125,138.06666564941406,137.4889678955078,34.036651611328125,False
1370,45.666666666666664,0.9415707588195801,12.979335151612759,98,0,98,single,140.62513411057864,STOPPED,False,,0.4294027387232644,,,25.99066859127443,9.09673400694605,2.2899808502197265,223.7462158203125,220.62144470214844,137.9566650390625,137.42660522460938,36.214195251464844,False
1371,45.7,0.9429047107696533,11.174467857927084,98,0,98,single,140.62513411057864,STOPPED,False,,0.4294027387232644,,,25.99066859127443,9.09673400694605,2.102031619262695,223.7462158203125,220.8863983154297,137.8805389404297,137.40394592285156,38.974552154541016,False
1372,45.733333333333334,0.943280041217804,12.371550779789686,98,0,98,single,140.62513411057864,STOPPED,False,,0.4294027387232644,,,25.99066859127443,9.09673400694605,2.076920443725586,223.7462158203125,221.43955993652344,137.85333251953125,137.1042938232422,40.39164733886719,False
1373,45.766666666666666,0.9448858499526978,11.353366076946259,98,0,98,single,140.62513411057864,STOPPED,False,,0.4294027387232644,,,25.99066859127443,9.09673400694605,1.9356191802978515,223.7462158203125,221.7939453125,137.81239318847656,136.81723022460938,40.96858596801758,False
1374,45.8,0.9437271952629089,14.179533813148737,98,0,98,single,140.62513411057864,STOPPED,False,,0.4294027387232644,,,25.99066859127443,9.09673400694605,1.695479425048828,223.7462158203125,221.69036865234375,137.750732421875,136.9580078125,41.800960540771484,False
1375,45.833333333333336,0.9399440884590149,11.258258018642664,98,0,98,single,140.62513411057864,STOPPED,False,,0.4294027387232644,,,25.99066859127443,9.09673400694605,1.5376636047363281,223.69862365722656,221.639404296875,137.7012481689453,137.03128051757812,42.30229568481445,False
1376,45.86666666666667,0.9340192675590515,12.564938049763441,98,0,98,single,140.62513411057864,STOPPED,False,,0.4294027387232644,,,25.99066859127443,9.09673400694605,1.4461096160888671,223.38876342773438,221.73870849609375,137.67604064941406,137.08619689941406,41.59028244018555,False
1377,45.9,0.934349775314331,11.221428867429495,98,0,98,single,140.62513411057864,STOPPED,False,,0.4294027387232644,,,25.99066859127443,9.09673400694605,1.4461096160888671,223.17266845703125,222.054931640625,137.6399383544922,137.43899536132812,41.404327392578125,False
1378,45.93333333333333,0.9429302215576172,12.53030588850379,98,0,98,single,140.62513411057864,STOPPED,False,,0.4294027387232644,,,25.99066859127443,9.09673400694605,1.4461096160888671,223.02166748046875,222.6306610107422,137.67604064941406,137.88577270507812,42.5575065612793,False
1379,45.96666666666667,0.7746161818504333,11.278435122221708,98,0,98,single,140.62513411057864,STOPPED,False,,0.4294027387232644,,,25.99066859127443,9.09673400694605,1.4461096160888671,222.9322052001953,222.93310546875,137.7012481689453,138.07003784179688,41.9434814453125,False
1380,46.0,0.9413647055625916,12.27106899023056,98,0,98,single,140.62513411057864,STOPPED,False,,0.4294027387232644,,,25.99066859127443,9.09673400694605,1.4461096160888671,222.9322052001953,223.219482421875,137.78512573242188,138.24423217773438,43.50645446777344,False
1381,46.03333333333333,0.9532883763313293,11.084659956395626,98,0,98,single,140.62513411057864,STOPPED,False,,0.4294027387232644,,,25.99066859127443,9.09673400694605,1.4461096160888671,222.9322052001953,223.49935913085938,137.85333251953125,138.4980010986328,44.093719482421875,False
1382,46.06666666666667,0.9103617668151855,12.44636019691825,98,0,98,single,140.62513411057864,STOPPED,False,,0.4294027387232644,,,25.99066859127443,9.09673400694605,1.4461096160888671,222.9322052001953,223.4084014892578,137.87759399414062,138.36239624023438,44.43117141723633,False
1383,46.1,0.9365121126174927,11.156351771205664,98,0,98,single,140.62513411057864,STOPPED,False,,0.4294027387232644,,,25.99066859127443,9.09673400694605,1.4461096160888671,222.92965698242188,222.91067504882812,137.8778839111328,137.8660430908203,43.87408447265625,False
1384,46.13333333333333,0.9361206889152527,12.513522990047932,98,0,98,single,140.62513411057864,STOPPED,False,,0.4294027387232644,,,25.99066859127443,9.09673400694605,1.4461096160888671,222.92098999023438,222.87445068359375,137.8778839111328,137.49197387695312,43.80236053466797,False
1385,46.166666666666664,0.935409665107727,11.283200234174728,98,0,98,single,140.62513411057864,STOPPED,False,,0.4294027387232644,,,25.99066859127443,9.09673400694605,1.4461096160888671,222.89617919921875,222.6358184814453,137.8778839111328,137.66421508789062,43.37253189086914,False
1386,46.2,0.9354779720306396,12.401815969496965,98,0,98,single,140.62513411057864,STOPPED,False,,0.4294027387232644,,,25.99066859127443,9.09673400694605,1.4461096160888671,222.89617919921875,222.54443359375,137.8778839111328,137.72019958496094,43.57307815551758,False
1387,46.233333333333334,0.9320463538169861,11.82334590703249,98,0,98,single,140.62513411057864,STOPPED,False,,0.4294027387232644,,,25.99066859127443,9.09673400694605,1.5376636047363281,222.89617919921875,222.4576873779297,137.8778839111328,137.75650024414062,43.21363067626953,False
1388,46.266666666666666,0.8969606757164001,12.605526018887758,98,0,98,single,140.62513411057864,STOPPED,False,,0.4294027387232644,,,25.99066859127443,9.09673400694605,1.5910757537841795,222.89617919921875,222.6697998046875,137.996337890625,138.11090087890625,42.67329025268555,False
1389,46.3,0.9116758108139038,11.291746981441975,98,0,98,single,140.62513411057864,STOPPED,False,,0.4294027387232644,,,25.99066859127443,9.09673400694605,1.695479425048828,222.92413330078125,222.93760681152344,138.0945587158203,138.44827270507812,43.109397888183594,False
1390,46.333333333333336,0.9294407367706299,12.433177325874567,98,0,98,single,140.62513411057864,STOPPED,False,,0.4294027387232644,,,25.99066859127443,9.09673400694605,1.9356191802978515,222.93580627441406,223.00735473632812,138.19090270996094,138.3993682861328,42.71235656738281,False
1391,46.36666666666667,0.9291573762893677,11.266911868005991,98,0,98,single,140.62513411057864,STOPPED,False,,0.4294027387232644,,,25.99066859127443,9.09673400694605,1.9530838897705076,222.97946166992188,223.22337341308594,138.2454071044922,138.24620056152344,43.0376091003418,False
1392,46.4,0.9281430244445801,12.432824820280075,98,0,98,single,140.62513411057864,STOPPED,False,,0.4294027387232644,,,25.99066859127443,9.09673400694605,2.100809994506836,223.13462829589844,223.66128540039062,138.2659454345703,138.27911376953125,42.86296081542969,False
1393,46.43333333333333,0.41792115569114685,11.445967014878988,98,0,98,single,140.62513411057864,STOPPED,False,,0.4294027387232644,,,25.99066859127443,9.09673400694605,2.1403770629882812,223.22181701660156,224.182861328125,138.32908630371094,138.40744018554688,42.83243942260742,False
1394,46.46666666666667,0.9339427947998047,12.659620027989149,98,0,98,single,140.62513411057864,STOPPED,False,,0.4294027387232644,,,25.99066859127443,9.09673400694605,2.1810752655029297,223.3343963623047,224.58175659179688,138.38458251953125,138.64813232421875,42.39225387573242,False
1395,46.5,0.9320150017738342,11.137284804135561,98,0,98,single,140.62513411057864,STOPPED,False,,0.4294027387232644,,,25.99066859127443,9.09673400694605,1.9247150482177733,223.46298217773438,224.35426330566406,138.40420532226562,138.8653564453125,42.24544143676758,False
1396,46.53333333333333,0.9308472871780396,12.21509464085102,98,0,98,single,140.62513411057864,STOPPED,False,,0.4294027387232644,,,25.99066859127443,9.09673400694605,1.9525635681152342,223.5965118408203,223.82586669921875,138.43194580078125,138.89303588867188,42.07084274291992,False
1397,46.56666666666667,0.9298981428146362,11.320000048726797,98,0,98,single,140.62513411057864,STOPPED,False,,0.4294027387232644,,,25.99066859127443,9.09673400694605,2.1953954223632812,223.65121459960938,223.6361083984375,138.4781036376953,139.04185485839844,42.57007598876953,False
1398,46.6,0.9306938052177429,12.325075920671225,98,0,98,single,140.62513411057864,STOPPED,False,,0.4294027387232644,,,25.99066859127443,9.09673400694605,2.119270101928711,223.65121459960938,223.4251251220703,138.58807373046875,139.14869689941406,42.088134765625,False
1399,46.63333333333333,0.9295798540115356,10.922685731202364,98,0,98,single,140.62513411057864,STOPPED,False,,0.4294027387232644,,,25.99066859127443,9.09673400694605,2.1252877349853514,223.65121459960938,223.13429260253906,138.77847290039062,139.03836059570312,41.73179244995117,False
1400,46.666666666666664,0.9274551868438721,12.219651136547327,98,0,98,single,140.62513411057864,STOPPED,False,,0.4294027387232644,,,25.99066859127443,9.09673400694605,1.5443825408935545,223.65121459960938,223.34922790527344,138.8819580078125,139.41455078125,41.65488052368164,False
1401,46.7,0.9270144104957581,11.270173825323582,98,0,98,single,140.62513411057864,STOPPED,False,,0.4294027387232644,,,25.99066859127443,9.09673400694605,1.4157726013183594,223.65121459960938,223.31292724609375,138.980224609375,139.74142456054688,40.83992004394531,False
1402,46.733333333333334,0.9279861450195312,12.40988401696086,98,0,98,single,140.62513411057864,STOPPED,False,,0.4294027387232644,,,25.99066859127443,9.09673400694605,1.3940774505615234,223.65121459960938,223.23321533203125,139.0404510498047,139.86306762695312,39.38639831542969,False
1403,46.766666666666666,0.9283410906791687,11.310212779790163,98,0,98,single,140.62513411057864,STOPPED,False,,0.4294027387232644,,,25.99066859127443,9.09673400694605,1.3300552642822265,223.65121459960938,223.12786865234375,139.10595703125,139.74639892578125,38.569183349609375,False
1404,46.8,0.9293813705444336,12.344025075435638,98,0,98,single,140.62513411057864,STOPPED,False,,0.4294027387232644,,,25.99066859127443,9.09673400694605,1.2985418701171874,223.65121459960938,223.13174438476562,139.30821228027344,139.77044677734375,36.43404006958008,False
1405,46.833333333333336,0.9343540668487549,11.078928131610155,98,0,98,single,140.62513411057864,STOPPED,False,,0.4294027387232644,,,25.99066859127443,9.09673400694605,1.1292337280273437,223.65121459960938,223.20814514160156,139.6106719970703,139.88198852539062,34.511898040771484,False
1406,46.86666666666667,0.9318863153457642,12.278968002647161,98,0,98,single,140.62513411057864,STOPPED,False,,0.4294027387232644,,,25.99066859127443,9.09673400694605,0.8727830200195312,223.65121459960938,223.09735107421875,139.62921142578125,139.46090698242188,33.04749298095703,False
1407,46.9,0.9329788684844971,13.333451002836227,98,0,98,single,140.62513411057864,STOPPED,False,,0.4294027387232644,,,25.99066859127443,9.09673400694605,0.7294683380126953,223.65121459960938,223.40977478027344,139.62921142578125,139.35055541992188,33.17821502685547,False
1408,46.93333333333333,0.9416757822036743,12.886479031294584,98,0,98,single,140.62513411057864,STOPPED,False,,0.4294027387232644,,,25.99066859127443,9.09673400694605,0.7115285522460937,223.65121459960938,222.96092224121094,139.62921142578125,139.33328247070312,33.8516731262207,False
1409,46.96666666666667,0.9207499623298645,11.78926695138216,98,0,98,single,140.62513411057864,STOPPED,False,,0.4294027387232644,,,25.99066859127443,9.09673400694605,0.70003623046875,223.65121459960938,222.75750732421875,139.62921142578125,139.13504028320312,33.87167739868164,False
1410,47.0,0.9317386150360107,12.651556171476841,98,0,98,single,140.62513411057864,STOPPED,False,,0.4294027387232644,,,25.99066859127443,9.09673400694605,0.6980001892089843,223.65121459960938,222.54159545898438,139.62921142578125,139.27694702148438,34.18974304199219,False
1411,47.03333333333333,0.9366661310195923,11.49629196152091,98,0,98,single,140.62513411057864,STOPPED,False,,0.4294027387232644,,,25.99066859127443,9.09673400694605,0.6980001892089843,223.65121459960938,222.37197875976562,139.62921142578125,139.26388549804688,34.11853790283203,False
1412,47.06666666666667,0.9353651404380798,12.669828720390797,98,0,98,single,140.62513411057864,STOPPED,False,,0.4294027387232644,,,25.99066859127443,9.09673400694605,0.6980001892089843,223.65121459960938,222.40994262695312,139.62921142578125,139.33973693847656,34.24111557006836,False
1413,47.1,0.9374209046363831,11.395175009965897,98,0,98,single,140.62513411057864,STOPPED,False,,0.4294027387232644,,,25.99066859127443,9.09673400694605,0.61026943359375,223.65121459960938,222.74600219726562,139.62921142578125,139.26412963867188,34.264583587646484,False
1414,47.13333333333333,0.9392738938331604,12.71960511803627,98,0,98,single,140.62513411057864,STOPPED,False,,0.4294027387232644,,,25.99066859127443,9.09673400694605,0.587126431274414,223.65121459960938,222.90383911132812,139.62921142578125,138.9623565673828,34.02353286743164,False
1415,47.166666666666664,0.9355469942092896,11.32761687040329,98,0,98,single,140.62513411057864,STOPPED,False,,0.4294027387232644,,,25.99066859127443,9.09673400694605,0.6174860687255859,223.65121459960938,223.5426483154297,139.62921142578125,138.772216796875,35.02260971069336,False
1416,47.2,0.9366880059242249,12.249039020389318,98,0,98,single,140.62513411057864,STOPPED,False,,0.4294027387232644,,,25.99066859127443,9.09673400694605,0.5855654663085937,223.65121459960938,223.40231323242188,139.62921142578125,138.49755859375,35.30471420288086,False
1417,47.233333333333334,0.9358381628990173,11.242185719311237,98,0,98,single,140.62513411057864,STOPPED,False,,0.4294027387232644,,,25.99066859127443,9.09673400694605,0.50385234375,223.65121459960938,223.35382080078125,139.62921142578125,138.15533447265625,34.87104797363281,False
1418,47.266666666666666,0.6346256732940674,12.152632232755423,98,0,98,single,140.62513411057864,STOPPED,False,,0.4294027387232644,,,25.99066859127443,9.09673400694605,0.44071244201660154,223.65121459960938,223.32315063476562,139.62921142578125,137.92025756835938,34.74748229980469,False
1419,47.3,0.9385099411010742,11.221717111766338,98,0,98,single,140.62513411057864,STOPPED,False,,0.4294027387232644,,,25.99066859127443,9.09673400694605,0.44071244201660154,223.65121459960938,222.65133666992188,139.62921142578125,137.88893127441406,34.4495735168457,False
1420,47.333333333333336,0.9361592531204224,12.120570987462997,98,0,98,single,140.62513411057864,STOPPED,False,,0.4294027387232644,,,25.99066859127443,9.09673400694605,0.44071244201660154,223.65121459960938,222.505126953125,139.62921142578125,137.74298095703125,34.02307891845703,False
1421,47.36666666666667,0.9420155882835388,11.105005163699389,98,0,98,single,140.62513411057864,STOPPED,False,,0.4294027387232644,,,25.99066859127443,9.09673400694605,0.44071244201660154,223.65121459960938,222.61212158203125,139.62921142578125,137.754150390625,33.57542419433594,False
1422,47.4,0.9378272891044617,12.243459932506084,98,0,98,single,140.62513411057864,STOPPED,False,,0.4294027387232644,,,25.99066859127443,9.09673400694605,0.44071244201660154,223.65121459960938,222.78628540039062,139.62921142578125,137.7198486328125,33.60093307495117,False
1423,47.43333333333333,0.9402133822441101,11.325050611048937,98,0,98,single,140.62513411057864,STOPPED,False,,0.4294027387232644,,,25.99066859127443,9.09673400694605,0.44071244201660154,223.65121459960938,222.6881561279297,139.62921142578125,137.932373046875,33.82756805419922,False
1424,47.46666666666667,0.9397767782211304,12.61772122234106,98,0,98,single,140.62513411057864,STOPPED,False,,0.4294027387232644,,,25.99066859127443,9.09673400694605,0.5064313293457031,223.65121459960938,222.57261657714844,139.62921142578125,137.83370971679688,33.31675338745117,False
1425,47.5,0.9405158758163452,11.217733845114708,98,0,98,single,140.62513411057864,STOPPED,False,,0.4294027387232644,,,25.99066859127443,9.09673400694605,0.50385234375,223.65121459960938,222.75205993652344,139.62921142578125,137.85736083984375,33.21929931640625,False
1426,47.53333333333333,0.9408906698226929,12.317195069044828,98,0,98,single,140.62513411057864,STOPPED,False,,0.4294027387232644,,,25.99066859127443,9.09673400694605,0.5068611602783203,223.65121459960938,222.73362731933594,139.62921142578125,137.78189086914062,33.09479522705078,False
1427,47.56666666666667,0.9419289827346802,11.3189029507339,98,0,98,single,140.62513411057864,STOPPED,False,,0.4294027387232644,,,25.99066859127443,9.09673400694605,0.5004589416503906,223.65121459960938,223.15185546875,139.62921142578125,137.7044677734375,32.72859191894531,False
1428,47.6,0.9404008388519287,12.480305042117834,98,0,98,single,140.62513411057864,STOPPED,False,,0.4294027387232644,,,25.99066859127443,9.09673400694605,0.50385234375,223.65121459960938,223.25125122070312,139.62921142578125,137.9134521484375,33.07910919189453,False
1429,47.63333333333333,0.9417635202407837,11.226460803300142,98,0,98,single,140.62513411057864,STOPPED,False,,0.4294027387232644,,,25.99066859127443,9.09673400694605,0.5490977050781249,223.65121459960938,223.30307006835938,139.62921142578125,138.11398315429688,32.81068420410156,False
1430,47.666666666666664,0.9426102638244629,12.206865008920431,98,0,98,single,140.62513411057864,STOPPED,False,,0.4294027387232644,,,25.99066859127443,9.09673400694605,0.512177490234375,223.65121459960938,223.45455932617188,139.62921142578125,138.47128295898438,33.16462326049805,False
1431,47.7,0.9421216249465942,11.375003959983587,98,0,98,single,140.62513411057864,STOPPED,False,,0.4294027387232644,,,25.99066859127443,9.09673400694605,0.5159554779052734,223.73060607910156,223.77682495117188,139.62921142578125,138.713134765625,32.892425537109375,False
1432,47.733333333333334,0.9298909902572632,12.426726054400206,98,0,98,single,140.62513411057864,STOPPED,False,,0.4294027387232644,,,25.99066859127443,9.09673400694605,0.5419941833496094,223.7469024658203,223.7020263671875,139.62921142578125,138.77413940429688,32.47150421142578,False
1433,47.766666666666666,0.929802656173706,11.62262400612235,98,0,98,single,140.62513411057864,STOPPED,False,,0.4294027387232644,,,25.99066859127443,9.09673400694605,0.4959344055175781,223.75311279296875,223.71755981445312,139.62921142578125,138.45883178710938,32.85487365722656,False
1434,47.8,0.9279260635375977,12.495089787989855,98,0,98,single,140.62513411057864,STOPPED,False,,0.4294027387232644,,,25.99066859127443,9.09673400694605,0.4981288055419922,223.75311279296875,223.55935668945312,139.62921142578125,138.30850219726562,32.34682083129883,False
1435,47.833333333333336,0.9299342632293701,11.547985952347517,98,0,98,single,140.62513411057864,STOPPED,False,,0.4294027387232644,,,25.99066859127443,9.09673400694605,0.4883331848144531,223.75311279296875,223.49014282226562,139.62921142578125,138.25439453125,32.62363052368164,False
1436,47.86666666666667,0.9289896488189697,12.620864901691675,98,0,98,single,140.62513411057864,STOPPED,False,,0.4294027387232644,,,25.99066859127443,9.09673400694605,0.515073193359375,223.75311279296875,223.32472229003906,139.62921142578125,138.15725708007812,32.40660095214844,False
1437,47.9,0.933536171913147,11.573992669582367,98,0,98,single,140.62513411057864,STOPPED,False,,0.4294027387232644,,,25.99066859127443,9.09673400694605,0.48353717651367184,223.75311279296875,223.00991821289062,139.62921142578125,138.10452270507812,32.685035705566406,False
1438,47.93333333333333,0.9397464394569397,12.763953302055597,98,0,98,single,140.62513411057864,STOPPED,False,,0.4294027387232644,,,25.99066859127443,9.09673400694605,0.4959344055175781,223.7113494873047,222.80076599121094,139.62921142578125,137.87246704101562,32.305171966552734,False
1439,47.96666666666667,0.9393219351768494,11.093886103481054,98,0,98,single,140.62513411057864,STOPPED,False,,0.4294027387232644,,,25.99066859127443,9.09673400694605,0.5205252593994141,223.6756591796875,222.34466552734375,139.62921142578125,137.98150634765625,32.294490814208984,False
1440,48.0,0.9383640289306641,12.460075784474611,98,0,98,single,140.62513411057864,STOPPED,False,,0.4294027387232644,,,25.99066859127443,9.09673400694605,0.5159554779052734,223.60540771484375,222.11483764648438,139.62921142578125,138.1187286376953,32.39137649536133,False
1441,48.03333333333333,0.9398377537727356,11.346218641847372,98,0,98,single,140.62513411057864,STOPPED,False,,0.4294027387232644,,,25.99066859127443,9.09673400694605,0.512177490234375,223.55267333984375,222.10791015625,139.62921142578125,138.06178283691406,31.930509567260742,False
1442,48.06666666666667,0.9424012899398804,12.50119274482131,98,0,98,single,140.62513411057864,STOPPED,False,,0.4294027387232644,,,25.99066859127443,9.09673400694605,0.5064313293457031,223.5216522216797,222.30636596679688,139.62921142578125,138.0946502685547,32.05702590942383,False
1443,48.1,0.9446895122528076,11.508080177009106,98,0,98,single,140.62513411057864,STOPPED,False,,0.4294027387232644,,,25.99066859127443,9.09673400694605,0.50385234375,223.5216522216797,222.80337524414062,139.62921142578125,137.89019775390625,32.557044982910156,False
1444,48.13333333333333,0.9421797394752502,12.491245288401842,98,0,98,single,140.62513411057864,STOPPED,False,,0.4294027387232644,,,25.99066859127443,9.09673400694605,0.50385234375,223.5216522216797,223.24862670898438,139.62921142578125,137.80316162109375,32.69274139404297,False
1445,48.166666666666664,0.9461890459060669,11.595069896429777,98,0,98,single,140.62513411057864,STOPPED,False,,0.4294027387232644,,,25.99066859127443,9.09673400694605,0.5119286407470702,223.53118896484375,223.51400756835938,139.62921142578125,137.99522399902344,32.6248893737793,False
1446,48.2,0.9453421235084534,12.69298791885376,98,0,98,single,140.62513411057864,STOPPED,False,,0.4294027387232644,,,25.99066859127443,9.09673400694605,0.5119286407470702,223.53118896484375,223.39083862304688,139.41676330566406,138.14010620117188,32.155948638916016,False
1447,48.233333333333334,0.944168210029602,11.94198103621602,98,0,98,single,140.62513411057864,STOPPED,False,,0.4294027387232644,,,25.99066859127443,9.09673400694605,0.5209098449707031,223.55267333984375,223.97799682617188,139.34622192382812,138.06298828125,32.33366775512695,False
1448,48.266666666666666,0.9447578191757202,12.367631774395704,98,0,98,single,140.62513411057864,STOPPED,False,,0.4294027387232644,,,25.99066859127443,9.09673400694605,0.5295969543457031,223.64495849609375,224.08297729492188,139.337158203125,138.0242462158203,32.0498161315918,False
1449,48.3,0.9450079798698425,11.136821005493402,98,0,98,single,140.62513411057864,STOPPED,False,,0.4294027387232644,,,25.99066859127443,9.09673400694605,0.5392568389892578,223.7113494873047,224.07876586914062,139.3107452392578,138.04916381835938,31.755857467651367,False
1450,48.333333333333336,0.9459397792816162,12.388672214001417,98,0,98,single,140.62513411057864,STOPPED,False,,0.4294027387232644,,,25.99066859127443,9.09673400694605,0.5823530456542968,223.75311279296875,223.95541381835938,139.27182006835938,137.92901611328125,31.883962631225586,False
1451,48.36666666666667,0.9464173913002014,11.242925189435482,98,0,98,single,140.62513411057864,STOPPED,False,,0.4294027387232644,,,25.99066859127443,9.09673400694605,0.6017180603027343,223.88397216796875,224.24673461914062,139.2640380859375,138.22189331054688,32.08798599243164,False
1452,48.4,0.9466018080711365,12.459103949368,98,0,98,single,140.62513411057864,STOPPED,False,,0.4294027387232644,,,25.99066859127443,9.09673400694605,0.604161309814453,223.96896362304688,224.36302185058594,139.21234130859375,138.43846130371094,31.903520584106445,False
1453,48.43333333333333,0.9439069628715515,11.588094756007195,98,0,98,single,140.62513411057864,STOPPED,False,,0.4294027387232644,,,25.99066859127443,9.09673400694605,0.7362098968505859,224.0384521484375,224.52549743652344,139.0659637451172,138.4755859375,31.55451011657715,False
1454,48.46666666666667,0.9430075287818909,12.600135058164597,98,0,98,single,140.62513411057864,STOPPED,False,,0.4294027387232644,,,25.99066859127443,9.09673400694605,0.7490822021484375,224.081298828125,224.6430206298828,138.88706970214844,138.56991577148438,31.748451232910156,False
1455,48.5,0.9430690407752991,11.273202951997519,98,0,98,single,140.62513411057864,STOPPED,False,,0.4294027387232644,,,25.99066859127443,9.09673400694605,0.8169276214599609,224.1812286376953,224.44357299804688,138.88706970214844,139.15028381347656,31.14325714111328,False
1456,48.53333333333333,0.9426782131195068,12.423053849488497,98,0,98,single,140.62513411057864,STOPPED,False,,0.4294027387232644,,,25.99066859127443,9.09673400694605,0.8466990692138672,224.31651306152344,224.37820434570312,138.88706970214844,139.29299926757812,31.01215171813965,False
1457,48.56666666666667,0.9434385299682617,11.159678921103477,98,0,98,single,140.62513411057864,STOPPED,False,,0.4294027387232644,,,25.99066859127443,9.09673400694605,0.8490292053222656,224.34959411621094,224.3294677734375,138.88706970214844,139.47128295898438,31.190977096557617,False
1458,48.6,0.941770613193512,12.409232091158628,98,0,98,single,140.62513411057864,STOPPED,False,,0.4294027387232644,,,25.99066859127443,9.09673400694605,0.8919218078613281,224.34959411621094,224.07394409179688,138.88706970214844,139.4708251953125,31.645872116088867,False
1459,48.63333333333333,0.9429606795310974,10.991187766194344,98,0,98,single,140.62513411057864,STOPPED,False,,0.4294027387232644,,,25.99066859127443,9.09673400694605,0.8748416839599609,224.34959411621094,223.76611328125,138.9998321533203,139.4219207763672,31.373062133789062,False
1460,48.666666666666664,0.9439052939414978,12.574451975524426,98,0,98,single,140.62513411057864,STOPPED,False,,0.4294027387232644,,,25.99066859127443,9.09673400694605,0.8748416839599609,224.34959411621094,223.81954956054688,139.2359161376953,139.38232421875,31.010860443115234,False
1461,48.7,0.9419062733650208,11.63065992295742,98,0,98,single,140.62513411057864,STOPPED,False,,0.4294027387232644,,,25.99066859127443,9.09673400694605,0.8748416839599609,224.34959411621094,223.4916534423828,139.34658813476562,139.4666748046875,31.20938491821289,False
1462,48.733333333333334,0.945040225982666,12.393796816468239,98,0,98,single,140.62513411057864,STOPPED,False,,0.4294027387232644,,,25.99066859127443,9.09673400694605,0.8748416839599609,224.34959411621094,223.3775634765625,139.4060821533203,139.650390625,30.950695037841797,False
1463,48.766666666666666,0.9427757859230042,11.6410949267447,98,0,98,single,140.62513411057864,STOPPED,False,,0.4294027387232644,,,25.99066859127443,9.09673400694605,0.8748416839599609,224.34959411621094,222.92935180664062,139.4060821533203,139.36883544921875,30.682716369628906,False
1464,48.8,0.9408593773841858,12.520220130681992,98,0,98,single,140.62513411057864,STOPPED,False,,0.4294027387232644,,,25.99066859127443,9.09673400694605,0.8748416839599609,224.34959411621094,222.64303588867188,139.4060821533203,139.19937133789062,30.482648849487305,False
1465,48.833333333333336,0.9434313178062439,11.483404319733381,98,0,98,single,140.62513411057864,STOPPED,False,,0.4294027387232644,,,25.99066859127443,9.09673400694605,0.8748416839599609,224.34959411621094,222.74081420898438,139.4060821533203,139.02792358398438,30.490612030029297,False
1466,48.86666666666667,0.9439332485198975,12.625576928257942,98,0,98,single,140.62513411057864,STOPPED,False,,0.4294027387232644,,,25.99066859127443,9.09673400694605,0.8709732055664062,224.34959411621094,222.99755859375,139.4060821533203,139.2069091796875,30.996368408203125,False
1467,48.9,0.9452989101409912,11.34041603654623,98,0,98,single,140.62513411057864,STOPPED,False,,0.4294027387232644,,,25.99066859127443,9.09673400694605,0.870520751953125,224.34959411621094,223.0684814453125,139.4060821533203,139.29122924804688,31.313671112060547,False
1468,48.93333333333333,0.9430255889892578,12.531307991594076,98,0,98,single,140.62513411057864,STOPPED,False,,0.4294027387232644,,,25.99066859127443,9.09673400694605,0.8370391845703125,224.34959411621094,223.2725830078125,139.4060821533203,139.30776977539062,30.8603458404541,False
1469,48.96666666666667,0.9427570700645447,11.251505929976702,98,0,98,single,140.62513411057864,STOPPED,False,,0.4294027387232644,,,25.99066859127443,9.09673400694605,0.7425668701171875,224.34959411621094,223.83004760742188,139.4060821533203,139.2406768798828,31.101774215698242,False
1470,49.0,0.9414988160133362,12.556472793221474,98,0,98,single,140.62513411057864,STOPPED,False,,0.4294027387232644,,,25.99066859127443,9.09673400694605,0.7232923461914063,224.34959411621094,224.0711212158203,139.4060821533203,139.32998657226562,31.82586669921875,False
1471,49.03333333333333,0.9399831295013428,11.406043078750372,98,0,98,single,140.62513411057864,STOPPED,False,,0.4294027387232644,,,25.99066859127443,9.09673400694605,0.721052700805664,224.37213134765625,224.583984375,139.4060821533203,139.24359130859375,31.609130859375,False
1472,49.06666666666667,0.9403778314590454,12.239519972354174,98,0,98,single,140.62513411057864,STOPPED,False,,0.4294027387232644,,,25.99066859127443,9.09673400694605,0.7656872497558593,224.41741943359375,224.7796630859375,139.4060821533203,139.17034912109375,31.37513542175293,False
1473,49.1,0.31036806106567383,11.118934955447912,98,0,98,single,140.62513411057864,STOPPED,False,,0.4294027387232644,,,25.99066859127443,9.09673400694605,0.7700760498046875,224.41741943359375,224.31878662109375,139.4060821533203,139.05230712890625,30.36138916015625,False
1474,49.13333333333333,0.9367501139640808,12.659091968089342,98,0,98,single,140.62513411057864,STOPPED,False,,0.4294027387232644,,,25.99066859127443,9.09673400694605,0.7051942016601562,224.41741943359375,224.17767333984375,139.4060821533203,139.07638549804688,30.122652053833008,False
1475,49.166666666666664,0.9429748058319092,11.35458704084158,98,0,98,single,140.62513411057864,STOPPED,False,,0.4294027387232644,,,25.99066859127443,9.09673400694605,0.6952402221679687,224.41741943359375,224.02281188964844,139.4060821533203,139.2196807861328,30.559337615966797,False
1476,49.2,0.9218295812606812,12.413469143211842,98,0,98,single,140.62513411057864,STOPPED,False,,0.4294027387232644,,,25.99066859127443,9.09673400694605,0.6952402221679687,224.41741943359375,223.88363647460938,139.4060821533203,139.3013458251953,31.125646591186523,False
1477,49.233333333333334,0.9392913579940796,11.539437342435122,98,0,98,single,140.62513411057864,STOPPED,False,,0.4294027387232644,,,25.99066859127443,9.09673400694605,0.6952402221679687,224.41741943359375,223.51126098632812,139.4060821533203,139.17422485351562,31.119770050048828,False
1478,49.266666666666666,0.9391942024230957,12.53937603905797,98,0,98,single,140.62513411057864,STOPPED,False,,0.4294027387232644,,,25.99066859127443,9.09673400694605,0.7763199096679687,224.41741943359375,223.19476318359375,139.4060821533203,139.1484375,30.962078094482422,False
1479,49.3,0.9429277181625366,11.425910983234644,98,0,98,single,140.62513411057864,STOPPED,False,,0.4294027387232644,,,25.99066859127443,9.09673400694605,0.8373106567382812,224.41741943359375,222.60287475585938,139.4060821533203,138.82691955566406,30.343868255615234,False
1480,49.333333333333336,0.9359990358352661,12.97375001013279,98,0,98,single,140.62513411057864,STOPPED,False,,0.4294027387232644,,,25.99066859127443,9.09673400694605,0.8435545166015624,224.41741943359375,222.49595642089844,139.4060821533203,138.78236389160156,30.553083419799805,False
1481,49.36666666666667,0.9337868690490723,11.542093008756638,98,0,98,single,140.62513411057864,STOPPED,False,,0.4294027387232644,,,25.99066859127443,9.09673400694605,0.8668106323242187,224.41741943359375,222.69540405273438,139.4060821533203,138.8497314453125,30.622400283813477,False
1482,49.4,0.9339181184768677,12.459541205316782,98,0,98,single,140.62513411057864,STOPPED,False,,0.4294027387232644,,,25.99066859127443,9.09673400694605,0.9839508728027343,224.41741943359375,222.82327270507812,139.4060821533203,138.90158081054688,30.57230567932129,False
1483,49.43333333333333,0.9361845850944519,11.413663160055876,98,0,98,single,140.62513411057864,STOPPED,False,,0.4294027387232644,,,25.99066859127443,9.09673400694605,0.8668106323242187,224.41741943359375,223.09173583984375,139.4060821533203,138.89303588867188,30.667865753173828,False
1484,49.46666666666667,0.9336878657341003,12.601763941347599,98,0,98,single,140.62513411057864,STOPPED,False,,0.4294027387232644,,,25.99066859127443,9.09673400694605,0.8668106323242187,224.41741943359375,222.80816650390625,139.4060821533203,138.906982421875,30.619884490966797,False
1485,49.5,0.9345031976699829,11.311563663184643,98,0,98,single,140.62513411057864,STOPPED,False,,0.4294027387232644,,,25.99066859127443,9.09673400694605,0.8668106323242187,224.41741943359375,222.72601318359375,139.4060821533203,138.74986267089844,30.60287094116211,False
1486,49.53333333333333,0.934257984161377,12.525922618806362,98,0,98,single,140.62513411057864,STOPPED,False,,0.4294027387232644,,,25.99066859127443,9.09673400694605,0.8435545166015624,224.41741943359375,223.0794677734375,139.4060821533203,138.800048828125,30.669551849365234,False
1487,49.56666666666667,0.935107409954071,11.18783699348569,98,0,98,single,140.62513411057864,STOPPED,False,,0.4294027387232644,,,25.99066859127443,9.09673400694605,0.8373106567382812,224.41741943359375,223.28387451171875,139.4060821533203,138.82110595703125,30.485761642456055,False
1488,49.6,0.9331358075141907,13.56452563777566,98,0,98,single,140.62513411057864,STOPPED,False,,0.4294027387232644,,,25.99066859127443,9.09673400694605,0.8301618896484374,224.41741943359375,223.20431518554688,139.4060821533203,138.72064208984375,30.241880416870117,False
1489,49.63333333333333,0.9336471557617188,11.380096897482872,98,0,98,single,140.62513411057864,STOPPED,False,,0.4294027387232644,,,25.99066859127443,9.09673400694605,0.8301618896484374,224.41741943359375,223.15377807617188,139.4060821533203,138.5452880859375,30.233360290527344,False
1490,49.666666666666664,0.9319259524345398,12.562350369989872,98,0,98,single,140.62513411057864,STOPPED,False,,0.4294027387232644,,,25.99066859127443,9.09673400694605,0.8342339721679687,224.41741943359375,223.0576629638672,139.4060821533203,138.55357360839844,30.0842342376709,False
1491,49.7,0.9352009892463684,11.144229210913181,98,0,98,single,140.62513411057864,STOPPED,False,,0.4294027387232644,,,25.99066859127443,9.09673400694605,0.8342339721679687,224.41741943359375,222.99929809570312,139.4060821533203,138.5391387939453,30.411970138549805,False
1492,49.733333333333334,0.9347717761993408,12.376543134450912,98,0,98,single,140.62513411057864,STOPPED,False,,0.4294027387232644,,,25.99066859127443,9.09673400694605,0.8591189208984374,224.41741943359375,223.12130737304688,139.4060821533203,138.62713623046875,30.674402236938477,False
1493,49.766666666666666,0.9333531260490417,11.343810707330704,98,0,98,single,140.62513411057864,STOPPED,False,,0.4294027387232644,,,25.99066859127443,9.09673400694605,0.8441879516601563,224.41741943359375,223.1019287109375,139.4060821533203,138.7079620361328,30.93048095703125,False
1494,49.8,0.9335386753082275,12.497860006988049,98,0,98,single,140.62513411057864,STOPPED,False,,0.4294027387232644,,,25.99066859127443,9.09673400694605,0.8051412048339843,224.41741943359375,222.85382080078125,139.4060821533203,138.8089141845703,31.0172176361084,False
1495,49.833333333333336,0.9318852424621582,11.327865067869425,98,0,98,single,140.62513411057864,STOPPED,False,,0.4294027387232644,,,25.99066859127443,9.09673400694605,0.7884004211425781,224.41741943359375,222.97866821289062,139.4060821533203,138.82577514648438,31.054271697998047,False
1496,49.86666666666667,0.9350494146347046,12.58749794214964,98,0,98,single,140.62513411057864,STOPPED,False,,0.4294027387232644,,,25.99066859127443,9.09673400694605,0.6871865478515624,224.41741943359375,222.87554931640625,139.4060821533203,138.81640625,30.9826602935791,False
1497,49.9,0.9353194236755371,11.168217286467552,98,0,98,single,140.62513411057864,STOPPED,False,,0.4294027387232644,,,25.99066859127443,9.09673400694605,0.5731682373046875,224.41741943359375,222.92857360839844,139.4060821533203,138.7874755859375,30.427095413208008,False
1498,49.93333333333333,0.9322010278701782,12.638605665415525,98,0,98,single,140.62513411057864,STOPPED,False,,0.4294027387232644,,,25.99066859127443,9.09673400694605,0.5124037170410156,224.35870361328125,222.92538452148438,139.4060821533203,138.645263671875,30.585538864135742,False
1499,49.96666666666667,0.9329591989517212,11.200530920177698,98,0,98,single,140.62513411057864,STOPPED,False,,0.4294027387232644,,,25.99066859127443,9.09673400694605,0.49634161376953123,224.3251953125,222.78652954101562,139.4060821533203,138.78262329101562,30.669986724853516,False
1500,50.0,0.9313976168632507,12.507024221122265,98,0,98,single,140.62513411057864,STOPPED,False,,0.4294027387232644,,,25.99066859127443,9.09673400694605,0.46761080932617183,224.26234436035156,222.74969482421875,139.4060821533203,138.873779296875,30.72704315185547,False
1501,50.03333333333333,0.9330996870994568,11.805529240518808,98,0,98,single,140.62513411057864,STOPPED,False,,0.4294027387232644,,,25.99066859127443,9.09673400694605,0.4237680541992187,224.1361846923828,222.80844116210938,139.4060821533203,138.96490478515625,30.4996395111084,False
1502,50.06666666666667,0.9352140426635742,13.100041076540947,98,0,98,single,140.62513411057864,STOPPED,False,,0.4294027387232644,,,25.99066859127443,9.09673400694605,0.4022312622070312,224.07281494140625,222.9325408935547,139.37692260742188,139.1396484375,30.787860870361328,False
1503,50.1,0.9325094223022461,11.236082762479782,98,0,98,single,140.62513411057864,STOPPED,False,,0.4294027387232644,,,25.99066859127443,9.09673400694605,0.3855357238769531,224.0518035888672,222.89395141601562,139.35330200195312,139.16358947753906,30.74694061279297,False
1504,50.13333333333333,0.9327230453491211,12.464068830013275,98,0,98,single,140.62513411057864,STOPPED,False,,0.4294027387232644,,,25.99066859127443,9.09673400694605,0.34750699768066406,224.0518035888672,222.92584228515625,139.32110595703125,139.16696166992188,30.80301284790039,False
1505,50.166666666666664,0.9358087182044983,11.389281135052443,98,0,98,single,140.62513411057864,STOPPED,False,,0.4294027387232644,,,25.99066859127443,9.09673400694605,0.33538124084472654,224.0518035888672,223.11090087890625,139.30770874023438,139.3076171875,30.633251190185547,False
1506,50.2,0.9366809725761414,12.707912363111973,98,0,98,single,140.62513411057864,STOPPED,False,,0.4294027387232644,,,25.99066859127443,9.09673400694605,0.3186404571533203,224.0518035888672,223.1741943359375,139.30770874023438,139.35202026367188,30.700908660888672,False
1507,50.233333333333334,0.9343113899230957,11.044888757169247,98,0,98,single,140.62513411057864,STOPPED,False,,0.4294027387232644,,,25.99066859127443,9.09673400694605,0.26314702148437497,224.0518035888672,223.03131103515625,139.30770874023438,139.4791259765625,30.974763870239258,False
1508,50.266666666666666,0.9404611587524414,12.67639733850956,98,0,98,single,140.62513411057864,STOPPED,False,,0.4294027387232644,,,25.99066859127443,9.09673400694605,0.3084376281738281,224.0518035888672,222.63723754882812,139.30770874023438,139.38211059570312,30.517230987548828,False
1509,50.3,0.9443783164024353,11.209473013877869,98,0,98,single,140.62513411057864,STOPPED,False,,0.4294027387232644,,,25.99066859127443,9.09673400694605,0.3084376281738281,224.0518035888672,222.4186248779297,139.32110595703125,139.38009643554688,30.418500900268555,False
1510,50.333333333333336,0.9518706798553467,12.539889197796583,98,0,98,single,140.62513411057864,STOPPED,False,,0.4294027387232644,,,25.99066859127443,9.09673400694605,0.3054966796875,224.0518035888672,222.82525634765625,139.34320068359375,139.4893798828125,30.619964599609375,False
1511,50.36666666666667,0.9390696287155151,11.45948376506567,98,0,98,single,140.62513411057864,STOPPED,False,,0.4294027387232644,,,25.99066859127443,9.09673400694605,0.3186404571533203,224.0518035888672,223.11874389648438,139.36886596679688,139.64456176757812,31.531314849853516,False
1512,50.4,0.9412357807159424,12.310212012380362,98,0,98,single,140.62513411057864,STOPPED,False,,0.4294027387232644,,,25.99066859127443,9.09673400694605,0.33538124084472654,224.0518035888672,223.33731079101562,139.3813018798828,139.49935913085938,31.423826217651367,False
1513,50.43333333333333,0.9386751651763916,10.971961077302694,98,0,98,single,140.62513411057864,STOPPED,False,,0.4294027387232644,,,25.99066859127443,9.09673400694605,0.3445660491943359,224.0518035888672,223.65914916992188,139.3917999267578,139.39825439453125,31.42925262451172,False
1514,50.46666666666667,0.9397646188735962,12.440974824130535,98,0,98,single,140.62513411057864,STOPPED,False,,0.4294027387232644,,,25.99066859127443,9.09673400694605,0.3445660491943359,224.10171508789062,224.12210083007812,139.3917999267578,139.3577117919922,31.434221267700195,False
1515,50.5,0.9373620748519897,11.173124890774488,98,0,98,single,140.62513411057864,STOPPED,False,,0.4294027387232644,,,25.99066859127443,9.09673400694605,0.3445660491943359,224.1554412841797,224.19427490234375,139.41859436035156,139.43215942382812,31.39390754699707,False
1516,50.53333333333333,0.9385983943939209,12.883017770946026,98,0,98,single,140.62513411057864,STOPPED,False,,0.4294027387232644,,,25.99066859127443,9.09673400694605,0.3445660491943359,224.1089630126953,224.08926391601562,139.41859436035156,139.3088836669922,31.90763282775879,False
1517,50.56666666666667,0.9434797167778015,11.3222012296319,98,0,98,single,140.62513411057864,STOPPED,False,,0.4294027387232644,,,25.99066859127443,9.09673400694605,0.3445660491943359,224.06268310546875,223.786376953125,139.41859436035156,139.2582550048828,32.37393569946289,False
1518,50.6,0.9376741051673889,12.561616953462362,98,0,98,single,140.62513411057864,STOPPED,False,,0.4294027387232644,,,25.99066859127443,9.09673400694605,0.33538124084472654,223.96714782714844,223.28245544433594,139.41859436035156,139.26895141601562,32.123130798339844,False
1519,50.63333333333333,0.9424590468406677,11.256377678364515,98,0,98,single,140.62513411057864,STOPPED,False,,0.4294027387232644,,,25.99066859127443,9.09673400694605,0.33538124084472654,223.8447265625,223.35910034179688,139.45477294921875,139.4698486328125,32.21030044555664,False
1520,50.666666666666664,0.9516131281852722,12.895695865154266,98,0,98,single,140.62513411057864,STOPPED,False,,0.4294027387232644,,,25.99066859127443,9.09673400694605,0.33538124084472654,223.75619506835938,223.7109375,139.45477294921875,139.40567016601562,32.291847229003906,False
1521,50.7,0.93943190574646,11.734702158719301,98,0,98,single,140.62513411057864,STOPPED,False,,0.4294027387232644,,,25.99066859127443,9.09673400694605,0.33538124084472654,223.75619506835938,224.01593017578125,139.4754180908203,139.58274841308594,32.465675354003906,False
1522,50.733333333333334,0.9400617480278015,12.364900205284357,98,0,98,single,140.62513411057864,STOPPED,False,,0.4294027387232644,,,25.99066859127443,9.09673400694605,0.33538124084472654,223.92410278320312,224.03387451171875,139.4852752685547,139.5335693359375,31.902389526367188,False
1523,50.766666666666666,0.9390732645988464,11.232576798647642,98,0,98,single,140.62513411057864,STOPPED,False,,0.4294027387232644,,,25.99066859127443,9.09673400694605,0.3445660491943359,224.02670288085938,224.07542419433594,139.4852752685547,139.4212646484375,32.10595703125,False
1524,50.8,0.9392945170402527,12.246605008840561,98,0,98,single,140.62513411057864,STOPPED,False,,0.4294027387232644,,,25.99066859127443,9.09673400694605,0.3768938598632812,224.0467071533203,224.05526733398438,139.4852752685547,139.33099365234375,31.993680953979492,False
1525,50.833333333333336,0.9437966346740723,11.387820821255445,98,0,98,single,140.62513411057864,STOPPED,False,,0.4294027387232644,,,25.99066859127443,9.09673400694605,0.36408942260742183,224.06736755371094,224.22315979003906,139.4852752685547,139.23480224609375,31.50642204284668,False
1526,50.86666666666667,0.9412489533424377,12.25702092051506,98,0,98,single,140.62513411057864,STOPPED,False,,0.4294027387232644,,,25.99066859127443,9.09673400694605,0.3678447875976562,224.08372497558594,224.31100463867188,139.4852752685547,139.06578063964844,30.987627029418945,False
1527,50.9,0.9369248151779175,11.099851690232754,98,0,98,single,140.62513411057864,STOPPED,False,,0.4294027387232644,,,25.99066859127443,9.09673400694605,0.3679805236816406,224.1089630126953,224.38671875,139.4852752685547,139.09165954589844,30.372865676879883,False
1528,50.93333333333333,0.9430366158485413,12.426559813320637,98,0,98,single,140.62513411057864,STOPPED,False,,0.4294027387232644,,,25.99066859127443,9.09673400694605,0.39277498168945313,224.1654052734375,224.45616149902344,139.4852752685547,139.17095947265625,30.857154846191406,False
1529,50.96666666666667,0.9434953927993774,11.219000909477472,98,0,98,single,140.62513411057864,STOPPED,False,,0.4294027387232644,,,25.99066859127443,9.09673400694605,0.3965755920410156,224.21160888671875,224.37071228027344,139.4852752685547,139.24343872070312,31.18171501159668,False
1530,51.0,0.9425862431526184,12.605033814907074,98,0,98,single,140.62513411057864,STOPPED,False,,0.4294027387232644,,,25.99066859127443,9.09673400694605,0.4447166564941406,224.27586364746094,224.470947265625,139.4852752685547,139.3492889404297,31.349912643432617,False
1531,51.03333333333333,0.9422968626022339,11.235821060836315,98,0,98,single,140.62513411057864,STOPPED,False,,0.4294027387232644,,,25.99066859127443,9.09673400694605,0.5173354614257812,224.34683227539062,224.4700469970703,139.4852752685547,139.39990234375,31.36924934387207,False
1532,51.06666666666667,0.9436149001121521,12.283976189792156,98,0,98,single,140.62513411057864,STOPPED,False,,0.4294027387232644,,,25.99066859127443,9.09673400694605,0.5422656555175781,224.38031005859375,224.43907165527344,139.4852752685547,139.19635009765625,31.432268142700195,False
1533,51.1,0.9432802796363831,11.27115124836564,98,0,98,single,140.62513411057864,STOPPED,False,,0.4294027387232644,,,25.99066859127443,9.09673400694605,0.5747518249511718,224.38031005859375,224.15512084960938,139.4852752685547,139.01976013183594,31.469863891601562,False
1534,51.13333333333333,0.9438269138336182,12.304886244237423,98,0,98,single,140.62513411057864,STOPPED,False,,0.4294027387232644,,,25.99066859127443,9.09673400694605,0.7027735748291015,224.38031005859375,224.095947265625,139.4852752685547,138.95059204101562,31.9034423828125,False
1535,51.166666666666664,0.9447347521781921,11.562713887542486,98,0,98,single,140.62513411057864,STOPPED,False,,0.4294027387232644,,,25.99066859127443,9.09673400694605,0.7841021118164062,224.38031005859375,223.9263916015625,139.4852752685547,138.93817138671875,32.127655029296875,False
1536,51.2,0.94148850440979,12.51321006566286,98,0,98,single,140.62513411057864,STOPPED,False,,0.4294027387232644,,,25.99066859127443,9.09673400694605,0.8410660217285156,224.38031005859375,224.0958709716797,139.4852752685547,139.0455322265625,31.82085609436035,False
1537,51.233333333333334,0.9439382553100586,11.142132338136435,98,0,98,single,140.62513411057864,STOPPED,False,,0.4294027387232644,,,25.99066859127443,9.09673400694605,0.8362021453857421,224.38031005859375,224.01148986816406,139.4852752685547,139.12667846679688,31.82792091369629,False
1538,51.266666666666666,0.943487286567688,12.353616766631603,98,0,98,single,140.62513411057864,STOPPED,False,,0.4294027387232644,,,25.99066859127443,9.09673400694605,0.8896142944335937,224.38031005859375,224.30841064453125,139.4852752685547,139.14468383789062,31.533916473388672,False
1539,51.3,0.9434370398521423,11.226111091673374,98,0,98,single,140.62513411057864,STOPPED,False,,0.4294027387232644,,,25.99066859127443,9.09673400694605,0.8663355560302733,224.38031005859375,224.33242797851562,139.4852752685547,139.0711669921875,31.656835556030273,False
1540,51.333333333333336,0.9450391530990601,12.46117614209652,98,0,98,single,140.62513411057864,STOPPED,False,,0.4294027387232644,,,25.99066859127443,9.09673400694605,0.7600994476318359,224.38031005859375,224.29754638671875,139.4852752685547,139.24761962890625,31.31283187866211,False
1541,51.36666666666667,0.9441758990287781,11.17216981947422,98,0,98,single,140.62513411057864,STOPPED,False,,0.4294027387232644,,,25.99066859127443,9.09673400694605,0.556314340209961,224.38031005859375,224.3394775390625,139.4852752685547,139.3031768798828,31.34876251220703,False
1542,51.4,0.9457314610481262,12.318654917180538,98,0,98,single,140.62513411057864,STOPPED,False,,0.4294027387232644,,,25.99066859127443,9.09673400694605,0.5497311401367188,224.38790893554688,224.38870239257812,139.4852752685547,139.31097412109375,31.40276336669922,False
1543,51.43333333333333,0.9456883072853088,11.381581891328096,98,0,98,single,140.62513411057864,STOPPED,False,,0.4294027387232644,,,25.99066859127443,9.09673400694605,0.5260678161621093,224.41893005371094,224.45770263671875,139.4852752685547,139.34518432617188,31.54257583618164,False
1544,51.46666666666667,0.9464097023010254,12.484296225011349,98,0,98,single,140.62513411057864,STOPPED,False,,0.4294027387232644,,,25.99066859127443,9.09673400694605,0.5105034118652344,224.44932556152344,224.5102081298828,139.4852752685547,139.46966552734375,31.25807762145996,False
1545,51.5,0.9405630230903625,11.031764093786478,98,0,98,single,140.62513411057864,STOPPED,False,,0.4294027387232644,,,25.99066859127443,9.09673400694605,0.5391437255859375,224.45709228515625,224.59292602539062,139.495361328125,139.51519775390625,31.5523624420166,False
1546,51.53333333333333,0.9458149075508118,12.48766016215086,98,0,98,single,140.62513411057864,STOPPED,False,,0.4294027387232644,,,25.99066859127443,9.09673400694605,0.5186249542236328,224.46510314941406,224.55593872070312,139.5088653564453,139.76666259765625,31.556184768676758,False
1547,51.56666666666667,0.9433209896087646,11.283790692687035,98,0,98,single,140.62513411057864,STOPPED,False,,0.4294027387232644,,,25.99066859127443,9.09673400694605,0.5088293334960937,224.46510314941406,224.44798278808594,139.52621459960938,139.70858764648438,31.482471466064453,False
1548,51.6,0.9453308582305908,12.436575721949339,98,0,98,single,140.62513411057864,STOPPED,False,,0.4294027387232644,,,25.99066859127443,9.09673400694605,0.5087162200927734,224.4705810546875,224.5185546875,139.56307983398438,139.618896484375,31.70575714111328,False
1549,51.63333333333333,0.9458025693893433,11.254962999373674,98,0,98,single,140.62513411057864,STOPPED,False,,0.4294027387232644,,,25.99066859127443,9.09673400694605,0.46994094543457027,224.4705810546875,224.18519592285156,139.56307983398438,139.4462890625,31.332378387451172,False
1550,51.666666666666664,0.9457579255104065,12.58195098489523,98,0,98,single,140.62513411057864,STOPPED,False,,0.4294027387232644,,,25.99066859127443,9.09673400694605,0.3952634765625,224.4705810546875,224.1038818359375,139.56307983398438,139.46099853515625,31.554330825805664,False
1551,51.7,0.941867470741272,11.533020064234734,98,0,98,single,140.62513411057864,STOPPED,False,,0.4294027387232644,,,25.99066859127443,9.09673400694605,0.39232252807617185,224.4705810546875,224.08583068847656,139.5789794921875,139.5733184814453,31.53081512451172,False
1552,51.733333333333334,0.9401028156280518,12.706763111054897,98,0,98,single,140.62513411057864,STOPPED,False,,0.4294027387232644,,,25.99066859127443,9.09673400694605,0.3685913360595703,224.4705810546875,224.05184936523438,139.60443115234375,139.70034790039062,31.038768768310547,False
1553,51.766666666666666,0.9426851868629456,11.710959952324629,98,0,98,single,140.62513411057864,STOPPED,False,,0.4294027387232644,,,25.99066859127443,9.09673400694605,0.3685913360595703,224.4705810546875,223.86184692382812,139.6245880126953,139.62838745117188,30.88213348388672,False
1554,51.8,0.9455012679100037,12.435092590749264,98,0,98,single,140.62513411057864,STOPPED,False,,0.4294027387232644,,,25.99066859127443,9.09673400694605,0.32228270874023435,224.4705810546875,223.9833984375,139.6245880126953,139.41644287109375,30.77191162109375,False
1555,51.833333333333336,0.9447840452194214,11.415929067879915,98,0,98,single,140.62513411057864,STOPPED,False,,0.4294027387232644,,,25.99066859127443,9.09673400694605,0.2733272277832031,224.4705810546875,224.22698974609375,139.6245880126953,139.28396606445312,30.68474578857422,False
1556,51.86666666666667,0.9379837512969971,12.16001994907856,98,0,98,single,140.62513411057864,STOPPED,False,,0.4294027387232644,,,25.99066859127443,9.09673400694605,0.2575365966796875,224.4705810546875,224.34457397460938,139.60443115234375,139.19140625,30.945520401000977,False
1557,51.9,0.9396807551383972,11.227606795728207,98,0,98,single,140.62513411057864,STOPPED,False,,0.4294027387232644,,,25.99066859127443,9.09673400694605,0.26158605651855465,224.4705810546875,224.275634765625,139.60443115234375,139.32089233398438,31.188812255859375,False
1558,51.93333333333333,0.9397990703582764,12.39798404276371,98,0,98,single,140.62513411057864,STOPPED,False,,0.4294027387232644,,,25.99066859127443,9.09673400694605,0.23780961914062498,224.4705810546875,224.16065979003906,139.60443115234375,139.23875427246094,31.315155029296875,False
1559,51.96666666666667,0.9422564506530762,11.00454619154334,98,0,98,single,140.62513411057864,STOPPED,False,,0.4294027387232644,,,25.99066859127443,9.09673400694605,0.23780961914062498,224.4705810546875,224.0408935546875,139.60443115234375,139.17654418945312,31.385543823242188,False
1560,52.0,0.9457336664199829,12.595724314451218,98,0,98,single,140.62513411057864,STOPPED,False,,0.4294027387232644,,,25.99066859127443,9.09673400694605,0.2509533966064453,224.4705810546875,223.92906188964844,139.60443115234375,139.06573486328125,30.871158599853516,False
1561,52.03333333333333,0.9294781684875488,11.383812874555588,98,0,98,single,140.62513411057864,STOPPED,False,,0.4294027387232644,,,25.99066859127443,9.09673400694605,0.2575365966796875,224.4705810546875,223.34835815429688,139.60443115234375,138.904052734375,29.783784866333008,False
1562,52.06666666666667,0.9429104328155518,12.464375235140324,98,0,98,single,140.62513411057864,STOPPED,False,,0.4294027387232644,,,25.99066859127443,9.09673400694605,0.2575365966796875,224.4705810546875,223.09620666503906,139.60443115234375,138.9199981689453,29.583932876586914,False
1563,52.1,0.9435645341873169,11.163701768964529,98,0,98,single,140.62513411057864,STOPPED,False,,0.4294027387232644,,,25.99066859127443,9.09673400694605,0.2575365966796875,224.4705810546875,222.75143432617188,139.60443115234375,138.6588592529297,29.73984718322754,False
1564,52.13333333333333,0.9467854499816895,12.37214682623744,98,0,98,single,140.62513411057864,STOPPED,False,,0.4294027387232644,,,25.99066859127443,9.09673400694605,0.2575365966796875,224.4705810546875,222.61392211914062,139.60443115234375,138.54550170898438,29.56016731262207,False
1565,52.166666666666664,0.9407710433006287,11.270185001194477,98,0,98,single,140.62513411057864,STOPPED,False,,0.4294027387232644,,,25.99066859127443,9.09673400694605,0.2575365966796875,224.4705810546875,223.20196533203125,139.60443115234375,138.75262451171875,30.16155242919922,False
1566,52.2,0.9427397847175598,12.15943694114685,98,0,98,single,140.62513411057864,STOPPED,False,,0.4294027387232644,,,25.99066859127443,9.09673400694605,0.27504655151367186,224.4705810546875,223.50979614257812,139.6006622314453,138.81027221679688,30.652019500732422,False
1567,52.233333333333334,0.9536924362182617,11.41795702278614,98,0,98,single,140.62513411057864,STOPPED,False,,0.4294027387232644,,,25.99066859127443,9.09673400694605,0.2987777435302734,224.4705810546875,223.17665100097656,139.6006622314453,138.78680419921875,29.906875610351562,False
1568,52.266666666666666,0.9357251524925232,12.516584247350693,98,0,98,single,140.62513411057864,STOPPED,False,,0.4294027387232644,,,25.99066859127443,9.09673400694605,0.29918495178222654,224.4705810546875,222.60116577148438,139.6006622314453,138.83981323242188,30.069746017456055,False
1569,52.3,0.9377719163894653,11.175760999321938,98,0,98,single,140.62513411057864,STOPPED,False,,0.4294027387232644,,,25.99066859127443,9.09673400694605,0.30171869201660156,224.4705810546875,222.25311279296875,139.6006622314453,138.7985076904297,29.898170471191406,False
1570,52.333333333333336,0.9394432902336121,12.660978361964226,98,0,98,single,140.62513411057864,STOPPED,False,,0.4294027387232644,,,25.99066859127443,9.09673400694605,0.3433670471191406,224.4705810546875,222.09390258789062,139.6006622314453,138.90655517578125,30.10274887084961,False
1571,52.36666666666667,0.940623939037323,12.51715887337923,98,0,98,single,140.62513411057864,STOPPED,False,,0.4294027387232644,,,25.99066859127443,9.09673400694605,0.3463079956054687,224.4705810546875,222.05172729492188,139.6006622314453,138.8416748046875,29.87417984008789,False
1572,52.4,0.9552439451217651,12.274410109966993,98,0,98,single,140.62513411057864,STOPPED,False,,0.4294027387232644,,,25.99066859127443,9.09673400694605,0.4222749572753906,224.4705810546875,222.31130981445312,139.6006622314453,138.9656982421875,30.293489456176758,False
1573,52.43333333333333,0.9072766304016113,11.32129691541195,98,0,98,single,140.62513411057864,STOPPED,False,,0.4294027387232644,,,25.99066859127443,9.09673400694605,0.4340387512207031,224.4705810546875,222.42294311523438,139.6006622314453,139.23046875,30.53713035583496,False
1574,52.46666666666667,0.9405422806739807,12.415606062859297,98,0,98,single,140.62513411057864,STOPPED,False,,0.4294027387232644,,,25.99066859127443,9.09673400694605,0.5088293334960937,224.4705810546875,222.37625122070312,139.6006622314453,139.07080078125,30.818498611450195,False
1575,52.5,0.937627911567688,11.228595394641161,98,0,98,single,140.62513411057864,STOPPED,False,,0.4294027387232644,,,25.99066859127443,9.09673400694605,0.5237150573730468,224.46510314941406,222.24998474121094,139.6006622314453,139.03375244140625,31.40047836303711,False
1576,52.53333333333333,0.9396729469299316,12.485089711844921,98,0,98,single,140.62513411057864,STOPPED,False,,0.4294027387232644,,,25.99066859127443,9.09673400694605,0.574095767211914,224.4538116455078,222.31304931640625,139.6006622314453,138.83230590820312,31.225496292114258,False
1577,52.56666666666667,0.940792441368103,11.452446226030588,98,0,98,single,140.62513411057864,STOPPED,False,,0.4294027387232644,,,25.99066859127443,9.09673400694605,0.6035504974365234,224.4538116455078,222.42697143554688,139.6006622314453,138.75106811523438,31.150590896606445,False
1578,52.6,0.9430519342422485,12.524606194347143,98,0,98,single,140.62513411057864,STOPPED,False,,0.4294027387232644,,,25.99066859127443,9.09673400694605,0.6615550506591796,224.4538116455078,222.32785034179688,139.6006622314453,138.75717163085938,31.4154052734375,False
1579,52.63333333333333,0.9387302398681641,11.306100059300661,98,0,98,single,140.62513411057864,STOPPED,False,,0.4294027387232644,,,25.99066859127443,9.09673400694605,0.7032034057617187,224.4538116455078,222.55508422851562,139.6006622314453,138.81271362304688,31.69512176513672,False
1580,52.666666666666664,0.9415635466575623,12.109641917049885,98,0,98,single,140.62513411057864,STOPPED,False,,0.4294027387232644,,,25.99066859127443,9.09673400694605,0.7810480499267578,224.4538116455078,222.86099243164062,139.6006622314453,138.84274291992188,31.6259708404541,False
1581,52.7,0.936847448348999,11.25413179397583,98,0,98,single,140.62513411057864,STOPPED,False,,0.4294027387232644,,,25.99066859127443,9.09673400694605,0.8616074157714844,224.4538116455078,222.8189697265625,139.6006622314453,138.787109375,31.408504486083984,False
1582,52.733333333333334,0.9387266635894775,12.269887141883373,98,0,98,single,140.62513411057864,STOPPED,False,,0.4294027387232644,,,25.99066859127443,9.09673400694605,0.9736349304199218,224.4538116455078,222.59225463867188,139.6006622314453,138.64340209960938,30.917194366455078,False
1583,52.766666666666666,0.940558910369873,11.334182694554329,98,0,98,single,140.62513411057864,STOPPED,False,,0.4294027387232644,,,25.99066859127443,9.09673400694605,1.2376416137695312,224.4538116455078,222.30865478515625,139.6006622314453,138.59632873535156,30.92304801940918,False
1584,52.8,0.9408917427062988,12.579278089106083,98,0,98,single,140.62513411057864,STOPPED,False,,0.4294027387232644,,,25.99066859127443,9.09673400694605,1.3660479492187498,224.4538116455078,222.29913330078125,139.6006622314453,138.76766967773438,31.288883209228516,False
1585,52.833333333333336,0.9388515949249268,11.313414666801691,98,0,98,single,140.62513411057864,STOPPED,False,,0.4294027387232644,,,25.99066859127443,9.09673400694605,1.3104187774658203,224.4538116455078,222.3486328125,139.6006622314453,138.95858764648438,30.99028205871582,False
1586,52.86666666666667,0.9373771548271179,12.491085100919008,98,0,98,single,140.62513411057864,STOPPED,False,,0.4294027387232644,,,25.99066859127443,9.09673400694605,1.2829548431396485,224.4538116455078,222.26492309570312,139.6006622314453,139.05499267578125,31.235742568969727,False
1587,52.9,0.9352373480796814,11.146350298076868,98,0,98,single,140.62513411057864,STOPPED,False,,0.4294027387232644,,,25.99066859127443,9.09673400694605,1.2324610198974608,224.4538116455078,222.06573486328125,139.6006622314453,139.0544891357422,30.95806884765625,False
1588,52.93333333333333,0.9368895888328552,12.396326754242182,98,0,98,single,140.62513411057864,STOPPED,False,,0.4294027387232644,,,25.99066859127443,9.09673400694605,0.9058800018310547,224.4066162109375,221.6579132080078,139.6006622314453,139.04348754882812,30.72556495666504,False
1589,52.96666666666667,0.9359915256500244,13.188329059630632,98,0,98,single,140.62513411057864,STOPPED,False,,0.4294027387232644,,,25.99066859127443,9.09673400694605,0.8435771392822266,224.31700134277344,221.41851806640625,139.6006622314453,138.856201171875,31.138839721679688,False
1590,53.0,0.9335193634033203,12.44694134220481,98,0,98,single,140.62513411057864,STOPPED,False,,0.4294027387232644,,,25.99066859127443,9.09673400694605,0.884999267578125,224.2561798095703,221.64370727539062,139.6006622314453,138.81423950195312,31.083463668823242,False
1591,53.03333333333333,0.9359015822410583,11.19158836081624,98,0,98,single,140.62513411057864,STOPPED,False,,0.4294027387232644,,,25.99066859127443,9.09673400694605,0.8335100463867187,224.21026611328125,221.95513916015625,139.5283966064453,138.75460815429688,31.01531219482422,False
1592,53.06666666666667,0.9381417036056519,12.468113098293543,98,0,98,single,140.62513411057864,STOPPED,False,,0.4294027387232644,,,25.99066859127443,9.09673400694605,0.8145974853515624,224.17538452148438,221.9656982421875,139.45510864257812,138.78402709960938,30.714616775512695,False
1593,53.1,0.9368335604667664,11.382581666111946,98,0,98,single,140.62513411057864,STOPPED,False,,0.4294027387232644,,,25.99066859127443,9.09673400694605,0.7806182189941406,224.13795471191406,222.09854125976562,139.43435668945312,138.76287841796875,30.775259017944336,False
1594,53.13333333333333,0.934823751449585,12.483282946050167,98,0,98,single,140.62513411057864,STOPPED,False,,0.4294027387232644,,,25.99066859127443,9.09673400694605,0.7462769897460937,224.09666442871094,222.0293731689453,139.3782196044922,138.65020751953125,31.02748680114746,False
1595,53.166666666666664,0.935874342918396,11.81518705561757,98,0,98,single,140.62513411057864,STOPPED,False,,0.4294027387232644,,,25.99066859127443,9.09673400694605,0.5894791900634765,224.07223510742188,221.7952423095703,139.30612182617188,138.97903442382812,31.33237648010254,False
1596,53.2,0.9352567791938782,12.703466229140759,98,0,98,single,140.62513411057864,STOPPED,False,,0.4294027387232644,,,25.99066859127443,9.09673400694605,0.583506802368164,224.04747009277344,222.08657836914062,139.26588439941406,139.1661376953125,31.274648666381836,False
1597,53.233333333333334,0.9354596138000488,11.310684029012918,98,0,98,single,140.62513411057864,STOPPED,False,,0.4294027387232644,,,25.99066859127443,9.09673400694605,0.5142813995361328,224.0178985595703,222.12210083007812,139.23544311523438,139.05050659179688,31.372390747070312,False
1598,53.266666666666666,0.9365188479423523,12.343720998615026,98,0,98,single,140.62513411057864,STOPPED,False,,0.4294027387232644,,,25.99066859127443,9.09673400694605,0.4401921203613281,224.0178985595703,222.19651794433594,139.21484375,139.00811767578125,31.79085350036621,False
1599,53.3,0.9350418448448181,11.320426128804684,98,0,98,single,140.62513411057864,STOPPED,False,,0.4294027387232644,,,25.99066859127443,9.09673400694605,0.409380029296875,223.99615478515625,222.18167114257812,139.18545532226562,139.01654052734375,31.4903564453125,False
1600,53.333333333333336,0.9364137053489685,12.272316962480545,98,0,98,single,140.62513411057864,STOPPED,False,,0.4294027387232644,,,25.99066859127443,9.09673400694605,0.4205782562255859,223.7613525390625,221.96519470214844,139.17237854003906,138.9068603515625,31.556798934936523,False
1601,53.36666666666667,0.9381498694419861,11.218756902962923,98,0,98,single,140.62513411057864,STOPPED,False,,0.4294027387232644,,,25.99066859127443,9.09673400694605,0.4179992706298828,223.44522094726562,221.90255737304688,139.1280059814453,138.67959594726562,31.28929328918457,False
1602,53.4,0.9389463663101196,12.528217863291502,98,0,98,single,140.62513411057864,STOPPED,False,,0.4294027387232644,,,25.99066859127443,9.09673400694605,0.4204651428222656,223.289794921875,221.88885498046875,139.0687713623047,138.66995239257812,30.992856979370117,False
1603,53.43333333333333,0.9381558895111084,11.171814985573292,98,0,98,single,140.62513411057864,STOPPED,False,,0.4294027387232644,,,25.99066859127443,9.09673400694605,0.4345816955566406,223.19183349609375,221.793212890625,139.06143188476562,138.9337158203125,31.086362838745117,False
1604,53.46666666666667,0.9372028112411499,12.588645331561565,98,0,98,single,140.62513411057864,STOPPED,False,,0.4294027387232644,,,25.99066859127443,9.09673400694605,0.4436307678222656,223.14447021484375,221.70840454101562,139.05479431152344,138.91525268554688,31.440792083740234,False
1605,53.5,0.9375807046890259,11.338758748024702,98,0,98,single,140.62513411057864,STOPPED,False,,0.4294027387232644,,,25.99066859127443,9.09673400694605,0.42686736145019527,223.0021209716797,221.70362854003906,139.0529022216797,138.9511260986328,31.152524948120117,False
1606,53.53333333333333,0.9268174171447754,12.537118047475815,98,0,98,single,140.62513411057864,STOPPED,False,,0.4294027387232644,,,25.99066859127443,9.09673400694605,0.42686736145019527,222.84417724609375,222.56509399414062,139.05479431152344,139.07762145996094,31.751972198486328,False
1607,53.56666666666667,0.9436267614364624,11.12302578985691,98,0,98,single,140.62513411057864,STOPPED,False,,0.4294027387232644,,,25.99066859127443,9.09673400694605,0.42686736145019527,222.8271026611328,222.83251953125,139.05479431152344,139.00746154785156,31.642059326171875,False
1608,53.6,0.9421576261520386,12.370381969958544,98,0,98,single,140.62513411057864,STOPPED,False,,0.4294027387232644,,,25.99066859127443,9.09673400694605,0.42686736145019527,222.8271026611328,222.7039031982422,139.05479431152344,138.85983276367188,31.018125534057617,False
1609,53.63333333333333,0.9431707859039307,11.330117005854845,98,0,98,single,140.62513411057864,STOPPED,False,,0.4294027387232644,,,25.99066859127443,9.09673400694605,0.42686736145019527,222.849609375,223.4322509765625,139.05479431152344,138.9893341064453,31.72955894470215,False
1610,53.666666666666664,0.9551487565040588,12.59347004815936,98,0,98,single,140.62513411057864,STOPPED,False,,0.4294027387232644,,,25.99066859127443,9.09673400694605,0.42686736145019527,222.849609375,223.6295166015625,139.05479431152344,139.04769897460938,32.30059051513672,False
1611,53.7,0.9494983553886414,11.26038609072566,98,0,98,single,140.62513411057864,STOPPED,False,,0.4294027387232644,,,25.99066859127443,9.09673400694605,0.42686736145019527,222.849609375,223.18832397460938,139.06448364257812,139.0956268310547,31.42905044555664,False
1612,53.733333333333334,0.9387370944023132,12.655691709369421,98,0,98,single,140.62513411057864,STOPPED,False,,0.4294027387232644,,,25.99066859127443,9.09673400694605,0.42686736145019527,222.849609375,223.5343017578125,139.07489013671875,139.11294555664062,31.362356185913086,False
1613,53.766666666666666,0.9394960999488831,11.112960055470467,98,0,98,single,140.62513411057864,STOPPED,False,,0.4294027387232644,,,25.99066859127443,9.09673400694605,0.42686736145019527,223.05738830566406,223.37100219726562,139.0884246826172,139.16941833496094,31.147502899169922,False
1614,53.8,0.9455364346504211,12.713502161204815,98,0,98,single,140.62513411057864,STOPPED,False,,0.4294027387232644,,,25.99066859127443,9.09673400694605,0.44437731628417965,223.27032470703125,223.32498168945312,139.10601806640625,139.1885986328125,31.049137115478516,False
1615,53.833333333333336,0.939719557762146,11.04994723573327,98,0,98,single,140.62513411057864,STOPPED,False,,0.4294027387232644,,,25.99066859127443,9.09673400694605,0.4943508178710937,223.33599853515625,223.34335327148438,139.10601806640625,139.00369262695312,30.997453689575195,False
1616,53.86666666666667,0.9496663808822632,12.50260230153799,98,0,98,single,140.62513411057864,STOPPED,False,,0.4294027387232644,,,25.99066859127443,9.09673400694605,0.5092139190673828,223.33599853515625,222.97119140625,139.10601806640625,138.60626220703125,30.872722625732422,False
1617,53.9,0.9407026767730713,11.27996202558279,98,0,98,single,140.62513411057864,STOPPED,False,,0.4294027387232644,,,25.99066859127443,9.09673400694605,0.524122265625,223.33599853515625,222.71678161621094,139.10601806640625,138.47555541992188,30.725065231323242,False
1618,53.93333333333333,0.9395296573638916,12.611248064786196,98,0,98,single,140.62513411057864,STOPPED,False,,0.4294027387232644,,,25.99066859127443,9.09673400694605,0.524122265625,223.33599853515625,222.5993194580078,139.0884246826172,138.42945861816406,30.796785354614258,False
1619,53.96666666666667,0.9521918892860413,11.532250326126814,98,0,98,single,140.62513411057864,STOPPED,False,,0.4294027387232644,,,25.99066859127443,9.09673400694605,0.524122265625,223.33599853515625,222.52301025390625,139.0884246826172,138.38870239257812,30.968223571777344,False
1620,54.0,0.9445410370826721,12.420006096363068,98,0,98,single,140.62513411057864,STOPPED,False,,0.4294027387232644,,,25.99066859127443,9.09673400694605,0.53063759765625,223.33599853515625,222.39083862304688,139.0884246826172,138.72781372070312,30.803442001342773,False
1621,54.03333333333333,0.9413226842880249,11.130721308290958,98,0,98,single,140.62513411057864,STOPPED,False,,0.4294027387232644,,,25.99066859127443,9.09673400694605,0.524122265625,223.33599853515625,222.1846160888672,139.0884246826172,138.85540771484375,30.39787483215332,False
1622,54.06666666666667,0.9483997821807861,12.55260081961751,98,0,98,single,140.62513411057864,STOPPED,False,,0.4294027387232644,,,25.99066859127443,9.09673400694605,0.510005712890625,223.33599853515625,222.28726196289062,139.0884246826172,139.05047607421875,30.516958236694336,False
