frame_idx,timestamp,best_conf,infer_ms,jump_count,single_count,double_count,jump_type,spm,state,cycle_ok,dt,expected_dt,hip_amp,shoulder_amp,amp_ewma,lift_th,lift_noise_sigma,ground_y,hip_y,shoulder_ground_y,shoulder_y,ankle_distance,is_airborne
0,0.0,0.9172816276550293,17.206694930791855,0,0,0,unknown,0.0,IDLE,False,,,,,,,,,218.43960571289062,,130.7106475830078,25.12032699584961,False
1,0.03333333333333333,0.9187779426574707,12.015252839773893,0,0,0,unknown,0.0,IDLE,False,,,,,,,,,218.254638671875,,130.80125427246094,25.911314010620117,False
2,0.06666666666666667,0.9135807752609253,11.975761968642473,0,0,0,unknown,0.0,IDLE,False,,,,,,,,,209.92428588867188,,123.68653869628906,21.221904754638672,False
3,0.1,0.879816472530365,11.14733424037695,0,0,0,unknown,0.0,IDLE,False,,,,,,,,,208.78778076171875,,119.7393798828125,16.021869659423828,False
4,0.13333333333333333,0.885755717754364,12.011325918138027,0,0,0,double,0.0,IDLE,False,,,,,,,,,210.56924438476562,,118.27000427246094,21.03144073486328,False
5,0.16666666666666666,0.9013954401016235,11.09320204705,0,0,0,double,0.0,IDLE,False,,,,,,,,,211.16238403320312,,118.48660278320312,18.90520477294922,False
6,0.2,0.8683118224143982,11.891694273799658,0,0,0,double,0.0,IDLE,False,,,,,,,,,215.0601806640625,,121.40408325195312,21.500181198120117,False
7,0.23333333333333334,0.8815066814422607,12.594442814588547,0,0,0,double,0.0,IDLE,False,,,,,,,,,217.07362365722656,,123.40231323242188,20.87871742248535,False
8,0.26666666666666666,0.8803913593292236,13.934825081378222,0,0,0,double,0.0,IDLE,False,,,,,,,,,219.8860626220703,,129.08531188964844,17.113317489624023,False
9,0.3,0.8929528594017029,11.261689011007547,0,0,0,double,0.0,IDLE,False,,,,,,6.254583013916015,2.0848610046386717,220.4499053955078,225.52455139160156,131.4465789794922,137.25457763671875,14.58679485321045,False
10,0.3333333333333333,0.8996178507804871,12.01567379757762,0,0,0,double,0.0,IDLE,False,,,,,,23.984562561511996,8.764003866577148,225.52455139160156,234.34744262695312,137.25457763671875,145.01914978027344,11.131943702697754,False
11,0.36666666666666664,0.8732594847679138,10.984983760863543,0,0,0,double,0.0,IDLE,False,,,,,,23.97328075408936,10.079173406982422,233.46514892578125,237.93740844726562,144.24269104003906,147.84725952148438,13.535496711730957,False
12,0.4,0.8890072703361511,12.32303399592638,0,0,0,double,0.0,IDLE,False,,,,,,24.929522364139558,10.778372598266602,234.2995147705078,234.1077880859375,144.89187622070312,144.38275146484375,14.710546493530273,False
13,0.43333333333333335,0.8989089727401733,11.164100840687752,0,0,0,double,0.0,IDLE,False,,,,,,25.18210672736168,11.091787216186523,234.27554321289062,231.25949096679688,144.82823181152344,141.44454956054688,14.082160949707031,False
14,0.4666666666666667,0.9113757610321045,12.018768582493067,0,0,0,double,0.0,IDLE,False,,,,,,25.44076821088791,10.789208862304687,234.2515869140625,222.16964721679688,144.76458740234375,134.92379760742188,15.805948257446289,False
15,0.5,0.9208346009254456,11.09588472172618,0,0,0,double,0.0,IDLE,False,,,,,,25.90647886157036,10.646674662780761,234.2276153564453,213.83641052246094,144.70095825195312,128.030029296875,15.895259857177734,False
16,0.5333333333333333,0.915130615234375,11.938061099499464,0,0,0,double,0.0,IDLE,False,,,,,,25.77964369416237,10.778372598266602,234.20364379882812,208.25192260742188,144.63731384277344,122.84197998046875,14.442740440368652,True
17,0.5666666666666667,0.9065113067626953,13.785948976874352,0,0,0,double,0.0,IDLE,False,,,,,,26.126856315135957,10.996975561523437,234.1796875,206.46359252929688,144.57366943359375,120.03952026367188,12.730371475219727,True
18,0.6,0.9163789749145508,12.923023663461208,0,0,0,double,0.0,IDLE,False,,,,,,25.989544471502306,10.59960817565918,234.1557159423828,206.78713989257812,144.51002502441406,120.56999206542969,11.852602005004883,True
19,0.6333333333333333,0.9159960746765137,11.455986183136702,0,0,0,double,0.0,IDLE,False,,,,,,26.010728811025622,9.949522824096679,234.1317596435547,207.2584228515625,144.44639587402344,121.49925994873047,11.919516563415527,True
20,0.6666666666666666,0.8845428228378296,12.052555568516254,1,0,1,double,0.0,JUMPING,True,,,27.644195556640625,24.343231201171875,27.644195556640625,25.92450333118439,9.299460095214844,234.1077880859375,212.398193359375,144.38275146484375,125.22808074951172,12.932544708251953,False
21,0.7,0.8648634552955627,11.321433819830418,1,0,1,double,0.0,JUMPING,False,,,,,27.644195556640625,25.00117156267166,9.077486352539061,233.8229522705078,220.03099060058594,144.08892822265625,132.59149169921875,15.870261192321777,False
22,0.7333333333333333,0.8990523219108582,13.43559194356203,1,0,1,double,0.0,JUMPING,False,,,,,27.644195556640625,24.251842854022982,10.59960817565918,233.5381317138672,228.86749267578125,143.79510498046875,140.49661254882812,14.950420379638672,False
23,0.7666666666666667,0.8801314234733582,11.3707329146564,1,0,1,double,0.0,JUMPING,False,,,,,27.644195556640625,9.675468444824219,2.289098565673828,234.25518798828125,234.318359375,144.7276611328125,144.87547302246094,17.144880294799805,False
24,0.8,0.8978049755096436,12.308807112276554,1,0,1,double,0.0,JUMPING,False,,,,,27.644195556640625,12.66865592651367,4.22288530883789,234.234130859375,231.1699981689453,144.6783905029297,143.4896240234375,17.891786575317383,False
25,0.8333333333333334,0.899273693561554,14.38683969900012,1,0,1,double,0.0,JUMPING,False,,,,,27.644195556640625,9.675468444824219,2.445195062255859,234.21307373046875,228.5808868408203,144.62911987304688,141.752685546875,18.82312774658203,False
26,0.8666666666666667,0.9090121984481812,12.335767038166523,1,0,1,double,0.0,JUMPING,False,,,,,27.644195556640625,9.675468444824219,2.445195062255859,234.1920166015625,221.81759643554688,144.579833984375,135.92800903320312,17.013545989990234,True
27,0.9,0.8898938298225403,11.261707171797752,1,0,1,double,0.0,JUMPING,False,,,,,27.644195556640625,9.675468444824219,2.445195062255859,234.17095947265625,216.47918701171875,144.5305633544922,128.48715209960938,23.11391830444336,True
28,0.9333333333333333,0.8712594509124756,12.203340884298086,1,0,1,double,0.0,JUMPING,False,,,,,27.644195556640625,9.675468444824219,2.445195062255859,234.14990234375,211.321044921875,144.48129272460938,122.60256958007812,21.028789520263672,True
29,0.9666666666666667,0.8875407576560974,11.610068380832672,1,0,1,double,0.0,JUMPING,False,,,,,27.644195556640625,9.675468444824219,2.445195062255859,234.12884521484375,205.73355102539062,144.43202209472656,119.18856048583984,17.785789489746094,True
30,1.0,0.894252359867096,12.179750949144363,1,0,1,unknown,0.0,JUMPING,False,,,,,,,,,,,,0.0,False
31,1.0333333333333334,0.8940414190292358,11.012182105332613,1,0,1,unknown,0.0,JUMPING,False,,,,,,,,,,,,0.0,False
32,1.0666666666666667,0.9040486812591553,12.911626137793064,1,0,1,double,0.0,JUMPING,False,,,,,27.644195556640625,9.675468444824219,2.445195062255859,234.1077880859375,208.3282928466797,144.38275146484375,122.00991821289062,17.14702033996582,True
33,1.1,0.8881016373634338,12.728834990411997,1,0,1,double,0.0,JUMPING,False,,,,,27.644195556640625,9.675468444824219,2.445195062255859,233.8229522705078,214.53868103027344,144.29344177246094,128.9343719482422,16.98002052307129,True
34,1.1333333333333333,0.8973231315612793,12.686089146882296,1,0,1,double,0.0,JUMPING,False,,,,,27.644195556640625,9.675468444824219,2.445195062255859,233.5381317138672,223.4405517578125,144.20413208007812,137.53030395507812,16.787336349487305,True
35,1.1666666666666667,0.8832677602767944,11.096184141933918,2,0,2,double,120.00001430511645,JUMPING,True,0.5000000000000001,0.5000000000000001,28.521636962890625,25.16883087158203,27.863555908203125,12.66865592651367,4.22288530883789,234.25518798828125,234.39443969726562,144.35739135742188,144.29823303222656,17.6440486907959,False
36,1.2,0.9002757668495178,12.141288723796606,2,0,2,double,120.00001430511645,JUMPING,False,,0.5000000000000001,,,27.863555908203125,9.752244567871093,2.323937493896484,234.234130859375,233.2933349609375,144.6783905029297,144.89573669433594,18.76552391052246,False
37,1.2333333333333334,0.8974820971488953,11.113517917692661,2,0,2,double,120.00001430511645,JUMPING,False,,0.5000000000000001,,,27.863555908203125,9.752244567871093,2.529057339477539,234.21307373046875,231.58750915527344,144.72891235351562,144.5823516845703,19.96343994140625,False
38,1.2666666666666666,0.9047790765762329,12.232162058353424,2,0,2,double,120.00001430511645,JUMPING,False,,0.5000000000000001,,,27.863555908203125,9.752244567871093,2.529057339477539,234.1920166015625,224.40838623046875,144.69960021972656,138.97531127929688,17.886930465698242,True
39,1.3,0.9134725332260132,11.646748054772615,2,0,2,double,120.00001430511645,JUMPING,False,,0.5000000000000001,,,27.863555908203125,9.752244567871093,2.529057339477539,234.17095947265625,216.6715850830078,144.6702880859375,131.43844604492188,16.778888702392578,True
40,1.3333333333333333,0.8898678421974182,11.947336606681347,2,0,2,double,120.00001430511645,JUMPING,False,,0.5000000000000001,,,27.863555908203125,9.752244567871093,2.529057339477539,234.14990234375,210.66200256347656,144.64097595214844,124.44952392578125,14.934202194213867,True
41,1.3666666666666667,0.9041156768798828,12.908161152154207,2,0,2,double,120.00001430511645,JUMPING,False,,0.5000000000000001,,,27.863555908203125,9.752244567871093,2.529057339477539,234.12884521484375,206.73434448242188,144.61166381835938,120.63311767578125,14.850924491882324,True
42,1.4,0.8949972987174988,15.732571948319674,2,0,2,double,120.00001430511645,JUMPING,False,,0.5000000000000001,,,27.863555908203125,9.752244567871093,2.529057339477539,234.1077880859375,206.61727905273438,144.5823516845703,119.16896057128906,15.06917667388916,True
43,1.4333333333333333,0.897294282913208,16.51899190619588,2,0,2,double,120.00001430511645,JUMPING,False,,0.5000000000000001,,,27.863555908203125,9.752244567871093,2.529057339477539,234.02633666992188,207.06231689453125,144.56239318847656,118.99171447753906,16.154111862182617,True
44,1.4666666666666666,0.9131864905357361,13.996627181768417,2,0,2,double,120.00001430511645,JUMPING,False,,0.5000000000000001,,,27.863555908203125,9.752244567871093,2.529057339477539,233.9449005126953,208.37490844726562,144.5424346923828,122.03204345703125,16.23599624633789,True
45,1.5,0.8967293500900269,11.998919304460287,2,0,2,double,120.00001430511645,JUMPING,False,,0.5000000000000001,,,27.863555908203125,9.752244567871093,2.529057339477539,233.8634490966797,215.06787109375,144.52247619628906,127.7444839477539,15.451275825500488,True
46,1.5333333333333334,0.8930400609970093,13.731932267546654,2,0,2,double,120.00001430511645,JUMPING,False,,0.5000000000000001,,,27.863555908203125,9.752244567871093,2.529057339477539,233.78201293945312,223.81985473632812,144.5025177001953,136.27146911621094,14.691742897033691,True
47,1.5666666666666667,0.8734612464904785,12.02354021370411,3,0,3,double,133.3333280351429,JUMPING,True,0.3999999999999999,0.4780000000000001,27.16473388671875,25.51080322265625,27.68885040283203,9.752244567871093,2.0807776107788083,233.78201293945312,233.01235961914062,144.5025177001953,143.762939453125,15.207327842712402,False
48,1.6,0.9015833139419556,13.450906611979008,3,0,3,double,133.3333280351429,JUMPING,False,,0.4780000000000001,,,27.68885040283203,9.69109764099121,2.529057339477539,234.234130859375,235.382568359375,144.7582244873047,145.5328369140625,19.27240562438965,False
49,1.6333333333333333,0.8972724676132202,11.520011816173792,3,0,3,double,133.3333280351429,JUMPING,False,,0.4780000000000001,,,27.68885040283203,9.69109764099121,2.813277388000488,234.3358154296875,236.2432861328125,144.88763427734375,145.84396362304688,21.19269561767578,False
50,1.6666666666666667,0.9058163166046143,12.279510032385588,3,0,3,double,133.3333280351429,JUMPING,False,,0.4780000000000001,,,27.68885040283203,9.69109764099121,3.0153771057128904,234.3358154296875,229.68914794921875,144.88763427734375,140.83758544921875,21.173046112060547,False
51,1.7,0.9084656238555908,11.228845920413733,3,0,3,double,133.3333280351429,JUMPING,False,,0.4780000000000001,,,27.68885040283203,9.69109764099121,3.0153771057128904,234.3358154296875,222.03396606445312,144.88763427734375,133.5485076904297,19.730899810791016,True
52,1.7333333333333334,0.928103506565094,12.164928950369358,3,0,3,double,133.3333280351429,JUMPING,False,,0.4780000000000001,,,27.68885040283203,9.69109764099121,3.0153771057128904,234.3358154296875,215.55255126953125,144.88763427734375,126.85047149658203,16.586261749267578,True
53,1.7666666666666666,0.9295181632041931,11.611911933869123,3,0,3,double,133.3333280351429,JUMPING,False,,0.4780000000000001,,,27.68885040283203,9.69109764099121,3.0153771057128904,234.3358154296875,210.21617126464844,144.88763427734375,122.73007202148438,16.411409378051758,True
54,1.8,0.9284488558769226,12.07885704934597,3,0,3,double,133.3333280351429,JUMPING,False,,0.4780000000000001,,,27.68885040283203,9.69109764099121,3.0153771057128904,234.3358154296875,207.54144287109375,144.88763427734375,120.68161010742188,16.65032386779785,True
55,1.8333333333333333,0.9009661674499512,11.231997050344944,3,0,3,double,133.3333280351429,JUMPING,False,,0.4780000000000001,,,27.68885040283203,9.69109764099121,3.0153771057128904,234.3358154296875,207.57626342773438,144.88763427734375,120.3260726928711,15.517433166503906,True
56,1.8666666666666667,0.9092583060264587,11.77276112139225,3,0,3,double,133.3333280351429,JUMPING,False,,0.4780000000000001,,,27.68885040283203,9.69109764099121,3.0153771057128904,234.3358154296875,209.53822326660156,144.88763427734375,123.06416320800781,13.676080703735352,True
57,1.9,0.9125935435295105,11.269301641732454,3,0,3,double,133.3333280351429,JUMPING,False,,0.4780000000000001,,,27.68885040283203,9.69109764099121,2.87343109588623,234.234130859375,213.76947021484375,144.7582244873047,128.83206176757812,15.378267288208008,True
58,1.9333333333333333,0.9031466245651245,12.42402894422412,3,0,3,double,133.3333280351429,JUMPING,False,,0.4780000000000001,,,27.68885040283203,9.69109764099121,2.5988030639648434,233.78201293945312,220.9993896484375,144.5025177001953,137.08396911621094,16.63646125793457,True
59,1.9666666666666666,0.9014651775360107,11.073030065745115,4,0,4,double,138.46154671448977,JUMPING,True,0.3999999999999999,0.46084,25.639495849609375,24.14263153076172,27.176511764526367,11.408278518676758,3.802759506225586,233.18093872070312,229.0225830078125,144.4687042236328,144.00015258789062,15.256522178649902,False
60,2.0,0.9123643040657043,12.82830210402608,4,0,4,double,138.46154671448977,JUMPING,False,,0.46084,,,27.176511764526367,9.511779117584227,2.7314850860595703,233.56581115722656,233.74746704101562,144.7582244873047,147.7764129638672,14.057984352111816,False
61,2.033333333333333,0.8925638198852539,21.226937416940928,4,0,4,double,138.46154671448977,JUMPING,False,,0.46084,,,27.176511764526367,9.511779117584227,2.567832614135742,233.56581115722656,233.2091064453125,144.88763427734375,147.09800720214844,13.955866813659668,False
62,2.066666666666667,0.9120362401008606,20.24305099621415,4,0,4,double,138.46154671448977,JUMPING,False,,0.46084,,,27.176511764526367,9.511779117584227,2.567832614135742,233.56581115722656,225.09396362304688,144.88763427734375,141.51109313964844,14.014067649841309,False
63,2.1,0.8943612575531006,19.141405820846558,4,0,4,double,138.46154671448977,JUMPING,False,,0.46084,,,27.176511764526367,9.511779117584227,2.567832614135742,233.56581115722656,220.1682891845703,144.88763427734375,134.05821228027344,23.364864349365234,True
64,2.1333333333333333,0.9044097661972046,12.349267024546862,4,0,4,double,138.46154671448977,JUMPING,False,,0.46084,,,27.176511764526367,9.511779117584227,2.567832614135742,233.56581115722656,212.264892578125,144.88763427734375,127.22874450683594,18.23848533630371,True
65,2.1666666666666665,0.902675986289978,11.194529943168163,4,0,4,double,138.46154671448977,JUMPING,False,,0.46084,,,27.176511764526367,9.511779117584227,2.567832614135742,233.56581115722656,206.5413818359375,144.88763427734375,123.41590881347656,16.833301544189453,True
66,2.2,0.8787773847579956,12.189482804387808,4,0,4,double,138.46154671448977,JUMPING,False,,0.46084,,,27.176511764526367,9.511779117584227,2.567832614135742,233.56581115722656,204.1669158935547,144.88763427734375,122.0197982788086,21.25873374938965,True
67,2.2333333333333334,0.8780505061149597,10.931014083325863,4,0,4,double,138.46154671448977,JUMPING,False,,0.46084,,,27.176511764526367,9.511779117584227,2.567832614135742,233.56581115722656,203.1331329345703,144.88763427734375,121.75442504882812,22.717309951782227,True
68,2.2666666666666666,0.9186992049217224,12.374328915029764,4,0,4,double,138.46154671448977,JUMPING,False,,0.46084,,,27.176511764526367,9.511779117584227,2.567832614135742,233.56581115722656,207.7835693359375,144.88763427734375,124.35382843017578,18.370241165161133,True
69,2.3,0.9076604247093201,11.660397984087467,4,0,4,double,138.46154671448977,JUMPING,False,,0.46084,,,27.176511764526367,9.511779117584227,2.404180142211914,233.56581115722656,215.0980224609375,144.88763427734375,129.922119140625,17.858373641967773,True
70,2.3333333333333335,0.8979737758636475,12.977446895092726,4,0,4,double,138.46154671448977,JUMPING,False,,0.46084,,,27.176511764526367,9.511779117584227,2.567832614135742,233.2596435546875,223.5054931640625,144.7703857421875,137.7579803466797,16.514019012451172,True
71,2.3666666666666667,0.8620796203613281,11.149669997394085,5,0,5,double,141.1764864278105,JUMPING,True,0.40000000000000013,0.44745520000000005,30.126510620117188,23.015960693359375,27.914011478424072,9.511779117584227,2.5758297317504883,233.2596435546875,231.15921020507812,144.7703857421875,143.75375366210938,16.84514045715332,False
72,2.4,0.9123977422714233,11.988610029220581,5,0,5,double,141.1764864278105,JUMPING,False,,0.44745520000000005,,,27.914011478424072,9.769904017448425,2.205157109069824,233.2596435546875,231.65924072265625,144.7703857421875,144.35772705078125,17.226144790649414,False
73,2.433333333333333,0.9118518829345703,11.091100051999092,5,0,5,double,141.1764864278105,JUMPING,False,,0.44745520000000005,,,27.914011478424072,9.769904017448425,2.1124832977294923,233.2596435546875,231.09481811523438,144.7703857421875,144.12716674804688,17.362327575683594,False
74,2.466666666666667,0.9145099520683289,12.255719397217035,5,0,5,double,141.1764864278105,JUMPING,False,,0.44745520000000005,,,27.914011478424072,9.769904017448425,2.1124832977294923,233.2596435546875,224.75726318359375,144.7703857421875,139.000732421875,18.464372634887695,False
75,2.5,0.900144636631012,11.164853349328041,5,0,5,double,141.1764864278105,JUMPING,False,,0.44745520000000005,,,27.914011478424072,9.769904017448425,2.1124832977294923,233.2596435546875,218.20254516601562,144.7703857421875,132.57037353515625,18.891307830810547,True
76,2.533333333333333,0.9177340865135193,12.22951989620924,5,0,5,double,141.1764864278105,JUMPING,False,,0.44745520000000005,,,27.914011478424072,9.769904017448425,2.1124832977294923,233.2596435546875,211.44235229492188,144.7703857421875,126.98218536376953,18.248018264770508,True
77,2.566666666666667,0.9220271110534668,10.90513402596116,5,0,5,double,141.1764864278105,JUMPING,False,,0.44745520000000005,,,27.914011478424072,9.769904017448425,2.1124832977294923,233.2596435546875,207.51095581054688,144.7703857421875,123.74441528320312,17.44806480407715,True
78,2.6,0.9251974821090698,12.08565291017294,5,0,5,double,141.1764864278105,JUMPING,False,,0.44745520000000005,,,27.914011478424072,9.769904017448425,2.1124832977294923,233.2596435546875,205.32174682617188,144.7703857421875,122.18922424316406,17.218116760253906,True
79,2.6333333333333333,0.8804764151573181,11.442522052675486,5,0,5,double,141.1764864278105,JUMPING,False,,0.44745520000000005,,,27.914011478424072,9.769904017448425,2.1124832977294923,233.2596435546875,208.45590209960938,144.7703857421875,122.87389373779297,13.509116172790527,True
80,2.6666666666666665,0.8710002899169922,12.46751006692648,5,0,5,double,141.1764864278105,JUMPING,False,,0.44745520000000005,,,27.914011478424072,9.769904017448425,1.7921461395263671,233.13040161132812,213.9356689453125,144.7703857421875,126.34474182128906,12.927858352661133,True
81,2.7,0.8941875696182251,11.232317890971899,5,0,5,double,141.1764864278105,JUMPING,False,,0.44745520000000005,,,27.914011478424072,9.769904017448425,2.297830920410156,232.4711151123047,219.92477416992188,144.4925079345703,132.63075256347656,14.178167343139648,True
82,2.7333333333333334,0.8701605796813965,12.113345321267843,6,0,6,double,145.161292694982,JUMPING,True,0.3666666666666667,0.4296817226666667,27.149368286132812,22.076278686523438,27.722850680351257,9.769904017448425,2.920859545898437,232.4711151123047,227.36334228515625,144.2655029296875,140.63168334960938,13.231546401977539,False
83,2.7666666666666666,0.9031100869178772,11.136127170175314,6,0,6,double,145.161292694982,JUMPING,False,,0.4296817226666667,,,27.722850680351257,9.702997738122939,2.6093452331542966,232.5168914794922,231.773681640625,144.78749084472656,145.07400512695312,12.493081092834473,False
84,2.8,0.9144219160079956,12.670671101659536,6,0,6,double,145.161292694982,JUMPING,False,,0.4296817226666667,,,27.722850680351257,9.702997738122939,2.297830920410156,232.5168914794922,231.11093139648438,144.86865234375,144.56063842773438,13.632467269897461,False
85,2.8333333333333335,0.9130577445030212,11.24037615954876,6,0,6,double,145.161292694982,JUMPING,False,,0.4296817226666667,,,27.722850680351257,9.702997738122939,2.5313648529052735,232.5168914794922,229.71453857421875,144.86865234375,143.54550170898438,14.824617385864258,False
86,2.8666666666666667,0.9150855541229248,11.959956958889961,6,0,6,double,145.161292694982,JUMPING,False,,0.4296817226666667,,,27.722850680351257,9.702997738122939,2.5313648529052735,232.5168914794922,224.22720336914062,144.86865234375,137.64663696289062,15.130325317382812,False
87,2.9,0.9027582406997681,11.579370126128197,6,0,6,double,145.161292694982,JUMPING,False,,0.4296817226666667,,,27.722850680351257,9.702997738122939,2.5313648529052735,232.5168914794922,218.023681640625,144.86865234375,131.12652587890625,13.964637756347656,True
88,2.933333333333333,0.8972685933113098,12.128566857427359,6,0,6,double,145.161292694982,JUMPING,False,,0.4296817226666667,,,27.722850680351257,9.702997738122939,2.5313648529052735,232.5168914794922,210.22268676757812,144.86865234375,125.4423828125,15.345112800598145,True
89,2.966666666666667,0.91227126121521,11.067745741456747,6,0,6,double,145.161292694982,JUMPING,False,,0.4296817226666667,,,27.722850680351257,9.702997738122939,2.5313648529052735,232.5168914794922,205.94287109375,144.86865234375,122.04840850830078,15.830672264099121,True
90,3.0,0.9007531404495239,13.31956498324871,6,0,6,double,145.161292694982,JUMPING,False,,0.4296817226666667,,,27.722850680351257,9.702997738122939,2.5313648529052735,232.5168914794922,205.182373046875,144.86865234375,121.32064819335938,14.591052055358887,True
91,3.033333333333333,0.9011855125427246,11.4058549515903,6,0,6,double,145.161292694982,JUMPING,False,,0.4296817226666667,,,27.722850680351257,9.702997738122939,2.5313648529052735,232.5168914794922,205.00067138671875,144.86865234375,121.29763793945312,14.155267715454102,True
92,3.066666666666667,0.8444161415100098,12.205039151012897,6,0,6,double,145.161292694982,JUMPING,False,,0.4296817226666667,,,27.722850680351257,9.702997738122939,2.179514300537109,231.7279052734375,207.96287536621094,144.86865234375,124.76628112792969,13.120866775512695,True
93,3.1,0.8951384425163269,11.135805863887072,6,0,6,double,145.161292694982,JUMPING,False,,0.4296817226666667,,,27.722850680351257,9.702997738122939,2.124903149414062,231.459228515625,215.64230346679688,144.47947692871094,131.18511962890625,13.534355163574219,True
94,3.1333333333333333,0.8779469728469849,12.281404808163643,7,0,7,double,152.54235654615772,JUMPING,True,0.3999999999999999,0.42315174368,26.13922119140625,22.967864990234375,27.326943308115005,9.702997738122939,2.0702919982910153,231.139892578125,224.0921630859375,144.2655029296875,139.6839141845703,13.978816986083984,False
95,3.1666666666666665,0.8116343021392822,11.609238106757402,7,0,7,double,152.54235654615772,JUMPING,False,,0.42315174368,,,27.326943308115005,9.56443015784025,2.1418701599121093,231.459228515625,234.06057739257812,144.47947692871094,145.73037719726562,18.353479385375977,False
96,3.2,0.8872890472412109,12.836351990699768,7,0,7,double,152.54235654615772,JUMPING,False,,0.42315174368,,,27.326943308115005,9.56443015784025,2.5905231628417966,231.7279052734375,233.52781677246094,144.86865234375,145.99993896484375,15.363837242126465,False
97,3.2333333333333334,0.8952269554138184,12.07100972533226,7,0,7,double,152.54235654615772,JUMPING,False,,0.42315174368,,,27.326943308115005,9.56443015784025,2.297830920410156,231.8885498046875,231.96511840820312,145.39028930664062,145.60113525390625,13.163076400756836,False
98,3.2666666666666666,0.905834436416626,11.980474926531315,7,0,7,double,152.54235654615772,JUMPING,False,,0.42315174368,,,27.326943308115005,9.56443015784025,2.5905231628417966,231.8885498046875,226.73416137695312,145.39028930664062,140.0989990234375,14.459517478942871,False
99,3.3,0.9201135635375977,11.171936057507992,7,0,7,double,152.54235654615772,JUMPING,False,,0.42315174368,,,27.326943308115005,9.56443015784025,2.5905231628417966,231.8885498046875,217.6181640625,145.39028930664062,133.60133361816406,14.629422187805176,True
100,3.3333333333333335,0.9269551634788513,12.863302137702703,7,0,7,double,152.54235654615772,JUMPING,False,,0.42315174368,,,27.326943308115005,9.56443015784025,2.5905231628417966,231.8885498046875,210.73114013671875,145.39028930664062,127.69735717773438,15.150511741638184,True
101,3.3666666666666667,0.9254295229911804,12.19377014786005,7,0,7,double,152.54235654615772,JUMPING,False,,0.42315174368,,,27.326943308115005,9.56443015784025,2.5905231628417966,231.8885498046875,207.07077026367188,145.39028930664062,123.70625305175781,14.550741195678711,True
102,3.4,0.9057726263999939,12.133715208619833,7,0,7,double,152.54235654615772,JUMPING,False,,0.42315174368,,,27.326943308115005,9.56443015784025,2.5905231628417966,231.8885498046875,207.52737426757812,145.39028930664062,123.11820983886719,13.225390434265137,True
103,3.433333333333333,0.9149670004844666,11.067345272749662,7,0,7,double,152.54235654615772,JUMPING,False,,0.42315174368,,,27.326943308115005,9.56443015784025,2.5905231628417966,231.8885498046875,207.64886474609375,145.39028930664062,123.11699676513672,12.718047142028809,True
104,3.466666666666667,0.900312066078186,12.37883372232318,7,0,7,double,152.54235654615772,JUMPING,False,,0.42315174368,,,27.326943308115005,9.56443015784025,2.297830920410156,231.8885498046875,211.25682067871094,145.39028930664062,125.84100341796875,12.550588607788086,True
105,3.5,0.9076695442199707,11.299719102680683,7,0,7,double,152.54235654615772,JUMPING,False,,0.42315174368,,,27.326943308115005,9.56443015784025,1.668354830932617,231.7279052734375,218.06732177734375,144.86865234375,132.27001953125,13.927913665771484,True
106,3.533333333333333,0.89630126953125,12.06968817859888,8,0,8,double,152.5423796620053,JUMPING,True,0.3999999999999999,0.4180583600704,24.388458251953125,21.36248016357422,26.592322044074535,9.56443015784025,1.668354830932617,231.459228515625,225.88331604003906,144.47947692871094,140.84060668945312,12.94741439819336,False
107,3.566666666666667,0.8790262341499329,11.115761008113623,8,0,8,double,152.5423796620053,JUMPING,False,,0.4180583600704,,,26.592322044074535,9.307312715426086,2.1418701599121093,231.7279052734375,235.8504638671875,144.86865234375,147.0159912109375,11.369647026062012,False
108,3.6,0.9009904265403748,12.63007102534175,8,0,8,double,152.5423796620053,JUMPING,False,,0.4180583600704,,,26.592322044074535,9.307312715426086,2.7703508514404294,231.8885498046875,234.26992797851562,145.39028930664062,147.07528686523438,15.852886199951172,False
109,3.6333333333333333,0.893176794052124,11.340812779963017,8,0,8,double,152.5423796620053,JUMPING,False,,0.4180583600704,,,26.592322044074535,9.307312715426086,2.358165609741211,232.80459594726562,233.36424255371094,145.67868041992188,146.54017639160156,17.165464401245117,False
110,3.6666666666666665,0.9106206893920898,12.091299053281546,8,0,8,double,152.5423796620053,JUMPING,False,,0.4180583600704,,,26.592322044074535,9.307312715426086,2.358165609741211,232.80459594726562,226.56320190429688,145.67868041992188,141.28323364257812,16.367557525634766,False
111,3.7,0.914735734462738,10.976318269968033,8,0,8,double,152.5423796620053,JUMPING,False,,0.4180583600704,,,26.592322044074535,9.307312715426086,2.358165609741211,232.80459594726562,219.12802124023438,145.67868041992188,134.31167602539062,16.27558708190918,True
112,3.7333333333333334,0.9326157569885254,11.909597087651491,8,0,8,double,152.5423796620053,JUMPING,False,,0.4180583600704,,,26.592322044074535,9.307312715426086,2.358165609741211,232.80459594726562,211.30380249023438,145.67868041992188,128.08392333984375,14.126351356506348,True
113,3.7666666666666666,0.884894609451294,10.894269216805696,8,0,8,double,152.5423796620053,JUMPING,False,,0.4180583600704,,,26.592322044074535,9.307312715426086,2.358165609741211,232.80459594726562,207.23355102539062,145.67868041992188,124.7300033569336,13.401776313781738,True
114,3.8,0.8994846343994141,12.066504918038845,8,0,8,double,152.5423796620053,JUMPING,False,,0.4180583600704,,,26.592322044074535,9.307312715426086,2.358165609741211,232.80459594726562,207.20448303222656,145.67868041992188,124.12937927246094,17.823564529418945,True
115,3.8333333333333335,0.8953384757041931,11.232329998165369,8,0,8,double,152.5423796620053,JUMPING,False,,0.4180583600704,,,26.592322044074535,9.307312715426086,2.358165609741211,232.80459594726562,207.21249389648438,145.67868041992188,124.13177490234375,17.32059097290039,True
116,3.8666666666666667,0.920342743396759,12.223111931234598,8,0,8,double,152.5423796620053,JUMPING,False,,0.4180583600704,,,26.592322044074535,9.307312715426086,2.3375111022949215,232.80459594726562,211.24227905273438,145.67868041992188,126.78169250488281,11.8691987991333,True
117,3.9,0.9009484648704529,11.042212136089802,8,0,8,double,152.5423796620053,JUMPING,False,,0.4180583600704,,,26.592322044074535,9.307312715426086,2.3168565948486326,232.80459594726562,217.70333862304688,145.67868041992188,132.7718505859375,11.582694053649902,True
118,3.933333333333333,0.9014254808425903,12.198233045637608,9,0,9,double,152.54236810408062,JUMPING,True,0.3999999999999999,0.41408552085491196,25.600112915039062,21.549301147460938,26.344269761815667,9.307312715426086,2.1865725769042967,232.80459594726562,226.13644409179688,145.67868041992188,140.42630004882812,9.69461727142334,False
119,3.966666666666667,0.8255460262298584,11.149514932185411,9,0,9,double,152.54236810408062,JUMPING,False,,0.41408552085491196,,,26.344269761815667,9.220494416635482,2.3168565948486326,232.80459594726562,231.66488647460938,145.67868041992188,145.49732971191406,11.95326042175293,False
120,4.0,0.9223811626434326,12.257840018719435,9,0,9,double,152.54236810408062,JUMPING,False,,0.41408552085491196,,,26.344269761815667,9.220494416635482,2.3375111022949215,232.80459594726562,230.46070861816406,145.67868041992188,144.67727661132812,16.246686935424805,False
121,4.033333333333333,0.9216280579566956,10.937021113932133,9,0,9,double,152.54236810408062,JUMPING,False,,0.41408552085491196,,,26.344269761815667,9.220494416635482,2.6006807464599606,232.80459594726562,228.44906616210938,145.67868041992188,143.46917724609375,18.71790885925293,False
122,4.066666666666666,0.9025815725326538,11.944898404181004,9,0,9,double,152.54236810408062,JUMPING,False,,0.41408552085491196,,,26.344269761815667,9.220494416635482,2.6006807464599606,232.80459594726562,223.2737579345703,145.67868041992188,138.53762817382812,17.3126163482666,True
123,4.1,0.896416187286377,12.364831287413836,9,0,9,double,152.54236810408062,JUMPING,False,,0.41408552085491196,,,26.344269761815667,9.220494416635482,2.6006807464599606,232.80459594726562,215.01455688476562,145.67868041992188,131.83868408203125,15.44102954864502,True
124,4.133333333333334,0.926461398601532,12.094676960259676,9,0,9,double,152.54236810408062,JUMPING,False,,0.41408552085491196,,,26.344269761815667,9.220494416635482,2.6006807464599606,232.80459594726562,210.76913452148438,145.67868041992188,126.71943664550781,14.997830390930176,True
125,4.166666666666667,0.9285670518875122,10.988692753016949,9,0,9,double,152.54236810408062,JUMPING,False,,0.41408552085491196,,,26.344269761815667,9.220494416635482,2.6006807464599606,232.80459594726562,208.3611297607422,145.67868041992188,123.77791595458984,14.059181213378906,True
126,4.2,0.9189504981040955,11.904285755008459,9,0,9,double,152.54236810408062,JUMPING,False,,0.41408552085491196,,,26.344269761815667,9.220494416635482,2.6006807464599606,232.80459594726562,208.09487915039062,145.67868041992188,123.17057800292969,13.425475120544434,True
127,4.233333333333333,0.9231166243553162,11.001989711076021,9,0,9,double,152.54236810408062,JUMPING,False,,0.41408552085491196,,,26.344269761815667,9.220494416635482,2.3375111022949215,232.80459594726562,208.24783325195312,145.67868041992188,123.28460693359375,13.193763732910156,True
128,4.266666666666667,0.8883357644081116,12.127066031098366,9,0,9,double,152.54236810408062,JUMPING,False,,0.41408552085491196,,,26.344269761815667,9.220494416635482,2.3168565948486326,232.80459594726562,213.89186096191406,145.67868041992188,126.29801940917969,13.429964065551758,True
129,4.3,0.9048851728439331,11.263733729720116,9,0,9,double,152.54236810408062,JUMPING,False,,0.41408552085491196,,,26.344269761815667,9.220494416635482,2.2247596618652343,232.80459594726562,219.0697021484375,145.67868041992188,132.44735717773438,13.712728500366211,True
130,4.333333333333333,0.8845797777175903,11.896016076207161,10,0,10,double,152.54235654615772,JUMPING,True,0.3999999999999999,0.4109867062668313,24.709716796875,22.508102416992188,25.9356315205805,9.220494416635482,2.074341458129883,232.80459594726562,225.8228759765625,145.67868041992188,140.32115173339844,10.396034240722656,False
131,4.366666666666666,0.9087475538253784,11.0577461309731,10,0,10,double,152.54235654615772,JUMPING,False,,0.4109867062668313,,,25.9356315205805,9.077471032203174,1.7759256774902343,232.9143829345703,232.23960876464844,145.89212036132812,146.38499450683594,6.8189311027526855,False
132,4.4,0.8988250494003296,12.267850805073977,10,0,10,double,152.54235654615772,JUMPING,False,,0.4109867062668313,,,25.9356315205805,9.077471032203174,1.9098971923828123,232.9143829345703,231.75222778320312,146.23097229003906,146.84979248046875,8.284849166870117,False
133,4.433333333333334,0.8995968103408813,11.040037032216787,10,0,10,double,152.54235654615772,JUMPING,False,,0.4109867062668313,,,25.9356315205805,9.077471032203174,1.9921306365966795,232.9143829345703,231.23135375976562,146.39727783203125,146.4054718017578,9.320947647094727,False
134,4.466666666666667,0.8939372897148132,12.181486934423447,10,0,10,double,152.54235654615772,JUMPING,False,,0.4109867062668313,,,25.9356315205805,9.077471032203174,2.2304379547119138,232.9143829345703,227.1933135986328,146.39727783203125,141.38323974609375,11.482264518737793,False
135,4.5,0.874722957611084,10.897989850491285,10,0,10,double,152.54235654615772,JUMPING,False,,0.4109867062668313,,,25.9356315205805,9.077471032203174,2.2304379547119138,232.9143829345703,219.26312255859375,146.39727783203125,134.3940887451172,8.414326667785645,True
136,4.533333333333333,0.9178426265716553,11.962306220084429,10,0,10,double,152.54235654615772,JUMPING,False,,0.4109867062668313,,,25.9356315205805,9.077471032203174,2.2304379547119138,232.9143829345703,212.56698608398438,146.39727783203125,128.41317749023438,13.406120300292969,True
137,4.566666666666666,0.9117941856384277,11.126214638352394,10,0,10,double,152.54235654615772,JUMPING,False,,0.4109867062668313,,,25.9356315205805,9.077471032203174,2.2304379547119138,232.9143829345703,209.47198486328125,146.39727783203125,124.35459899902344,14.737604141235352,True
138,4.6,0.9166378974914551,12.298114132136106,10,0,10,double,152.54235654615772,JUMPING,False,,0.4109867062668313,,,25.9356315205805,9.077471032203174,2.2304379547119138,232.9143829345703,208.5744171142578,146.39727783203125,122.7173843383789,15.50547981262207,True
139,4.633333333333334,0.916513979434967,10.92563197016716,10,0,10,double,152.54235654615772,JUMPING,False,,0.4109867062668313,,,25.9356315205805,9.077471032203174,2.2304379547119138,232.9143829345703,208.275146484375,146.39727783203125,122.29277038574219,15.235725402832031,True
140,4.666666666666667,0.9111714363098145,11.933616828173399,10,0,10,double,152.54235654615772,JUMPING,False,,0.4109867062668313,,,25.9356315205805,9.077471032203174,2.7619804595947266,232.1298065185547,210.8710174560547,146.39727783203125,124.73306274414062,17.086755752563477,True
141,4.7,0.919640839099884,11.118249967694283,10,0,10,double,152.54235654615772,JUMPING,False,,0.4109867062668313,,,25.9356315205805,12.375058776855468,4.125019592285156,231.8799591064453,216.02035522460938,146.39727783203125,130.023681640625,13.49269962310791,True
142,4.733333333333333,0.9043161273002625,11.984272859990597,11,0,11,double,150.0000201165703,JUMPING,True,0.40000000000000036,0.40856963088812853,23.442138671875,24.104507446289062,25.312258308404125,14.53271956787109,4.8442398559570305,231.71728515625,225.00582885742188,146.39727783203125,138.1259765625,13.448945999145508,False
143,4.766666666666667,0.8945032358169556,11.6305579431355,11,0,11,double,150.0000201165703,JUMPING,False,,0.40856963088812853,,,25.312258308404125,10.195476608276367,3.398492202758789,232.04466247558594,233.95713806152344,146.39727783203125,145.41854858398438,11.946979522705078,False
144,4.8,0.9091869592666626,12.138873804360628,11,0,11,double,150.0000201165703,JUMPING,False,,0.40856963088812853,,,25.312258308404125,8.859290407941444,2.5919031463623043,232.9143829345703,235.03042602539062,146.48629760742188,147.1881561279297,12.57734203338623,False
145,4.833333333333333,0.9051921963691711,11.001627892255783,11,0,11,double,150.0000201165703,JUMPING,False,,0.40856963088812853,,,25.312258308404125,8.859290407941444,2.2524950683593747,233.71998596191406,234.5232696533203,146.7259521484375,147.51242065429688,13.950211524963379,False
146,4.866666666666666,0.9245737791061401,12.244673911482096,11,0,11,double,150.0000201165703,JUMPING,False,,0.40856963088812853,,,25.312258308404125,8.859290407941444,2.637397357177734,233.71998596191406,229.03558349609375,146.7259521484375,142.95254516601562,14.676802635192871,False
147,4.9,0.9153826832771301,11.13437907770276,11,0,11,double,150.0000201165703,JUMPING,False,,0.40856963088812853,,,25.312258308404125,8.859290407941444,2.637397357177734,233.71998596191406,223.59442138671875,146.7259521484375,135.8094482421875,16.452905654907227,True
148,4.933333333333334,0.9313422441482544,12.03574100509286,11,0,11,double,150.0000201165703,JUMPING,False,,0.40856963088812853,,,25.312258308404125,8.859290407941444,2.637397357177734,233.71998596191406,217.11085510253906,146.7259521484375,129.16055297851562,15.891427993774414,True
149,4.966666666666667,0.931016743183136,11.100559961050749,11,0,11,double,150.0000201165703,JUMPING,False,,0.40856963088812853,,,25.312258308404125,8.859290407941444,2.637397357177734,233.71998596191406,212.4716033935547,146.7259521484375,124.70384216308594,14.62612533569336,True
150,5.0,0.8695284128189087,12.051287572830915,11,0,11,double,150.0000201165703,JUMPING,False,,0.40856963088812853,,,25.312258308404125,8.859290407941444,2.637397357177734,233.71998596191406,210.51242065429688,146.7259521484375,122.93856811523438,14.800426483154297,True
151,5.033333333333333,0.9095991253852844,11.021353770047426,11,0,11,double,150.0000201165703,JUMPING,False,,0.40856963088812853,,,25.312258308404125,8.859290407941444,2.637397357177734,233.71998596191406,209.97598266601562,146.7259521484375,122.14691162109375,14.950166702270508,True
152,5.066666666666666,0.9078724980354309,12.399726081639528,11,0,11,double,150.0000201165703,JUMPING,False,,0.40856963088812853,,,25.312258308404125,9.806999935913087,3.2689999786376953,232.9143829345703,212.0177001953125,146.48629760742188,124.55079650878906,13.973048210144043,True
153,5.1,0.9069873690605164,11.282844934612513,11,0,11,double,150.0000201165703,JUMPING,False,,0.40856963088812853,,,25.312258308404125,10.94504519805908,3.648348399353027,232.04466247558594,216.47305297851562,146.39727783203125,129.71571350097656,14.453268051147461,True
154,5.133333333333334,0.8993905782699585,12.088966090232134,12,0,12,double,150.0000201165703,JUMPING,True,0.40000000000000036,0.40668431209274036,21.741302490234375,23.883010864257812,24.419519353861688,12.249401097106933,4.083133699035645,231.71728515625,223.40029907226562,146.02992248535156,137.697265625,13.595017433166504,False
155,5.166666666666667,0.8964266777038574,11.034131981432438,12,0,12,double,150.0000201165703,JUMPING,False,,0.40668431209274036,,,24.419519353861688,9.897603771972655,3.2992012573242184,231.71728515625,230.703857421875,146.02992248535156,144.48504638671875,12.954742431640625,False
156,5.2,0.8719885349273682,12.066631577908993,12,0,12,double,150.0000201165703,JUMPING,False,,0.40668431209274036,,,24.419519353861688,9.36548438873291,3.1218281295776364,232.04466247558594,233.2468719482422,146.39727783203125,146.78128051757812,12.561036109924316,False
157,5.233333333333333,0.8837267756462097,11.033442802727222,12,0,12,double,150.0000201165703,JUMPING,False,,0.40668431209274036,,,24.419519353861688,8.54683177385159,2.8072258209228513,232.84396362304688,235.2596435546875,146.63095092773438,147.60830688476562,13.63546371459961,False
158,5.266666666666667,0.8930505514144897,12.21255911514163,12,0,12,double,150.0000201165703,JUMPING,False,,0.40668431209274036,,,24.419519353861688,8.54683177385159,2.4044289916992185,232.84396362304688,230.04312133789062,146.63095092773438,142.87725830078125,16.68683433532715,False
159,5.3,0.8678870797157288,10.83113020285964,12,0,12,double,150.0000201165703,JUMPING,False,,0.40668431209274036,,,24.419519353861688,8.54683177385159,2.4044289916992185,232.84396362304688,222.06674194335938,146.63095092773438,135.40283203125,14.256342887878418,True
160,5.333333333333333,0.9238083958625793,12.203228194266558,12,0,12,double,150.0000201165703,JUMPING,False,,0.40668431209274036,,,24.419519353861688,8.54683177385159,2.4044289916992185,232.84396362304688,214.79647827148438,146.63095092773438,128.9444122314453,13.713171005249023,True
161,5.366666666666666,0.9117287993431091,11.064449790865183,12,0,12,double,150.0000201165703,JUMPING,False,,0.40668431209274036,,,24.419519353861688,8.54683177385159,2.4044289916992185,232.84396362304688,210.59776306152344,146.63095092773438,124.13006591796875,12.473443031311035,True
162,5.4,0.8959518671035767,11.96281798183918,12,0,12,double,150.0000201165703,JUMPING,False,,0.40668431209274036,,,24.419519353861688,8.54683177385159,2.4044289916992185,232.84396362304688,208.41958618164062,146.63095092773438,122.18118286132812,14.17874526977539,True
163,5.433333333333334,0.9006067514419556,11.027429718524218,12,0,12,double,150.0000201165703,JUMPING,False,,0.40668431209274036,,,24.419519353861688,8.54683177385159,2.4044289916992185,232.84396362304688,207.66944885253906,146.63095092773438,121.61972045898438,13.733763694763184,True
164,5.466666666666667,0.8640763163566589,12.037632055580616,12,0,12,double,150.0000201165703,JUMPING,False,,0.40668431209274036,,,24.419519353861688,9.36548438873291,3.1218281295776364,232.84396362304688,211.7865447998047,146.63095092773438,123.47834777832031,17.84307098388672,True
165,5.5,0.8958690762519836,11.072882916778326,12,0,12,double,150.0000201165703,JUMPING,False,,0.40668431209274036,,,24.419519353861688,9.806999935913087,3.2689999786376953,232.84396362304688,217.05984497070312,146.63095092773438,128.32546997070312,13.911957740783691,True
166,5.533333333333333,0.8981591463088989,12.330606114119291,13,0,13,double,149.99999776482585,JUMPING,True,0.39999999999999947,0.4052137634323374,25.174514770507812,25.01123046875,24.60826820802322,8.70438179168701,2.9014605972290037,232.84396362304688,224.87484741210938,146.63095092773438,136.17974853515625,9.733166694641113,False
167,5.566666666666666,0.8814865350723267,11.374483816325665,13,0,13,double,149.99999776482585,JUMPING,False,,0.4052137634323374,,,24.60826820802322,8.612893872808126,2.83133028717041,233.67303466796875,235.98382568359375,146.63095092773438,143.98193359375,12.635668754577637,False
168,5.6,0.886594831943512,11.921201832592487,13,0,13,double,149.99999776482585,JUMPING,False,,0.4052137634323374,,,24.60826820802322,8.95240555114746,2.98413518371582,234.29681396484375,238.95452880859375,146.8223876953125,147.02154541015625,14.033276557922363,False
169,5.633333333333334,0.886749804019928,11.329210828989744,13,0,13,double,149.99999776482585,JUMPING,False,,0.4052137634323374,,,24.60826820802322,9.38581086730957,3.1286036224365232,234.8275604248047,240.00222778320312,146.95285034179688,148.33102416992188,16.575517654418945,False
170,5.666666666666667,0.9026361107826233,12.229575775563717,13,0,13,double,149.99999776482585,JUMPING,False,,0.4052137634323374,,,24.60826820802322,9.014301205444335,3.004767068481445,234.8275604248047,234.30227661132812,146.95285034179688,144.349365234375,15.859935760498047,False
171,5.7,0.9229989647865295,11.52708800509572,13,0,13,double,149.99999776482585,JUMPING,False,,0.4052137634323374,,,24.60826820802322,9.014301205444335,3.004767068481445,234.8275604248047,223.01515197753906,146.95285034179688,137.14877319335938,16.911558151245117,True
172,5.733333333333333,0.8773166537284851,12.135002762079239,13,0,13,double,149.99999776482585,JUMPING,False,,0.4052137634323374,,,24.60826820802322,9.014301205444335,3.004767068481445,234.8275604248047,213.52935791015625,146.95285034179688,130.14962768554688,24.091094970703125,True
173,5.766666666666667,0.9194433689117432,11.304931249469519,13,0,13,double,149.99999776482585,JUMPING,False,,0.4052137634323374,,,24.60826820802322,9.014301205444335,3.004767068481445,234.8275604248047,209.01004028320312,146.95285034179688,124.77693939208984,20.357263565063477,True
174,5.8,0.8982755541801453,12.179113924503326,13,0,13,double,149.99999776482585,JUMPING,False,,0.4052137634323374,,,24.60826820802322,9.014301205444335,3.004767068481445,234.8275604248047,205.22930908203125,146.95285034179688,122.34907531738281,16.371984481811523,True
175,5.833333333333333,0.9006925821304321,11.871854774653912,13,0,13,double,149.99999776482585,JUMPING,False,,0.4052137634323374,,,24.60826820802322,9.014301205444335,3.004767068481445,234.8275604248047,203.62808227539062,146.95285034179688,121.29364013671875,15.900565147399902,True
176,5.866666666666666,0.9046573042869568,12.393694836646318,13,0,13,double,149.99999776482585,JUMPING,False,,0.4052137634323374,,,24.60826820802322,9.41065057067871,3.13688352355957,234.8275604248047,206.08660888671875,146.95285034179688,122.895751953125,15.720324516296387,True
177,5.9,0.8988277912139893,11.610382702201605,13,0,13,double,149.99999776482585,JUMPING,False,,0.4052137634323374,,,24.60826820802322,8.612893872808126,2.4930646545410156,234.8275604248047,210.74081420898438,146.92544555664062,127.29830169677734,16.5538330078125,True
178,5.933333333333334,0.9083340167999268,12.127152178436518,13,0,13,double,149.99999776482585,JUMPING,False,,0.4052137634323374,,,24.60826820802322,8.612893872808126,2.0289038040161134,234.8275604248047,217.8252410888672,146.92544555664062,135.09156799316406,16.807758331298828,True
179,5.966666666666667,0.8941575288772583,11.269336100667715,13,0,13,double,149.99999776482585,JUMPING,False,,0.4052137634323374,,,24.60826820802322,8.612893872808126,2.0289038040161134,234.8275604248047,226.15872192382812,146.92544555664062,143.54034423828125,14.283844947814941,True
180,6.0,0.8914487957954407,12.217741925269365,14,0,14,double,145.161292694982,JUMPING,True,0.4666666666666668,0.4187334021438899,31.199478149414062,25.827865600585938,26.25607069337093,8.612893872808126,2.4930646545410156,234.8275604248047,231.68423461914062,147.1215057373047,147.9910888671875,11.608120918273926,False
181,6.033333333333333,0.9011924266815186,11.30808424204588,14,0,14,double,145.161292694982,JUMPING,False,,0.4187334021438899,,,26.25607069337093,9.189624742679825,2.0289038040161134,234.86062622070312,234.6059112548828,147.38272094726562,149.9269256591797,12.339784622192383,False
182,6.066666666666666,0.9121394753456116,11.892312206327915,14,0,14,double,145.161292694982,JUMPING,False,,0.4187334021438899,,,26.25607069337093,9.189624742679825,2.4930646545410156,234.86062622070312,232.2523193359375,147.38272094726562,147.07461547851562,14.669238090515137,False
183,6.1,0.9068855047225952,11.048065032809973,14,0,14,double,145.161292694982,JUMPING,False,,0.4187334021438899,,,26.25607069337093,9.189624742679825,2.4930646545410156,234.86062622070312,227.92758178710938,147.38272094726562,140.2058868408203,15.813618659973145,False
184,6.133333333333334,0.9166882634162903,12.071324046701193,14,0,14,double,145.161292694982,JUMPING,False,,0.4187334021438899,,,26.25607069337093,9.189624742679825,2.4930646545410156,234.86062622070312,220.56866455078125,147.38272094726562,133.21279907226562,15.156129837036133,True
185,6.166666666666667,0.9296008944511414,11.19945477694273,14,0,14,double,145.161292694982,JUMPING,False,,0.4187334021438899,,,26.25607069337093,9.189624742679825,2.4930646545410156,234.86062622070312,214.37744140625,147.38272094726562,127.50630187988281,14.489924430847168,True
186,6.2,0.924565315246582,12.189197354018688,14,0,14,double,145.161292694982,JUMPING,False,,0.4187334021438899,,,26.25607069337093,9.189624742679825,2.4930646545410156,234.86062622070312,210.13900756835938,147.38272094726562,124.51950073242188,13.426894187927246,True
187,6.233333333333333,0.9158832430839539,10.982776060700417,14,0,14,double,145.161292694982,JUMPING,False,,0.4187334021438899,,,26.25607069337093,9.189624742679825,2.4930646545410156,234.86062622070312,207.9600372314453,147.38272094726562,123.25935363769531,12.606304168701172,True
188,6.266666666666667,0.9197245240211487,11.808387003839016,14,0,14,double,145.161292694982,JUMPING,False,,0.4187334021438899,,,26.25607069337093,9.189624742679825,2.766165655517578,234.86062622070312,207.041259765625,147.38272094726562,124.35371398925781,13.122237205505371,True
189,6.3,0.9039028882980347,11.233035940676928,14,0,14,double,145.161292694982,JUMPING,False,,0.4187334021438899,,,26.25607069337093,9.189624742679825,3.0392666564941404,234.57286071777344,210.58053588867188,147.33729553222656,128.01559448242188,13.80286693572998,True
190,6.333333333333333,0.9086505770683289,12.179811950773,14,0,14,double,145.161292694982,JUMPING,False,,0.4187334021438899,,,26.25607069337093,9.561860568237304,3.1872868560791012,234.4844512939453,216.48895263671875,147.0533905029297,135.16204833984375,12.710445404052734,True
191,6.366666666666666,0.8765589594841003,11.017228942364454,15,0,15,double,147.5409837507234,JUMPING,True,0.36666666666666625,0.40727872033890067,27.443191528320312,23.794036865234375,26.552850902108275,9.189624742679825,3.0392666564941404,234.4844512939453,226.36965942382812,147.0533905029297,143.1712188720703,11.390156745910645,False
192,6.4,0.8599919080734253,12.02326687052846,15,0,15,double,147.5409837507234,JUMPING,False,,0.40727872033890067,,,26.552850902108275,9.293497815737895,2.6780050689697266,234.4844512939453,232.41015625,147.3922882080078,147.60406494140625,8.047605514526367,False
193,6.433333333333334,0.8601108193397522,11.250910814851522,15,0,15,double,147.5409837507234,JUMPING,False,,0.40727872033890067,,,26.552850902108275,9.293497815737895,2.805257647705078,234.99815368652344,236.06484985351562,147.6066131591797,149.77528381347656,6.146740913391113,False
194,6.466666666666667,0.9154870510101318,12.198457960039377,15,0,15,double,147.5409837507234,JUMPING,False,,0.40727872033890067,,,26.552850902108275,9.293497815737895,2.766165655517578,234.99815368652344,233.96160888671875,147.6066131591797,147.2230224609375,11.856722831726074,False
195,6.5,0.9242245554924011,11.198203079402447,15,0,15,double,147.5409837507234,JUMPING,False,,0.40727872033890067,,,26.552850902108275,9.293497815737895,2.766165655517578,234.99815368652344,226.64950561523438,147.6066131591797,140.94760131835938,14.89190673828125,False
196,6.533333333333333,0.9217013120651245,11.952016968280077,15,0,15,double,147.5409837507234,JUMPING,False,,0.40727872033890067,,,26.552850902108275,9.293497815737895,2.766165655517578,234.99815368652344,218.79884338378906,147.6066131591797,133.9098358154297,17.00358009338379,True
197,6.566666666666666,0.9220220446586609,11.220655869692564,15,0,15,double,147.5409837507234,JUMPING,False,,0.40727872033890067,,,26.552850902108275,9.293497815737895,2.766165655517578,234.99815368652344,212.58120727539062,147.6066131591797,128.19036865234375,17.543142318725586,True
198,6.6,0.9168810844421387,12.011883314698935,15,0,15,double,147.5409837507234,JUMPING,False,,0.40727872033890067,,,26.552850902108275,9.293497815737895,2.766165655517578,234.99815368652344,208.76666259765625,147.6066131591797,125.03926086425781,16.99505615234375,True
199,6.633333333333334,0.9196216464042664,11.29807811230421,15,0,15,double,147.5409837507234,JUMPING,False,,0.40727872033890067,,,26.552850902108275,9.293497815737895,2.766165655517578,234.99815368652344,206.65252685546875,147.6066131591797,123.5548095703125,16.141756057739258,True
200,6.666666666666667,0.9049669504165649,11.877407785505056,15,0,15,double,147.5409837507234,JUMPING,False,,0.40727872033890067,,,26.552850902108275,9.293497815737895,2.6131910888671874,234.99815368652344,207.5728759765625,147.6066131591797,124.43586730957031,16.313373565673828,True
201,6.7,0.9050922393798828,12.091175653040409,15,0,15,double,147.5409837507234,JUMPING,False,,0.40727872033890067,,,26.552850902108275,9.293497815737895,2.7092243682861326,234.99815368652344,213.03106689453125,147.6066131591797,127.78971862792969,17.029674530029297,True
202,6.733333333333333,0.905250072479248,11.907248292118311,15,0,15,double,147.5409837507234,JUMPING,False,,0.40727872033890067,,,26.552850902108275,9.293497815737895,2.805257647705078,234.4844512939453,218.92576599121094,147.45164489746094,134.46861267089844,18.32850456237793,True
203,6.766666666666667,0.901412308216095,11.193757876753807,16,0,16,double,147.5409513133734,JUMPING,True,0.40000000000000036,0.4056774018643426,27.831924438476562,23.896835327148438,26.872619286200347,9.293497815737895,2.7092243682861326,234.4844512939453,226.51438903808594,147.45164489746094,142.2315673828125,15.25564193725586,False
204,6.8,0.8971849679946899,12.215608265250921,16,0,16,double,147.5409513133734,JUMPING,False,,0.4056774018643426,,,26.872619286200347,9.40541675017012,2.1630223663330077,234.66177368164062,234.69900512695312,147.56747436523438,147.5125732421875,15.78085994720459,False
205,6.833333333333333,0.8775846362113953,11.188894044607878,16,0,16,double,147.5409513133734,JUMPING,False,,0.4056774018643426,,,26.872619286200347,9.40541675017012,2.7092243682861326,235.4698944091797,239.44985961914062,147.83627319335938,150.34906005859375,15.650487899780273,False
206,6.866666666666666,0.8941141366958618,12.006042059510946,16,0,16,double,147.5409513133734,JUMPING,False,,0.4056774018643426,,,26.872619286200347,10.180342034912108,3.3934473449707028,236.03244018554688,237.03070068359375,148.19505310058594,148.84458923339844,18.937471389770508,False
207,6.9,0.9151488542556763,11.083098128437996,16,0,16,double,147.5409513133734,JUMPING,False,,0.4056774018643426,,,26.872619286200347,10.27562876586914,3.4252095886230465,236.03244018554688,230.50704956054688,148.19505310058594,142.88304138183594,16.059829711914062,False
208,6.933333333333334,0.92023766040802,12.388437986373901,16,0,16,double,147.5409513133734,JUMPING,False,,0.4056774018643426,,,26.872619286200347,10.27562876586914,3.4252095886230465,236.03244018554688,223.27102661132812,148.19505310058594,136.07000732421875,15.826876640319824,True
209,6.966666666666667,0.9274094104766846,11.120026931166649,16,0,16,double,147.5409513133734,JUMPING,False,,0.4056774018643426,,,26.872619286200347,10.27562876586914,3.4252095886230465,236.03244018554688,215.0798797607422,148.19505310058594,129.66287231445312,15.110688209533691,True
210,7.0,0.9279294610023499,11.911598965525627,16,0,16,double,147.5409513133734,JUMPING,False,,0.4056774018643426,,,26.872619286200347,10.27562876586914,3.4252095886230465,236.03244018554688,208.90560913085938,148.19505310058594,125.59710693359375,13.772734642028809,True
211,7.033333333333333,0.9307737946510315,10.95586596056819,16,0,16,double,147.5409513133734,JUMPING,False,,0.4056774018643426,,,26.872619286200347,10.27562876586914,3.4252095886230465,236.03244018554688,205.9101104736328,148.19505310058594,123.47541046142578,13.517736434936523,True
212,7.066666666666666,0.9284308552742004,12.225561775267124,16,0,16,double,147.5409513133734,JUMPING,False,,0.4056774018643426,,,26.872619286200347,10.46830613708496,3.48943537902832,235.5185089111328,206.2352752685547,148.19505310058594,124.00018310546875,13.445784568786621,True
213,7.1,0.8943790793418884,11.252325028181076,16,0,16,double,147.5409513133734,JUMPING,False,,0.4056774018643426,,,26.872619286200347,9.442073474121093,3.147357824707031,234.66177368164062,212.0040283203125,148.19505310058594,127.23058319091797,13.814337730407715,True
214,7.133333333333334,0.9011856317520142,11.874922085553408,16,0,16,double,147.5409513133734,JUMPING,False,,0.4056774018643426,,,26.872619286200347,9.40541675017012,2.805257647705078,234.4844512939453,219.5156707763672,147.83627319335938,133.19715881347656,14.341479301452637,True
215,7.166666666666667,0.8575524687767029,10.941256769001484,17,0,17,double,147.5409837507234,JUMPING,True,0.40000000000000036,0.4044283734541873,28.438079833984375,24.360862731933594,27.263984423146354,9.40541675017012,3.107496661376953,234.3481903076172,229.21792602539062,147.83627319335938,141.08123779296875,14.905075073242188,False
216,7.2,0.871482789516449,12.22533779218793,17,0,17,double,147.5409837507234,JUMPING,False,,0.4044283734541873,,,27.263984423146354,10.298771768188477,3.432923922729492,234.66177368164062,237.07345581054688,147.83627319335938,147.01991271972656,16.56386947631836,False
217,7.233333333333333,0.8741401433944702,11.263422667980194,17,0,17,double,147.5409837507234,JUMPING,False,,0.4044283734541873,,,27.263984423146354,10.784978421020506,3.5949928070068355,235.5185089111328,241.91639709472656,148.50318908691406,150.05242919921875,17.324155807495117,False
218,7.266666666666667,0.9000731706619263,12.198333628475666,17,0,17,double,147.5409837507234,JUMPING,False,,0.4044283734541873,,,27.263984423146354,10.561081750488281,3.5203605834960934,236.6443634033203,238.3173828125,148.90614318847656,148.9471893310547,18.34260368347168,False
219,7.3,0.9116337895393372,11.142720934003592,17,0,17,double,147.5409837507234,JUMPING,False,,0.4044283734541873,,,27.263984423146354,10.721725405883788,3.5739084686279297,236.6443634033203,231.8477783203125,148.90614318847656,143.70907592773438,15.536101341247559,False
220,7.333333333333333,0.9228243827819824,11.953516863286495,17,0,17,double,147.5409837507234,JUMPING,False,,0.4044283734541873,,,27.263984423146354,10.721725405883788,3.5739084686279297,236.6443634033203,222.79904174804688,148.90614318847656,136.68185424804688,15.289913177490234,True
221,7.366666666666666,0.9084168076515198,11.141525581479073,17,0,17,double,147.5409837507234,JUMPING,False,,0.4044283734541873,,,27.263984423146354,10.721725405883788,3.5739084686279297,236.6443634033203,216.10684204101562,148.90614318847656,130.29641723632812,14.536100387573242,True
222,7.4,0.9190389513969421,12.19452265650034,17,0,17,double,147.5409837507234,JUMPING,False,,0.4044283734541873,,,27.263984423146354,10.721725405883788,3.5739084686279297,236.6443634033203,212.3978271484375,148.90614318847656,126.36703491210938,13.844538688659668,True
223,7.433333333333334,0.9204040765762329,10.804489720612764,17,0,17,double,147.5409837507234,JUMPING,False,,0.4044283734541873,,,27.263984423146354,10.721725405883788,3.5739084686279297,236.6443634033203,210.30068969726562,148.90614318847656,124.33232116699219,13.918479919433594,True
224,7.466666666666667,0.8247398734092712,12.051409110426903,17,0,17,double,147.5409837507234,JUMPING,False,,0.4044283734541873,,,27.263984423146354,10.721725405883788,3.5739084686279297,236.6443634033203,208.88497924804688,148.90614318847656,124.44581604003906,15.915182113647461,True
225,7.5,0.9087849259376526,11.229141615331173,17,0,17,double,147.5409837507234,JUMPING,False,,0.4044283734541873,,,27.263984423146354,10.561081750488281,3.5203605834960934,236.6443634033203,211.82296752929688,148.90614318847656,127.51565551757812,16.832447052001953,True
226,7.533333333333333,0.9068177938461304,12.351193930953741,17,0,17,double,147.5409837507234,JUMPING,False,,0.4044283734541873,,,27.263984423146354,13.13708115234375,4.37902705078125,236.6443634033203,218.18695068359375,148.34837341308594,133.3076171875,17.069528579711914,True
227,7.566666666666666,0.8917991518974304,12.370778247714043,18,0,18,double,147.5409837507234,JUMPING,True,0.39999999999999947,0.403454131294266,27.759384155273438,24.01605224609375,27.387834356178125,10.018816094970703,3.339605364990234,236.6443634033203,227.12156677246094,148.34837341308594,141.07644653320312,14.24452018737793,False
228,7.6,0.9041833281517029,12.397763784974813,18,0,18,double,147.5409837507234,JUMPING,False,,0.403454131294266,,,27.387834356178125,11.472651356506347,3.824217118835449,236.6443634033203,233.15858459472656,148.34837341308594,146.55332946777344,13.60969352722168,False
229,7.633333333333334,0.901439368724823,10.88756788522005,18,0,18,double,147.5409837507234,JUMPING,False,,0.403454131294266,,,27.387834356178125,10.018816094970703,3.339605364990234,236.801025390625,236.45652770996094,148.90614318847656,149.60658264160156,13.337574005126953,False
230,7.666666666666667,0.9066009521484375,11.933562345802784,18,0,18,double,147.5409837507234,JUMPING,False,,0.403454131294266,,,27.387834356178125,9.585742024662343,2.9020940322875974,236.801025390625,234.9055938720703,148.90614318847656,148.05496215820312,14.775444030761719,False
231,7.7,0.9149787425994873,11.040142737329006,18,0,18,double,147.5409837507234,JUMPING,False,,0.403454131294266,,,27.387834356178125,9.585742024662343,2.9020940322875974,236.801025390625,229.51724243164062,148.90614318847656,141.81771850585938,14.662627220153809,False
232,7.733333333333333,0.9042840003967285,12.02800590544939,18,0,18,double,147.5409837507234,JUMPING,False,,0.403454131294266,,,27.387834356178125,9.585742024662343,2.9020940322875974,236.801025390625,223.95960998535156,148.90614318847656,134.29393005371094,12.332782745361328,True
233,7.766666666666667,0.9217314720153809,10.974796954542398,18,0,18,double,147.5409837507234,JUMPING,False,,0.403454131294266,,,27.387834356178125,9.585742024662343,2.9020940322875974,236.801025390625,216.73794555664062,148.90614318847656,128.23187255859375,13.83330249786377,True
234,7.8,0.9044468998908997,12.061331421136856,18,0,18,double,147.5409837507234,JUMPING,False,,0.403454131294266,,,27.387834356178125,9.585742024662343,2.9020940322875974,236.801025390625,211.8760986328125,148.90614318847656,124.08280944824219,13.655696868896484,True
235,7.833333333333333,0.8976854681968689,11.136576067656279,18,0,18,double,147.5409837507234,JUMPING,False,,0.403454131294266,,,27.387834356178125,9.585742024662343,2.9020940322875974,236.801025390625,209.15135192871094,148.90614318847656,121.86170196533203,13.064726829528809,True
236,7.866666666666666,0.9045881032943726,12.044623028486967,18,0,18,double,147.5409837507234,JUMPING,False,,0.403454131294266,,,27.387834356178125,9.585742024662343,2.9020940322875974,236.801025390625,207.5782470703125,148.90614318847656,121.96739196777344,11.292543411254883,True
237,7.9,0.9063450694084167,11.321245692670345,18,0,18,double,147.5409837507234,JUMPING,False,,0.403454131294266,,,27.387834356178125,9.585742024662343,3.118265057373047,236.801025390625,210.64764404296875,148.90614318847656,125.05783081054688,13.217816352844238,True
238,7.933333333333334,0.9015405178070068,12.073550838977098,18,0,18,double,147.5409837507234,JUMPING,False,,0.403454131294266,,,27.387834356178125,9.585742024662343,3.1445413009643555,236.801025390625,216.99526977539062,148.5287322998047,131.39694213867188,13.438803672790527,True
239,7.966666666666667,0.8898525834083557,11.059435084462166,18,0,18,double,147.5409837507234,JUMPING,False,,0.403454131294266,,,27.387834356178125,9.585742024662343,2.758903775024414,236.801025390625,223.54229736328125,148.5287322998047,139.19427490234375,13.856794357299805,True
240,8.0,0.8922750353813171,12.293465435504913,19,0,19,double,149.99999776482585,JUMPING,True,0.43333333333333357,0.41002755574286087,29.2227783203125,26.667030334472656,27.846570347211717,9.585742024662343,2.758903775024414,236.801025390625,228.12351989746094,148.5287322998047,143.96197509765625,13.80490493774414,False
241,8.033333333333333,0.8982911705970764,11.20720012113452,19,0,19,double,149.99999776482585,JUMPING,False,,0.41002755574286087,,,27.846570347211717,11.472651356506347,3.824217118835449,236.801025390625,232.70785522460938,148.5287322998047,147.99530029296875,12.897021293640137,False
242,8.066666666666666,0.9144377708435059,12.065311893820763,19,0,19,double,149.99999776482585,JUMPING,False,,0.41002755574286087,,,27.846570347211717,9.775101956176757,3.2583673187255857,236.801025390625,231.7540283203125,148.5287322998047,146.90745544433594,12.490581512451172,False
243,8.1,0.9187839031219482,11.20854914188385,19,0,19,double,149.99999776482585,JUMPING,False,,0.41002755574286087,,,27.846570347211717,9.775101956176757,3.2583673187255857,236.801025390625,228.511474609375,148.5287322998047,141.75048828125,13.259020805358887,False
244,8.133333333333333,0.9136039614677429,12.033185921609402,19,0,19,double,149.99999776482585,JUMPING,False,,0.41002755574286087,,,27.846570347211717,9.775101956176757,3.2583673187255857,236.801025390625,222.12619018554688,148.5287322998047,134.97100830078125,14.475353240966797,True
245,8.166666666666666,0.9258612394332886,11.170720215886831,19,0,19,double,149.99999776482585,JUMPING,False,,0.41002755574286087,,,27.846570347211717,9.775101956176757,3.2583673187255857,236.801025390625,216.06314086914062,148.5287322998047,129.05694580078125,14.987259864807129,True
246,8.2,0.913594126701355,12.02041981741786,19,0,19,double,149.99999776482585,JUMPING,False,,0.41002755574286087,,,27.846570347211717,9.775101956176757,3.2583673187255857,236.801025390625,212.86483764648438,148.5287322998047,125.43064880371094,14.359299659729004,True
247,8.233333333333333,0.9337971210479736,10.989611968398094,19,0,19,double,149.99999776482585,JUMPING,False,,0.41002755574286087,,,27.846570347211717,9.775101956176757,3.2583673187255857,236.801025390625,211.7367401123047,148.5287322998047,123.3144760131836,14.812948226928711,True
248,8.266666666666667,0.921511709690094,12.005319818854332,19,0,19,double,149.99999776482585,JUMPING,False,,0.41002755574286087,,,27.846570347211717,9.775101956176757,3.2583673187255857,236.801025390625,213.84642028808594,148.5287322998047,123.83810424804688,14.187573432922363,True
249,8.3,0.8947465419769287,13.2323089055717,19,0,19,double,149.99999776482585,JUMPING,False,,0.41002755574286087,,,27.846570347211717,12.47502840270996,4.15834280090332,236.801025390625,217.37655639648438,148.5287322998047,127.45042419433594,14.106955528259277,True
250,8.333333333333334,0.9113743305206299,13.66744702681899,19,0,19,double,149.99999776482585,JUMPING,False,,0.41002755574286087,,,27.846570347211717,12.060320732116699,4.020106910705566,235.83615112304688,223.2757568359375,148.03109741210938,134.19100952148438,14.071320533752441,True
251,8.366666666666667,0.9007864594459534,12.848880141973495,20,0,20,double,149.99999776482585,JUMPING,True,0.36666666666666714,0.4004881601460983,22.470046997070312,24.290672302246094,26.502439509676364,11.697057037353515,3.8990190124511717,234.206787109375,230.7177276611328,147.6051483154297,141.8704833984375,13.628043174743652,False
252,8.4,0.8998353481292725,12.07668799906969,20,0,20,double,149.99999776482585,JUMPING,False,,0.4004881601460983,,,26.502439509676364,12.155403858947754,4.051801286315918,235.83615112304688,237.47625732421875,147.69595336914062,147.2469482421875,11.633544921875,False
253,8.433333333333334,0.9032555818557739,11.281447019428015,20,0,20,double,149.99999776482585,JUMPING,False,,0.4004881601460983,,,26.502439509676364,12.47502840270996,4.15834280090332,236.82669067382812,241.46429443359375,148.03109741210938,150.17630004882812,10.895611763000488,False
254,8.466666666666667,0.896563708782196,12.053814250975847,20,0,20,double,149.99999776482585,JUMPING,False,,0.4004881601460983,,,26.502439509676364,15.04156021270752,5.01385340423584,237.3151397705078,239.92218017578125,148.03109741210938,147.79551696777344,14.767361640930176,False
255,8.5,0.9220893979072571,11.219284031540155,20,0,20,double,149.99999776482585,JUMPING,False,,0.4004881601460983,,,26.502439509676364,15.414529037475585,5.138176345825195,237.3151397705078,232.71963500976562,148.03109741210938,141.59481811523438,13.837520599365234,False
256,8.533333333333333,0.8101645112037659,12.375304009765387,20,0,20,double,149.99999776482585,JUMPING,False,,0.4004881601460983,,,26.502439509676364,15.414529037475585,5.138176345825195,237.3151397705078,226.04458618164062,148.03109741210938,134.04580688476562,12.460250854492188,False
257,8.566666666666666,0.9079678058624268,11.352785397320986,20,0,20,double,149.99999776482585,JUMPING,False,,0.4004881601460983,,,26.502439509676364,15.414529037475585,5.138176345825195,237.3151397705078,216.84780883789062,148.03109741210938,127.50605010986328,11.219582557678223,True
258,8.6,0.9047553539276123,11.844484135508537,20,0,20,double,149.99999776482585,JUMPING,False,,0.4004881601460983,,,26.502439509676364,15.414529037475585,5.138176345825195,237.3151397705078,212.12315368652344,148.03109741210938,123.19242095947266,12.706897735595703,True
259,8.633333333333333,0.9020569324493408,11.290781665593386,20,0,20,double,149.99999776482585,JUMPING,False,,0.4004881601460983,,,26.502439509676364,15.414529037475585,5.138176345825195,237.3151397705078,209.56036376953125,148.03109741210938,121.18022155761719,13.42646598815918,True
260,8.666666666666666,0.6908952593803406,12.205484788864851,20,0,20,double,149.99999776482585,JUMPING,False,,0.4004881601460983,,,26.502439509676364,15.414529037475585,5.138176345825195,237.3151397705078,208.94741821289062,148.03109741210938,121.12173461914062,13.24268627166748,True
261,8.7,0.860805094242096,11.380789801478386,20,0,20,double,149.99999776482585,JUMPING,False,,0.4004881601460983,,,26.502439509676364,13.198026654052734,4.399342218017578,237.068359375,213.16268920898438,148.03109741210938,124.08149719238281,13.467069625854492,True
262,8.733333333333333,0.8944982886314392,12.112816795706749,20,0,20,double,149.99999776482585,JUMPING,False,,0.4004881601460983,,,26.502439509676364,10.457888392639159,3.4859627975463865,235.83615112304688,219.57275390625,147.91539001464844,130.6678924560547,16.433874130249023,True
263,8.766666666666667,0.8821732401847839,10.991754941642284,21,0,21,double,150.00003129244504,JUMPING,True,0.40000000000000036,0.40038076491395674,25.259368896484375,26.454360961914062,26.191671856378367,14.191207580566406,4.730402526855468,234.206787109375,228.3076171875,147.5760955810547,138.70777893066406,12.148058891296387,False
264,8.8,0.8939794898033142,11.969386599957943,21,0,21,double,150.00003129244504,JUMPING,False,,0.40038076491395674,,,26.191671856378367,10.457888392639159,3.4859627975463865,235.09701538085938,235.22463989257812,147.5760955810547,145.48892211914062,10.23564624786377,False
265,8.833333333333334,0.9034847617149353,10.989057831466198,21,0,21,double,150.00003129244504,JUMPING,False,,0.40038076491395674,,,26.191671856378367,10.604449429321289,3.5348164764404295,235.96377563476562,239.08062744140625,147.91539001464844,149.32302856445312,9.464733123779297,False
266,8.866666666666667,0.4932977259159088,12.239641044288874,21,0,21,double,150.00003129244504,JUMPING,False,,0.40038076491395674,,,26.191671856378367,12.90514211883545,4.3017140396118165,237.068359375,237.64395141601562,148.03109741210938,148.4942626953125,15.432768821716309,False
267,8.9,0.9182060360908508,10.87874872609973,21,0,21,double,150.00003129244504,JUMPING,False,,0.40038076491395674,,,26.191671856378367,11.141760717773437,3.713920239257812,237.068359375,231.35801696777344,148.03109741210938,142.96878051757812,18.260894775390625,False
268,8.933333333333334,0.9221159219741821,12.142103165388107,21,0,21,double,150.00003129244504,JUMPING,False,,0.40038076491395674,,,26.191671856378367,11.141760717773437,3.713920239257812,237.068359375,222.3885498046875,148.03109741210938,135.4742431640625,15.130131721496582,True
269,8.966666666666667,0.8847734332084656,12.077650055289268,21,0,21,double,150.00003129244504,JUMPING,False,,0.40038076491395674,,,26.191671856378367,11.141760717773437,3.713920239257812,237.068359375,218.91177368164062,148.03109741210938,128.9277801513672,15.293970108032227,True
270,9.0,0.9005568623542786,11.963109020143747,21,0,21,double,150.00003129244504,JUMPING,False,,0.40038076491395674,,,26.191671856378367,11.141760717773437,3.713920239257812,237.068359375,216.58114624023438,148.03109741210938,124.34318542480469,13.8547945022583,True
271,9.033333333333333,0.8946659564971924,11.151270009577274,21,0,21,double,150.00003129244504,JUMPING,False,,0.40038076491395674,,,26.191671856378367,11.141760717773437,3.713920239257812,237.068359375,215.90890502929688,148.03109741210938,122.03546142578125,13.571818351745605,True
272,9.066666666666666,0.8922818303108215,11.8629802018404,21,0,21,double,150.00003129244504,JUMPING,False,,0.40038076491395674,,,26.191671856378367,11.141760717773437,3.713920239257812,237.068359375,217.34402465820312,148.03109741210938,122.0340347290039,11.93825912475586,True
273,9.1,0.8775764107704163,11.120574083179235,21,0,21,double,150.00003129244504,JUMPING,False,,0.40038076491395674,,,26.191671856378367,13.907519165039062,4.635839721679687,237.068359375,218.8330078125,148.03109741210938,124.51371765136719,12.662036895751953,True
274,9.133333333333333,0.8910860419273376,12.160410173237324,21,0,21,double,150.00003129244504,JUMPING,False,,0.40038076491395674,,,26.191671856378367,13.098599972534178,4.366199990844726,236.5756072998047,222.7487335205078,147.91539001464844,130.34432983398438,14.735652923583984,True
275,9.166666666666666,0.9255934953689575,11.16575812920928,22,0,22,double,149.99996423722166,JUMPING,True,0.3999999999999986,0.400296996632886,20.666702270507812,25.54206085205078,24.81042945991073,15.436586151123047,5.1455287170410156,236.5756072998047,228.819091796875,147.5760955810547,138.4993133544922,11.784616470336914,False
276,9.2,0.9088388681411743,12.046629097312689,22,0,22,double,149.99996423722166,JUMPING,False,,0.400296996632886,,,24.81042945991073,14.027577731323241,4.675859243774414,236.70370483398438,235.54489135742188,147.5760955810547,145.410400390625,12.650982856750488,False
277,9.233333333333333,0.9068484306335449,11.096937116235495,22,0,22,double,149.99996423722166,JUMPING,False,,0.400296996632886,,,24.81042945991073,10.014744012451171,3.3382480041503904,237.57687377929688,239.63571166992188,147.91539001464844,149.25746154785156,13.006352424621582,False
278,9.266666666666667,0.79474937915802,11.897385586053133,22,0,22,double,149.99996423722166,JUMPING,False,,0.400296996632886,,,24.81042945991073,9.336199328613281,3.1120664428710936,238.50595092773438,239.73446655273438,148.294677734375,149.40228271484375,12.074568748474121,False
279,9.3,0.9238016605377197,11.211146134883165,22,0,22,double,149.99996423722166,JUMPING,False,,0.400296996632886,,,24.81042945991073,9.678186392211913,3.2260621307373043,238.50595092773438,235.382568359375,148.294677734375,144.94029235839844,14.295675277709961,False
280,9.333333333333334,0.8393880128860474,12.50170823186636,22,0,22,double,149.99996423722166,JUMPING,False,,0.400296996632886,,,24.81042945991073,9.678186392211913,3.2260621307373043,238.50595092773438,227.0205535888672,148.294677734375,137.95249938964844,11.964836120605469,True
281,9.366666666666667,0.9241300225257874,10.916129220277071,22,0,22,double,149.99996423722166,JUMPING,False,,0.400296996632886,,,24.81042945991073,9.678186392211913,3.2260621307373043,238.50595092773438,218.3954315185547,148.294677734375,130.65966796875,10.33953857421875,True
282,9.4,0.9258463978767395,12.027837801724672,22,0,22,double,149.99996423722166,JUMPING,False,,0.400296996632886,,,24.81042945991073,9.678186392211913,3.2260621307373043,238.50595092773438,213.30447387695312,148.294677734375,126.53357696533203,10.83224868774414,True
283,9.433333333333334,0.9226799011230469,11.069036088883877,22,0,22,double,149.99996423722166,JUMPING,False,,0.400296996632886,,,24.81042945991073,9.678186392211913,3.2260621307373043,238.50595092773438,209.83554077148438,148.294677734375,123.70284271240234,12.1182222366333,True
284,9.466666666666667,0.8986477851867676,12.159726116806269,22,0,22,double,149.99996423722166,JUMPING,False,,0.400296996632886,,,24.81042945991073,9.678186392211913,3.2260621307373043,238.50595092773438,212.510009765625,148.294677734375,123.18525695800781,15.26561164855957,True
285,9.5,0.9154267311096191,11.216679122298956,22,0,22,double,149.99996423722166,JUMPING,False,,0.400296996632886,,,24.81042945991073,9.678186392211913,3.2260621307373043,238.50595092773438,213.58224487304688,148.294677734375,125.270751953125,14.318525314331055,True
286,9.533333333333333,0.9127838015556335,11.869898997247219,22,0,22,double,149.99996423722166,JUMPING,False,,0.400296996632886,,,24.81042945991073,9.336199328613281,3.1120664428710936,238.50595092773438,219.88180541992188,148.2147674560547,130.69235229492188,13.248844146728516,True
287,9.566666666666666,0.871616542339325,10.98742475733161,22,0,22,double,149.99996423722166,JUMPING,False,,0.400296996632886,,,24.81042945991073,9.336199328613281,3.1120664428710936,238.50595092773438,227.38665771484375,148.2147674560547,138.32650756835938,13.9603910446167,True
288,9.6,0.7915090322494507,12.365813832730055,22,0,22,unknown,0.0,JUMPING,False,,,,,,,,,,,,0.0,False
289,9.633333333333333,0.8159436583518982,11.23059494420886,22,0,22,unknown,0.0,JUMPING,False,,,,,,,,,,,,0.0,False
290,9.666666666666666,0.877112865447998,12.687994167208672,23,0,23,double,142.85711690682604,JUMPING,True,0.5,0.42223165737365104,28.67041015625,25.029510498046875,25.77542463399555,9.678186392211913,3.2260621307373043,238.50595092773438,233.80062866210938,148.2147674560547,142.9208984375,13.879789352416992,False
291,9.7,0.9175601005554199,11.038752738386393,23,0,23,double,142.85711690682604,JUMPING,False,,0.42223165737365104,,,25.77542463399555,9.678186392211913,3.2260621307373043,238.50595092773438,230.92503356933594,148.2147674560547,140.5762481689453,15.744736671447754,False
292,9.733333333333333,0.9157060384750366,11.992949061095715,23,0,23,double,142.85711690682604,JUMPING,False,,0.42223165737365104,,,25.77542463399555,9.678186392211913,3.2260621307373043,238.50595092773438,223.87864685058594,148.2147674560547,135.05126953125,16.016077041625977,True
293,9.766666666666667,0.9162449836730957,11.061116121709347,23,0,23,double,142.85711690682604,JUMPING,False,,0.42223165737365104,,,25.77542463399555,9.678186392211913,3.2260621307373043,238.50595092773438,218.02548217773438,148.2147674560547,129.50668334960938,14.088330268859863,True
294,9.8,0.9079820513725281,12.541653122752905,23,0,23,double,142.85711690682604,JUMPING,False,,0.42223165737365104,,,25.77542463399555,9.678186392211913,3.2260621307373043,238.50595092773438,214.32374572753906,148.2147674560547,125.18002319335938,13.219345092773438,True
295,9.833333333333334,0.904507040977478,11.150646954774857,23,0,23,double,142.85711690682604,JUMPING,False,,0.42223165737365104,,,25.77542463399555,9.678186392211913,3.2260621307373043,238.50595092773438,211.94207763671875,148.2147674560547,122.6762924194336,12.521669387817383,True
296,9.866666666666667,0.8956214785575867,13.462432194501162,23,0,23,double,142.85711690682604,JUMPING,False,,0.42223165737365104,,,25.77542463399555,9.678186392211913,3.2260621307373043,238.50595092773438,211.50274658203125,148.2147674560547,122.29708862304688,13.629719734191895,True
297,9.9,0.9064324498176575,11.023613158613443,23,0,23,double,142.85711690682604,JUMPING,False,,0.42223165737365104,,,25.77542463399555,9.678186392211913,3.2260621307373043,238.50595092773438,212.58718872070312,148.2147674560547,124.8487548828125,14.919936180114746,True
298,9.933333333333334,0.9067584872245789,12.269602157175541,23,0,23,double,142.85711690682604,JUMPING,False,,0.42223165737365104,,,25.77542463399555,9.678186392211913,3.2260621307373043,238.50595092773438,218.11172485351562,148.2147674560547,130.27008056640625,16.438701629638672,True
299,9.966666666666667,0.9006180167198181,11.167972348630428,23,0,23,double,142.85711690682604,JUMPING,False,,0.42223165737365104,,,25.77542463399555,10.05817955932617,3.3527265197753904,238.50595092773438,224.8212890625,148.2147674560547,138.1923828125,16.07790184020996,True
300,10.0,0.9115979671478271,11.959537863731384,24,0,24,double,149.99999776482585,JUMPING,True,0.3333333333333339,0.4026740260847813,25.30157470703125,24.575790405273438,25.656962152254472,11.844194952392577,3.948064984130859,236.8043212890625,233.05230712890625,146.8728790283203,144.4593505859375,14.133336067199707,False
301,10.033333333333333,0.9121617674827576,11.210559867322445,24,0,24,double,149.99999776482585,JUMPING,False,,0.4026740260847813,,,25.656962152254472,11.844194952392577,3.948064984130859,236.8043212890625,238.090576171875,146.9635467529297,147.94662475585938,13.120393753051758,False
302,10.066666666666666,0.9081359505653381,11.874261312186718,24,0,24,double,149.99999776482585,JUMPING,False,,0.4026740260847813,,,25.656962152254472,9.214715533447265,3.071571844482422,237.56809997558594,237.45431518554688,147.75277709960938,147.4619903564453,13.399171829223633,False
303,10.1,0.9259122014045715,11.396711226552725,24,0,24,double,149.99999776482585,JUMPING,False,,0.4026740260847813,,,25.656962152254472,9.278104284667968,3.092701428222656,237.56809997558594,232.2774658203125,147.75277709960938,142.3815460205078,14.735366821289062,False
304,10.133333333333333,0.9273161888122559,12.19993270933628,24,0,24,double,149.99999776482585,JUMPING,False,,0.4026740260847813,,,25.656962152254472,9.278104284667968,3.092701428222656,237.56809997558594,225.00621032714844,147.75277709960938,135.5238494873047,18.55491065979004,True
305,10.166666666666666,0.9216715693473816,10.917991865426302,24,0,24,double,149.99999776482585,JUMPING,False,,0.4026740260847813,,,25.656962152254472,9.278104284667968,3.092701428222656,237.56809997558594,218.2591552734375,147.75277709960938,128.77056884765625,16.54414939880371,True
306,10.2,0.9138109683990479,12.014397419989109,24,0,24,double,149.99999776482585,JUMPING,False,,0.4026740260847813,,,25.656962152254472,9.278104284667968,3.092701428222656,237.56809997558594,214.7337646484375,147.75277709960938,124.36860656738281,13.39175796508789,True
307,10.233333333333333,0.909866213798523,11.104723904281855,24,0,24,double,149.99999776482585,JUMPING,False,,0.4026740260847813,,,25.656962152254472,9.278104284667968,3.092701428222656,237.56809997558594,214.0808868408203,147.75277709960938,121.86808013916016,13.975210189819336,True
308,10.266666666666667,0.9081466794013977,12.369935866445303,24,0,24,double,149.99999776482585,JUMPING,False,,0.4026740260847813,,,25.656962152254472,9.278104284667968,3.092701428222656,237.56809997558594,213.1612091064453,147.75277709960938,121.88201904296875,13.16651725769043,True
309,10.3,0.9176589846611023,11.17570511996746,24,0,24,double,149.99999776482585,JUMPING,False,,0.4026740260847813,,,25.656962152254472,9.278104284667968,3.092701428222656,237.56809997558594,216.62686157226562,147.75277709960938,124.97338104248047,11.18175983428955,True
310,10.333333333333334,0.9080842137336731,11.783002875745296,24,0,24,double,149.99999776482585,JUMPING,False,,0.4026740260847813,,,25.656962152254472,9.278104284667968,3.092701428222656,237.56809997558594,222.8324737548828,147.75277709960938,130.9644317626953,13.894087791442871,True
311,10.366666666666667,0.8629516363143921,11.729008052498102,25,0,25,double,149.99999776482585,JUMPING,True,0.36666666666666714,0.39475240701279624,24.406890869140625,25.88469696044922,25.344444331476012,11.74218928527832,3.9140630950927733,237.56809997558594,231.93360900878906,147.75277709960938,138.5721435546875,19.089656829833984,False
312,10.4,0.7093008160591125,13.428468722850084,25,0,25,unknown,0.0,JUMPING,False,,,,,,,,,,,,0.0,False
313,10.433333333333334,0.7534016370773315,11.094592977315187,25,0,25,unknown,0.0,JUMPING,False,,,,,,,,,,,,0.0,False
314,10.466666666666667,0.8510318398475647,12.229998130351305,25,0,25,double,149.99999776482585,JUMPING,False,,0.39475240701279624,,,25.344444331476012,12.2774984664917,4.092499488830566,236.69053649902344,233.9817352294922,146.641357421875,141.79705810546875,14.207054138183594,False
315,10.5,0.9139658212661743,10.955519042909145,25,0,25,double,149.99999776482585,JUMPING,False,,0.39475240701279624,,,25.344444331476012,9.109655804443358,3.0365519348144527,235.47996520996094,229.36773681640625,145.22235107421875,139.06739807128906,13.384998321533203,False
316,10.533333333333333,0.9245476126670837,11.925351805984974,25,0,25,double,149.99999776482585,JUMPING,False,,0.39475240701279624,,,25.344444331476012,11.46029937286377,3.8200997909545897,235.47996520996094,222.42080688476562,145.22235107421875,133.4559326171875,14.244153022766113,True
317,10.566666666666666,0.8989220857620239,11.188076809048653,25,0,25,double,149.99999776482585,JUMPING,False,,0.39475240701279624,,,25.344444331476012,11.46029937286377,3.8200997909545897,235.47996520996094,218.21890258789062,145.22235107421875,128.1514129638672,11.533467292785645,True
318,10.6,0.921261727809906,12.323292903602123,25,0,25,double,149.99999776482585,JUMPING,False,,0.39475240701279624,,,25.344444331476012,11.46029937286377,3.8200997909545897,235.47996520996094,215.9813232421875,145.22235107421875,124.53349304199219,11.324212074279785,True
319,10.633333333333333,0.910512387752533,11.02220406755805,25,0,25,double,149.99999776482585,JUMPING,False,,0.39475240701279624,,,25.344444331476012,11.46029937286377,3.8200997909545897,235.47996520996094,213.7665252685547,145.22235107421875,122.70111083984375,10.998205184936523,True
320,10.666666666666666,0.9071923494338989,11.86931412667036,25,0,25,double,149.99999776482585,JUMPING,False,,0.39475240701279624,,,25.344444331476012,11.46029937286377,3.8200997909545897,235.47996520996094,212.57901000976562,145.22235107421875,123.0552978515625,12.54733657836914,True
321,10.7,0.911968469619751,11.270234826952219,25,0,25,double,149.99999776482585,JUMPING,False,,0.39475240701279624,,,25.344444331476012,11.46029937286377,3.8200997909545897,235.47996520996094,216.1820068359375,145.22235107421875,126.18576049804688,13.20720100402832,True
322,10.733333333333333,0.9094110131263733,11.904091108590364,25,0,25,double,149.99999776482585,JUMPING,False,,0.39475240701279624,,,25.344444331476012,11.46029937286377,3.8200997909545897,235.47996520996094,222.8701629638672,145.22235107421875,132.77088928222656,13.416213035583496,True
323,10.766666666666667,0.8934183120727539,11.442105751484632,26,0,26,double,149.99999776482585,JUMPING,True,0.40000000000000036,0.39590687746998116,22.900955200195312,22.521240234375,24.733572048655837,9.109655804443358,3.0365519348144527,235.47996520996094,231.45941162109375,145.22235107421875,140.45977783203125,9.557419776916504,False
324,10.8,0.8939921855926514,12.89322692900896,26,0,26,double,149.99999776482585,JUMPING,False,,0.39590687746998116,,,24.733572048655837,11.46029937286377,3.8200997909545897,236.42593383789062,237.0133056640625,145.7821044921875,146.0299072265625,11.284582138061523,False
325,10.833333333333334,0.8981074094772339,14.218635391443968,26,0,26,double,149.99999776482585,JUMPING,False,,0.39590687746998116,,,24.733572048655837,12.044677148437499,4.0148923828125,237.2779083251953,240.21319580078125,146.88916015625,148.81100463867188,12.583449363708496,False
326,10.866666666666667,0.9092828631401062,15.124841127544641,26,0,26,double,149.99999776482585,JUMPING,False,,0.39590687746998116,,,24.733572048655837,11.46029937286377,3.8200997909545897,236.80801391601562,236.50006103515625,146.74594116210938,147.2233123779297,14.998846054077148,False
327,10.9,0.917931079864502,19.407075829803944,26,0,26,double,149.99999776482585,JUMPING,False,,0.39590687746998116,,,24.733572048655837,11.201009518432617,3.733669839477539,236.0530548095703,229.84857177734375,145.59405517578125,141.6697540283203,15.57391357421875,False
328,10.933333333333334,0.9180171489715576,21.650718059390783,26,0,26,double,149.99999776482585,JUMPING,False,,0.39590687746998116,,,24.733572048655837,12.00653530883789,4.002178436279297,235.4927215576172,223.1843719482422,145.4016876220703,134.78988647460938,15.381763458251953,True
329,10.966666666666667,0.9081414341926575,14.467590022832155,26,0,26,double,149.99999776482585,JUMPING,False,,0.39590687746998116,,,24.733572048655837,12.00653530883789,4.002178436279297,235.4927215576172,217.6974639892578,145.4016876220703,129.01071166992188,14.729063987731934,True
330,11.0,0.9168145656585693,14.324777759611607,26,0,26,double,149.99999776482585,JUMPING,False,,0.39590687746998116,,,24.733572048655837,12.00653530883789,4.002178436279297,235.4927215576172,213.04739379882812,145.4016876220703,125.56178283691406,14.851847648620605,True
331,11.033333333333333,0.9163286685943604,11.857603676617146,26,0,26,double,149.99999776482585,JUMPING,False,,0.39590687746998116,,,24.733572048655837,12.00653530883789,4.002178436279297,235.4927215576172,210.86276245117188,145.4016876220703,123.97883605957031,14.341580390930176,True
332,11.066666666666666,0.914882242679596,12.497182935476303,26,0,26,double,149.99999776482585,JUMPING,False,,0.39590687746998116,,,24.733572048655837,12.00653530883789,4.002178436279297,235.4927215576172,211.30442810058594,145.4016876220703,124.54913330078125,14.03034496307373,True
333,11.1,0.8740760684013367,11.22008403763175,26,0,26,double,149.99999776482585,JUMPING,False,,0.39590687746998116,,,24.733572048655837,12.00653530883789,4.002178436279297,235.4927215576172,215.76577758789062,145.4016876220703,128.17514038085938,13.079496383666992,True
334,11.133333333333333,0.7801759839057922,12.073364108800888,27,0,27,double,152.54240277785985,JUMPING,True,0.36666666666666536,0.3894740310932517,24.629959106445312,21.4228515625,24.707668813103204,12.00653530883789,4.002178436279297,235.4927215576172,224.310302734375,145.4016876220703,134.91319274902344,11.791576385498047,False
335,11.166666666666666,0.5370835065841675,11.257696896791458,27,0,27,unknown,0.0,JUMPING,False,,,,,,,,,,,,0.0,False
336,11.2,0.8165407180786133,12.341882102191448,27,0,27,double,152.54240277785985,JUMPING,False,,0.3894740310932517,,,24.707668813103204,9.937476246643065,3.312492082214355,235.4927215576172,232.60385131835938,145.4016876220703,142.07000732421875,10.907784461975098,False
337,11.233333333333333,0.8127857446670532,11.340406257659197,27,0,27,double,152.54240277785985,JUMPING,False,,0.3894740310932517,,,24.707668813103204,11.209900231933593,3.736633410644531,236.80801391601562,237.60018920898438,146.16778564453125,146.25970458984375,10.742860794067383,False
338,11.266666666666667,0.8553465008735657,12.38520396873355,27,0,27,double,152.54240277785985,JUMPING,False,,0.3894740310932517,,,24.707668813103204,11.201009518432617,3.733669839477539,237.2779083251953,238.14735412597656,146.16778564453125,144.622314453125,10.495521545410156,False
339,11.3,0.8709651231765747,10.98576094955206,27,0,27,double,152.54240277785985,JUMPING,False,,0.3894740310932517,,,24.707668813103204,11.204606524658203,3.7348688415527342,237.2779083251953,234.45318603515625,146.16778564453125,138.81344604492188,15.722050666809082,False
340,11.333333333333334,0.8803777098655701,12.24629394710064,27,0,27,double,152.54240277785985,JUMPING,False,,0.3894740310932517,,,24.707668813103204,11.204606524658203,3.7348688415527342,237.2779083251953,227.03494262695312,146.16778564453125,131.53175354003906,22.093334197998047,False
341,11.366666666666667,0.8902596831321716,11.339167132973671,27,0,27,double,152.54240277785985,JUMPING,False,,0.3894740310932517,,,24.707668813103204,11.204606524658203,3.7348688415527342,237.2779083251953,220.61709594726562,146.16778564453125,125.73251342773438,25.75748062133789,True
342,11.4,0.897474467754364,12.804482132196426,27,0,27,double,152.54240277785985,JUMPING,False,,0.3894740310932517,,,24.707668813103204,11.204606524658203,3.7348688415527342,237.2779083251953,215.56829833984375,146.16778564453125,122.44819641113281,23.3282527923584,True
343,11.433333333333334,0.8915759921073914,11.038738768547773,27,0,27,double,152.54240277785985,JUMPING,False,,0.3894740310932517,,,24.707668813103204,11.204606524658203,3.7348688415527342,237.2779083251953,213.7490234375,146.16778564453125,120.84431457519531,19.7579288482666,True
344,11.466666666666667,0.8966662883758545,12.419559992849827,27,0,27,double,152.54240277785985,JUMPING,False,,0.3894740310932517,,,24.707668813103204,11.204606524658203,3.7348688415527342,237.2779083251953,215.45550537109375,146.16778564453125,121.50672912597656,19.528217315673828,True
345,11.5,0.9190155267715454,11.260116007179022,27,0,27,double,152.54240277785985,JUMPING,False,,0.3894740310932517,,,24.707668813103204,11.204606524658203,3.7348688415527342,237.2779083251953,216.00320434570312,146.16778564453125,124.66658782958984,22.632904052734375,True
346,11.533333333333333,0.9110998511314392,12.288236990571022,27,0,27,double,152.54240277785985,JUMPING,False,,0.3894740310932517,,,24.707668813103204,11.204606524658203,3.7348688415527342,237.2779083251953,221.98281860351562,146.16778564453125,130.47927856445312,22.95028305053711,True
347,11.566666666666666,0.8911371231079102,11.064221616834402,28,0,28,double,157.89476358990052,JUMPING,True,0.43333333333333357,0.3991230775860697,23.528884887695312,25.323471069335938,24.412972831751233,11.204606524658203,3.7348688415527342,237.2779083251953,230.32769775390625,146.16778564453125,137.16624450683594,19.1993350982666,False
348,11.6,0.9025413393974304,12.26113410666585,28,0,28,double,157.89476358990052,JUMPING,False,,0.3991230775860697,,,24.412972831751233,9.137651371765136,3.0458837905883787,237.2779083251953,235.47265625,146.16778564453125,142.4892120361328,18.142990112304688,False
349,11.633333333333333,0.9108923077583313,11.000769212841988,28,0,28,double,157.89476358990052,JUMPING,False,,0.3991230775860697,,,24.412972831751233,9.263919863891601,3.087973287963867,237.2779083251953,238.17578125,145.8673553466797,145.62353515625,18.78887176513672,False
350,11.666666666666666,0.6400772333145142,13.12158489599824,28,0,28,double,157.89476358990052,JUMPING,False,,0.3991230775860697,,,24.412972831751233,9.263919863891601,3.087973287963867,237.35365295410156,237.58055114746094,145.8673553466797,147.4125518798828,18.438644409179688,False
351,11.7,0.9047698974609375,11.561281979084015,28,0,28,double,157.89476358990052,JUMPING,False,,0.3991230775860697,,,24.412972831751233,8.544540491112931,2.6823599349975584,237.35365295410156,235.30274963378906,146.0597686767578,146.07968139648438,20.132341384887695,False
352,11.733333333333333,0.9190990924835205,12.192890979349613,28,0,28,double,157.89476358990052,JUMPING,False,,0.3991230775860697,,,24.412972831751233,9.462841094970702,3.154280364990234,237.35365295410156,231.67752075195312,146.0597686767578,144.2720947265625,20.57061767578125,False
353,11.766666666666667,0.912439227104187,11.226681061089039,28,0,28,double,157.89476358990052,JUMPING,False,,0.3991230775860697,,,24.412972831751233,9.462841094970702,3.154280364990234,237.35365295410156,228.97494506835938,146.0597686767578,141.97723388671875,21.906768798828125,False
354,11.8,0.9112035632133484,11.81737007573247,28,0,28,double,157.89476358990052,JUMPING,False,,0.3991230775860697,,,24.412972831751233,9.462841094970702,3.154280364990234,237.35365295410156,227.4019775390625,146.0597686767578,140.5069580078125,22.36798858642578,True
355,11.833333333333334,0.9239691495895386,11.264638043940067,28,0,28,double,157.89476358990052,JUMPING,False,,0.3991230775860697,,,24.412972831751233,9.462841094970702,3.154280364990234,237.35365295410156,226.5263671875,146.0597686767578,140.54434204101562,21.153833389282227,True
356,11.866666666666667,0.9202471971511841,12.163906823843718,28,0,28,double,157.89476358990052,JUMPING,False,,0.3991230775860697,,,24.412972831751233,9.462841094970702,3.154280364990234,237.35365295410156,227.41168212890625,146.0597686767578,141.7127227783203,20.541616439819336,True
357,11.9,0.9202010631561279,11.003375053405762,28,0,28,double,0.0,JUMPING,False,0.3333333333333339,,10.827285766601562,5.5528106689453125,24.412972831751233,9.462841094970702,3.154280364990234,237.35365295410156,228.4782257080078,146.0597686767578,143.2932586669922,21.190900802612305,False
358,11.933333333333334,0.9175523519515991,12.157406192272902,28,0,28,double,157.89476358990052,JUMPING,False,,0.3991230775860697,,,24.412972831751233,9.462841094970702,3.154280364990234,237.35365295410156,229.9522705078125,146.0597686767578,144.58966064453125,20.248374938964844,False
359,11.966666666666667,0.9088441133499146,11.040176264941692,28,0,28,double,157.89476358990052,JUMPING,False,,0.3991230775860697,,,24.412972831751233,8.544540491112931,2.6823599349975584,237.35365295410156,230.4154052734375,146.0597686767578,144.60745239257812,19.37271499633789,False
360,12.0,0.9023145437240601,12.118601705878973,28,0,28,double,157.89476358990052,JUMPING,False,,0.3991230775860697,,,24.412972831751233,8.544540491112931,2.442276736450195,237.35365295410156,230.68214416503906,146.0597686767578,144.8131103515625,18.475982666015625,False
361,12.033333333333333,0.9117780923843384,11.34323887526989,28,0,28,double,157.89476358990052,JUMPING,False,,0.3991230775860697,,,24.412972831751233,8.544540491112931,2.442276736450195,237.35365295410156,230.4264678955078,146.0597686767578,144.6347198486328,18.8901424407959,False
362,12.066666666666666,0.9112381339073181,12.051517143845558,28,0,28,double,157.89476358990052,JUMPING,False,,0.3991230775860697,,,24.412972831751233,8.544540491112931,2.442276736450195,237.35365295410156,230.39776611328125,146.0597686767578,144.72230529785156,18.996614456176758,False
363,12.1,0.9055682420730591,11.13553624600172,28,0,28,double,157.89476358990052,JUMPING,False,,0.3991230775860697,,,24.412972831751233,8.544540491112931,2.442276736450195,237.35365295410156,230.10952758789062,146.0597686767578,144.86941528320312,18.421205520629883,False
364,12.133333333333333,0.9116686582565308,11.957074981182814,28,0,28,double,157.89476358990052,JUMPING,False,,0.3991230775860697,,,24.412972831751233,8.544540491112931,2.442276736450195,237.35365295410156,229.99755859375,146.0597686767578,144.98699951171875,18.731752395629883,False
365,12.166666666666666,0.9200807213783264,11.36863511055708,28,0,28,double,157.89476358990052,JUMPING,False,,0.3991230775860697,,,24.412972831751233,8.544540491112931,2.442276736450195,237.35365295410156,228.50653076171875,146.0597686767578,144.6510772705078,19.737533569335938,True
366,12.2,0.9014496803283691,12.322647962719202,28,0,28,double,157.89476358990052,JUMPING,False,,0.3991230775860697,,,24.412972831751233,8.544540491112931,2.442276736450195,237.35365295410156,228.55722045898438,146.0597686767578,144.44871520996094,21.51753044128418,True
367,12.233333333333333,0.9156214594841003,11.12479530274868,28,0,28,double,157.89476358990052,JUMPING,False,,0.3991230775860697,,,24.412972831751233,8.544540491112931,2.442276736450195,237.35365295410156,227.0019989013672,146.0597686767578,144.570068359375,23.45870590209961,True
368,12.266666666666667,0.9181944727897644,11.794215999543667,28,0,28,double,157.89476358990052,JUMPING,False,,0.3991230775860697,,,24.412972831751233,8.544540491112931,2.442276736450195,237.35365295410156,225.27513122558594,146.0597686767578,144.49844360351562,27.310691833496094,True
369,12.3,0.8994933366775513,11.226687114685774,28,0,28,double,157.89476358990052,JUMPING,False,,0.3991230775860697,,,24.412972831751233,8.544540491112931,2.082881520080566,237.35365295410156,226.49749755859375,146.0597686767578,144.3490447998047,32.195159912109375,True
370,12.333333333333334,0.922433078289032,12.129769194871187,28,0,28,single,157.89476358990052,JUMPING,False,,0.3991230775860697,,,24.412972831751233,8.544540491112931,2.442276736450195,237.14834594726562,227.15811157226562,145.897216796875,144.38845825195312,27.529644012451172,True
371,12.366666666666667,0.9252350926399231,10.880171786993742,28,0,28,single,0.0,JUMPING,False,0.8000000000000007,,10.81396484375,1.0198822021484375,24.412972831751233,13.821903630065918,4.607301210021973,236.08909606933594,227.82974243164062,145.36892700195312,144.892822265625,30.877553939819336,False
372,12.4,0.9213043451309204,12.0357028208673,28,0,28,single,157.89476358990052,JUMPING,False,,0.3991230775860697,,,24.412972831751233,8.544540491112931,1.8968665283203123,235.40469360351562,227.68484497070312,144.94932556152344,144.86468505859375,17.445819854736328,False
373,12.433333333333334,0.9197817444801331,11.331397108733654,28,0,28,double,157.89476358990052,JUMPING,False,,0.3991230775860697,,,24.412972831751233,8.544540491112931,2.490711895751953,235.40469360351562,227.55569458007812,145.0701446533203,145.1255645751953,8.998026847839355,False
374,12.466666666666667,0.9174171090126038,12.022531125694513,28,0,28,double,157.89476358990052,JUMPING,False,,0.3991230775860697,,,24.412972831751233,8.544540491112931,2.490711895751953,235.40469360351562,227.8081817626953,145.0701446533203,144.96591186523438,9.371118545532227,False
375,12.5,0.9186375141143799,11.650294996798038,28,0,28,double,157.89476358990052,JUMPING,False,,0.3991230775860697,,,24.412972831751233,8.544540491112931,1.9656168548583983,235.40469360351562,229.624755859375,145.10791015625,145.0814208984375,12.703758239746094,False
376,12.533333333333333,0.9126043319702148,11.878517922013998,28,0,28,double,157.89476358990052,JUMPING,False,,0.3991230775860697,,,24.412972831751233,8.544540491112931,1.475745327758789,235.40469360351562,230.10772705078125,145.1968231201172,145.24432373046875,20.5925235748291,False
377,12.566666666666666,0.9230371117591858,11.020996142178774,28,0,28,double,157.89476358990052,JUMPING,False,,0.3991230775860697,,,24.412972831751233,8.544540491112931,1.475745327758789,235.40469360351562,229.39453125,145.2058868408203,145.14822387695312,20.996938705444336,False
378,12.6,0.924006998538971,11.866631917655468,28,0,28,double,157.89476358990052,JUMPING,False,,0.3991230775860697,,,24.412972831751233,8.544540491112931,1.1353644744873046,235.40469360351562,230.277099609375,145.2058868408203,144.93260192871094,19.2143611907959,False
379,12.633333333333333,0.9203433394432068,11.184046976268291,28,0,28,double,157.89476358990052,JUMPING,False,,0.3991230775860697,,,24.412972831751233,8.544540491112931,0.7030450469970703,235.40469360351562,230.004150390625,145.2058868408203,144.625,22.532459259033203,False
380,12.666666666666666,0.9155391454696655,11.688596103340387,28,0,28,double,157.89476358990052,JUMPING,False,,0.3991230775860697,,,24.412972831751233,8.544540491112931,0.7030450469970703,235.40469360351562,227.865234375,145.2058868408203,144.87127685546875,27.58428955078125,False
381,12.7,0.9129546880722046,10.984304826706648,28,0,28,double,157.89476358990052,JUMPING,False,,0.3991230775860697,,,24.412972831751233,8.544540491112931,0.6612609558105469,235.40469360351562,225.7657470703125,145.2058868408203,144.59884643554688,33.629722595214844,True
382,12.733333333333333,0.8934871554374695,12.071681674569845,28,0,28,single,157.89476358990052,JUMPING,False,,0.3991230775860697,,,24.412972831751233,8.544540491112931,0.6604917846679688,234.96292114257812,225.5699462890625,145.13916015625,145.09255981445312,35.501888275146484,True
383,12.766666666666667,0.9162368178367615,10.940970852971077,28,0,28,single,0.0,JUMPING,False,1.200000000000001,,8.075942993164062,0.540313720703125,24.412972831751233,8.544540491112931,2.177908090209961,233.34291076660156,225.2669677734375,145.13916015625,144.8351287841797,37.05917739868164,False
384,12.8,0.8977930545806885,12.004092801362276,28,0,28,single,157.89476358990052,JUMPING,False,,0.3991230775860697,,,24.412972831751233,8.544540491112931,2.109474481201172,231.2793731689453,226.6362762451172,145.13916015625,144.929931640625,36.26286315917969,False
385,12.833333333333334,0.8829677104949951,10.859672911465168,28,0,28,single,157.89476358990052,JUMPING,False,,0.3991230775860697,,,24.412972831751233,8.544540491112931,2.104180773925781,231.2793731689453,227.78451538085938,145.1893768310547,145.21681213378906,38.917667388916016,False
386,12.866666666666667,0.8741104006767273,11.95375807583332,28,0,28,single,157.89476358990052,JUMPING,False,,0.3991230775860697,,,24.412972831751233,8.544540491112931,2.024899589538574,231.2793731689453,229.54434204101562,145.2333221435547,145.65640258789062,41.797157287597656,False
387,12.9,0.8872063159942627,11.053027119487524,28,0,28,single,157.89476358990052,JUMPING,False,,0.3991230775860697,,,24.412972831751233,8.544540491112931,2.3199559020996094,231.3980255126953,230.97879028320312,145.4718475341797,146.00462341308594,43.2221565246582,False
388,12.933333333333334,0.8862637281417847,12.043971102684736,28,0,28,single,157.89476358990052,JUMPING,False,,0.3991230775860697,,,24.412972831751233,8.544540491112931,2.3080789947509763,231.77920532226562,231.84698486328125,145.64324951171875,145.96832275390625,43.172882080078125,False
389,12.966666666666667,0.895804762840271,10.876890271902084,28,0,28,single,157.89476358990052,JUMPING,False,,0.3991230775860697,,,24.412972831751233,8.544540491112931,2.6086665527343746,232.26773071289062,232.5482177734375,145.80799865722656,145.9090576171875,42.520774841308594,False
390,13.0,0.8964478969573975,12.063762173056602,28,0,28,single,157.89476358990052,JUMPING,False,,0.3991230775860697,,,24.412972831751233,8.544540491112931,2.5578560119628904,232.50584411621094,232.44229125976562,145.89425659179688,145.8720703125,41.985626220703125,False
391,13.033333333333333,0.9134986996650696,10.978405829519033,28,0,28,single,157.89476358990052,JUMPING,False,,0.3991230775860697,,,24.412972831751233,8.544540491112931,2.649907699584961,232.50584411621094,232.12489318847656,145.89425659179688,145.63540649414062,41.559696197509766,False
392,13.066666666666666,0.9111831188201904,12.469022069126368,28,0,28,single,157.89476358990052,JUMPING,False,,0.3991230775860697,,,24.412972831751233,8.544540491112931,2.649907699584961,232.50584411621094,231.57293701171875,145.89425659179688,145.29644775390625,40.86979675292969,False
393,13.1,0.9088572859764099,11.361350771039724,28,0,28,single,157.89476358990052,STOPPED,False,,0.3991230775860697,,,24.412972831751233,8.544540491112931,2.5578560119628904,232.31533813476562,231.62030029296875,145.89425659179688,145.35089111328125,39.635257720947266,False
394,13.133333333333333,0.8608957529067993,12.217930983752012,28,0,28,single,157.89476358990052,STOPPED,False,,0.3991230775860697,,,24.412972831751233,8.544540491112931,2.5578560119628904,232.31533813476562,232.73760986328125,145.89425659179688,145.22628784179688,41.038333892822266,False
395,13.166666666666666,0.9045959115028381,11.14164898172021,28,0,28,single,157.89476358990052,STOPPED,False,,0.3991230775860697,,,24.412972831751233,8.544540491112931,2.5578560119628904,232.31533813476562,232.80813598632812,145.78579711914062,145.5793914794922,39.13144302368164,False
396,13.2,0.9112861752510071,11.851747054606676,28,0,28,single,157.89476358990052,STOPPED,False,,0.3991230775860697,,,24.412972831751233,8.544540491112931,2.473020959472656,232.01373291015625,231.61660766601562,145.78579711914062,145.9445037841797,37.64512634277344,False
397,13.233333333333333,0.9138760566711426,11.146061588078737,28,0,28,single,157.89476358990052,STOPPED,False,,0.3991230775860697,,,24.412972831751233,8.544540491112931,2.467546270751953,232.01373291015625,231.1993408203125,145.89425659179688,145.96652221679688,37.5914306640625,False
398,13.266666666666667,0.9039387702941895,11.952387634664774,28,0,28,single,157.89476358990052,STOPPED,False,,0.3991230775860697,,,24.412972831751233,8.544540491112931,2.405876843261719,232.2552490234375,232.3421630859375,145.93032836914062,146.266357421875,36.642215728759766,False
399,13.3,0.8867001533508301,11.015739757567644,28,0,28,single,157.89476358990052,STOPPED,False,,0.3991230775860697,,,24.412972831751233,8.544540491112931,2.3961038452148435,232.40223693847656,233.18978881835938,145.9577178955078,146.4136962890625,38.227169036865234,False
400,13.333333333333334,0.8478801846504211,12.297998182475567,28,0,28,single,157.89476358990052,STOPPED,False,,0.3991230775860697,,,24.412972831751233,8.544540491112931,2.39625089263916,232.50584411621094,234.341552734375,145.9676055908203,146.4896697998047,37.57286071777344,False
401,13.366666666666667,0.9027189016342163,11.395466979593039,28,0,28,single,157.89476358990052,STOPPED,False,,0.3991230775860697,,,24.412972831751233,8.544540491112931,2.5498928283691407,232.66184997558594,233.56832885742188,145.99009704589844,146.23818969726562,41.10329055786133,False
402,13.4,0.906082808971405,15.619038604199886,28,0,28,single,157.89476358990052,STOPPED,False,,0.3991230775860697,,,24.412972831751233,8.544540491112931,2.56063860168457,232.66184997558594,232.4913787841797,146.095703125,146.15643310546875,45.379825592041016,False
403,13.433333333333334,0.8956437110900879,11.564905755221844,28,0,28,single,157.89476358990052,STOPPED,False,,0.3991230775860697,,,24.412972831751233,8.544540491112931,2.754944805908203,232.66184997558594,232.40725708007812,146.10504150390625,146.02793884277344,45.698360443115234,False
404,13.466666666666667,0.9042969942092896,11.990194208920002,28,0,28,single,157.89476358990052,STOPPED,False,,0.3991230775860697,,,24.412972831751233,8.544540491112931,2.7713462493896484,232.66184997558594,230.6063690185547,146.10504150390625,145.86004638671875,47.241539001464844,False
405,13.5,0.8884816765785217,11.068745981901884,28,0,28,single,157.89476358990052,STOPPED,False,,0.3991230775860697,,,24.412972831751233,8.544540491112931,2.7713462493896484,232.66184997558594,231.62384033203125,146.10504150390625,145.79229736328125,48.60759353637695,False
406,13.533333333333333,0.8754180073738098,12.10237666964531,28,0,28,single,157.89476358990052,STOPPED,False,,0.3991230775860697,,,24.412972831751233,8.544540491112931,2.5734882843017575,232.66184997558594,231.2171630859375,146.10504150390625,145.856689453125,50.918949127197266,False
407,13.566666666666666,0.8441476821899414,11.115439236164093,28,0,28,single,157.89476358990052,STOPPED,False,,0.3991230775860697,,,24.412972831751233,8.544540491112931,2.1697865478515626,232.77992248535156,233.50592041015625,146.10504150390625,145.16903686523438,51.64015197753906,False
408,13.6,0.9025276899337769,12.027618009597063,28,0,28,single,157.89476358990052,STOPPED,False,,0.3991230775860697,,,24.412972831751233,8.544540491112931,2.1270296813964844,233.03712463378906,234.3798828125,146.10504150390625,144.70718383789062,52.56496810913086,False
409,13.633333333333333,0.9120978116989136,11.19667338207364,28,0,28,single,157.89476358990052,STOPPED,False,,0.3991230775860697,,,24.412972831751233,8.544540491112931,2.1723202880859374,233.3794708251953,234.18112182617188,146.10504150390625,144.36343383789062,52.44880676269531,False
410,13.666666666666666,0.897119402885437,12.257781811058521,28,0,28,single,157.89476358990052,STOPPED,False,,0.3991230775860697,,,24.412972831751233,8.544540491112931,1.9859546447753904,233.3794708251953,232.20822143554688,146.10504150390625,144.23593139648438,53.63111877441406,False
411,13.7,0.9151837229728699,11.247793212532997,28,0,28,single,157.89476358990052,STOPPED,False,,0.3991230775860697,,,24.412972831751233,8.544540491112931,1.7610851989746092,233.3794708251953,231.8634490966797,146.10504150390625,144.47854614257812,53.964969635009766,False
412,13.733333333333333,0.9277805685997009,11.991642881184816,28,0,28,single,157.89476358990052,STOPPED,False,,0.3991230775860697,,,24.412972831751233,8.544540491112931,1.7061799530029296,233.3794708251953,232.51722717285156,146.10504150390625,144.8544464111328,53.49240493774414,False
413,13.766666666666667,0.9294905662536621,11.180673725903034,28,0,28,single,157.89476358990052,STOPPED,False,,0.3991230775860697,,,24.412972831751233,8.544540491112931,1.7558367370605468,233.54336547851562,234.31874084472656,146.10504150390625,144.14633178710938,53.67618942260742,False
414,13.8,0.9330548048019409,12.068435084074736,28,0,28,single,157.89476358990052,STOPPED,False,,0.3991230775860697,,,24.412972831751233,8.544540491112931,1.4207948364257812,233.93600463867188,236.0854034423828,146.10504150390625,143.79132080078125,53.063045501708984,False
415,13.833333333333334,0.9246978759765625,11.318115051835775,28,0,28,single,157.89476358990052,STOPPED,False,,0.3991230775860697,,,24.412972831751233,8.544540491112931,1.4693431091308593,234.26368713378906,235.86033630371094,146.10504150390625,142.82864379882812,51.528846740722656,False
416,13.866666666666667,0.8970192074775696,12.125214096158743,28,0,28,single,157.89476358990052,STOPPED,False,,0.3991230775860697,,,24.412972831751233,8.544540491112931,1.581845700073242,234.26368713378906,233.7227325439453,146.10504150390625,141.52920532226562,47.57685470581055,False
417,13.9,0.8451402187347412,11.28429314121604,28,0,28,single,157.89476358990052,STOPPED,False,,0.3991230775860697,,,24.412972831751233,8.544540491112931,1.4693431091308593,234.26368713378906,231.41806030273438,146.10504150390625,140.70077514648438,43.309078216552734,False
418,13.933333333333334,0.6779818534851074,12.07018829882145,28,0,28,single,157.89476358990052,STOPPED,False,,0.3991230775860697,,,24.412972831751233,8.544540491112931,1.4207948364257812,234.26368713378906,231.63455200195312,146.10504150390625,141.05638122558594,36.263328552246094,False
419,13.966666666666667,0.7316216230392456,10.951699689030647,28,0,28,single,157.89476358990052,STOPPED,False,,0.3991230775860697,,,24.412972831751233,8.544540491112931,1.4552718017578123,234.26368713378906,233.18788146972656,146.10504150390625,140.0875244140625,32.591835021972656,False
420,14.0,0.8168615102767944,12.11892580613494,28,0,28,single,157.89476358990052,STOPPED,False,,0.3991230775860697,,,24.412972831751233,8.544540491112931,1.2566899108886718,234.26368713378906,232.97169494628906,146.10504150390625,139.1248016357422,30.231224060058594,False
421,14.033333333333333,0.8605620861053467,11.047750245779753,28,0,28,single,157.89476358990052,STOPPED,False,,0.3991230775860697,,,24.412972831751233,8.544540491112931,1.1722168212890625,234.26368713378906,232.81211853027344,146.10504150390625,138.78233337402344,29.949527740478516,False
422,14.066666666666666,0.9023280739784241,12.375295162200928,28,0,28,single,157.89476358990052,STOPPED,False,,0.3991230775860697,,,24.412972831751233,8.544540491112931,1.1722168212890625,234.26368713378906,230.87255859375,146.10504150390625,138.50064086914062,26.640287399291992,False
423,14.1,0.8969873189926147,11.114323046058416,28,0,28,single,157.89476358990052,STOPPED,False,,0.3991230775860697,,,24.412972831751233,8.544540491112931,1.1722168212890625,234.26368713378906,228.35665893554688,146.10504150390625,139.37437438964844,23.27656364440918,False
424,14.133333333333333,0.9066079258918762,11.901400983333588,28,0,28,single,157.89476358990052,STOPPED,False,,0.3991230775860697,,,24.412972831751233,8.544540491112931,1.1954503143310546,234.26368713378906,227.85772705078125,146.10504150390625,140.74459838867188,21.113101959228516,False
425,14.166666666666666,0.911776602268219,11.052735149860382,28,0,28,double,157.89476358990052,STOPPED,False,,0.3991230775860697,,,24.412972831751233,8.544540491112931,1.1722168212890625,234.26368713378906,228.30783081054688,146.10504150390625,141.07394409179688,20.681713104248047,False
426,14.2,0.9050053954124451,12.264810968190432,28,0,28,double,157.89476358990052,STOPPED,False,,0.3991230775860697,,,24.412972831751233,8.544540491112931,1.1722168212890625,234.26368713378906,228.23367309570312,146.10504150390625,142.34124755859375,20.008943557739258,False
427,14.233333333333333,0.8998411297798157,10.9623190946877,28,0,28,double,157.89476358990052,STOPPED,False,,0.3991230775860697,,,24.412972831751233,8.544540491112931,1.1722168212890625,234.26368713378906,227.57687377929688,146.10504150390625,143.11126708984375,20.320775985717773,False
428,14.266666666666667,0.9174389243125916,12.070764787495136,28,0,28,double,157.89476358990052,STOPPED,False,,0.3991230775860697,,,24.412972831751233,8.544540491112931,1.1722168212890625,234.26368713378906,226.91085815429688,146.10504150390625,142.982421875,20.134614944458008,False
429,14.3,0.9095589518547058,11.316170915961266,28,0,28,double,157.89476358990052,STOPPED,False,,0.3991230775860697,,,24.412972831751233,8.544540491112931,1.1722168212890625,234.26368713378906,227.6282501220703,146.10504150390625,143.33740234375,19.188764572143555,False
430,14.333333333333334,0.9252395033836365,12.153934221714735,28,0,28,double,157.89476358990052,STOPPED,False,,0.3991230775860697,,,24.412972831751233,8.544540491112931,1.1722168212890625,234.26368713378906,227.63832092285156,146.10504150390625,143.64971923828125,20.098527908325195,False
431,14.366666666666667,0.9193016290664673,10.925163049250841,28,0,28,double,157.89476358990052,STOPPED,False,,0.3991230775860697,,,24.412972831751233,8.544540491112931,1.1954503143310546,234.26368713378906,227.5556640625,146.10504150390625,143.75750732421875,20.22817039489746,False
432,14.4,0.9043851494789124,11.848744004964828,28,0,28,double,157.89476358990052,STOPPED,False,,0.3991230775860697,,,24.412972831751233,8.544540491112931,1.2186838073730468,234.26368713378906,226.46096801757812,146.10504150390625,142.83590698242188,20.371875762939453,False
433,14.433333333333334,0.9069743156433105,11.267170310020447,28,0,28,double,157.89476358990052,STOPPED,False,,0.3991230775860697,,,24.412972831751233,8.544540491112931,1.2577984222412109,234.26368713378906,225.58224487304688,146.10504150390625,142.06802368164062,21.03192710876465,True
434,14.466666666666667,0.9072906970977783,12.035780120640993,28,0,28,double,157.89476358990052,STOPPED,False,,0.3991230775860697,,,24.412972831751233,8.544540491112931,1.22415849609375,234.26368713378906,224.83554077148438,146.10504150390625,141.16290283203125,21.347333908081055,True
435,14.5,0.913870632648468,11.04334695264697,28,0,28,double,157.89476358990052,STOPPED,False,,0.3991230775860697,,,24.412972831751233,8.544540491112931,1.2669379852294922,234.26368713378906,224.11099243164062,146.10504150390625,140.79608154296875,21.522401809692383,True
436,14.533333333333333,0.9083306789398193,12.207501102238894,28,0,28,double,157.89476358990052,STOPPED,False,,0.3991230775860697,,,24.412972831751233,8.544540491112931,1.3616817718505858,234.26368713378906,223.30181884765625,146.10504150390625,139.8338623046875,20.894445419311523,True
437,14.566666666666666,0.903130829334259,10.998032987117767,28,0,28,double,157.89476358990052,STOPPED,False,,0.3991230775860697,,,24.412972831751233,8.544540491112931,1.4005475372314453,234.26368713378906,223.96835327148438,146.10504150390625,139.05355834960938,22.00600242614746,True
438,14.6,0.8994077444076538,11.928936932235956,28,0,28,double,0.0,STOPPED,False,3.033333333333333,,10.961868286132812,7.051483154296875,24.412972831751233,8.544540491112931,1.4658365936279296,234.26368713378906,225.91368103027344,146.10504150390625,139.19622802734375,21.867576599121094,False
439,14.633333333333333,0.8991154432296753,11.054681148380041,28,0,28,double,0.0,STOPPED,False,,,,,24.412972831751233,8.544540491112931,1.5312613861083983,234.26368713378906,227.049072265625,146.10504150390625,139.2554168701172,20.68918228149414,False
440,14.666666666666666,0.906114935874939,12.021798174828291,28,0,28,double,0.0,STOPPED,False,,,,,24.412972831751233,8.544540491112931,1.6127935272216796,234.26368713378906,229.34210205078125,146.10504150390625,140.81463623046875,19.70232391357422,False
441,14.7,0.9160064458847046,11.082890909165144,28,0,28,double,0.0,STOPPED,False,,,,,24.412972831751233,8.544540491112931,1.6127935272216796,234.26368713378906,231.8545684814453,146.10504150390625,144.36509704589844,17.349889755249023,False
442,14.733333333333333,0.9196085333824158,12.023861985653639,28,0,28,double,0.0,STOPPED,False,,,,,24.412972831751233,8.544540491112931,1.5583633575439453,234.33242797851562,236.44235229492188,146.2054901123047,149.2380828857422,14.879681587219238,False
443,14.766666666666667,0.909095048904419,11.059494689106941,28,0,28,double,0.0,STOPPED,False,,,,,24.412972831751233,8.544540491112931,1.872094692993164,234.3645477294922,242.10276794433594,146.2054901123047,154.15606689453125,13.951948165893555,False
444,14.8,0.9103396534919739,12.05120189115405,28,0,28,double,0.0,STOPPED,False,,,,,24.412972831751233,8.544540491112931,1.8957127716064452,235.26815795898438,243.95193481445312,146.2054901123047,156.08743286132812,13.555587768554688,False
445,14.833333333333334,0.9088547825813293,10.999811813235283,28,0,28,double,0.0,STOPPED,False,,,,,24.412972831751233,8.544540491112931,1.9824481292724607,235.99537658691406,244.72483825683594,146.2054901123047,156.94619750976562,13.940088272094727,False
446,14.866666666666667,0.9126881957054138,11.952538043260574,28,0,28,double,0.0,STOPPED,False,,,,,24.412972831751233,8.544540491112931,1.9971302490234375,236.29957580566406,240.51800537109375,148.0054168701172,153.42276000976562,15.023018836975098,False
447,14.9,0.9132413864135742,11.13485312089324,28,0,28,double,0.0,STOPPED,False,,,,,24.412972831751233,8.544540491112931,1.9971302490234375,236.29957580566406,232.37820434570312,148.0589141845703,146.2901611328125,15.812952995300293,False
448,14.933333333333334,0.8985458016395569,12.226251885294914,28,0,28,double,0.0,STOPPED,False,,,,,24.412972831751233,8.544540491112931,2.035113729858398,236.29957580566406,223.8192138671875,148.0589141845703,137.5872802734375,15.58410358428955,True
449,14.966666666666667,0.8937182426452637,11.262144893407822,28,0,28,double,0.0,STOPPED,False,,,,,24.412972831751233,8.544540491112931,1.976769836425781,236.29957580566406,214.00039672851562,148.0589141845703,129.25534057617188,23.17787742614746,True
450,15.0,0.9022099375724792,12.04170798882842,28,0,28,double,0.0,STOPPED,False,,,,,24.412972831751233,8.544540491112931,2.2059375915527344,236.29957580566406,206.9893798828125,148.0589141845703,123.51594543457031,14.411172866821289,True
451,15.033333333333333,0.9015812873840332,10.94827614724636,28,0,28,double,0.0,STOPPED,False,,,,,24.412972831751233,8.544540491112931,2.2059375915527344,236.29957580566406,203.05331420898438,148.0589141845703,120.88102722167969,12.358158111572266,True
452,15.066666666666666,0.8887242674827576,12.03808095306158,28,0,28,double,0.0,STOPPED,False,,,,,24.412972831751233,8.544540491112931,1.976769836425781,236.29957580566406,205.6941680908203,148.0589141845703,120.12821960449219,13.942147254943848,True
453,15.1,0.8969074487686157,11.057130992412567,28,0,28,double,0.0,STOPPED,False,,,,,24.412972831751233,8.544540491112931,1.9897891891479491,236.29957580566406,209.87344360351562,148.0589141845703,121.5322036743164,13.627654075622559,True
454,15.133333333333333,0.9084981679916382,12.113375123590231,28,0,28,double,0.0,STOPPED,False,,,,,24.412972831751233,8.544540491112931,1.9971302490234375,236.29957580566406,213.71070861816406,148.0589141845703,126.0164566040039,13.906018257141113,True
455,15.166666666666666,0.9080471992492676,10.968034155666828,28,0,28,double,0.0,STOPPED,False,,,,,24.412972831751233,8.544540491112931,2.303192495727539,236.29957580566406,220.8697509765625,148.0589141845703,133.37734985351562,14.539878845214844,True
456,15.2,0.9124206304550171,12.182659935206175,28,0,28,double,0.0,STOPPED,False,,,,,24.412972831751233,8.544540491112931,2.623936862182617,236.29957580566406,225.1002655029297,148.0589141845703,137.80470275878906,14.057943344116211,True
457,15.233333333333333,0.9064823389053345,11.004922911524773,29,0,29,double,0.0,JUMPING,True,,,33.24626159667969,27.930694580078125,26.621295022983347,9.507634002685545,3.1692113342285153,236.29957580566406,234.45700073242188,148.0589141845703,144.6689453125,10.261062622070312,False
458,15.266666666666667,0.8810575604438782,11.996163055300713,29,0,29,double,0.0,JUMPING,False,,,,,26.621295022983347,9.317453258044171,3.0820235229492186,238.8877410888672,241.886474609375,149.5721435546875,149.79486083984375,12.025345802307129,False
459,15.3,0.9072213172912598,11.20881037786603,29,0,29,double,0.0,JUMPING,False,,,,,26.621295022983347,15.108953178405761,5.036317726135254,241.026123046875,241.3648681640625,149.7808074951172,149.75973510742188,13.0941801071167,False
460,15.333333333333334,0.9218646883964539,12.079600244760513,29,0,29,double,0.0,JUMPING,False,,,,,26.621295022983347,15.108953178405761,5.036317726135254,241.026123046875,234.36630249023438,149.7808074951172,144.86474609375,15.90550708770752,False
461,15.366666666666667,0.9179425239562988,11.000428814440966,29,0,29,double,0.0,JUMPING,False,,,,,26.621295022983347,11.50675504760742,3.8355850158691402,241.026123046875,225.0068359375,149.7808074951172,137.156494140625,16.970672607421875,True
462,15.4,0.9235244393348694,12.112352065742016,29,0,29,double,0.0,JUMPING,False,,,,,26.621295022983347,11.50675504760742,3.8355850158691402,241.026123046875,218.58816528320312,149.7808074951172,132.183837890625,17.25706672668457,True
463,15.433333333333334,0.9105045795440674,11.02007506415248,29,0,29,double,0.0,JUMPING,False,,,,,26.621295022983347,11.50675504760742,3.8355850158691402,241.026123046875,212.1282958984375,149.7808074951172,126.15584564208984,15.81983470916748,True
464,15.466666666666667,0.8997480869293213,12.035692110657692,29,0,29,double,0.0,JUMPING,False,,,,,26.621295022983347,11.50675504760742,3.8355850158691402,241.026123046875,207.08908081054688,149.7808074951172,121.63822937011719,15.293191909790039,True
465,15.5,0.9046590328216553,11.076238937675953,29,0,29,double,0.0,JUMPING,False,,,,,26.621295022983347,11.50675504760742,3.8355850158691402,241.026123046875,205.40151977539062,149.7808074951172,119.18861389160156,16.01372718811035,True
466,15.533333333333333,0.901975154876709,12.081210035830736,29,0,29,double,0.0,JUMPING,False,,,,,26.621295022983347,11.50675504760742,3.8355850158691402,241.026123046875,206.72613525390625,149.7808074951172,119.6376724243164,13.59662914276123,True
467,15.566666666666666,0.8970103859901428,11.239179875701666,29,0,29,double,0.0,JUMPING,False,,,,,26.621295022983347,11.50675504760742,3.8355850158691402,241.026123046875,210.30645751953125,149.7808074951172,123.84727478027344,13.542858123779297,True
468,15.6,0.9101400971412659,12.081891298294067,29,0,29,double,0.0,JUMPING,False,,,,,26.621295022983347,11.50675504760742,3.8355850158691402,241.026123046875,217.538818359375,149.7808074951172,131.29684448242188,15.307321548461914,True
469,15.633333333333333,0.9035916328430176,11.181247886270285,29,0,29,double,0.0,JUMPING,False,,,,,26.621295022983347,11.50675504760742,3.8355850158691402,241.026123046875,222.71109008789062,149.7808074951172,135.8675537109375,15.211797714233398,True
470,15.666666666666666,0.9053494930267334,12.108593713492155,30,0,30,double,138.46151814658558,JUMPING,True,0.43333333333333357,0.43333333333333357,35.624603271484375,30.592193603515625,28.872122085108604,11.50675504760742,3.8355850158691402,241.026123046875,230.46969604492188,149.7808074951172,142.39808654785156,12.574234962463379,False
471,15.7,0.9075205326080322,10.946575086563826,30,0,30,double,138.46151814658558,JUMPING,False,,0.43333333333333357,,,28.872122085108604,13.3564306640625,4.4521435546875,241.026123046875,237.94607543945312,149.7808074951172,147.76715087890625,10.122724533081055,False
472,15.733333333333333,0.910399854183197,12.302952818572521,30,0,30,double,138.46151814658558,JUMPING,False,,0.43333333333333357,,,28.872122085108604,12.614700833129884,4.204900277709961,241.026123046875,237.6818389892578,149.7808074951172,147.41717529296875,10.44968318939209,False
473,15.766666666666667,0.9159319996833801,11.030016001313925,30,0,30,double,138.46151814658558,JUMPING,False,,0.43333333333333357,,,28.872122085108604,12.614700833129884,4.204900277709961,241.026123046875,231.94503784179688,149.7808074951172,142.44821166992188,12.470243453979492,False
474,15.8,0.9175058603286743,12.229118961840868,30,0,30,double,138.46151814658558,JUMPING,False,,0.43333333333333357,,,28.872122085108604,12.614700833129884,4.204900277709961,241.026123046875,227.36065673828125,149.7808074951172,138.90032958984375,12.668305397033691,True
475,15.833333333333334,0.9269038438796997,10.962052270770073,30,0,30,double,138.46151814658558,JUMPING,False,,0.43333333333333357,,,28.872122085108604,12.614700833129884,4.204900277709961,241.026123046875,219.84295654296875,149.7808074951172,133.01910400390625,15.239965438842773,True
476,15.866666666666667,0.919670820236206,13.961012940853834,30,0,30,double,138.46151814658558,JUMPING,False,,0.43333333333333357,,,28.872122085108604,12.614700833129884,4.204900277709961,241.026123046875,213.87713623046875,149.7808074951172,127.56690979003906,15.121935844421387,True
477,15.9,0.93001389503479,11.013118084520102,30,0,30,double,138.46151814658558,JUMPING,False,,0.43333333333333357,,,28.872122085108604,12.614700833129884,4.204900277709961,241.026123046875,209.09298706054688,149.7808074951172,123.68896484375,14.183853149414062,True
478,15.933333333333334,0.9053565263748169,12.243629898875952,30,0,30,double,138.46151814658558,JUMPING,False,,0.43333333333333357,,,28.872122085108604,12.614700833129884,4.204900277709961,241.026123046875,209.52597045898438,149.7808074951172,122.01304626464844,15.936180114746094,True
479,15.966666666666667,0.8862462043762207,11.269733775407076,30,0,30,double,138.46151814658558,JUMPING,False,,0.43333333333333357,,,28.872122085108604,12.614700833129884,4.204900277709961,241.026123046875,214.00555419921875,149.7808074951172,123.78656005859375,17.274944305419922,True
480,16.0,0.9174644947052002,12.135013937950134,30,0,30,double,138.46151814658558,JUMPING,False,,0.43333333333333357,,,28.872122085108604,12.614700833129884,4.204900277709961,241.026123046875,215.31954956054688,149.7808074951172,125.34264373779297,16.510799407958984,True
481,16.033333333333335,0.9187701940536499,11.858782730996609,30,0,30,double,138.46151814658558,JUMPING,False,,0.43333333333333357,,,28.872122085108604,12.614700833129884,4.204900277709961,241.026123046875,219.1807861328125,149.7808074951172,130.05105590820312,14.285476684570312,True
482,16.066666666666666,0.8934358358383179,13.200927060097456,30,0,30,double,138.46151814658558,JUMPING,False,,0.43333333333333357,,,28.872122085108604,12.614700833129884,4.204900277709961,241.026123046875,225.6497802734375,149.7808074951172,137.5538330078125,12.048230171203613,True
483,16.1,0.8816097378730774,11.391457635909319,31,0,31,double,138.46151814658558,JUMPING,True,0.43333333333333535,0.43333333333333396,31.933135986328125,27.76776123046875,29.637375560413485,12.588198362731934,4.196066120910644,241.026123046875,234.9403076171875,149.7808074951172,145.06044006347656,9.556524276733398,False
484,16.133333333333333,0.9071654081344604,12.72776909172535,31,0,31,double,138.46151814658558,JUMPING,False,,0.43333333333333396,,,29.637375560413485,15.206106280517577,5.068702093505859,241.026123046875,237.45797729492188,149.7808074951172,148.0533447265625,10.827828407287598,False
485,16.166666666666668,0.9037320017814636,11.075455229729414,31,0,31,double,138.46151814658558,JUMPING,False,,0.43333333333333396,,,29.637375560413485,15.132808795166016,5.044269598388672,241.026123046875,233.67098999023438,149.7808074951172,145.27908325195312,12.08371639251709,False
486,16.2,0.9109734892845154,11.90317003056407,31,0,31,double,138.46151814658558,JUMPING,False,,0.43333333333333396,,,29.637375560413485,15.132808795166016,5.044269598388672,241.026123046875,226.10342407226562,149.7808074951172,139.1287841796875,13.592462539672852,False
487,16.233333333333334,0.9218286275863647,11.111554689705372,31,0,31,double,138.46151814658558,JUMPING,False,,0.43333333333333396,,,29.637375560413485,15.518706481933593,5.172902160644531,241.026123046875,219.73583984375,149.7808074951172,134.84890747070312,14.441157341003418,True
488,16.266666666666666,0.9212948679924011,11.980084702372551,31,0,31,double,138.46151814658558,JUMPING,False,,0.43333333333333396,,,29.637375560413485,14.746843240356444,4.915614413452148,239.48922729492188,212.71487426757812,149.07717895507812,129.34564208984375,14.451822280883789,True
489,16.3,0.9060322046279907,11.101940646767616,31,0,31,double,138.46151814658558,JUMPING,False,,0.43333333333333396,,,29.637375560413485,14.119742532348631,4.7065808441162105,237.8403778076172,208.67755126953125,147.93887329101562,124.65524291992188,15.13487434387207,True
490,16.333333333333332,0.8970215916633606,12.262846808880568,31,0,31,double,138.46151814658558,JUMPING,False,,0.43333333333333396,,,29.637375560413485,10.373081446144718,3.2328036895751953,237.59230041503906,208.61439514160156,147.62716674804688,122.32312774658203,15.769384384155273,True
491,16.366666666666667,0.8713679313659668,10.979094076901674,31,0,31,double,138.46151814658558,JUMPING,False,,0.43333333333333396,,,29.637375560413485,12.260226049804686,4.086742016601562,236.45091247558594,212.90029907226562,146.96636962890625,123.20796966552734,14.202810287475586,True
492,16.4,0.9093426465988159,12.307663913816214,31,0,31,double,138.46151814658558,JUMPING,False,,0.43333333333333396,,,29.637375560413485,12.193783236694335,4.064594412231445,236.45091247558594,216.8173065185547,146.5619354248047,127.09747314453125,16.836511611938477,True
493,16.433333333333334,0.9108706712722778,11.144055053591728,31,0,31,double,138.46151814658558,JUMPING,False,,0.43333333333333396,,,29.637375560413485,12.193783236694335,4.064594412231445,236.45091247558594,219.56396484375,146.5619354248047,129.98663330078125,18.091480255126953,True
494,16.466666666666665,0.9089413285255432,12.190096080303192,32,0,32,double,145.94591232527677,JUMPING,True,0.3666666666666636,0.4186666666666665,27.836517333984375,24.238807678222656,29.187161003806207,12.193783236694335,4.064594412231445,236.45091247558594,225.30088806152344,146.5619354248047,135.9255828857422,17.749675750732422,False
495,16.5,0.8900250196456909,10.954760015010834,32,0,32,double,145.94591232527677,JUMPING,False,,0.4186666666666665,,,29.187161003806207,12.260226049804686,4.086742016601562,236.45091247558594,232.3922119140625,146.5619354248047,143.30271911621094,14.81014633178711,False
496,16.533333333333335,0.8478589057922363,12.036093045026064,32,0,32,double,145.94591232527677,JUMPING,False,,0.4186666666666665,,,29.187161003806207,10.215506351332172,3.2328036895751953,237.59230041503906,239.66616821289062,147.62716674804688,147.96446228027344,16.201740264892578,False
497,16.566666666666666,0.9139463305473328,11.147457174956799,32,0,32,double,145.94591232527677,JUMPING,False,,0.4186666666666665,,,29.187161003806207,10.215506351332172,3.281600811767578,237.59230041503906,236.5797119140625,147.62716674804688,146.77481079101562,17.42351531982422,False
498,16.6,0.9122318029403687,12.165745254606009,32,0,32,double,145.94591232527677,JUMPING,False,,0.4186666666666665,,,29.187161003806207,10.215506351332172,3.281600811767578,237.59230041503906,228.55194091796875,147.62716674804688,140.7417449951172,18.54522132873535,False
499,16.633333333333333,0.9129238724708557,10.927268769592047,32,0,32,double,145.94591232527677,JUMPING,False,,0.4186666666666665,,,29.187161003806207,10.215506351332172,3.281600811767578,237.59230041503906,222.8561248779297,147.62716674804688,136.6317901611328,19.270593643188477,True
500,16.666666666666668,0.9149152040481567,11.996297165751457,32,0,32,double,145.94591232527677,JUMPING,False,,0.4186666666666665,,,29.187161003806207,10.215506351332172,3.281600811767578,237.59230041503906,216.52670288085938,147.62716674804688,131.16000366210938,18.366497039794922,True
501,16.7,0.908268392086029,11.070845182985067,32,0,32,double,145.94591232527677,JUMPING,False,,0.4186666666666665,,,29.187161003806207,10.215506351332172,3.281600811767578,237.59230041503906,211.6087646484375,147.62716674804688,125.78388214111328,19.71185874938965,True
502,16.733333333333334,0.9014126062393188,11.918826028704643,32,0,32,double,145.94591232527677,JUMPING,False,,0.4186666666666665,,,29.187161003806207,11.786371380615233,3.928790460205078,237.59230041503906,208.32064819335938,147.62716674804688,122.35444641113281,18.592782974243164,True
503,16.766666666666666,0.9095495939254761,11.150804813951254,32,0,32,double,145.94591232527677,JUMPING,False,,0.4186666666666665,,,29.187161003806207,10.215506351332172,3.281600811767578,237.10667419433594,208.635986328125,147.1602325439453,121.76673889160156,18.596742630004883,True
504,16.8,0.9005436897277832,11.828356888145208,32,0,32,double,145.94591232527677,JUMPING,False,,0.4186666666666665,,,29.187161003806207,11.333420068359374,3.777806689453125,235.9239501953125,211.43609619140625,146.176513671875,124.53559875488281,16.278419494628906,True
505,16.833333333333332,0.9016880989074707,11.103106196969748,32,0,32,double,145.94591232527677,JUMPING,False,,0.4186666666666665,,,29.187161003806207,10.215506351332172,3.1691208435058593,235.9239501953125,214.47238159179688,146.176513671875,126.72941589355469,16.075532913208008,True
506,16.866666666666667,0.8878941535949707,12.194039300084114,32,0,32,double,145.94591232527677,JUMPING,False,,0.4186666666666665,,,29.187161003806207,10.215506351332172,3.1691208435058593,235.9239501953125,220.47186279296875,146.176513671875,132.09002685546875,15.70277214050293,True
507,16.9,0.9035206437110901,11.01616583764553,33,0,33,double,144.00005493166157,JUMPING,True,0.43333333333333357,0.4218933333333333,27.603302001953125,24.409774780273438,28.791196253342935,10.215506351332172,3.1691208435058593,235.9239501953125,228.51344299316406,146.176513671875,139.85922241210938,15.630147933959961,False
508,16.933333333333334,0.8952551484107971,11.893488001078367,33,0,33,double,144.00005493166157,JUMPING,False,,0.4218933333333333,,,28.791196253342935,10.076918688670027,2.228175686645508,237.10667419433594,237.6621856689453,146.6640167236328,146.49781799316406,17.698226928710938,False
509,16.966666666666665,0.9111503958702087,11.02935103699565,33,0,33,double,144.00005493166157,JUMPING,False,,0.4218933333333333,,,28.791196253342935,10.076918688670027,1.8168274841308594,237.58050537109375,238.68341064453125,147.1602325439453,147.73788452148438,17.60799217224121,False
510,17.0,0.862492561340332,12.037130072712898,33,0,33,double,144.00005493166157,JUMPING,False,,0.4218933333333333,,,28.791196253342935,10.076918688670027,2.0804382705688473,237.58050537109375,235.87693786621094,147.1602325439453,144.12020874023438,16.089962005615234,False
511,17.033333333333335,0.9009580016136169,11.079283896833658,33,0,33,double,144.00005493166157,JUMPING,False,,0.4218933333333333,,,28.791196253342935,10.076918688670027,2.0804382705688473,237.58050537109375,230.32720947265625,147.1602325439453,137.5921630859375,15.740108489990234,False
512,17.066666666666666,0.9142197370529175,12.125440873205662,33,0,33,double,144.00005493166157,JUMPING,False,,0.4218933333333333,,,28.791196253342935,10.076918688670027,2.0804382705688473,237.58050537109375,224.1441650390625,147.1602325439453,133.48452758789062,15.593097686767578,True
513,17.1,0.9083166122436523,10.922385845333338,33,0,33,double,144.00005493166157,JUMPING,False,,0.4218933333333333,,,28.791196253342935,10.076918688670027,2.0804382705688473,237.58050537109375,219.15191650390625,147.1602325439453,128.8687286376953,13.591506004333496,True
514,17.133333333333333,0.9320051074028015,12.37358245998621,33,0,33,double,144.00005493166157,JUMPING,False,,0.4218933333333333,,,28.791196253342935,10.076918688670027,2.0804382705688473,237.58050537109375,211.7509307861328,147.1602325439453,125.49983215332031,13.780036926269531,True
515,17.166666666666668,0.9264892339706421,10.921052657067776,33,0,33,double,144.00005493166157,JUMPING,False,,0.4218933333333333,,,28.791196253342935,10.076918688670027,2.0804382705688473,237.58050537109375,209.06085205078125,147.1602325439453,124.32734680175781,14.71269702911377,True
516,17.2,0.9119823575019836,11.890639085322618,33,0,33,double,144.00005493166157,JUMPING,False,,0.4218933333333333,,,28.791196253342935,10.076918688670027,2.430580810546875,237.10667419433594,210.586669921875,146.6640167236328,125.58110046386719,15.446037292480469,True
517,17.233333333333334,0.9122026562690735,11.001206934452057,33,0,33,double,144.00005493166157,JUMPING,False,,0.4218933333333333,,,28.791196253342935,10.076918688670027,3.2705383209228516,236.29859924316406,212.0416259765625,146.01031494140625,126.80268096923828,16.095338821411133,True
518,17.266666666666666,0.9050964713096619,12.977897189557552,33,0,33,double,144.00005493166157,JUMPING,False,,0.4218933333333333,,,28.791196253342935,10.076918688670027,2.8828647537231444,236.29859924316406,216.5972442626953,146.01031494140625,131.1935272216797,16.842926025390625,True
519,17.3,0.8724356293678284,11.063013225793839,33,0,33,double,144.00005493166157,JUMPING,False,,0.4218933333333333,,,28.791196253342935,10.076918688670027,2.8828647537231444,236.29859924316406,223.15838623046875,146.01031494140625,138.5202178955078,16.476808547973633,True
520,17.333333333333332,0.8884533047676086,12.003402225673199,34,0,34,double,142.85711690682604,JUMPING,True,0.43333333333333357,0.4244101333333334,27.237747192382812,21.757888793945312,28.402833988102905,10.076918688670027,3.2705383209228516,236.29859924316406,233.47772216796875,146.08523559570312,145.46636962890625,13.74238109588623,False
521,17.366666666666667,0.9040005207061768,11.019526049494743,34,0,34,double,142.85711690682604,JUMPING,False,,0.4244101333333334,,,28.402833988102905,9.940991895836016,2.252200973510742,236.40505981445312,236.14309692382812,146.6640167236328,147.49813842773438,14.783885955810547,False
522,17.4,0.9047942161560059,12.451241258531809,34,0,34,double,142.85711690682604,JUMPING,False,,0.4244101333333334,,,28.402833988102905,9.940991895836016,2.5589984573364255,236.40505981445312,234.21014404296875,146.6640167236328,144.30337524414062,17.21784782409668,False
523,17.433333333333334,0.9083712697029114,11.209850199520588,34,0,34,double,142.85711690682604,JUMPING,False,,0.4244101333333334,,,28.402833988102905,9.940991895836016,2.646808392333984,236.40505981445312,231.8380889892578,146.6640167236328,141.78028869628906,17.33347511291504,False
524,17.466666666666665,0.9219440221786499,11.956967879086733,34,0,34,double,142.85711690682604,JUMPING,False,,0.4244101333333334,,,28.402833988102905,9.940991895836016,2.646808392333984,236.40505981445312,225.18316650390625,146.6640167236328,136.36770629882812,18.295778274536133,True
525,17.5,0.9243875741958618,10.939761064946651,34,0,34,double,142.85711690682604,JUMPING,False,,0.4244101333333334,,,28.402833988102905,9.940991895836016,2.646808392333984,236.40505981445312,219.47698974609375,146.6640167236328,130.67416381835938,17.56217384338379,True
526,17.533333333333335,0.9073185920715332,12.094534002244473,34,0,34,double,142.85711690682604,JUMPING,False,,0.4244101333333334,,,28.402833988102905,9.940991895836016,2.646808392333984,236.40505981445312,215.61383056640625,146.6640167236328,126.14427947998047,17.284954071044922,True
527,17.566666666666666,0.8922057151794434,11.140703223645687,34,0,34,double,142.85711690682604,JUMPING,False,,0.4244101333333334,,,28.402833988102905,9.940991895836016,2.646808392333984,236.40505981445312,215.64785766601562,146.6640167236328,124.3359375,22.616662979125977,True
528,17.6,0.8996416926383972,12.219605036079884,34,0,34,double,142.85711690682604,JUMPING,False,,0.4244101333333334,,,28.402833988102905,9.940991895836016,3.0681558197021483,236.40505981445312,214.75242614746094,146.6640167236328,124.15370178222656,16.881126403808594,True
529,17.633333333333333,0.9021413922309875,10.96878806129098,34,0,34,double,142.85711690682604,JUMPING,False,,0.4244101333333334,,,28.402833988102905,9.940991895836016,3.1019427932739254,236.03663635253906,216.26541137695312,146.08523559570312,126.0709228515625,15.178482055664062,True
530,17.666666666666668,0.9025347828865051,11.987642385065556,34,0,34,double,142.85711690682604,JUMPING,False,,0.4244101333333334,,,28.402833988102905,10.6712315826416,3.557077194213867,236.03663635253906,219.59024047851562,146.08523559570312,130.7242431640625,15.582277297973633,True
531,17.7,0.5783572196960449,10.93483716249466,34,0,34,double,142.85711690682604,JUMPING,False,,0.4244101333333334,,,28.402833988102905,10.6712315826416,3.557077194213867,236.03663635253906,225.15966796875,146.08523559570312,137.89649963378906,14.372604370117188,True
532,17.733333333333334,0.8964228630065918,11.850896291434765,35,0,35,double,145.161292694982,JUMPING,True,0.40000000000000213,0.4190399040000005,21.284210205078125,21.99822998046875,26.62317804234671,9.940991895836016,3.1019427932739254,236.03663635253906,233.78176879882812,146.1519317626953,145.63308715820312,10.444636344909668,False
533,17.766666666666666,0.9104307889938354,11.263761203736067,35,0,35,double,145.161292694982,JUMPING,False,,0.4190399040000005,,,26.62317804234671,10.586939474487306,3.5289798248291016,236.40505981445312,238.58460998535156,146.6640167236328,149.4022216796875,9.121825218200684,False
534,17.8,0.9045716524124146,11.835867073386908,35,0,35,double,145.161292694982,JUMPING,False,,0.4190399040000005,,,26.62317804234671,10.502715234375,3.5009050781249997,236.68014526367188,236.74710083007812,147.20880126953125,147.52159118652344,11.103109359741211,False
535,17.833333333333332,0.8978787064552307,11.015623807907104,35,0,35,double,145.161292694982,JUMPING,False,,0.4190399040000005,,,26.62317804234671,9.318112314821347,2.986035488891601,236.68014526367188,234.63247680664062,147.20880126953125,145.593017578125,12.260457992553711,False
536,17.866666666666667,0.9120667576789856,12.031636666506529,35,0,35,double,145.161292694982,JUMPING,False,,0.4190399040000005,,,26.62317804234671,9.318112314821347,2.986035488891601,236.68014526367188,229.26312255859375,147.20880126953125,139.97763061523438,12.981714248657227,False
537,17.9,0.9209264516830444,10.959242936223745,35,0,35,double,145.161292694982,JUMPING,False,,0.4190399040000005,,,26.62317804234671,9.318112314821347,2.986035488891601,236.68014526367188,219.54771423339844,147.20880126953125,133.06497192382812,12.813253402709961,True
538,17.933333333333334,0.9177868366241455,12.223283760249615,35,0,35,double,145.161292694982,JUMPING,False,,0.4190399040000005,,,26.62317804234671,9.318112314821347,2.986035488891601,236.68014526367188,212.5338897705078,147.20880126953125,126.90507507324219,13.899930953979492,True
539,17.966666666666665,0.9111640453338623,10.990822687745094,35,0,35,double,145.161292694982,JUMPING,False,,0.4190399040000005,,,26.62317804234671,9.318112314821347,2.986035488891601,236.68014526367188,208.0499267578125,147.20880126953125,123.70758819580078,14.95865535736084,True
540,18.0,0.8785895109176636,12.023441027849913,35,0,35,double,145.161292694982,JUMPING,False,,0.4190399040000005,,,26.62317804234671,9.318112314821347,2.865795941162109,236.68014526367188,211.2854766845703,147.20880126953125,123.00071716308594,15.666769027709961,True
541,18.033333333333335,0.885947048664093,10.882351081818342,35,0,35,double,145.161292694982,JUMPING,False,,0.4190399040000005,,,26.62317804234671,9.318112314821347,2.5589984573364255,236.40505981445312,211.09671020507812,146.6640167236328,123.11958312988281,15.742382049560547,True
542,18.066666666666666,0.907852053642273,12.024354189634323,35,0,35,double,145.161292694982,JUMPING,False,,0.4190399040000005,,,26.62317804234671,9.318112314821347,2.4235904022216794,236.03663635253906,213.3487548828125,146.1519317626953,126.13874053955078,15.54697036743164,True
543,18.1,0.9044859409332275,11.016435455530882,35,0,35,double,145.161292694982,JUMPING,False,,0.4190399040000005,,,26.62317804234671,9.318112314821347,2.4235904022216794,236.03663635253906,218.93878173828125,146.1519317626953,132.30813598632812,16.29547691345215,True
544,18.133333333333333,0.8760948181152344,12.552761938422918,36,0,36,double,147.54101618808767,JUMPING,True,0.3999999999999986,0.4148511251200001,27.986709594726562,23.151214599609375,26.964060930441672,9.318112314821347,2.4235904022216794,236.03663635253906,228.47915649414062,146.1519317626953,140.46701049804688,17.75470542907715,False
545,18.166666666666668,0.8588195443153381,11.057802010327578,36,0,36,double,147.54101618808767,JUMPING,False,,0.4148511251200001,,,26.964060930441672,9.437421325654585,2.986035488891601,236.5054931640625,241.72933959960938,147.09800720214844,148.02493286132812,17.37601661682129,False
546,18.2,0.9121211171150208,11.962270829826593,36,0,36,double,147.54101618808767,JUMPING,False,,0.4148511251200001,,,26.964060930441672,10.502715234375,3.5009050781249997,237.29615783691406,242.41900634765625,147.51220703125,149.8763427734375,13.39423942565918,False
547,18.233333333333334,0.9127197861671448,11.28185074776411,36,0,36,double,147.54101618808767,JUMPING,False,,0.4148511251200001,,,26.964060930441672,9.437421325654585,3.1351415771484374,238.21563720703125,241.53382873535156,147.6513671875,150.27879333496094,12.20982551574707,False
548,18.266666666666666,0.9188776016235352,12.036627624183893,36,0,36,double,147.54101618808767,JUMPING,False,,0.4148511251200001,,,26.964060930441672,9.728374809265137,3.2427916030883788,238.21563720703125,235.4300537109375,147.6513671875,146.02984619140625,15.099629402160645,False
549,18.3,0.9288410544395447,10.906337760388851,36,0,36,double,147.54101618808767,JUMPING,False,,0.4148511251200001,,,26.964060930441672,9.728374809265137,3.2427916030883788,238.21563720703125,226.58151245117188,147.6513671875,138.9666748046875,17.32264518737793,True
550,18.333333333333332,0.9285055994987488,12.10600696504116,36,0,36,double,147.54101618808767,JUMPING,False,,0.4148511251200001,,,26.964060930441672,9.728374809265137,3.2427916030883788,238.21563720703125,218.81546020507812,147.6513671875,131.64700317382812,16.418153762817383,True
551,18.366666666666667,0.9144218564033508,10.988354217261076,36,0,36,double,147.54101618808767,JUMPING,False,,0.4148511251200001,,,26.964060930441672,9.728374809265137,3.2427916030883788,238.21563720703125,213.2561492919922,147.6513671875,126.56745910644531,14.963323593139648,True
552,18.4,0.8985082507133484,12.375100050121546,36,0,36,double,147.54101618808767,JUMPING,False,,0.4148511251200001,,,26.964060930441672,9.728374809265137,3.2427916030883788,238.21563720703125,210.05517578125,147.6513671875,123.41218566894531,14.623827934265137,True
553,18.433333333333334,0.8974685072898865,11.01335696876049,36,0,36,double,147.54101618808767,JUMPING,False,,0.4148511251200001,,,26.964060930441672,10.586939474487306,3.5289798248291016,237.849609375,208.91665649414062,147.6513671875,122.20358276367188,15.053059577941895,True
554,18.466666666666665,0.906737208366394,11.948352679610252,36,0,36,double,147.54101618808767,JUMPING,False,,0.4148511251200001,,,26.964060930441672,9.437421325654585,3.0004235137939452,236.5054931640625,209.71871948242188,147.51220703125,123.49414825439453,15.421228408813477,True
555,18.5,0.9133826494216919,11.83238485828042,36,0,36,double,147.54101618808767,JUMPING,False,,0.4148511251200001,,,26.964060930441672,9.437421325654585,2.8945267456054684,236.5054931640625,215.69027709960938,147.51220703125,127.83352661132812,16.066574096679688,True
556,18.533333333333335,0.9017829298973083,12.660573702305555,36,0,36,double,147.54101618808767,JUMPING,False,,0.4148511251200001,,,26.964060930441672,9.593147735595702,3.197715911865234,236.5054931640625,222.7255859375,147.51220703125,135.16505432128906,16.123720169067383,True
557,18.566666666666666,0.8948372006416321,11.43640000373125,37,0,37,double,142.85711690682604,JUMPING,True,0.43333333333333357,0.41891721092693346,27.588836669921875,25.308624267578125,27.120254865311722,9.437421325654585,2.4437472106933593,236.5054931640625,233.81967163085938,147.51220703125,143.58905029296875,13.594106674194336,False
558,18.6,0.8973559141159058,12.082159984856844,37,0,37,double,142.85711690682604,JUMPING,False,,0.41891721092693346,,,27.120254865311722,9.593147735595702,3.197715911865234,237.849609375,241.28091430664062,147.82359313964844,148.5784912109375,11.683252334594727,False
559,18.633333333333333,0.8934299349784851,11.400497984141111,37,0,37,double,142.85711690682604,JUMPING,False,,0.41891721092693346,,,27.120254865311722,13.9871283782959,4.662376126098633,240.202392578125,243.354248046875,148.35707092285156,150.93841552734375,11.091622352600098,False
560,18.666666666666668,0.9099900126457214,12.000969145447016,37,0,37,double,142.85711690682604,JUMPING,False,,0.41891721092693346,,,27.120254865311722,13.57418527679443,4.524728425598144,240.202392578125,238.3281707763672,148.53158569335938,148.46121215820312,12.512672424316406,False
561,18.7,0.9201948642730713,11.115517001599073,37,0,37,double,142.85711690682604,JUMPING,False,,0.41891721092693346,,,27.120254865311722,13.57418527679443,4.524728425598144,240.202392578125,230.74908447265625,148.53158569335938,142.29129028320312,16.7111873626709,False
562,18.733333333333334,0.92444908618927,12.082110159099102,37,0,37,double,142.85711690682604,JUMPING,False,,0.41891721092693346,,,27.120254865311722,13.57418527679443,4.524728425598144,240.202392578125,221.71417236328125,148.53158569335938,135.12109375,17.649259567260742,True
563,18.766666666666666,0.90152508020401,10.981881991028786,37,0,37,double,142.85711690682604,JUMPING,False,,0.41891721092693346,,,27.120254865311722,13.57418527679443,4.524728425598144,240.202392578125,215.50938415527344,148.53158569335938,128.40074157714844,21.5850830078125,True
564,18.8,0.9015098214149475,11.718675959855318,37,0,37,double,142.85711690682604,JUMPING,False,,0.41891721092693346,,,27.120254865311722,13.57418527679443,4.524728425598144,240.202392578125,213.2432403564453,148.53158569335938,124.36714172363281,21.575376510620117,True
565,18.833333333333332,0.9039930701255798,11.068119201809168,37,0,37,double,142.85711690682604,JUMPING,False,,0.41891721092693346,,,27.120254865311722,13.57418527679443,4.524728425598144,240.202392578125,212.86578369140625,148.53158569335938,122.42266845703125,22.654808044433594,True
566,18.866666666666667,0.9113672971725464,11.957366019487381,37,0,37,double,142.85711690682604,JUMPING,False,,0.41891721092693346,,,27.120254865311722,13.9871283782959,4.662376126098633,240.202392578125,212.76461791992188,148.53158569335938,123.38488006591797,15.252259254455566,True
567,18.9,0.9077591896057129,11.096428148448467,37,0,37,double,142.85711690682604,JUMPING,False,,0.41891721092693346,,,27.120254865311722,9.5245331451416,3.174844381713867,240.202392578125,214.9303741455078,148.53158569335938,126.74482727050781,13.808356285095215,True
568,18.933333333333334,0.9047770500183105,11.813329998403788,37,0,37,double,142.85711690682604,JUMPING,False,,0.41891721092693346,,,27.120254865311722,9.5245331451416,3.174844381713867,240.202392578125,220.3275604248047,148.53158569335938,133.06219482421875,12.444270133972168,True
569,18.966666666666665,0.8845520615577698,11.015200056135654,37,0,37,double,142.85711690682604,JUMPING,False,,0.41891721092693346,,,27.120254865311722,9.5245331451416,3.174844381713867,240.202392578125,229.48489379882812,148.53158569335938,141.39309692382812,9.337336540222168,True
570,19.0,0.8707508444786072,12.122193817049265,38,0,38,double,142.85711690682604,JUMPING,True,0.43333333333333357,0.4220887578563415,28.367706298828125,26.108917236328125,27.432117723690823,9.492089202859102,2.6560158233642577,241.13232421875,240.909423828125,148.53158569335938,148.3311767578125,13.928507804870605,False
571,19.033333333333335,0.8837689757347107,11.091811116784811,38,0,38,double,142.85711690682604,JUMPING,False,,0.4220887578563415,,,27.432117723690823,10.607198085021972,3.535732695007324,241.4326629638672,246.88180541992188,149.07272338867188,151.8568115234375,12.254215240478516,False
572,19.066666666666666,0.9042134881019592,11.825915891677141,38,0,38,double,142.85711690682604,JUMPING,False,,0.4220887578563415,,,27.432117723690823,10.607198085021972,3.535732695007324,241.65113830566406,245.16905212402344,149.6866912841797,151.0872039794922,9.099339485168457,False
573,19.1,0.9142979383468628,10.901829227805138,38,0,38,double,142.85711690682604,JUMPING,False,,0.4220887578563415,,,27.432117723690823,11.992622360229491,3.997540786743164,241.65113830566406,234.71490478515625,149.6866912841797,145.3045654296875,9.052144050598145,False
574,19.133333333333333,0.9189467430114746,11.9564407505095,38,0,38,double,142.85711690682604,JUMPING,False,,0.4220887578563415,,,27.432117723690823,11.992622360229491,3.997540786743164,241.65113830566406,225.47430419921875,149.6866912841797,137.7463836669922,12.274881362915039,True
575,19.166666666666668,0.8458930850028992,11.202610097825527,38,0,38,double,142.85711690682604,JUMPING,False,,0.4220887578563415,,,27.432117723690823,11.992622360229491,3.997540786743164,241.65113830566406,217.92636108398438,149.6866912841797,130.18704223632812,12.352967262268066,True
576,19.2,0.9062387943267822,11.95374270901084,38,0,38,double,142.85711690682604,JUMPING,False,,0.4220887578563415,,,27.432117723690823,11.992622360229491,3.997540786743164,241.65113830566406,212.65985107421875,149.6866912841797,126.01166534423828,11.258204460144043,True
577,19.233333333333334,0.9192624688148499,11.013641953468323,38,0,38,double,142.85711690682604,JUMPING,False,,0.4220887578563415,,,27.432117723690823,11.992622360229491,3.997540786743164,241.65113830566406,208.651611328125,149.6866912841797,122.40718078613281,11.293663024902344,True
578,19.266666666666666,0.9012918472290039,12.219664175063372,38,0,38,double,142.85711690682604,JUMPING,False,,0.4220887578563415,,,27.432117723690823,13.133212673950194,4.377737557983398,241.65113830566406,207.57383728027344,149.35719299316406,121.15097045898438,10.885272026062012,True
579,19.3,0.9207513928413391,11.200314853340387,38,0,38,double,142.85711690682604,JUMPING,False,,0.4220887578563415,,,27.432117723690823,11.177493241882324,3.725831080627441,241.65113830566406,208.9300994873047,149.35719299316406,122.6600570678711,11.815431594848633,True
580,19.333333333333332,0.9128293991088867,12.043857015669346,38,0,38,double,142.85711690682604,JUMPING,False,,0.4220887578563415,,,27.432117723690823,9.601241203291787,2.6989536712646482,241.65113830566406,213.4239501953125,149.35719299316406,126.94938659667969,13.27224349975586,True
581,19.366666666666667,0.9077193140983582,11.071650311350822,38,0,38,double,142.85711690682604,JUMPING,False,,0.4220887578563415,,,27.432117723690823,9.601241203291787,2.6989536712646482,241.65113830566406,221.018310546875,149.35719299316406,134.69140625,12.626948356628418,True
582,19.4,0.8919292092323303,12.194945942610502,39,0,39,double,145.16136596035605,JUMPING,True,0.3999999999999986,0.4172292311279461,34.077301025390625,28.206222534179688,29.093413549115773,9.601241203291787,2.6989536712646482,241.65113830566406,232.05548095703125,149.35719299316406,143.14852905273438,7.493893623352051,False
583,19.433333333333334,0.884727418422699,10.89304406195879,39,0,39,double,145.16136596035605,JUMPING,False,,0.4172292311279461,,,29.093413549115773,10.18269474219052,3.120911911010742,241.65113830566406,239.14419555664062,149.35719299316406,148.2251434326172,5.6660661697387695,False
584,19.466666666666665,0.8860186338424683,12.06473307684064,39,0,39,double,145.16136596035605,JUMPING,False,,0.4172292311279461,,,29.093413549115773,10.18269474219052,3.120911911010742,242.1431427001953,244.44058227539062,150.11781311035156,151.31564331054688,6.10092830657959,False
585,19.5,0.9083297252655029,11.102159041911364,39,0,39,double,145.16136596035605,JUMPING,False,,0.4172292311279461,,,29.093413549115773,10.628610452270507,3.5428701507568356,242.1431427001953,239.140380859375,150.11781311035156,149.06988525390625,9.640122413635254,False
586,19.533333333333335,0.9163836240768433,12.00129697099328,39,0,39,double,145.16136596035605,JUMPING,False,,0.4172292311279461,,,29.093413549115773,10.628610452270507,3.5428701507568356,242.1431427001953,229.5843963623047,150.11781311035156,142.9156494140625,12.277475357055664,True
587,19.566666666666666,0.9237326383590698,10.99314820021391,39,0,39,double,145.16136596035605,JUMPING,False,,0.4172292311279461,,,29.093413549115773,10.628610452270507,3.5428701507568356,242.1431427001953,220.04083251953125,150.11781311035156,135.29591369628906,15.402200698852539,True
588,19.6,0.9234032034873962,11.881071142852306,39,0,39,double,145.16136596035605,JUMPING,False,,0.4172292311279461,,,29.093413549115773,10.628610452270507,3.5428701507568356,242.1431427001953,212.40219116210938,150.11781311035156,128.63824462890625,13.430495262145996,True
589,19.633333333333333,0.9222463965415955,11.139391921460629,39,0,39,double,145.16136596035605,JUMPING,False,,0.4172292311279461,,,29.093413549115773,10.628610452270507,3.5428701507568356,242.1431427001953,207.3045196533203,150.11781311035156,124.66755676269531,12.724563598632812,True
590,19.666666666666668,0.9257428646087646,11.888452805578709,39,0,39,double,145.16136596035605,JUMPING,False,,0.4172292311279461,,,29.093413549115773,10.18269474219052,3.1735548889160157,242.06494140625,204.9552001953125,150.11781311035156,122.15864562988281,13.490411758422852,True
591,19.7,0.9092254042625427,11.1133037135005,39,0,39,double,145.16136596035605,JUMPING,False,,0.4172292311279461,,,29.093413549115773,11.177493241882324,3.725831080627441,241.4326629638672,204.77796936035156,149.79522705078125,121.72874450683594,12.048630714416504,True
592,19.733333333333334,0.9110098481178284,11.727758217602968,39,0,39,double,145.16136596035605,JUMPING,False,,0.4172292311279461,,,29.093413549115773,17.21567900390625,5.73855966796875,241.13232421875,208.14474487304688,148.87332153320312,124.04417419433594,13.299796104431152,True
593,19.766666666666666,0.9001224040985107,11.109035927802324,39,0,39,double,145.16136596035605,JUMPING,False,,0.4172292311279461,,,29.093413549115773,11.480897323608398,3.8269657745361325,241.13232421875,214.6946258544922,148.87332153320312,129.30386352539062,13.26016902923584,True
594,19.8,0.8621950149536133,12.101707048714161,39,0,39,double,145.16136596035605,JUMPING,False,,0.4172292311279461,,,29.093413549115773,11.480897323608398,3.8269657745361325,241.13232421875,223.9400177001953,148.87332153320312,138.00711059570312,14.227490425109863,True
595,19.833333333333332,0.8673344254493713,11.04289898648858,40,0,40,double,142.85711690682604,JUMPING,True,0.43333333333333357,0.4207721336131313,36.35435485839844,27.144577026367188,30.908648876436438,11.480897323608398,3.8269657745361325,241.13232421875,230.126220703125,148.87332153320312,143.66091918945312,14.724794387817383,False
596,19.866666666666667,0.8967118263244629,12.03551609069109,40,0,40,double,142.85711690682604,JUMPING,False,,0.4207721336131313,,,30.908648876436438,11.177493241882324,3.725831080627441,241.3722686767578,241.43316650390625,149.2009735107422,149.28836059570312,15.501977920532227,False
597,19.9,0.9274744391441345,10.892468970268965,40,0,40,double,142.85711690682604,JUMPING,False,,0.4207721336131313,,,30.908648876436438,10.818027106752753,3.3936283264160156,242.51649475097656,243.23870849609375,150.2783966064453,151.22134399414062,14.403496742248535,False
598,19.933333333333334,0.9033417105674744,12.360503897070885,40,0,40,double,142.85711690682604,JUMPING,False,,0.4207721336131313,,,30.908648876436438,10.818027106752753,3.120911911010742,242.51649475097656,239.54660034179688,150.2783966064453,147.57177734375,15.73871898651123,False
599,19.966666666666665,0.9248349070549011,11.195668019354343,40,0,40,double,142.85711690682604,JUMPING,False,,0.4207721336131313,,,30.908648876436438,10.818027106752753,3.120911911010742,242.51649475097656,230.9106903076172,150.2783966064453,140.28123474121094,18.919517517089844,True
600,20.0,0.9214310646057129,12.093659024685621,40,0,40,double,142.85711690682604,JUMPING,False,,0.4207721336131313,,,30.908648876436438,10.818027106752753,3.120911911010742,242.51649475097656,222.44110107421875,150.2783966064453,132.55474853515625,18.984411239624023,True
601,20.033333333333335,0.9205670356750488,11.051522102206945,40,0,40,double,142.85711690682604,JUMPING,False,,0.4207721336131313,,,30.908648876436438,10.818027106752753,3.120911911010742,242.51649475097656,217.31976318359375,150.2783966064453,127.8130874633789,18.633581161499023,True
602,20.066666666666666,0.9192147850990295,12.04558415338397,40,0,40,double,142.85711690682604,JUMPING,False,,0.4207721336131313,,,30.908648876436438,10.818027106752753,3.120911911010742,242.51649475097656,211.72427368164062,150.2783966064453,123.85620880126953,19.45252799987793,True
603,20.1,0.9220004081726074,11.0482731834054,40,0,40,double,142.85711690682604,JUMPING,False,,0.4207721336131313,,,30.908648876436438,10.818027106752753,3.3936283264160156,242.51649475097656,208.20230102539062,150.2783966064453,121.97047424316406,20.277421951293945,True
604,20.133333333333333,0.9183905124664307,12.107475195080042,40,0,40,double,142.85711690682604,JUMPING,False,,0.4207721336131313,,,30.908648876436438,10.818027106752753,3.4533974487304686,241.22366333007812,207.74258422851562,149.2009735107422,122.65179443359375,18.59190559387207,True
605,20.166666666666668,0.913400411605835,11.102821212261915,40,0,40,double,142.85711690682604,JUMPING,False,,0.4207721336131313,,,30.908648876436438,10.818027106752753,3.038090277099609,241.22366333007812,212.4622344970703,149.2009735107422,126.27544403076172,17.439123153686523,True
606,20.2,0.8982082605361938,11.90849207341671,40,0,40,double,142.85711690682604,JUMPING,False,,0.4207721336131313,,,30.908648876436438,10.818027106752753,3.038090277099609,241.22366333007812,221.01731872558594,149.2009735107422,133.12091064453125,14.667108535766602,True
607,20.233333333333334,0.9003487825393677,11.140821035951376,40,0,40,double,142.85711690682604,JUMPING,False,,0.4207721336131313,,,30.908648876436438,10.818027106752753,3.038090277099609,241.22366333007812,226.6300811767578,149.2009735107422,137.51248168945312,13.819230079650879,True
608,20.266666666666666,0.8832916617393494,12.166105210781097,41,0,41,double,140.6250064173949,JUMPING,True,0.43333333333333357,0.4235355975515758,33.4810791015625,27.230499267578125,31.55175643271795,10.818027106752753,3.4533974487304686,241.22366333007812,235.1832733154297,149.2009735107422,144.36663818359375,12.337655067443848,False
609,20.3,0.8061127662658691,11.12963492050767,41,0,41,double,140.6250064173949,JUMPING,False,,0.4235355975515758,,,31.55175643271795,11.043114751451283,3.399283996582031,242.51649475097656,244.51034545898438,149.6127471923828,149.82901000976562,12.19521713256836,False
610,20.333333333333332,0.8864468932151794,12.207338120788336,41,0,41,double,140.6250064173949,JUMPING,False,,0.4235355975515758,,,31.55175643271795,11.043114751451283,2.8662483947753903,243.08029174804688,242.84268188476562,149.64451599121094,149.36776733398438,15.35718059539795,False
611,20.366666666666667,0.9200615882873535,11.038752738386393,41,0,41,double,140.6250064173949,JUMPING,False,,0.4235355975515758,,,31.55175643271795,11.043114751451283,3.6796242553710936,243.08029174804688,235.689453125,149.64451599121094,144.01620483398438,17.11260414123535,False
612,20.4,0.9305726289749146,11.888729874044657,41,0,41,double,140.6250064173949,JUMPING,False,,0.4235355975515758,,,31.55175643271795,11.043114751451283,3.6796242553710936,243.08029174804688,227.10653686523438,149.64451599121094,136.7964324951172,18.090591430664062,True
613,20.433333333333334,0.930884838104248,11.04066800326109,41,0,41,double,140.6250064173949,JUMPING,False,,0.4235355975515758,,,31.55175643271795,11.043114751451283,3.6796242553710936,243.08029174804688,221.16506958007812,149.64451599121094,132.29437255859375,18.252809524536133,True
614,20.466666666666665,0.9258356094360352,12.024346739053726,41,0,41,double,140.6250064173949,JUMPING,False,,0.4235355975515758,,,31.55175643271795,11.043114751451283,3.6796242553710936,243.08029174804688,214.65664672851562,149.64451599121094,127.27397155761719,18.072294235229492,True
615,20.5,0.8934451937675476,10.924478061497211,41,0,41,double,140.6250064173949,JUMPING,False,,0.4235355975515758,,,31.55175643271795,11.043114751451283,3.4490765167236326,243.08029174804688,213.310546875,149.64451599121094,123.41118621826172,22.673866271972656,True
616,20.533333333333335,0.9039751887321472,12.04294478520751,41,0,41,unknown,0.0,JUMPING,False,,,,,,,,,,,,0.0,False
617,20.566666666666666,0.8854066729545593,11.115294881165028,41,0,41,double,140.6250064173949,JUMPING,False,,0.4235355975515758,,,31.55175643271795,11.043114751451283,3.399283996582031,242.27886962890625,215.03521728515625,149.33599853515625,124.42158508300781,20.943391799926758,True
618,20.6,0.895261824131012,12.141893152147532,41,0,41,double,140.6250064173949,JUMPING,False,,0.4235355975515758,,,31.55175643271795,16.42175864868164,5.473919549560547,240.6785430908203,219.74481201171875,149.2009735107422,129.11851501464844,17.300048828125,True
619,20.633333333333333,0.9050753116607666,10.909257922321558,41,0,41,double,140.6250064173949,JUMPING,False,,0.4235355975515758,,,31.55175643271795,11.345500579833985,3.781833526611328,240.6785430908203,223.3409423828125,149.2009735107422,132.2738037109375,15.916837692260742,True
620,20.666666666666668,0.8880008459091187,11.816926766186953,41,0,41,double,140.6250064173949,JUMPING,False,,0.4235355975515758,,,31.55175643271795,11.345500579833985,3.781833526611328,240.6785430908203,228.41957092285156,149.2009735107422,138.9462127685547,14.609315872192383,True
621,20.7,0.9025996327400208,11.388539802283049,42,0,42,double,140.6250064173949,JUMPING,True,0.43333333333333357,0.42569109942356254,27.367996215820312,25.78978729248047,30.50581637849354,16.42175864868164,5.473919549560547,240.6785430908203,234.7741241455078,149.2009735107422,144.48553466796875,12.286282539367676,False
622,20.733333333333334,0.8978246450424194,11.982117779552937,42,0,42,double,140.6250064173949,JUMPING,False,,0.42569109942356254,,,30.50581637849354,16.78878901977539,5.596263006591797,240.6785430908203,235.30743408203125,149.2009735107422,145.73094177246094,14.735955238342285,False
623,20.766666666666666,0.9105613827705383,11.107758153229952,42,0,42,double,140.6250064173949,JUMPING,False,,0.42569109942356254,,,30.50581637849354,16.78878901977539,5.596263006591797,240.6785430908203,231.47158813476562,149.2009735107422,141.826904296875,17.17924690246582,False
624,20.8,0.919693112373352,12.017972767353058,42,0,42,double,140.6250064173949,JUMPING,False,,0.42569109942356254,,,30.50581637849354,16.78878901977539,5.596263006591797,240.6785430908203,225.66000366210938,149.2009735107422,135.35635375976562,16.072509765625,False
625,20.833333333333332,0.9224153757095337,11.005597189068794,42,0,42,double,140.6250064173949,JUMPING,False,,0.42569109942356254,,,30.50581637849354,16.78878901977539,5.596263006591797,240.6785430908203,221.69247436523438,149.2009735107422,131.15884399414062,16.273151397705078,True
626,20.866666666666667,0.9217542409896851,11.776036117225885,42,0,42,double,140.6250064173949,JUMPING,False,,0.42569109942356254,,,30.50581637849354,16.78878901977539,5.596263006591797,240.6785430908203,216.4306640625,149.2009735107422,126.41130065917969,13.377120971679688,True
627,20.9,0.9274329543113708,11.285013053566217,42,0,42,double,140.6250064173949,JUMPING,False,,0.42569109942356254,,,30.50581637849354,16.78878901977539,5.596263006591797,240.6785430908203,210.63333129882812,149.2009735107422,122.52796173095703,12.96424388885498,True
628,20.933333333333334,0.9195722937583923,11.940627824515104,42,0,42,double,140.6250064173949,JUMPING,False,,0.42569109942356254,,,30.50581637849354,16.78878901977539,5.596263006591797,240.6785430908203,208.5806121826172,149.2009735107422,120.78282165527344,13.82702350616455,True
629,20.966666666666665,0.9149344563484192,11.045019142329693,42,0,42,double,140.6250064173949,JUMPING,False,,0.42569109942356254,,,30.50581637849354,17.15581939086914,5.718606463623047,240.6785430908203,209.55738830566406,149.2009735107422,121.8095932006836,15.232514381408691,True
630,21.0,0.8348379731178284,12.490655295550823,42,0,42,double,140.6250064173949,JUMPING,False,,0.42569109942356254,,,30.50581637849354,16.78878901977539,5.596263006591797,239.3841094970703,215.52627563476562,148.47064208984375,126.3742904663086,15.364066123962402,True
631,21.033333333333335,0.8691996335983276,11.582998093217611,43,0,43,double,147.54101618808767,JUMPING,True,0.3333333333333357,0.40537239088371263,29.423126220703125,26.0526123046875,30.23514383904594,18.760219903564455,6.253406634521484,238.0037384033203,219.87576293945312,146.83543395996094,129.71682739257812,16.008655548095703,False
632,21.066666666666666,0.9100769758224487,11.938640382140875,43,0,43,double,147.54101618808767,JUMPING,False,,0.40537239088371263,,,30.23514383904594,18.760219903564455,6.253406634521484,238.0037384033203,227.11944580078125,146.83543395996094,135.81417846679688,16.488407135009766,False
633,21.1,0.8794201016426086,11.384771671146154,43,0,43,double,147.54101618808767,JUMPING,False,,0.40537239088371263,,,30.23514383904594,16.78878901977539,5.596263006591797,239.48715209960938,239.3979949951172,146.83543395996094,142.4422607421875,19.075660705566406,False
634,21.133333333333333,0.8850244283676147,11.857249774038792,43,0,43,double,147.54101618808767,JUMPING,False,,0.40537239088371263,,,30.23514383904594,16.42175864868164,5.473919549560547,240.6785430908203,241.6207275390625,146.83543395996094,145.3207244873047,17.622608184814453,False
635,21.166666666666668,0.9032763838768005,11.100281029939651,43,0,43,double,147.54101618808767,JUMPING,False,,0.40537239088371263,,,30.23514383904594,15.871552432250976,5.290517477416992,240.6785430908203,236.80853271484375,146.83543395996094,141.93524169921875,18.20115852355957,False
636,21.2,0.9137758612632751,12.034540064632893,43,0,43,double,147.54101618808767,JUMPING,False,,0.40537239088371263,,,30.23514383904594,15.871552432250976,5.290517477416992,240.6785430908203,227.82130432128906,146.83543395996094,135.3049774169922,16.87031364440918,False
637,21.233333333333334,0.9145260453224182,11.015165597200394,43,0,43,double,147.54101618808767,JUMPING,False,,0.40537239088371263,,,30.23514383904594,15.871552432250976,5.290517477416992,240.6785430908203,221.5392303466797,146.83543395996094,130.91485595703125,16.469131469726562,True
638,21.266666666666666,0.9119186997413635,11.89535390585661,43,0,43,double,147.54101618808767,JUMPING,False,,0.40537239088371263,,,30.23514383904594,15.871552432250976,5.290517477416992,240.6785430908203,217.212646484375,146.83543395996094,125.94205474853516,13.933313369750977,True
639,21.3,0.9266086220741272,11.075575836002827,43,0,43,double,147.54101618808767,JUMPING,False,,0.40537239088371263,,,30.23514383904594,15.871552432250976,5.290517477416992,240.6785430908203,212.26226806640625,146.83543395996094,122.1505355834961,12.131771087646484,True
640,21.333333333333332,0.9050772190093994,11.880475096404552,43,0,43,double,147.54101618808767,JUMPING,False,,0.40537239088371263,,,30.23514383904594,15.871552432250976,5.290517477416992,240.6785430908203,211.17416381835938,146.83543395996094,120.02421569824219,10.884159088134766,True
641,21.366666666666667,0.8747995495796204,10.929282288998365,43,0,43,unknown,0.0,JUMPING,False,,,,,,,,,,,,0.0,False
642,21.4,0.9094282984733582,11.826922185719013,43,0,43,double,147.54101618808767,JUMPING,False,,0.40537239088371263,,,30.23514383904594,15.871552432250976,5.290517477416992,240.6785430908203,216.23373413085938,146.83543395996094,124.73941040039062,13.724772453308105,True
643,21.433333333333334,0.9078116416931152,10.91964403167367,43,0,43,double,147.54101618808767,JUMPING,False,,0.40537239088371263,,,30.23514383904594,16.494852529907224,5.4982841766357415,239.48715209960938,219.9548797607422,145.5668487548828,128.2095947265625,15.147909164428711,True
644,21.466666666666665,0.9116259813308716,12.216580100357533,43,0,43,double,147.54101618808767,JUMPING,False,,0.40537239088371263,,,30.23514383904594,12.711446726989745,4.2371489089965815,238.36221313476562,225.12750244140625,144.9866485595703,135.28070068359375,16.995840072631836,True
645,21.5,0.8884254097938538,10.945695918053389,44,0,44,double,142.85711690682604,JUMPING,True,0.466666666666665,0.41885713155596216,25.186737060546875,24.41375732421875,28.97304214442117,11.585719514465332,3.861906504821777,236.36090087890625,235.1562042236328,144.43797302246094,143.89100646972656,14.001446723937988,False
646,21.533333333333335,0.8681740760803223,11.929908767342567,44,0,44,unknown,0.0,JUMPING,False,,,,,,,,,,,,0.0,False
647,21.566666666666666,0.9024267196655273,11.187166906893253,44,0,44,double,142.85711690682604,JUMPING,False,,0.41885713155596216,,,28.97304214442117,10.140564750547409,1.5081070724487304,236.53915405273438,236.13510131835938,144.9033966064453,145.18197631835938,16.525108337402344,False
648,21.6,0.9031141400337219,11.953858658671379,44,0,44,double,142.85711690682604,JUMPING,False,,0.41885713155596216,,,28.97304214442117,10.140564750547409,1.6591473999023436,236.53915405273438,232.1500701904297,144.9033966064453,141.03872680664062,19.00006675720215,False
649,21.633333333333333,0.9080114364624023,11.039755307137966,44,0,44,double,142.85711690682604,JUMPING,False,,0.41885713155596216,,,28.97304214442117,10.140564750547409,1.6591473999023436,236.53915405273438,229.1745147705078,144.9033966064453,138.05984497070312,19.918039321899414,False
650,21.666666666666668,0.9101951718330383,12.126616202294827,44,0,44,double,142.85711690682604,JUMPING,False,,0.41885713155596216,,,28.97304214442117,10.140564750547409,1.6591473999023436,236.53915405273438,222.9741668701172,144.9033966064453,131.84349060058594,21.431583404541016,True
651,21.7,0.920324981212616,11.077791918069124,44,0,44,double,142.85711690682604,JUMPING,False,,0.41885713155596216,,,28.97304214442117,10.140564750547409,1.6591473999023436,236.53915405273438,217.29080200195312,144.9033966064453,126.42361450195312,19.906145095825195,True
652,21.733333333333334,0.9117197394371033,12.017441913485527,44,0,44,double,142.85711690682604,JUMPING,False,,0.41885713155596216,,,28.97304214442117,10.140564750547409,1.6591473999023436,236.53915405273438,213.97344970703125,144.9033966064453,122.99078369140625,18.360912322998047,True
653,21.766666666666666,0.9140106439590454,11.12746587023139,44,0,44,double,142.85711690682604,JUMPING,False,,0.41885713155596216,,,28.97304214442117,10.140564750547409,1.6591473999023436,236.53915405273438,212.77996826171875,144.9033966064453,121.77639770507812,18.175256729125977,True
654,21.8,0.9023870825767517,11.968125123530626,44,0,44,double,142.85711690682604,JUMPING,False,,0.41885713155596216,,,28.97304214442117,10.140564750547409,1.6591473999023436,236.53915405273438,215.50616455078125,144.9033966064453,123.55747985839844,18.12932586669922,True
655,21.833333333333332,0.9053069353103638,10.935218073427677,44,0,44,double,142.85711690682604,JUMPING,False,,0.41885713155596216,,,28.97304214442117,10.140564750547409,1.6591473999023436,236.53915405273438,218.06954956054688,144.9033966064453,124.86954498291016,17.944910049438477,True
656,21.866666666666667,0.9098920822143555,12.13400298729539,44,0,44,double,142.85711690682604,JUMPING,False,,0.41885713155596216,,,28.97304214442117,10.28302638244629,3.4276754608154296,236.53915405273438,221.9464569091797,144.9033966064453,129.59178161621094,17.796363830566406,True
657,21.9,0.890367329120636,10.936765931546688,45,0,45,double,145.16136596035605,JUMPING,True,0.3999999999999986,0.4147085626136502,23.1768798828125,22.521408081054688,27.524001579019004,10.140564750547409,1.6591473999023436,235.95684814453125,229.24520874023438,144.2978057861328,137.61004638671875,17.838489532470703,False
658,21.933333333333334,0.8991802930831909,11.90564502030611,45,0,45,double,145.16136596035605,JUMPING,False,,0.4147085626136502,,,27.524001579019004,9.633400552656651,1.6591473999023436,235.95684814453125,238.33189392089844,144.2978057861328,145.6953887939453,16.24712371826172,False
659,21.966666666666665,0.9077955484390259,11.138950008898973,45,0,45,double,145.16136596035605,JUMPING,False,,0.4147085626136502,,,27.524001579019004,9.77089413757324,3.2569647125244137,236.53915405273438,241.62579345703125,144.9033966064453,149.5726318359375,13.390009880065918,False
660,22.0,0.9092530012130737,11.702351737767458,45,0,45,double,145.16136596035605,JUMPING,False,,0.4147085626136502,,,27.524001579019004,9.633400552656651,2.449742221069336,237.6019287109375,238.130859375,145.26522827148438,147.326416015625,13.49085807800293,False
661,22.033333333333335,0.9111932516098022,11.081691831350327,45,0,45,double,145.16136596035605,JUMPING,False,,0.4147085626136502,,,27.524001579019004,9.633400552656651,2.4883478256225584,237.6019287109375,235.31845092773438,145.3002166748047,145.26947021484375,13.2310209274292,False
662,22.066666666666666,0.9200828671455383,11.905970983207226,45,0,45,double,145.16136596035605,JUMPING,False,,0.4147085626136502,,,27.524001579019004,9.633400552656651,2.4883478256225584,237.6019287109375,228.85208129882812,145.3002166748047,139.1604461669922,13.510650634765625,False
663,22.1,0.925129234790802,11.05785509571433,45,0,45,double,145.16136596035605,JUMPING,False,,0.4147085626136502,,,27.524001579019004,9.633400552656651,2.4883478256225584,237.6019287109375,221.06536865234375,145.3002166748047,132.015869140625,13.726740837097168,True
664,22.133333333333333,0.925053060054779,11.721104849129915,45,0,45,double,145.16136596035605,JUMPING,False,,0.4147085626136502,,,27.524001579019004,9.633400552656651,2.4883478256225584,237.6019287109375,214.5986328125,145.3002166748047,126.43901062011719,12.820493698120117,True
665,22.166666666666668,0.9162895679473877,11.074719950556755,45,0,45,double,145.16136596035605,JUMPING,False,,0.4147085626136502,,,27.524001579019004,9.633400552656651,2.4883478256225584,237.6019287109375,211.2967529296875,145.3002166748047,122.82977294921875,11.710110664367676,True
666,22.2,0.9199746251106262,12.02677097171545,45,0,45,double,145.16136596035605,JUMPING,False,,0.4147085626136502,,,27.524001579019004,9.633400552656651,2.4883478256225584,237.6019287109375,210.54197692871094,145.3002166748047,122.07597351074219,12.760594367980957,True
667,22.233333333333334,0.9218983054161072,11.181971989572048,45,0,45,double,145.16136596035605,JUMPING,False,,0.4147085626136502,,,27.524001579019004,9.633400552656651,2.4883478256225584,237.6019287109375,210.48672485351562,145.3002166748047,122.40005493164062,13.32773494720459,True
668,22.266666666666666,0.9129467606544495,11.866841930896044,45,0,45,double,145.16136596035605,JUMPING,False,,0.4147085626136502,,,27.524001579019004,9.633400552656651,2.2585353240966795,237.6019287109375,214.5254364013672,145.3002166748047,125.6461410522461,14.779078483581543,True
669,22.3,0.9061012864112854,10.908087249845266,45,0,45,double,145.16136596035605,JUMPING,False,,0.4147085626136502,,,27.524001579019004,9.633400552656651,3.0241660171508786,237.6019287109375,220.55592346191406,145.23446655273438,131.95785522460938,17.8393611907959,True
670,22.333333333333332,0.9069399833679199,12.036489322781563,46,0,46,double,145.1612298961488,JUMPING,True,0.43333333333333357,0.41880601217198055,27.115203857421875,23.158493041992188,27.421802148619722,9.633400552656651,3.0241660171508786,237.6019287109375,228.9689483642578,145.23446655273438,140.34539794921875,15.074983596801758,False
671,22.366666666666667,0.8162664175033569,11.045834980905056,46,0,46,double,145.1612298961488,JUMPING,False,,0.41880601217198055,,,27.421802148619722,9.597630752016903,3.1891419158935546,238.25148010253906,240.43719482421875,145.3002166748047,147.2852783203125,12.49819564819336,False
672,22.4,0.8925080895423889,12.079654261469841,46,0,46,double,145.1612298961488,JUMPING,False,,0.41880601217198055,,,27.421802148619722,9.77089413757324,3.2569647125244137,238.9715576171875,241.77334594726562,145.54551696777344,148.79763793945312,14.308272361755371,False
673,22.433333333333334,0.878658652305603,11.163454968482256,46,0,46,double,145.1612298961488,JUMPING,False,,0.41880601217198055,,,27.421802148619722,12.199484152221679,4.066494717407227,240.02151489257812,241.80764770507812,146.64932250976562,148.8745574951172,15.004722595214844,False
674,22.466666666666665,0.9193938970565796,11.9523829780519,46,0,46,double,145.1612298961488,JUMPING,False,,0.41880601217198055,,,27.421802148619722,9.77089413757324,3.2569647125244137,240.02151489257812,236.90966796875,146.64932250976562,144.017822265625,17.00043487548828,False
675,22.5,0.9166003465652466,11.121793184429407,46,0,46,double,145.1612298961488,JUMPING,False,,0.41880601217198055,,,27.421802148619722,9.77089413757324,3.2569647125244137,240.02151489257812,227.7440185546875,146.64932250976562,136.42996215820312,18.830835342407227,True
676,22.533333333333335,0.9210836291313171,11.955425143241882,46,0,46,double,145.1612298961488,JUMPING,False,,0.41880601217198055,,,27.421802148619722,9.77089413757324,3.2569647125244137,240.02151489257812,218.22711181640625,146.64932250976562,129.50503540039062,18.60279083251953,True
677,22.566666666666666,0.9117283225059509,10.980976279824972,46,0,46,double,145.1612298961488,JUMPING,False,,0.41880601217198055,,,27.421802148619722,9.77089413757324,3.2569647125244137,240.02151489257812,212.11990356445312,146.64932250976562,124.62484741210938,17.2390079498291,True
678,22.6,0.8936492204666138,12.003316078335047,46,0,46,double,145.1612298961488,JUMPING,False,,0.41880601217198055,,,27.421802148619722,9.77089413757324,3.2569647125244137,240.02151489257812,209.16265869140625,146.64932250976562,122.60066223144531,15.947123527526855,True
679,22.633333333333333,0.8952301740646362,11.458801105618477,46,0,46,double,145.1612298961488,JUMPING,False,,0.41880601217198055,,,27.421802148619722,9.77089413757324,3.2569647125244137,240.02151489257812,208.05662536621094,146.64932250976562,121.64585876464844,14.4904203414917,True
680,22.666666666666668,0.8974966406822205,12.273116037249565,46,0,46,double,145.1612298961488,JUMPING,False,,0.41880601217198055,,,27.421802148619722,11.3835745513916,3.794524850463867,239.59507751464844,211.87368774414062,146.64932250976562,123.22695922851562,14.139583587646484,True
681,22.7,0.9075219631195068,10.959436651319265,46,0,46,double,145.1612298961488,JUMPING,False,,0.41880601217198055,,,27.421802148619722,10.258118811035155,3.4193729370117185,238.25148010253906,217.2308807373047,146.64932250976562,127.63719177246094,15.244195938110352,True
682,22.733333333333334,0.8963002562522888,11.942689772695303,46,0,46,double,145.1612298961488,JUMPING,False,,0.41880601217198055,,,27.421802148619722,11.3835745513916,3.794524850463867,238.25148010253906,224.97543334960938,146.64932250976562,135.51101684570312,15.304054260253906,True
683,22.766666666666666,0.9063672423362732,10.930546093732119,47,0,47,double,145.16136596035605,JUMPING,True,0.43333333333333357,0.42200202282747823,30.194854736328125,25.003463745117188,28.115065295546824,12.509030291748047,4.169676763916016,238.25148010253906,234.48448181152344,146.64932250976562,144.32278442382812,12.61430835723877,False
684,22.8,0.9123066663742065,12.052752077579498,47,0,47,double,145.16136596035605,JUMPING,False,,0.42200202282747823,,,28.115065295546824,12.021873486328126,4.007291162109375,239.59507751464844,240.72421264648438,147.30996704101562,149.6744384765625,11.243882179260254,False
685,22.833333333333332,0.8626729249954224,10.771650820970535,47,0,47,double,145.16136596035605,JUMPING,False,,0.42200202282747823,,,28.115065295546824,13.403191744995118,4.467730581665039,240.60940551757812,245.26654052734375,148.2091522216797,152.33409118652344,8.427423477172852,False
686,22.866666666666667,0.9070395827293396,11.872649658471346,47,0,47,double,145.16136596035605,JUMPING,False,,0.42200202282747823,,,28.115065295546824,9.840272853441387,3.121319119262695,241.26516723632812,242.32232666015625,148.8437957763672,149.14059448242188,8.636523246765137,False
687,22.9,0.9201030731201172,10.872428771108389,47,0,47,double,145.16136596035605,JUMPING,False,,0.42200202282747823,,,28.115065295546824,10.892617135620117,3.630872378540039,241.26516723632812,234.74856567382812,148.8437957763672,142.2824249267578,14.293120384216309,False
688,22.933333333333334,0.906347393989563,12.160568032413721,47,0,47,double,145.16136596035605,JUMPING,False,,0.42200202282747823,,,28.115065295546824,10.892617135620117,3.630872378540039,241.26516723632812,226.51416015625,148.8437957763672,133.84371948242188,16.094770431518555,True
689,22.966666666666665,0.9322255849838257,11.03272382169962,47,0,47,double,145.16136596035605,JUMPING,False,,0.42200202282747823,,,28.115065295546824,10.892617135620117,3.630872378540039,241.26516723632812,216.22573852539062,148.8437957763672,126.39557647705078,17.16437530517578,True
690,23.0,0.9144366979598999,11.935737915337086,47,0,47,double,145.16136596035605,JUMPING,False,,0.42200202282747823,,,28.115065295546824,10.892617135620117,3.630872378540039,241.26516723632812,210.9107666015625,148.8437957763672,121.66485595703125,18.318553924560547,True
691,23.033333333333335,0.9146126508712769,10.93955198302865,47,0,47,double,145.16136596035605,JUMPING,False,,0.42200202282747823,,,28.115065295546824,9.840272853441387,3.121319119262695,241.26516723632812,208.17552185058594,148.8437957763672,119.26325225830078,18.817285537719727,True
692,23.066666666666666,0.9071518778800964,11.801273096352816,47,0,47,double,145.16136596035605,JUMPING,False,,0.42200202282747823,,,28.115065295546824,9.840272853441387,2.9581077896118164,241.26516723632812,209.080322265625,148.8437957763672,118.85696411132812,17.356441497802734,True
693,23.1,0.913022518157959,11.06354221701622,47,0,47,double,145.16136596035605,JUMPING,False,,0.42200202282747823,,,28.115065295546824,9.840272853441387,2.9581077896118164,241.26516723632812,211.63912963867188,148.8437957763672,121.44493103027344,17.791576385498047,True
694,23.133333333333333,0.9101049900054932,12.107144109904766,47,0,47,double,145.16136596035605,JUMPING,False,,0.42200202282747823,,,28.115065295546824,9.840272853441387,2.9581077896118164,241.26516723632812,216.94149780273438,148.8437957763672,127.15399932861328,18.83892822265625,True
695,23.166666666666668,0.9128293395042419,10.945742949843407,47,0,47,double,145.16136596035605,JUMPING,False,,0.42200202282747823,,,28.115065295546824,9.840272853441387,2.9581077896118164,241.26516723632812,225.15045166015625,148.8437957763672,135.88043212890625,16.944780349731445,True
696,23.2,0.9002682566642761,12.277248781174421,48,0,48,double,138.4614610108126,JUMPING,True,0.43333333333333357,0.4244949111387664,33.08964538574219,29.986831665039062,29.358710318095664,9.840272853441387,3.121319119262695,241.26516723632812,236.83547973632812,148.8437957763672,145.59262084960938,10.742086410522461,False
697,23.233333333333334,0.9075832962989807,11.005751322954893,48,0,48,double,138.4614610108126,JUMPING,False,,0.4244949111387664,,,29.358710318095664,10.640555227661132,3.5468517425537107,241.71432495117188,244.4342041015625,149.0341796875,151.06039428710938,10.688587188720703,False
698,23.266666666666666,0.8094697594642639,12.064462061971426,48,0,48,unknown,0.0,JUMPING,False,,,,,,,,,,,,0.0,False
699,23.3,0.8788208365440369,11.027585249394178,48,0,48,double,138.4614610108126,JUMPING,False,,0.4244949111387664,,,29.358710318095664,10.275548611333482,3.0382599472045895,241.79393005371094,242.43045043945312,149.39981079101562,150.31185913085938,14.576181411743164,False
700,23.333333333333332,0.9062991738319397,12.017176952213049,48,0,48,double,138.4614610108126,JUMPING,False,,0.4244949111387664,,,29.358710318095664,10.640555227661132,3.5468517425537107,241.79393005371094,235.11016845703125,149.39981079101562,144.18600463867188,17.55211639404297,False
701,23.366666666666667,0.9102985262870789,10.92634117230773,48,0,48,double,138.4614610108126,JUMPING,False,,0.4244949111387664,,,29.358710318095664,10.640555227661132,3.5468517425537107,241.79393005371094,225.5993194580078,149.39981079101562,136.10140991210938,19.9431095123291,True
702,23.4,0.9209131002426147,11.930955108255148,48,0,48,double,138.4614610108126,JUMPING,False,,0.4244949111387664,,,29.358710318095664,10.640555227661132,3.5468517425537107,241.79393005371094,217.938232421875,149.39981079101562,128.13931274414062,20.47493553161621,True
703,23.433333333333334,0.921271026134491,11.258959770202637,48,0,48,double,138.4614610108126,JUMPING,False,,0.4244949111387664,,,29.358710318095664,10.640555227661132,3.5468517425537107,241.79393005371094,213.39788818359375,149.39981079101562,123.72440338134766,20.91162109375,True
704,23.466666666666665,0.9172710180282593,12.041098903864622,48,0,48,double,138.4614610108126,JUMPING,False,,0.4244949111387664,,,29.358710318095664,10.275548611333482,3.1872868560791012,241.79393005371094,210.07080078125,149.39981079101562,120.00657653808594,17.604448318481445,True
705,23.5,0.9171432256698608,11.2376450560987,48,0,48,double,138.4614610108126,JUMPING,False,,0.4244949111387664,,,29.358710318095664,11.534716680908202,3.8449055603027342,241.79393005371094,208.87506103515625,149.0341796875,118.31388854980469,17.563005447387695,True
706,23.533333333333335,0.9001896977424622,12.238339055329561,48,0,48,double,138.4614610108126,JUMPING,False,,0.4244949111387664,,,29.358710318095664,10.275548611333482,3.2373282257080076,241.79393005371094,211.16348266601562,149.0341796875,119.35928344726562,18.03851890563965,True
707,23.566666666666666,0.8877198696136475,11.17504807189107,48,0,48,double,138.4614610108126,JUMPING,False,,0.4244949111387664,,,29.358710318095664,10.275548611333482,1.9809776550292968,241.79393005371094,218.67112731933594,149.0341796875,123.94528198242188,21.613544464111328,True
708,23.6,0.9143561124801636,12.6934670843184,48,0,48,double,138.4614610108126,JUMPING,False,,0.4244949111387664,,,29.358710318095664,10.275548611333482,1.9809776550292968,241.79393005371094,223.9141845703125,149.0341796875,131.867919921875,16.819869995117188,True
709,23.633333333333333,0.9138438105583191,11.480208020657301,48,0,48,double,138.4614610108126,JUMPING,False,,0.4244949111387664,,,29.358710318095664,10.275548611333482,1.9809776550292968,241.79393005371094,226.88668823242188,149.0341796875,136.78607177734375,15.437766075134277,True
710,23.666666666666668,0.8859296441078186,12.855945155024529,49,0,49,double,138.46157528240573,JUMPING,True,0.46666666666666856,0.43377269735490487,32.91886901855469,30.720291137695312,30.24874999321042,10.275548611333482,3.2373282257080076,241.79393005371094,235.44422912597656,149.0341796875,143.9451904296875,14.41026496887207,False
711,23.7,0.8585779666900635,12.168319895863533,49,0,49,unknown,0.0,JUMPING,False,,,,,,,,,,,,0.0,False
712,23.733333333333334,0.8663678765296936,13.01008416339755,49,0,49,double,138.46157528240573,JUMPING,False,,0.43377269735490487,,,30.24874999321042,15.865308572387693,5.288436190795898,241.79393005371094,237.15721130371094,149.0341796875,146.8216552734375,11.11164379119873,False
713,23.766666666666666,0.8500967621803284,11.333705857396126,49,0,49,double,138.46157528240573,JUMPING,False,,0.43377269735490487,,,30.24874999321042,15.865308572387693,5.288436190795898,241.79393005371094,234.6214599609375,149.0341796875,143.66470336914062,12.400744438171387,False
714,23.8,0.887626051902771,12.489558663219213,49,0,49,unknown,0.0,JUMPING,False,,,,,,,,,,,,0.0,False
715,23.833333333333332,0.8761007189750671,11.123663280159235,49,0,49,double,138.46157528240573,JUMPING,False,,0.43377269735490487,,,30.24874999321042,15.865308572387693,5.288436190795898,241.79393005371094,230.72445678710938,149.0341796875,137.74948120117188,12.3759765625,False
716,23.866666666666667,0.8843855261802673,12.10571825504303,49,0,49,unknown,0.0,JUMPING,False,,,,,,,,,,,,0.0,False
717,23.9,0.8951118588447571,11.164567898958921,49,0,49,double,138.46157528240573,JUMPING,False,,0.43377269735490487,,,30.24874999321042,15.865308572387693,5.288436190795898,241.79393005371094,223.08987426757812,149.0341796875,130.93539428710938,10.727921485900879,True
718,23.933333333333334,0.9007576704025269,11.940972879529,49,0,49,double,138.46157528240573,JUMPING,False,,0.43377269735490487,,,30.24874999321042,15.865308572387693,5.288436190795898,241.79393005371094,217.38088989257812,149.0341796875,127.55597686767578,12.34937572479248,True
719,23.966666666666665,0.9094894528388977,10.944913141429424,49,0,49,double,138.46157528240573,JUMPING,False,,0.43377269735490487,,,30.24874999321042,15.865308572387693,5.288436190795898,241.79393005371094,216.48599243164062,149.0341796875,128.45614624023438,14.562297821044922,True
720,24.0,0.9082392454147339,12.064740993082523,49,0,49,double,138.46157528240573,JUMPING,False,,0.43377269735490487,,,30.24874999321042,16.019165423583985,5.339721807861328,241.79393005371094,216.48721313476562,149.0341796875,129.55584716796875,15.66662883758545,True
721,24.033333333333335,0.903645932674408,10.998390149325132,49,0,49,double,138.46157528240573,JUMPING,False,,0.43377269735490487,,,30.24874999321042,15.28123620300293,5.093745401000977,241.374267578125,220.69772338867188,149.0341796875,134.08966064453125,15.710071563720703,True
722,24.066666666666666,0.8895384073257446,11.825886089354753,49,0,49,double,138.46157528240573,JUMPING,False,,0.43377269735490487,,,30.24874999321042,10.587062497623647,3.3924971923828124,239.2974090576172,227.81654357910156,148.2130126953125,141.36398315429688,12.698299407958984,True
723,24.1,0.8944337368011475,11.18474267423153,50,0,50,double,136.36359092126736,JUMPING,True,0.43333333333333357,0.4336760372701592,22.811416625976562,21.376548767089844,28.389416651401955,11.247906335449219,3.749302111816406,239.2974090576172,237.15032958984375,148.93252563476562,148.6204071044922,12.450350761413574,False
724,24.133333333333333,0.8972564339637756,12.062049005180597,50,0,50,double,136.36359092126736,JUMPING,False,,0.4336760372701592,,,28.389416651401955,11.567870219421387,3.855956739807129,240.82272338867188,240.88839721679688,149.46090698242188,151.48190307617188,11.382502555847168,False
725,24.166666666666668,0.8921204805374146,11.01347804069519,50,0,50,double,136.36359092126736,JUMPING,False,,0.4336760372701592,,,28.389416651401955,11.278514822387695,3.7595049407958983,240.82272338867188,238.09689331054688,149.46090698242188,148.55178833007812,9.484225273132324,False
726,24.2,0.8922774195671082,11.9806919246912,50,0,50,double,136.36359092126736,JUMPING,False,,0.4336760372701592,,,28.389416651401955,10.980574118041991,3.660191372680664,240.82272338867188,236.17782592773438,149.46090698242188,146.08363342285156,10.23129940032959,False
727,24.233333333333334,0.9120016098022461,11.046863161027431,50,0,50,double,136.36359092126736,JUMPING,False,,0.4336760372701592,,,28.389416651401955,10.980574118041991,3.660191372680664,240.82272338867188,230.5458984375,149.46090698242188,139.99417114257812,12.218056678771973,False
728,24.266666666666666,0.9212640523910522,11.994706932455301,50,0,50,double,136.36359092126736,JUMPING,False,,0.4336760372701592,,,28.389416651401955,10.980574118041991,3.660191372680664,240.82272338867188,221.91854858398438,149.46090698242188,132.95086669921875,12.31285572052002,True
729,24.3,0.8902661800384521,11.085168924182653,50,0,50,double,136.36359092126736,JUMPING,False,,0.4336760372701592,,,28.389416651401955,10.980574118041991,3.660191372680664,240.82272338867188,218.05264282226562,149.46090698242188,126.83753967285156,15.277915000915527,True
730,24.333333333333332,0.9293307065963745,11.994611006230116,50,0,50,double,136.36359092126736,JUMPING,False,,0.4336760372701592,,,28.389416651401955,10.980574118041991,3.660191372680664,240.82272338867188,214.2696533203125,149.46090698242188,123.31108093261719,15.185959815979004,True
731,24.366666666666667,0.9036167860031128,11.118148919194937,50,0,50,double,136.36359092126736,JUMPING,False,,0.4336760372701592,,,28.389416651401955,10.980574118041991,3.660191372680664,240.82272338867188,214.416015625,149.46090698242188,122.83121490478516,16.022605895996094,True
732,24.4,0.8872110843658447,12.27934705093503,50,0,50,double,136.36359092126736,JUMPING,False,,0.4336760372701592,,,28.389416651401955,10.713174032592773,3.571058010864258,240.82272338867188,216.67324829101562,149.46090698242188,122.71054077148438,17.320003509521484,True
733,24.433333333333334,0.9158524870872498,10.824756696820259,50,0,50,double,136.36359092126736,JUMPING,False,,0.4336760372701592,,,28.389416651401955,9.936295827990683,3.297911764526367,239.77178955078125,219.30543518066406,148.93252563476562,125.98875427246094,15.178257942199707,True
734,24.466666666666665,0.9178165793418884,11.798263061791658,50,0,50,double,136.36359092126736,JUMPING,False,,0.4336760372701592,,,28.389416651401955,9.936295827990683,3.024742895507812,237.7210235595703,223.46612548828125,148.59295654296875,132.31771850585938,16.43326187133789,True
735,24.5,0.9137927889823914,11.060826946049929,51,0,51,double,138.46157528240573,JUMPING,True,0.3999999999999986,0.42626730907072385,22.884811401367188,25.149185180664062,27.013265338893262,9.936295827990683,2.557946502685547,237.1544647216797,230.39468383789062,147.85972595214844,140.5614013671875,15.313096046447754,False
736,24.533333333333335,0.9085748791694641,12.045237235724926,51,0,51,unknown,0.0,JUMPING,False,,,,,,,,,,,,0.0,False
737,24.566666666666666,0.9093658924102783,10.923196095973253,51,0,51,double,138.46157528240573,JUMPING,False,,0.42626730907072385,,,27.013265338893262,9.454642868612641,2.0626681549072265,237.1544647216797,235.44837951660156,147.85972595214844,145.82168579101562,21.3812313079834,False
738,24.6,0.9246264100074768,11.913716793060303,51,0,51,double,138.46157528240573,JUMPING,False,,0.42626730907072385,,,27.013265338893262,9.454642868612641,2.2140591339111326,237.1544647216797,233.95010375976562,147.85972595214844,144.61184692382812,17.43096351623535,False
739,24.633333333333333,0.6831361055374146,11.123091913759708,51,0,51,double,138.46157528240573,JUMPING,False,,0.42626730907072385,,,27.013265338893262,9.454642868612641,2.307468182373047,237.1544647216797,232.228515625,147.85972595214844,143.2361602783203,15.919938087463379,False
740,24.666666666666668,0.9305182695388794,12.106262147426605,51,0,51,double,138.46157528240573,JUMPING,False,,0.42626730907072385,,,27.013265338893262,9.454642868612641,2.307468182373047,237.1544647216797,227.50234985351562,147.85972595214844,138.42822265625,15.833952903747559,True
741,24.7,0.9191429018974304,10.935049969702959,51,0,51,double,138.46157528240573,JUMPING,False,,0.42626730907072385,,,27.013265338893262,9.454642868612641,2.2140591339111326,237.1544647216797,222.14663696289062,147.85972595214844,131.84934997558594,12.570446968078613,True
742,24.733333333333334,0.9017465114593506,12.201722711324692,51,0,51,double,138.46157528240573,JUMPING,False,,0.42626730907072385,,,27.013265338893262,9.454642868612641,2.2140591339111326,237.1544647216797,217.8837432861328,147.85972595214844,127.0157470703125,10.698383331298828,True
743,24.766666666666666,0.9236986041069031,11.012495029717684,51,0,51,double,138.46157528240573,JUMPING,False,,0.42626730907072385,,,27.013265338893262,9.454642868612641,2.2140591339111326,237.1544647216797,214.53704833984375,147.85972595214844,124.69084167480469,13.581459045410156,True
744,24.8,0.8587638139724731,12.018713634461164,51,0,51,unknown,0.0,JUMPING,False,,,,,,,,,,,,0.0,False
745,24.833333333333332,0.8551895618438721,10.964267887175083,51,0,51,double,138.46157528240573,JUMPING,False,,0.42626730907072385,,,27.013265338893262,9.454642868612641,2.2140591339111326,237.1544647216797,216.54608154296875,147.85972595214844,124.98023986816406,15.314794540405273,True
746,24.866666666666667,0.9239968061447144,11.98446610942483,51,0,51,double,138.46157528240573,JUMPING,False,,0.42626730907072385,,,27.013265338893262,9.454642868612641,2.2140591339111326,237.1544647216797,220.41238403320312,147.85972595214844,128.87100219726562,15.174450874328613,True
747,24.9,0.9005635380744934,10.916458908468485,51,0,51,double,138.46157528240573,JUMPING,False,,0.42626730907072385,,,27.013265338893262,9.454642868612641,2.307468182373047,237.1544647216797,225.87271118164062,147.85972595214844,135.82452392578125,13.687500953674316,True
748,24.933333333333334,0.9083905220031738,12.19501718878746,52,0,52,double,138.46157528240573,JUMPING,True,0.43333333333333357,0.427821834408498,22.224273681640625,21.835601806640625,25.816017424580103,9.454642868612641,2.5314892776489257,236.76132202148438,233.646728515625,146.5264434814453,143.67013549804688,17.33182716369629,False
749,24.966666666666665,0.886901319026947,11.07507199048996,52,0,52,double,138.46157528240573,JUMPING,False,,0.427821834408498,,,25.816017424580103,9.035606098603035,2.523311178588867,236.76132202148438,239.0787353515625,146.5264434814453,148.61297607421875,15.702430725097656,False
750,25.0,0.9102391600608826,12.196710333228111,52,0,52,double,138.46157528240573,JUMPING,False,,0.427821834408498,,,25.816017424580103,9.035606098603035,2.307468182373047,237.1544647216797,237.6746063232422,147.44822692871094,147.86593627929688,12.051883697509766,False
751,25.033333333333335,0.9115644097328186,10.748893953859806,52,0,52,double,138.46157528240573,JUMPING,False,,0.427821834408498,,,25.816017424580103,9.035606098603035,2.263297398376465,237.1544647216797,235.72462463378906,147.44822692871094,146.6018829345703,10.708745956420898,False
752,25.066666666666666,0.9110478162765503,13.071689289063215,52,0,52,double,138.46157528240573,JUMPING,False,,0.427821834408498,,,25.816017424580103,9.035606098603035,2.263297398376465,237.1544647216797,230.66464233398438,147.44822692871094,141.03701782226562,13.919511795043945,False
753,25.1,0.9268481731414795,11.188851203769445,52,0,52,double,138.46157528240573,JUMPING,False,,0.427821834408498,,,25.816017424580103,9.035606098603035,2.263297398376465,237.1544647216797,222.34674072265625,147.44822692871094,133.38265991210938,12.126051902770996,True
754,25.133333333333333,0.9012969136238098,12.022615876048803,52,0,52,double,138.46157528240573,JUMPING,False,,0.427821834408498,,,25.816017424580103,9.035606098603035,2.263297398376465,237.1544647216797,214.72564697265625,147.44822692871094,126.55133056640625,12.243379592895508,True
755,25.166666666666668,0.9059791564941406,10.932408273220062,52,0,52,double,138.46157528240573,JUMPING,False,,0.427821834408498,,,25.816017424580103,9.035606098603035,2.263297398376465,237.1544647216797,211.50018310546875,147.44822692871094,121.88064575195312,17.415681838989258,True
756,25.2,0.9052304029464722,11.923637241125107,52,0,52,double,138.46157528240573,JUMPING,False,,0.427821834408498,,,25.816017424580103,9.035606098603035,2.263297398376465,237.1544647216797,209.92361450195312,147.44822692871094,119.6969223022461,18.053050994873047,True
757,25.233333333333334,0.8798112273216248,10.946309193968773,52,0,52,double,138.46157528240573,JUMPING,False,,0.427821834408498,,,25.816017424580103,9.035606098603035,2.263297398376465,237.1544647216797,211.53378295898438,147.44822692871094,119.06533813476562,19.576051712036133,True
758,25.266666666666666,0.9136839509010315,12.187425047159195,52,0,52,double,138.46157528240573,JUMPING,False,,0.427821834408498,,,25.816017424580103,9.035606098603035,2.263297398376465,237.1544647216797,212.5779266357422,147.44822692871094,121.13045501708984,16.562883377075195,True
759,25.3,0.9205466508865356,10.983103886246681,52,0,52,double,138.46157528240573,JUMPING,False,,0.427821834408498,,,25.816017424580103,9.035606098603035,2.263297398376465,237.1544647216797,218.467041015625,147.44822692871094,126.49419403076172,15.463095664978027,True
760,25.333333333333332,0.9090251922607422,11.975792236626148,52,0,52,double,138.46157528240573,JUMPING,False,,0.427821834408498,,,25.816017424580103,9.035606098603035,2.307468182373047,237.1544647216797,225.440185546875,147.44822692871094,134.5677490234375,15.34803295135498,True
761,25.366666666666667,0.8826945424079895,10.94064163044095,53,0,53,double,138.46157528240573,JUMPING,True,0.43333333333333357,0.42903436417196184,26.83770751953125,28.294967651367188,26.071439948317888,9.035606098603035,2.6309046478271485,236.76132202148438,234.97439575195312,147.3603057861328,143.04458618164062,11.734423637390137,False
762,25.4,0.9016478657722473,12.330207973718643,53,0,53,double,138.46157528240573,JUMPING,False,,0.42903436417196184,,,26.071439948317888,9.12500398191126,2.845209301757812,237.4648895263672,241.45562744140625,147.9613037109375,148.02487182617188,9.619848251342773,False
763,25.433333333333334,0.8949905633926392,11.015093419700861,53,0,53,double,138.46157528240573,JUMPING,False,,0.42903436417196184,,,26.071439948317888,9.127640835571288,3.0425469451904297,237.927978515625,241.84747314453125,148.3410186767578,150.42364501953125,11.640321731567383,False
764,25.466666666666665,0.9096664190292358,11.868304572999477,53,0,53,double,138.46157528240573,JUMPING,False,,0.42903436417196184,,,26.071439948317888,9.12500398191126,2.7071883270263672,238.52139282226562,238.8043975830078,148.3410186767578,147.67193603515625,15.106239318847656,False
765,25.5,0.9148505926132202,10.976635850965977,53,0,53,double,138.46157528240573,JUMPING,False,,0.42903436417196184,,,26.071439948317888,9.12500398191126,2.7071883270263672,238.52139282226562,231.91876220703125,148.3410186767578,140.9143829345703,17.005250930786133,False
766,25.533333333333335,0.9139494895935059,12.198701966553926,53,0,53,double,138.46157528240573,JUMPING,False,,0.42903436417196184,,,26.071439948317888,9.12500398191126,2.7071883270263672,238.52139282226562,224.59457397460938,148.3410186767578,133.09640502929688,14.918582916259766,True
767,25.566666666666666,0.9082209467887878,11.240406893193722,53,0,53,double,138.46157528240573,JUMPING,False,,0.42903436417196184,,,26.071439948317888,9.12500398191126,2.7071883270263672,238.52139282226562,219.04635620117188,148.3410186767578,126.35650634765625,10.870514869689941,True
768,25.6,0.8946422934532166,11.99745899066329,53,0,53,unknown,0.0,JUMPING,False,,,,,,,,,,,,0.0,False
769,25.633333333333333,0.876484215259552,11.119755916297436,53,0,53,double,138.46157528240573,JUMPING,False,,0.42903436417196184,,,26.071439948317888,9.12500398191126,2.7071883270263672,238.52139282226562,216.93362426757812,148.3410186767578,121.61679077148438,12.712726593017578,True
770,25.666666666666668,0.9042115807533264,12.000469025224447,53,0,53,double,138.46157528240573,JUMPING,False,,0.42903436417196184,,,26.071439948317888,9.12500398191126,2.7071883270263672,238.52139282226562,215.9445037841797,148.3410186767578,120.22492218017578,10.235032081604004,True
771,25.7,0.8830615878105164,11.202962137758732,53,0,53,double,138.46157528240573,JUMPING,False,,0.42903436417196184,,,26.071439948317888,9.901811590576171,3.3006038635253905,238.52139282226562,217.40814208984375,147.9613037109375,122.29423522949219,14.575539588928223,True
772,25.733333333333334,0.8824361562728882,12.095202691853046,53,0,53,double,138.46157528240573,JUMPING,False,,0.42903436417196184,,,26.071439948317888,9.908462658691406,3.3028208862304687,237.927978515625,222.41912841796875,147.788330078125,127.85415649414062,15.150668144226074,True
773,25.766666666666666,0.8893848061561584,11.263273190706968,54,0,54,double,142.85711690682604,JUMPING,True,0.3999999999999986,0.4226468040541299,21.131393432617188,27.01898956298828,24.836428319392713,11.800012857055663,3.9333376190185545,237.07589721679688,231.20794677734375,147.24391174316406,136.30357360839844,17.574756622314453,False
774,25.8,0.8657639622688293,12.633216101676226,54,0,54,unknown,0.0,JUMPING,False,,,,,,,,,,,,0.0,False
775,25.833333333333332,0.8878361582756042,11.007967870682478,54,0,54,unknown,0.0,JUMPING,False,,,,,,,,,,,,0.0,False
776,25.866666666666667,0.8997661471366882,11.90054090693593,54,0,54,unknown,0.0,JUMPING,False,,,,,,,,,,,,0.0,False
777,25.9,0.9118223786354065,11.038096155971289,54,0,54,double,142.85711690682604,JUMPING,False,,0.4226468040541299,,,24.836428319392713,13.956112683105468,4.652037561035156,236.8946075439453,231.1509246826172,147.24391174316406,138.8660888671875,17.851314544677734,False
778,25.933333333333334,0.9162094593048096,12.013210915029049,54,0,54,double,142.85711690682604,JUMPING,False,,0.4226468040541299,,,24.836428319392713,13.956112683105468,4.652037561035156,236.8946075439453,228.6629180908203,147.24391174316406,136.19049072265625,18.932880401611328,False
779,25.966666666666665,0.9064573645591736,11.015658266842365,54,0,54,double,142.85711690682604,JUMPING,False,,0.4226468040541299,,,24.836428319392713,13.956112683105468,4.652037561035156,236.8946075439453,222.5675048828125,147.24391174316406,130.76028442382812,17.088884353637695,True
780,26.0,0.9176841378211975,12.008279096335173,54,0,54,double,142.85711690682604,JUMPING,False,,0.4226468040541299,,,24.836428319392713,13.956112683105468,4.652037561035156,236.8946075439453,217.8863525390625,147.24391174316406,127.16361236572266,16.67444610595703,True
781,26.033333333333335,0.8600633144378662,11.085079051554203,54,0,54,double,142.85711690682604,JUMPING,False,,0.4226468040541299,,,24.836428319392713,13.956112683105468,4.652037561035156,236.8946075439453,214.82049560546875,147.24391174316406,123.59980010986328,17.452289581298828,True
782,26.066666666666666,0.9114049077033997,11.888446286320686,54,0,54,double,142.85711690682604,JUMPING,False,,0.4226468040541299,,,24.836428319392713,13.956112683105468,4.652037561035156,236.8946075439453,214.232421875,147.24391174316406,122.0350112915039,16.127330780029297,True
783,26.1,0.903777539730072,10.847137775272131,54,0,54,double,142.85711690682604,JUMPING,False,,0.4226468040541299,,,24.836428319392713,13.956112683105468,4.652037561035156,236.8946075439453,215.88955688476562,147.24391174316406,122.12889862060547,16.64470863342285,True
784,26.133333333333333,0.9103121757507324,11.808219831436872,54,0,54,double,142.85711690682604,JUMPING,False,,0.4226468040541299,,,24.836428319392713,13.956112683105468,4.652037561035156,236.8946075439453,218.21121215820312,147.24391174316406,125.43585205078125,16.59131622314453,True
785,26.166666666666668,0.9062689542770386,11.999283917248249,55,0,55,double,145.16136596035605,JUMPING,True,0.40000000000000213,0.4176645071622218,22.662185668945312,25.208900451660156,24.292867656780864,13.956112683105468,4.652037561035156,236.8946075439453,223.66940307617188,147.24391174316406,131.66012573242188,16.362686157226562,False
786,26.2,0.893731415271759,12.190721929073334,55,0,55,double,145.16136596035605,JUMPING,False,,0.4176645071622218,,,24.292867656780864,13.956112683105468,4.652037561035156,236.8946075439453,230.86187744140625,147.24391174316406,139.82687377929688,14.162067413330078,False
787,26.233333333333334,0.8956214189529419,11.128730606287718,55,0,55,double,145.16136596035605,JUMPING,False,,0.4176645071622218,,,24.292867656780864,13.976880303955078,4.6589601013183595,236.8946075439453,235.45773315429688,147.24391174316406,144.5162353515625,13.165847778320312,False
788,26.266666666666666,0.902052104473114,11.928656604140997,55,0,55,unknown,0.0,JUMPING,False,,,,,,,,,,,,0.0,False
789,26.3,0.9125856161117554,11.255943216383457,55,0,55,double,145.16136596035605,JUMPING,False,,0.4176645071622218,,,24.292867656780864,11.779211302185058,3.926403767395019,238.35247802734375,239.05157470703125,147.788330078125,147.95510864257812,17.827791213989258,False
790,26.333333333333332,0.9145506024360657,12.138403952121735,55,0,55,double,145.16136596035605,JUMPING,False,,0.4176645071622218,,,24.292867656780864,9.860208480834961,3.2867361602783203,238.35247802734375,234.51144409179688,147.788330078125,145.07742309570312,21.29425048828125,False
791,26.366666666666667,0.9224204421043396,11.223718989640474,55,0,55,double,145.16136596035605,JUMPING,False,,0.4176645071622218,,,24.292867656780864,9.860208480834961,3.2867361602783203,238.35247802734375,228.76577758789062,147.788330078125,139.20147705078125,22.72689437866211,False
792,26.4,0.9215443134307861,12.295447755604982,55,0,55,double,145.16136596035605,JUMPING,False,,0.4176645071622218,,,24.292867656780864,9.860208480834961,3.2867361602783203,238.35247802734375,220.76815795898438,147.788330078125,132.26670837402344,21.66034698486328,True
793,26.433333333333334,0.9196518659591675,11.043403297662735,55,0,55,double,145.16136596035605,JUMPING,False,,0.4176645071622218,,,24.292867656780864,9.860208480834961,3.2867361602783203,238.35247802734375,215.73829650878906,147.788330078125,127.87471008300781,21.48385238647461,True
794,26.466666666666665,0.9194934368133545,12.356399092823267,55,0,55,double,145.16136596035605,JUMPING,False,,0.4176645071622218,,,24.292867656780864,9.860208480834961,3.2867361602783203,238.35247802734375,210.59567260742188,147.788330078125,124.43888854980469,18.909427642822266,True
795,26.5,0.907071590423584,11.038328986614943,55,0,55,double,145.16136596035605,JUMPING,False,,0.4176645071622218,,,24.292867656780864,9.860208480834961,3.2867361602783203,238.35247802734375,210.246337890625,147.788330078125,122.96333312988281,17.336835861206055,True
796,26.533333333333335,0.9015851616859436,12.05879868939519,55,0,55,double,145.16136596035605,JUMPING,False,,0.4176645071622218,,,24.292867656780864,9.860208480834961,3.2867361602783203,238.35247802734375,212.35635375976562,147.788330078125,124.09634399414062,14.974665641784668,True
797,26.566666666666666,0.910625159740448,10.784857906401157,55,0,55,double,145.16136596035605,JUMPING,False,,0.4176645071622218,,,24.292867656780864,9.860208480834961,3.2867361602783203,238.35247802734375,217.73020935058594,147.788330078125,127.93598937988281,14.795613288879395,True
798,26.6,0.9032923579216003,11.964400764554739,55,0,55,double,145.16136596035605,JUMPING,False,,0.4176645071622218,,,24.292867656780864,11.779211302185058,3.926403767395019,238.35247802734375,224.38674926757812,147.788330078125,135.34445190429688,16.299638748168945,True
799,26.633333333333333,0.8986296057701111,11.176547035574913,56,0,56,double,140.6250064173949,JUMPING,True,0.466666666666665,0.4284449822531993,26.648269653320312,24.28057861328125,24.881718155915728,14.841417356872558,4.947139118957519,236.8946075439453,229.06692504882812,147.24391174316406,139.98458862304688,18.122844696044922,False
800,26.666666666666668,0.8639433979988098,12.081367895007133,56,0,56,double,140.6250064173949,JUMPING,False,,0.4284449822531993,,,24.881718155915728,9.111081033325195,3.0370270111083983,237.57247924804688,239.0396728515625,146.6398468017578,146.6651611328125,17.11919403076172,False
801,26.7,0.9079487919807434,11.212212033569813,56,0,56,double,140.6250064173949,JUMPING,False,,0.4284449822531993,,,24.881718155915728,12.488534143066406,4.162844714355469,238.945556640625,245.38211059570312,147.26922607421875,151.0383758544922,12.018521308898926,False
802,26.733333333333334,0.9009939432144165,11.753552127629519,56,0,56,double,140.6250064173949,JUMPING,False,,0.4284449822531993,,,24.881718155915728,14.210142764282224,4.7367142547607415,239.04681396484375,245.02056884765625,147.8418426513672,150.12103271484375,12.078954696655273,False
803,26.766666666666666,0.9140779972076416,10.972083080559969,56,0,56,double,140.6250064173949,JUMPING,False,,0.4284449822531993,,,24.881718155915728,12.488534143066406,4.162844714355469,239.04681396484375,238.32626342773438,147.8418426513672,144.79678344726562,14.461976051330566,False
804,26.8,0.9276458024978638,11.81620778515935,56,0,56,double,140.6250064173949,JUMPING,False,,0.4284449822531993,,,24.881718155915728,12.488534143066406,4.162844714355469,239.04681396484375,229.30007934570312,147.8418426513672,137.16944885253906,16.579809188842773,False
805,26.833333333333332,0.9266360998153687,11.242305859923363,56,0,56,double,140.6250064173949,JUMPING,False,,0.4284449822531993,,,24.881718155915728,12.488534143066406,4.162844714355469,239.04681396484375,223.62454223632812,147.8418426513672,132.44345092773438,16.786334991455078,True
806,26.866666666666667,0.9220951795578003,13.265689834952354,56,0,56,double,140.6250064173949,JUMPING,False,,0.4284449822531993,,,24.881718155915728,12.488534143066406,4.162844714355469,239.04681396484375,216.11325073242188,147.8418426513672,127.03750610351562,14.233233451843262,True
807,26.9,0.9213266968727112,11.00525725632906,56,0,56,double,140.6250064173949,JUMPING,False,,0.4284449822531993,,,24.881718155915728,12.488534143066406,4.162844714355469,239.04681396484375,210.02792358398438,147.8418426513672,123.39759826660156,11.989961624145508,True
808,26.933333333333334,0.920154869556427,11.950197163969278,56,0,56,double,140.6250064173949,JUMPING,False,,0.4284449822531993,,,24.881718155915728,12.488534143066406,4.162844714355469,239.04681396484375,208.54629516601562,147.8418426513672,121.93123626708984,11.432358741760254,True
809,26.966666666666665,0.9108565449714661,10.967954993247986,56,0,56,double,140.6250064173949,JUMPING,False,,0.4284449822531993,,,24.881718155915728,12.488534143066406,4.162844714355469,239.04681396484375,210.31622314453125,147.8418426513672,123.73419952392578,11.320648193359375,True
810,27.0,0.9158769845962524,11.919308919459581,56,0,56,double,140.6250064173949,JUMPING,False,,0.4284449822531993,,,24.881718155915728,12.488534143066406,4.162844714355469,239.04681396484375,216.6226348876953,147.8418426513672,128.5718994140625,12.626213073730469,True
811,27.033333333333335,0.9194278120994568,10.97846683114767,56,0,56,double,140.6250064173949,JUMPING,False,,0.4284449822531993,,,24.881718155915728,11.590639947509764,3.8635466491699217,239.04681396484375,221.1298370361328,147.8418426513672,132.12184143066406,13.0548677444458,True
812,27.066666666666666,0.9012793302536011,12.150466907769442,57,0,57,double,140.62487872444308,JUMPING,True,0.43333333333333357,0.42952041949082886,30.399261474609375,25.337989807128906,26.261103985589138,12.488534143066406,4.162844714355469,238.945556640625,227.12863159179688,147.26922607421875,138.8148193359375,13.586899757385254,False
813,27.1,0.8375234603881836,11.196921113878489,57,0,57,double,140.62487872444308,JUMPING,False,,0.42952041949082886,,,26.261103985589138,9.191386394956197,1.0577008117675781,238.945556640625,239.25331115722656,146.72215270996094,146.76014709472656,8.405364036560059,False
814,27.133333333333333,0.8186732530593872,11.796837206929922,57,0,57,unknown,0.0,JUMPING,False,,,,,,,,,,,,0.0,False
815,27.166666666666668,0.8488946557044983,11.061991099268198,57,0,57,double,140.62487872444308,JUMPING,False,,0.42952041949082886,,,26.261103985589138,11.111355834960937,3.7037852783203125,239.04681396484375,241.54974365234375,146.72215270996094,147.45169067382812,11.585912704467773,False
816,27.2,0.9021654725074768,12.17713113874197,57,0,57,double,140.62487872444308,JUMPING,False,,0.42952041949082886,,,26.261103985589138,13.548022146606446,4.516007382202148,239.04681396484375,235.40985107421875,146.72215270996094,142.67623901367188,9.585286140441895,False
817,27.233333333333334,0.903415858745575,11.06045302003622,57,0,57,double,140.62487872444308,JUMPING,False,,0.42952041949082886,,,26.261103985589138,13.548022146606446,4.516007382202148,239.04681396484375,231.0767822265625,146.72215270996094,139.07382202148438,9.852630615234375,False
818,27.266666666666666,0.9213111400604248,12.037867214530706,57,0,57,double,140.62487872444308,JUMPING,False,,0.42952041949082886,,,26.261103985589138,13.548022146606446,4.516007382202148,239.04681396484375,225.03875732421875,146.72215270996094,132.91793823242188,12.768465995788574,True
819,27.3,0.9131268262863159,11.077448260039091,57,0,57,double,140.62487872444308,JUMPING,False,,0.42952041949082886,,,26.261103985589138,13.548022146606446,4.516007382202148,239.04681396484375,220.11428833007812,146.72215270996094,126.91676330566406,11.097830772399902,True
820,27.333333333333332,0.9250609278678894,11.848225258290768,57,0,57,double,140.62487872444308,JUMPING,False,,0.42952041949082886,,,26.261103985589138,13.548022146606446,4.516007382202148,239.04681396484375,214.78164672851562,146.72215270996094,122.75291442871094,13.10986614227295,True
821,27.366666666666667,0.9181870818138123,11.067594401538372,57,0,57,double,140.62487872444308,JUMPING,False,,0.42952041949082886,,,26.261103985589138,13.548022146606446,4.516007382202148,239.04681396484375,213.34222412109375,146.72215270996094,121.09483337402344,14.180188179016113,True
822,27.4,0.9136181473731995,11.845211032778025,57,0,57,double,140.62487872444308,JUMPING,False,,0.42952041949082886,,,26.261103985589138,13.548022146606446,4.516007382202148,239.04681396484375,215.78384399414062,146.72215270996094,123.26466369628906,18.294797897338867,True
823,27.433333333333334,0.9131933450698853,11.270441114902496,57,0,57,double,140.62487872444308,JUMPING,False,,0.42952041949082886,,,26.261103985589138,13.548022146606446,4.516007382202148,239.04681396484375,217.80233764648438,146.72215270996094,125.14280700683594,19.718196868896484,True
824,27.466666666666665,0.9118169546127319,11.863438878208399,57,0,57,double,140.62487872444308,JUMPING,False,,0.42952041949082886,,,26.261103985589138,13.548022146606446,4.516007382202148,239.04681396484375,223.00843811035156,146.72215270996094,130.06910705566406,18.768407821655273,True
825,27.5,0.9041181206703186,11.014571879059076,58,0,58,double,140.6250064173949,JUMPING,True,0.43333333333333357,0.4303592605361799,25.70458984375,25.6273193359375,26.121975450129355,13.548022146606446,4.516007382202148,239.04681396484375,230.26382446289062,146.72215270996094,137.33523559570312,17.897424697875977,False
826,27.533333333333335,0.8511779308319092,12.016238179057837,58,0,58,double,140.6250064173949,JUMPING,False,,0.4303592605361799,,,26.121975450129355,12.439533416748045,4.146511138916015,239.17262268066406,241.84835815429688,146.72215270996094,144.55899047851562,16.9805908203125,False
827,27.566666666666666,0.8886633515357971,10.979762766510248,58,0,58,double,140.6250064173949,JUMPING,False,,0.4303592605361799,,,26.121975450129355,14.212110937499999,4.7373703124999995,240.63116455078125,245.07778930664062,147.12991333007812,147.37643432617188,19.314176559448242,False
828,27.6,0.9146196842193604,11.89294969663024,58,0,58,double,140.6250064173949,JUMPING,False,,0.4303592605361799,,,26.121975450129355,11.959842095947264,3.9866140319824215,240.63116455078125,239.159423828125,147.12991333007812,144.4268798828125,19.010141372680664,False
829,27.633333333333333,0.9122092723846436,11.05352770537138,58,0,58,double,140.6250064173949,JUMPING,False,,0.4303592605361799,,,26.121975450129355,14.212110937499999,4.7373703124999995,240.63116455078125,234.59368896484375,147.12991333007812,141.84027099609375,19.10599136352539,False
830,27.666666666666668,0.9182190895080566,11.762903071939945,58,0,58,double,140.6250064173949,JUMPING,False,,0.4303592605361799,,,26.121975450129355,14.212110937499999,4.7373703124999995,240.63116455078125,228.22271728515625,147.12991333007812,135.45266723632812,18.972787857055664,False
831,27.7,0.9257377982139587,11.14286296069622,58,0,58,double,140.6250064173949,JUMPING,False,,0.4303592605361799,,,26.121975450129355,14.212110937499999,4.7373703124999995,240.63116455078125,219.84158325195312,147.12991333007812,128.3098907470703,18.061206817626953,True
832,27.733333333333334,0.8911858797073364,12.077116873115301,58,0,58,double,140.6250064173949,JUMPING,False,,0.4303592605361799,,,26.121975450129355,14.212110937499999,4.7373703124999995,240.63116455078125,217.283935546875,147.12991333007812,122.85015869140625,19.419673919677734,True
833,27.766666666666666,0.8998605012893677,10.996091179549694,58,0,58,unknown,0.0,JUMPING,False,,,,,,,,,,,,0.0,False
834,27.8,0.9070560932159424,11.977131012827158,58,0,58,double,140.6250064173949,JUMPING,False,,0.4303592605361799,,,26.121975450129355,14.212110937499999,4.7373703124999995,240.63116455078125,217.9510498046875,147.12991333007812,121.57891845703125,14.371016502380371,True
835,27.833333333333332,0.9074529409408569,11.310975067317486,58,0,58,double,140.6250064173949,JUMPING,False,,0.4303592605361799,,,26.121975450129355,11.959842095947264,3.9866140319824215,240.63116455078125,219.1491241455078,147.12991333007812,121.28628540039062,12.497861862182617,True
836,27.866666666666667,0.9140525460243225,12.176870368421078,58,0,58,double,140.6250064173949,JUMPING,False,,0.4303592605361799,,,26.121975450129355,14.318595895385743,4.772865298461914,240.63116455078125,223.45127868652344,146.72215270996094,125.07645416259766,11.641400337219238,True
837,27.9,0.909512996673584,11.28797372803092,58,0,58,double,140.6250064173949,JUMPING,False,,0.4303592605361799,,,26.121975450129355,11.542250033569335,3.847416677856445,240.63116455078125,227.386962890625,146.72215270996094,132.7082977294922,12.352262496948242,True
838,27.933333333333334,0.8998270034790039,11.896776966750622,59,0,59,double,138.46157528240573,JUMPING,True,0.43333333333333357,0.4310135565515537,23.34722900390625,25.435867309570312,25.42828883857358,11.358463375854491,3.7861544586181637,240.63116455078125,236.74090576171875,146.72215270996094,141.74559020996094,10.869782447814941,False
839,27.966666666666665,0.8928037881851196,11.160345282405615,59,0,59,double,138.46157528240573,JUMPING,False,,0.4310135565515537,,,25.42828883857358,8.899901093500752,2.610928820800781,241.41551208496094,241.21417236328125,147.00379943847656,147.16622924804688,11.272194862365723,False
840,28.0,0.8935089111328125,12.23745197057724,59,0,59,double,138.46157528240573,JUMPING,False,,0.4310135565515537,,,25.42828883857358,8.899901093500752,2.2089464080810544,241.41551208496094,240.5295867919922,147.00379943847656,146.33309936523438,13.88613510131836,False
841,28.033333333333335,0.8974076509475708,10.973338969051838,59,0,59,double,138.46157528240573,JUMPING,False,,0.4310135565515537,,,25.42828883857358,8.899901093500752,2.3895658905029293,241.41551208496094,238.4557342529297,147.00379943847656,145.088623046875,16.434350967407227,False
842,28.066666666666666,0.9286363124847412,12.140227016061544,59,0,59,double,138.46157528240573,JUMPING,False,,0.4310135565515537,,,25.42828883857358,8.899901093500752,2.3895658905029293,241.41551208496094,231.69847106933594,147.00379943847656,139.59271240234375,16.70769500732422,True
843,28.1,0.9297353029251099,10.968232993036509,59,0,59,double,138.46157528240573,JUMPING,False,,0.4310135565515537,,,25.42828883857358,8.899901093500752,2.3895658905029293,241.41551208496094,223.31195068359375,147.00379943847656,132.1778106689453,16.651647567749023,True
844,28.133333333333333,0.8857198357582092,11.99055602774024,59,0,59,double,138.46157528240573,JUMPING,False,,0.4310135565515537,,,25.42828883857358,8.899901093500752,2.3895658905029293,241.41551208496094,219.08885192871094,147.00379943847656,125.54547119140625,15.248191833496094,True
845,28.166666666666668,0.8997403383255005,11.155780870467424,59,0,59,double,138.46157528240573,JUMPING,False,,0.4310135565515537,,,25.42828883857358,8.899901093500752,2.3895658905029293,241.41551208496094,216.05873107910156,147.00379943847656,121.21990203857422,12.17209243774414,True
846,28.2,0.8861062526702881,13.362898956984282,59,0,59,double,138.46157528240573,JUMPING,False,,0.4310135565515537,,,25.42828883857358,8.899901093500752,2.3895658905029293,241.41551208496094,214.3067626953125,147.00379943847656,120.51310729980469,12.70751953125,True
847,28.233333333333334,0.7892424464225769,11.15036429837346,59,0,59,double,138.46157528240573,JUMPING,False,,0.4310135565515537,,,25.42828883857358,9.224081323242187,3.074693774414062,241.41551208496094,212.84051513671875,147.00379943847656,120.44599914550781,11.385747909545898,True
848,28.266666666666666,0.9031516313552856,11.821025051176548,59,0,59,double,138.46157528240573,JUMPING,False,,0.4310135565515537,,,25.42828883857358,10.214072451782226,3.404690817260742,240.94033813476562,215.9643096923828,146.58932495117188,123.32955932617188,13.925590515136719,True
849,28.3,0.9057356119155884,11.041299905627966,59,0,59,double,138.46157528240573,JUMPING,False,,0.4310135565515537,,,25.42828883857358,9.676625427246092,3.225541809082031,240.01907348632812,221.27210998535156,145.83531188964844,129.18211364746094,15.262492179870605,True
850,28.333333333333332,0.8942373991012573,12.130993884056807,60,0,60,double,138.4614610108126,JUMPING,True,0.3999999999999986,0.4241905741102116,27.178558349609375,25.389312744140625,25.865856216332528,10.214072451782226,3.404690817260742,240.01907348632812,232.11944580078125,145.83531188964844,137.989990234375,13.676562309265137,False
851,28.366666666666667,0.9018872976303101,11.229468043893576,60,0,60,double,138.4614610108126,JUMPING,False,,0.4241905741102116,,,25.865856216332528,9.053049675716384,2.2935891677856444,240.6066436767578,240.65802001953125,146.2934112548828,146.23387145996094,8.568323135375977,False
852,28.4,0.8757742643356323,12.039688881486654,60,0,60,double,138.4614610108126,JUMPING,False,,0.4241905741102116,,,25.865856216332528,9.053049675716384,2.031403610229492,240.99171447753906,244.80755615234375,146.58932495117188,150.7257843017578,9.400142669677734,False
853,28.433333333333334,0.8651890754699707,11.64074894040823,60,0,60,double,138.4614610108126,JUMPING,False,,0.4241905741102116,,,25.865856216332528,9.053049675716384,2.6482675552368162,241.41551208496094,246.81488037109375,147.00379943847656,152.67471313476562,10.169062614440918,False
854,28.466666666666665,0.9171105623245239,11.864608153700829,60,0,60,double,138.4614610108126,JUMPING,False,,0.4241905741102116,,,25.865856216332528,9.053049675716384,2.564495768737793,241.72891235351562,242.20248413085938,147.2923583984375,149.15850830078125,12.08924388885498,False
855,28.5,0.9163364171981812,11.239491868764162,60,0,60,double,138.4614610108126,JUMPING,False,,0.4241905741102116,,,25.865856216332528,9.053049675716384,2.289822491455078,241.72891235351562,235.77142333984375,147.2923583984375,141.85955810546875,14.821794509887695,False
856,28.533333333333335,0.8981589078903198,13.256501872092485,60,0,60,double,138.4614610108126,JUMPING,False,,0.4241905741102116,,,25.865856216332528,9.053049675716384,2.564495768737793,241.72891235351562,226.20440673828125,147.2923583984375,133.4801025390625,16.99842643737793,True
857,28.566666666666666,0.9103339910507202,10.948688257485628,60,0,60,double,138.4614610108126,JUMPING,False,,0.4241905741102116,,,25.865856216332528,9.053049675716384,2.564495768737793,241.72891235351562,218.91049194335938,147.2923583984375,126.77822875976562,16.466819763183594,True
858,28.6,0.9162149429321289,11.952225118875504,60,0,60,double,138.4614610108126,JUMPING,False,,0.4241905741102116,,,25.865856216332528,9.053049675716384,2.564495768737793,241.72891235351562,215.70034790039062,147.2923583984375,122.58136749267578,19.059303283691406,True
859,28.633333333333333,0.9042161703109741,11.448699980974197,60,0,60,double,138.4614610108126,JUMPING,False,,0.4241905741102116,,,25.865856216332528,9.053049675716384,2.564495768737793,241.72891235351562,213.20828247070312,147.2923583984375,120.585205078125,20.75495719909668,True
860,28.666666666666668,0.8951067924499512,12.276100926101208,60,0,60,double,138.4614610108126,JUMPING,False,,0.4241905741102116,,,25.865856216332528,9.467218583679198,3.155739527893066,241.72891235351562,211.52847290039062,147.2923583984375,120.92597198486328,18.567102432250977,True
861,28.7,0.9150498509407043,11.401367839425802,60,0,60,double,138.4614610108126,JUMPING,False,,0.4241905741102116,,,25.865856216332528,9.79532663269043,3.2651088775634762,241.5946807861328,216.10455322265625,146.83297729492188,124.64645385742188,19.519519805908203,True
862,28.733333333333334,0.9199545383453369,12.085887137800455,60,0,60,double,138.4614610108126,JUMPING,False,,0.4241905741102116,,,25.865856216332528,9.467218583679198,3.155739527893066,241.5946807861328,221.97332763671875,146.83297729492188,131.37493896484375,20.993980407714844,True
863,28.766666666666666,0.9017454981803894,11.05267833918333,60,0,60,double,138.4614610108126,JUMPING,False,,0.4241905741102116,,,25.865856216332528,9.467218583679198,3.155739527893066,241.5946807861328,231.94569396972656,146.83297729492188,140.52346801757812,19.708057403564453,True
864,28.8,0.8818325996398926,12.104054912924767,61,0,61,double,138.46157528240573,JUMPING,True,0.46666666666666856,0.43353531447263216,30.532363891601562,26.7071533203125,27.032483135149786,12.26898102722168,4.089660342407226,242.0608367919922,245.2891845703125,147.2923583984375,148.2457275390625,20.100811004638672,False
865,28.833333333333332,0.8593956828117371,11.208545882254839,61,0,61,double,138.46157528240573,JUMPING,False,,0.43353531447263216,,,27.032483135149786,13.16192085571289,4.387306951904296,243.76551818847656,253.59007263183594,147.89801025390625,152.45175170898438,19.745342254638672,False
866,28.866666666666667,0.9004278182983398,13.059609103947878,61,0,61,double,138.46157528240573,JUMPING,False,,0.43353531447263216,,,27.032483135149786,12.788782360839843,4.262927453613281,244.96969604492188,251.02880859375,148.79339599609375,152.76332092285156,20.149354934692383,False
867,28.9,0.9131565093994141,13.51890992373228,61,0,61,double,138.46157528240573,JUMPING,False,,0.43353531447263216,,,27.032483135149786,10.125911865234375,3.3753039550781248,244.96969604492188,243.129638671875,148.79339599609375,148.00823974609375,20.920265197753906,False
868,28.933333333333334,0.9187400937080383,12.078652158379555,61,0,61,double,138.46157528240573,JUMPING,False,,0.43353531447263216,,,27.032483135149786,10.125911865234375,3.3753039550781248,244.96969604492188,233.1796417236328,148.79339599609375,140.4368896484375,21.509952545166016,True
869,28.966666666666665,0.9204745292663574,11.033904273062944,61,0,61,double,138.46157528240573,JUMPING,False,,0.43353531447263216,,,27.032483135149786,10.125911865234375,3.3753039550781248,244.96969604492188,223.63560485839844,148.79339599609375,132.51272583007812,20.588043212890625,True
870,29.0,0.9254231452941895,11.939923744648695,61,0,61,double,138.46157528240573,JUMPING,False,,0.43353531447263216,,,27.032483135149786,10.125911865234375,3.3753039550781248,244.96969604492188,215.21408081054688,148.79339599609375,125.94189453125,20.341171264648438,True
871,29.033333333333335,0.9247690439224243,11.030974797904491,61,0,61,double,138.46157528240573,JUMPING,False,,0.43353531447263216,,,27.032483135149786,10.125911865234375,3.3753039550781248,244.96969604492188,210.5697021484375,148.79339599609375,122.6167984008789,20.381637573242188,True
872,29.066666666666666,0.9130092859268188,11.857097037136555,61,0,61,double,138.46157528240573,JUMPING,False,,0.43353531447263216,,,27.032483135149786,10.99326544189453,3.6644218139648435,244.96969604492188,209.14056396484375,148.79339599609375,120.62321472167969,18.636545181274414,True
873,29.1,0.9067162871360779,11.016145814210176,61,0,61,double,138.46157528240573,JUMPING,False,,0.43353531447263216,,,27.032483135149786,13.534923614501952,4.5116412048339845,244.13638305664062,209.70069885253906,148.79339599609375,121.31610107421875,17.415586471557617,True
874,29.133333333333333,0.9027786254882812,11.841617058962584,61,0,61,double,138.46157528240573,JUMPING,False,,0.43353531447263216,,,27.032483135149786,10.596033792114257,3.532011264038086,244.13638305664062,213.15899658203125,148.79339599609375,125.1219253540039,18.725149154663086,True
875,29.166666666666668,0.914135217666626,11.14339241757989,61,0,61,double,138.46157528240573,JUMPING,False,,0.43353531447263216,,,27.032483135149786,10.596033792114257,3.532011264038086,244.13638305664062,220.15330505371094,148.79339599609375,132.534423828125,18.588912963867188,True
876,29.2,0.9148778319358826,11.988707818090916,61,0,61,double,138.46157528240573,JUMPING,False,,0.43353531447263216,,,27.032483135149786,10.596033792114257,3.532011264038086,244.13638305664062,228.79869079589844,148.79339599609375,140.6977081298828,16.57115936279297,True
877,29.233333333333334,0.9127995371818542,11.24792080372572,62,0,62,double,138.46157528240573,JUMPING,True,0.43333333333333357,0.4334908786219865,34.995819091796875,28.170181274414062,29.023317124311557,10.596033792114257,3.532011264038086,244.13638305664062,234.99755859375,148.79339599609375,145.621826171875,15.041901588439941,False
878,29.266666666666666,0.9100964665412903,12.037266977131367,62,0,62,double,138.46157528240573,JUMPING,False,,0.4334908786219865,,,29.023317124311557,11.586839337158203,3.8622797790527343,244.13638305664062,239.88572692871094,149.03311157226562,148.84503173828125,16.267498016357422,False
879,29.3,0.8944026827812195,11.079309042543173,62,0,62,double,138.46157528240573,JUMPING,False,,0.4334908786219865,,,29.023317124311557,14.125816722106933,4.708605574035644,244.13638305664062,238.09963989257812,149.03311157226562,147.91119384765625,17.32656478881836,False
880,29.333333333333332,0.9197344779968262,12.003828305751085,62,0,62,double,138.46157528240573,JUMPING,False,,0.4334908786219865,,,29.023317124311557,14.125816722106933,4.708605574035644,244.13638305664062,232.28982543945312,149.03311157226562,142.84068298339844,18.889266967773438,False
881,29.366666666666667,0.9195694327354431,11.06858579441905,62,0,62,double,138.46157528240573,JUMPING,False,,0.4334908786219865,,,29.023317124311557,14.125816722106933,4.708605574035644,244.13638305664062,225.39404296875,149.03311157226562,135.8769073486328,19.84126853942871,True
882,29.4,0.9168616533279419,11.98784215375781,62,0,62,double,138.46157528240573,JUMPING,False,,0.4334908786219865,,,29.023317124311557,14.125816722106933,4.708605574035644,244.13638305664062,217.4977264404297,149.03311157226562,129.4758758544922,19.48505210876465,True
883,29.433333333333334,0.9168660640716553,11.418596841394901,62,0,62,double,138.46157528240573,JUMPING,False,,0.4334908786219865,,,29.023317124311557,11.586839337158203,3.8622797790527343,244.13638305664062,212.81312561035156,149.03311157226562,125.62860107421875,19.415515899658203,True
884,29.466666666666665,0.9147957563400269,11.992582585662603,62,0,62,double,138.46157528240573,JUMPING,False,,0.4334908786219865,,,29.023317124311557,12.016749449157714,4.0055831497192385,244.13638305664062,210.64004516601562,149.03311157226562,123.2935791015625,18.229867935180664,True
885,29.5,0.8854889273643494,11.000822763890028,62,0,62,double,138.46157528240573,JUMPING,False,,0.4334908786219865,,,29.023317124311557,14.428270651245116,4.809423550415039,244.13638305664062,212.4060516357422,149.03311157226562,123.17955017089844,17.83860206604004,True
886,29.533333333333335,0.907657265663147,11.771926190704107,62,0,62,double,138.46157528240573,JUMPING,False,,0.4334908786219865,,,29.023317124311557,13.692241735839843,4.564080578613281,244.13638305664062,215.373046875,149.03311157226562,126.14736938476562,17.14299774169922,True
887,29.566666666666666,0.8954601883888245,10.987276677042246,62,0,62,double,138.46157528240573,JUMPING,False,,0.4334908786219865,,,29.023317124311557,13.692241735839843,4.564080578613281,244.13638305664062,222.28424072265625,149.03311157226562,132.41455078125,17.1568660736084,True
888,29.6,0.8490719795227051,12.028323952108622,63,0,63,double,142.85711690682604,JUMPING,True,0.36666666666666714,0.4187895519918162,33.496337890625,25.853561401367188,30.141572315889917,13.692241735839843,4.564080578613281,244.13638305664062,232.5516357421875,149.03311157226562,140.6407470703125,18.714420318603516,False
889,29.633333333333333,0.8771906495094299,11.20567275211215,63,0,63,double,142.85711690682604,JUMPING,False,,0.4187895519918162,,,30.141572315889917,14.428270651245116,4.809423550415039,244.13638305664062,237.06781005859375,149.03311157226562,145.44326782226562,15.686262130737305,False
890,29.666666666666668,0.8981665968894958,11.970965657383204,63,0,63,unknown,0.0,JUMPING,False,,,,,,,,,,,,0.0,False
891,29.7,0.9040762186050415,11.118649039417505,63,0,63,double,142.85711690682604,JUMPING,False,,0.4187895519918162,,,30.141572315889917,14.697435305786133,4.899145101928711,244.13638305664062,238.83753967285156,149.03311157226562,147.86541748046875,14.910722732543945,False
892,29.733333333333334,0.9005911946296692,12.076228857040405,63,0,63,double,142.85711690682604,JUMPING,False,,0.4187895519918162,,,30.141572315889917,14.966599960327148,4.988866653442383,244.13638305664062,236.4168701171875,149.03311157226562,144.5363311767578,13.605843544006348,False
893,29.766666666666666,0.8993279933929443,10.986391454935074,63,0,63,double,142.85711690682604,JUMPING,False,,0.4187895519918162,,,30.141572315889917,14.966599960327148,4.988866653442383,244.13638305664062,230.40997314453125,149.03311157226562,138.55648803710938,13.982171058654785,False
894,29.8,0.9035831689834595,11.92040927708149,63,0,63,double,142.85711690682604,JUMPING,False,,0.4187895519918162,,,30.141572315889917,14.966599960327148,4.988866653442383,244.13638305664062,222.84634399414062,149.03311157226562,132.28497314453125,13.471630096435547,True
895,29.833333333333332,0.9083279967308044,10.898265987634659,63,0,63,double,142.85711690682604,JUMPING,False,,0.4187895519918162,,,30.141572315889917,14.966599960327148,4.988866653442383,244.13638305664062,217.82843017578125,149.03311157226562,128.368408203125,13.04517936706543,True
896,29.866666666666667,0.8743840456008911,11.80366799235344,63,0,63,double,142.85711690682604,JUMPING,False,,0.4187895519918162,,,30.141572315889917,14.966599960327148,4.988866653442383,244.13638305664062,217.94064331054688,149.03311157226562,125.31975555419922,12.365859985351562,True
897,29.9,0.9007369875907898,11.045873165130615,63,0,63,double,142.85711690682604,JUMPING,False,,0.4187895519918162,,,30.141572315889917,17.7408079788208,5.9136026596069335,244.13638305664062,217.13929748535156,149.03311157226562,124.64895629882812,12.534649848937988,True
898,29.933333333333334,0.8965715169906616,11.918905656784773,63,0,63,double,142.85711690682604,JUMPING,False,,0.4187895519918162,,,30.141572315889917,15.428781326293944,5.142927108764648,242.75877380371094,217.03436279296875,148.60531616210938,126.48576354980469,13.368144035339355,True
899,29.966666666666665,0.9032043218612671,10.94453176483512,63,0,63,double,142.85711690682604,JUMPING,False,,0.4187895519918162,,,30.141572315889917,14.533126776123048,4.844375592041016,241.27577209472656,221.49464416503906,148.15072631835938,131.32077026367188,15.500089645385742,True
900,30.0,0.8902172446250916,11.809790041297674,64,0,64,double,145.1612298961488,JUMPING,True,0.3999999999999986,0.41465585055361637,22.432083129882812,23.320465087890625,28.21420001938814,17.293795120239256,5.764598373413086,239.46644592285156,230.74929809570312,147.96942138671875,139.49493408203125,14.80285358428955,False
901,30.033333333333335,0.8842504024505615,11.06372894719243,64,0,64,double,145.1612298961488,JUMPING,False,,0.41465585055361637,,,28.21420001938814,17.293795120239256,5.764598373413086,239.46644592285156,236.87484741210938,147.96942138671875,144.313720703125,15.343344688415527,False
902,30.066666666666666,0.8975039720535278,12.080402113497257,64,0,64,double,145.1612298961488,JUMPING,False,,0.41465585055361637,,,28.21420001938814,14.928525988769533,4.976175329589844,241.83206176757812,245.9197998046875,148.15072631835938,150.41146850585938,15.589177131652832,False
903,30.1,0.8933853507041931,11.076167225837708,64,0,64,double,145.1612298961488,JUMPING,False,,0.41465585055361637,,,28.21420001938814,22.37242857055664,7.457476190185546,244.4253692626953,250.798828125,148.60531616210938,153.89129638671875,18.73778533935547,False
904,30.133333333333333,0.8826239109039307,11.850879061967134,64,0,64,double,145.1612298961488,JUMPING,False,,0.41465585055361637,,,28.21420001938814,23.614820947265624,7.871606982421874,245.6675567626953,247.64553833007812,149.78489685058594,151.73196411132812,16.772438049316406,False
905,30.166666666666668,0.9090296030044556,11.195241939276457,64,0,64,double,145.1612298961488,JUMPING,False,,0.41465585055361637,,,28.21420001938814,24.50579260253906,8.168597534179687,245.6675567626953,239.35498046875,149.78489685058594,145.28048706054688,16.32738494873047,False
906,30.2,0.9090239405632019,12.112529948353767,64,0,64,double,145.1612298961488,JUMPING,False,,0.41465585055361637,,,28.21420001938814,24.50579260253906,8.168597534179687,245.6675567626953,233.1007080078125,149.78489685058594,140.48223876953125,15.462048530578613,False
907,30.233333333333334,0.9129140377044678,11.037901975214481,64,0,64,double,145.1612298961488,JUMPING,False,,0.41465585055361637,,,28.21420001938814,24.50579260253906,8.168597534179687,245.6675567626953,225.6072998046875,149.78489685058594,134.36767578125,14.316241264343262,False
908,30.266666666666666,0.916325569152832,12.055767700076103,64,0,64,double,145.1612298961488,JUMPING,False,,0.41465585055361637,,,28.21420001938814,24.50579260253906,8.168597534179687,245.6675567626953,218.20773315429688,149.78489685058594,128.8310546875,14.189875602722168,True
909,30.3,0.911523163318634,10.970628820359707,64,0,64,double,145.1612298961488,JUMPING,False,,0.41465585055361637,,,28.21420001938814,24.50579260253906,8.168597534179687,245.6675567626953,214.36207580566406,149.78489685058594,125.12358093261719,13.653532028198242,True
910,30.333333333333332,0.9055892825126648,11.9424257427454,64,0,64,double,145.1612298961488,JUMPING,False,,0.41465585055361637,,,28.21420001938814,19.68593999633789,6.561979998779297,244.80372619628906,212.42344665527344,149.78489685058594,123.21626281738281,13.273687362670898,True
911,30.366666666666667,0.9164220094680786,10.893866885453463,64,0,64,double,145.1612298961488,JUMPING,False,,0.41465585055361637,,,28.21420001938814,13.068127221679687,4.356042407226562,241.83206176757812,212.95042419433594,148.51031494140625,123.08030700683594,13.389060020446777,True
912,30.4,0.9129945039749146,12.02981872484088,64,0,64,double,145.1612298961488,JUMPING,False,,0.41465585055361637,,,28.21420001938814,15.545616160583494,5.181872053527831,239.67343139648438,217.31573486328125,147.96942138671875,126.00621032714844,13.765806198120117,True
913,30.433333333333334,0.9116470217704773,10.9173022210598,64,0,64,double,145.1612298961488,JUMPING,False,,0.41465585055361637,,,28.21420001938814,12.533530654907224,4.177843551635742,239.14801025390625,223.18829345703125,147.89288330078125,131.59559631347656,14.959566116333008,True
914,30.466666666666665,0.9087247252464294,11.908333282917738,65,0,65,double,140.6250064173949,JUMPING,True,0.466666666666665,0.4260982300984871,26.724563598632812,24.812576293945312,27.841790914199308,12.533530654907224,4.177843551635742,239.14801025390625,231.85467529296875,147.89288330078125,139.65042114257812,13.564178466796875,False
915,30.5,0.9138228297233582,11.057682801038027,65,0,65,double,140.6250064173949,JUMPING,False,,0.4260982300984871,,,27.841790914199308,11.194867460632324,3.7316224868774412,239.14801025390625,237.13900756835938,147.89288330078125,144.46514892578125,12.351131439208984,False
916,30.533333333333335,0.8872258067131042,11.987986043095589,65,0,65,double,140.6250064173949,JUMPING,False,,0.4260982300984871,,,27.841790914199308,10.870797560119628,3.6235991867065427,239.67343139648438,242.13360595703125,147.89288330078125,147.32449340820312,13.236228942871094,False
917,30.566666666666666,0.8878785967826843,11.08673820272088,65,0,65,double,140.6250064173949,JUMPING,False,,0.4260982300984871,,,27.841790914199308,10.898860995483398,3.6329536651611325,241.2344512939453,244.16700744628906,148.18374633789062,148.36544799804688,12.59524917602539,False
918,30.6,0.8997625112533569,11.9255599565804,65,0,65,double,140.6250064173949,JUMPING,False,,0.4260982300984871,,,27.841790914199308,11.031135809326171,3.6770452697753906,241.31008911132812,240.0748291015625,148.18374633789062,144.27757263183594,18.646024703979492,False
919,30.633333333333333,0.8155035376548767,11.223867069929838,65,0,65,double,140.6250064173949,JUMPING,False,,0.4260982300984871,,,27.841790914199308,11.031135809326171,3.6770452697753906,241.31008911132812,232.06292724609375,148.18374633789062,137.4024200439453,18.156169891357422,False
920,30.666666666666668,0.9214386940002441,12.049014680087566,65,0,65,double,140.6250064173949,JUMPING,False,,0.4260982300984871,,,27.841790914199308,11.031135809326171,3.6770452697753906,241.31008911132812,222.5908203125,148.18374633789062,130.51409912109375,15.456039428710938,True
921,30.7,0.9186583757400513,11.063937097787857,65,0,65,double,140.6250064173949,JUMPING,False,,0.4260982300984871,,,27.841790914199308,11.031135809326171,3.6770452697753906,241.31008911132812,215.20156860351562,148.18374633789062,125.46733093261719,14.232443809509277,True
922,30.733333333333334,0.9119724035263062,11.854726355522871,65,0,65,double,140.6250064173949,JUMPING,False,,0.4260982300984871,,,27.841790914199308,11.031135809326171,3.6770452697753906,241.31008911132812,213.29910278320312,148.18374633789062,123.29110717773438,14.711641311645508,True
923,30.766666666666666,0.6784536838531494,11.15588378161192,65,0,65,double,140.6250064173949,JUMPING,False,,0.4260982300984871,,,27.841790914199308,11.265823498535156,3.7552744995117187,241.31008911132812,213.45294189453125,148.18374633789062,123.83366394042969,12.105164527893066,True
924,30.8,0.9125636219978333,12.03175401315093,65,0,65,double,140.6250064173949,JUMPING,False,,0.4260982300984871,,,27.841790914199308,11.031135809326171,3.6770452697753906,241.31008911132812,219.28555297851562,147.89288330078125,128.29623413085938,12.119357109069824,True
925,30.833333333333332,0.9132490158081055,11.098956223577261,65,0,65,double,140.6250064173949,JUMPING,False,,0.4260982300984871,,,27.841790914199308,12.20287755432129,4.06762585144043,241.31008911132812,223.86398315429688,147.6490478515625,131.53076171875,11.978819847106934,True
926,30.866666666666667,0.9006688594818115,12.04444607719779,66,0,66,double,145.1612298961488,JUMPING,True,0.40000000000000213,0.4203566194768204,28.010986328125,24.357940673828125,27.88408976768073,12.20287755432129,4.06762585144043,241.31008911132812,231.41781616210938,147.6490478515625,137.56927490234375,12.401467323303223,False
927,30.9,0.902710497379303,10.944507084786892,66,0,66,unknown,0.0,JUMPING,False,,,,,,,,,,,,0.0,False
928,30.933333333333334,0.8527631163597107,12.142615858465433,66,0,66,unknown,0.0,JUMPING,False,,,,,,,,,,,,0.0,False
929,30.966666666666665,0.8669577836990356,11.14832004532218,66,0,66,unknown,0.0,JUMPING,False,,,,,,,,,,,,0.0,False
930,31.0,0.8762025237083435,12.08619074895978,66,0,66,double,145.1612298961488,JUMPING,False,,0.4203566194768204,,,27.88408976768073,12.358770446777342,4.119590148925781,241.31008911132812,235.6294403076172,147.6490478515625,140.82830810546875,16.273935317993164,False
931,31.033333333333335,0.8873965740203857,10.940123815089464,66,0,66,double,145.1612298961488,JUMPING,False,,0.4203566194768204,,,27.88408976768073,12.358770446777342,4.119590148925781,241.31008911132812,233.41766357421875,147.6490478515625,138.05609130859375,15.529967308044434,False
932,31.066666666666666,0.9099329710006714,11.976346839219332,66,0,66,double,145.1612298961488,JUMPING,False,,0.4203566194768204,,,27.88408976768073,12.358770446777342,4.119590148925781,241.31008911132812,227.33985900878906,147.6490478515625,132.44320678710938,14.892955780029297,True
933,31.1,0.9112851619720459,11.286311317235231,66,0,66,double,145.1612298961488,JUMPING,False,,0.4203566194768204,,,27.88408976768073,12.358770446777342,4.119590148925781,241.31008911132812,219.68753051757812,147.6490478515625,127.31636047363281,14.570608139038086,True
934,31.133333333333333,0.8867010474205017,12.036006897687912,66,0,66,double,145.1612298961488,JUMPING,False,,0.4203566194768204,,,27.88408976768073,12.358770446777342,4.119590148925781,241.31008911132812,215.48321533203125,147.6490478515625,122.97039794921875,13.412550926208496,True
935,31.166666666666668,0.9023176431655884,11.049908120185137,66,0,66,double,145.1612298961488,JUMPING,False,,0.4203566194768204,,,27.88408976768073,12.358770446777342,4.119590148925781,241.31008911132812,214.7530517578125,147.6490478515625,121.60799407958984,14.197504043579102,True
936,31.2,0.9118338823318481,12.004748918116093,66,0,66,double,145.1612298961488,JUMPING,False,,0.4203566194768204,,,27.88408976768073,12.358770446777342,4.119590148925781,241.31008911132812,217.27581787109375,147.6490478515625,123.85407257080078,15.532779693603516,True
937,31.233333333333334,0.9139881730079651,11.2322848290205,66,0,66,double,145.1612298961488,JUMPING,False,,0.4203566194768204,,,27.88408976768073,12.358770446777342,4.119590148925781,241.31008911132812,219.06085205078125,147.6490478515625,125.62935638427734,16.414295196533203,True
938,31.266666666666666,0.9092070460319519,12.206749059259892,66,0,66,double,145.1612298961488,JUMPING,False,,0.4203566194768204,,,27.88408976768073,13.65050289001465,4.550167630004883,241.31008911132812,224.4571075439453,147.6490478515625,130.93630981445312,17.401592254638672,True
939,31.3,0.9021812081336975,11.015765834599733,67,0,67,double,145.16136596035605,JUMPING,True,0.43333333333333357,0.4232114965252533,26.557037353515625,24.898887634277344,27.552326664139454,16.269869970703127,5.423289990234375,241.31008911132812,233.57118225097656,146.5068817138672,138.78732299804688,13.952520370483398,False
940,31.333333333333332,0.8378675580024719,11.704727075994015,67,0,67,unknown,0.0,JUMPING,False,,,,,,,,,,,,0.0,False
941,31.366666666666667,0.86786288022995,12.411344330757856,67,0,67,double,145.16136596035605,JUMPING,False,,0.4232114965252533,,,27.552326664139454,14.232878558349608,4.744292852783203,241.31008911132812,238.93588256835938,146.5068817138672,143.43292236328125,16.358753204345703,False
942,31.4,0.9034072756767273,12.191899120807648,67,0,67,double,145.16136596035605,JUMPING,False,,0.4232114965252533,,,27.552326664139454,15.401668043518066,5.1338893478393555,241.31008911132812,235.57411193847656,146.5068817138672,141.02969360351562,19.27872657775879,False
943,31.433333333333334,0.9036520719528198,11.049346998333931,67,0,67,double,145.16136596035605,JUMPING,False,,0.4232114965252533,,,27.552326664139454,15.401668043518066,5.1338893478393555,241.31008911132812,232.81747436523438,146.5068817138672,138.931884765625,20.887460708618164,False
944,31.466666666666665,0.9155308604240417,12.008042074739933,67,0,67,double,145.16136596035605,JUMPING,False,,0.4232114965252533,,,27.552326664139454,15.401668043518066,5.1338893478393555,241.31008911132812,228.21669006347656,146.5068817138672,133.36868286132812,20.81873321533203,False
945,31.5,0.92368483543396,11.043830774724483,67,0,67,double,145.16136596035605,JUMPING,False,,0.4232114965252533,,,27.552326664139454,15.401668043518066,5.1338893478393555,241.31008911132812,221.20907592773438,146.5068817138672,127.683837890625,18.519990921020508,True
946,31.533333333333335,0.9169986844062805,12.032306287437677,67,0,67,double,145.16136596035605,JUMPING,False,,0.4232114965252533,,,27.552326664139454,15.401668043518066,5.1338893478393555,241.31008911132812,216.6444091796875,146.5068817138672,123.40198516845703,16.88974952697754,True
947,31.566666666666666,0.9082924723625183,11.182211805135012,67,0,67,double,145.16136596035605,JUMPING,False,,0.4232114965252533,,,27.552326664139454,15.401668043518066,5.1338893478393555,241.31008911132812,214.80694580078125,146.5068817138672,121.41663360595703,17.57979393005371,True
948,31.6,0.8813087940216064,12.02343124896288,67,0,67,double,145.16136596035605,JUMPING,False,,0.4232114965252533,,,27.552326664139454,15.401668043518066,5.1338893478393555,241.31008911132812,217.68136596679688,146.5068817138672,122.0711669921875,17.87353515625,True
949,31.633333333333333,0.9002406001091003,11.076716240495443,67,0,67,double,145.16136596035605,JUMPING,False,,0.4232114965252533,,,27.552326664139454,15.401668043518066,5.1338893478393555,241.31008911132812,219.00106811523438,146.5068817138672,122.85138702392578,17.010026931762695,True
950,31.666666666666668,0.8790485858917236,11.857438832521439,68,0,68,double,145.16136596035605,JUMPING,True,0.36666666666666714,0.41077163395636435,26.503143310546875,25.090248107910156,27.290030825741308,18.201190841674805,6.067063613891602,241.31008911132812,224.2545928955078,146.5068817138672,127.32811737060547,16.531099319458008,False
951,31.7,0.9113702178001404,11.211603879928589,68,0,68,double,145.16136596035605,JUMPING,False,,0.41077163395636435,,,27.290030825741308,14.952483407592773,4.984161135864258,239.78689575195312,232.66452026367188,144.954345703125,135.1663818359375,13.146051406860352,False
952,31.733333333333334,0.8186566829681396,11.960195377469063,68,0,68,double,145.16136596035605,JUMPING,False,,0.41077163395636435,,,27.290030825741308,16.57045752868652,5.523485842895507,239.78689575195312,243.39126586914062,144.39012145996094,143.2506561279297,15.822848320007324,False
953,31.766666666666666,0.8454458713531494,11.10562402755022,68,0,68,double,145.16136596035605,JUMPING,False,,0.41077163395636435,,,27.290030825741308,14.952483407592773,4.984161135864258,239.78689575195312,250.24758911132812,144.39012145996094,147.45901489257812,18.714399337768555,False
954,31.8,0.9203146696090698,11.73969591036439,68,0,68,unknown,0.0,JUMPING,False,,,,,,,,,,,,0.0,False
955,31.833333333333332,0.9298222661018372,11.252595577389002,68,0,68,double,145.16136596035605,JUMPING,False,,0.41077163395636435,,,27.290030825741308,15.629568928527831,5.209856309509277,241.31008911132812,249.67706298828125,144.39012145996094,145.70436096191406,20.852222442626953,False
956,31.866666666666667,0.891265869140625,12.232017703354359,68,0,68,double,145.16136596035605,JUMPING,False,,0.41077163395636435,,,27.290030825741308,14.750847454833984,4.916949151611328,242.88819885253906,243.7750244140625,144.39012145996094,139.30865478515625,24.666109085083008,False
957,31.9,0.7977664470672607,11.190655641257763,68,0,68,double,145.16136596035605,JUMPING,False,,0.41077163395636435,,,27.290030825741308,14.750847454833984,4.916949151611328,242.88819885253906,232.85107421875,144.39012145996094,132.13839721679688,21.535781860351562,False
958,31.933333333333334,0.9008435606956482,12.141156941652298,68,0,68,double,145.16136596035605,JUMPING,False,,0.41077163395636435,,,27.290030825741308,14.750847454833984,4.916949151611328,242.88819885253906,224.501953125,144.39012145996094,125.52446746826172,21.86147689819336,True
959,31.966666666666665,0.874633252620697,11.636984068900347,68,0,68,double,145.16136596035605,JUMPING,False,,0.41077163395636435,,,27.290030825741308,14.750847454833984,4.916949151611328,242.88819885253906,219.28237915039062,144.39012145996094,121.23678588867188,19.518146514892578,True
960,32.0,0.8927544355392456,12.092812918126583,68,0,68,double,145.16136596035605,JUMPING,False,,0.41077163395636435,,,27.290030825741308,14.750847454833984,4.916949151611328,242.88819885253906,220.62176513671875,144.39012145996094,120.07719421386719,19.824901580810547,True
961,32.03333333333333,0.9041633605957031,11.151894927024841,68,0,68,double,145.16136596035605,JUMPING,False,,0.41077163395636435,,,27.290030825741308,14.750847454833984,4.916949151611328,242.88819885253906,221.6341552734375,144.39012145996094,120.11624145507812,18.012754440307617,True
962,32.06666666666667,0.9013034701347351,12.097995728254318,68,0,68,double,145.16136596035605,JUMPING,False,,0.41077163395636435,,,27.290030825741308,14.750847454833984,4.916949151611328,242.88819885253906,223.20892333984375,144.39012145996094,122.81330871582031,16.2375545501709,True
963,32.1,0.9211851954460144,10.978168807923794,68,0,68,double,145.16136596035605,JUMPING,False,,0.41077163395636435,,,27.290030825741308,14.750847454833984,4.916949151611328,242.88819885253906,227.53073120117188,144.39012145996094,129.3498077392578,17.338180541992188,True
964,32.13333333333333,0.890717625617981,11.847428046166897,69,0,69,double,140.62487872444308,JUMPING,True,0.466666666666665,0.4230685411526305,23.605819702148438,24.31292724609375,26.36897804484309,14.486840771484374,4.828946923828124,242.88819885253906,236.76470947265625,144.39012145996094,138.62387084960938,14.021833419799805,False
965,32.166666666666664,0.8919531106948853,11.202710680663586,69,0,69,double,140.62487872444308,JUMPING,False,,0.4230685411526305,,,26.36897804484309,12.658611456298829,4.219537152099609,243.62152099609375,246.62106323242188,145.13363647460938,147.78619384765625,11.739533424377441,False
966,32.2,0.9079797267913818,11.881452053785324,69,0,69,unknown,0.0,JUMPING,False,,,,,,,,,,,,0.0,False
967,32.233333333333334,0.9091016054153442,11.078496929258108,69,0,69,unknown,0.0,JUMPING,False,,,,,,,,,,,,0.0,False
968,32.266666666666666,0.904647946357727,11.930857319384813,69,0,69,double,140.62487872444308,JUMPING,False,,0.4230685411526305,,,26.36897804484309,13.290123587036131,4.430041195678711,244.0102081298828,247.155029296875,145.13363647460938,147.81207275390625,12.033737182617188,False
969,32.3,0.9139356017112732,11.005947832018137,69,0,69,double,140.62487872444308,JUMPING,False,,0.4230685411526305,,,26.36897804484309,15.033585717773438,5.0111952392578125,243.62152099609375,241.92166137695312,143.93971252441406,142.60105895996094,15.194753646850586,False
970,32.333333333333336,0.9360113739967346,12.195535004138947,69,0,69,double,140.62487872444308,JUMPING,False,,0.4230685411526305,,,26.36897804484309,11.638486917114257,3.879495639038086,243.62152099609375,232.97796630859375,143.36001586914062,135.00865173339844,17.039310455322266,False
971,32.36666666666667,0.9161391258239746,11.101385112851858,69,0,69,double,140.62487872444308,JUMPING,False,,0.4230685411526305,,,26.36897804484309,11.638486917114257,3.879495639038086,243.62152099609375,224.88726806640625,143.36001586914062,128.23858642578125,17.476215362548828,True
972,32.4,0.9129468202590942,11.94651611149311,69,0,69,double,140.62487872444308,JUMPING,False,,0.4230685411526305,,,26.36897804484309,11.638486917114257,3.879495639038086,243.62152099609375,218.224853515625,143.36001586914062,123.79240417480469,15.3576078414917,True
973,32.43333333333333,0.9128637313842773,10.947098955512047,69,0,69,double,140.62487872444308,JUMPING,False,,0.4230685411526305,,,26.36897804484309,11.638486917114257,3.879495639038086,243.62152099609375,214.2442169189453,143.36001586914062,121.61015319824219,14.81287670135498,True
974,32.46666666666667,0.9065659046173096,12.168618384748697,69,0,69,double,140.62487872444308,JUMPING,False,,0.4230685411526305,,,26.36897804484309,11.638486917114257,3.879495639038086,243.62152099609375,214.28302001953125,143.36001586914062,121.64006042480469,14.399343490600586,True
975,32.5,0.6481227874755859,11.115654837340117,69,0,69,double,140.62487872444308,JUMPING,False,,0.4230685411526305,,,26.36897804484309,11.638486917114257,3.879495639038086,243.62152099609375,218.9722900390625,143.36001586914062,124.56224822998047,15.006914138793945,True
976,32.53333333333333,0.8789272308349609,12.097000610083342,69,0,69,double,140.62487872444308,JUMPING,False,,0.4230685411526305,,,26.36897804484309,11.638486917114257,3.879495639038086,243.62152099609375,228.29296875,143.36001586914062,131.07325744628906,18.413610458374023,True
977,32.56666666666667,0.8490233421325684,11.06308214366436,69,0,69,unknown,0.0,JUMPING,False,,,,,,,,,,,,0.0,False
978,32.6,0.8759272694587708,12.0130879804492,69,0,69,unknown,0.0,JUMPING,False,,,,,,,,,,,,0.0,False
979,32.63333333333333,0.884183406829834,11.081102304160595,69,0,69,unknown,0.0,JUMPING,False,,,,,,,,,,,,0.0,False
980,32.666666666666664,0.8818641901016235,11.884297709912062,69,0,69,unknown,0.0,JUMPING,False,,,,,,,,,,,,0.0,False
981,32.7,0.8944125771522522,10.87895780801773,70,0,70,double,134.32834291277723,JUMPING,True,0.56666666666667,0.45466012876571915,29.377304077148438,21.749862670898438,27.121059552919426,11.638486917114257,3.879495639038086,243.62152099609375,233.93643188476562,143.36001586914062,136.78834533691406,23.287174224853516,False
982,32.733333333333334,0.9115955829620361,13.157480861991644,70,0,70,double,134.32834291277723,JUMPING,False,,0.45466012876571915,,,27.121059552919426,11.638486917114257,3.879495639038086,243.62152099609375,231.63819885253906,143.36001586914062,136.27854919433594,18.00214958190918,True
983,32.766666666666666,0.9283490777015686,10.99957199767232,70,0,70,double,134.32834291277723,JUMPING,False,,0.45466012876571915,,,27.121059552919426,11.638486917114257,3.879495639038086,243.62152099609375,226.0776824951172,143.36001586914062,132.12966918945312,16.2641544342041,True
984,32.8,0.9269739389419556,11.875975877046585,70,0,70,double,134.32834291277723,JUMPING,False,,0.45466012876571915,,,27.121059552919426,11.638486917114257,3.879495639038086,243.62152099609375,222.39682006835938,143.36001586914062,129.1759033203125,16.206146240234375,True
985,32.833333333333336,0.9111794233322144,11.02018402889371,70,0,70,double,134.32834291277723,JUMPING,False,,0.45466012876571915,,,27.121059552919426,11.638486917114257,3.879495639038086,243.62152099609375,220.294677734375,143.36001586914062,126.1271743774414,14.996655464172363,True
986,32.86666666666667,0.9002537727355957,11.809222865849733,70,0,70,double,134.32834291277723,JUMPING,False,,0.45466012876571915,,,27.121059552919426,11.638486917114257,3.879495639038086,243.62152099609375,219.17137145996094,143.36001586914062,124.111083984375,14.763348579406738,True
987,32.9,0.8960967063903809,11.07209688052535,70,0,70,double,134.32834291277723,JUMPING,False,,0.45466012876571915,,,27.121059552919426,11.638486917114257,3.879495639038086,243.62152099609375,219.5343475341797,143.36001586914062,124.47216033935547,16.0072021484375,True
988,32.93333333333333,0.9152058362960815,11.88549678772688,70,0,70,double,134.32834291277723,JUMPING,False,,0.45466012876571915,,,27.121059552919426,11.638486917114257,3.879495639038086,243.62152099609375,224.05828857421875,143.36001586914062,127.85794067382812,15.187088012695312,True
989,32.96666666666667,0.9129072427749634,10.810605715960264,70,0,70,double,134.32834291277723,JUMPING,False,,0.45466012876571915,,,27.121059552919426,11.638486917114257,3.879495639038086,243.62152099609375,231.65841674804688,143.36001586914062,134.73486328125,14.148909568786621,True
990,33.0,0.9145452976226807,11.776305735111237,70,0,70,double,0.0,JUMPING,False,0.29999999999999716,,24.450149536132812,19.248931884765625,27.121059552919426,11.638486917114257,3.879495639038086,243.62152099609375,236.42578125,143.36001586914062,139.09063720703125,13.877140998840332,False
991,33.03333333333333,0.9072979688644409,10.96039591357112,70,0,70,double,134.32834291277723,JUMPING,False,,0.45466012876571915,,,27.121059552919426,12.658611456298829,4.219537152099609,243.62152099609375,243.22882080078125,144.41390991210938,145.0679168701172,10.563318252563477,False
992,33.06666666666667,0.9103598594665527,11.78352814167738,70,0,70,double,134.32834291277723,JUMPING,False,,0.45466012876571915,,,27.121059552919426,13.592475714111327,4.530825238037109,245.48265075683594,248.1851806640625,145.4497833251953,149.57754516601562,7.7763671875,False
993,33.1,0.918204665184021,11.003605090081692,70,0,70,unknown,0.0,JUMPING,False,,,,,,,,,,,,0.0,False
994,33.13333333333333,0.915134847164154,11.627762578427792,70,0,70,double,134.32834291277723,JUMPING,False,,0.45466012876571915,,,27.121059552919426,11.022448699951171,3.6741495666503905,245.48265075683594,241.46939086914062,145.4497833251953,144.42152404785156,10.56424331665039,False
995,33.166666666666664,0.9048657417297363,11.025952640920877,70,0,70,double,134.32834291277723,JUMPING,False,,0.45466012876571915,,,27.121059552919426,11.022448699951171,3.6741495666503905,245.48265075683594,231.81130981445312,145.4497833251953,136.07119750976562,13.765801429748535,True
996,33.2,0.9072288870811462,12.032823171466589,70,0,70,double,134.32834291277723,JUMPING,False,,0.45466012876571915,,,27.121059552919426,11.022448699951171,3.6741495666503905,245.48265075683594,222.79376220703125,145.4497833251953,128.67153930664062,17.176132202148438,True
997,33.233333333333334,0.9099704027175903,11.291086673736572,70,0,70,double,134.32834291277723,JUMPING,False,,0.45466012876571915,,,27.121059552919426,11.022448699951171,3.6741495666503905,245.48265075683594,217.04397583007812,145.4497833251953,124.34163665771484,16.90436363220215,True
998,33.266666666666666,0.9016813635826111,12.162397615611553,70,0,70,double,134.32834291277723,JUMPING,False,,0.45466012876571915,,,27.121059552919426,11.022448699951171,3.6741495666503905,245.48265075683594,213.05641174316406,145.4497833251953,121.6658935546875,17.375328063964844,True
999,33.3,0.8960502743721008,10.921804700046778,70,0,70,double,134.32834291277723,JUMPING,False,,0.45466012876571915,,,27.121059552919426,11.022448699951171,3.6741495666503905,245.48265075683594,212.83763122558594,145.4497833251953,120.44615173339844,13.923810958862305,True
1000,33.333333333333336,0.8974674344062805,11.970000341534615,70,0,70,double,134.32834291277723,JUMPING,False,,0.45466012876571915,,,27.121059552919426,11.022448699951171,3.6741495666503905,245.48265075683594,216.00167846679688,145.4497833251953,122.45854187011719,15.643974304199219,True
1001,33.36666666666667,0.8870623111724854,11.138694360852242,70,0,70,double,134.32834291277723,JUMPING,False,,0.45466012876571915,,,27.121059552919426,11.022448699951171,3.6741495666503905,245.48265075683594,222.35745239257812,145.4497833251953,127.29238891601562,16.814252853393555,True
1002,33.4,0.8870865106582642,11.968745850026608,70,0,70,double,134.32834291277723,JUMPING,False,,0.45466012876571915,,,27.121059552919426,11.022448699951171,3.6741495666503905,245.48265075683594,226.4330291748047,145.4497833251953,130.4667205810547,17.195343017578125,True
1003,33.43333333333333,0.8951482176780701,11.060039047151804,70,0,70,unknown,0.0,JUMPING,False,,,,,,,,,,,,0.0,False
1004,33.46666666666667,0.8843621015548706,12.305341195315123,70,0,70,double,0.0,JUMPING,False,0.7666666666666657,,32.64501953125,25.003631591796875,27.121059552919426,11.022448699951171,3.6741495666503905,245.48265075683594,237.75057983398438,145.4497833251953,140.59780883789062,17.685375213623047,False
1005,33.5,0.8896669745445251,11.017626151442528,70,0,70,double,134.32834291277723,JUMPING,False,,0.45466012876571915,,,27.121059552919426,11.290934674072265,3.763644891357422,245.5758056640625,244.0079345703125,146.5074005126953,147.04275512695312,16.922407150268555,False
1006,33.53333333333333,0.8882996439933777,12.025624979287386,70,0,70,double,134.32834291277723,JUMPING,False,,0.45466012876571915,,,27.121059552919426,11.290934674072265,3.763644891357422,245.5758056640625,243.9054412841797,147.29251098632812,147.58209228515625,15.485133171081543,False
1007,33.56666666666667,0.9194514155387878,11.23076118528843,70,0,70,double,134.32834291277723,JUMPING,False,,0.45466012876571915,,,27.121059552919426,11.45680416870117,3.8189347229003903,243.96693420410156,238.00396728515625,146.5074005126953,142.73130798339844,13.909046173095703,False
1008,33.6,0.9172476530075073,11.683037970215082,70,0,70,double,134.32834291277723,JUMPING,False,,0.45466012876571915,,,27.121059552919426,10.254996881103516,3.4183322937011718,243.853271484375,230.48231506347656,146.25282287597656,135.77102661132812,14.55455493927002,True
1009,33.63333333333333,0.9147441387176514,10.951177217066288,70,0,70,double,134.32834291277723,JUMPING,False,,0.45466012876571915,,,27.121059552919426,11.45680416870117,3.8189347229003903,243.63479614257812,225.38153076171875,146.25282287597656,131.28286743164062,15.083580017089844,True
1010,33.666666666666664,0.9156515598297119,12.344705872237682,70,0,70,double,134.32834291277723,JUMPING,False,,0.45466012876571915,,,27.121059552919426,11.45680416870117,3.8189347229003903,243.63479614257812,218.57113647460938,146.25282287597656,126.4420166015625,13.005353927612305,True
1011,33.7,0.9170587658882141,11.373320128768682,70,0,70,double,134.32834291277723,JUMPING,False,,0.45466012876571915,,,27.121059552919426,11.45680416870117,3.8189347229003903,243.63479614257812,214.06588745117188,146.25282287597656,123.18180847167969,12.457829475402832,True
1012,33.733333333333334,0.9114248752593994,12.034764979034662,70,0,70,double,134.32834291277723,JUMPING,False,,0.45466012876571915,,,27.121059552919426,11.45680416870117,3.8189347229003903,243.63479614257812,213.15826416015625,146.25282287597656,122.76437377929688,13.446375846862793,True
1013,33.766666666666666,0.9060934782028198,11.150878854095936,70,0,70,double,134.32834291277723,JUMPING,False,,0.45466012876571915,,,27.121059552919426,11.45680416870117,3.8189347229003903,243.63479614257812,215.92755126953125,146.25282287597656,125.42576599121094,13.357586860656738,True
1014,33.8,0.901669979095459,12.629715260118246,70,0,70,double,134.32834291277723,JUMPING,False,,0.45466012876571915,,,27.121059552919426,11.45680416870117,3.8189347229003903,243.63479614257812,220.98611450195312,146.25282287597656,131.4736328125,15.402848243713379,True
1015,33.833333333333336,0.8960870504379272,11.304919142276049,70,0,70,double,134.32834291277723,JUMPING,False,,0.45466012876571915,,,27.121059552919426,11.45680416870117,3.8189347229003903,243.63479614257812,225.13088989257812,146.25282287597656,135.2366180419922,16.9415225982666,True
1016,33.86666666666667,0.893272876739502,12.11918331682682,70,0,70,double,0.0,JUMPING,False,1.1666666666666643,,30.476531982421875,23.488449096679688,27.121059552919426,11.45680416870117,3.8189347229003903,243.63479614257812,234.37338256835938,146.25282287597656,141.86962890625,14.587071418762207,False
1017,33.9,0.898884654045105,11.261063162237406,70,0,70,double,134.32834291277723,JUMPING,False,,0.45466012876571915,,,27.121059552919426,9.4923708435218,2.6085308166503904,243.63479614257812,242.54074096679688,147.36636352539062,147.7440185546875,15.762969017028809,False
1018,33.93333333333333,0.8985355496406555,12.097669765353203,70,0,70,double,134.32834291277723,JUMPING,False,,0.45466012876571915,,,27.121059552919426,9.4923708435218,2.6085308166503904,243.63479614257812,245.06007385253906,147.36636352539062,148.87548828125,16.688282012939453,False
1019,33.96666666666667,0.906632661819458,11.077240575104952,70,0,70,double,134.32834291277723,JUMPING,False,,0.45466012876571915,,,27.121059552919426,9.4923708435218,2.1752612365722657,242.95358276367188,240.52487182617188,146.2921600341797,145.16629028320312,16.619779586791992,False
1020,34.0,0.9096166491508484,12.026726268231869,70,0,70,double,134.32834291277723,JUMPING,False,,0.45466012876571915,,,27.121059552919426,9.4923708435218,2.6617732955932616,242.95358276367188,230.99505615234375,146.2921600341797,137.74169921875,19.126747131347656,True
1021,34.03333333333333,0.9101405739784241,10.997481178492308,70,0,70,double,134.32834291277723,JUMPING,False,,0.45466012876571915,,,27.121059552919426,9.4923708435218,2.6617732955932616,242.95358276367188,224.58984375,146.2921600341797,132.92987060546875,21.4768123626709,True
1022,34.06666666666667,0.9138586521148682,12.528732419013977,70,0,70,double,134.32834291277723,JUMPING,False,,0.45466012876571915,,,27.121059552919426,9.4923708435218,2.6617732955932616,242.95358276367188,218.42599487304688,146.2921600341797,127.56292724609375,17.63408088684082,True
1023,34.1,0.8701602220535278,11.341948993504047,70,0,70,double,134.32834291277723,JUMPING,False,,0.45466012876571915,,,27.121059552919426,9.4923708435218,2.6617732955932616,242.95358276367188,215.85604858398438,146.2921600341797,123.3022232055664,12.239521026611328,True
1024,34.13333333333333,0.9050091505050659,12.472562957555056,70,0,70,double,134.32834291277723,JUMPING,False,,0.45466012876571915,,,27.121059552919426,9.4923708435218,2.6617732955932616,242.95358276367188,214.37750244140625,146.2921600341797,120.84201049804688,13.729942321777344,True
1025,34.166666666666664,0.9070975184440613,11.025914922356606,70,0,70,double,134.32834291277723,JUMPING,False,,0.45466012876571915,,,27.121059552919426,9.4923708435218,2.6617732955932616,242.95358276367188,215.20437622070312,146.2921600341797,121.27285766601562,17.079191207885742,True
1026,34.2,0.9048968553543091,12.043694965541363,70,0,70,double,134.32834291277723,JUMPING,False,,0.45466012876571915,,,27.121059552919426,9.4923708435218,2.6617732955932616,242.95358276367188,219.2781982421875,146.2921600341797,125.36619567871094,20.931615829467773,True
1027,34.233333333333334,0.9016042947769165,12.969345785677433,70,0,70,double,134.32834291277723,STOPPED,False,,0.45466012876571915,,,27.121059552919426,9.4923708435218,2.6617732955932616,242.95358276367188,221.99217224121094,146.2921600341797,128.28463745117188,21.837682723999023,True
1028,34.266666666666666,0.8914192914962769,11.895433999598026,70,0,70,double,134.32834291277723,STOPPED,False,,0.45466012876571915,,,27.121059552919426,9.4923708435218,2.6617732955932616,242.95358276367188,228.99386596679688,146.2921600341797,134.6742401123047,21.136077880859375,True
1029,34.3,0.89732825756073,11.208041105419397,70,0,70,double,0.0,STOPPED,False,1.5999999999999943,,28.576080322265625,25.450149536132812,27.121059552919426,9.4923708435218,2.988727587890625,242.95358276367188,239.52963256835938,146.2921600341797,142.62353515625,14.484594345092773,False
1030,34.333333333333336,0.9253903031349182,11.944327969104052,70,0,70,double,134.32834291277723,STOPPED,False,,0.45466012876571915,,,27.121059552919426,9.4923708435218,2.7301164138793945,243.63479614257812,244.39236450195312,147.36636352539062,147.72909545898438,13.723067283630371,False
1031,34.36666666666667,0.9094151258468628,11.19086891412735,70,0,70,double,134.32834291277723,STOPPED,False,,0.45466012876571915,,,27.121059552919426,9.4923708435218,2.7452170532226563,243.63479614257812,241.565185546875,147.36636352539062,146.14683532714844,14.790470123291016,False
1032,34.4,0.9040485620498657,11.906743980944157,70,0,70,double,134.32834291277723,STOPPED,False,,0.45466012876571915,,,27.121059552919426,9.4923708435218,2.7452170532226563,243.63479614257812,236.00730895996094,147.36636352539062,140.18946838378906,17.189071655273438,False
1033,34.43333333333333,0.9056381583213806,10.89042006060481,70,0,70,double,134.32834291277723,STOPPED,False,,0.45466012876571915,,,27.121059552919426,9.4923708435218,2.7452170532226563,243.63479614257812,232.38446044921875,147.36636352539062,136.21148681640625,18.356122970581055,True
1034,34.46666666666667,0.8807218670845032,12.143510859459639,70,0,70,double,134.32834291277723,STOPPED,False,,0.45466012876571915,,,27.121059552919426,9.4923708435218,2.7452170532226563,243.63479614257812,227.55270385742188,147.36636352539062,130.28244018554688,20.115642547607422,True
1035,34.5,0.9248321056365967,11.08734030276537,70,0,70,double,134.32834291277723,STOPPED,False,,0.45466012876571915,,,27.121059552919426,9.4923708435218,2.7452170532226563,243.63479614257812,218.44512939453125,147.36636352539062,124.84861755371094,17.265138626098633,True
1036,34.53333333333333,0.9171627163887024,12.160828337073326,70,0,70,double,134.32834291277723,STOPPED,False,,0.45466012876571915,,,27.121059552919426,9.4923708435218,2.7452170532226563,243.63479614257812,213.1446533203125,147.36636352539062,121.1700439453125,16.513792037963867,True
1037,34.56666666666667,0.9041916728019714,10.81428723409772,70,0,70,double,134.32834291277723,STOPPED,False,,0.45466012876571915,,,27.121059552919426,9.4923708435218,2.7452170532226563,243.63479614257812,211.11773681640625,147.36636352539062,120.4861831665039,16.560791015625,True
1038,34.6,0.907423734664917,11.906810104846954,70,0,70,double,134.32834291277723,STOPPED,False,,0.45466012876571915,,,27.121059552919426,9.550255133056641,3.183418377685547,243.35955810546875,210.2517852783203,147.36636352539062,120.42028045654297,17.05414390563965,True
1039,34.63333333333333,0.9059622287750244,11.22135017067194,70,0,70,double,134.32834291277723,STOPPED,False,,0.45466012876571915,,,27.121059552919426,10.849962071228026,3.6166540237426754,242.1505126953125,212.71206665039062,146.68438720703125,123.09808349609375,20.515249252319336,True
1040,34.666666666666664,0.8955154418945312,11.955961119383574,70,0,70,double,134.32834291277723,STOPPED,False,,0.45466012876571915,,,27.121059552919426,10.864859106445312,3.621619702148437,242.1505126953125,220.48556518554688,146.68438720703125,129.33848571777344,22.47599983215332,True
1041,34.7,0.8966906666755676,10.987133253365755,70,0,70,double,134.32834291277723,STOPPED,False,,0.45466012876571915,,,27.121059552919426,10.864859106445312,3.621619702148437,242.1505126953125,230.3298797607422,146.68438720703125,138.00128173828125,25.161922454833984,True
1042,34.733333333333334,0.8878142237663269,12.003290001302958,70,0,70,unknown,0.0,STOPPED,False,,,,,,,,,,,,0.0,False
1043,34.766666666666666,0.8952414393424988,11.371111031621695,70,0,70,double,0.0,STOPPED,False,2.066666666666663,,32.226226806640625,26.26410675048828,27.121059552919426,9.4923708435218,2.7562116760253903,242.47801208496094,242.3839111328125,146.68438720703125,145.55657958984375,24.83609962463379,False
1044,34.8,0.9148646593093872,11.884027626365423,70,0,70,double,0.0,STOPPED,False,,,,,27.121059552919426,9.4923708435218,3.0858920013427733,242.47801208496094,239.84512329101562,146.68438720703125,142.89947509765625,23.411970138549805,False
1045,34.833333333333336,0.9136962294578552,11.040952056646347,70,0,70,double,0.0,STOPPED,False,,,,,27.121059552919426,10.408989468383789,3.4696631561279294,242.47801208496094,237.39590454101562,146.68438720703125,140.41281127929688,22.40555763244629,False
1046,34.86666666666667,0.9211657047271729,11.885194107890129,70,0,70,double,0.0,STOPPED,False,,,,,27.121059552919426,10.408989468383789,3.4696631561279294,242.47801208496094,231.2779083251953,146.68438720703125,134.5459747314453,22.418479919433594,True
1047,34.9,0.9224842190742493,11.019506957381964,70,0,70,double,0.0,STOPPED,False,,,,,27.121059552919426,10.408989468383789,3.4696631561279294,242.47801208496094,223.23370361328125,146.68438720703125,127.97386169433594,18.419126510620117,True
1048,34.93333333333333,0.9234797954559326,11.790697928518057,70,0,70,double,0.0,STOPPED,False,,,,,27.121059552919426,10.408989468383789,3.4696631561279294,242.47801208496094,215.89468383789062,146.68438720703125,122.72589874267578,16.218652725219727,True
1049,34.96666666666667,0.9212143421173096,11.080429889261723,70,0,70,double,0.0,STOPPED,False,,,,,27.121059552919426,10.408989468383789,3.4696631561279294,242.47801208496094,213.41067504882812,146.68438720703125,120.57919311523438,16.58533477783203,True
1050,35.0,0.907608687877655,12.197788804769516,70,0,70,double,0.0,STOPPED,False,,,,,27.121059552919426,9.4923708435218,3.0858920013427733,242.47801208496094,214.69273376464844,146.68438720703125,121.48424530029297,15.899964332580566,True
1051,35.03333333333333,0.9096809029579163,11.17311418056488,70,0,70,double,0.0,STOPPED,False,,,,,27.121059552919426,9.731361003112792,3.2437870010375973,242.05642700195312,215.90936279296875,145.91073608398438,122.14053344726562,15.810077667236328,True
1052,35.06666666666667,0.9090152978897095,11.993963737040758,70,0,70,double,0.0,STOPPED,False,,,,,27.121059552919426,9.4923708435218,2.988727587890625,241.14906311035156,221.07400512695312,145.4004669189453,125.94126892089844,16.39918327331543,True
1053,35.1,0.8841069936752319,11.231489945203066,70,0,70,double,0.0,STOPPED,False,,,,,27.121059552919426,9.4923708435218,2.2321346557617185,241.14906311035156,228.78652954101562,145.4004669189453,133.51870727539062,18.8810977935791,True
1054,35.13333333333333,0.8835872411727905,11.968180071562529,71,0,71,double,0.0,JUMPING,True,,,27.738388061523438,24.821273803710938,27.275391680070427,9.4923708435218,2.988727587890625,241.14906311035156,238.4975128173828,145.4004669189453,142.19635009765625,17.005268096923828,False
1055,35.166666666666664,0.8994855880737305,10.926952585577965,71,0,71,double,0.0,JUMPING,False,,,,,27.275391680070427,9.546387088024648,3.0118366561889647,242.05642700195312,244.20298767089844,145.91073608398438,147.36398315429688,21.472469329833984,False
1056,35.2,0.9180052876472473,11.977957095950842,71,0,71,double,0.0,JUMPING,False,,,,,27.275391680070427,9.691454594421387,3.2304848648071287,242.47801208496094,242.71725463867188,146.45945739746094,146.66787719726562,21.26279640197754,False
1057,35.233333333333334,0.9154603481292725,10.874452069401741,71,0,71,double,0.0,JUMPING,False,,,,,27.275391680070427,9.546387088024648,2.550164300537109,242.47801208496094,240.44973754882812,146.45945739746094,145.43499755859375,20.473085403442383,False
1058,35.266666666666666,0.9221917986869812,11.80678978562355,71,0,71,double,0.0,JUMPING,False,,,,,27.275391680070427,9.546387088024648,2.550164300537109,242.47801208496094,234.68536376953125,146.45945739746094,139.92245483398438,21.043441772460938,False
1059,35.3,0.9149843454360962,10.948599316179752,71,0,71,double,0.0,JUMPING,False,,,,,27.275391680070427,9.546387088024648,2.550164300537109,242.47801208496094,226.6842498779297,146.45945739746094,132.71726989746094,20.592397689819336,True
1060,35.333333333333336,0.9247973561286926,11.946042068302631,71,0,71,double,0.0,JUMPING,False,,,,,27.275391680070427,9.546387088024648,2.550164300537109,242.47801208496094,219.27084350585938,146.45945739746094,126.78214263916016,19.034114837646484,True
1061,35.36666666666667,0.901241660118103,11.14954287186265,71,0,71,double,0.0,JUMPING,False,,,,,27.275391680070427,9.546387088024648,2.550164300537109,242.47801208496094,215.83193969726562,146.45945739746094,123.19973754882812,16.994430541992188,True
1062,35.4,0.8731982707977295,12.161246035248041,71,0,71,double,0.0,JUMPING,False,,,,,27.275391680070427,9.546387088024648,2.550164300537109,242.47801208496094,217.23464965820312,146.45945739746094,122.60233306884766,17.736087799072266,True
1063,35.43333333333333,0.880803108215332,11.167362798005342,71,0,71,double,0.0,JUMPING,False,,,,,27.275391680070427,9.546387088024648,3.0057624664306637,242.05642700195312,218.5462646484375,145.91073608398438,122.7986068725586,17.13817596435547,True
1064,35.46666666666667,0.8978090286254883,11.994380038231611,71,0,71,double,0.0,JUMPING,False,,,,,27.275391680070427,9.546387088024648,2.880987071228027,241.14906311035156,219.80792236328125,145.50794982910156,126.03329467773438,15.795031547546387,True
1065,35.5,0.8928430676460266,11.233862023800611,71,0,71,double,0.0,JUMPING,False,,,,,27.275391680070427,9.546387088024648,2.8943683868408203,241.11900329589844,225.10580444335938,145.50794982910156,132.2960662841797,15.792884826660156,True
1066,35.53333333333333,0.8889434337615967,12.09799898788333,72,0,72,double,150.00085831179607,JUMPING,True,0.3999999999999986,0.3999999999999986,25.287063598632812,22.905616760253906,26.778309659711024,9.546387088024648,2.8943683868408203,241.11900329589844,233.6238555908203,145.50794982910156,140.9429473876953,10.68134593963623,False
1067,35.56666666666667,0.8876881003379822,12.162793893367052,72,0,72,unknown,0.0,JUMPING,False,,,,,,,,,,,,0.0,False
1068,35.6,0.8831097483634949,11.722889263182878,72,0,72,unknown,0.0,JUMPING,False,,,,,,,,,,,,0.0,False
1069,35.63333333333333,0.8744555711746216,10.872511193156242,72,0,72,double,150.00085831179607,JUMPING,False,,0.3999999999999986,,,26.778309659711024,9.372408380898857,2.6321262725830077,241.37940979003906,241.1007537841797,145.91073608398438,146.57949829101562,13.977316856384277,False
1070,35.666666666666664,0.8552021384239197,12.249459978193045,72,0,72,double,150.00085831179607,JUMPING,False,,0.3999999999999986,,,26.778309659711024,9.372408380898857,2.867605755615234,241.37940979003906,239.51223754882812,145.91073608398438,144.67263793945312,18.215682983398438,False
1071,35.7,0.9055042862892151,11.200205888599157,72,0,72,double,150.00085831179607,JUMPING,False,,0.3999999999999986,,,26.778309659711024,9.372408380898857,2.867605755615234,241.37940979003906,232.60177612304688,145.91073608398438,138.73007202148438,16.046772003173828,False
1072,35.733333333333334,0.9060699939727783,12.041945941746235,72,0,72,double,150.00085831179607,JUMPING,False,,0.3999999999999986,,,26.778309659711024,9.372408380898857,2.867605755615234,241.37940979003906,225.41006469726562,145.91073608398438,131.51815795898438,14.889899253845215,True
1073,35.766666666666666,0.9020869731903076,11.112605687230825,72,0,72,double,150.00085831179607,JUMPING,False,,0.3999999999999986,,,26.778309659711024,9.372408380898857,2.867605755615234,241.37940979003906,220.04061889648438,145.91073608398438,125.18289184570312,13.070926666259766,True
1074,35.8,0.8946149945259094,12.028852012008429,72,0,72,double,150.00085831179607,JUMPING,False,,0.3999999999999986,,,26.778309659711024,9.372408380898857,2.867605755615234,241.37940979003906,217.19863891601562,145.91073608398438,121.64230346679688,12.088171005249023,True
1075,35.833333333333336,0.8824337720870972,11.268900241702795,72,0,72,double,150.00085831179607,JUMPING,False,,0.3999999999999986,,,26.778309659711024,9.372408380898857,2.867605755615234,241.37940979003906,215.8195343017578,145.91073608398438,119.62809753417969,17.206510543823242,True
1076,35.86666666666667,0.8692222237586975,11.954742949455976,72,0,72,double,150.00085831179607,JUMPING,False,,0.3999999999999986,,,26.778309659711024,9.372408380898857,2.867605755615234,241.37940979003906,218.08511352539062,145.91073608398438,120.14810180664062,20.43309211730957,True
1077,35.9,0.8920090794563293,11.0084000043571,72,0,72,double,150.00085831179607,JUMPING,False,,0.3999999999999986,,,26.778309659711024,9.372408380898857,2.6321262725830077,241.37940979003906,219.58319091796875,145.91073608398438,124.10448455810547,18.671255111694336,True
1078,35.93333333333333,0.8835862874984741,11.942628305405378,72,0,72,double,150.00085831179607,JUMPING,False,,0.3999999999999986,,,26.778309659711024,9.372408380898857,2.867605755615234,240.84034729003906,225.92477416992188,145.50794982910156,130.95623779296875,14.69636058807373,True
1079,35.96666666666667,0.8947081565856934,11.011260095983744,73,0,73,double,144.00021972689777,JUMPING,True,0.4333333333333371,0.40733333333333305,24.388351440429688,25.501953125,26.18082010489069,11.092827859497069,3.697609286499023,240.2078857421875,236.06939697265625,145.1300506591797,139.8267822265625,11.38137149810791,False
1080,36.0,0.8661922216415405,12.599918060004711,73,0,73,unknown,0.0,JUMPING,False,,,,,,,,,,,,0.0,False
1081,36.03333333333333,0.8659932613372803,11.3482098095119,73,0,73,unknown,0.0,JUMPING,False,,,,,,,,,,,,0.0,False
1082,36.06666666666667,0.8905383348464966,11.734329629689455,73,0,73,double,144.00021972689777,JUMPING,False,,0.40733333333333305,,,26.18082010489069,9.16328703671174,2.867605755615234,240.84034729003906,241.3357391357422,145.40565490722656,145.36163330078125,13.919198036193848,False
1083,36.1,0.8825105428695679,11.215361300855875,73,0,73,double,144.00021972689777,JUMPING,False,,0.40733333333333305,,,26.18082010489069,9.16328703671174,2.1039771697998044,240.84034729003906,239.7865753173828,145.40565490722656,143.90383911132812,16.594738006591797,False
1084,36.13333333333333,0.9061409831047058,12.384831439703703,73,0,73,double,144.00021972689777,JUMPING,False,,0.40733333333333305,,,26.18082010489069,9.16328703671174,2.1039771697998044,240.84034729003906,232.36416625976562,145.40565490722656,137.73452758789062,15.262248992919922,False
1085,36.166666666666664,0.917934775352478,11.061929166316986,73,0,73,double,144.00021972689777,JUMPING,False,,0.40733333333333305,,,26.18082010489069,9.16328703671174,2.1039771697998044,240.84034729003906,222.5001983642578,145.40565490722656,130.89321899414062,15.923336029052734,True
1086,36.2,0.9138405323028564,12.4711818061769,73,0,73,double,144.00021972689777,JUMPING,False,,0.40733333333333305,,,26.18082010489069,9.16328703671174,2.1039771697998044,240.84034729003906,216.4936981201172,145.40565490722656,126.76042175292969,15.977555274963379,True
1087,36.233333333333334,0.8986759781837463,11.191789992153645,73,0,73,double,144.00021972689777,JUMPING,False,,0.40733333333333305,,,26.18082010489069,9.16328703671174,2.1039771697998044,240.84034729003906,212.93295288085938,145.40565490722656,122.89868927001953,14.978971481323242,True
1088,36.266666666666666,0.8945388197898865,13.343301136046648,73,0,73,double,144.00021972689777,JUMPING,False,,0.40733333333333305,,,26.18082010489069,9.16328703671174,2.1039771697998044,240.84034729003906,210.82330322265625,145.40565490722656,120.77110290527344,15.151766777038574,True
1089,36.3,0.9064978957176208,11.09622186049819,73,0,73,double,144.00021972689777,JUMPING,False,,0.40733333333333305,,,26.18082010489069,9.16328703671174,2.1039771697998044,240.84034729003906,211.51611328125,145.40565490722656,121.75857543945312,15.113612174987793,True
1090,36.333333333333336,0.907761812210083,12.435499113053083,73,0,73,double,144.00021972689777,JUMPING,False,,0.40733333333333305,,,26.18082010489069,9.16328703671174,2.1039771697998044,240.84034729003906,216.55706787109375,145.40565490722656,126.05927276611328,16.076017379760742,True
1091,36.36666666666667,0.9108477234840393,11.560770217329264,73,0,73,double,144.00021972689777,JUMPING,False,,0.40733333333333305,,,26.18082010489069,9.16328703671174,2.1039771697998044,240.84034729003906,224.34268188476562,145.40565490722656,133.35838317871094,15.854162216186523,True
1092,36.4,0.9291781187057495,12.039132881909609,74,0,74,double,142.10529168887723,JUMPING,True,0.43333333333333,0.4130533333333324,29.38458251953125,24.314926147460938,26.98176070855083,9.16328703671174,2.296790277099609,240.2078857421875,234.6073455810547,145.08602905273438,142.38153076171875,11.868672370910645,False
1093,36.43333333333333,0.917667031288147,11.236798018217087,74,0,74,double,142.10529168887723,JUMPING,False,,0.4130533333333324,,,26.98176070855083,9.44361624799279,2.296790277099609,240.61244201660156,240.72091674804688,145.40565490722656,147.919189453125,11.452141761779785,False
1094,36.46666666666667,0.9041935801506042,12.291316874325275,74,0,74,double,142.10529168887723,JUMPING,False,,0.4130533333333324,,,26.98176070855083,9.44361624799279,1.7919877807617186,240.94882202148438,245.44287109375,146.12168884277344,152.20196533203125,9.668633460998535,False
1095,36.5,0.8741415739059448,11.116299778223038,74,0,74,double,142.10529168887723,JUMPING,False,,0.4130533333333324,,,26.98176070855083,9.44361624799279,2.3758791687011716,241.2417449951172,245.321533203125,146.6325225830078,151.35125732421875,13.795416831970215,False
1096,36.53333333333333,0.921846866607666,11.849754955619574,74,0,74,double,142.10529168887723,JUMPING,False,,0.4130533333333324,,,26.98176070855083,9.44361624799279,1.7919877807617186,241.2417449951172,240.2144775390625,146.6325225830078,145.69833374023438,16.000232696533203,False
1097,36.56666666666667,0.9168184995651245,11.689478065818548,74,0,74,double,142.10529168887723,JUMPING,False,,0.4130533333333324,,,26.98176070855083,9.44361624799279,1.7919877807617186,241.2417449951172,233.66104125976562,146.6325225830078,138.23397827148438,18.601085662841797,False
1098,36.6,0.9174032807350159,12.261052150279284,74,0,74,double,142.10529168887723,JUMPING,False,,0.4130533333333324,,,26.98176070855083,9.44361624799279,1.7919877807617186,241.2417449951172,228.81381225585938,146.6325225830078,133.40057373046875,19.237157821655273,True
1099,36.63333333333333,0.9017070531845093,11.132848914712667,74,0,74,double,142.10529168887723,JUMPING,False,,0.4130533333333324,,,26.98176070855083,9.44361624799279,1.7919877807617186,241.2417449951172,222.98106384277344,146.6325225830078,128.33157348632812,23.2266788482666,True
1100,36.666666666666664,0.9188196659088135,12.269785162061453,74,0,74,double,142.10529168887723,JUMPING,False,,0.4130533333333324,,,26.98176070855083,9.44361624799279,1.7919877807617186,241.2417449951172,217.28021240234375,146.6325225830078,125.20130157470703,19.740440368652344,True
1101,36.7,0.9062132835388184,10.821327101439238,74,0,74,double,142.10529168887723,JUMPING,False,,0.4130533333333324,,,26.98176070855083,9.44361624799279,1.7919877807617186,241.2417449951172,216.1478729248047,146.6325225830078,124.5838623046875,18.195829391479492,True
1102,36.733333333333334,0.9041893482208252,11.961780022829771,74,0,74,double,142.10529168887723,JUMPING,False,,0.4130533333333324,,,26.98176070855083,9.44361624799279,1.7919877807617186,241.2417449951172,219.8944091796875,146.6325225830078,126.97378540039062,17.89696502685547,True
1103,36.766666666666666,0.9085148572921753,11.048223823308945,74,0,74,double,142.10529168887723,JUMPING,False,,0.4130533333333324,,,26.98176070855083,9.44361624799279,1.8701830764770506,241.2417449951172,225.21871948242188,146.6325225830078,132.3569793701172,14.706977844238281,True
1104,36.8,0.8703830242156982,12.068960350006819,75,0,75,double,144.00021972689777,JUMPING,True,0.3999999999999986,0.410181599999999,24.800949096679688,21.643173217773438,26.436557805583043,9.44361624799279,1.3875960525512694,240.94882202148438,236.25657653808594,146.22703552246094,140.18685913085938,13.79990291595459,False
1105,36.833333333333336,0.8390558958053589,11.129709891974926,75,0,75,unknown,0.0,JUMPING,False,,,,,,,,,,,,0.0,False
1106,36.86666666666667,0.9201504588127136,12.010683305561543,75,0,75,double,144.00021972689777,JUMPING,False,,0.410181599999999,,,26.436557805583043,9.252795231954064,1.3875960525512694,240.94882202148438,244.1990966796875,146.22703552246094,148.26992797851562,13.322896003723145,False
1107,36.9,0.891970694065094,11.030197143554688,75,0,75,double,144.00021972689777,JUMPING,False,,0.410181599999999,,,26.436557805583043,17.663370542907714,5.887790180969238,241.2417449951172,249.22061157226562,147.38331604003906,151.5122833251953,18.873554229736328,False
1108,36.93333333333333,0.903045654296875,12.502731755375862,75,0,75,double,144.00021972689777,JUMPING,False,,0.410181599999999,,,26.436557805583043,10.423106021118164,3.4743686737060546,243.0537567138672,245.38009643554688,148.129638671875,148.85508728027344,16.493986129760742,False
1109,36.96666666666667,0.8834732174873352,12.830895837396383,75,0,75,double,144.00021972689777,JUMPING,False,,0.410181599999999,,,26.436557805583043,9.252795231954064,2.3551341705322266,243.0537567138672,240.58462524414062,148.129638671875,142.166259765625,18.522600173950195,False
1110,37.0,0.9164284467697144,12.008009944111109,75,0,75,double,144.00021972689777,JUMPING,False,,0.410181599999999,,,26.436557805583043,9.252795231954064,2.3551341705322266,243.0537567138672,230.65286254882812,148.129638671875,133.83621215820312,14.501801490783691,True
1111,37.03333333333333,0.92108553647995,11.110538151115179,75,0,75,double,144.00021972689777,JUMPING,False,,0.410181599999999,,,26.436557805583043,9.252795231954064,2.3551341705322266,243.0537567138672,224.1021728515625,148.129638671875,128.7276153564453,13.254740715026855,True
1112,37.06666666666667,0.837654709815979,12.018542271107435,75,0,75,double,144.00021972689777,JUMPING,False,,0.410181599999999,,,26.436557805583043,9.252795231954064,2.3551341705322266,243.0537567138672,218.90921020507812,148.129638671875,124.26431274414062,10.48093318939209,True
1113,37.1,0.9065078496932983,11.338697280734777,75,0,75,double,144.00021972689777,JUMPING,False,,0.410181599999999,,,26.436557805583043,9.252795231954064,2.3551341705322266,243.0537567138672,214.4821014404297,148.129638671875,121.67198181152344,10.531265258789062,True
1114,37.13333333333333,0.9171003699302673,12.205869890749454,75,0,75,double,144.00021972689777,JUMPING,False,,0.410181599999999,,,26.436557805583043,9.252795231954064,2.3551341705322266,243.0537567138672,213.42898559570312,148.129638671875,121.56147766113281,13.863493919372559,True
1115,37.166666666666664,0.9070135354995728,11.023225728422403,75,0,75,double,144.00021972689777,JUMPING,False,,0.410181599999999,,,26.436557805583043,9.252795231954064,2.3551341705322266,243.0537567138672,216.15945434570312,148.129638671875,124.63728332519531,16.6226749420166,True
1116,37.2,0.9265823364257812,11.834045872092247,75,0,75,double,144.00021972689777,JUMPING,False,,0.410181599999999,,,26.436557805583043,9.252795231954064,2.3551341705322266,243.0537567138672,218.6334686279297,148.129638671875,126.94281005859375,16.95379638671875,True
1117,37.233333333333334,0.9245494604110718,11.203615926206112,75,0,75,double,144.00021972689777,JUMPING,False,,0.410181599999999,,,26.436557805583043,10.423106021118164,3.4743686737060546,243.0537567138672,224.01812744140625,148.129638671875,132.885009765625,17.228994369506836,True
1118,37.266666666666666,0.9140692949295044,12.311224360018969,76,0,76,double,140.62513411057864,JUMPING,True,0.46666666666666856,0.42260831466666626,29.624771118164062,26.568161010742188,27.233611133728296,12.73564168395996,4.24521389465332,243.0537567138672,232.55148315429688,148.129638671875,140.99420166015625,15.266437530517578,False
1119,37.3,0.9088963866233826,11.057903990149498,76,0,76,double,140.62513411057864,JUMPING,False,,0.42260831466666626,,,27.233611133728296,10.037547674560546,3.3458492248535157,243.7938995361328,243.18612670898438,148.129638671875,147.8541717529297,17.425655364990234,False
1120,37.333333333333336,0.8969030380249023,12.143413070589304,76,0,76,double,140.62513411057864,JUMPING,False,,0.42260831466666626,,,27.233611133728296,10.236434971618651,3.4121449905395504,244.87255859375,245.93865966796875,148.6210174560547,149.58056640625,18.247907638549805,False
1121,37.36666666666667,0.9185743927955627,11.014027055352926,76,0,76,double,140.62513411057864,JUMPING,False,,0.42260831466666626,,,27.233611133728296,10.877889770507812,3.6259632568359375,244.87255859375,240.74044799804688,148.6210174560547,145.23426818847656,18.132326126098633,False
1122,37.4,0.913228452205658,11.939101852476597,76,0,76,double,140.62513411057864,JUMPING,False,,0.42260831466666626,,,27.233611133728296,10.877889770507812,3.6259632568359375,244.87255859375,233.6732940673828,148.6210174560547,138.02532958984375,26.112688064575195,True
1123,37.43333333333333,0.918312668800354,11.129684746265411,76,0,76,double,140.62513411057864,JUMPING,False,,0.42260831466666626,,,27.233611133728296,10.877889770507812,3.6259632568359375,244.87255859375,228.93417358398438,148.6210174560547,133.1435546875,30.141916275024414,True
1124,37.46666666666667,0.9256296753883362,11.843716260045767,76,0,76,double,140.62513411057864,JUMPING,False,,0.42260831466666626,,,27.233611133728296,10.877889770507812,3.6259632568359375,244.87255859375,222.01602172851562,148.6210174560547,127.2096939086914,26.862407684326172,True
1125,37.5,0.9069006443023682,11.025173589587212,76,0,76,double,140.62513411057864,JUMPING,False,,0.42260831466666626,,,27.233611133728296,10.877889770507812,3.6259632568359375,244.87255859375,215.56016540527344,148.6210174560547,122.50314331054688,19.021991729736328,True
1126,37.53333333333333,0.8984317183494568,11.940878350287676,76,0,76,double,140.62513411057864,JUMPING,False,,0.42260831466666626,,,27.233611133728296,10.877889770507812,3.6259632568359375,244.87255859375,213.45599365234375,148.6210174560547,120.25199890136719,13.962508201599121,True
1127,37.56666666666667,0.7447087168693542,11.56138489022851,76,0,76,double,140.62513411057864,JUMPING,False,,0.42260831466666626,,,27.233611133728296,10.877889770507812,3.6259632568359375,244.87255859375,213.7874298095703,148.6210174560547,121.21517944335938,15.48655891418457,True
1128,37.6,0.9074787497520447,12.095312587916851,76,0,76,double,140.62513411057864,JUMPING,False,,0.42260831466666626,,,27.233611133728296,11.560302932739257,3.8534343109130855,244.87255859375,216.1105194091797,148.6210174560547,122.2622299194336,15.333080291748047,True
1129,37.63333333333333,0.9148610830307007,11.15443604066968,76,0,76,double,140.62513411057864,JUMPING,False,,0.42260831466666626,,,27.233611133728296,9.531763896804902,2.579076086425781,244.87255859375,220.10791015625,148.6210174560547,126.76625061035156,12.833163261413574,True
1130,37.666666666666664,0.9054813981056213,11.787473689764738,76,0,76,double,140.62513411057864,JUMPING,False,,0.42260831466666626,,,27.233611133728296,9.531763896804902,2.579076086425781,244.87255859375,227.85479736328125,148.6210174560547,134.0064697265625,10.665931701660156,True
1131,37.7,0.883950412273407,12.663382571190596,77,0,77,double,138.4614610108126,JUMPING,True,0.4333333333333371,0.42496781877333384,31.41656494140625,28.3690185546875,28.279349585647786,9.531763896804902,2.579076086425781,244.87255859375,237.8691864013672,148.6210174560547,143.03749084472656,7.044275283813477,False
1132,37.733333333333334,0.8819822072982788,12.084031943231821,77,0,77,double,138.4614610108126,JUMPING,False,,0.42496781877333384,,,28.279349585647786,9.897772354976725,2.641288458251953,244.87255859375,243.619384765625,148.7122344970703,148.49795532226562,13.247443199157715,False
1133,37.766666666666666,0.9019395709037781,11.097128968685865,77,0,77,double,138.4614610108126,JUMPING,False,,0.42496781877333384,,,28.279349585647786,9.897772354976725,2.703500830078125,244.87255859375,243.24343872070312,148.7122344970703,147.58160400390625,19.008365631103516,False
1134,37.8,0.9101195931434631,12.128730304539204,77,0,77,double,138.4614610108126,JUMPING,False,,0.42496781877333384,,,28.279349585647786,9.897772354976725,2.9356547790527343,244.87255859375,241.8656463623047,148.7122344970703,145.9853515625,20.15534210205078,False
1135,37.833333333333336,0.9277611374855042,11.135201901197433,77,0,77,double,138.4614610108126,JUMPING,False,,0.42496781877333384,,,28.279349585647786,9.897772354976725,2.9356547790527343,244.87255859375,234.61575317382812,148.7122344970703,139.92498779296875,16.45058250427246,True
1136,37.86666666666667,0.9103277325630188,12.168510351330042,77,0,77,double,138.4614610108126,JUMPING,False,,0.42496781877333384,,,28.279349585647786,9.897772354976725,2.9356547790527343,244.87255859375,227.78256225585938,148.7122344970703,131.39974975585938,19.580751419067383,True
1137,37.9,0.900976300239563,11.075479909777641,77,0,77,double,138.4614610108126,JUMPING,False,,0.42496781877333384,,,28.279349585647786,9.897772354976725,2.9356547790527343,244.87255859375,219.87356567382812,148.7122344970703,123.8293685913086,18.100156784057617,True
1138,37.93333333333333,0.8675016760826111,11.834759265184402,77,0,77,double,138.4614610108126,JUMPING,False,,0.42496781877333384,,,28.279349585647786,9.897772354976725,2.9356547790527343,244.87255859375,214.9087371826172,148.7122344970703,118.3861312866211,20.27998924255371,True
1139,37.96666666666667,0.8898102045059204,11.13837631419301,77,0,77,double,138.4614610108126,JUMPING,False,,0.42496781877333384,,,28.279349585647786,9.897772354976725,2.6104311218261715,244.87255859375,212.2289581298828,148.7122344970703,115.73216247558594,21.843542098999023,True
1140,38.0,0.8840672373771667,12.13787030428648,77,0,77,double,138.4614610108126,JUMPING,False,,0.42496781877333384,,,28.279349585647786,9.897772354976725,3.1678087280273437,243.9672088623047,211.4164581298828,148.40673828125,114.69549560546875,22.244598388671875,True
1141,38.03333333333333,0.913001537322998,10.95843082293868,77,0,77,double,138.4614610108126,JUMPING,False,,0.42496781877333384,,,28.279349585647786,10.318114160156249,3.43937138671875,243.46900939941406,212.188720703125,148.10362243652344,116.62944793701172,24.70071029663086,True
1142,38.06666666666667,0.8992491364479065,11.86139415949583,77,0,77,double,138.4614610108126,JUMPING,False,,0.42496781877333384,,,28.279349585647786,9.897772354976725,3.1678087280273437,243.46900939941406,216.8762969970703,148.10362243652344,121.46096801757812,28.016836166381836,True
1143,38.1,0.9058610796928406,11.173848994076252,77,0,77,single,138.4614610108126,JUMPING,False,,0.42496781877333384,,,28.279349585647786,9.897772354976725,3.1678087280273437,243.46900939941406,224.77308654785156,148.10362243652344,128.87562561035156,31.497447967529297,True
1144,38.13333333333333,0.9090437293052673,11.764289811253548,78,1,77,single,138.4614610108126,JUMPING,True,0.43333333333333,0.426808231976533,32.05255126953125,33.40812683105469,29.22265000661865,9.897772354976725,3.1678087280273437,243.46900939941406,234.9466552734375,148.10362243652344,137.73526000976562,32.35295104980469,False
1145,38.166666666666664,0.9016846418380737,10.90674428269267,78,1,77,single,138.4614610108126,JUMPING,False,,0.426808231976533,,,29.22265000661865,10.227927502316527,2.780779907226562,243.46900939941406,241.62887573242188,148.10362243652344,145.79702758789062,33.861488342285156,False
1146,38.2,0.8907738327980042,11.77904661744833,78,1,77,single,138.4614610108126,JUMPING,False,,0.426808231976533,,,29.22265000661865,10.227927502316527,3.1678087280273437,243.9672088623047,245.52560424804688,148.40673828125,150.01341247558594,34.213985443115234,False
1147,38.233333333333334,0.908759593963623,10.904425289481878,78,1,77,single,138.4614610108126,JUMPING,False,,0.426808231976533,,,29.22265000661865,10.227927502316527,2.788245391845703,244.90769958496094,245.50003051757812,148.7122344970703,152.09962463378906,34.38024139404297,False
1148,38.266666666666666,0.9005712866783142,12.116480153053999,78,1,77,single,138.4614610108126,JUMPING,False,,0.426808231976533,,,29.22265000661865,10.227927502316527,2.780779907226562,244.90769958496094,242.93661499023438,149.29037475585938,151.51715087890625,33.654422760009766,False
1149,38.3,0.9108828902244568,10.998945217579603,78,1,77,single,138.4614610108126,JUMPING,False,,0.426808231976533,,,29.22265000661865,10.227927502316527,3.1678087280273437,244.90769958496094,240.26658630371094,149.47337341308594,149.31259155273438,31.87131690979004,False
1150,38.333333333333336,0.862985372543335,12.134204152971506,78,1,77,single,138.4614610108126,JUMPING,False,,0.426808231976533,,,29.22265000661865,10.227927502316527,3.1678087280273437,244.90769958496094,237.7171630859375,149.47337341308594,146.45651245117188,31.324296951293945,False
1151,38.36666666666667,0.9028912782669067,10.908497031778097,78,1,77,single,138.4614610108126,JUMPING,False,,0.426808231976533,,,29.22265000661865,10.227927502316527,3.2992012573242184,244.67581176757812,236.45089721679688,149.47337341308594,143.9615020751953,30.27094078063965,False
1152,38.4,0.8986911177635193,12.136444915086031,78,1,77,single,138.4614610108126,JUMPING,False,,0.426808231976533,,,29.22265000661865,10.461179992675781,3.4870599975585934,243.46900939941406,234.24331665039062,149.1295928955078,142.67018127441406,30.918930053710938,False
1153,38.43333333333333,0.8977416753768921,11.035225819796324,78,1,77,single,138.4614610108126,JUMPING,False,,0.426808231976533,,,29.22265000661865,10.227927502316527,2.577628234863281,243.22052001953125,232.86611938476562,148.9867401123047,142.13880920410156,31.96595001220703,True
1154,38.46666666666667,0.9017959833145142,11.95950387045741,79,2,77,single,145.16136596035605,JUMPING,True,0.3333333333333357,0.4062437542750296,10.354400634765625,6.9128570556640625,24.505587663655394,10.227927502316527,3.256037182617187,243.22052001953125,234.22137451171875,148.9867401123047,142.07388305664062,32.30618667602539,False
1155,38.5,0.912230372428894,11.14981109276414,79,2,77,single,145.16136596035605,JUMPING,False,,0.4062437542750296,,,24.505587663655394,9.76811154785156,3.256037182617187,243.22052001953125,235.30856323242188,148.9867401123047,142.8128662109375,31.075075149536133,False
1156,38.53333333333333,0.9111485481262207,12.363732792437077,79,2,77,single,145.16136596035605,JUMPING,False,,0.4062437542750296,,,24.505587663655394,9.76811154785156,3.256037182617187,243.22052001953125,236.13507080078125,148.9867401123047,143.22494506835938,31.14557647705078,False
1157,38.56666666666667,0.909064531326294,11.100717820227146,79,2,77,single,145.16136596035605,JUMPING,False,,0.4062437542750296,,,24.505587663655394,8.576955682279387,2.8133905014038083,243.22052001953125,237.76260375976562,148.9867401123047,143.7988739013672,31.52126121520996,False
1158,38.6,0.9132286906242371,11.975580360740423,79,2,77,single,145.16136596035605,JUMPING,False,,0.4062437542750296,,,24.505587663655394,8.576955682279387,2.600092556762695,243.22052001953125,237.10940551757812,148.9867401123047,143.78082275390625,32.51081085205078,False
1159,38.63333333333333,0.9131855368614197,11.153035797178745,79,2,77,single,145.16136596035605,JUMPING,False,,0.4062437542750296,,,24.505587663655394,8.576955682279387,2.600092556762695,243.22052001953125,236.9285888671875,148.9867401123047,143.89437866210938,32.59445571899414,False
1160,38.666666666666664,0.9096859693527222,12.618785724043846,79,2,77,single,145.16136596035605,JUMPING,False,,0.4062437542750296,,,24.505587663655394,8.576955682279387,2.600092556762695,243.22052001953125,236.13262939453125,148.9867401123047,143.5465087890625,33.66977310180664,False
1161,38.7,0.9123154878616333,11.002033948898315,79,2,77,single,145.16136596035605,JUMPING,False,,0.4062437542750296,,,24.505587663655394,8.576955682279387,2.600092556762695,243.22052001953125,235.6561279296875,148.9867401123047,143.72723388671875,34.203086853027344,False
1162,38.733333333333334,0.9128865003585815,12.138637248426676,79,2,77,single,145.16136596035605,JUMPING,False,,0.4062437542750296,,,24.505587663655394,8.576955682279387,2.600092556762695,243.22052001953125,235.57254028320312,148.9867401123047,144.3518524169922,34.86176300048828,False
1163,38.766666666666666,0.9090500473976135,10.990437120199203,79,2,77,single,145.16136596035605,JUMPING,False,,0.4062437542750296,,,24.505587663655394,12.509233895874022,4.169744631958007,243.22052001953125,237.10894775390625,148.9867401123047,144.98036193847656,36.068359375,False
1164,38.8,0.8932173848152161,12.148418929427862,79,2,77,single,145.16136596035605,JUMPING,False,,0.4062437542750296,,,24.505587663655394,13.244855603027343,4.414951867675781,243.12071228027344,237.519775390625,148.9867401123047,144.90805053710938,35.42981719970703,False
1165,38.833333333333336,0.8988053202629089,11.078536044806242,79,2,77,single,145.16136596035605,JUMPING,False,,0.4062437542750296,,,24.505587663655394,9.11406722717285,3.038022409057617,242.5082244873047,237.1455078125,148.13140869140625,144.98416137695312,35.41032791137695,False
1166,38.86666666666667,0.8658410906791687,11.78010506555438,79,2,77,single,145.16136596035605,JUMPING,False,,0.4062437542750296,,,24.505587663655394,8.576955682279387,1.8816980209350584,242.5082244873047,236.6425018310547,148.13140869140625,144.74069213867188,34.51600646972656,False
1167,38.9,0.90297532081604,12.133975978940725,79,2,77,single,145.16136596035605,JUMPING,False,,0.4062437542750296,,,24.505587663655394,8.576955682279387,1.6606631195068358,242.5082244873047,237.39132690429688,148.13140869140625,144.57894897460938,36.17076110839844,False
1168,38.93333333333333,0.8726303577423096,12.141091749072075,79,2,77,single,145.16136596035605,JUMPING,False,,0.4062437542750296,,,24.505587663655394,8.576955682279387,1.8816980209350584,242.5082244873047,239.98458862304688,148.13140869140625,144.84402465820312,45.77067947387695,False
1169,38.96666666666667,0.9099769592285156,11.162755079567432,79,2,77,single,145.16136596035605,JUMPING,False,,0.4062437542750296,,,24.505587663655394,8.576955682279387,2.1027555450439452,242.5082244873047,240.63473510742188,148.13140869140625,144.7659454345703,46.137638092041016,False
1170,39.0,0.9137616157531738,11.900040786713362,79,2,77,single,145.16136596035605,JUMPING,False,,0.4062437542750296,,,24.505587663655394,8.576955682279387,2.694926834106445,242.5082244873047,240.60440063476562,148.13140869140625,144.60641479492188,44.692359924316406,False
1171,39.03333333333333,0.9101019501686096,11.111681815236807,79,2,77,single,145.16136596035605,JUMPING,False,,0.4062437542750296,,,24.505587663655394,11.534309472656249,3.8447698242187496,242.5082244873047,241.34732055664062,148.13140869140625,145.10165405273438,47.24284744262695,False
1172,39.06666666666667,0.9065408706665039,12.105303816497326,79,2,77,single,145.16136596035605,JUMPING,False,,0.4062437542750296,,,24.505587663655394,11.875753591918945,3.9585845306396483,242.5082244873047,241.09918212890625,148.13140869140625,145.46241760253906,47.4216194152832,False
1173,39.1,0.8878939747810364,11.068363208323717,79,2,77,single,145.16136596035605,JUMPING,False,,0.4062437542750296,,,24.505587663655394,11.875753591918945,3.9585845306396483,242.5082244873047,240.38345336914062,148.13140869140625,145.8299102783203,46.10751724243164,False
1174,39.13333333333333,0.8936598300933838,12.659254018217325,79,2,77,single,145.16136596035605,JUMPING,False,,0.4062437542750296,,,24.505587663655394,11.151126507568359,3.717042169189453,242.5082244873047,239.7140350341797,148.13140869140625,146.30172729492188,46.20066833496094,False
1175,39.166666666666664,0.9086309671401978,12.5305256806314,79,2,77,single,145.16136596035605,JUMPING,False,,0.4062437542750296,,,24.505587663655394,10.085055303955077,3.361685101318359,242.5082244873047,239.09169006347656,148.13140869140625,146.1396026611328,46.789119720458984,False
1176,39.2,0.905389130115509,13.678120914846659,79,2,77,single,145.16136596035605,JUMPING,False,,0.4062437542750296,,,24.505587663655394,10.085055303955077,3.361685101318359,242.5082244873047,238.90557861328125,148.13140869140625,145.91946411132812,46.57867431640625,False
1177,39.233333333333334,0.9003735780715942,11.915093753486872,79,2,77,single,145.16136596035605,JUMPING,False,,0.4062437542750296,,,24.505587663655394,8.576955682279387,2.801298678588867,241.77093505859375,238.20404052734375,147.13156127929688,145.85870361328125,44.71190643310547,False
1178,39.266666666666666,0.9230523109436035,12.109478004276752,79,2,77,single,145.16136596035605,JUMPING,False,,0.4062437542750296,,,24.505587663655394,8.576955682279387,2.639840606689453,241.51625061035156,237.85836791992188,146.39459228515625,146.06277465820312,43.21296691894531,False
1179,39.3,0.9043716192245483,11.276101227849722,79,2,77,single,145.16136596035605,JUMPING,False,,0.4062437542750296,,,24.505587663655394,8.576955682279387,2.4857801513671873,241.24806213378906,237.13748168945312,146.39459228515625,145.68093872070312,42.7909049987793,False
1180,39.333333333333336,0.9050981998443604,11.938092764467001,79,2,77,single,145.16136596035605,JUMPING,False,,0.4062437542750296,,,24.505587663655394,8.576955682279387,2.412980364990234,241.24806213378906,236.61074829101562,146.39459228515625,145.44000244140625,40.819881439208984,False
1181,39.36666666666667,0.9158747792243958,11.286620050668716,79,2,77,single,145.16136596035605,JUMPING,False,,0.4062437542750296,,,24.505587663655394,8.576955682279387,2.412980364990234,241.24806213378906,233.9268798828125,146.39459228515625,144.77511596679688,40.5921630859375,False
1182,39.4,0.9198687672615051,11.917554307729006,79,2,77,single,145.16136596035605,JUMPING,False,,0.4062437542750296,,,24.505587663655394,8.576955682279387,2.412980364990234,241.24806213378906,234.84970092773438,146.39459228515625,144.13214111328125,40.37489318847656,False
1183,39.43333333333333,0.918205738067627,11.05909002944827,79,2,77,single,145.16136596035605,JUMPING,False,,0.4062437542750296,,,24.505587663655394,8.576955682279387,2.412980364990234,241.24806213378906,234.6641845703125,146.39459228515625,143.55242919921875,38.829795837402344,False
1184,39.46666666666667,0.9026249647140503,11.996450833976269,79,2,77,single,145.16136596035605,JUMPING,False,,0.4062437542750296,,,24.505587663655394,8.576955682279387,2.38110500793457,241.24806213378906,235.3441162109375,146.39459228515625,142.986572265625,42.08917999267578,False
1185,39.5,0.9223054051399231,11.490833945572376,79,2,77,single,145.16136596035605,JUMPING,False,,0.4062437542750296,,,24.505587663655394,8.576955682279387,2.38110500793457,241.24806213378906,234.28619384765625,146.39459228515625,142.72821044921875,41.74164581298828,False
1186,39.53333333333333,0.9193922877311707,12.504454236477613,79,2,77,single,145.16136596035605,JUMPING,False,,0.4062437542750296,,,24.505587663655394,8.576955682279387,2.38110500793457,241.24806213378906,233.23944091796875,146.39459228515625,142.5296630859375,41.40841293334961,False
1187,39.56666666666667,0.9115247130393982,10.995453223586082,79,2,77,single,145.16136596035605,JUMPING,False,,0.4062437542750296,,,24.505587663655394,8.576955682279387,2.38110500793457,241.24806213378906,233.61886596679688,146.39459228515625,142.33169555664062,43.13471984863281,False
1188,39.6,0.9079885482788086,12.23042281344533,79,2,77,single,145.16136596035605,JUMPING,False,,0.4062437542750296,,,24.505587663655394,8.576955682279387,2.3456100219726563,241.24806213378906,236.34417724609375,146.39459228515625,141.3016357421875,44.90695571899414,False
1189,39.63333333333333,0.9060478210449219,11.125418823212385,79,2,77,single,145.16136596035605,JUMPING,False,,0.4062437542750296,,,24.505587663655394,8.576955682279387,2.2242845855712887,241.24806213378906,237.78604125976562,146.39459228515625,140.94894409179688,45.93619918823242,False
1190,39.666666666666664,0.9041439890861511,11.98897697031498,79,2,77,single,145.16136596035605,JUMPING,False,,0.4062437542750296,,,24.505587663655394,8.576955682279387,2.036731251525879,240.9134063720703,238.37155151367188,146.39459228515625,140.58779907226562,48.675662994384766,False
1191,39.7,0.9095978736877441,11.002874933183193,79,2,77,single,145.16136596035605,JUMPING,False,,0.4062437542750296,,,24.505587663655394,8.576955682279387,2.167196250915527,240.6226043701172,239.06875610351562,146.23687744140625,140.03167724609375,50.363773345947266,False
1192,39.733333333333334,0.9184855818748474,12.170143891125917,79,2,77,single,145.16136596035605,JUMPING,False,,0.4062437542750296,,,24.505587663655394,8.576955682279387,2.167196250915527,240.6226043701172,240.68734741210938,146.10887145996094,139.12850952148438,52.12312698364258,False
1193,39.766666666666666,0.9151195287704468,11.402173899114132,79,2,77,single,145.16136596035605,JUMPING,False,,0.4062437542750296,,,24.505587663655394,8.576955682279387,2.167196250915527,240.6226043701172,241.3087921142578,146.0054473876953,139.63946533203125,54.192474365234375,False
1194,39.8,0.9149957895278931,12.334404047578573,79,2,77,single,145.16136596035605,JUMPING,False,,0.4062437542750296,,,24.505587663655394,8.576955682279387,2.0355888061523437,240.6663055419922,241.777099609375,145.89515686035156,140.59231567382812,55.021183013916016,False
1195,39.833333333333336,0.9138414263725281,11.592942755669355,79,2,77,single,145.16136596035605,JUMPING,False,,0.4062437542750296,,,24.505587663655394,8.576955682279387,2.0412218536376954,240.9344482421875,242.17352294921875,145.84718322753906,140.94293212890625,56.45090103149414,False
1196,39.86666666666667,0.9131869077682495,12.568971142172813,79,2,77,single,145.16136596035605,JUMPING,False,,0.4062437542750296,,,24.505587663655394,8.576955682279387,2.346333947753906,241.22494506835938,241.61318969726562,145.84718322753906,140.58773803710938,57.38313674926758,False
1197,39.9,0.9190390110015869,11.382116936147213,79,2,77,single,145.16136596035605,JUMPING,False,,0.4062437542750296,,,24.505587663655394,8.576955682279387,2.5549603088378903,241.22494506835938,239.59725952148438,145.84718322753906,139.36932373046875,56.71648025512695,False
1198,39.93333333333333,0.9149325489997864,13.207626063376665,79,2,77,single,145.16136596035605,JUMPING,False,,0.4062437542750296,,,24.505587663655394,8.576955682279387,2.4083992721557617,241.22494506835938,239.30987548828125,145.84718322753906,139.3612823486328,55.31505584716797,False
1199,39.96666666666667,0.9112940430641174,11.162763927131891,79,2,77,single,145.16136596035605,JUMPING,False,,0.4062437542750296,,,24.505587663655394,8.576955682279387,2.315137271118164,241.22494506835938,239.43431091308594,145.84718322753906,138.33062744140625,53.3088493347168,False
1200,40.0,0.8996926546096802,12.12635962292552,79,2,77,single,145.16136596035605,STOPPED,False,,0.4062437542750296,,,24.505587663655394,8.576955682279387,2.3914888183593748,241.22494506835938,240.13180541992188,145.84718322753906,137.4356231689453,55.19169998168945,False
1201,40.03333333333333,0.8979218006134033,10.991394054144621,79,2,77,single,145.16136596035605,STOPPED,False,,0.4062437542750296,,,24.505587663655394,8.576955682279387,2.605363641357422,241.22494506835938,240.66287231445312,145.84718322753906,137.18582153320312,55.74943542480469,False
1202,40.06666666666667,0.9090681076049805,12.009957805275917,79,2,77,single,145.16136596035605,STOPPED,False,,0.4062437542750296,,,24.505587663655394,8.576955682279387,2.4869565307617187,241.22494506835938,240.99655151367188,145.84718322753906,138.50021362304688,54.252227783203125,False
1203,40.1,0.9108321666717529,11.27429073676467,79,2,77,single,145.16136596035605,STOPPED,False,,0.4062437542750296,,,24.505587663655394,8.576955682279387,2.5209584197998045,241.3319091796875,241.45709228515625,145.84718322753906,140.33621215820312,53.92545700073242,False
1204,40.13333333333333,0.9098318219184875,11.9882021099329,79,2,77,single,145.16136596035605,STOPPED,False,,0.4062437542750296,,,24.505587663655394,8.576955682279387,2.5006658752441404,241.3319091796875,240.8297882080078,145.84718322753906,142.31295776367188,51.47652816772461,False
1205,40.166666666666664,0.9263206720352173,11.181304696947336,79,2,77,single,145.16136596035605,STOPPED,False,,0.4062437542750296,,,24.505587663655394,8.576955682279387,2.336493081665039,241.3319091796875,239.89602661132812,145.84718322753906,142.6903076171875,48.02985763549805,False
1206,40.2,0.9184213876724243,11.895674280822277,79,2,77,single,145.16136596035605,STOPPED,False,,0.4062437542750296,,,24.505587663655394,8.576955682279387,2.336493081665039,241.3319091796875,237.74168395996094,145.84718322753906,143.54039001464844,43.64602279663086,False
1207,40.233333333333334,0.9155061841011047,11.138525791466236,79,2,77,single,145.16136596035605,STOPPED,False,,0.4062437542750296,,,24.505587663655394,8.576955682279387,2.336493081665039,241.3319091796875,236.31607055664062,145.84718322753906,143.77403259277344,42.559783935546875,False
1208,40.266666666666666,0.9116043448448181,12.166713830083609,79,2,77,single,145.16136596035605,STOPPED,False,,0.4062437542750296,,,24.505587663655394,8.576955682279387,2.271475497436523,241.3319091796875,233.824951171875,145.84718322753906,144.12008666992188,39.58399200439453,False
1209,40.3,0.895490825176239,11.075403075665236,79,2,77,single,145.16136596035605,STOPPED,False,,0.4062437542750296,,,24.505587663655394,8.576955682279387,2.0745903076171874,241.3319091796875,233.89129638671875,145.84718322753906,144.87918090820312,36.15909194946289,False
1210,40.333333333333336,0.9054620862007141,11.833277996629477,79,2,77,single,145.16136596035605,STOPPED,False,,0.4062437542750296,,,24.505587663655394,8.576955682279387,2.0641160064697264,241.3319091796875,233.146728515625,145.87567138671875,145.88699340820312,29.97048568725586,False
1211,40.36666666666667,0.9017868041992188,10.982358362525702,79,2,77,single,145.16136596035605,STOPPED,False,,0.4062437542750296,,,24.505587663655394,8.576955682279387,1.9903660675048827,241.3319091796875,232.02195739746094,145.90647888183594,146.23684692382812,25.41507339477539,True
1212,40.4,0.917015016078949,12.183981947600842,79,2,77,single,145.16136596035605,STOPPED,False,,0.4062437542750296,,,24.505587663655394,8.576955682279387,1.8426399627685546,241.3319091796875,231.11892700195312,146.0054473876953,146.45382690429688,22.300907135009766,True
1213,40.43333333333333,0.9108595252037048,11.195788159966469,79,2,77,single,145.16136596035605,STOPPED,False,,0.4062437542750296,,,24.505587663655394,8.576955682279387,1.9903660675048827,241.3319091796875,230.43438720703125,146.10887145996094,146.51510620117188,21.606271743774414,True
1214,40.46666666666667,0.9219191074371338,11.899473145604134,79,2,77,double,145.16136596035605,STOPPED,False,,0.4062437542750296,,,24.505587663655394,8.576955682279387,2.0641160064697264,241.3319091796875,229.66033935546875,146.10887145996094,145.99722290039062,20.784832000732422,True
1215,40.5,0.914015531539917,11.971806176006794,79,2,77,double,145.16136596035605,STOPPED,False,,0.4062437542750296,,,24.505587663655394,8.576955682279387,2.0745903076171874,241.3319091796875,229.10690307617188,146.10887145996094,144.15591430664062,22.70499038696289,True
1216,40.53333333333333,0.9087334275245667,11.89282676205039,79,2,77,double,145.16136596035605,STOPPED,False,,0.4062437542750296,,,24.505587663655394,8.576955682279387,2.0717737838745114,241.22494506835938,227.56390380859375,146.10887145996094,142.48995971679688,22.46926498413086,True
1217,40.56666666666667,0.8975030779838562,11.171577032655478,79,2,77,double,145.16136596035605,STOPPED,False,,0.4062437542750296,,,24.505587663655394,8.576955682279387,2.068934637451172,241.18389892578125,224.52720642089844,146.10887145996094,140.5877227783203,23.246122360229492,True
1218,40.6,0.8929790258407593,12.064849957823753,79,2,77,double,145.16136596035605,STOPPED,False,,0.4062437542750296,,,24.505587663655394,8.576955682279387,2.2027138595581053,241.18389892578125,222.68267822265625,146.10887145996094,139.572265625,23.777145385742188,True
1219,40.63333333333333,0.8941236138343811,11.244934052228928,79,2,77,double,145.16136596035605,STOPPED,False,,0.4062437542750296,,,24.505587663655394,8.576955682279387,2.2534225982666016,241.18389892578125,222.70892333984375,146.03656005859375,138.66429138183594,24.80242919921875,True
1220,40.666666666666664,0.8820873498916626,11.648261919617653,79,2,77,double,145.16136596035605,STOPPED,False,,0.4062437542750296,,,24.505587663655394,8.576955682279387,2.297876165771484,241.18389892578125,224.1683349609375,145.96612548828125,138.18551635742188,23.665727615356445,True
1221,40.7,0.8819531202316284,11.128644924610853,79,2,77,double,145.16136596035605,STOPPED,False,,0.4062437542750296,,,24.505587663655394,8.576955682279387,2.336493081665039,241.18389892578125,225.90579223632812,145.953125,138.355224609375,23.255239486694336,True
1222,40.733333333333334,0.8918676972389221,12.052990961819887,79,2,77,double,145.16136596035605,STOPPED,False,,0.4062437542750296,,,24.505587663655394,8.576955682279387,2.510891326904297,241.18389892578125,227.52609252929688,145.953125,139.28102111816406,22.979887008666992,True
1223,40.766666666666666,0.9009206891059875,11.16365659981966,79,2,77,double,145.16136596035605,STOPPED,False,,0.4062437542750296,,,24.505587663655394,8.576955682279387,2.5375182220458985,241.18389892578125,231.52017211914062,145.8045654296875,141.99281311035156,21.8541316986084,True
1224,40.8,0.9023536443710327,11.83340698480606,79,2,77,double,0.0,STOPPED,False,2.3333333333333286,,18.501220703125,7.767608642578125,24.505587663655394,8.576955682279387,2.5375182220458985,241.18389892578125,236.3319091796875,145.953125,146.45941162109375,22.24705696105957,False
1225,40.833333333333336,0.8996251821517944,10.927245020866394,79,2,77,double,0.0,STOPPED,False,,,,,24.505587663655394,8.576955682279387,2.0745903076171874,241.18389892578125,239.55648803710938,146.1409912109375,149.30392456054688,22.44743537902832,False
1226,40.86666666666667,0.915046215057373,12.166750151664019,79,2,77,double,0.0,STOPPED,False,,,,,24.505587663655394,8.576955682279387,2.0945661346435545,241.39776611328125,244.83621215820312,146.36703491210938,153.81747436523438,23.219558715820312,False
1227,40.9,0.9072397947311401,11.137870140373707,79,2,77,double,0.0,STOPPED,False,,,,,24.505587663655394,8.576955682279387,2.0297182205200195,241.55075073242188,249.73538208007812,146.45718383789062,157.5951690673828,23.030729293823242,False
1228,40.93333333333333,0.9004197716712952,11.907828040421009,79,2,77,double,0.0,STOPPED,False,,,,,24.505587663655394,8.576955682279387,1.9648703063964843,241.71153259277344,249.750732421875,146.49282836914062,157.43112182617188,24.76726722717285,False
1229,40.96666666666667,0.9120697379112244,10.884438175708055,79,2,77,double,0.0,STOPPED,False,,,,,24.505587663655394,8.576955682279387,1.886188623046875,242.01495361328125,245.12762451171875,148.1884002685547,152.47059631347656,25.46890640258789,False
1230,41.0,0.9069703221321106,12.107744347304106,79,2,77,double,0.0,STOPPED,False,,,,,24.505587663655394,8.576955682279387,2.196300329589844,242.01495361328125,237.0978240966797,148.1884002685547,144.76068115234375,25.757211685180664,False
1231,41.03333333333333,0.9094666242599487,11.104785837233067,79,2,77,single,0.0,STOPPED,False,,,,,24.505587663655394,8.576955682279387,2.196300329589844,242.01495361328125,232.08218383789062,148.1884002685547,139.91506958007812,25.986669540405273,True
1232,41.06666666666667,0.9199556112289429,12.199312448501587,79,2,77,single,0.0,STOPPED,False,,,,,24.505587663655394,8.576955682279387,2.196300329589844,242.01495361328125,225.28753662109375,148.1884002685547,133.82611083984375,24.355976104736328,True
1233,41.1,0.901910662651062,11.052235029637814,79,2,77,double,0.0,STOPPED,False,,,,,24.505587663655394,8.576955682279387,1.886188623046875,242.01495361328125,217.9000244140625,148.1884002685547,127.95160675048828,16.66387367248535,True
1234,41.13333333333333,0.911650538444519,12.148113921284676,79,2,77,double,0.0,STOPPED,False,,,,,24.505587663655394,8.576955682279387,1.821465133666992,242.01495361328125,213.31878662109375,148.1884002685547,124.41734313964844,12.49183464050293,True
1235,41.166666666666664,0.8617136478424072,11.066896840929985,79,2,77,double,0.0,STOPPED,False,,,,,24.505587663655394,8.576955682279387,1.749038621520996,242.01495361328125,215.52685546875,148.1884002685547,123.635498046875,13.099843978881836,True
1236,41.2,0.9073740243911743,11.934577021747828,79,2,77,double,0.0,STOPPED,False,,,,,24.505587663655394,8.576955682279387,1.676612109375,242.01495361328125,216.495361328125,148.1884002685547,125.94861602783203,17.18804168701172,True
1237,41.233333333333334,0.9091989398002625,11.13047730177641,79,2,77,double,0.0,STOPPED,False,,,,,24.505587663655394,8.576955682279387,1.8546412948608397,242.01495361328125,218.21456909179688,148.1884002685547,128.00125122070312,16.331653594970703,True
1238,41.266666666666666,0.8691679835319519,12.014771811664104,79,2,77,double,0.0,STOPPED,False,,,,,24.505587663655394,8.576955682279387,1.821465133666992,242.01495361328125,221.4344482421875,148.1884002685547,132.62623596191406,18.23381233215332,True
1239,41.3,0.9002935290336609,11.211624834686518,79,2,77,double,0.0,STOPPED,False,,,,,24.505587663655394,8.576955682279387,1.7074468231201172,241.9493865966797,228.91139221191406,148.1884002685547,140.63807678222656,18.10137176513672,True
1240,41.333333333333336,0.9043481945991516,12.200586032122374,80,2,78,double,0.0,JUMPING,True,,,28.231964111328125,25.46490478515625,25.437181775573578,8.576955682279387,1.798254263305664,241.55075073242188,239.1356201171875,149.10040283203125,148.79510498046875,13.550760269165039,False
1241,41.36666666666667,0.896743655204773,11.122700292617083,80,2,78,double,0.0,JUMPING,False,,,,,25.437181775573578,8.903013621450752,1.5917318115234373,243.48455810546875,245.07351684570312,151.20391845703125,152.681884765625,10.877452850341797,False
1242,41.4,0.89009690284729,12.027326039969921,80,2,78,double,0.0,JUMPING,False,,,,,25.437181775573578,8.903013621450752,2.284811567687988,244.9785919189453,247.4638671875,152.5973663330078,154.62884521484375,9.944328308105469,False
1243,41.43333333333333,0.899957001209259,11.793708894401789,80,2,78,double,0.0,JUMPING,False,,,,,25.437181775573578,8.903013621450752,2.8789962753295897,244.9785919189453,243.6371307373047,152.5973663330078,151.41055297851562,15.962112426757812,False
1244,41.46666666666667,0.9068124294281006,12.232985813170671,80,2,78,double,0.0,JUMPING,False,,,,,25.437181775573578,9.69637502746582,3.2321250091552733,244.9785919189453,235.54928588867188,152.5973663330078,143.9056396484375,20.454214096069336,False
1245,41.5,0.9151467680931091,11.056692339479923,80,2,78,double,0.0,JUMPING,False,,,,,25.437181775573578,11.357241751098632,3.7857472503662106,244.9785919189453,227.18695068359375,152.5973663330078,134.9932861328125,21.027326583862305,True
1246,41.53333333333333,0.9208186268806458,12.253349181264639,80,2,78,double,0.0,JUMPING,False,,,,,25.437181775573578,12.48649810180664,4.162166033935547,244.9785919189453,217.18861389160156,152.5973663330078,127.2444076538086,19.476682662963867,True
1247,41.56666666666667,0.9078069925308228,11.279384139925241,80,2,78,double,0.0,JUMPING,False,,,,,25.437181775573578,14.753528242492674,4.917842747497558,244.9785919189453,211.61972045898438,152.5973663330078,121.86422729492188,17.403831481933594,True
1248,41.6,0.8773422241210938,11.882642284035683,80,2,78,double,0.0,JUMPING,False,,,,,25.437181775573578,17.819772445678712,5.93992414855957,244.9785919189453,213.1000518798828,152.5973663330078,119.3593978881836,20.33353042602539,True
1249,41.63333333333333,0.8751554489135742,11.083523277193308,80,2,78,double,0.0,JUMPING,False,,,,,25.437181775573578,16.211164114379883,5.403721371459961,244.9785919189453,214.37387084960938,152.5973663330078,118.4249267578125,21.323850631713867,True
1250,41.666666666666664,0.9031397104263306,12.447293382138014,80,2,78,double,0.0,JUMPING,False,,,,,25.437181775573578,10.63180025024414,3.5439334167480467,244.9785919189453,214.27670288085938,152.5973663330078,120.69691467285156,18.47265625,True
1251,41.7,0.912743091583252,11.45430514588952,80,2,78,double,0.0,JUMPING,False,,,,,25.437181775573578,10.63180025024414,3.5439334167480467,244.9785919189453,218.2509765625,152.5973663330078,125.5806884765625,20.14629554748535,True
1252,41.733333333333334,0.9092975854873657,11.801313143223524,80,2,78,double,0.0,JUMPING,False,,,,,25.437181775573578,10.63180025024414,3.5439334167480467,244.9785919189453,224.60226440429688,152.5973663330078,133.33538818359375,21.248172760009766,True
1253,41.766666666666666,0.8557024598121643,11.130589991807938,81,2,79,double,138.46121342300785,JUMPING,True,0.43333333333333,0.43333333333333,33.35887145996094,34.17243957519531,27.417604196670418,10.63180025024414,3.5439334167480467,244.9785919189453,234.8056640625,152.5973663330078,142.70852661132812,13.055624961853027,False
1254,41.8,0.8237248063087463,11.957074981182814,81,2,79,double,138.46121342300785,JUMPING,False,,0.43333333333333,,,27.417604196670418,12.712532615661623,4.237510871887207,244.9785919189453,241.74754333496094,152.5973663330078,147.80645751953125,9.342456817626953,False
1255,41.833333333333336,0.8882537484169006,11.148054152727127,81,2,79,double,138.46121342300785,JUMPING,False,,0.43333333333333,,,27.417604196670418,10.63180025024414,3.5439334167480467,245.10598754882812,247.2059326171875,152.5973663330078,152.00228881835938,10.866273880004883,False
1256,41.86666666666667,0.9003788232803345,11.964252218604088,81,2,79,double,138.46121342300785,JUMPING,False,,0.43333333333333,,,27.417604196670418,9.937849520874023,3.312616506958008,245.42117309570312,245.61688232421875,152.5973663330078,150.86717224121094,13.473663330078125,False
1257,41.9,0.9110879898071289,11.045095045119524,81,2,79,double,138.46121342300785,JUMPING,False,,0.43333333333333,,,27.417604196670418,9.937849520874023,3.312616506958008,245.42117309570312,237.03628540039062,152.5973663330078,144.64295959472656,16.5970401763916,False
1258,41.93333333333333,0.915031909942627,12.299295980483294,81,2,79,double,138.46121342300785,JUMPING,False,,0.43333333333333,,,27.417604196670418,9.937849520874023,3.312616506958008,245.42117309570312,229.51461791992188,152.5973663330078,136.28543090820312,17.562692642211914,True
1259,41.96666666666667,0.9205174446105957,11.26470509916544,81,2,79,double,138.46121342300785,JUMPING,False,,0.43333333333333,,,27.417604196670418,9.937849520874023,3.312616506958008,245.42117309570312,221.2776641845703,152.5973663330078,128.77584838867188,16.114471435546875,True
1260,42.0,0.9278091788291931,12.562217190861702,81,2,79,double,138.46121342300785,JUMPING,False,,0.43333333333333,,,27.417604196670418,9.937849520874023,3.312616506958008,245.42117309570312,214.5502471923828,152.5973663330078,123.60159301757812,15.628833770751953,True
1261,42.03333333333333,0.9049245119094849,11.336247902363539,81,2,79,double,138.46121342300785,JUMPING,False,,0.43333333333333,,,27.417604196670418,9.937849520874023,3.312616506958008,245.42117309570312,211.86434936523438,152.5973663330078,120.7826156616211,15.276150703430176,True
1262,42.06666666666667,0.888312041759491,11.976946145296097,81,2,79,double,138.46121342300785,JUMPING,False,,0.43333333333333,,,27.417604196670418,9.937849520874023,3.312616506958008,245.42117309570312,212.57855224609375,152.5973663330078,119.76270294189453,12.905743598937988,True
1263,42.1,0.9176841378211975,11.187486350536346,81,2,79,double,138.46121342300785,JUMPING,False,,0.43333333333333,,,27.417604196670418,9.937849520874023,3.312616506958008,245.42117309570312,213.76840209960938,152.5973663330078,121.85614013671875,14.916863441467285,True
1264,42.13333333333333,0.9158782362937927,12.411287985742092,81,2,79,double,138.46121342300785,JUMPING,False,,0.43333333333333,,,27.417604196670418,9.937849520874023,3.312616506958008,245.42117309570312,219.0854949951172,152.5973663330078,126.84137725830078,14.639875411987305,True
1265,42.166666666666664,0.8807973861694336,11.14456681534648,81,2,79,double,138.46121342300785,JUMPING,False,,0.43333333333333,,,27.417604196670418,9.937849520874023,3.312616506958008,245.42117309570312,227.83831787109375,152.5973663330078,135.2354736328125,15.644329071044922,True
1266,42.2,0.8301478624343872,14.5654808729887,81,2,79,unknown,0.0,JUMPING,False,,,,,,,,,,,,0.0,False
1267,42.233333333333334,0.8202617168426514,11.596380267292261,81,2,79,unknown,0.0,JUMPING,False,,,,,,,,,,,,0.0,False
1268,42.266666666666666,0.5374844074249268,11.920117773115635,82,2,80,double,128.571288439845,JUMPING,True,0.5,0.4479999999999974,33.55682373046875,32.83466339111328,28.95240908012,9.937849520874023,3.312616506958008,245.42117309570312,238.33041381835938,152.5973663330078,145.27806091308594,10.372106552124023,False
1269,42.3,0.8885496854782104,11.002840008586645,82,2,80,double,128.571288439845,JUMPING,False,,0.4479999999999974,,,28.95240908012,10.133343178041999,3.312616506958008,245.42117309570312,238.24716186523438,152.5973663330078,147.35858154296875,14.32160472869873,False
1270,42.333333333333336,0.9146708846092224,12.207966297864914,82,2,80,double,128.571288439845,JUMPING,False,,0.4479999999999974,,,28.95240908012,10.133343178041999,3.312616506958008,245.42117309570312,234.81875610351562,152.5973663330078,143.96688842773438,16.467899322509766,True
1271,42.36666666666667,0.921067476272583,11.091305874288082,82,2,80,double,128.571288439845,JUMPING,False,,0.4479999999999974,,,28.95240908012,10.133343178041999,3.312616506958008,245.42117309570312,229.59039306640625,152.5973663330078,137.5395965576172,18.017507553100586,True
1272,42.4,0.9126647710800171,12.10646890103817,82,2,80,double,128.571288439845,JUMPING,False,,0.4479999999999974,,,28.95240908012,10.133343178041999,3.0812995971679684,245.42117309570312,226.02520751953125,152.5973663330078,133.03170776367188,16.26655387878418,True
1273,42.43333333333333,0.9215117692947388,11.167610064148903,82,2,80,double,128.571288439845,JUMPING,False,,0.4479999999999974,,,28.95240908012,10.133343178041999,2.909819677734375,245.42117309570312,220.180419921875,152.2832794189453,128.03085327148438,14.590841293334961,True
1274,42.46666666666667,0.9038061499595642,12.022310867905617,82,2,80,double,128.571288439845,JUMPING,False,,0.4479999999999974,,,28.95240908012,10.63180025024414,3.5439334167480467,245.10598754882812,216.64109802246094,151.76559448242188,124.59091186523438,13.301605224609375,True
1275,42.5,0.9005306959152222,11.287813074886799,82,2,80,double,128.571288439845,JUMPING,False,,0.4479999999999974,,,28.95240908012,12.138911924743653,4.046303974914551,244.49896240234375,215.5952606201172,151.19320678710938,122.96015930175781,13.249388694763184,True
1276,42.53333333333333,0.701789140701294,11.78200775757432,82,2,80,double,128.571288439845,JUMPING,False,,0.4479999999999974,,,28.95240908012,15.568996701049805,5.189665567016601,242.88128662109375,218.03622436523438,150.03834533691406,124.75138854980469,15.991086959838867,True
1277,42.56666666666667,0.9106348156929016,11.392938904464245,82,2,80,double,128.571288439845,JUMPING,False,,0.4479999999999974,,,28.95240908012,17.610263800048827,5.870087933349609,242.88128662109375,223.10430908203125,150.03834533691406,129.9758758544922,17.09393310546875,True
1278,42.6,0.9106255173683167,12.12327927350998,83,2,81,double,142.10529168887723,JUMPING,True,0.3333333333333357,0.42277333333333184,27.286026000976562,27.07818603515625,28.53581331033414,17.610263800048827,5.870087933349609,242.88128662109375,226.25491333007812,150.03834533691406,133.45999145507812,17.46381950378418,False
1279,42.63333333333333,0.9185647964477539,11.12397201359272,83,2,81,double,142.10529168887723,JUMPING,False,,0.42277333333333184,,,28.53581331033414,17.610263800048827,5.870087933349609,242.88128662109375,232.5045928955078,150.03834533691406,140.47564697265625,17.279003143310547,False
1280,42.666666666666664,0.8518581390380859,11.927633080631495,83,2,81,double,142.10529168887723,JUMPING,False,,0.42277333333333184,,,28.53581331033414,13.02170548095703,4.340568493652343,243.514404296875,243.330322265625,150.03834533691406,148.0172882080078,12.705920219421387,False
1281,42.7,0.8818695545196533,11.111268308013678,83,2,81,double,142.10529168887723,JUMPING,False,,0.42277333333333184,,,28.53581331033414,12.112748794555664,4.037582931518554,244.49896240234375,246.36044311523438,151.19320678710938,151.60556030273438,12.740289688110352,False
1282,42.733333333333334,0.907027542591095,12.17476325109601,83,2,81,double,142.10529168887723,JUMPING,False,,0.42277333333333184,,,28.53581331033414,11.141421377563475,3.713807125854492,244.49896240234375,241.49900817871094,151.19320678710938,149.30886840820312,10.057730674743652,False
1283,42.766666666666666,0.9151355624198914,11.147752869874239,83,2,81,double,142.10529168887723,JUMPING,False,,0.42277333333333184,,,28.53581331033414,11.141421377563475,3.713807125854492,244.49896240234375,234.83364868164062,151.19320678710938,143.162109375,13.65563678741455,False
1284,42.8,0.9161761999130249,11.996693909168243,83,2,81,double,142.10529168887723,JUMPING,False,,0.42277333333333184,,,28.53581331033414,11.141421377563475,3.713807125854492,244.49896240234375,230.43765258789062,151.19320678710938,138.94564819335938,16.34664535522461,True
1285,42.833333333333336,0.9072023034095764,11.081510223448277,83,2,81,double,142.10529168887723,JUMPING,False,,0.42277333333333184,,,28.53581331033414,11.141421377563475,3.713807125854492,244.49896240234375,223.98037719726562,151.19320678710938,132.51409912109375,18.23710823059082,True
1286,42.86666666666667,0.9064283967018127,12.064628768712282,83,2,81,double,142.10529168887723,JUMPING,False,,0.42277333333333184,,,28.53581331033414,11.141421377563475,3.713807125854492,244.49896240234375,218.09805297851562,151.19320678710938,126.80122375488281,16.005779266357422,True
1287,42.9,0.8955246210098267,11.094396002590656,83,2,81,double,142.10529168887723,JUMPING,False,,0.42277333333333184,,,28.53581331033414,9.98753465861695,3.1699805053710937,244.49896240234375,214.47479248046875,151.19320678710938,123.31512451171875,15.645668029785156,True
1288,42.93333333333333,0.887438952922821,12.020536698400974,83,2,81,double,142.10529168887723,JUMPING,False,,0.42277333333333184,,,28.53581331033414,11.141421377563475,3.713807125854492,243.514404296875,213.43704223632812,150.2438507080078,122.51142120361328,16.532878875732422,True
1289,42.96666666666667,0.8982764482498169,11.087012011557817,83,2,81,double,142.10529168887723,JUMPING,False,,0.42277333333333184,,,28.53581331033414,15.343674801635741,5.114558267211914,242.69720458984375,216.37789916992188,148.792236328125,124.74232482910156,15.899262428283691,True
1290,43.0,0.8901719450950623,12.134708929806948,83,2,81,double,142.10529168887723,JUMPING,False,,0.42277333333333184,,,28.53581331033414,16.38952132873535,5.4631737762451165,241.64813232421875,223.35107421875,147.93295288085938,130.72042846679688,17.091283798217773,True
1291,43.03333333333333,0.904841959476471,11.108743958175182,84,2,82,double,141.17640722997004,JUMPING,True,0.43333333333333,0.42509653333333147,28.211090087890625,25.421531677246094,28.454632504723264,15.568996701049805,5.189665567016601,241.64813232421875,227.66885375976562,147.93295288085938,134.69227600097656,17.16942596435547,False
1292,43.06666666666667,0.8652603626251221,12.085476890206337,84,2,82,double,141.17640722997004,JUMPING,False,,0.42509653333333147,,,28.454632504723264,16.38952132873535,5.4631737762451165,241.64813232421875,235.322998046875,147.93295288085938,141.773681640625,13.591060638427734,False
1293,43.1,0.5313376188278198,11.293717194348574,84,2,82,double,141.17640722997004,JUMPING,False,,0.42509653333333147,,,28.454632504723264,15.678332116699217,5.226110705566406,242.69720458984375,245.76736450195312,148.792236328125,149.3091278076172,12.216238021850586,False
1294,43.13333333333333,0.8784312009811401,11.849808041006327,84,2,82,double,141.17640722997004,JUMPING,False,,0.42509653333333147,,,28.454632504723264,12.138911924743653,4.046303974914551,244.70225524902344,248.50173950195312,149.30902099609375,152.30377197265625,12.011569023132324,False
1295,43.166666666666664,0.9103240966796875,11.005295440554619,84,2,82,double,141.17640722997004,JUMPING,False,,0.42509653333333147,,,28.454632504723264,10.839476458740233,3.613158819580078,244.70225524902344,242.98504638671875,149.30902099609375,148.94140625,14.519303321838379,False
1296,43.2,0.9160152673721313,11.94456173107028,84,2,82,double,141.17640722997004,JUMPING,False,,0.42509653333333147,,,28.454632504723264,10.839476458740233,3.613158819580078,244.70225524902344,234.03692626953125,149.30902099609375,142.09597778320312,15.08811092376709,False
1297,43.233333333333334,0.9182897806167603,11.19779422879219,84,2,82,double,141.17640722997004,JUMPING,False,,0.42509653333333147,,,28.454632504723264,10.839476458740233,3.613158819580078,244.70225524902344,228.1566619873047,149.30902099609375,137.50619506835938,15.49577522277832,True
1298,43.266666666666666,0.9203555583953857,12.453360017389059,84,2,82,double,141.17640722997004,JUMPING,False,,0.42509653333333147,,,28.454632504723264,10.839476458740233,3.613158819580078,244.70225524902344,221.69784545898438,149.30902099609375,130.6498565673828,16.640487670898438,True
1299,43.3,0.8769820332527161,10.825848206877708,84,2,82,double,141.17640722997004,JUMPING,False,,0.42509653333333147,,,28.454632504723264,10.839476458740233,3.613158819580078,244.70225524902344,217.55120849609375,149.30902099609375,125.00431823730469,16.276569366455078,True
1300,43.333333333333336,0.8957695960998535,11.891009751707315,84,2,82,double,141.17640722997004,JUMPING,False,,0.42509653333333147,,,28.454632504723264,10.839476458740233,3.613158819580078,244.70225524902344,214.55767822265625,149.30902099609375,121.7902603149414,18.047008514404297,True
1301,43.36666666666667,0.9078732132911682,11.172936297953129,84,2,82,double,141.17640722997004,JUMPING,False,,0.42509653333333147,,,28.454632504723264,10.272574703979492,3.424191567993164,244.70225524902344,214.07586669921875,149.30902099609375,120.84956359863281,16.476299285888672,True
1302,43.4,0.9157922863960266,12.161396909505129,84,2,82,double,141.17640722997004,JUMPING,False,,0.42509653333333147,,,28.454632504723264,12.926283013916013,4.308761004638671,243.1922149658203,217.1525421142578,149.16188049316406,123.7087631225586,17.991703033447266,True
1303,43.43333333333333,0.9206476807594299,11.15635922178626,84,2,82,double,141.17640722997004,JUMPING,False,,0.42509653333333147,,,28.454632504723264,15.013089569091797,5.004363189697266,242.390625,219.58160400390625,148.57176208496094,125.75770568847656,18.508541107177734,True
1304,43.46666666666667,0.9018713235855103,11.957989074289799,84,2,82,double,141.17640722997004,JUMPING,False,,0.42509653333333147,,,28.454632504723264,12.926283013916013,4.308761004638671,242.390625,225.33416748046875,148.57176208496094,131.59780883789062,16.13831901550293,True
1305,43.5,0.8860538005828857,11.132798157632351,85,2,83,double,138.4614610108126,JUMPING,True,0.46666666666666856,0.43424196266666565,28.31475830078125,27.722198486328125,28.41966395373776,12.926283013916013,4.308761004638671,242.390625,233.84750366210938,148.57176208496094,140.42489624023438,13.272531509399414,False
1306,43.53333333333333,0.8951237797737122,12.2760571539402,85,2,83,double,138.4614610108126,JUMPING,False,,0.43424196266666565,,,28.41966395373776,10.839476458740233,3.613158819580078,243.1922149658203,245.44281005859375,149.16188049316406,149.51730346679688,21.302078247070312,False
1307,43.56666666666667,0.8917801380157471,11.121099814772606,85,2,83,unknown,0.0,JUMPING,False,,,,,,,,,,,,0.0,False
1308,43.6,0.9124089479446411,12.43639923632145,85,2,83,double,138.4614610108126,JUMPING,False,,0.43424196266666565,,,28.41966395373776,9.946882383808216,3.1641325424194333,243.6431884765625,243.85177612304688,149.30902099609375,149.4849853515625,16.916013717651367,False
1309,43.63333333333333,0.9150497317314148,11.058350093662739,85,2,83,double,138.4614610108126,JUMPING,False,,0.43424196266666565,,,28.41966395373776,9.946882383808216,3.1319744018554685,243.6431884765625,241.67300415039062,149.30902099609375,148.59007263183594,14.56385326385498,False
1310,43.666666666666664,0.9148723483085632,12.075241189450026,85,2,83,double,138.4614610108126,JUMPING,False,,0.43424196266666565,,,28.41966395373776,9.946882383808216,3.1319744018554685,243.6431884765625,235.32412719726562,149.30902099609375,142.47312927246094,16.07274627685547,False
1311,43.7,0.9179849028587341,11.177938897162676,85,2,83,double,138.4614610108126,JUMPING,False,,0.43424196266666565,,,28.41966395373776,9.946882383808216,3.1319744018554685,243.6431884765625,226.14361572265625,149.30902099609375,134.54983520507812,16.35124969482422,True
1312,43.733333333333334,0.9170528650283813,12.099472805857658,85,2,83,double,138.4614610108126,JUMPING,False,,0.43424196266666565,,,28.41966395373776,9.946882383808216,3.1319744018554685,243.6431884765625,218.83067321777344,149.30902099609375,127.18185424804688,13.668426513671875,True
1313,43.766666666666666,0.914801836013794,10.934475809335709,85,2,83,double,138.4614610108126,JUMPING,False,,0.43424196266666565,,,28.41966395373776,9.946882383808216,3.1319744018554685,243.6431884765625,213.0271453857422,149.30902099609375,121.98518371582031,14.176399230957031,True
1314,43.8,0.9167444109916687,12.073940131813288,85,2,83,double,138.4614610108126,JUMPING,False,,0.43424196266666565,,,28.41966395373776,9.946882383808216,2.9726767959594724,243.6431884765625,210.23281860351562,149.30902099609375,119.38568878173828,13.870619773864746,True
1315,43.833333333333336,0.9147078394889832,10.99495030939579,85,2,83,double,138.4614610108126,JUMPING,False,,0.43424196266666565,,,28.41966395373776,9.946882383808216,2.840051330566406,243.6431884765625,208.75662231445312,149.30902099609375,118.89105987548828,13.446165084838867,True
1316,43.86666666666667,0.8921160697937012,12.023099232465029,85,2,83,double,138.4614610108126,JUMPING,False,,0.43424196266666565,,,28.41966395373776,9.946882383808216,2.840051330566406,243.6431884765625,211.32122802734375,149.30902099609375,120.50601196289062,12.894814491271973,True
1317,43.9,0.9035452008247375,11.372488923370838,85,2,83,double,138.4614610108126,JUMPING,False,,0.43424196266666565,,,28.41966395373776,9.946882383808216,2.840051330566406,243.6431884765625,216.59320068359375,149.30902099609375,125.91096496582031,14.874751091003418,True
1318,43.93333333333333,0.914216935634613,12.186266016215086,85,2,83,double,138.4614610108126,JUMPING,False,,0.43424196266666565,,,28.41966395373776,9.946882383808216,2.840051330566406,243.6431884765625,225.21517944335938,149.30902099609375,133.72372436523438,15.222634315490723,True
1319,43.96666666666667,0.8917314410209656,11.873470153659582,86,2,84,double,136.36359092126736,JUMPING,True,0.46666666666666856,0.44137539754666627,34.886566162109375,30.41796112060547,30.036389505830662,9.946882383808216,2.9726767959594724,243.6431884765625,237.5908203125,149.30902099609375,143.71609497070312,12.444287300109863,False
1320,44.0,0.8900808095932007,12.605597730726004,86,2,84,double,136.36359092126736,JUMPING,False,,0.44137539754666627,,,30.036389505830662,10.51273632704073,2.1908482635498046,244.7921142578125,245.41900634765625,149.3311767578125,149.34588623046875,12.47645092010498,False
1321,44.03333333333333,0.8900466561317444,11.231696233153343,86,2,84,unknown,0.0,JUMPING,False,,,,,,,,,,,,0.0,False
1322,44.06666666666667,0.9085890054702759,12.23019789904356,86,2,84,double,136.36359092126736,JUMPING,False,,0.44137539754666627,,,30.036389505830662,10.51273632704073,3.096683020019531,245.43328857421875,249.58322143554688,149.42935180664062,152.1192626953125,10.050459861755371,False
1323,44.1,0.9083973169326782,11.191834695637226,86,2,84,double,136.36359092126736,JUMPING,False,,0.44137539754666627,,,30.036389505830662,10.51273632704073,2.1908482635498046,245.43328857421875,243.3419952392578,149.42935180664062,149.03866577148438,11.044251441955566,False
1324,44.13333333333333,0.9151162505149841,12.062274850904942,86,2,84,double,136.36359092126736,JUMPING,False,,0.44137539754666627,,,30.036389505830662,10.51273632704073,2.1908482635498046,245.43328857421875,233.92906188964844,149.42935180664062,141.64654541015625,14.10663890838623,True
1325,44.166666666666664,0.9192423820495605,11.071151122450829,86,2,84,double,136.36359092126736,JUMPING,False,,0.44137539754666627,,,30.036389505830662,10.51273632704073,2.1908482635498046,245.43328857421875,223.95843505859375,149.42935180664062,133.51132202148438,15.199483871459961,True
1326,44.2,0.9082831144332886,11.966579128056765,86,2,84,double,136.36359092126736,JUMPING,False,,0.44137539754666627,,,30.036389505830662,10.51273632704073,2.1908482635498046,245.43328857421875,216.50270080566406,149.42935180664062,126.74363708496094,15.157017707824707,True
1327,44.233333333333334,0.91246497631073,11.133610270917416,86,2,84,double,136.36359092126736,JUMPING,False,,0.44137539754666627,,,30.036389505830662,10.51273632704073,3.0793766693115234,245.43328857421875,212.3480987548828,149.42935180664062,123.1224136352539,15.118518829345703,True
1328,44.266666666666666,0.8881565928459167,11.954764369875193,86,2,84,double,136.36359092126736,JUMPING,False,,0.44137539754666627,,,30.036389505830662,10.51273632704073,2.840051330566406,244.7921142578125,211.36241149902344,149.3311767578125,121.03459167480469,15.414445877075195,True
1329,44.3,0.8866701126098633,11.219652835279703,86,2,84,double,136.36359092126736,JUMPING,False,,0.44137539754666627,,,30.036389505830662,10.51273632704073,2.1821950881958005,244.7921142578125,211.53274536132812,149.3311767578125,121.0617446899414,13.487584114074707,True
1330,44.333333333333336,0.8935793042182922,12.092513032257557,86,2,84,double,136.36359092126736,JUMPING,False,,0.44137539754666627,,,30.036389505830662,10.51273632704073,2.1821950881958005,244.7921142578125,215.04031372070312,149.3311767578125,124.4114990234375,16.55443572998047,True
1331,44.36666666666667,0.9005045294761658,11.566862929612398,86,2,84,double,136.36359092126736,JUMPING,False,,0.44137539754666627,,,30.036389505830662,10.51273632704073,2.1821950881958005,244.7921142578125,220.7704620361328,149.3311767578125,131.11972045898438,17.488431930541992,True
1332,44.4,0.9044841527938843,12.68236804753542,86,2,84,double,136.36359092126736,JUMPING,False,,0.44137539754666627,,,30.036389505830662,10.51273632704073,2.1821950881958005,244.7921142578125,224.93106079101562,149.3311767578125,135.18026733398438,18.196348190307617,True
1333,44.43333333333333,0.9037755727767944,11.021396145224571,86,2,84,double,136.36359092126736,JUMPING,False,,0.44137539754666627,,,30.036389505830662,10.51273632704073,2.1821950881958005,244.7921142578125,231.9939727783203,149.3311767578125,142.3447265625,17.229612350463867,True
1334,44.46666666666667,0.9010869860649109,12.45024986565113,87,2,85,double,136.36359092126736,JUMPING,True,0.5,0.4542728100863997,33.42970275878906,28.296585083007812,30.88471781907026,10.51273632704073,2.840051330566406,244.7921142578125,240.105712890625,149.3311767578125,148.8583984375,10.82956314086914,False
1335,44.5,0.9110041856765747,11.25702215358615,87,2,85,double,136.36359092126736,JUMPING,False,,0.4542728100863997,,,30.88471781907026,10.80965123667459,2.7945571197509764,244.7921142578125,243.37713623046875,149.42935180664062,151.00982666015625,13.262826919555664,False
1336,44.53333333333333,0.9185410737991333,11.839837301522493,87,2,85,double,136.36359092126736,JUMPING,False,,0.4542728100863997,,,30.88471781907026,10.80965123667459,3.062568017578125,244.7921142578125,238.5416259765625,149.42935180664062,146.93377685546875,17.306568145751953,False
1337,44.56666666666667,0.9004908800125122,11.373969726264477,87,2,85,double,136.36359092126736,JUMPING,False,,0.4542728100863997,,,30.88471781907026,10.80965123667459,3.062568017578125,244.7921142578125,233.65631103515625,149.42935180664062,140.0955810546875,18.756322860717773,True
1338,44.6,0.9061324596405029,12.260334100574255,87,2,85,double,136.36359092126736,JUMPING,False,,0.4542728100863997,,,30.88471781907026,10.80965123667459,3.062568017578125,244.7921142578125,230.00439453125,149.42935180664062,135.64898681640625,18.286741256713867,True
1339,44.63333333333333,0.9040723443031311,11.181439738720655,87,2,85,double,136.36359092126736,JUMPING,False,,0.4542728100863997,,,30.88471781907026,10.80965123667459,3.062568017578125,244.7921142578125,222.11184692382812,149.42935180664062,129.63906860351562,15.650382995605469,True
1340,44.666666666666664,0.9110944271087646,12.078029103577137,87,2,85,double,136.36359092126736,JUMPING,False,,0.4542728100863997,,,30.88471781907026,10.80965123667459,3.070983654785156,243.66192626953125,216.45382690429688,149.42935180664062,125.01051330566406,15.021990776062012,True
1341,44.7,0.8894437551498413,12.211342807859182,87,2,85,double,136.36359092126736,JUMPING,False,,0.4542728100863997,,,30.88471781907026,10.80965123667459,3.0793766693115234,243.3630828857422,212.67645263671875,149.22299194335938,122.11289978027344,15.934704780578613,True
1342,44.733333333333334,0.8961521983146667,11.971850879490376,87,2,85,double,136.36359092126736,JUMPING,False,,0.4542728100863997,,,30.88471781907026,10.80965123667459,3.070983654785156,243.3630828857422,211.95358276367188,149.22299194335938,122.13455200195312,14.386491775512695,True
1343,44.766666666666666,0.906743049621582,11.099171824753284,87,2,85,double,136.36359092126736,JUMPING,False,,0.4542728100863997,,,30.88471781907026,10.80965123667459,3.070983654785156,243.3630828857422,217.22314453125,149.22299194335938,125.38374328613281,17.244686126708984,True
1344,44.8,0.8862054347991943,12.124061118811369,87,2,85,double,136.36359092126736,JUMPING,False,,0.4542728100863997,,,30.88471781907026,10.80965123667459,3.070983654785156,243.3630828857422,221.11831665039062,149.22299194335938,127.64009094238281,18.23312759399414,True
1345,44.833333333333336,0.9093562960624695,11.079915799200535,87,2,85,double,136.36359092126736,JUMPING,False,,0.4542728100863997,,,30.88471781907026,10.80965123667459,3.070983654785156,243.3630828857422,226.99114990234375,149.22299194335938,133.51478576660156,20.229549407958984,True
1346,44.86666666666667,0.8410100936889648,12.171388138085604,88,2,86,double,132.35295428588446,JUMPING,True,0.3999999999999986,0.44233279186739144,31.409500122070312,27.110092163085938,31.015913394820274,10.80965123667459,3.114668051147461,243.3630828857422,236.64871215820312,149.22299194335938,141.99917602539062,15.688384056091309,False
1347,44.9,0.8937401175498962,10.912797879427671,88,2,86,double,132.35295428588446,JUMPING,False,,0.44233279186739144,,,31.015913394820274,11.869170391845703,3.956390130615234,243.66192626953125,246.82748413085938,149.42935180664062,150.13116455078125,15.854537010192871,False
1348,44.93333333333333,0.8923185467720032,12.1377008035779,88,2,86,double,132.35295428588446,JUMPING,False,,0.44233279186739144,,,31.015913394820274,11.463048028564453,3.8210160095214842,244.7921142578125,252.82553100585938,149.50437927246094,153.0900115966797,21.83013916015625,False
1349,44.96666666666667,0.8975527882575989,11.222159024327993,88,2,86,double,132.35295428588446,JUMPING,False,,0.44233279186739144,,,31.015913394820274,10.855569688187096,3.2527795166015623,245.43328857421875,246.04574584960938,149.59817504882812,149.652099609375,14.335957527160645,False
1350,45.0,0.9141021966934204,12.304900214076042,88,2,86,double,132.35295428588446,JUMPING,False,,0.44233279186739144,,,31.015913394820274,10.855569688187096,3.2527795166015623,245.43328857421875,236.41262817382812,149.59817504882812,142.73318481445312,17.12912940979004,False
1351,45.03333333333333,0.9134354591369629,11.328259948641062,88,2,86,double,132.35295428588446,JUMPING,False,,0.44233279186739144,,,31.015913394820274,10.855569688187096,3.2527795166015623,245.43328857421875,230.12197875976562,149.59817504882812,137.77210998535156,18.84657096862793,True
1352,45.06666666666667,0.9280532598495483,12.054016813635826,88,2,86,double,132.35295428588446,JUMPING,False,,0.44233279186739144,,,31.015913394820274,10.855569688187096,3.2527795166015623,245.43328857421875,223.10906982421875,149.59817504882812,131.47666931152344,22.03516387939453,True
1353,45.1,0.9302394390106201,11.098123155534267,88,2,86,double,132.35295428588446,JUMPING,False,,0.44233279186739144,,,31.015913394820274,12.552397970581053,4.184132656860351,244.7921142578125,216.7197265625,149.5852508544922,126.26199340820312,21.504432678222656,True
1354,45.13333333333333,0.9123978018760681,12.03052420169115,88,2,86,double,132.35295428588446,JUMPING,False,,0.44233279186739144,,,31.015913394820274,14.55063673095703,4.850212243652344,244.6022491455078,212.03573608398438,149.5296173095703,123.22767639160156,20.826339721679688,True
1355,45.166666666666664,0.9019216299057007,11.296177748590708,88,2,86,double,132.35295428588446,JUMPING,False,,0.44233279186739144,,,31.015913394820274,14.948547061157225,4.982849020385742,244.6022491455078,211.47659301757812,149.5296173095703,122.83086395263672,20.974472045898438,True
1356,45.2,0.905994713306427,12.0304049924016,88,2,86,double,132.35295428588446,JUMPING,False,,0.44233279186739144,,,31.015913394820274,14.948547061157225,4.982849020385742,244.6022491455078,217.06764221191406,149.5296173095703,125.95701599121094,20.24494743347168,True
1357,45.233333333333334,0.9056514501571655,11.101040989160538,88,2,86,double,132.35295428588446,JUMPING,False,,0.44233279186739144,,,31.015913394820274,14.948547061157225,4.982849020385742,244.6022491455078,220.94692993164062,149.5296173095703,128.2499542236328,20.0443058013916,True
1358,45.266666666666666,0.9015857577323914,12.31286907568574,88,2,86,double,132.35295428588446,JUMPING,False,,0.44233279186739144,,,31.015913394820274,14.948547061157225,4.982849020385742,244.6022491455078,227.46731567382812,149.5296173095703,133.97048950195312,19.17511749267578,True
1359,45.3,0.8993251919746399,11.025006882846355,89,2,87,double,132.35295428588446,JUMPING,True,0.43333333333333,0.4403529109898979,33.12565612792969,26.698753356933594,31.543349078097627,14.948547061157225,4.982849020385742,244.6022491455078,236.4847412109375,149.5296173095703,141.9216766357422,18.089284896850586,False
1360,45.333333333333336,0.8518601655960083,11.997956782579422,89,2,87,unknown,0.0,JUMPING,False,,,,,,,,,,,,0.0,False
1361,45.36666666666667,0.8605701923370361,11.1187850125134,89,2,87,double,132.35295428588446,JUMPING,False,,0.4403529109898979,,,31.543349078097627,14.55063673095703,4.850212243652344,244.6022491455078,242.29296875,149.5296173095703,146.05825805664062,16.752696990966797,False
1362,45.4,0.8620082139968872,12.174875941127539,89,2,87,double,132.35295428588446,JUMPING,False,,0.4403529109898979,,,31.543349078097627,11.040172177334169,3.0793766693115234,245.7950439453125,246.1688232421875,149.5296173095703,147.8279571533203,20.066194534301758,False
1363,45.43333333333333,0.9173531532287598,11.01749762892723,89,2,87,double,132.35295428588446,JUMPING,False,,0.4403529109898979,,,31.543349078097627,11.040172177334169,3.3614362518310545,245.7950439453125,239.7982940673828,149.5296173095703,143.513671875,19.21928596496582,False
1364,45.46666666666667,0.9165773391723633,12.013851199299097,89,2,87,double,132.35295428588446,JUMPING,False,,0.4403529109898979,,,31.543349078097627,11.040172177334169,3.3614362518310545,245.7950439453125,231.0865478515625,149.5296173095703,136.27969360351562,19.27121925354004,True
1365,45.5,0.9179799556732178,11.107808910310268,89,2,87,double,132.35295428588446,JUMPING,False,,0.4403529109898979,,,31.543349078097627,11.040172177334169,3.3614362518310545,245.7950439453125,223.84735107421875,149.5296173095703,129.57765197753906,18.02819061279297,True
1366,45.53333333333333,0.916667640209198,11.820944957435131,89,2,87,double,132.35295428588446,JUMPING,False,,0.4403529109898979,,,31.543349078097627,11.040172177334169,3.3614362518310545,245.7950439453125,218.01132202148438,149.5296173095703,124.8193588256836,15.577320098876953,True
1367,45.56666666666667,0.9017542004585266,11.227348819375038,89,2,87,double,132.35295428588446,JUMPING,False,,0.4403529109898979,,,31.543349078097627,14.55063673095703,4.850212243652344,244.97830200195312,213.94122314453125,149.40672302246094,122.63067626953125,14.085587501525879,True
1368,45.6,0.9045214653015137,12.002384290099144,89,2,87,double,132.35295428588446,JUMPING,False,,0.4403529109898979,,,31.543349078097627,16.691601983642578,5.5638673278808595,243.3630828857422,214.35125732421875,148.966552734375,123.62564086914062,15.166932106018066,True
1369,45.63333333333333,0.9000360369682312,11.101212818175554,89,2,87,double,132.35295428588446,JUMPING,False,,0.4403529109898979,,,31.543349078097627,20.604941152954098,6.8683137176513664,242.94346618652344,215.30908203125,148.4462127685547,125.075439453125,16.531404495239258,True
1370,45.666666666666664,0.8956817388534546,12.224792968481779,89,2,87,double,132.35295428588446,JUMPING,False,,0.4403529109898979,,,31.543349078097627,20.604941152954098,6.8683137176513664,242.94346618652344,221.12887573242188,148.4462127685547,129.57363891601562,17.22504425048828,True
1371,45.7,0.8975838422775269,11.037087999284267,90,2,88,double,136.36359092126736,JUMPING,True,0.4000000000000057,0.43147527057212165,29.002243041992188,25.815536499023438,30.908072569071265,20.604941152954098,6.8683137176513664,242.94346618652344,229.60264587402344,148.4462127685547,136.88636779785156,15.7108793258667,False
1372,45.733333333333334,0.8968185782432556,12.33661500737071,90,2,88,double,136.36359092126736,JUMPING,False,,0.43147527057212165,,,30.908072569071265,15.376047857666016,5.125349285888672,242.94346618652344,238.1147003173828,148.4462127685547,144.63734436035156,12.064221382141113,False
1373,45.766666666666666,0.9070169925689697,11.06679905205965,90,2,88,double,136.36359092126736,JUMPING,False,,0.43147527057212165,,,30.908072569071265,14.963342294311522,4.987780764770507,242.94346618652344,240.03451538085938,148.59634399414062,148.20327758789062,12.763589859008789,False
1374,45.8,0.9187395572662354,12.105084024369717,90,2,88,double,136.36359092126736,JUMPING,False,,0.43147527057212165,,,30.908072569071265,15.059375573730467,5.019791857910156,242.94346618652344,236.5516815185547,148.59634399414062,145.88226318359375,14.134601593017578,False
1375,45.833333333333336,0.9160348176956177,11.06444513425231,90,2,88,double,136.36359092126736,JUMPING,False,,0.43147527057212165,,,30.908072569071265,15.059375573730467,5.019791857910156,242.94346618652344,233.78048706054688,148.59634399414062,143.53628540039062,15.103073120117188,False
1376,45.86666666666667,0.9234322309494019,12.289675883948803,90,2,88,double,136.36359092126736,JUMPING,False,,0.43147527057212165,,,30.908072569071265,15.059375573730467,5.019791857910156,242.94346618652344,227.020263671875,148.59634399414062,137.3773193359375,14.744610786437988,True
1377,45.9,0.9203907251358032,11.131355073302984,90,2,88,double,136.36359092126736,JUMPING,False,,0.43147527057212165,,,30.908072569071265,15.059375573730467,5.019791857910156,242.94346618652344,220.46080017089844,148.59634399414062,130.58587646484375,15.420159339904785,True
1378,45.93333333333333,0.9217689037322998,12.055316008627415,90,2,88,double,136.36359092126736,JUMPING,False,,0.43147527057212165,,,30.908072569071265,15.059375573730467,5.019791857910156,242.94346618652344,214.44923400878906,148.59634399414062,125.42588806152344,14.440892219543457,True
1379,45.96666666666667,0.9096134901046753,11.001220904290676,90,2,88,double,136.36359092126736,JUMPING,False,,0.43147527057212165,,,30.908072569071265,15.059375573730467,5.019791857910156,242.94346618652344,212.53781127929688,148.59634399414062,122.81182861328125,13.933365821838379,True
1380,46.0,0.9022659063339233,11.972189880907536,90,2,88,double,136.36359092126736,JUMPING,False,,0.43147527057212165,,,30.908072569071265,15.11451835784912,5.0381727859497065,242.94346618652344,212.71722412109375,148.0531463623047,122.91926574707031,15.411534309387207,True
1381,46.03333333333333,0.9086388945579529,11.40234200283885,90,2,88,double,136.36359092126736,JUMPING,False,,0.43147527057212165,,,30.908072569071265,14.440283294677734,4.813427764892578,241.38958740234375,213.6763916015625,147.4702911376953,123.87748718261719,16.213735580444336,True
1382,46.06666666666667,0.8932774066925049,12.15960830450058,90,2,88,double,136.36359092126736,JUMPING,False,,0.43147527057212165,,,30.908072569071265,15.11451835784912,5.0381727859497065,241.38958740234375,217.71908569335938,147.1200714111328,127.38580322265625,17.958356857299805,True
1383,46.1,0.9124459624290466,11.776122730225325,90,2,88,double,136.36359092126736,JUMPING,False,,0.43147527057212165,,,30.908072569071265,15.11451835784912,5.0381727859497065,241.38958740234375,222.44943237304688,147.1200714111328,134.29006958007812,20.019672393798828,True
1384,46.13333333333333,0.9026755690574646,12.335315812379122,91,2,89,double,138.4614610108126,JUMPING,True,0.43333333333333,0.4318840443795875,28.851776123046875,24.308242797851562,30.393998457565168,15.11451835784912,5.0381727859497065,241.38958740234375,232.70126342773438,147.1200714111328,142.48153686523438,11.937602043151855,False
1385,46.166666666666664,0.8821296095848083,11.005253996700048,91,2,89,unknown,0.0,JUMPING,False,,,,,,,,,,,,0.0,False
1386,46.2,0.8685879111289978,12.16494431719184,91,2,89,unknown,0.0,JUMPING,False,,,,,,,,,,,,0.0,False
1387,46.233333333333334,0.8862462043762207,11.23317377641797,91,2,89,double,138.4614610108126,JUMPING,False,,0.4318840443795875,,,30.393998457565168,14.440283294677734,4.813427764892578,241.38958740234375,236.67739868164062,147.1200714111328,144.51434326171875,15.659069061279297,False
1388,46.266666666666666,0.9113453030586243,12.026690877974033,91,2,89,double,138.4614610108126,JUMPING,False,,0.4318840443795875,,,30.393998457565168,14.440283294677734,4.813427764892578,241.38958740234375,232.89932250976562,147.1200714111328,140.649169921875,19.47125244140625,False
1389,46.3,0.9235445261001587,11.136418208479881,91,2,89,double,138.4614610108126,JUMPING,False,,0.4318840443795875,,,30.393998457565168,14.440283294677734,4.813427764892578,241.38958740234375,226.22557067871094,147.1200714111328,134.40005493164062,20.224334716796875,True
1390,46.333333333333336,0.9258115291595459,12.30210391804576,91,2,89,double,138.4614610108126,JUMPING,False,,0.4318840443795875,,,30.393998457565168,14.440283294677734,4.813427764892578,241.38958740234375,219.90597534179688,147.1200714111328,128.83334350585938,19.53274154663086,True
1391,46.36666666666667,0.9022009372711182,11.117151007056236,91,2,89,double,138.4614610108126,JUMPING,False,,0.4318840443795875,,,30.393998457565168,14.440283294677734,4.813427764892578,241.38958740234375,216.29335021972656,147.1200714111328,124.92597961425781,18.41625213623047,True
1392,46.4,0.9210616946220398,12.0758768171072,91,2,89,double,138.4614610108126,JUMPING,False,,0.4318840443795875,,,30.393998457565168,14.440283294677734,4.813427764892578,241.38958740234375,213.435302734375,147.1200714111328,122.892578125,17.921710968017578,True
1393,46.43333333333333,0.8825714588165283,11.241075117141008,91,2,89,double,138.4614610108126,JUMPING,False,,0.4318840443795875,,,30.393998457565168,14.440283294677734,4.813427764892578,241.38958740234375,214.37890625,147.1200714111328,122.85071563720703,16.846635818481445,True
1394,46.46666666666667,0.8311266899108887,12.1524459682405,91,2,89,double,138.4614610108126,JUMPING,False,,0.4318840443795875,,,30.393998457565168,15.11451835784912,5.0381727859497065,241.38958740234375,218.82937622070312,147.1200714111328,125.83766174316406,15.400863647460938,True
1395,46.5,0.9051970839500427,12.166582979261875,91,2,89,double,138.4614610108126,JUMPING,False,,0.4318840443795875,,,30.393998457565168,13.908333581542967,4.636111193847656,239.94003295898438,225.22216796875,145.98785400390625,132.13247680664062,17.444992065429688,True
1396,46.53333333333333,0.8697481751441956,12.170383241027594,92,2,90,double,145.16136596035605,JUMPING,True,0.3999999999999986,0.42486955461607795,25.689544677734375,22.53357696533203,29.217885012607468,10.637899460147809,2.8087641632080076,239.12484741210938,237.90380859375,145.38429260253906,141.05458068847656,17.57322120666504,False
1397,46.56666666666667,0.8949254155158997,11.222721077501774,92,2,90,double,145.16136596035605,JUMPING,False,,0.42486955461607795,,,29.217885012607468,11.67903807220459,3.8930126907348632,239.12484741210938,248.05520629882812,145.38429260253906,148.31637573242188,14.188251495361328,False
1398,46.6,0.8966796398162842,11.854220181703568,92,2,90,double,145.16136596035605,JUMPING,False,,0.42486955461607795,,,29.217885012607468,13.908333581542967,4.636111193847656,239.94003295898438,253.8819580078125,145.98785400390625,152.3354034423828,13.190906524658203,False
1399,46.63333333333333,0.9071099162101746,11.164847295731306,92,2,90,double,145.16136596035605,JUMPING,False,,0.42486955461607795,,,29.217885012607468,14.440283294677734,4.813427764892578,241.38958740234375,251.594482421875,147.1200714111328,151.7281494140625,9.864587783813477,False
1400,46.666666666666664,0.9142990112304688,12.006209697574377,92,2,90,double,145.16136596035605,JUMPING,False,,0.42486955461607795,,,29.217885012607468,15.49094845275879,5.16364948425293,243.4966278076172,244.299072265625,147.12603759765625,146.07315063476562,11.613716125488281,False
1401,46.7,0.9123936295509338,11.187133379280567,92,2,90,double,145.16136596035605,JUMPING,False,,0.42486955461607795,,,29.217885012607468,15.49094845275879,5.16364948425293,243.4966278076172,235.54322814941406,147.12603759765625,138.3868408203125,15.514226913452148,False
1402,46.733333333333334,0.9105338454246521,12.072848156094551,92,2,90,double,145.16136596035605,JUMPING,False,,0.42486955461607795,,,29.217885012607468,15.49094845275879,5.16364948425293,243.4966278076172,225.96041870117188,147.12603759765625,131.12774658203125,14.753238677978516,True
1403,46.766666666666666,0.8975157141685486,10.979169979691505,92,2,90,double,145.16136596035605,JUMPING,False,,0.42486955461607795,,,29.217885012607468,15.49094845275879,5.16364948425293,243.4966278076172,219.598388671875,147.12603759765625,126.06892395019531,12.302600860595703,True
1404,46.8,0.9117269515991211,12.169012799859047,92,2,90,double,145.16136596035605,JUMPING,False,,0.42486955461607795,,,29.217885012607468,15.49094845275879,5.16364948425293,243.4966278076172,217.43096923828125,147.12603759765625,124.02447509765625,14.131217956542969,True
1405,46.833333333333336,0.909949779510498,11.305400170385838,92,2,90,double,145.16136596035605,JUMPING,False,,0.42486955461607795,,,29.217885012607468,15.49094845275879,5.16364948425293,243.4966278076172,216.13064575195312,147.12603759765625,123.42146301269531,14.364222526550293,True
1406,46.86666666666667,0.8985628485679626,12.161540798842907,92,2,90,double,145.16136596035605,JUMPING,False,,0.42486955461607795,,,29.217885012607468,15.49094845275879,5.16364948425293,243.4966278076172,218.32850646972656,147.12603759765625,125.44556427001953,16.595609664916992,True
1407,46.9,0.907975971698761,11.136291082948446,92,2,90,double,145.16136596035605,JUMPING,False,,0.42486955461607795,,,29.217885012607468,17.226945098876953,5.7423150329589845,243.4966278076172,223.056640625,147.12603759765625,130.32568359375,15.652043342590332,True
1408,46.93333333333333,0.8848384618759155,12.062224093824625,93,2,91,double,145.16109383219663,JUMPING,True,0.3999999999999986,0.4193982526005405,26.462600708007812,23.704574584960938,28.529063936457554,17.208349255371093,5.736116418457031,242.59324645996094,229.53570556640625,147.12603759765625,137.99391174316406,13.33243179321289,False
1409,46.96666666666667,0.8405286073684692,11.001327075064182,93,2,91,double,145.16109383219663,JUMPING,False,,0.4193982526005405,,,28.529063936457554,11.437393908691405,3.8124646362304686,239.94003295898438,239.68511962890625,145.99679565429688,145.7330780029297,12.033845901489258,False
1410,47.0,0.8309778571128845,12.219108175486326,93,2,91,double,145.16109383219663,JUMPING,False,,0.4193982526005405,,,28.529063936457554,16.95662668762207,5.652208895874023,242.59324645996094,246.06007385253906,147.35122680664062,149.93768310546875,13.201428413391113,False
1411,47.03333333333333,0.8940650224685669,11.017005890607834,93,2,91,double,145.16109383219663,JUMPING,False,,0.4193982526005405,,,28.529063936457554,24.615942434692382,8.20531414489746,245.3556671142578,246.7740936279297,148.27113342285156,150.59515380859375,14.29047679901123,False
1412,47.06666666666667,0.9110022783279419,11.894971132278442,93,2,91,double,145.16109383219663,JUMPING,False,,0.4193982526005405,,,28.529063936457554,21.158812243652342,7.052937414550781,245.3556671142578,240.81033325195312,148.27113342285156,146.01425170898438,16.77608299255371,False
1413,47.1,0.9198123812675476,11.07361726462841,93,2,91,double,145.16109383219663,JUMPING,False,,0.4193982526005405,,,28.529063936457554,21.158812243652342,7.052937414550781,245.3556671142578,233.65719604492188,148.27113342285156,139.22586059570312,16.687437057495117,False
1414,47.13333333333333,0.9151743054389954,12.0941330678761,93,2,91,double,145.16109383219663,JUMPING,False,,0.4193982526005405,,,28.529063936457554,21.158812243652342,7.052937414550781,245.3556671142578,225.386962890625,148.27113342285156,132.12950134277344,15.653935432434082,False
1415,47.166666666666664,0.9130073189735413,11.090369895100594,93,2,91,double,145.16109383219663,JUMPING,False,,0.4193982526005405,,,28.529063936457554,21.158812243652342,7.052937414550781,245.3556671142578,218.99530029296875,148.27113342285156,127.28361511230469,16.234899520874023,True
1416,47.2,0.9089167714118958,12.278664857149124,93,2,91,double,145.16109383219663,JUMPING,False,,0.4193982526005405,,,28.529063936457554,21.158812243652342,7.052937414550781,245.3556671142578,215.2842254638672,148.27113342285156,124.79297637939453,16.18102264404297,True
1417,47.233333333333334,0.9048844575881958,11.28109311684966,93,2,91,double,145.16109383219663,JUMPING,False,,0.4193982526005405,,,28.529063936457554,21.158812243652342,7.052937414550781,245.3556671142578,214.67831420898438,148.27113342285156,124.18440246582031,13.533824920654297,True
1418,47.266666666666666,0.9070069789886475,12.036961037665606,93,2,91,double,145.16109383219663,JUMPING,False,,0.4193982526005405,,,28.529063936457554,21.158812243652342,7.052937414550781,245.3556671142578,217.7060546875,148.27113342285156,126.41584777832031,12.553715705871582,True
1419,47.3,0.8956379890441895,11.223061941564083,94,2,92,double,149.99999776482585,JUMPING,True,0.36666666666666714,0.4077973036950884,30.677352905273438,24.08673095703125,29.066136178661523,23.34979624328613,7.78326541442871,245.3556671142578,222.90969848632812,148.27113342285156,131.71762084960938,14.296692848205566,False
1420,47.333333333333336,0.8626619577407837,12.086955830454826,94,2,92,double,149.99999776482585,JUMPING,False,,0.4077973036950884,,,29.066136178661523,16.224262646484373,5.408087548828124,245.3556671142578,233.86166381835938,147.41908264160156,139.5503387451172,12.974308013916016,False
1421,47.36666666666667,0.8619495034217834,11.156119871884584,94,2,92,double,149.99999776482585,JUMPING,False,,0.4077973036950884,,,29.066136178661523,10.173147662531532,2.9579833648681637,246.0350341796875,245.99746704101562,147.83750915527344,147.11923217773438,15.673507690429688,False
1422,47.4,0.875196099281311,12.07150612026453,94,2,92,double,149.99999776482585,JUMPING,False,,0.4077973036950884,,,29.066136178661523,16.224262646484373,5.408087548828124,246.4884796142578,252.86672973632812,149.28915405273438,151.57257080078125,16.124292373657227,False
1423,47.43333333333333,0.8969356417655945,11.163478717207909,94,2,92,double,149.99999776482585,JUMPING,False,,0.4077973036950884,,,29.066136178661523,14.51476847076416,4.838256156921386,247.54275512695312,250.82579040527344,150.33216857910156,152.35501098632812,13.463675498962402,False
1424,47.46666666666667,0.8999053239822388,12.20055390149355,94,2,92,double,149.99999776482585,JUMPING,False,,0.4077973036950884,,,29.066136178661523,12.864319491577147,4.288106497192382,247.54275512695312,243.88180541992188,150.33216857910156,147.6046142578125,14.25786304473877,False
1425,47.5,0.9218130707740784,11.315797921270132,94,2,92,double,149.99999776482585,JUMPING,False,,0.4077973036950884,,,29.066136178661523,12.864319491577147,4.288106497192382,247.54275512695312,234.2230224609375,150.33216857910156,140.3765106201172,14.61831283569336,True
1426,47.53333333333333,0.9216235876083374,12.177283875644207,94,2,92,double,149.99999776482585,JUMPING,False,,0.4077973036950884,,,29.066136178661523,12.864319491577147,4.288106497192382,247.54275512695312,225.27198791503906,150.33216857910156,132.83212280273438,13.596887588500977,True
1427,47.56666666666667,0.9136850833892822,11.033173650503159,94,2,92,double,149.99999776482585,JUMPING,False,,0.4077973036950884,,,29.066136178661523,12.864319491577147,4.288106497192382,247.54275512695312,219.19580078125,150.33216857910156,127.08499908447266,11.24538516998291,True
1428,47.6,0.8556369543075562,11.902690399438143,94,2,92,double,149.99999776482585,JUMPING,False,,0.4077973036950884,,,29.066136178661523,12.864319491577147,4.288106497192382,247.54275512695312,217.954833984375,150.33216857910156,124.50187683105469,13.595725059509277,True
1429,47.63333333333333,0.8768313527107239,11.135154403746128,94,2,92,double,149.99999776482585,JUMPING,False,,0.4077973036950884,,,29.066136178661523,12.864319491577147,4.288106497192382,247.54275512695312,217.20516967773438,150.33216857910156,123.265625,15.288601875305176,True
1430,47.666666666666664,0.9013162851333618,12.10343698039651,94,2,92,double,149.99999776482585,JUMPING,False,,0.4077973036950884,,,29.066136178661523,12.864319491577147,4.288106497192382,247.54275512695312,218.37118530273438,150.33216857910156,125.02764129638672,14.703812599182129,True
1431,47.7,0.8997454047203064,11.167380027472973,94,2,92,double,149.99999776482585,JUMPING,False,,0.4077973036950884,,,29.066136178661523,12.864319491577147,4.288106497192382,247.54275512695312,223.57257080078125,150.33216857910156,129.9132080078125,13.32616901397705,True
1432,47.733333333333334,0.890407919883728,12.119829654693604,94,2,92,double,149.99999776482585,JUMPING,False,,0.4077973036950884,,,29.066136178661523,12.864319491577147,4.288106497192382,247.54275512695312,230.86407470703125,150.33216857910156,137.75372314453125,11.781821250915527,True
1433,47.766666666666666,0.8661397099494934,11.315357871353626,94,2,92,unknown,0.0,JUMPING,False,,,,,,,,,,,,0.0,False
1434,47.8,0.8734381794929504,12.155209667980671,94,2,92,unknown,0.0,JUMPING,False,,,,,,,,,,,,0.0,False
1435,47.833333333333336,0.8346238136291504,11.15815481171012,95,2,93,double,140.62513411057864,JUMPING,True,0.5333333333333385,0.43541523021550343,30.33758544921875,27.066543579101562,29.38399849630083,15.44272820892334,5.147576069641113,247.54275512695312,240.8204345703125,150.33216857910156,144.79847717285156,18.0846004486084,False
1436,47.86666666666667,0.882098913192749,11.988924816250801,95,2,93,double,140.62513411057864,JUMPING,False,,0.43541523021550343,,,29.38399849630083,15.44272820892334,5.147576069641113,247.54275512695312,239.596923828125,150.33216857910156,145.4214630126953,17.191457748413086,False
1437,47.9,0.9093785881996155,11.136115062981844,95,2,93,double,140.62513411057864,JUMPING,False,,0.43541523021550343,,,29.38399849630083,15.44272820892334,5.147576069641113,247.54275512695312,233.97210693359375,150.33216857910156,141.32080078125,16.665164947509766,False
1438,47.93333333333333,0.9189485907554626,12.094437144696712,95,2,93,double,140.62513411057864,JUMPING,False,,0.43541523021550343,,,29.38399849630083,15.44272820892334,5.147576069641113,247.54275512695312,228.33050537109375,150.33216857910156,135.98768615722656,17.7031192779541,True
1439,47.96666666666667,0.6812437772750854,11.098681017756462,95,2,93,double,140.62513411057864,JUMPING,False,,0.43541523021550343,,,29.38399849630083,15.44272820892334,5.147576069641113,247.54275512695312,223.3104248046875,150.33216857910156,131.5384521484375,21.175296783447266,True
1440,48.0,0.927095890045166,12.163377832621336,95,2,93,double,140.62513411057864,JUMPING,False,,0.43541523021550343,,,29.38399849630083,15.44272820892334,5.147576069641113,247.54275512695312,221.3529052734375,150.33216857910156,129.28326416015625,18.80065155029297,True
1441,48.03333333333333,0.9145841002464294,11.014262214303017,95,2,93,double,140.62513411057864,JUMPING,False,,0.43541523021550343,,,29.38399849630083,15.44272820892334,5.147576069641113,247.54275512695312,220.0472412109375,150.33216857910156,128.1696319580078,17.594005584716797,True
1442,48.06666666666667,0.9043178558349609,12.37559923902154,95,2,93,double,140.62513411057864,JUMPING,False,,0.43541523021550343,,,29.38399849630083,15.44272820892334,5.147576069641113,247.54275512695312,221.77783203125,150.33216857910156,129.1358642578125,17.861278533935547,True
1443,48.1,0.9045543670654297,11.206607334315777,95,2,93,double,140.62513411057864,JUMPING,False,,0.43541523021550343,,,29.38399849630083,15.44272820892334,5.147576069641113,247.54275512695312,224.9837646484375,150.33216857910156,132.53866577148438,18.025554656982422,True
1444,48.13333333333333,0.9127751588821411,12.236724141985178,96,2,94,double,149.99999776482585,JUMPING,True,0.29999999999999716,0.4056238795680921,26.441238403320312,22.16253662109375,28.6483084730557,23.02640502319336,7.675468341064453,246.4884796142578,227.58563232421875,150.33216857910156,136.63485717773438,19.0836181640625,False
1445,48.166666666666664,0.8997493982315063,12.105731759220362,96,2,94,double,149.99999776482585,JUMPING,False,,0.4056238795680921,,,28.6483084730557,19.27180920410156,6.423936401367187,246.0350341796875,230.7533416748047,149.00445556640625,140.11212158203125,18.859373092651367,False
1446,48.2,0.8948953747749329,11.963384691625834,96,2,94,double,149.99999776482585,JUMPING,False,,0.4056238795680921,,,28.6483084730557,15.472284741210936,5.157428247070312,245.31809997558594,232.86541748046875,147.41046142578125,142.16055297851562,19.7786922454834,False
1447,48.233333333333334,0.872459888458252,11.228874791413546,96,2,94,double,149.99999776482585,JUMPING,False,,0.4056238795680921,,,28.6483084730557,18.343849465942384,6.114616488647461,245.1511993408203,235.05496215820312,147.41046142578125,142.97409057617188,22.786941528320312,False
1448,48.266666666666666,0.9130240678787231,12.071480043232441,96,2,94,double,149.99999776482585,JUMPING,False,,0.4056238795680921,,,28.6483084730557,18.343849465942384,6.114616488647461,245.1511993408203,233.59640502929688,147.41046142578125,143.17025756835938,21.818063735961914,False
1449,48.3,0.9147477149963379,11.206214316189289,96,2,94,double,149.99999776482585,JUMPING,False,,0.4056238795680921,,,28.6483084730557,18.343849465942384,6.114616488647461,245.1511993408203,233.01544189453125,147.41046142578125,142.4364013671875,19.905668258666992,False
1450,48.333333333333336,0.9109506607055664,12.02243659645319,96,2,94,double,149.99999776482585,JUMPING,False,,0.4056238795680921,,,28.6483084730557,18.343849465942384,6.114616488647461,245.1511993408203,233.75933837890625,147.41046142578125,141.70416259765625,18.11327362060547,False
1451,48.36666666666667,0.9108331799507141,11.084416881203651,96,2,94,double,149.99999776482585,JUMPING,False,,0.4056238795680921,,,28.6483084730557,18.343849465942384,6.114616488647461,245.1511993408203,232.9007110595703,147.41046142578125,141.07003784179688,17.815322875976562,False
1452,48.4,0.7974017262458801,12.229522224515676,96,2,94,double,149.99999776482585,JUMPING,False,,0.4056238795680921,,,28.6483084730557,18.343849465942384,6.114616488647461,245.1511993408203,232.84158325195312,147.41046142578125,140.93637084960938,19.215614318847656,False
1453,48.43333333333333,0.9156491756439209,11.018222197890282,96,2,94,double,149.99999776482585,JUMPING,False,,0.4056238795680921,,,28.6483084730557,18.343849465942384,6.114616488647461,245.1511993408203,232.74417114257812,147.41046142578125,141.65216064453125,20.07826805114746,False
1454,48.46666666666667,0.9082714915275574,12.337564025074244,96,2,94,double,149.99999776482585,JUMPING,False,,0.4056238795680921,,,28.6483084730557,18.343849465942384,6.114616488647461,245.1511993408203,231.8253173828125,147.41046142578125,142.13119506835938,21.334598541259766,False
1455,48.5,0.9099650979042053,11.108567006886005,96,2,94,double,149.99999776482585,JUMPING,False,,0.4056238795680921,,,28.6483084730557,18.343849465942384,6.114616488647461,245.1511993408203,231.345703125,147.41046142578125,142.70242309570312,25.607662200927734,False
1456,48.53333333333333,0.9119682312011719,12.074603233486414,96,2,94,double,149.99999776482585,JUMPING,False,,0.4056238795680921,,,28.6483084730557,21.475416659545896,7.158472219848632,245.1511993408203,231.64382934570312,147.41046142578125,143.44223022460938,30.468647003173828,False
1457,48.56666666666667,0.8956887722015381,11.25349709764123,96,2,94,single,149.99999776482585,JUMPING,False,,0.4056238795680921,,,28.6483084730557,18.343849465942384,6.114616488647461,242.65725708007812,233.17776489257812,146.67723083496094,144.15518188476562,32.359737396240234,False
1458,48.6,0.9064093828201294,12.21269415691495,96,2,94,single,149.99999776482585,JUMPING,False,,0.4056238795680921,,,28.6483084730557,23.417442770004275,8.111678869628905,240.81639099121094,233.62521362304688,145.77713012695312,144.71633911132812,37.406497955322266,False
1459,48.63333333333333,0.9096236824989319,11.021521873772144,96,2,94,single,149.99999776482585,JUMPING,False,,0.4056238795680921,,,28.6483084730557,10.026907965569494,0.9290230041503905,240.33102416992188,234.0440673828125,145.28082275390625,145.06985473632812,38.97972869873047,False
1460,48.666666666666664,0.9181074500083923,12.260385788977146,96,2,94,single,149.99999776482585,JUMPING,False,,0.4056238795680921,,,28.6483084730557,10.026907965569494,1.1304101074218749,240.33102416992188,234.38766479492188,145.46726989746094,145.49781799316406,39.42936706542969,False
1461,48.7,0.9016864895820618,11.114165186882019,96,2,94,single,149.99999776482585,JUMPING,False,,0.4056238795680921,,,28.6483084730557,10.026907965569494,1.6464334533691405,240.33102416992188,237.44155883789062,146.06271362304688,146.43930053710938,41.56309509277344,False
1462,48.733333333333334,0.8930405378341675,12.645400129258633,96,2,94,single,149.99999776482585,JUMPING,False,,0.4056238795680921,,,28.6483084730557,10.026907965569494,2.162456799316406,240.33102416992188,238.68118286132812,146.84725952148438,147.18258666992188,43.854557037353516,False
1463,48.766666666666666,0.8534364700317383,11.429208796471357,96,2,94,single,149.99999776482585,JUMPING,False,,0.4056238795680921,,,28.6483084730557,10.04603117980957,3.348677059936523,240.33102416992188,236.84689331054688,147.15724182128906,148.1064910888672,46.471229553222656,False
1464,48.8,0.9040570259094238,12.038505636155605,96,2,94,single,149.99999776482585,JUMPING,False,,0.4056238795680921,,,28.6483084730557,15.161720581054686,5.053906860351562,240.33102416992188,237.79647827148438,147.43580627441406,147.88296508789062,45.358009338378906,False
1465,48.833333333333336,0.9030998349189758,11.1483302898705,96,2,94,single,149.99999776482585,JUMPING,False,,0.4056238795680921,,,28.6483084730557,14.538420483398436,4.846140161132812,240.33102416992188,238.1835174560547,147.77162170410156,147.98681640625,44.2861213684082,False
1466,48.86666666666667,0.9016051292419434,12.187027838081121,96,2,94,single,149.99999776482585,JUMPING,False,,0.4056238795680921,,,28.6483084730557,13.915188253784178,4.638396084594726,240.33102416992188,238.58154296875,147.94528198242188,148.52651977539062,45.52431869506836,False
1467,48.9,0.9054913520812988,11.231694836169481,96,2,94,single,149.99999776482585,JUMPING,False,,0.4056238795680921,,,28.6483084730557,12.821834097290038,4.273944699096679,240.33102416992188,236.6035614013672,148.05862426757812,148.76954650878906,44.66604232788086,False
1468,48.93333333333333,0.9108047485351562,12.132823932915926,96,2,94,single,149.99999776482585,JUMPING,False,,0.4056238795680921,,,28.6483084730557,10.026907965569494,2.7692197174072266,239.23062133789062,234.14642333984375,148.20677185058594,148.27362060546875,43.9586067199707,False
1469,48.96666666666667,0.9168494939804077,11.387274134904146,96,2,94,single,149.99999776482585,JUMPING,False,,0.4056238795680921,,,28.6483084730557,10.026907965569494,2.256883868408203,238.64132690429688,234.5882568359375,148.20677185058594,148.3245849609375,43.1290397644043,False
1470,49.0,0.9143292903900146,12.000248301774263,96,2,94,single,149.99999776482585,JUMPING,False,,0.4056238795680921,,,28.6483084730557,10.026907965569494,2.2045576080322262,238.42233276367188,234.67852783203125,148.0905303955078,148.06658935546875,42.2140007019043,False
1471,49.03333333333333,0.9133265018463135,11.89068891108036,96,2,94,single,149.99999776482585,JUMPING,False,,0.4056238795680921,,,28.6483084730557,10.026907965569494,1.7903589477539061,238.02870178222656,233.20639038085938,148.0905303955078,147.6322021484375,42.63029861450195,False
1472,49.06666666666667,0.8868610262870789,12.319844216108322,96,2,94,single,149.99999776482585,JUMPING,False,,0.4056238795680921,,,28.6483084730557,10.026907965569494,1.8468930267333983,238.02870178222656,232.33262634277344,148.0905303955078,147.1318359375,43.89226150512695,False
1473,49.1,0.8681160807609558,10.921847075223923,96,2,94,single,149.99999776482585,JUMPING,False,,0.4056238795680921,,,28.6483084730557,10.026907965569494,1.8468930267333983,238.02870178222656,230.2779083251953,148.0905303955078,146.9069061279297,41.56957244873047,False
1474,49.13333333333333,0.894191563129425,12.23192410543561,96,2,94,single,149.99999776482585,JUMPING,False,,0.4056238795680921,,,28.6483084730557,10.026907965569494,1.8468930267333983,238.02870178222656,229.55288696289062,148.0905303955078,146.69918823242188,38.537933349609375,False
1475,49.166666666666664,0.9076169729232788,11.057242751121521,96,2,94,single,149.99999776482585,JUMPING,False,,0.4056238795680921,,,28.6483084730557,10.026907965569494,1.8468930267333983,238.02870178222656,228.05685424804688,148.0905303955078,146.10650634765625,34.50910568237305,False
1476,49.2,0.9097379446029663,12.038865126669407,96,2,94,single,149.99999776482585,JUMPING,False,,0.4056238795680921,,,28.6483084730557,10.026907965569494,1.8468930267333983,238.02870178222656,230.1240692138672,148.0905303955078,146.06002807617188,28.072853088378906,False
1477,49.233333333333334,0.9127151370048523,11.105948593467474,96,2,94,single,149.99999776482585,JUMPING,False,,0.4056238795680921,,,28.6483084730557,10.026907965569494,1.8468930267333983,238.02870178222656,230.17611694335938,148.0905303955078,145.77830505371094,27.316181182861328,False
1478,49.266666666666666,0.9087010025978088,12.11644196882844,96,2,94,single,149.99999776482585,JUMPING,False,,0.4056238795680921,,,28.6483084730557,10.026907965569494,1.797179685974121,238.02870178222656,232.502685546875,148.0905303955078,145.8763427734375,28.651132583618164,False
1479,49.3,0.9195541739463806,11.150427162647247,96,2,94,single,149.99999776482585,JUMPING,False,,0.4056238795680921,,,28.6483084730557,10.026907965569494,1.7474663452148436,238.02870178222656,232.66490173339844,148.0905303955078,144.96951293945312,30.57404327392578,False
1480,49.333333333333336,0.9205318689346313,12.41360092535615,96,2,94,single,149.99999776482585,JUMPING,False,,0.4056238795680921,,,28.6483084730557,10.026907965569494,1.500720767211914,237.65451049804688,233.33163452148438,148.0905303955078,144.17013549804688,30.97705078125,False
1481,49.36666666666667,0.9231534600257874,11.126054916530848,96,2,94,single,149.99999776482585,JUMPING,False,,0.4056238795680921,,,28.6483084730557,10.026907965569494,1.3572364151000975,237.2036895751953,232.725830078125,148.0905303955078,143.7520751953125,30.53112030029297,False
1482,49.4,0.9192976951599121,12.003261595964432,96,2,94,single,149.99999776482585,JUMPING,False,,0.4056238795680921,,,28.6483084730557,10.026907965569494,1.2770842575073242,237.2036895751953,233.00360107421875,148.0905303955078,143.02601623535156,28.49958038330078,False
1483,49.43333333333333,0.915059506893158,10.9589290805161,96,2,94,single,149.99999776482585,JUMPING,False,,0.4056238795680921,,,28.6483084730557,10.026907965569494,1.2907144226074219,237.2036895751953,234.01910400390625,148.0905303955078,142.999755859375,27.87518310546875,False
1484,49.46666666666667,0.9256195425987244,12.013297993689775,96,2,94,single,149.99999776482585,JUMPING,False,,0.4056238795680921,,,28.6483084730557,10.026907965569494,1.2984740020751953,237.2036895751953,234.39190673828125,148.0905303955078,142.32968139648438,27.393129348754883,False
1485,49.5,0.321830689907074,11.489353142678738,96,2,94,single,149.99999776482585,JUMPING,False,,0.4056238795680921,,,28.6483084730557,10.026907965569494,1.3334260437011718,237.2036895751953,234.92724609375,148.0905303955078,141.47283935546875,29.5273494720459,False
1486,49.53333333333333,0.9207080602645874,13.301233761012554,96,2,94,single,149.99999776482585,JUMPING,False,,0.4056238795680921,,,28.6483084730557,10.026907965569494,1.419256494140625,237.2036895751953,235.8978271484375,148.0905303955078,141.42599487304688,31.833955764770508,False
1487,49.56666666666667,0.9252991676330566,11.009157169610262,96,2,94,single,149.99999776482585,JUMPING,False,,0.4056238795680921,,,28.6483084730557,10.026907965569494,1.362790283203125,237.2036895751953,234.51641845703125,148.0905303955078,140.0284423828125,31.6839656829834,False
1488,49.6,0.926282525062561,12.274714186787605,96,2,94,single,149.99999776482585,JUMPING,False,,0.4056238795680921,,,28.6483084730557,10.026907965569494,1.3670207244873047,237.2036895751953,233.60812377929688,148.0905303955078,139.21548461914062,31.55807113647461,False
1489,49.63333333333333,0.925918698310852,10.96832100301981,96,2,94,single,149.99999776482585,JUMPING,False,,0.4056238795680921,,,28.6483084730557,10.026907965569494,1.3606637512207032,237.2036895751953,234.3269500732422,148.0905303955078,138.11566162109375,33.22837448120117,False
1490,49.666666666666664,0.8972085118293762,12.071698904037476,96,2,94,single,149.99999776482585,STOPPED,False,,0.4056238795680921,,,28.6483084730557,10.026907965569494,1.5284335510253906,237.2036895751953,235.37388610839844,148.0905303955078,137.25584411621094,34.807491302490234,False
1491,49.7,0.8807190656661987,11.177032254636288,96,2,94,single,149.99999776482585,STOPPED,False,,0.4056238795680921,,,28.6483084730557,10.026907965569494,1.6003623641967772,237.2036895751953,235.81561279296875,148.0905303955078,137.80303955078125,36.69843292236328,False
1492,49.733333333333334,0.8868774175643921,12.11092621088028,96,2,94,single,149.99999776482585,STOPPED,False,,0.4056238795680921,,,28.6483084730557,10.026907965569494,1.6003623641967772,237.2036895751953,234.59979248046875,148.0905303955078,139.22561645507812,39.23395538330078,False
1493,49.766666666666666,0.8817121386528015,11.005843989551067,96,2,94,single,149.99999776482585,STOPPED,False,,0.4056238795680921,,,28.6483084730557,10.026907965569494,1.694744187927246,237.2036895751953,234.41796875,148.0905303955078,139.735595703125,41.50093460083008,False
1494,49.8,0.867079496383667,11.968791019171476,96,2,94,single,149.99999776482585,STOPPED,False,,0.4056238795680921,,,28.6483084730557,10.026907965569494,1.694744187927246,237.2036895751953,233.14633178710938,148.0905303955078,139.06851196289062,43.27323532104492,False
1495,49.833333333333336,0.9107276201248169,11.098957154899836,96,2,94,single,149.99999776482585,STOPPED,False,,0.4056238795680921,,,28.6483084730557,10.026907965569494,1.8148479995727538,237.2036895751953,231.8263397216797,148.0905303955078,138.17828369140625,43.25734329223633,False
1496,49.86666666666667,0.9005503058433533,12.14593555778265,96,2,94,single,149.99999776482585,STOPPED,False,,0.4056238795680921,,,28.6483084730557,10.026907965569494,1.87719610748291,237.2036895751953,232.56298828125,148.0905303955078,138.94107055664062,45.617088317871094,False
1497,49.9,0.8179096579551697,11.065613944083452,96,2,94,single,149.99999776482585,STOPPED,False,,0.4056238795680921,,,28.6483084730557,10.026907965569494,1.7570922958374022,237.2036895751953,233.6497802734375,148.0905303955078,138.65370178222656,48.36737060546875,False
1498,49.93333333333333,0.8878350257873535,12.047527357935905,96,2,94,single,149.99999776482585,STOPPED,False,,0.4056238795680921,,,28.6483084730557,10.026907965569494,1.6512860183715818,237.2036895751953,234.55259704589844,148.0905303955078,139.57789611816406,48.57675552368164,False
1499,49.96666666666667,0.8878811597824097,11.145635042339563,96,2,94,single,149.99999776482585,STOPPED,False,,0.4056238795680921,,,28.6483084730557,10.026907965569494,1.7275583862304686,237.2036895751953,235.35499572753906,148.0905303955078,141.30313110351562,47.89457702636719,False
1500,50.0,0.8853768110275269,12.203484307974577,96,2,94,single,149.99999776482585,STOPPED,False,,0.4056238795680921,,,28.6483084730557,10.026907965569494,1.7757220733642578,237.2036895751953,235.8931884765625,148.0905303955078,142.3726043701172,46.758033752441406,False
1501,50.03333333333333,0.908952534198761,11.134166270494461,96,2,94,single,149.99999776482585,STOPPED,False,,0.4056238795680921,,,28.6483084730557,10.026907965569494,1.6841228393554686,237.2036895751953,234.83724975585938,148.0905303955078,143.50439453125,44.52060317993164,False
1502,50.06666666666667,0.9170549511909485,11.829527094960213,96,2,94,single,149.99999776482585,STOPPED,False,,0.4056238795680921,,,28.6483084730557,10.026907965569494,1.5139211013793945,237.2036895751953,233.7105712890625,148.0905303955078,145.0004119873047,42.0684700012207,False
1503,50.1,0.9154221415519714,11.070255190134048,96,2,94,single,149.99999776482585,STOPPED,False,,0.4056238795680921,,,28.6483084730557,10.026907965569494,1.6841228393554686,237.2036895751953,232.34530639648438,148.0905303955078,144.83004760742188,38.85805892944336,False
1504,50.13333333333333,0.9122596979141235,12.164992280304432,96,2,94,single,149.99999776482585,STOPPED,False,,0.4056238795680921,,,28.6483084730557,10.026907965569494,1.7962860900878905,237.2036895751953,229.83438110351562,148.0905303955078,145.06617736816406,36.94721984863281,False
1505,50.166666666666664,0.9284932613372803,11.10461400821805,96,2,94,single,149.99999776482585,STOPPED,False,,0.4056238795680921,,,28.6483084730557,10.026907965569494,1.9137882934570312,237.2036895751953,229.7081756591797,148.0905303955078,145.8447265625,31.80483627319336,False
1506,50.2,0.9136795401573181,12.357521802186966,96,2,94,single,149.99999776482585,STOPPED,False,,0.4056238795680921,,,28.6483084730557,10.026907965569494,1.7962860900878905,236.7495574951172,230.15902709960938,148.0905303955078,145.84384155273438,28.417888641357422,False
1507,50.233333333333334,0.9128392934799194,10.918605141341686,96,2,94,single,149.99999776482585,STOPPED,False,,0.4056238795680921,,,28.6483084730557,10.026907965569494,1.7576465515136719,236.32127380371094,230.45895385742188,148.0905303955078,145.757080078125,27.15980339050293,False
1508,50.266666666666666,0.8972278833389282,12.028329074382782,96,2,94,single,149.99999776482585,STOPPED,False,,0.4056238795680921,,,28.6483084730557,10.026907965569494,1.9805930694580076,235.89596557617188,232.46482849121094,148.03468322753906,145.60665893554688,23.808780670166016,False
1509,50.3,0.906091570854187,11.252060066908598,96,2,94,single,149.99999776482585,STOPPED,False,,0.4056238795680921,,,28.6483084730557,10.026907965569494,1.7014065673828125,235.86215209960938,231.5681915283203,148.03468322753906,144.52239990234375,23.624860763549805,False
1510,50.333333333333336,0.9006150960922241,11.942381039261818,96,2,94,single,149.99999776482585,STOPPED,False,,0.4056238795680921,,,28.6483084730557,10.026907965569494,1.695049594116211,235.638916015625,231.19082641601562,147.89283752441406,142.9671630859375,23.58016014099121,False
1511,50.36666666666667,0.8925352692604065,11.390198022127151,96,2,94,double,149.99999776482585,STOPPED,False,,0.4056238795680921,,,28.6483084730557,10.026907965569494,1.9644630981445312,235.3663330078125,231.51629638671875,147.4320526123047,141.23330688476562,23.833389282226562,False
1512,50.4,0.8939812183380127,12.045271694660187,96,2,94,double,149.99999776482585,STOPPED,False,,0.4056238795680921,,,28.6483084730557,10.026907965569494,2.066842039489746,235.18389892578125,231.0388946533203,147.0418701171875,140.41812133789062,24.666343688964844,False
1513,50.43333333333333,0.8976137042045593,11.102538090199232,96,2,94,double,149.99999776482585,STOPPED,False,,0.4056238795680921,,,28.6483084730557,10.026907965569494,2.212339810180664,235.18389892578125,232.28439331054688,146.82382202148438,139.87513732910156,24.10679054260254,False
1514,50.46666666666667,0.88932204246521,11.94248953834176,96,2,94,double,149.99999776482585,STOPPED,False,,0.4056238795680921,,,28.6483084730557,10.026907965569494,2.212339810180664,235.18389892578125,234.82546997070312,146.4621124267578,139.68572998046875,24.830509185791016,False
1515,50.5,0.8931770920753479,11.045580264180899,96,2,94,double,149.99999776482585,STOPPED,False,,0.4056238795680921,,,28.6483084730557,10.026907965569494,2.212339810180664,235.3663330078125,237.3388671875,146.08792114257812,141.0313720703125,26.047704696655273,False
1516,50.53333333333333,0.8501012325286865,12.063581962138414,96,2,94,double,149.99999776482585,STOPPED,False,,0.4056238795680921,,,28.6483084730557,10.026907965569494,2.1549008239746095,235.638916015625,241.2651824951172,145.98655700683594,144.49151611328125,23.97331428527832,False
1517,50.56666666666667,0.9086530208587646,11.10618095844984,96,2,94,double,149.99999776482585,STOPPED,False,,0.4056238795680921,,,28.6483084730557,10.026907965569494,1.8722530517578124,235.86215209960938,247.95355224609375,145.98655700683594,149.40164184570312,18.9634952545166,False
1518,50.6,0.9084216356277466,12.244868092238903,96,2,94,double,149.99999776482585,STOPPED,False,,0.4056238795680921,,,28.6483084730557,10.026907965569494,1.8939708251953125,235.89596557617188,251.54864501953125,145.98655700683594,152.3061981201172,17.229618072509766,False
1519,50.63333333333333,0.8894549012184143,11.252071242779493,96,2,94,double,149.99999776482585,STOPPED,False,,0.4056238795680921,,,28.6483084730557,10.026907965569494,2.1907917068481444,236.762451171875,254.62213134765625,145.98655700683594,156.21884155273438,15.34642505645752,False
1520,50.666666666666664,0.9085123538970947,12.429212220013142,96,2,94,double,149.99999776482585,STOPPED,False,,0.4056238795680921,,,28.6483084730557,10.026907965569494,1.1129001525878905,239.6946563720703,256.9493408203125,145.98655700683594,158.39285278320312,15.166605949401855,False
1521,50.7,0.9117862582206726,10.957642924040556,96,2,94,double,149.99999776482585,STOPPED,False,,0.4056238795680921,,,28.6483084730557,13.322428775024413,4.440809591674804,245.2781982421875,254.03225708007812,147.99151611328125,156.7725830078125,17.295364379882812,False
1522,50.733333333333334,0.9157896041870117,11.946386191993952,96,2,94,double,149.99999776482585,STOPPED,False,,0.4056238795680921,,,28.6483084730557,13.322428775024413,4.440809591674804,247.50363159179688,246.82876586914062,150.1311798095703,150.6175537109375,20.418474197387695,False
1523,50.766666666666666,0.9211668372154236,11.016241740435362,96,2,94,double,149.99999776482585,STOPPED,False,,0.4056238795680921,,,28.6483084730557,13.322428775024413,4.440809591674804,247.50363159179688,237.80145263671875,150.1311798095703,142.26235961914062,21.834716796875,False
1524,50.8,0.9177759885787964,11.91322598606348,96,2,94,double,149.99999776482585,STOPPED,False,,0.4056238795680921,,,28.6483084730557,13.322428775024413,4.440809591674804,247.50363159179688,231.69024658203125,150.1311798095703,137.22882080078125,22.098886489868164,True
1525,50.833333333333336,0.9194647073745728,10.957690887153149,96,2,94,double,149.99999776482585,STOPPED,False,,0.4056238795680921,,,28.6483084730557,13.322428775024413,4.440809591674804,247.50363159179688,225.69720458984375,150.1311798095703,132.2316436767578,21.16073989868164,True
1526,50.86666666666667,0.9168581962585449,11.941248085349798,96,2,94,double,149.99999776482585,STOPPED,False,,0.4056238795680921,,,28.6483084730557,15.99025363769531,5.330084545898437,247.50363159179688,219.7366943359375,150.1311798095703,127.7215805053711,18.312320709228516,True
1527,50.9,0.9172224998474121,10.9586869366467,96,2,94,double,149.99999776482585,STOPPED,False,,0.4056238795680921,,,28.6483084730557,15.99025363769531,5.330084545898437,247.50363159179688,216.2626953125,150.1311798095703,125.41023254394531,16.068645477294922,True
1528,50.93333333333333,0.9150024056434631,11.946931015700102,96,2,94,double,149.99999776482585,STOPPED,False,,0.4056238795680921,,,28.6483084730557,15.99025363769531,5.330084545898437,247.50363159179688,218.4317626953125,150.1311798095703,126.03617095947266,14.861746788024902,True
1529,50.96666666666667,0.9101433157920837,10.856236796826124,96,2,94,double,149.99999776482585,STOPPED,False,,0.4056238795680921,,,28.6483084730557,15.99025363769531,5.330084545898437,247.50363159179688,222.20489501953125,150.1311798095703,129.4468994140625,13.428834915161133,True
1530,51.0,0.9064865708351135,13.017111923545599,96,2,94,double,149.99999776482585,STOPPED,False,,0.4056238795680921,,,28.6483084730557,15.99025363769531,5.330084545898437,247.50363159179688,229.54373168945312,150.1311798095703,135.28988647460938,12.922846794128418,True
1531,51.03333333333333,0.9057456851005554,10.98987739533186,96,2,94,double,0.0,STOPPED,False,2.8999999999999986,,31.240936279296875,24.720947265625,28.6483084730557,15.99025363769531,5.330084545898437,247.50363159179688,234.163818359375,150.1311798095703,138.8726806640625,12.491140365600586,False
1532,51.06666666666667,0.9001229405403137,12.003022246062756,96,2,94,double,0.0,STOPPED,False,,,,,28.6483084730557,15.99025363769531,5.330084545898437,247.50363159179688,238.93199157714844,150.1311798095703,143.80746459960938,12.191683769226074,False
1533,51.1,0.8991022706031799,11.161457281559706,96,2,94,double,0.0,STOPPED,False,,,,,28.6483084730557,20.35355792541504,6.78451930847168,247.50363159179688,241.17279052734375,150.1311798095703,146.40249633789062,10.272899627685547,False
1534,51.13333333333333,0.9033229351043701,11.955419089645147,96,2,94,double,0.0,STOPPED,False,,,,,28.6483084730557,20.35355792541504,6.78451930847168,247.50363159179688,239.20013427734375,150.1311798095703,146.32472229003906,11.831099510192871,False
1535,51.166666666666664,0.8996360898017883,10.904681403189898,96,2,94,double,0.0,STOPPED,False,,,,,28.6483084730557,20.35355792541504,6.78451930847168,247.50363159179688,235.75819396972656,150.1311798095703,144.29396057128906,14.109983444213867,False
1536,51.2,0.8884434700012207,12.176265940070152,96,2,94,double,0.0,STOPPED,False,,,,,28.6483084730557,20.35355792541504,6.78451930847168,247.50363159179688,233.67074584960938,150.1311798095703,142.56167602539062,13.535441398620605,False
1537,51.233333333333334,0.8862614631652832,11.137594003230333,96,2,94,double,0.0,STOPPED,False,,,,,28.6483084730557,20.35355792541504,6.78451930847168,247.50363159179688,232.59906005859375,150.1311798095703,141.4297332763672,13.29870891571045,False
1538,51.266666666666666,0.8980011940002441,11.97843300178647,96,2,94,double,0.0,STOPPED,False,,,,,28.6483084730557,20.35355792541504,6.78451930847168,247.50363159179688,232.03094482421875,150.1311798095703,140.83523559570312,13.463956832885742,False
1539,51.3,0.9159277677536011,11.056826915591955,96,2,94,double,0.0,STOPPED,False,,,,,28.6483084730557,20.35355792541504,6.78451930847168,247.50363159179688,232.77679443359375,150.1311798095703,140.96197509765625,10.797623634338379,False
1540,51.333333333333336,0.8971640467643738,11.97878923267126,96,2,94,double,0.0,STOPPED,False,,,,,28.6483084730557,20.35355792541504,6.78451930847168,247.50363159179688,233.8499755859375,150.1311798095703,141.58682250976562,11.258193969726562,False
1541,51.36666666666667,0.9161143898963928,10.98185870796442,96,2,94,double,0.0,STOPPED,False,,,,,28.6483084730557,20.35355792541504,6.78451930847168,247.50363159179688,234.32928466796875,150.1311798095703,142.23587036132812,10.562982559204102,False
1542,51.4,0.9142859578132629,11.993968859314919,96,2,94,double,0.0,STOPPED,False,,,,,28.6483084730557,20.35355792541504,6.78451930847168,247.50363159179688,234.24407958984375,150.1311798095703,142.7033233642578,10.208138465881348,False
1543,51.43333333333333,0.9088686108589172,11.25391386449337,96,2,94,double,0.0,STOPPED,False,,,,,28.6483084730557,20.35355792541504,6.78451930847168,247.50363159179688,233.5505828857422,150.1311798095703,142.7479248046875,11.249716758728027,False
1544,51.46666666666667,0.9182969927787781,11.986874975264072,96,2,94,double,0.0,STOPPED,False,,,,,28.6483084730557,20.35355792541504,6.78451930847168,247.50363159179688,231.72451782226562,150.1311798095703,143.05308532714844,10.755419731140137,False
1545,51.5,0.9040263295173645,11.053018737584352,96,2,94,double,0.0,STOPPED,False,,,,,28.6483084730557,20.35355792541504,6.78451930847168,247.50363159179688,232.8533935546875,150.1311798095703,143.02090454101562,10.021408081054688,False
1546,51.53333333333333,0.9033358693122864,11.939004994928837,96,2,94,double,0.0,STOPPED,False,,,,,28.6483084730557,20.35355792541504,6.78451930847168,247.50363159179688,233.09963989257812,150.1311798095703,143.04574584960938,10.073338508605957,False
1548,51.6,0.9072108268737793,12.064706068485975,96,2,94,double,0.0,STOPPED,False,,,,,28.6483084730557,20.35355792541504,6.78451930847168,247.50363159179688,233.33587646484375,150.1311798095703,143.93716430664062,9.52828311920166,False
1549,51.63333333333333,0.9031762480735779,11.112289037555456,96,2,94,double,0.0,STOPPED,False,,,,,28.6483084730557,20.35355792541504,6.78451930847168,247.50363159179688,233.56466674804688,150.1311798095703,144.43710327148438,9.444999694824219,False
1550,51.666666666666664,0.9133188724517822,12.026048731058836,96,2,94,double,0.0,STOPPED,False,,,,,28.6483084730557,20.35355792541504,6.78451930847168,247.50363159179688,233.1922607421875,150.1311798095703,144.74905395507812,11.569794654846191,False
1551,51.7,0.9139748215675354,11.317599099129438,96,2,94,double,0.0,STOPPED,False,,,,,28.6483084730557,20.35355792541504,6.78451930847168,247.50363159179688,232.70431518554688,150.1311798095703,145.3655242919922,11.296015739440918,False
1552,51.733333333333334,0.9194862842559814,12.08101212978363,96,2,94,double,0.0,STOPPED,False,,,,,28.6483084730557,20.35355792541504,6.78451930847168,247.50363159179688,231.6573486328125,150.1311798095703,145.87615966796875,12.906129837036133,False
1553,51.766666666666666,0.9221557974815369,11.247404851019382,96,2,94,double,0.0,STOPPED,False,,,,,28.6483084730557,20.35355792541504,6.78451930847168,247.50363159179688,231.3061981201172,150.1311798095703,146.30445861816406,13.860076904296875,False
1554,51.8,0.9217393398284912,11.83429779484868,96,2,94,double,0.0,STOPPED,False,,,,,28.6483084730557,20.35355792541504,6.78451930847168,247.50363159179688,232.51101684570312,150.1311798095703,146.62246704101562,14.700555801391602,False
1555,51.833333333333336,0.9192729592323303,11.106492951512337,96,2,94,double,0.0,STOPPED,False,,,,,28.6483084730557,20.35355792541504,6.78451930847168,247.50363159179688,233.24642944335938,150.1311798095703,146.7562255859375,16.463685989379883,False
1556,51.86666666666667,0.9206812977790833,11.851667892187834,96,2,94,double,0.0,STOPPED,False,,,,,28.6483084730557,20.35355792541504,6.78451930847168,247.50363159179688,233.98049926757812,150.1311798095703,146.60467529296875,17.475635528564453,False
1557,51.9,0.920478105545044,10.965142864733934,96,2,94,double,0.0,STOPPED,False,,,,,28.6483084730557,20.35355792541504,6.78451930847168,247.50363159179688,235.14981079101562,150.1311798095703,146.7791290283203,19.334924697875977,False
1558,51.93333333333333,0.9205169677734375,11.915879789739847,96,2,94,double,0.0,STOPPED,False,,,,,28.6483084730557,20.35355792541504,6.78451930847168,247.50363159179688,235.51544189453125,150.1311798095703,146.70428466796875,22.82099723815918,False
1559,51.96666666666667,0.9169948697090149,10.944326873868704,96,2,94,double,0.0,STOPPED,False,,,,,28.6483084730557,20.35355792541504,6.78451930847168,247.50363159179688,236.509033203125,150.1311798095703,146.66726684570312,24.371166229248047,False
1560,52.0,0.916030764579773,11.84326084330678,96,2,94,double,0.0,STOPPED,False,,,,,28.6483084730557,20.35355792541504,6.78451930847168,247.50363159179688,236.52706909179688,150.1311798095703,146.74569702148438,25.408157348632812,False
1561,52.03333333333333,0.9170017242431641,11.050386354327202,96,2,94,double,0.0,STOPPED,False,,,,,28.6483084730557,20.35355792541504,6.78451930847168,247.50363159179688,236.822265625,150.1311798095703,146.788818359375,29.07536506652832,False
1562,52.06666666666667,0.9161661863327026,12.106751091778278,96,2,94,single,0.0,STOPPED,False,,,,,28.6483084730557,15.99025363769531,5.330084545898437,247.50363159179688,237.90878295898438,150.1311798095703,146.7727508544922,33.36836624145508,False
1563,52.1,0.9192706942558289,11.13844895735383,96,2,94,single,0.0,STOPPED,False,,,,,28.6483084730557,17.074309872436523,5.691436624145507,244.5663604736328,237.33396911621094,149.0860595703125,146.42288208007812,33.49663543701172,False
1564,52.13333333333333,0.914750337600708,11.84283010661602,96,2,94,single,0.0,STOPPED,False,,,,,28.6483084730557,10.026907965569494,3.0510304504394528,240.38372802734375,235.62255859375,146.78494262695312,146.05877685546875,32.978885650634766,False
1565,52.166666666666664,0.9167365431785583,11.066415347158909,96,2,94,single,0.0,STOPPED,False,,,,,28.6483084730557,10.026907965569494,2.188156164550781,239.09288024902344,234.51742553710938,146.77658081054688,145.45578002929688,32.56160354614258,False
1566,52.2,0.9224587678909302,12.32603332027793,96,2,94,single,0.0,STOPPED,False,,,,,28.6483084730557,10.026907965569494,2.109564971923828,238.522705078125,233.86898803710938,146.76614379882812,145.1407928466797,32.91751480102539,False
1567,52.233333333333334,0.9183034896850586,11.2949232570827,96,2,94,single,0.0,STOPPED,False,,,,,28.6483084730557,10.026907965569494,2.003917053222656,237.8658447265625,234.02978515625,146.75201416015625,144.94692993164062,30.931180953979492,False
1568,52.266666666666666,0.9093319177627563,11.88025064766407,96,2,94,single,0.0,STOPPED,False,,,,,28.6483084730557,10.026907965569494,1.8128458923339843,237.6144561767578,233.15850830078125,146.7291259765625,144.49871826171875,30.80882453918457,False
1569,52.3,0.9107192754745483,10.986151173710823,96,2,94,single,0.0,STOPPED,False,,,,,28.6483084730557,10.026907965569494,1.8546073608398437,237.12928771972656,231.70651245117188,146.7291259765625,144.16183471679688,31.496450424194336,False
1570,52.333333333333336,0.8992160558700562,11.809160001575947,96,2,94,single,0.0,STOPPED,False,,,,,28.6483084730557,10.026907965569494,1.8546073608398437,237.12928771972656,231.80618286132812,146.7291259765625,143.849609375,27.657041549682617,False
1571,52.36666666666667,0.8937753438949585,11.072139721363783,96,2,94,single,0.0,STOPPED,False,,,,,28.6483084730557,10.026907965569494,1.787010791015625,237.12928771972656,231.99099731445312,146.7291259765625,143.8031768798828,26.69038200378418,False
1572,52.4,0.9030053615570068,11.98818301782012,96,2,94,single,0.0,STOPPED,False,,,,,28.6483084730557,10.026907965569494,1.719414221191406,237.12928771972656,232.15573120117188,146.7291259765625,143.74298095703125,29.551862716674805,False
1573,52.43333333333333,0.8904328346252441,11.078984942287207,96,2,94,single,0.0,STOPPED,False,,,,,28.6483084730557,10.026907965569494,1.9041510314941406,237.12928771972656,231.87030029296875,146.7291259765625,143.44691467285156,31.129236221313477,False
1574,52.46666666666667,0.9137953519821167,11.878071818500757,96,2,94,single,0.0,STOPPED,False,,,,,28.6483084730557,10.026907965569494,2.088887841796875,237.12928771972656,232.01730346679688,146.7291259765625,143.810791015625,31.466861724853516,False
1575,52.5,0.9141788482666016,11.293328367173672,96,2,94,single,0.0,STOPPED,False,,,,,28.6483084730557,10.026907965569494,2.088887841796875,237.12928771972656,230.14324951171875,146.7291259765625,144.10438537597656,33.900001525878906,False
1576,52.53333333333333,0.908268392086029,11.882727034389973,96,2,94,single,0.0,STOPPED,False,,,,,28.6483084730557,10.026907965569494,2.088887841796875,237.12928771972656,229.5166015625,146.7291259765625,144.42149353027344,33.23501968383789,False
1577,52.56666666666667,0.9089099764823914,10.956640355288982,96,2,94,single,0.0,STOPPED,False,,,,,28.6483084730557,10.026907965569494,2.1709403045654296,237.12928771972656,229.63671875,146.7291259765625,144.6226348876953,32.59590148925781,False
1578,52.6,0.9114317893981934,11.728398967534304,96,2,94,single,0.0,STOPPED,False,,,,,28.6483084730557,10.026907965569494,2.068007107543945,236.70419311523438,229.5643310546875,146.7291259765625,144.61717224121094,31.996755599975586,False
1579,52.63333333333333,0.9159614443778992,10.946182068437338,96,2,94,single,0.0,STOPPED,False,,,,,28.6483084730557,10.026907965569494,1.7507240112304687,236.5198516845703,229.75894165039062,146.7291259765625,144.66842651367188,31.25271224975586,False
1580,52.666666666666664,0.9185341596603394,12.056455947458744,96,2,94,single,0.0,STOPPED,False,,,,,28.6483084730557,10.026907965569494,1.7496833679199217,236.2086944580078,229.331787109375,146.7291259765625,144.6646270751953,31.649011611938477,False
1581,52.7,0.910966694355011,10.883227922022343,96,2,94,single,0.0,STOPPED,False,,,,,28.6483084730557,10.026907965569494,1.6112551849365233,236.15444946289062,229.41107177734375,146.7291259765625,144.95965576171875,31.66583824157715,False
1582,52.733333333333334,0.910527229309082,12.195608112961054,96,2,94,single,0.0,STOPPED,False,,,,,28.6483084730557,10.026907965569494,1.6170692138671874,236.15444946289062,228.44781494140625,146.7291259765625,144.47183227539062,32.131710052490234,False
1583,52.766666666666666,0.9082825779914856,11.26796193420887,96,2,94,single,0.0,STOPPED,False,,,,,28.6483084730557,10.026907965569494,1.7507240112304687,236.15444946289062,228.49859619140625,146.7291259765625,144.739013671875,33.071964263916016,False
1584,52.8,0.8990609049797058,11.978175956755877,96,2,94,single,0.0,STOPPED,False,,,,,28.6483084730557,10.026907965569494,1.7496833679199217,236.15444946289062,227.96359252929688,146.7291259765625,144.67584228515625,32.84457778930664,False
1585,52.833333333333336,0.9000180959701538,10.985362809151411,96,2,94,single,0.0,STOPPED,False,,,,,28.6483084730557,10.026907965569494,1.7507240112304687,236.15444946289062,227.6302947998047,146.7291259765625,144.5958251953125,32.7601318359375,False
1586,52.86666666666667,0.8904276490211487,11.99663057923317,96,2,94,single,0.0,STOPPED,False,,,,,28.6483084730557,10.026907965569494,1.7517646545410155,236.15444946289062,227.56459045410156,146.7291259765625,144.57568359375,32.37448501586914,False
1587,52.9,0.8901788592338562,11.03599974885583,96,2,94,single,0.0,STOPPED,False,,,,,28.6483084730557,10.026907965569494,1.853340490722656,236.15444946289062,226.5395050048828,146.7291259765625,144.13775634765625,31.841222763061523,False
1588,52.93333333333333,0.8928192257881165,12.067058123648167,96,2,94,single,0.0,STOPPED,False,,,,,28.6483084730557,10.026907965569494,1.8613036743164062,236.15444946289062,226.07864379882812,146.7291259765625,143.97964477539062,31.094402313232422,True
1589,52.96666666666667,0.8928830027580261,11.268756818026304,96,2,94,single,0.0,STOPPED,False,,,10.0758056640625,2.749481201171875,28.6483084730557,10.026907965569494,1.8728412414550781,236.15444946289062,227.0621795654297,146.7291259765625,144.30313110351562,30.480581283569336,False
1590,53.0,0.9090129137039185,11.946313083171844,96,2,94,single,0.0,STOPPED,False,,,,,28.6483084730557,10.026907965569494,1.8613036743164062,236.15444946289062,226.74554443359375,146.7291259765625,144.13720703125,30.307497024536133,False
1591,53.03333333333333,0.9152691960334778,11.309025343507528,96,2,94,single,0.0,STOPPED,False,,,,,28.6483084730557,10.026907965569494,1.9081100006103515,236.15444946289062,226.55145263671875,146.7291259765625,144.093994140625,30.202524185180664,False
1592,53.06666666666667,0.9191069006919861,11.958150193095207,96,2,94,single,0.0,STOPPED,False,,,,,28.6483084730557,10.026907965569494,1.9939178283691406,236.15444946289062,225.93392944335938,146.7291259765625,144.27658081054688,30.428834915161133,True
1593,53.1,0.9253746867179871,10.993278119713068,96,2,94,single,0.0,STOPPED,False,,,10.22052001953125,2.452545166015625,28.6483084730557,10.026907965569494,2.186685690307617,236.15444946289062,227.4961395263672,146.7291259765625,145.13729858398438,30.260150909423828,False
1594,53.13333333333333,0.9242776036262512,12.0640117675066,96,2,94,single,0.0,STOPPED,False,,,,,28.6483084730557,10.026907965569494,2.0402490783691407,236.15444946289062,228.27545166015625,146.7291259765625,145.78680419921875,29.500408172607422,False
1595,53.166666666666664,0.926181972026825,11.346856132149696,96,2,94,single,0.0,STOPPED,False,,,,,28.6483084730557,10.026907965569494,2.4311011322021483,236.15444946289062,226.86817932128906,146.7291259765625,146.2030029296875,28.91640853881836,False
1596,53.2,0.9269244074821472,11.978356633335352,96,2,94,single,0.0,STOPPED,False,,,,,28.6483084730557,10.026907965569494,2.7453075439453123,236.15444946289062,226.37289428710938,146.7291259765625,146.3076934814453,28.67970085144043,False
1597,53.233333333333334,0.9302568435668945,11.136799119412899,96,2,94,single,0.0,STOPPED,False,,,,,28.6483084730557,10.026907965569494,2.725354339599609,236.15444946289062,226.62725830078125,146.7291259765625,146.41183471679688,28.531469345092773,False
1598,53.266666666666666,0.9223902821540833,11.940475087612867,96,2,94,single,0.0,STOPPED,False,,,,,28.6483084730557,10.026907965569494,2.705401135253906,236.15444946289062,227.51800537109375,146.7291259765625,146.51454162597656,27.707847595214844,False
1599,53.3,0.925174355506897,11.084146331995726,96,2,94,single,0.0,STOPPED,False,,,,,28.6483084730557,10.026907965569494,2.8445532440185546,236.15444946289062,227.43679809570312,146.7291259765625,146.26358032226562,27.96487045288086,False
1600,53.333333333333336,0.9291128516197205,11.884425766766071,96,2,94,single,0.0,STOPPED,False,,,,,28.6483084730557,10.026907965569494,2.983705352783203,236.15444946289062,227.22544860839844,146.68948364257812,146.0841827392578,27.193052291870117,False
1601,53.36666666666667,0.9349111914634705,11.275754775851965,96,2,94,single,0.0,STOPPED,False,,,,,28.6483084730557,10.026907965569494,3.327615344238281,236.15444946289062,226.26705932617188,146.68948364257812,145.49896240234375,26.480161666870117,False
1602,53.4,0.9347394108772278,11.848699767142534,96,2,94,single,0.0,STOPPED,False,,,,,28.6483084730557,10.026907965569494,3.022706854248047,236.15444946289062,226.06253051757812,146.60617065429688,145.40087890625,26.142208099365234,True
1603,53.43333333333333,0.9321004152297974,11.276363395154476,96,2,94,single,0.0,STOPPED,False,,,,,28.6483084730557,10.026907965569494,2.9929806518554685,236.15444946289062,226.03121948242188,146.47787475585938,145.15245056152344,27.15705108642578,True
1604,53.46666666666667,0.9284189343452454,11.909352149814367,96,2,94,single,0.0,STOPPED,False,,,9.149276733398438,1.2660064697265625,28.6483084730557,10.258050942993163,3.4193503143310546,235.1804962158203,227.5883331298828,146.41845703125,145.300537109375,28.217382431030273,False
1605,53.5,0.9301331639289856,11.016951873898506,96,2,94,single,0.0,STOPPED,False,,,,,28.6483084730557,10.026907965569494,3.3176387420654296,234.32237243652344,228.5660400390625,146.37017822265625,145.20819091796875,29.0816650390625,False
1606,53.53333333333333,0.916326642036438,11.934056878089905,96,2,94,single,0.0,STOPPED,False,,,,,28.6483084730557,10.026907965569494,3.246761883544922,233.96546936035156,228.151611328125,146.29005432128906,144.86692810058594,31.157970428466797,False
1607,53.56666666666667,0.9098082780838013,10.969621129333973,96,2,94,single,0.0,STOPPED,False,,,,,28.6483084730557,10.026907965569494,2.774626538085937,233.5847930908203,229.88372802734375,146.23934936523438,144.98822021484375,35.202213287353516,False
1608,53.6,0.918256402015686,12.069588992744684,96,2,94,single,0.0,STOPPED,False,,,,,28.6483084730557,10.026907965569494,2.8940516693115232,232.7574005126953,230.8541717529297,146.1554718017578,144.98057556152344,37.459224700927734,False
1609,53.63333333333333,0.9183743000030518,11.079438962042332,96,2,94,single,0.0,STOPPED,False,,,,,28.6483084730557,10.026907965569494,2.2296235382080076,232.10035705566406,231.86260986328125,146.1554718017578,145.10888671875,39.5923957824707,False
1610,53.666666666666664,0.9259442687034607,11.968744918704033,96,2,94,single,0.0,STOPPED,False,,,,,28.6483084730557,10.026907965569494,2.2357995300292965,232.00677490234375,229.12042236328125,146.1554718017578,144.9671630859375,40.913307189941406,False
1611,53.7,0.9217085242271423,11.191962286829948,96,2,94,single,0.0,STOPPED,False,,,,,28.6483084730557,10.026907965569494,2.142922114562988,231.94271850585938,227.69461059570312,146.1554718017578,144.61050415039062,41.98809814453125,False
1612,53.733333333333334,0.9107998609542847,11.962676420807838,96,2,94,single,0.0,STOPPED,False,,,,,28.6483084730557,10.026907965569494,2.086421969604492,231.86721801757812,228.4387969970703,146.1554718017578,144.59451293945312,43.050331115722656,False
1613,53.766666666666666,0.923172116279602,11.050121393054724,96,2,94,single,0.0,STOPPED,False,,,,,28.6483084730557,10.026907965569494,2.0182145874023436,231.8400421142578,229.52130126953125,146.1554718017578,144.20028686523438,42.677154541015625,False
1614,53.8,0.906197726726532,12.164220213890076,96,2,94,single,0.0,STOPPED,False,,,,,28.6483084730557,10.026907965569494,2.0182145874023436,231.8400421142578,231.5240936279297,146.1554718017578,144.51150512695312,44.639625549316406,False
1615,53.833333333333336,0.9072437882423401,10.901807807385921,96,2,94,single,0.0,STOPPED,False,,,,,28.6483084730557,10.026907965569494,2.0182145874023436,231.86721801757812,232.7069091796875,146.1554718017578,144.54837036132812,45.50992965698242,False
1616,53.86666666666667,0.9172666668891907,12.065296992659569,96,2,94,single,0.0,STOPPED,False,,,,,28.6483084730557,10.026907965569494,2.0182145874023436,231.86721801757812,232.43389892578125,146.1554718017578,144.34609985351562,44.60094451904297,False
1617,53.9,0.9312179684638977,11.16068009287119,96,2,94,single,0.0,STOPPED,False,,,,,28.6483084730557,10.026907965569494,2.0182145874023436,231.86721801757812,232.039306640625,146.1554718017578,144.16964721679688,43.269134521484375,False
1618,53.93333333333333,0.9148784875869751,12.03244598582387,96,2,94,single,0.0,STOPPED,False,,,,,28.6483084730557,10.026907965569494,1.9085058975219726,231.95542907714844,232.28692626953125,146.1554718017578,143.85336303710938,41.874542236328125,False
1619,53.96666666666667,0.9138820171356201,10.912669356912374,96,2,94,single,0.0,STOPPED,False,,,,,28.6483084730557,10.026907965569494,2.0182145874023436,231.72720336914062,230.63502502441406,146.1554718017578,143.28631591796875,40.74006271362305,False
1620,54.0,0.9140034317970276,11.988318059593439,96,2,94,single,0.0,STOPPED,False,,,,,28.6483084730557,10.026907965569494,1.910892590332031,231.72720336914062,229.43557739257812,146.1554718017578,143.28736877441406,39.05477523803711,False
1621,54.03333333333333,0.9179500341415405,11.660733725875616,96,2,94,single,0.0,STOPPED,False,,,,,28.6483084730557,10.026907965569494,1.910892590332031,231.72720336914062,228.71255493164062,146.1554718017578,143.4072723388672,38.60615539550781,False
1622,54.06666666666667,0.9162649512290955,11.985776014626026,96,2,94,single,0.0,STOPPED,False,,,,,28.6483084730557,10.026907965569494,1.8470966308593748,231.72720336914062,228.9122314453125,146.1554718017578,143.72772216796875,37.83782196044922,False
1623,54.1,0.9178666472434998,11.145286727696657,96,2,94,single,0.0,STOPPED,False,,,,,28.6483084730557,10.026907965569494,1.7987972076416014,231.72720336914062,228.80584716796875,146.1554718017578,143.8730010986328,37.593143463134766,False
1624,54.13333333333333,0.9091611504554749,12.300918344408274,96,2,94,single,0.0,STOPPED,False,,,,,28.6483084730557,10.026907965569494,1.8672760620117186,231.72720336914062,227.2327117919922,146.1554718017578,143.85691833496094,38.40562438964844,False
1625,54.166666666666664,0.903159499168396,11.144620832055807,96,2,94,single,0.0,STOPPED,False,,,,,28.6483084730557,10.026907965569494,1.805878106689453,231.72720336914062,225.916015625,146.1554718017578,143.6751708984375,39.10471725463867,False
1626,54.2,0.9037173986434937,12.150228023529053,96,2,94,single,0.0,STOPPED,False,,,,,28.6483084730557,10.026907965569494,1.6941673095703125,231.72720336914062,225.35296630859375,146.1554718017578,143.448974609375,39.80509567260742,False
1627,54.233333333333334,0.910409688949585,11.13550877198577,96,2,94,single,0.0,STOPPED,False,,,,,28.6483084730557,10.026907965569494,1.6800394454956054,231.72720336914062,226.37416076660156,146.1554718017578,143.4888916015625,39.269371032714844,False
1628,54.266666666666666,0.9118816256523132,12.125041335821152,96,2,94,single,0.0,STOPPED,False,,,,,28.6483084730557,10.026907965569494,1.6800394454956054,231.72720336914062,228.361083984375,146.1554718017578,143.78042602539062,39.217247009277344,False
1629,54.3,0.9140616059303284,10.919136926531792,96,2,94,single,0.0,STOPPED,False,,,,,28.6483084730557,10.026907965569494,1.7740706176757812,231.72720336914062,229.16998291015625,146.1554718017578,144.12432861328125,39.308067321777344,False
1630,54.333333333333336,0.9118043780326843,12.06185482442379,96,2,94,single,0.0,STOPPED,False,,,,,28.6483084730557,10.026907965569494,1.9774258941650389,231.72720336914062,230.24459838867188,146.1554718017578,144.29959106445312,38.743064880371094,False
1631,54.36666666666667,0.9128482341766357,11.080953758209944,96,2,94,single,0.0,STOPPED,False,,,,,28.6483084730557,10.026907965569494,2.264123126220703,231.72720336914062,230.61627197265625,146.1554718017578,144.538330078125,37.43777847290039,False
1632,54.4,0.9161924123764038,11.952107306569815,96,2,94,single,0.0,STOPPED,False,,,,,28.6483084730557,10.026907965569494,2.3263354980468747,231.72720336914062,230.56146240234375,146.1554718017578,144.65585327148438,36.67329025268555,False
1633,54.43333333333333,0.9126454591751099,11.100689880549908,96,2,94,single,0.0,STOPPED,False,,,,,28.6483084730557,10.026907965569494,2.361887040710449,231.72720336914062,230.49594116210938,146.1554718017578,144.8321533203125,36.90579605102539,False
1634,54.46666666666667,0.9134608507156372,13.107146136462688,96,2,94,single,0.0,STOPPED,False,,,,,28.6483084730557,10.026907965569494,2.5505262634277344,231.72720336914062,230.20083618164062,146.1554718017578,144.79473876953125,37.13585662841797,False
1635,54.5,0.9046086668968201,11.280156206339598,96,2,94,single,0.0,STOPPED,False,,,,,28.6483084730557,10.026907965569494,2.3475781951904295,231.72720336914062,229.4901580810547,146.1554718017578,144.7410430908203,37.9271354675293,False
1636,54.53333333333333,0.9036473035812378,12.257636990398169,96,2,94,single,0.0,STOPPED,False,,,,,28.6483084730557,10.026907965569494,2.2056548080444336,231.72720336914062,228.71002197265625,146.1554718017578,144.5093994140625,37.154850006103516,False
1637,54.56666666666667,0.9057759046554565,11.683565098792315,96,2,94,single,0.0,STOPPED,False,,,,,28.6483084730557,10.026907965569494,2.1698091705322264,231.72720336914062,229.03817749023438,146.1554718017578,144.48196411132812,36.444923400878906,False
1638,54.6,0.9085370898246765,11.914970353245735,96,2,94,single,0.0,STOPPED,False,,,,,28.6483084730557,10.026907965569494,2.0814223571777344,231.72720336914062,229.31008911132812,146.1554718017578,144.52273559570312,36.48636245727539,False
1639,54.63333333333333,0.9072445631027222,11.483449023216963,96,2,94,single,0.0,STOPPED,False,,,,,28.6483084730557,10.026907965569494,2.2075438018798827,231.72720336914062,229.2108612060547,146.1554718017578,144.524658203125,36.904144287109375,False
1640,54.666666666666664,0.9102086424827576,17.12641306221485,96,2,94,single,0.0,STOPPED,False,,,,,28.6483084730557,10.026907965569494,2.1488831909179686,231.72720336914062,230.0997772216797,145.85009765625,144.52243041992188,36.44254684448242,False
1641,54.7,0.910896360874176,15.234417747706175,96,2,94,single,0.0,STOPPED,False,,,,,28.6483084730557,10.026907965569494,2.0511758331298826,231.72720336914062,229.5391845703125,145.45973205566406,144.58404541015625,35.65342330932617,False
1642,54.733333333333334,0.911005437374115,12.09514681249857,96,2,94,single,0.0,STOPPED,False,,,,,28.6483084730557,10.026907965569494,1.7492309143066405,231.72720336914062,229.2860107421875,145.36074829101562,144.38330078125,36.099815368652344,False
1643,54.766666666666666,0.9106134176254272,11.303470935672522,96,2,94,single,0.0,STOPPED,False,,,,,28.6483084730557,10.026907965569494,1.5515313079833983,231.72720336914062,228.72506713867188,145.2635955810547,144.5024871826172,36.171669006347656,False
1644,54.8,0.9103221893310547,12.000347953289747,96,2,94,single,0.0,STOPPED,False,,,,,28.6483084730557,10.026907965569494,1.5190903839111327,231.72720336914062,228.62838745117188,145.18589782714844,144.50677490234375,36.207637786865234,False
1645,54.833333333333336,0.9102312922477722,11.029483750462532,96,2,94,single,0.0,STOPPED,False,,,,,28.6483084730557,10.026907965569494,1.5190903839111327,231.72720336914062,227.65853881835938,145.13502502441406,144.529296875,37.120086669921875,False
1646,54.86666666666667,0.9045380353927612,12.754632160067558,96,2,94,single,0.0,STOPPED,False,,,,,28.6483084730557,10.026907965569494,1.5190903839111327,231.72720336914062,227.32920837402344,145.0606231689453,144.3331298828125,38.13731384277344,False
1647,54.9,0.9105226993560791,11.109942570328712,96,2,94,single,0.0,STOPPED,False,,,,,28.6483084730557,10.026907965569494,1.5190903839111327,231.72720336914062,225.93426513671875,144.98516845703125,144.12326049804688,40.14282989501953,False
1648,54.93333333333333,0.914962112903595,12.148289009928703,96,2,94,single,0.0,STOPPED,False,,,,,28.6483084730557,10.026907965569494,1.467736898803711,231.72720336914062,225.6783447265625,144.97520446777344,143.75399780273438,41.60584259033203,False
1649,54.96666666666667,0.9215127229690552,11.044366285204887,96,2,94,single,0.0,STOPPED,False,,,,,28.6483084730557,10.026907965569494,1.467736898803711,231.72720336914062,226.71115112304688,144.92706298828125,143.64169311523438,42.064388275146484,False
1650,55.0,0.9199801087379456,12.050394900143147,96,2,94,single,0.0,STOPPED,False,,,,,28.6483084730557,10.026907965569494,1.5326187469482422,231.72720336914062,227.4620819091797,144.85301208496094,143.84030151367188,40.90416717529297,False
1651,55.03333333333333,0.9174487590789795,11.347829829901457,96,2,94,single,0.0,STOPPED,False,,,,,28.6483084730557,10.026907965569494,1.5326187469482422,231.72720336914062,226.9036102294922,144.8171844482422,143.9097900390625,41.964664459228516,False
1652,55.06666666666667,0.9294679760932922,12.106447014957666,96,2,94,single,0.0,STOPPED,False,,,,,28.6483084730557,10.026907965569494,1.6670427154541014,231.72720336914062,228.0455780029297,144.77325439453125,144.10467529296875,41.11658477783203,False
1653,55.1,0.9300452470779419,10.961923748254776,96,2,94,single,0.0,STOPPED,False,,,,,28.6483084730557,10.026907965569494,1.6018215270996092,231.72720336914062,228.13258361816406,144.70697021484375,144.47671508789062,40.52363586425781,False
1654,55.13333333333333,0.9283427000045776,15.080966055393219,96,2,94,single,0.0,STOPPED,False,,,,,28.6483084730557,10.026907965569494,1.8052446716308592,231.16847229003906,228.64459228515625,144.63771057128906,144.45849609375,39.931602478027344,False
1655,55.166666666666664,0.9283841252326965,13.688711915165186,96,2,94,single,0.0,STOPPED,False,,,,,28.6483084730557,10.026907965569494,1.8052446716308592,231.16847229003906,229.70852661132812,144.60411071777344,144.5037841796875,40.55146026611328,False
1656,55.2,0.9294407367706299,12.920377310365438,96,2,94,single,0.0,STOPPED,False,,,,,28.6483084730557,10.026907965569494,1.7237577758789062,231.16847229003906,230.3879852294922,144.5970916748047,144.59881591796875,40.71486282348633,False
1657,55.233333333333334,0.9277437925338745,14.079523738473654,96,2,94,single,0.0,STOPPED,False,,,,,28.6483084730557,10.026907965569494,1.5986543518066405,231.83322143554688,232.20101928710938,144.63304138183594,144.79629516601562,40.31079864501953,False
1658,55.266666666666666,0.9195414185523987,15.993228182196617,96,2,94,single,0.0,STOPPED,False,,,,,28.6483084730557,10.026907965569494,1.6337873748779297,232.13633728027344,233.0296173095703,144.63304138183594,144.5247039794922,40.373313903808594,False
1659,55.3,0.9265416264533997,13.251062016934156,96,2,94,single,0.0,STOPPED,False,,,,,28.6483084730557,10.026907965569494,1.6337873748779297,232.13633728027344,232.02874755859375,144.63304138183594,144.4442138671875,39.56903076171875,False
1660,55.333333333333336,0.9213626384735107,12.610357720404863,96,2,94,single,0.0,STOPPED,False,,,,,28.6483084730557,10.026907965569494,1.6337873748779297,232.0350799560547,231.81546020507812,144.63304138183594,144.4146728515625,39.14666748046875,False
1661,55.36666666666667,0.9252788424491882,10.936201084405184,96,2,94,single,0.0,STOPPED,False,,,,,28.6483084730557,10.026907965569494,1.6337873748779297,231.9434356689453,230.9254150390625,144.63304138183594,144.4393310546875,38.679039001464844,False
1662,55.4,0.922488272190094,12.40260386839509,96,2,94,single,0.0,STOPPED,False,,,,,28.6483084730557,10.026907965569494,1.7139508438110351,231.45944213867188,230.357666015625,144.63304138183594,144.586669921875,38.3892707824707,False
1663,55.43333333333333,0.9228906035423279,10.991596151143312,96,2,94,single,0.0,STOPPED,False,,,,,28.6483084730557,10.026907965569494,1.7608589721679686,230.96502685546875,230.99142456054688,144.64773559570312,144.63555908203125,38.14847183227539,False
1664,55.46666666666667,0.9229793548583984,12.016118969768286,96,2,94,single,0.0,STOPPED,False,,,,,28.6483084730557,10.026907965569494,1.7608589721679686,230.96502685546875,230.5989990234375,144.64773559570312,144.623779296875,37.22528839111328,False
1665,55.5,0.9239411950111389,11.033575981855392,96,2,94,single,0.0,STOPPED,False,,,,,28.6483084730557,10.026907965569494,1.8058102386474608,230.96502685546875,230.50238037109375,144.65634155273438,144.65667724609375,37.435142517089844,False
1666,55.53333333333333,0.9283780455589294,11.971239000558853,96,2,94,single,0.0,STOPPED,False,,,,,28.6483084730557,10.026907965569494,1.8164542098999021,231.48583984375,232.34512329101562,144.70729064941406,145.38461303710938,39.612178802490234,False
1667,55.56666666666667,0.9274015426635742,11.434821877628565,96,2,94,single,0.0,STOPPED,False,,,,,28.6483084730557,10.026907965569494,1.5883157867431639,231.9434356689453,232.86428833007812,144.77325439453125,145.6473388671875,41.15491485595703,False
1668,55.6,0.9222321510314941,12.012869119644165,96,2,94,single,0.0,STOPPED,False,,,,,28.6483084730557,10.026907965569494,1.571280908203125,232.13211059570312,233.17160034179688,144.79566955566406,145.68048095703125,41.92673110961914,False
1669,55.63333333333333,0.9241232872009277,11.301138903945684,96,2,94,single,0.0,STOPPED,False,,,,,28.6483084730557,10.026907965569494,1.5773890319824218,232.13211059570312,231.41395568847656,144.81781005859375,145.75564575195312,41.843753814697266,False
1670,55.666666666666664,0.9246554374694824,11.918587144464254,96,2,94,single,0.0,STOPPED,False,,,,,28.6483084730557,10.026907965569494,1.6800507568359373,232.13211059570312,230.90493774414062,145.16363525390625,146.12615966796875,39.967140197753906,False
1671,55.7,0.9219279289245605,11.233593337237835,96,2,94,single,0.0,STOPPED,False,,,,,28.6483084730557,10.026907965569494,1.5739277618408203,232.13211059570312,230.81854248046875,145.54225158691406,146.306884765625,39.24439239501953,False
1672,55.733333333333334,0.9179588556289673,13.512082863599062,96,2,94,single,0.0,STOPPED,False,,,,,28.6483084730557,10.026907965569494,1.5283430603027344,232.13211059570312,230.472412109375,145.66722106933594,146.2541046142578,38.84794998168945,False
1673,55.766666666666666,0.9167544841766357,10.9845120459795,96,2,94,single,0.0,STOPPED,False,,,,,28.6483084730557,10.026907965569494,1.5326187469482422,232.13211059570312,230.55223083496094,145.7255859375,145.9942626953125,39.751792907714844,False
1674,55.8,0.9132903814315796,12.275133281946182,96,2,94,single,0.0,STOPPED,False,,,,,28.6483084730557,10.026907965569494,1.5660550689697266,232.13211059570312,230.57041931152344,145.88731384277344,145.97509765625,40.49565124511719,False
1675,55.833333333333336,0.9173750281333923,10.99645160138607,96,2,94,single,0.0,STOPPED,False,,,,,28.6483084730557,10.026907965569494,1.598088784790039,232.13211059570312,231.12026977539062,145.96746826171875,145.9560089111328,39.94529342651367,False
1676,55.86666666666667,0.9142824411392212,12.009336147457361,96,2,94,single,0.0,STOPPED,False,,,,,28.6483084730557,10.026907965569494,1.6337873748779297,232.23435974121094,232.256591796875,145.96746826171875,145.63888549804688,39.230682373046875,False
1677,55.9,0.9192675948143005,11.106478050351143,96,2,94,single,0.0,STOPPED,False,,,,,28.6483084730557,10.026907965569494,1.7452040771484374,232.30970764160156,233.25894165039062,145.96746826171875,145.430419921875,36.961368560791016,False
1678,55.93333333333333,0.912567138671875,13.29519972205162,96,2,94,single,0.0,STOPPED,False,,,,,28.6483084730557,10.026907965569494,2.0012249542236327,232.6566162109375,234.65650939941406,145.96746826171875,145.21282958984375,36.727108001708984,False
1679,55.96666666666667,0.9219470024108887,11.312793008983135,96,2,94,single,0.0,STOPPED,False,,,,,28.6483084730557,10.026907965569494,1.9467721618652343,232.96348571777344,236.43275451660156,145.96746826171875,145.2799072265625,38.39777755737305,False
1680,56.0,0.9230737686157227,12.119567021727562,96,2,94,single,0.0,STOPPED,False,,,,,28.6483084730557,10.026907965569494,2.1890836944580077,233.11480712890625,236.72412109375,145.96746826171875,145.14083862304688,39.305965423583984,False
1681,56.03333333333333,0.9167361855506897,10.923228692263365,96,2,94,single,0.0,STOPPED,False,,,,,28.6483084730557,10.026907965569494,2.162117459106445,233.2239990234375,237.16455078125,145.96746826171875,145.238525390625,40.167518615722656,False
1682,56.06666666666667,0.9148732423782349,11.949514970183372,96,2,94,single,0.0,STOPPED,False,,,,,28.6483084730557,10.026907965569494,2.0268112060546875,233.99636840820312,234.4879913330078,145.96746826171875,145.04071044921875,38.43501663208008,False
1683,56.1,0.9123247265815735,10.880752000957727,96,2,94,single,0.0,STOPPED,False,,,,,28.6483084730557,10.026907965569494,2.014413977050781,233.99636840820312,233.17770385742188,145.96746826171875,145.0399932861328,36.69864273071289,False
1684,56.13333333333333,0.9140418767929077,11.993768159300089,96,2,94,single,0.0,STOPPED,False,,,,,28.6483084730557,10.026907965569494,1.9020244995117186,234.10748291015625,233.53672790527344,145.96746826171875,144.67478942871094,36.79356384277344,False
1685,56.166666666666664,0.9158344268798828,11.110402178019285,96,2,94,single,0.0,STOPPED,False,,,,,28.6483084730557,10.026907965569494,1.9545091186523436,234.58909606933594,235.45208740234375,145.96746826171875,144.286865234375,37.30983352661133,False
1686,56.2,0.9167205691337585,11.964933946728706,96,2,94,single,0.0,STOPPED,False,,,,,28.6483084730557,10.026907965569494,2.119745178222656,235.13385009765625,237.24197387695312,145.96746826171875,143.980712890625,37.532203674316406,False
1687,56.233333333333334,0.9080021977424622,11.047246865928173,96,2,94,single,0.0,STOPPED,False,,,,,28.6483084730557,10.026907965569494,2.0268112060546875,236.0404815673828,239.133056640625,145.96746826171875,144.13906860351562,36.28820037841797,False
1688,56.266666666666666,0.8899874091148376,12.368158902972937,96,2,94,single,0.0,STOPPED,False,,,,,28.6483084730557,10.026907965569494,2.4037050659179684,236.60757446289062,241.03836059570312,145.96746826171875,144.4984130859375,35.1109504699707,False
1689,56.3,0.9101752638816833,11.193437036126852,96,2,94,single,0.0,STOPPED,False,,,,,28.6483084730557,10.026907965569494,2.1060697677612303,236.98837280273438,239.9705047607422,145.96746826171875,144.89544677734375,35.2025260925293,False
1690,56.333333333333336,0.8677152991294861,11.896330863237381,96,2,94,single,0.0,STOPPED,False,,,,,28.6483084730557,10.026907965569494,2.2357316619873044,237.21099853515625,240.59811401367188,145.96746826171875,144.79208374023438,34.39219284057617,False
1691,56.36666666666667,0.8756844997406006,10.902591049671173,96,2,94,single,0.0,STOPPED,False,,,,,28.6483084730557,10.116003131103515,3.3720010437011716,238.2854766845703,238.98114013671875,145.96746826171875,144.62893676757812,34.18142318725586,False
1692,56.4,0.9021861553192139,12.032692320644855,96,2,94,single,0.0,STOPPED,False,,,,,28.6483084730557,10.721318197631835,3.573772732543945,238.2854766845703,235.80551147460938,145.96746826171875,144.72129821777344,34.623924255371094,False
1693,56.43333333333333,0.8994544148445129,10.99188020452857,96,2,94,single,0.0,STOPPED,False,,,,,28.6483084730557,10.026907965569494,3.251557891845703,238.2854766845703,233.918212890625,145.96746826171875,144.70556640625,35.11489486694336,False
1694,56.46666666666667,0.9012468457221985,12.047432828694582,96,2,94,single,0.0,STOPPED,False,,,,,28.6483084730557,10.026907965569494,3.251557891845703,238.2854766845703,231.81370544433594,145.96746826171875,144.45550537109375,34.4857292175293,False
1695,56.5,0.8945448398590088,10.95857610926032,96,2,94,single,0.0,STOPPED,False,,,,,28.6483084730557,10.026907965569494,3.251557891845703,238.2854766845703,230.97061157226562,145.96746826171875,144.43605041503906,34.54185104370117,False
1696,56.53333333333333,0.9026596546173096,12.19247281551361,96,2,94,single,0.0,STOPPED,False,,,,,28.6483084730557,10.026907965569494,3.251557891845703,238.2854766845703,231.7825164794922,145.96746826171875,144.50112915039062,34.64348220825195,False
1697,56.56666666666667,0.91030353307724,11.101023759692907,96,2,94,single,0.0,STOPPED,False,,,,,28.6483084730557,10.026907965569494,2.786752294921875,238.2854766845703,233.3303680419922,145.96746826171875,144.93524169921875,34.47873306274414,False
1698,56.6,0.9110490083694458,12.143720407038927,96,2,94,single,0.0,STOPPED,False,,,,,28.6483084730557,10.026907965569494,2.512452291870117,238.2854766845703,234.7242431640625,145.96746826171875,145.21324157714844,34.18766784667969,False
1699,56.63333333333333,0.9026992917060852,11.45068183541298,96,2,94,single,0.0,STOPPED,False,,,,,28.6483084730557,10.026907965569494,2.4174935897827146,238.2854766845703,234.82957458496094,145.96746826171875,145.13720703125,34.72899627685547,False
1700,56.666666666666664,0.9000111818313599,12.203804217278957,96,2,94,single,0.0,STOPPED,False,,,,,28.6483084730557,10.026907965569494,2.449063540649414,238.2854766845703,236.30807495117188,145.96746826171875,145.56272888183594,33.238868713378906,False
1701,56.7,0.9050256013870239,11.08876196667552,96,2,94,single,0.0,STOPPED,False,,,,,28.6483084730557,10.026907965569494,2.737152067565918,238.2854766845703,236.68226623535156,145.96746826171875,145.8961181640625,32.20270919799805,False
1702,56.733333333333334,0.908761739730835,12.034257873892784,96,2,94,single,0.0,STOPPED,False,,,,,28.6483084730557,10.026907965569494,2.653685687255859,238.2854766845703,236.49020385742188,145.98660278320312,146.73434448242188,31.535850524902344,False
1703,56.766666666666666,0.91264408826828,11.25418022274971,96,2,94,single,0.0,STOPPED,False,,,,,28.6483084730557,10.026907965569494,2.538898205566406,238.2854766845703,234.8397979736328,146.07339477539062,147.15618896484375,33.52445602416992,False
1704,56.8,0.9143157005310059,11.954705696552992,96,2,94,single,0.0,STOPPED,False,,,,,28.6483084730557,10.026907965569494,2.3628145706176755,238.2854766845703,233.7493896484375,146.2029266357422,147.35081481933594,34.38572692871094,False
1705,56.833333333333336,0.9081527590751648,10.933523066341877,96,2,94,single,0.0,STOPPED,False,,,,,28.6483084730557,10.026907965569494,2.446891763305664,238.2854766845703,232.37008666992188,146.2857666015625,147.18687438964844,35.67112731933594,False
1706,56.86666666666667,0.9050374031066895,12.138709891587496,96,2,94,single,0.0,STOPPED,False,,,,,28.6483084730557,10.026907965569494,2.446891763305664,238.2854766845703,232.2099609375,146.43423461914062,146.51913452148438,35.345420837402344,False
1707,56.9,0.904789388179779,11.123976670205593,96,2,94,single,0.0,STOPPED,False,,,,,28.6483084730557,10.026907965569494,2.446891763305664,238.2854766845703,230.41851806640625,146.43423461914062,145.67161560058594,34.043582916259766,False
1708,56.93333333333333,0.9114225506782532,12.176347896456718,96,2,94,single,0.0,STOPPED,False,,,,,28.6483084730557,10.026907965569494,2.446891763305664,238.2854766845703,228.98934936523438,146.43423461914062,144.47705078125,33.61577606201172,False
1709,56.96666666666667,0.9173978567123413,11.143906973302364,96,2,94,single,0.0,STOPPED,False,,,,,28.6483084730557,10.026907965569494,2.446891763305664,238.2854766845703,228.88124084472656,146.43423461914062,144.07928466796875,32.88832473754883,False
1710,57.0,0.9105113744735718,11.719819623976946,96,2,94,single,0.0,STOPPED,False,,,,,28.6483084730557,10.026907965569494,2.446891763305664,238.2854766845703,229.26242065429688,146.43423461914062,144.11660766601562,32.470481872558594,False
1711,57.03333333333333,0.9219667315483093,10.983747895807028,96,2,94,single,0.0,STOPPED,False,,,,,28.6483084730557,10.026907965569494,2.3628145706176755,238.2854766845703,229.825927734375,146.43423461914062,144.72079467773438,32.418540954589844,False
1712,57.06666666666667,0.9180499911308289,11.948218569159508,96,2,94,single,0.0,STOPPED,False,,,,,28.6483084730557,10.026907965569494,2.524419689941406,238.2854766845703,230.00064086914062,146.43423461914062,145.10781860351562,31.842382431030273,False
1713,57.1,0.9162251353263855,10.930350050330162,96,2,94,single,0.0,STOPPED,False,,,,,28.6483084730557,10.026907965569494,2.334298681640625,238.2854766845703,231.28268432617188,146.43423461914062,145.54067993164062,31.07131576538086,False
1714,57.13333333333333,0.914535641670227,11.983648873865604,96,2,94,single,0.0,STOPPED,False,,,,,28.6483084730557,10.026907965569494,2.334298681640625,238.2854766845703,232.07484436035156,146.43423461914062,145.65264892578125,31.192554473876953,False
1715,57.166666666666664,0.9050543308258057,11.005736887454987,96,2,94,single,0.0,STOPPED,False,,,,,28.6483084730557,10.026907965569494,2.524419689941406,238.2854766845703,232.78900146484375,146.43423461914062,145.37521362304688,32.194786071777344,False
1716,57.2,0.901311993598938,11.954404879361391,96,2,94,single,0.0,STOPPED,False,,,,,28.6483084730557,10.026907965569494,2.3087916091918945,238.2854766845703,234.8070068359375,146.41311645507812,145.31460571289062,33.54811096191406,False
1717,57.233333333333334,0.900383710861206,11.043361853808165,96,2,94,single,0.0,STOPPED,False,,,,,28.6483084730557,10.026907965569494,2.1474805847167966,238.2854766845703,235.36666870117188,146.30918884277344,145.1106414794922,34.04066467285156,False
1718,57.266666666666666,0.889308512210846,11.851016897708178,96,2,94,single,0.0,STOPPED,False,,,,,28.6483084730557,10.026907965569494,2.0800197509765623,238.2854766845703,235.44595336914062,146.301513671875,144.45802307128906,32.978187561035156,False
1719,57.3,0.917787492275238,11.136476416140795,96,2,94,single,0.0,STOPPED,False,,,,,28.6483084730557,10.026907965569494,1.8950114685058592,238.2854766845703,236.05364990234375,146.29388427734375,143.88619995117188,33.771034240722656,False
1720,57.333333333333336,0.9101735353469849,11.873015202581882,96,2,94,single,0.0,STOPPED,False,,,,,28.6483084730557,10.026907965569494,1.859437303161621,238.2854766845703,235.71157836914062,146.26992797851562,143.68338012695312,34.14971160888672,False
1721,57.36666666666667,0.9031014442443848,11.13001024350524,96,2,94,single,0.0,STOPPED,False,,,,,28.6483084730557,10.026907965569494,1.8329574554443357,238.2854766845703,235.01339721679688,146.26992797851562,143.56027221679688,34.16044616699219,False
1722,57.4,0.9068266153335571,11.97956595569849,96,2,94,single,0.0,STOPPED,False,,,,,28.6483084730557,10.026907965569494,1.548205773925781,238.2854766845703,234.53985595703125,146.26992797851562,143.7351531982422,33.62331771850586,False
1723,57.43333333333333,0.914898693561554,11.094867717474699,96,2,94,single,0.0,STOPPED,False,,,,,28.6483084730557,10.026907965569494,1.631366748046875,238.2854766845703,234.34561157226562,146.26992797851562,144.16656494140625,33.02337646484375,False
1724,57.46666666666667,0.9229077696800232,11.941723059862852,96,2,94,single,0.0,STOPPED,False,,,,,28.6483084730557,10.026907965569494,1.770043780517578,238.2854766845703,234.17279052734375,146.26992797851562,144.5718536376953,32.13461685180664,False
1725,57.5,0.9285725951194763,10.929422918707132,96,2,94,single,0.0,STOPPED,False,,,,,28.6483084730557,10.026907965569494,1.6237202819824217,238.2854766845703,234.68199157714844,146.26992797851562,144.49264526367188,31.880144119262695,False
1726,57.53333333333333,0.9296361207962036,12.108306866139174,96,2,94,single,0.0,STOPPED,False,,,,,28.6483084730557,10.026907965569494,1.4317668365478515,238.2854766845703,234.55087280273438,146.26992797851562,144.45668029785156,32.138633728027344,False
1727,57.56666666666667,0.9326266050338745,10.946250054985285,96,2,94,single,0.0,STOPPED,False,,,,,28.6483084730557,10.026907965569494,1.6166393829345702,238.2854766845703,233.67098999023438,146.26992797851562,144.36056518554688,32.13611602783203,False
1728,57.6,0.9289610385894775,11.776643805205822,96,2,94,single,0.0,STOPPED,False,,,,,28.6483084730557,10.026907965569494,1.6166393829345702,238.2854766845703,233.572509765625,146.26992797851562,144.17588806152344,31.698036193847656,False
1729,57.63333333333333,0.9040839076042175,11.152477003633976,96,2,94,single,0.0,STOPPED,False,,,,,28.6483084730557,10.026907965569494,1.6166393829345702,238.2854766845703,233.609130859375,146.26992797851562,144.395263671875,32.840858459472656,False
1730,57.666666666666664,0.9013456106185913,12.083052191883326,96,2,94,single,0.0,STOPPED,False,,,,,28.6483084730557,10.026907965569494,1.7177175201416015,238.2854766845703,233.1219482421875,146.26992797851562,144.7576446533203,33.22151184082031,False
1731,57.7,0.9094911217689514,11.238859966397285,96,2,94,single,0.0,STOPPED,False,,,,,28.6483084730557,10.026907965569494,1.6532655029296874,238.06158447265625,233.07223510742188,146.26992797851562,145.12814331054688,33.57868194580078,False
1732,57.733333333333334,0.9023467302322388,12.01329194009304,96,2,94,single,0.0,STOPPED,False,,,,,28.6483084730557,10.026907965569494,1.793186782836914,236.60543823242188,233.921875,146.26992797851562,145.11376953125,34.30629348754883,False
1733,57.766666666666666,0.9074042439460754,11.085060890763998,96,2,94,single,0.0,STOPPED,False,,,,,28.6483084730557,10.026907965569494,1.7227850006103516,236.4173583984375,233.56561279296875,146.26992797851562,145.27835083007812,34.7057991027832,False
1734,57.8,0.9024713635444641,11.998632922768593,96,2,94,single,0.0,STOPPED,False,,,,,28.6483084730557,10.026907965569494,1.4389834716796874,236.206298828125,233.53286743164062,146.26992797851562,145.02224731445312,35.31440734863281,False
1735,57.833333333333336,0.902172327041626,10.931734461337328,96,2,94,single,0.0,STOPPED,False,,,,,28.6483084730557,10.026907965569494,1.3609126007080077,235.9543914794922,234.1016082763672,146.26992797851562,145.07150268554688,35.25663375854492,False
1736,57.86666666666667,0.8952471017837524,11.967016849666834,96,2,94,single,0.0,STOPPED,False,,,,,28.6483084730557,10.026907965569494,1.3560487243652344,235.7679443359375,234.46673583984375,146.26992797851562,145.07260131835938,34.769187927246094,False
1737,57.9,0.909238338470459,11.449429206550121,96,2,94,single,0.0,STOPPED,False,,,,,28.6483084730557,10.026907965569494,1.3317406539916992,235.60533142089844,234.38308715820312,146.26992797851562,145.06362915039062,34.78758239746094,False
1738,57.93333333333333,0.9131364226341248,12.06686720252037,96,2,94,single,0.0,STOPPED,False,,,,,28.6483084730557,10.026907965569494,1.4568893234252929,235.60533142089844,233.4651641845703,146.26992797851562,144.82643127441406,34.42498016357422,False
1739,57.96666666666667,0.9085837602615356,11.031906120479107,96,2,94,single,0.0,STOPPED,False,,,,,28.6483084730557,10.026907965569494,1.3788071411132812,235.60533142089844,233.1939697265625,146.26992797851562,144.856689453125,34.39011001586914,False
1740,58.0,0.9101491570472717,11.946241836994886,96,2,94,single,0.0,STOPPED,False,,,,,28.6483084730557,10.026907965569494,1.3788071411132812,235.60533142089844,232.35386657714844,146.26992797851562,144.64703369140625,34.83562088012695,False
1741,58.03333333333333,0.9079452157020569,11.192649137228727,96,2,94,single,0.0,STOPPED,False,,,,,28.6483084730557,10.026907965569494,1.3788071411132812,235.60533142089844,231.6678924560547,146.26992797851562,144.66448974609375,34.83514404296875,False
1742,58.06666666666667,0.9109878540039062,12.00785068795085,96,2,94,single,0.0,STOPPED,False,,,,,28.6483084730557,10.026907965569494,1.4568893234252929,235.60533142089844,230.81549072265625,146.26992797851562,144.636962890625,34.193233489990234,False
1743,58.1,0.9051616191864014,10.992014314979315,96,2,94,single,0.0,STOPPED,False,,,,,28.6483084730557,10.026907965569494,1.6428703811645506,235.60533142089844,231.2296142578125,146.26992797851562,144.4097442626953,34.115909576416016,False
1744,58.13333333333333,0.9129591584205627,11.771423276513815,96,2,94,single,0.0,STOPPED,False,,,,,28.6483084730557,10.026907965569494,1.7544228195190428,235.60533142089844,232.11383056640625,146.26992797851562,144.54794311523438,33.53260040283203,False
1745,58.166666666666664,0.9148805141448975,10.786322876811028,96,2,94,single,0.0,STOPPED,False,,,,,28.6483084730557,10.026907965569494,1.7104443283081054,235.41424560546875,232.79641723632812,146.26992797851562,144.790283203125,33.711795806884766,False
1746,58.2,0.9207449555397034,11.945961974561214,96,2,94,single,0.0,STOPPED,False,,,,,28.6483084730557,10.026907965569494,1.7724870300292968,235.22535705566406,232.216064453125,146.1801300048828,144.76864624023438,33.60190200805664,False
1747,58.233333333333334,0.9120141267776489,11.00042276084423,96,2,94,single,0.0,STOPPED,False,,,,,28.6483084730557,10.026907965569494,1.6977756271362303,234.94395446777344,232.35391235351562,145.66403198242188,144.69027709960938,33.44361114501953,False
1748,58.266666666666666,0.9159694314002991,11.931973043829203,96,2,94,single,0.0,STOPPED,False,,,,,28.6483084730557,10.026907965569494,1.6553920349121092,234.93084716796875,232.44692993164062,145.6078643798828,144.77369689941406,33.42168045043945,False
1749,58.3,0.9158228635787964,11.097664013504982,96,2,94,single,0.0,STOPPED,False,,,,,28.6483084730557,10.026907965569494,1.5769252670288085,234.93084716796875,233.02059936523438,145.4744873046875,144.40884399414062,33.72733688354492,False
1750,58.333333333333336,0.9160311222076416,11.985535267740488,96,2,94,single,0.0,STOPPED,False,,,,,28.6483084730557,10.026907965569494,1.6463542739868162,234.93084716796875,233.21560668945312,145.35096740722656,144.28634643554688,33.5007209777832,False
1751,58.36666666666667,0.9177473783493042,11.103473138064146,96,2,94,single,0.0,STOPPED,False,,,,,28.6483084730557,10.026907965569494,1.6463542739868162,234.93084716796875,232.9409942626953,145.30010986328125,144.11773681640625,33.966426849365234,False
1752,58.4,0.912959098815918,11.862338986247778,96,2,94,single,0.0,STOPPED,False,,,,,28.6483084730557,10.026907965569494,1.541667819213867,234.93084716796875,232.58572387695312,145.21826171875,143.8137969970703,34.1229248046875,False
1753,58.43333333333333,0.9133455753326416,10.932161007076502,96,2,94,single,0.0,STOPPED,False,,,,,28.6483084730557,10.026907965569494,1.541667819213867,234.93084716796875,231.49038696289062,145.21826171875,143.6109619140625,34.19916534423828,False
1754,58.46666666666667,0.9135003685951233,11.720106936991215,96,2,94,single,0.0,STOPPED,False,,,,,28.6483084730557,10.026907965569494,1.6014143188476562,234.93084716796875,231.178955078125,145.21826171875,143.93772888183594,33.69245147705078,False
1755,58.5,0.9048727750778198,11.061445344239473,96,2,94,single,0.0,STOPPED,False,,,,,28.6483084730557,10.026907965569494,1.6014143188476562,234.93084716796875,231.35983276367188,145.21826171875,144.32620239257812,35.098876953125,False
1756,58.53333333333333,0.9134286642074585,11.981982737779617,96,2,94,single,0.0,STOPPED,False,,,,,28.6483084730557,10.026907965569494,1.6014143188476562,234.93084716796875,231.22491455078125,145.21826171875,144.37875366210938,34.9052848815918,False
1757,58.56666666666667,0.9131659269332886,11.049080174416304,96,2,94,single,0.0,STOPPED,False,,,,,28.6483084730557,10.026907965569494,1.451199719238281,234.93084716796875,232.892578125,145.21826171875,144.97854614257812,33.799598693847656,False
1758,58.6,0.9162647128105164,11.781331151723862,96,2,94,single,0.0,STOPPED,False,,,,,28.6483084730557,10.026907965569494,1.4191207580566405,234.93084716796875,233.83966064453125,145.21826171875,145.52139282226562,33.556148529052734,False
1759,58.63333333333333,0.9081204533576965,10.932205710560083,96,2,94,single,0.0,STOPPED,False,,,,,28.6483084730557,10.026907965569494,1.3609126007080077,234.93084716796875,233.7982177734375,145.21826171875,145.59246826171875,34.503170013427734,False
1760,58.666666666666664,0.9023033380508423,11.923787649720907,96,2,94,single,0.0,STOPPED,False,,,,,28.6483084730557,10.026907965569494,1.3609126007080077,234.93084716796875,233.4401397705078,145.21826171875,145.634765625,33.86848831176758,False
1761,58.7,0.9133322238922119,10.805176105350256,96,2,94,single,0.0,STOPPED,False,,,,,28.6483084730557,10.026907965569494,1.3424524932861328,234.88082885742188,233.41741943359375,145.21826171875,145.88894653320312,32.728485107421875,False
1762,58.733333333333334,0.9092146158218384,12.267536018043756,96,2,94,single,0.0,STOPPED,False,,,,,28.6483084730557,10.026907965569494,1.2330718322753906,234.62954711914062,233.358642578125,145.42417907714844,146.09561157226562,32.46944808959961,False
1763,58.766666666666666,0.912904679775238,10.90842392295599,96,2,94,single,0.0,STOPPED,False,,,,,28.6483084730557,10.026907965569494,1.11991318359375,234.5464630126953,233.79420471191406,145.5640411376953,146.07720947265625,31.934261322021484,False
1764,58.8,0.9047809839248657,12.00835406780243,96,2,94,single,0.0,STOPPED,False,,,,,28.6483084730557,10.026907965569494,1.1459292663574219,234.51060485839844,232.0960693359375,145.6178436279297,145.94764709472656,32.37293243408203,False
1765,58.833333333333336,0.9108027815818787,11.003565974533558,96,2,94,single,0.0,STOPPED,False,,,,,28.6483084730557,10.026907965569494,1.1396401611328124,234.4332733154297,230.69683837890625,145.7872772216797,145.90219116210938,32.4486198425293,False
1766,58.86666666666667,0.9061833620071411,11.812289711087942,96,2,94,single,0.0,STOPPED,False,,,,,28.6483084730557,10.026907965569494,1.1075611999511719,234.36810302734375,230.6856689453125,145.7872772216797,145.50924682617188,32.21640396118164,False
1767,58.9,0.9023264646530151,10.84164110943675,96,2,94,single,0.0,STOPPED,False,,,,,28.6483084730557,10.026907965569494,1.1386900085449219,234.2764892578125,231.5177764892578,145.7872772216797,145.23606872558594,32.642112731933594,False
1768,58.93333333333333,0.8917566537857056,12.172756250947714,96,2,94,single,0.0,STOPPED,False,,,,,28.6483084730557,10.026907965569494,1.0763419006347656,234.14431762695312,231.85572814941406,145.7872772216797,145.16632080078125,33.11458206176758,False
1769,58.96666666666667,0.8942691087722778,11.190298944711685,96,2,94,single,0.0,STOPPED,False,,,,,28.6483084730557,10.026907965569494,1.1469472869873045,234.0297088623047,232.72781372070312,145.7872772216797,145.31719970703125,32.83304977416992,False
1770,59.0,0.8951882123947144,11.946387123316526,96,2,94,single,0.0,STOPPED,False,,,,,28.6483084730557,10.026907965569494,0.9884980316162109,233.8889923095703,233.36856079101562,145.7872772216797,145.50404357910156,33.316219329833984,False
1771,59.03333333333333,0.901835560798645,11.112710926681757,96,2,94,single,0.0,STOPPED,False,,,,,28.6483084730557,10.026907965569494,0.9417595733642578,233.82308959960938,232.9739227294922,145.88650512695312,145.88284301757812,32.83064651489258,False
1772,59.06666666666667,0.8633578419685364,12.19248678535223,96,2,94,single,0.0,STOPPED,False,,,,,28.6483084730557,10.026907965569494,0.9905793182373046,233.82308959960938,231.32052612304688,145.88650512695312,145.75863647460938,33.36111831665039,False
1773,59.1,0.884486198425293,10.891931131482124,96,2,94,single,0.0,STOPPED,False,,,,,28.6483084730557,10.026907965569494,1.062361083984375,233.82308959960938,231.51025390625,145.88650512695312,145.5583038330078,34.567745208740234,False
1774,59.13333333333333,0.8828755617141724,12.035952880978584,96,2,94,single,0.0,STOPPED,False,,,,,28.6483084730557,10.026907965569494,1.0918610595703124,233.82308959960938,229.36651611328125,145.88650512695312,145.28628540039062,34.65859603881836,False
1775,59.166666666666664,0.8724881410598755,11.061612982302904,96,2,94,single,0.0,STOPPED,False,,,,,28.6483084730557,10.026907965569494,1.2421209045410155,233.82308959960938,229.7567138671875,145.88650512695312,145.12069702148438,34.37359619140625,False
1776,59.2,0.8767154216766357,12.656581122428179,96,2,94,single,0.0,STOPPED,False,,,,,28.6483084730557,10.026907965569494,1.4042350341796874,233.82308959960938,230.04495239257812,145.88650512695312,145.02096557617188,34.04029083251953,False
1777,59.233333333333334,0.9147148728370667,11.317969299852848,96,2,94,single,0.0,STOPPED,False,,,,,28.6483084730557,10.026907965569494,1.438847735595703,233.79661560058594,231.14453125,145.88650512695312,144.31204223632812,33.63869094848633,False
1778,59.266666666666666,0.9010680317878723,12.257455848157406,96,2,94,single,0.0,STOPPED,False,,,,,28.6483084730557,10.026907965569494,1.4896130310058593,233.79661560058594,231.4931640625,145.88650512695312,143.98561096191406,32.957733154296875,False
1779,59.3,0.8985908627510071,11.191080790013075,96,2,94,single,0.0,STOPPED,False,,,,,28.6483084730557,10.026907965569494,1.4896808990478514,233.79661560058594,230.13467407226562,145.88650512695312,143.46868896484375,32.7177734375,False
1780,59.333333333333336,0.8795901536941528,11.965957935899496,96,2,94,single,0.0,STOPPED,False,,,,,28.6483084730557,10.026907965569494,1.4598868286132811,233.66258239746094,232.34451293945312,145.88650512695312,143.3452606201172,27.269617080688477,False
1781,59.36666666666667,0.8634445667266846,11.245616246014833,96,2,94,single,0.0,STOPPED,False,,,,,28.6483084730557,10.026907965569494,1.29148359375,233.4551544189453,232.41558837890625,145.88650512695312,143.04835510253906,26.713911056518555,False
1782,59.4,0.8601617813110352,12.40468304604292,96,2,94,single,0.0,STOPPED,False,,,,,28.6483084730557,10.026907965569494,1.29148359375,233.43104553222656,233.32421875,145.88650512695312,143.140380859375,25.843273162841797,False
1783,59.43333333333333,0.8607709407806396,11.093947105109692,96,2,94,single,0.0,STOPPED,False,,,,,28.6483084730557,10.026907965569494,1.29148359375,233.43104553222656,236.26206970214844,145.88650512695312,143.043212890625,28.61420440673828,False
1784,59.46666666666667,0.8505117893218994,12.269015423953533,96,2,94,unknown,0.0,STOPPED,False,,,,,,,,,,,,0.0,False
1785,59.5,0.8593115210533142,11.00147794932127,96,2,94,single,0.0,STOPPED,False,,,,,28.6483084730557,10.026907965569494,1.452511834716797,233.65257263183594,238.89205932617188,145.88650512695312,143.620361328125,31.64701271057129,False
1786,59.53333333333333,0.7728549838066101,11.923345737159252,96,2,94,unknown,0.0,STOPPED,False,,,,,,,,,,,,0.0,False
1787,59.56666666666667,0.8614526391029358,11.034995317459106,96,2,94,unknown,0.0,STOPPED,False,,,,,,,,,,,,0.0,False
1788,59.6,0.8919605016708374,11.967252939939499,96,2,94,single,0.0,STOPPED,False,,,,,28.6483084730557,10.026907965569494,1.4598868286132811,233.79661560058594,239.72393798828125,145.88650512695312,144.58651733398438,29.200855255126953,False
1789,59.63333333333333,0.8965417742729187,10.877723805606365,96,2,94,single,0.0,STOPPED,False,,,,,28.6483084730557,10.026907965569494,1.4896130310058593,233.82308959960938,240.14535522460938,145.88650512695312,145.31150817871094,28.802621841430664,False
1790,59.666666666666664,0.72231125831604,11.961250100284815,96,2,94,single,0.0,STOPPED,False,,,,,28.6483084730557,10.026907965569494,1.4128768981933593,235.29310607910156,240.9014434814453,145.8968963623047,145.93026733398438,30.75298309326172,False
1791,59.7,0.7877005338668823,11.093670967966318,96,2,94,unknown,0.0,STOPPED,False,,,,,,,,,,,,0.0,False
1792,59.733333333333334,0.8950086832046509,11.876890901476145,96,2,94,single,0.0,STOPPED,False,,,,,28.6483084730557,10.026907965569494,1.0053632400512695,237.84005737304688,241.34902954101562,145.8968963623047,144.41677856445312,26.63716697692871,False
1793,59.766666666666666,0.8508370518684387,10.994073934853077,96,2,94,single,0.0,STOPPED,False,,,,,28.6483084730557,10.026907965569494,0.8637791931152343,239.0129852294922,239.09359741210938,145.8968963623047,142.6505889892578,26.656850814819336,False
1794,59.8,0.8464045524597168,13.14378809183836,96,2,94,single,0.0,STOPPED,False,,,,,28.6483084730557,10.026907965569494,1.0390597229003906,239.0129852294922,237.2167205810547,145.8968963623047,141.4384002685547,28.63245391845703,False
1795,59.833333333333336,0.880437433719635,11.805105023086071,96,2,94,single,0.0,STOPPED,False,,,,,28.6483084730557,10.026907965569494,1.214340252685547,239.0129852294922,236.487060546875,145.8968963623047,141.2030792236328,31.072643280029297,False
1796,59.86666666666667,0.8806749582290649,12.592209037393332,96,2,94,single,0.0,STOPPED,False,,,,,28.6483084730557,10.026907965569494,2.5344189147949217,239.0129852294922,236.3721160888672,145.8968963623047,140.9527587890625,27.097505569458008,False
1797,59.9,0.8937163949012756,10.954929050058126,96,2,94,single,0.0,STOPPED,False,,,,,28.6483084730557,10.026907965569494,2.5344189147949217,239.0129852294922,232.9912109375,145.8968963623047,140.46673583984375,22.637481689453125,False
1798,59.93333333333333,0.8302265405654907,11.923480778932571,96,2,94,double,0.0,STOPPED,False,,,,,28.6483084730557,10.026907965569494,2.501548159790039,239.0129852294922,233.7244415283203,145.8968963623047,140.5397186279297,10.968868255615234,False
1799,59.96666666666667,0.8599993586540222,13.148616999387741,96,2,94,double,0.0,STOPPED,False,,,,,28.6483084730557,10.026907965569494,2.4587347366333008,239.0129852294922,233.41639709472656,145.8968963623047,140.48475646972656,10.950045585632324,False
1800,60.0,0.8465816974639893,11.821249965578318,96,2,94,double,0.0,STOPPED,False,,,,,28.6483084730557,10.026907965569494,0.7641941528320312,239.0129852294922,233.44979858398438,145.8968963623047,140.5139617919922,10.517970085144043,False
1801,60.03333333333333,0.8915557265281677,11.133733205497265,96,2,94,double,0.0,STOPPED,False,,,,,28.6483084730557,10.026907965569494,0.7618640167236328,239.0129852294922,233.87094116210938,145.8968963623047,140.56097412109375,10.331999778747559,False
1802,60.06666666666667,0.8399347066879272,11.680948082357645,96,2,94,double,0.0,STOPPED,False,,,,,28.6483084730557,10.026907965569494,0.8105706481933593,239.0129852294922,235.704833984375,145.8968963623047,141.477294921875,6.526962757110596,False
1803,60.1,0.8753435611724854,10.937521699815989,96,2,94,double,0.0,STOPPED,False,,,,,28.6483084730557,10.026907965569494,2.1445170135498044,239.0129852294922,237.64584350585938,145.8968963623047,141.98165893554688,5.946497440338135,False
1804,60.13333333333333,0.895531177520752,12.14551692828536,96,2,94,double,0.0,STOPPED,False,,,,,28.6483084730557,10.072906924438476,3.357635641479492,239.24856567382812,239.35186767578125,145.8968963623047,142.93209838867188,5.041339874267578,False
1805,60.166666666666664,0.8566952347755432,10.90959319844842,96,2,94,double,0.0,STOPPED,False,,,,,28.6483084730557,11.151601583862304,3.7172005279541014,239.57510375976562,241.34957885742188,145.8968963623047,143.51177978515625,6.572253227233887,False
1806,60.2,0.8142912983894348,11.889189016073942,96,2,94,double,0.0,STOPPED,False,,,,,28.6483084730557,10.026907965569494,2.7826575897216794,239.97679138183594,244.0570068359375,145.8968963623047,143.46044921875,9.619891166687012,False
1807,60.233333333333334,0.8927821516990662,10.837865062057972,96,2,94,double,0.0,STOPPED,False,,,,,28.6483084730557,10.026907965569494,3.0632806320190427,240.59901428222656,241.92359924316406,145.8968963623047,143.27890014648438,8.638773918151855,False
1808,60.266666666666666,0.9040020108222961,11.964736972004175,96,2,94,double,0.0,STOPPED,False,,,,,28.6483084730557,10.026907965569494,2.7826575897216794,240.59901428222656,238.8677215576172,145.8968963623047,143.46197509765625,15.583612442016602,False
1809,60.3,0.9086650013923645,11.070149950683117,96,2,94,double,0.0,STOPPED,False,,,,,28.6483084730557,10.026907965569494,2.7314850860595703,240.59901428222656,237.31951904296875,145.8968963623047,143.4610595703125,22.545352935791016,False
1810,60.333333333333336,0.9089159965515137,12.188554275780916,96,2,94,double,0.0,STOPPED,False,,,,,28.6483084730557,10.026907965569494,2.483857223510742,240.59901428222656,238.47274780273438,145.8944549560547,143.93795776367188,26.372425079345703,False
1811,60.36666666666667,0.9065552353858948,10.98291389644146,96,2,94,double,0.0,STOPPED,False,,,,,28.6483084730557,10.026907965569494,2.3895998245239256,240.59901428222656,238.58184814453125,145.83316040039062,143.76849365234375,30.911781311035156,False
1812,60.4,0.9084311127662659,12.114983052015305,96,2,94,single,0.0,STOPPED,False,,,,,28.6483084730557,10.026907965569494,2.295365048217773,240.59901428222656,238.466552734375,145.67849731445312,143.58413696289062,32.383968353271484,False
1813,60.43333333333333,0.9263330698013306,10.99030114710331,96,2,94,single,0.0,STOPPED,False,,,,,28.6483084730557,10.026907965569494,2.17099686126709,240.59901428222656,235.49581909179688,145.53868103027344,143.39968872070312,30.275806427001953,False
1814,60.46666666666667,0.9371134638786316,11.852044146507978,96,2,94,single,0.0,STOPPED,False,,,,,28.6483084730557,10.026907965569494,2.318055596923828,240.59901428222656,235.0030517578125,145.50717163085938,142.98793029785156,30.00485610961914,False
1815,60.5,0.9222879409790039,11.194007005542517,96,2,94,single,0.0,STOPPED,False,,,,,28.6483084730557,10.026907965569494,2.711893844604492,240.59901428222656,235.4415283203125,145.42930603027344,143.5103759765625,30.128887176513672,False
1816,60.53333333333333,0.9197692275047302,11.790908873081207,96,2,94,single,0.0,STOPPED,False,,,,,28.6483084730557,10.026907965569494,2.9439799255371093,240.59901428222656,235.0977783203125,145.42930603027344,144.13055419921875,32.39867401123047,False
1817,60.56666666666667,0.9190396070480347,11.02918479591608,96,2,94,single,0.0,STOPPED,False,,,,,28.6483084730557,10.026907965569494,3.024595848083496,240.59901428222656,235.49282836914062,145.42930603027344,144.90408325195312,33.756099700927734,False
1818,60.6,0.922397792339325,12.151777744293213,96,2,94,single,0.0,STOPPED,False,,,,,28.6483084730557,10.026907965569494,3.1052117706298827,240.59901428222656,235.5026092529297,145.42703247070312,145.21640014648438,34.60361862182617,False
1819,60.63333333333333,0.8954594135284424,11.000070255249739,96,2,94,single,0.0,STOPPED,False,,,,,28.6483084730557,10.026907965569494,2.8786795578002926,240.59901428222656,235.55519104003906,145.30142211914062,144.6348876953125,35.5308837890625,False
1820,60.666666666666664,0.9196423292160034,11.74233015626669,96,2,94,single,0.0,STOPPED,False,,,,,28.6483084730557,10.026907965569494,2.8777407165527342,240.59901428222656,237.28396606445312,145.25833129882812,144.44349670410156,35.72642135620117,False
1821,60.7,0.9210099577903748,10.951637290418148,96,2,94,single,0.0,STOPPED,False,,,,,28.6483084730557,10.026907965569494,2.703546075439453,240.59901428222656,237.65487670898438,145.17811584472656,144.87818908691406,37.16572189331055,False
1822,60.733333333333334,0.9109548330307007,11.831523850560188,96,2,94,single,0.0,STOPPED,False,,,,,28.6483084730557,10.026907965569494,2.5293514343261716,240.59901428222656,237.46389770507812,145.17811584472656,145.5628662109375,35.93053436279297,False
1823,60.766666666666666,0.9133316278457642,11.125894729048014,96,2,94,single,0.0,STOPPED,False,,,,,28.6483084730557,10.026907965569494,2.4727721099853515,240.59901428222656,236.95843505859375,145.17811584472656,145.83209228515625,35.51130294799805,False
1824,60.8,0.9032067060470581,11.966945137828588,96,2,94,single,0.0,STOPPED,False,,,,,28.6483084730557,10.026907965569494,2.4161927856445313,240.59901428222656,236.6618194580078,145.27346801757812,146.334716796875,36.283451080322266,False
1825,60.833333333333336,0.9114471673965454,10.792674031108618,96,2,94,single,0.0,STOPPED,False,,,,,28.6483084730557,10.026907965569494,2.5120903289794922,240.59901428222656,235.34500122070312,145.4623260498047,146.52294921875,37.299957275390625,False
1826,60.86666666666667,0.9121649265289307,13.061853125691414,96,2,94,single,0.0,STOPPED,False,,,,,28.6483084730557,10.026907965569494,2.6157926971435543,240.59901428222656,234.66680908203125,145.72439575195312,146.75100708007812,37.27537155151367,False
