frame_idx,timestamp,best_conf,infer_ms,hip_y,head_y,head_move_px,head_drop_event,ankle_distance,is_airborne,jump_count,single_count,double_count,jump_type,freq_hz,spm,state,ground_y,person_h
0,0.0,0.8945003747940063,38.72630000114441,207.54251098632812,99.6593246459961,0.0,False,10.332393646240234,False,0,0,0,unknown,0.0,0.0,IDLE,,222.17439498901368
1,0.04,0.8937645554542542,34.13830000499729,207.741455078125,100.01334381103516,0.46111634373664856,False,10.355436325073242,False,0,0,0,unknown,0.0,0.0,IDLE,,223.02444610595705
2,0.08,0.8919532895088196,31.00859999540262,210.0170135498047,100.54625701904297,0.7429684400558472,False,7.951269626617432,False,0,0,0,unknown,0.0,0.0,IDLE,,221.4653015136719
3,0.12,0.8930257558822632,33.47379999468103,210.4931640625,100.62779998779297,0.4432343542575836,False,10.626212120056152,False,0,0,0,unknown,0.0,0.0,IDLE,,222.2145523071289
4,0.16,0.8774791359901428,30.476800005999394,211.65066528320312,102.44213104248047,1.8272206783294678,False,11.217273712158203,False,0,0,0,double,0.0,0.0,IDLE,,222.79011535644534
5,0.2,0.8553193211555481,33.99419999914244,212.18112182617188,106.04915618896484,3.6085565090179443,False,13.274287223815918,False,0,0,0,double,0.0,0.0,IDLE,,221.8028663635254
6,0.24,0.845184862613678,33.44309999374673,217.0290069580078,112.8937759399414,9.02458381652832,False,12.274542808532715,False,0,0,0,double,0.0,0.0,IDLE,,214.81897583007813
7,0.28,0.8375835418701172,33.62010000273585,224.42071533203125,114.46210479736328,2.5238888263702393,False,8.53246784210205,False,0,0,0,double,0.0,0.0,IDLE,,211.5981155395508
8,0.32,0.8302034139633179,34.91139999823645,228.21868896484375,116.61392974853516,2.9481289386749268,False,9.416410446166992,False,0,0,0,double,0.0,0.0,IDLE,,212.6569763183594
9,0.36,0.8866422772407532,35.25210000225343,225.9490966796875,114.67367553710938,2.476398229598999,False,9.50206470489502,False,0,0,0,double,0.0,0.0,IDLE,290.0285317993164,214.86070251464847
10,0.4,0.8872272968292236,31.627800010028295,223.7561798095703,110.75647735595703,3.990091323852539,False,9.36612606048584,False,0,0,0,double,0.0,0.0,IDLE,290.4443374633789,217.27798843383792
11,0.44,0.897201418876648,33.29249999660533,217.65841674804688,106.55704498291016,4.269130229949951,False,13.457465171813965,True,0,0,0,double,0.0,0.0,IDLE,290.3403007507324,218.2684768676758
12,0.48,0.8861153721809387,35.407200004556216,213.87423706054688,102.32684326171875,4.23234224319458,False,14.762979507446289,True,0,0,0,double,0.0,0.0,IDLE,290.23626403808595,217.51653213500978
13,0.52,0.9055829048156738,30.2605000033509,211.0956573486328,100.6241226196289,1.7169263362884521,False,14.73074722290039,True,0,0,0,double,0.0,0.0,IDLE,290.1793518066406,215.34734039306642
14,0.56,0.898888111114502,42.60549999889918,210.02621459960938,99.85079193115234,0.7741771936416626,False,15.078234672546387,True,0,0,0,double,0.0,0.0,IDLE,290.1224395751953,214.20536193847659
15,0.6,0.8817620277404785,40.08279999834485,211.75320434570312,102.06439208984375,2.2158422470092773,False,13.173537254333496,True,0,0,0,double,0.0,0.0,IDLE,290.06552734375,217.98197097778322
16,0.64,0.8751507997512817,38.045399996917695,213.68011474609375,106.26290893554688,4.198673248291016,False,14.390503883361816,True,0,0,0,double,0.0,0.0,IDLE,290.00861511230465,214.39361877441408
17,0.68,0.849040687084198,41.59259999869391,219.12249755859375,111.08834838867188,4.844615936279297,False,13.761568069458008,False,1,0,1,double,0.0,0.0,JUMPING,289.9601989746094,209.0706382751465
18,0.72,0.8926845788955688,37.80409999308176,221.527587890625,114.67961883544922,3.5920517444610596,False,12.705194473266602,False,1,0,1,double,0.0,0.0,JUMPING,290.02135314941404,208.5320266723633
19,0.76,0.8603800535202026,34.11269999924116,223.85394287109375,114.6712417602539,0.23259566724300385,False,12.409767150878906,False,1,0,1,double,0.0,0.0,JUMPING,290.1537829589844,208.60623168945315
20,0.8,0.880692183971405,33.81220001028851,222.17916870117188,112.05618286132812,2.626070261001587,False,13.707324028015137,False,1,0,1,double,0.0,0.0,JUMPING,290.2353149414062,215.0626304626465
21,0.84,0.8906847238540649,31.689600000390783,216.61041259765625,108.16510009765625,3.8910903930664062,False,13.229137420654297,True,1,0,1,double,0.0,0.0,JUMPING,290.1951892089844,218.58915634155275
22,0.88,0.9112735390663147,57.4524000112433,212.40203857421875,103.93030548095703,4.235073089599609,False,15.516460418701172,True,1,0,1,double,0.0,0.0,JUMPING,290.1550634765625,213.80135498046877
23,0.92,0.900204598903656,57.06659999850672,210.68865966796875,101.4047622680664,2.527193546295166,False,14.271201133728027,True,1,0,1,double,0.0,0.0,JUMPING,290.1149377441406,214.81542587280276
24,0.96,0.8764919638633728,61.19639999815263,213.37734985351562,99.4347915649414,1.9800306558609009,False,12.630389213562012,True,1,0,1,double,0.0,0.0,JUMPING,290.07481201171873,215.9598129272461
25,1.0,0.8873809576034546,51.62519999430515,213.78738403320312,99.61920928955078,0.18589627742767334,False,14.073387145996094,True,1,0,1,double,0.0,0.0,JUMPING,290.03638458251953,216.9152297973633
26,1.04,0.8823584914207458,56.33110000053421,216.32850646972656,101.99044799804688,2.371249198913574,False,14.097697257995605,True,1,0,1,double,0.0,0.0,JUMPING,289.99795715332027,217.17621459960938
27,1.08,0.844997763633728,60.50769999274053,216.88833618164062,106.58477783203125,4.611161708831787,False,8.876035690307617,False,2,0,2,double,2.499999776482602,149.99998658895612,JUMPING,289.95952972412107,216.73442535400392
28,1.12,0.8573629856109619,64.82880000839941,218.5838165283203,109.4402084350586,2.86777925491333,False,8.914875030517578,False,2,0,2,double,2.499999776482602,149.99998658895612,JUMPING,289.92110229492187,215.30276870727542
29,1.16,0.8441892266273499,40.50259999348782,226.01101684570312,115.77643585205078,7.020451545715332,False,7.796350002288818,False,2,0,2,double,2.499999776482602,149.99998658895612,JUMPING,290.0784533691406,209.94055404663087
30,1.2,0.8881654143333435,52.9203000041889,226.7359619140625,110.63690948486328,5.167091369628906,False,5.7686872482299805,False,2,0,2,double,2.499999776482602,149.99998658895612,JUMPING,290.03922729492183,215.39840774536134
31,1.24,0.8623010516166687,53.06449999625329,220.27748107910156,110.01661682128906,6.2394514083862305,False,8.265348434448242,False,2,0,2,double,2.499999776482602,149.99998658895612,JUMPING,290.09208251953123,218.1329071044922
32,1.28,0.8737292885780334,40.78029999800492,216.4305419921875,108.48208618164062,4.29194974899292,False,11.057640075683594,False,2,0,2,double,2.499999776482602,149.99998658895612,JUMPING,290.0842657470703,217.43249130249026
33,1.32,0.9061055183410645,41.793099997448735,212.12937927246094,104.73961639404297,7.653809070587158,False,5.191077709197998,True,2,0,2,double,2.499999776482602,149.99998658895612,JUMPING,290.07045684814454,218.4602249145508
34,1.36,0.9148393869400024,40.888599993195385,208.78640747070312,103.0067138671875,3.2792017459869385,False,11.941831588745117,True,2,0,2,double,2.499999776482602,149.99998658895612,JUMPING,290.0566479492187,214.65745697021487
35,1.4,0.8563199043273926,33.82749999582302,208.33094787597656,102.23636627197266,1.277306079864502,False,8.8024263381958,True,2,0,2,double,2.499999776482602,149.99998658895612,JUMPING,290.04283905029297,217.26018829345705
36,1.44,0.7356416583061218,34.2357999907108,212.72564697265625,101.88592529296875,0.5596502423286438,False,7.417036533355713,True,2,0,2,double,2.499999776482602,149.99998658895612,JUMPING,290.0290301513672,216.53880844116213
37,1.48,0.8545483350753784,28.814000004786067,215.553955078125,104.5802001953125,2.7061123847961426,False,6.735275745391846,True,2,0,2,double,2.499999776482602,149.99998658895612,JUMPING,290.0290301513672,216.1254608154297
38,1.52,0.8815053701400757,34.51670000504237,226.32089233398438,110.07919311523438,5.521401882171631,False,11.321775436401367,True,2,0,2,double,2.499999776482602,149.99998658895612,JUMPING,290.0290301513672,209.4192810058594
39,1.56,0.8828074932098389,29.733099989243783,229.9544219970703,112.86044311523438,2.783879280090332,False,10.354195594787598,False,3,0,3,double,2.27272743897991,136.36364633879458,JUMPING,290.05711853027344,209.55030212402346
40,1.6,0.9033193588256836,36.30110000085551,231.0384063720703,112.75674438476562,0.18276461958885193,False,10.504149436950684,False,3,0,3,double,2.27272743897991,136.36364633879458,JUMPING,290.05711853027344,215.01281356811526
41,1.64,0.8509962558746338,32.06370001134928,226.3001708984375,110.96510314941406,5.327462673187256,False,4.711338043212891,True,3,0,3,double,2.27272743897991,136.36364633879458,JUMPING,290.05711853027344,218.0672119140625
42,1.68,0.8871504664421082,29.61709999362938,223.68228149414062,109.11056518554688,3.950824499130249,False,0.9089650511741638,True,3,0,3,double,2.27272743897991,136.36364633879458,JUMPING,290.05711853027344,218.1349464416504
43,1.72,0.851762056350708,37.52430000167806,217.78970336914062,108.49832153320312,3.3152480125427246,False,10.322318077087402,True,3,0,3,double,2.27272743897991,136.36364633879458,JUMPING,290.05711853027344,219.29997024536135
44,1.76,0.8501890897750854,29.161200000089593,211.20138549804688,104.51651000976562,8.40372085571289,False,13.640843391418457,True,3,0,3,double,2.27272743897991,136.36364633879458,JUMPING,289.99012939453127,220.36246490478518
45,1.8,0.8460189700126648,35.726500005694106,205.55543518066406,,0.0,False,15.948057174682617,True,3,0,3,double,2.27272743897991,136.36364633879458,JUMPING,289.8196704101562,218.80038299560547
46,1.84,0.8590198159217834,28.652399996644817,203.967041015625,104.53424072265625,1.7015084028244019,False,13.37569522857666,True,3,0,3,double,2.27272743897991,136.36364633879458,JUMPING,289.73445312499996,219.84965972900392
47,1.88,0.8605420589447021,40.34500000125263,206.47427368164062,109.74623107910156,5.5880632400512695,False,13.157617568969727,False,4,0,4,double,2.4999999627470975,149.99999776482585,JUMPING,289.5270080566406,217.3364242553711
48,1.92,0.879366397857666,38.129699998535216,214.57839965820312,109.32942962646484,5.605688571929932,False,4.916799068450928,False,4,0,4,double,2.4999999627470975,149.99999776482585,JUMPING,289.5270080566406,212.8438903808594
49,1.96,0.8217816352844238,28.198100000736304,223.36941528320312,115.35145568847656,7.235777854919434,False,6.759633541107178,False,4,0,4,double,2.4999999627470975,149.99999776482585,JUMPING,289.61222534179683,210.95027770996094
50,2.0,0.8532246351242065,38.51910000958014,228.53262329101562,110.859130859375,6.26503849029541,False,5.587629795074463,False,4,0,4,double,2.4999999627470975,149.99999776482585,JUMPING,289.7054809570312,213.80082626342775
51,2.04,0.8287333250045776,31.17940000083763,226.09127807617188,112.77392578125,2.9195196628570557,False,7.184021949768066,False,4,0,4,double,2.4999999627470975,149.99999776482585,JUMPING,289.7054809570312,215.8781219482422
52,2.08,0.8465371131896973,30.789199998253025,221.12701416015625,,0.0,False,9.2918119430542,True,4,0,4,double,2.4999999627470975,149.99999776482585,JUMPING,289.7054809570312,220.58300704956056
53,2.12,0.854621171951294,38.67389999504667,215.396240234375,107.10889434814453,6.289909839630127,False,15.73818302154541,True,4,0,4,double,2.4999999627470975,149.99999776482585,JUMPING,289.7054809570312,221.83533630371096
54,2.16,0.8479053974151611,39.735700003802776,209.3089141845703,104.81807708740234,2.29548716545105,False,19.01307487487793,True,4,0,4,double,2.4999999627470975,149.99999776482585,JUMPING,289.7054809570312,220.45147399902345
55,2.2,0.8443246483802795,39.36879998946097,205.8689727783203,103.61575317382812,1.2068012952804565,False,20.47688865661621,True,4,0,4,double,2.4999999627470975,149.99999776482585,JUMPING,289.5890258789062,219.38286132812502
56,2.24,0.8466781377792358,39.954599997145124,203.50311279296875,,0.0,False,19.09829330444336,True,4,0,4,double,2.4999999627470975,149.99999776482585,JUMPING,289.2704791259766,220.35679168701174
57,2.28,0.8344552516937256,43.52629999630153,207.63270568847656,108.64677429199219,6.792031288146973,False,19.2618408203125,False,5,0,5,double,2.4999999627470975,149.99999776482585,JUMPING,289.10022338867185,220.68478088378907
58,2.32,0.8455488681793213,35.15309999056626,212.87432861328125,,0.0,False,18.60078239440918,False,5,0,5,double,2.4999999627470975,149.99999776482585,JUMPING,289.2704791259766,212.60204010009767
59,2.36,0.8328397274017334,29.015000007348135,219.22962951660156,,0.0,False,16.898313522338867,False,5,0,5,double,2.4999999627470975,149.99999776482585,JUMPING,289.5565551757812,211.75942459106446
60,2.4,0.918800413608551,34.19830001075752,221.0203857421875,109.77117156982422,2.9878456592559814,False,7.367690563201904,False,5,0,5,double,2.4999999627470975,149.99999776482585,JUMPING,289.5565551757812,220.29915313720704
61,2.44,0.8788641095161438,30.538200007868,223.65133666992188,110.00281524658203,1.2989511489868164,False,16.354570388793945,False,5,0,5,double,2.4999999627470975,149.99999776482585,JUMPING,289.5565551757812,220.81089248657227
62,2.48,0.804778516292572,34.00909999618307,221.13775634765625,,0.0,False,6.0222344398498535,True,5,0,5,double,2.4999999627470975,149.99999776482585,JUMPING,289.5565551757812,217.86079406738284
63,2.52,0.8659252524375916,34.297599995625205,213.78668212890625,105.50701141357422,4.836165904998779,False,15.730191230773926,True,5,0,5,double,2.4999999627470975,149.99999776482585,JUMPING,289.5565551757812,220.3736267089844
64,2.56,0.8549185991287231,32.16740000061691,209.16204833984375,103.19155883789062,3.6485610008239746,False,20.06281280517578,True,5,0,5,double,2.4999999627470975,149.99999776482585,JUMPING,289.5565551757812,218.13492965698245
65,2.6,0.8730034232139587,31.469599998672493,206.93927001953125,103.70703125,2.397582530975342,False,6.408087730407715,True,5,0,5,double,2.4999999627470975,149.99999776482585,JUMPING,289.5565551757812,219.68540496826174
66,2.64,0.8205462694168091,38.09469999396242,205.45925903320312,103.47506713867188,1.9155024290084839,False,9.043898582458496,True,5,0,5,double,2.4999999627470975,149.99999776482585,JUMPING,289.2704791259766,218.99294509887696
67,2.68,0.905785322189331,38.37270000076387,208.39096069335938,104.9482421875,1.7546740770339966,False,8.814521789550781,True,5,0,5,double,2.4999999627470975,149.99999776482585,JUMPING,289.2238513183594,222.02026977539063
68,2.72,0.9124503135681152,36.871799995424226,210.87557983398438,108.6333999633789,3.8297512531280518,False,16.727474212646484,False,6,0,6,double,2.450980437988963,147.05882627933778,JUMPING,289.1412890625,216.7507064819336
69,2.76,0.9064006805419922,32.54530001140665,222.65328979492188,112.01348876953125,3.5516977310180664,False,15.42553997039795,False,6,0,6,double,2.450980437988963,147.05882627933778,JUMPING,289.00116760253906,211.58712158203127
70,2.8,0.9054663181304932,31.590200000209734,224.787353515625,112.59163665771484,0.8471682667732239,False,13.525678634643555,False,6,0,6,double,2.450980437988963,147.05882627933778,JUMPING,289.00116760253906,220.0486251831055
71,2.84,0.8695386648178101,41.517499994370155,222.99786376953125,110.19049835205078,2.4320685863494873,False,13.6241455078125,False,6,0,6,double,2.450980437988963,147.05882627933778,JUMPING,289.00116760253906,223.30224914550783
72,2.88,0.8745874166488647,39.69479999796022,223.9107666015625,106.38813018798828,3.8034005165100098,False,15.139571189880371,True,6,0,6,double,2.450980437988963,147.05882627933778,JUMPING,289.00116760253906,220.13872528076175
73,2.92,0.9175988435745239,33.54530000069644,219.62139892578125,103.93924713134766,2.4501256942749023,False,16.86211585998535,True,6,0,6,double,2.450980437988963,147.05882627933778,JUMPING,289.00116760253906,220.34581451416017
74,2.96,0.8180628418922424,48.494300004676916,217.89205932617188,103.29661560058594,1.5663280487060547,False,1.5819950103759766,True,6,0,6,double,2.450980437988963,147.05882627933778,JUMPING,289.00116760253906,219.30471191406252
75,3.0,0.8830693960189819,42.59650000312831,217.0884246826172,103.69863891601562,1.0145056247711182,False,8.824248313903809,True,6,0,6,double,2.450980437988963,147.05882627933778,JUMPING,289.00116760253906,220.06634979248048
76,3.04,0.8966357707977295,34.816399987903424,217.6983642578125,106.6507339477539,2.96621036529541,False,14.644689559936523,False,7,0,7,double,2.5510204748802527,153.06122849281516,JUMPING,288.8075091552734,220.68206176757815
77,3.08,0.8771986961364746,49.30400000012014,219.88873291015625,110.20096588134766,3.5897347927093506,False,15.633983612060547,False,7,0,7,double,2.5510204748802527,153.06122849281516,JUMPING,288.91693115234375,214.62591857910158
78,3.12,0.8778742551803589,50.46980000042822,220.24343872070312,112.08197784423828,1.8870912790298462,False,14.88359546661377,False,7,0,7,double,2.5510204748802527,153.06122849281516,JUMPING,289.0774951171875,213.840983581543
79,3.16,0.8926069736480713,38.18039999168832,220.39413452148438,112.89910125732422,0.819592297077179,False,14.255314826965332,False,7,0,7,double,2.5510204748802527,153.06122849281516,JUMPING,289.38877563476564,214.52801361083985
80,3.2,0.9017043113708496,38.652000002912246,219.76882934570312,109.6747055053711,3.2369227409362793,False,13.833379745483398,False,7,0,7,double,2.5510204748802527,153.06122849281516,JUMPING,289.5443951416015,218.30683822631838
81,3.24,0.8800519108772278,41.342500000610016,218.35708618164062,106.25001525878906,3.870817184448242,False,12.768776893615723,False,7,0,7,double,2.5510204748802527,153.06122849281516,JUMPING,289.6856243896484,221.241796875
82,3.28,0.8789828419685364,36.01959999650717,215.49102783203125,103.52239227294922,3.1636829376220703,False,15.818737983703613,True,7,0,7,double,2.5510204748802527,153.06122849281516,JUMPING,289.6856243896484,221.41229553222658
83,3.32,0.8846121430397034,40.392199996858835,214.08041381835938,101.3694839477539,2.170480251312256,False,15.96246337890625,True,7,0,7,double,2.5510204748802527,153.06122849281516,JUMPING,289.6856243896484,221.20262145996097
84,3.36,0.8708181381225586,46.599500012234785,214.21066284179688,102.41834259033203,1.9758870601654053,False,16.258333206176758,True,7,0,7,double,2.5510204748802527,153.06122849281516,JUMPING,289.5443951416015,217.7979774475098
85,3.4,0.8572180271148682,37.33540000393987,215.13714599609375,102.98241424560547,0.6117817759513855,False,17.017860412597656,True,7,0,7,double,2.5510204748802527,153.06122849281516,JUMPING,289.5443951416015,217.52030029296876
86,3.44,0.8717302680015564,35.22099999827333,213.12319946289062,105.19344329833984,2.3092758655548096,False,14.534378051757812,False,8,0,8,double,2.6595743483496608,159.57446090097966,JUMPING,289.27508361816405,220.91153335571292
87,3.48,0.8861618638038635,37.732700002379715,213.74378967285156,108.47261810302734,3.2877848148345947,False,13.281705856323242,False,8,0,8,double,2.6595743483496608,159.57446090097966,JUMPING,289.27508361816405,217.53154602050782
88,3.52,0.8940145969390869,43.895399998291396,223.20933532714844,111.7390365600586,3.2940945625305176,False,11.234440803527832,False,8,0,8,double,2.6595743483496608,159.57446090097966,JUMPING,289.66087829589844,214.9631645202637
89,3.56,0.8910903334617615,35.69309999875259,225.83651733398438,113.29434967041016,1.5669647455215454,False,10.110738754272461,False,8,0,8,double,2.6595743483496608,159.57446090097966,JUMPING,290.3859143066406,212.34301910400393
90,3.6,0.9340183734893799,30.437500012340024,224.05450439453125,112.5810775756836,0.8069850206375122,False,10.08459758758545,False,8,0,8,double,2.6595743483496608,159.57446090097966,JUMPING,290.4026867675781,217.3254219055176
91,3.64,0.9114177227020264,36.39969999494497,220.1572723388672,107.71316528320312,4.867995738983154,False,13.708541870117188,True,8,0,8,double,2.6595743483496608,159.57446090097966,JUMPING,290.4026867675781,219.35941314697268
92,3.68,0.8940110206604004,33.35409999999683,217.04000854492188,104.44510650634766,3.2680704593658447,False,16.25838851928711,True,8,0,8,double,2.6595743483496608,159.57446090097966,JUMPING,290.4026867675781,219.67551040649417
93,3.72,0.6966924071311951,32.625599997118115,214.92837524414062,103.08670806884766,1.8905917406082153,False,9.621330261230469,True,8,0,8,double,2.6595743483496608,159.57446090097966,JUMPING,290.4026867675781,221.16759185791017
94,3.76,0.8640336990356445,38.30939999897964,219.81504821777344,104.70474243164062,2.321918487548828,False,14.982839584350586,True,8,0,8,double,2.6595743483496608,159.57446090097966,JUMPING,290.4026867675781,219.16630554199222
95,3.8,0.8862943053245544,39.51539999980014,224.18280029296875,105.41885375976562,0.900522768497467,False,5.327970504760742,True,8,0,8,double,2.6595743483496608,159.57446090097966,JUMPING,290.3859143066406,220.21088256835938
96,3.84,0.8874794244766235,37.331200001062825,230.76943969726562,109.5412826538086,4.138206958770752,False,6.277744770050049,True,8,0,8,double,2.6595743483496608,159.57446090097966,JUMPING,289.5214508056641,216.29768829345704
97,3.88,0.8799146413803101,39.92320000543259,237.38613891601562,112.511962890625,2.9879138469696045,False,8.158909797668457,False,9,0,9,double,2.4999999627470975,149.99999776482585,JUMPING,289.47760620117185,214.68912124633792
98,3.92,0.8474647402763367,41.2005000107456,239.40518188476562,116.12024688720703,3.715625762939453,False,10.372404098510742,True,9,0,9,double,2.4999999627470975,149.99999776482585,JUMPING,289.47760620117185,217.37976226806643
99,3.96,0.8603885173797607,37.13179999613203,233.46395874023438,,0.0,False,18.98828125,False,9,0,9,double,2.4999999627470975,149.99999776482585,JUMPING,289.47760620117185,219.42329559326174
100,4.0,0.8470683097839355,39.59909999684896,230.09146118164062,114.13591003417969,5.516761302947998,False,20.20345115661621,False,9,0,9,double,2.4999999627470975,149.99999776482585,JUMPING,289.48846435546875,218.91937789916994
101,4.04,0.8423771262168884,37.60360000887886,224.62599182128906,108.44200897216797,7.4531121253967285,False,21.401002883911133,True,9,0,9,double,2.4999999627470975,149.99999776482585,JUMPING,289.48846435546875,222.462117767334
102,4.08,0.8663989901542664,33.76330000173766,215.09051513671875,104.88643646240234,3.5609610080718994,False,21.284862518310547,True,9,0,9,double,2.4999999627470975,149.99999776482585,JUMPING,289.48846435546875,216.00388946533204
103,4.12,0.8685895204544067,34.64329999405891,208.81979370117188,103.2734603881836,1.6165984869003296,False,20.64877700805664,True,9,0,9,double,2.4999999627470975,149.99999776482585,JUMPING,289.48846435546875,218.23479003906252
104,4.16,0.8773149251937866,35.97359999548644,210.0364990234375,102.46591186523438,0.8145787119865417,False,19.796918869018555,True,9,0,9,double,2.4999999627470975,149.99999776482585,JUMPING,289.48846435546875,219.3050476074219
105,4.2,0.785612940788269,29.920899993157946,211.4438018798828,106.51116943359375,4.073428153991699,False,6.746689319610596,True,9,0,9,double,2.4999999627470975,149.99999776482585,JUMPING,289.48846435546875,217.24698715209962
106,4.24,0.8590337634086609,35.32629999972414,217.77609252929688,110.43795013427734,3.9277853965759277,False,8.478899955749512,False,10,0,10,double,2.5510206688250037,153.06124012950022,JUMPING,289.8576416015625,214.78024520874024
107,4.28,0.8765811920166016,35.338599991519004,222.60333251953125,112.49224090576172,2.104494571685791,False,11.52141284942627,False,10,0,10,double,2.5510206688250037,153.06124012950022,JUMPING,290.1894653320312,215.64645156860354
108,4.32,0.8929132223129272,36.252799996873364,224.69313049316406,111.5679702758789,0.9298414587974548,False,13.60929012298584,False,10,0,10,double,2.5510206688250037,153.06124012950022,JUMPING,290.1894653320312,215.40547409057618
109,4.36,0.8895546197891235,43.411100006778724,225.732666015625,110.62310028076172,0.9468397498130798,False,14.335433006286621,True,10,0,10,double,2.5510206688250037,153.06124012950022,JUMPING,290.1894653320312,213.96174926757814
110,4.4,0.7985121011734009,35.61799999442883,223.52590942382812,106.03864288330078,4.608019828796387,False,11.174461364746094,False,10,0,10,double,2.5510206688250037,153.06124012950022,JUMPING,290.1894653320312,219.1219352722168
111,4.44,0.8792839050292969,35.70269999909215,220.34463500976562,102.85230255126953,3.188187837600708,False,6.790454387664795,True,10,0,10,double,2.5510206688250037,153.06124012950022,JUMPING,290.1894653320312,215.83146057128909
112,4.48,0.8920592069625854,40.65989999799058,216.30357360839844,101.5067138671875,1.3555480241775513,False,15.150586128234863,True,10,0,10,double,2.5510206688250037,153.06124012950022,JUMPING,290.1894653320312,220.59589767456058
113,4.52,0.8912944793701172,33.92329999769572,215.0626220703125,102.4337158203125,0.978709876537323,False,14.578750610351562,True,10,0,10,double,2.5510206688250037,153.06124012950022,JUMPING,290.1894653320312,221.64927825927737
114,4.56,0.9015124440193176,34.782700007781386,214.25942993164062,105.51641845703125,3.083437442779541,False,17.046327590942383,False,11,0,11,double,2.7173915191330114,163.0434911479807,JUMPING,290.1726928710937,220.11489105224612
115,4.6,0.8937990665435791,33.849999992526136,218.90155029296875,109.21377563476562,3.701906442642212,False,17.135385513305664,False,11,0,11,double,2.7173915191330114,163.0434911479807,JUMPING,289.79737854003906,216.56371688842776
116,4.64,0.8953958749771118,35.14300000097137,227.13938903808594,111.60576629638672,2.392860174179077,False,15.284866333007812,False,11,0,11,double,2.7173915191330114,163.0434911479807,JUMPING,289.6502862548828,214.96893844604494
117,4.68,0.8880295753479004,43.29889999644365,231.482421875,112.8558349609375,1.2557224035263062,False,14.465531349182129,False,11,0,11,double,2.7173915191330114,163.0434911479807,JUMPING,289.6502862548828,214.08592224121097
118,4.72,0.9097300171852112,30.26569999929052,227.943359375,110.2182388305664,2.6375975608825684,False,13.823376655578613,False,11,0,11,double,2.7173915191330114,163.0434911479807,JUMPING,289.6502862548828,222.3743507385254
119,4.76,0.8372718095779419,36.042399995494634,221.937744140625,105.14141082763672,5.078100204467773,False,4.840310096740723,True,11,0,11,double,2.7173915191330114,163.0434911479807,JUMPING,289.6502862548828,225.85538177490236
120,4.8,0.7672921419143677,39.25580000213813,219.83547973632812,101.0405502319336,4.100913047790527,False,9.87486457824707,True,11,0,11,double,2.7173915191330114,163.0434911479807,JUMPING,289.6502862548828,220.5413558959961
121,4.84,0.78115314245224,124.69000001146924,219.43295288085938,99.2033920288086,1.8428274393081665,False,17.0682373046875,True,11,0,11,double,2.7173915191330114,163.0434911479807,JUMPING,289.6502862548828,219.99261474609378
122,4.88,0.7396917343139648,265.89330000570044,216.92181396484375,96.52883911132812,2.709026336669922,False,19.698570251464844,True,11,0,11,double,2.7173915191330114,163.0434911479807,JUMPING,289.6502862548828,222.843465423584
123,4.92,0.8281606435775757,92.65659999800846,216.71685791015625,98.54193115234375,2.0132107734680176,False,3.3815062046051025,True,11,0,11,double,2.7173915191330114,163.0434911479807,JUMPING,289.6502862548828,224.97281036376955
124,4.96,0.8823023438453674,77.53919999231584,217.04644775390625,103.26363372802734,4.726069927215576,False,13.690756797790527,False,12,0,12,double,2.604166644030354,156.24999864182124,JUMPING,289.5281823730469,221.24102478027345
125,5.0,0.9062204957008362,56.56149999413174,226.32415771484375,108.38372802734375,5.222817420959473,False,14.717740058898926,False,12,0,12,double,2.604166644030354,156.24999864182124,JUMPING,289.5281823730469,215.515153503418
126,5.04,0.8842272758483887,49.0981000039028,237.48013305664062,111.6181640625,3.361920118331909,False,4.668087959289551,False,12,0,12,double,2.604166644030354,156.24999864182124,JUMPING,289.5281823730469,215.90291290283204
127,5.08,0.8730165362358093,104.37190000084229,244.18881225585938,113.16417694091797,1.6483186483383179,False,1.9964923858642578,False,12,0,12,double,2.604166644030354,156.24999864182124,JUMPING,289.6451922607422,215.2507362365723
128,5.12,0.8608430027961731,72.69270000688266,238.4046630859375,110.3277587890625,2.9162721633911133,False,6.923402309417725,False,12,0,12,double,2.604166644030354,156.24999864182124,JUMPING,290.10180236816404,222.6488723754883
129,5.16,0.8956834673881531,39.137399988248944,226.501708984375,106.03763580322266,4.322937488555908,False,11.46685791015625,False,12,0,12,double,2.604166644030354,156.24999864182124,JUMPING,290.10180236816404,221.38869628906252
130,5.2,0.9088484644889832,33.91189999820199,217.92491149902344,102.48980712890625,3.565842390060425,False,14.777732849121094,True,12,0,12,double,2.604166644030354,156.24999864182124,JUMPING,290.10180236816404,220.74722824096682
131,5.24,0.9032037258148193,37.18660000595264,212.17645263671875,101.27005004882812,1.2562528848648071,False,17.068815231323242,True,12,0,12,double,2.604166644030354,156.24999864182124,JUMPING,290.10180236816404,219.66408004760743
132,5.28,0.8910608887672424,31.620699999621138,216.07212829589844,101.0538330078125,0.4196726381778717,False,15.732606887817383,True,12,0,12,double,2.604166644030354,156.24999864182124,JUMPING,290.10180236816404,219.8695915222168
133,5.32,0.8900910019874573,40.3297000011662,219.3231964111328,101.087646484375,0.07098003476858139,False,13.919036865234375,True,12,0,12,double,2.604166644030354,156.24999864182124,JUMPING,290.10180236816404,217.90116119384768
134,5.36,0.8894063830375671,48.74729999573901,217.25271606445312,102.65119171142578,1.5785070657730103,False,14.774609565734863,True,12,0,12,double,2.604166644030354,156.24999864182124,JUMPING,290.10180236816404,221.38909912109378
135,5.4,0.9012817144393921,54.49019999650773,227.13861083984375,108.0506591796875,5.409439563751221,False,13.4710693359375,False,13,0,13,double,2.551020280935531,153.06121685613186,JUMPING,290.40521362304685,216.96175689697267
136,5.44,0.7690829634666443,36.87460000219289,236.71905517578125,111.01031494140625,2.9653351306915283,False,8.843409538269043,False,13,0,13,double,2.551020280935531,153.06121685613186,JUMPING,290.4069348144531,217.30282135009767
137,5.48,0.9062951803207397,37.45609999168664,230.14527893066406,111.38761138916016,0.3782300055027008,False,10.829730033874512,False,13,0,13,double,2.551020280935531,153.06121685613186,JUMPING,290.41515625,219.8156707763672
138,5.52,0.780265748500824,35.264300007838756,224.17141723632812,109.04952239990234,2.3432583808898926,False,13.159689903259277,False,13,0,13,double,2.551020280935531,153.06121685613186,JUMPING,290.8651751708984,222.72008132934573
139,5.56,0.9051288366317749,38.322300009895116,220.58566284179688,107.38179779052734,1.6716002225875854,False,13.19294548034668,False,13,0,13,double,2.551020280935531,153.06121685613186,JUMPING,291.00641845703126,222.72930450439455
140,5.6,0.8386424779891968,34.222999995108694,213.47833251953125,103.56829833984375,3.8159351348876953,False,11.177173614501953,True,13,0,13,double,2.551020280935531,153.06121685613186,JUMPING,291.00641845703126,221.9593246459961
141,5.64,0.8967100977897644,34.86689999408554,209.36842346191406,100.80429077148438,2.7894771099090576,False,14.243571281433105,True,13,0,13,double,2.551020280935531,153.06121685613186,JUMPING,291.00641845703126,221.00716400146487
142,5.68,0.8942685127258301,40.353200005483814,207.73025512695312,99.42945098876953,1.3938368558883667,False,15.696561813354492,True,13,0,13,double,2.551020280935531,153.06121685613186,JUMPING,291.00641845703126,221.86779785156253
143,5.72,0.8947725296020508,40.821299990057014,209.31854248046875,101.81168365478516,2.3855419158935547,False,15.914521217346191,True,13,0,13,double,2.551020280935531,153.06121685613186,JUMPING,291.00641845703126,219.96006927490237
144,5.76,0.885610818862915,45.258699989062734,212.8701934814453,106.7887954711914,4.977660655975342,False,16.769906997680664,True,13,0,13,double,2.551020280935531,153.06121685613186,JUMPING,290.98828186035155,213.3959716796875
145,5.8,0.92482990026474,45.59139999037143,223.13787841796875,111.4859619140625,4.698028087615967,False,13.035253524780273,False,14,0,14,double,2.604166644030354,156.24999864182124,JUMPING,290.98828186035155,215.00818099975587
146,5.84,0.8851558566093445,40.43340000498574,230.8050537109375,113.9503402709961,2.4652490615844727,False,11.69071102142334,False,14,0,14,double,2.604166644030354,156.24999864182124,JUMPING,291.00641845703126,214.66111602783204
147,5.88,0.9031712412834167,47.97619998862501,233.29881286621094,111.76190185546875,2.2046360969543457,False,9.081441879272461,False,14,0,14,double,2.604166644030354,156.24999864182124,JUMPING,291.17665893554687,217.34392700195315
148,5.92,0.8963609933853149,42.52400000405032,234.02615356445312,110.44671630859375,1.3385266065597534,False,6.265067100524902,False,14,0,14,double,2.604166644030354,156.24999864182124,JUMPING,291.2865197753906,219.45072174072268
149,5.96,0.8931549787521362,41.633100001490675,227.34996032714844,104.71731567382812,5.743062973022461,False,10.278087615966797,True,14,0,14,double,2.604166644030354,156.24999864182124,JUMPING,291.2865197753906,221.12432098388675
150,6.0,0.8983561992645264,54.46519999532029,219.83566284179688,100.3282470703125,4.410377025604248,False,12.359047889709473,True,14,0,14,double,2.604166644030354,156.24999864182124,JUMPING,291.2865197753906,220.19015350341797
151,6.04,0.8868340253829956,42.67239999899175,215.34323120117188,98.27743530273438,2.053821325302124,False,13.814027786254883,True,14,0,14,double,2.604166644030354,156.24999864182124,JUMPING,291.2865197753906,219.71922607421877
152,6.08,0.9037654399871826,56.72710000362713,213.60736083984375,100.49968719482422,2.316990852355957,False,13.809209823608398,True,14,0,14,double,2.604166644030354,156.24999864182124,JUMPING,291.2865197753906,221.10075531005862
153,6.12,0.8944016098976135,47.69089999899734,212.9351348876953,103.0907974243164,2.5949411392211914,False,15.43840217590332,True,14,0,14,double,2.604166644030354,156.24999864182124,JUMPING,291.2865197753906,219.44279937744142
154,6.16,0.8968499898910522,95.15579999424517,212.89573669433594,104.8115234375,1.7295892238616943,False,15.783656120300293,False,15,0,15,double,2.604166644030354,156.24999864182124,JUMPING,291.2865197753906,220.7660858154297
155,6.2,0.8874150514602661,56.45530000037979,216.4644012451172,108.69747924804688,3.8914542198181152,False,14.134014129638672,False,15,0,15,double,2.604166644030354,156.24999864182124,JUMPING,291.29316650390626,215.43745727539064
156,6.24,0.7953718900680542,48.69850000250153,225.00341796875,117.12184143066406,11.03067684173584,False,8.127286911010742,False,15,0,15,double,2.604166644030354,156.24999864182124,JUMPING,291.29316650390626,213.0958450317383
157,6.28,0.8224236965179443,43.077100010123104,231.39781188964844,119.8009262084961,5.656717300415039,True,16.312854766845703,False,15,0,15,double,2.604166644030354,156.24999864182124,JUMPING,291.29316650390626,214.63775177001955
158,6.32,0.842043399810791,54.025799996452406,226.28402709960938,,0.0,False,19.686267852783203,True,15,0,15,double,2.604166644030354,156.24999864182124,JUMPING,291.29316650390626,220.90849533081055
159,6.36,0.8123283982276917,85.4263999935938,221.16668701171875,112.17365264892578,8.7052583694458,False,22.257511138916016,True,15,0,15,double,2.604166644030354,156.24999864182124,JUMPING,291.29316650390626,221.09991607666018
160,6.4,0.7799907922744751,105.31410000112373,217.2987823486328,107.69316864013672,5.433462142944336,False,23.035709381103516,True,15,0,15,double,2.604166644030354,156.24999864182124,JUMPING,291.29316650390626,221.76170196533204
161,6.44,0.8334653377532959,84.80409999901894,213.75765991210938,104.48445892333984,3.894670009613037,False,22.10077667236328,True,15,0,15,double,2.604166644030354,156.24999864182124,JUMPING,291.29316650390626,220.64881134033206
162,6.48,0.8250901699066162,56.32370000239462,213.46493530273438,104.42325592041016,0.5803540945053101,False,20.31183433532715,True,15,0,15,double,2.604166644030354,156.24999864182124,JUMPING,291.29316650390626,225.19814453125002
163,6.52,0.8908786773681641,49.181900001713075,216.66644287109375,106.0672378540039,1.7748587131500244,False,3.4928736686706543,True,15,0,15,double,2.604166644030354,156.24999864182124,JUMPING,291.17665893554687,220.96829071044922
164,6.56,0.897689700126648,50.65259999537375,220.02142333984375,109.18209075927734,3.1162641048431396,False,12.105786323547363,True,15,0,15,double,2.604166644030354,156.24999864182124,JUMPING,290.926591796875,219.14226989746095
165,6.6,0.8803294897079468,43.5765000001993,229.9648895263672,111.7471923828125,2.565457582473755,False,13.152767181396484,False,16,0,16,double,2.450980437988963,147.05882627933778,JUMPING,290.7784289550781,214.3915542602539
166,6.64,0.8597465753555298,65.50480000441894,238.3666534423828,111.80249786376953,1.0485100746154785,False,4.765430927276611,True,16,0,16,double,2.450980437988963,147.05882627933778,JUMPING,290.7784289550781,220.4864196777344
167,6.68,0.81914883852005,79.14319999690633,238.11447143554688,,0.0,False,10.928519248962402,True,16,0,16,double,2.450980437988963,147.05882627933778,JUMPING,290.7784289550781,215.61285705566408
168,6.72,0.8520082235336304,67.9225000058068,225.79977416992188,110.62215423583984,1.2296918630599976,False,15.355533599853516,True,16,0,16,double,2.450980437988963,147.05882627933778,JUMPING,290.7784289550781,227.1350280761719
169,6.76,0.7970850467681885,62.99929998931475,217.3076171875,105.17252349853516,5.629009246826172,False,17.89809226989746,True,16,0,16,double,2.450980437988963,147.05882627933778,JUMPING,290.7784289550781,221.74622650146486
170,6.8,0.8183611631393433,66.25069999427069,212.51617431640625,102.19109344482422,3.0157392024993896,False,17.878726959228516,True,16,0,16,double,2.450980437988963,147.05882627933778,JUMPING,290.7784289550781,224.97447204589847
171,6.84,0.8566408157348633,44.666700006928295,208.01873779296875,103.4581527709961,1.338728666305542,False,2.1362876892089844,True,16,0,16,double,2.450980437988963,147.05882627933778,JUMPING,290.7784289550781,218.8536575317383
172,6.88,0.8347620964050293,32.94959999038838,208.81723022460938,105.70038604736328,2.2788500785827637,False,11.054883003234863,True,16,0,16,double,2.450980437988963,147.05882627933778,JUMPING,290.52470153808594,223.33043060302737
173,6.92,0.8663555383682251,33.29859999939799,212.31422424316406,108.79743194580078,3.1286044120788574,False,6.853096008300781,True,16,0,16,double,2.450980437988963,147.05882627933778,JUMPING,290.4969610595703,220.70918579101564
174,6.96,0.8884463906288147,34.63039999769535,218.60093688964844,112.56143951416016,3.765289306640625,False,8.999135971069336,False,17,0,17,double,2.4999999627470975,149.99999776482585,JUMPING,290.680009765625,214.92666625976565
175,7.0,0.8981978297233582,32.70319999137428,222.8400115966797,114.49728393554688,1.936253547668457,False,9.337728500366211,False,17,0,17,double,2.4999999627470975,149.99999776482585,JUMPING,290.74736083984374,214.27579040527345
176,7.04,0.9075616002082825,35.91539998888038,234.20217895507812,115.12531280517578,0.6438717246055603,False,10.992783546447754,False,17,0,17,double,2.4999999627470975,149.99999776482585,JUMPING,290.616640625,218.00858306884768
177,7.08,0.8887175917625427,34.62819999549538,229.29522705078125,111.10149383544922,4.059762954711914,False,11.14565658569336,False,17,0,17,double,2.4999999627470975,149.99999776482585,JUMPING,290.618544921875,222.38581466674808
178,7.12,0.8634744882583618,34.06980000727344,221.98150634765625,107.80523681640625,3.3272039890289307,False,10.206507682800293,True,17,0,17,double,2.4999999627470975,149.99999776482585,JUMPING,290.618544921875,219.82686614990237
179,7.16,0.8928736448287964,33.33489999931771,214.61871337890625,105.87003326416016,1.961714267730713,False,11.97587776184082,True,17,0,17,double,2.4999999627470975,149.99999776482585,JUMPING,290.618544921875,222.42187652587893
180,7.2,0.8904508352279663,32.0860000065295,210.6028594970703,105.4037094116211,0.48549580574035645,False,15.411958694458008,True,17,0,17,double,2.4999999627470975,149.99999776482585,JUMPING,290.618544921875,219.79082946777345
181,7.24,0.858588457107544,34.26179999951273,210.0643768310547,105.6108169555664,3.2170770168304443,False,15.080986976623535,True,17,0,17,double,2.4999999627470975,149.99999776482585,JUMPING,290.618544921875,220.76462554931643
182,7.28,0.8809049725532532,31.376700004329905,211.8832550048828,108.40805053710938,2.927345037460327,False,14.995759010314941,True,17,0,17,double,2.4999999627470975,149.99999776482585,JUMPING,290.618544921875,221.89731369018557
183,7.32,0.8798573017120361,34.48180000123102,215.02642822265625,112.31893157958984,3.9457361698150635,False,14.625116348266602,False,18,0,18,double,2.604166644030354,156.24999864182124,JUMPING,290.616640625,215.63566741943362
184,7.36,0.8891845345497131,31.30539999983739,0.0,,0.0,False,0.0,False,18,0,18,unknown,0.0,0.0,JUMPING,,211.2697906494141
185,7.4,0.8944504261016846,34.58710000268184,220.35342407226562,114.33786010742188,2.126152276992798,False,12.680051803588867,False,18,0,18,double,2.604166644030354,156.24999864182124,JUMPING,290.36878662109376,216.26096343994143
186,7.44,0.8983506560325623,33.84119999827817,218.20578002929688,113.14807891845703,1.3320101499557495,False,12.706673622131348,False,18,0,18,double,2.604166644030354,156.24999864182124,JUMPING,290.17092285156247,219.01584777832034
187,7.48,0.891166090965271,33.0277000030037,216.42337036132812,112.0264892578125,1.121633529663086,False,12.629616737365723,False,18,0,18,double,2.604166644030354,156.24999864182124,JUMPING,290.17092285156247,221.6260482788086
188,7.52,0.8973433971405029,42.53979999339208,212.02255249023438,109.2820816040039,2.7547225952148438,False,13.938257217407227,True,18,0,18,double,2.604166644030354,156.24999864182124,JUMPING,290.17092285156247,221.3178649902344
189,7.56,0.9009091854095459,31.968699986464344,208.9259033203125,106.05801391601562,3.2526373863220215,False,15.452040672302246,True,18,0,18,double,2.604166644030354,156.24999864182124,JUMPING,290.17092285156247,217.33130493164063
190,7.6,0.892551064491272,32.36460000334773,208.1514892578125,105.05615234375,1.0023554563522339,False,14.470953941345215,True,18,0,18,double,2.604166644030354,156.24999864182124,JUMPING,290.17092285156247,220.85754547119143
191,7.64,0.8926568627357483,40.33540000091307,208.7870635986328,105.39627838134766,0.3500814735889435,False,13.334428787231445,True,18,0,18,double,2.604166644030354,156.24999864182124,JUMPING,290.17092285156247,224.21505813598634
192,7.68,0.8713124394416809,43.841500009875745,213.44296264648438,108.38941192626953,3.0007781982421875,False,11.751696586608887,True,18,0,18,double,2.604166644030354,156.24999864182124,JUMPING,290.17092285156247,223.28564910888673
193,7.72,0.8721753358840942,33.26999999990221,216.6292724609375,110.32394409179688,1.9346483945846558,False,10.811380386352539,False,19,0,19,double,2.604167250360286,156.25003502161718,JUMPING,289.66335449218747,222.39271316528323
194,7.76,0.8992714285850525,46.10310000134632,221.0657196044922,113.85079193115234,3.526848077774048,False,13.33413028717041,False,19,0,19,double,2.604167250360286,156.25003502161718,JUMPING,289.8266650390625,211.60076751708985
195,7.8,0.8856656551361084,54.26900000020396,222.74656677246094,114.56888580322266,0.7903293371200562,False,13.036069869995117,False,19,0,19,double,2.604167250360286,156.25003502161718,JUMPING,289.8266650390625,215.20881652832034
196,7.84,0.8721688985824585,45.37180000625085,218.23309326171875,112.6961898803711,1.8752892017364502,False,12.79923152923584,False,19,0,19,double,2.604167250360286,156.25003502161718,JUMPING,289.91088439941404,220.5389389038086
197,7.88,0.8589136600494385,46.06690000218805,215.2723388671875,108.990234375,3.9067201614379883,False,10.010050773620605,True,19,0,19,double,2.604167250360286,156.25003502161718,JUMPING,289.91088439941404,220.99427337646486
198,7.92,0.8527602553367615,48.855000000912696,209.08108520507812,105.92053985595703,3.1348958015441895,False,19.454614639282227,True,19,0,19,double,2.604167250360286,156.25003502161718,JUMPING,289.91088439941404,220.21240997314456
199,7.96,0.8563520908355713,31.53149998979643,204.57574462890625,103.94892120361328,2.055349588394165,False,16.376066207885742,True,19,0,19,double,2.604167250360286,156.25003502161718,JUMPING,289.91088439941404,216.05785217285157
200,8.0,0.9055078029632568,41.23560000152793,203.67367553710938,104.26508331298828,0.7044975757598877,False,6.7320380210876465,True,19,0,19,double,2.604167250360286,156.25003502161718,JUMPING,289.91088439941404,219.33841552734376
201,8.04,0.8877642750740051,34.46329999133013,203.99368286132812,104.33673858642578,1.5174551010131836,False,16.28837776184082,True,19,0,19,double,2.604167250360286,156.25003502161718,JUMPING,289.91088439941404,217.26180801391604
202,8.08,0.8041133284568787,53.38479999045376,205.9917449951172,109.89833068847656,8.388858795166016,False,1.5801485776901245,True,19,0,19,double,2.604167250360286,156.25003502161718,JUMPING,289.91088439941404,220.41468200683596
203,8.12,0.8872278928756714,50.62019999604672,209.58413696289062,108.47127532958984,5.856954574584961,False,10.5725679397583,False,20,0,20,double,2.551020280935531,153.06121685613186,JUMPING,289.8266650390625,219.4079627990723
204,8.16,0.8861411809921265,52.10629999055527,219.992919921875,111.6971435546875,3.2418134212493896,False,11.205252647399902,False,20,0,20,double,2.551020280935531,153.06121685613186,JUMPING,289.8266650390625,215.127352142334
205,8.2,0.8810809850692749,53.34420000144746,225.41558837890625,111.4847412109375,0.41447263956069946,False,13.059050559997559,False,20,0,20,double,2.551020280935531,153.06121685613186,JUMPING,289.91088439941404,218.657243347168
206,8.24,0.8894248604774475,53.77149999549147,228.66151428222656,111.38959503173828,0.25642624497413635,False,14.44948673248291,False,20,0,20,double,2.551020280935531,153.06121685613186,JUMPING,290.3342333984375,219.0485778808594
207,8.28,0.8383190631866455,52.77790001127869,221.73086547851562,110.73274993896484,0.6586841344833374,False,3.797539472579956,True,20,0,20,double,2.551020280935531,153.06121685613186,JUMPING,290.3342333984375,218.37155990600587
208,8.32,0.8236261606216431,58.486300011281855,218.35531616210938,106.10721588134766,4.631241321563721,False,4.573866844177246,True,20,0,20,double,2.551020280935531,153.06121685613186,JUMPING,290.3342333984375,219.299080657959
209,8.36,0.8303192853927612,63.27919999603182,213.53158569335938,,0.0,False,12.091755867004395,False,20,0,20,double,2.551020280935531,153.06121685613186,JUMPING,290.3342333984375,221.06367797851564
210,8.4,0.8231300711631775,64.68759999552276,210.65380859375,,0.0,False,15.287328720092773,False,20,0,20,double,2.551020280935531,153.06121685613186,JUMPING,290.3342333984375,218.32801208496096
211,8.44,0.7969491481781006,58.403199989697896,211.25985717773438,108.07485961914062,6.09846305847168,False,14.241625785827637,False,20,0,20,double,2.551020280935531,153.06121685613186,JUMPING,290.63400390625,216.63187103271486
212,8.48,0.5714128017425537,49.924899998586625,217.84188842773438,109.07376098632812,4.10256814956665,False,3.288986921310425,False,20,0,20,double,2.551020280935531,153.06121685613186,JUMPING,290.64767578125,216.49318771362306
213,8.52,0.4052198827266693,54.01450001227204,232.41590881347656,112.17620849609375,3.1091208457946777,False,5.015529632568359,False,20,0,20,double,2.551020280935531,153.06121685613186,JUMPING,290.3564990234375,213.16090240478516
214,8.56,0.9241243600845337,59.789599996292964,242.09408569335938,113.80529022216797,1.6291486024856567,False,6.575800895690918,False,20,0,20,double,2.551020280935531,153.06121685613186,JUMPING,290.17092285156247,212.6674415588379
215,8.6,0.8943118453025818,63.43439999909606,239.54176330566406,113.15790557861328,0.6474593281745911,False,11.078160285949707,False,20,0,20,double,2.551020280935531,153.06121685613186,JUMPING,290.02089538574216,216.26117324829104
216,8.64,0.7093878984451294,61.85589999950025,231.4334716796875,112.80935668945312,2.1719558238983154,False,6.040016174316406,True,20,0,20,double,2.551020280935531,153.06121685613186,JUMPING,290.02089538574216,219.27878799438477
217,8.68,0.7277799844741821,66.78130000364035,225.29351806640625,110.04959869384766,2.9695568084716797,False,13.004014015197754,True,20,0,20,double,2.551020280935531,153.06121685613186,JUMPING,290.02089538574216,218.8565612792969
218,8.72,0.7619957327842712,58.9752999949269,217.2100372314453,107.2467041015625,4.411373138427734,False,16.477617263793945,True,20,0,20,double,2.551020280935531,153.06121685613186,JUMPING,290.02089538574216,215.4854949951172
219,8.76,0.7622243165969849,70.2121999929659,210.72988891601562,106.35332489013672,1.881482481956482,False,19.005590438842773,True,20,0,20,double,2.551020280935531,153.06121685613186,JUMPING,290.02089538574216,216.71159820556642
220,8.8,0.8785092830657959,42.424200000823475,209.65736389160156,107.6678695678711,1.8556082248687744,False,5.534037113189697,True,20,0,20,double,2.551020280935531,153.06121685613186,JUMPING,290.02089538574216,220.64154357910158
221,8.84,0.8775558471679688,41.80429999541957,208.85040283203125,107.61141967773438,0.674036979675293,False,15.351638793945312,True,20,0,20,double,2.551020280935531,153.06121685613186,JUMPING,289.8169708251953,221.53613281250003
222,8.88,0.8713422417640686,47.42469999473542,209.6731414794922,109.695068359375,2.117788553237915,False,17.057104110717773,True,20,0,20,double,2.551020280935531,153.06121685613186,JUMPING,289.6192926025391,216.3308044433594
223,8.92,0.8659252524375916,60.08080000174232,217.0720977783203,112.09879302978516,2.434189796447754,False,12.174631118774414,False,21,0,21,double,2.155172198957715,129.3103319374629,JUMPING,289.6192926025391,212.49656524658204
224,8.96,0.882676362991333,64.76759999350179,217.12960815429688,111.86880493164062,0.2420494556427002,False,13.819278717041016,False,21,0,21,double,2.155172198957715,129.3103319374629,JUMPING,289.6192926025391,218.62052688598635
225,9.0,0.883173942565918,59.6611000073608,216.62255859375,108.5530014038086,3.3217318058013916,False,13.611019134521484,False,21,0,21,double,2.155172198957715,129.3103319374629,JUMPING,289.6699853515625,221.77335052490236
226,9.04,0.8945339322090149,68.0346000008285,213.93536376953125,105.6145248413086,2.938478708267212,False,12.503171920776367,True,21,0,21,double,2.155172198957715,129.3103319374629,JUMPING,289.6699853515625,216.17386779785159
227,9.08,0.8590309023857117,45.70610000519082,212.10731506347656,103.2686538696289,2.3792030811309814,False,14.572115898132324,True,21,0,21,double,2.155172198957715,129.3103319374629,JUMPING,289.6699853515625,214.8598129272461
228,9.12,0.8483961224555969,51.48880000342615,215.07749938964844,103.06426239013672,0.21012170612812042,False,12.787469863891602,True,21,0,21,double,2.155172198957715,129.3103319374629,JUMPING,289.6699853515625,216.3190971374512
229,9.16,0.8746631741523743,52.566600003046915,217.9858856201172,104.0899658203125,1.122998833656311,False,9.956469535827637,True,21,0,21,double,2.155172198957715,129.3103319374629,JUMPING,289.6699853515625,219.81343002319338
230,9.2,0.860908567905426,50.217500000144355,219.34962463378906,107.0936508178711,3.0104176998138428,False,12.726410865783691,True,21,0,21,double,2.155172198957715,129.3103319374629,JUMPING,289.6699853515625,215.82885894775393
231,9.24,0.852962851524353,51.349300003494136,223.6090087890625,111.79398345947266,4.719268798828125,False,10.695622444152832,False,22,0,22,double,2.192982741642784,131.57896449856702,JUMPING,289.60169860839846,214.00093307495118
232,9.28,0.8121656179428101,53.09349999879487,233.83847045898438,115.24787902832031,3.529662847518921,False,3.340935468673706,False,22,0,22,double,2.192982741642784,131.57896449856702,JUMPING,289.4093603515625,216.22937469482423
233,9.32,0.8011056184768677,65.00690001121257,238.44491577148438,116.20770263671875,1.0486153364181519,False,8.389421463012695,False,22,0,22,double,2.192982741642784,131.57896449856702,JUMPING,289.4093603515625,214.23168029785157
234,9.36,0.8040554523468018,59.647800007951446,235.70062255859375,111.63423919677734,4.692506790161133,False,0.36033087968826294,False,22,0,22,double,2.192982741642784,131.57896449856702,JUMPING,289.4093603515625,218.3252006530762
235,9.4,0.824199378490448,65.18920000235084,231.82830810546875,109.88775634765625,1.7500572204589844,False,1.8532769680023193,True,22,0,22,double,2.192982741642784,131.57896449856702,JUMPING,289.4093603515625,216.5180961608887
236,9.44,0.809671938419342,57.56080000719521,223.35272216796875,105.23432159423828,4.653992176055908,False,8.515703201293945,True,22,0,22,double,2.192982741642784,131.57896449856702,JUMPING,289.4093603515625,216.5253387451172
237,9.48,0.8746936917304993,64.82809998851735,218.08084106445312,102.07769775390625,3.167248010635376,False,14.860908508300781,True,22,0,22,double,2.192982741642784,131.57896449856702,JUMPING,289.4093603515625,217.44376220703126
238,9.52,0.879074215888977,64.82890000916086,214.37820434570312,100.66006469726562,1.417885661125183,False,17.735008239746094,True,22,0,22,double,2.192982741642784,131.57896449856702,JUMPING,289.4093603515625,218.0381072998047
239,9.56,0.8793255090713501,57.052999996813014,210.8753662109375,103.8453598022461,3.1955387592315674,False,16.859708786010742,True,22,0,22,double,2.192982741642784,131.57896449856702,JUMPING,289.4093603515625,220.68875885009768
240,9.6,0.8554571270942688,64.05529999756254,213.83041381835938,105.78849029541016,1.9436194896697998,False,16.065338134765625,True,22,0,22,double,2.192982741642784,131.57896449856702,JUMPING,289.4093603515625,216.66323318481446
241,9.64,0.87343829870224,61.10859999898821,221.55331420898438,110.94441986083984,5.19896936416626,False,11.72431755065918,False,23,0,23,double,2.155172198957715,129.3103319374629,JUMPING,289.4093603515625,210.2663528442383
242,9.68,0.878440260887146,66.82490000093821,229.4866943359375,113.57147979736328,2.6271374225616455,False,10.980749130249023,False,23,0,23,double,2.155172198957715,129.3103319374629,JUMPING,289.31551147460937,212.10548248291016
243,9.72,0.8756032586097717,54.87159999029245,229.75933837890625,113.775634765625,0.33764153718948364,False,13.877756118774414,False,23,0,23,double,2.155172198957715,129.3103319374629,JUMPING,288.97444091796876,214.6184997558594
244,9.76,0.8480232954025269,57.95349999971222,224.05604553222656,112.9619140625,7.110488414764404,False,9.693331718444824,False,23,0,23,double,2.155172198957715,129.3103319374629,JUMPING,288.97444091796876,219.31832427978517
245,9.8,0.7777281403541565,50.555900001199916,219.38763427734375,112.63015747070312,0.5935009717941284,False,20.955839157104492,True,23,0,23,double,2.155172198957715,129.3103319374629,JUMPING,288.97444091796876,215.02628326416018
246,9.84,0.7945256233215332,53.91810000583064,216.70748901367188,109.96835327148438,3.979067802429199,False,24.591323852539062,True,23,0,23,double,2.155172198957715,129.3103319374629,JUMPING,288.9544549560547,216.97026672363282
247,9.88,0.8505115509033203,54.74699998740107,213.6354522705078,,0.0,False,23.26055908203125,True,23,0,23,double,2.155172198957715,129.3103319374629,JUMPING,288.84661499023434,216.9084655761719
248,9.92,0.8232706785202026,59.07790000492241,212.28546142578125,110.52832794189453,7.635818004608154,False,22.014860153198242,True,23,0,23,double,2.155172198957715,129.3103319374629,JUMPING,288.602993774414,216.90564575195313
249,9.96,0.8498629331588745,51.12089999602176,215.76104736328125,110.9261474609375,4.970284461975098,False,4.630098342895508,False,24,0,24,double,2.2321426397550836,133.92855838530502,JUMPING,288.4599591064453,219.3462875366211
250,10.0,0.8533291816711426,54.680700006429106,216.43673706054688,113.8621826171875,3.3991804122924805,False,14.821989059448242,False,24,0,24,double,2.2321426397550836,133.92855838530502,JUMPING,288.4599591064453,213.45815048217776
251,10.04,0.8400548100471497,54.00200000440236,222.634033203125,115.4116439819336,2.0736095905303955,False,2.7260611057281494,False,24,0,24,double,2.2321426397550836,133.92855838530502,JUMPING,288.5020001220703,209.42134552001954
252,10.08,0.8145219683647156,52.38329998974223,222.15908813476562,,0.0,False,11.230860710144043,False,24,0,24,double,2.2321426397550836,133.92855838530502,JUMPING,288.5020001220703,210.69406814575197
253,10.12,0.83078932762146,55.804499992518686,220.45425415039062,,0.0,False,15.573668479919434,False,24,0,24,double,2.2321426397550836,133.92855838530502,JUMPING,288.8539581298828,210.65753631591798
254,10.16,0.8084487915039062,46.75519999000244,214.86184692382812,112.34673309326172,3.220857858657837,False,0.9476638436317444,False,24,0,24,double,2.2321426397550836,133.92855838530502,JUMPING,288.8539581298828,219.77427978515627
255,10.2,0.8497857451438904,54.63679999229498,211.03372192382812,107.68294525146484,4.823268413543701,False,13.221569061279297,True,24,0,24,double,2.2321426397550836,133.92855838530502,JUMPING,288.8539581298828,218.87848205566408
256,10.24,0.9013017416000366,59.40220000047702,209.31044006347656,105.51529693603516,2.235980749130249,False,7.492196559906006,True,24,0,24,double,2.2321426397550836,133.92855838530502,JUMPING,288.8539581298828,214.04848403930666
257,10.28,0.8942738771438599,53.98090000380762,210.08706665039062,105.20121002197266,0.5484816431999207,False,12.892930030822754,True,24,0,24,double,2.2321426397550836,133.92855838530502,JUMPING,288.8539581298828,217.03435058593752
258,10.32,0.8763526678085327,49.78750000009313,211.33859252929688,106.22223663330078,1.1138168573379517,False,14.100852012634277,False,25,0,25,double,2.27272743897991,136.36364633879458,JUMPING,288.8654479980469,220.22432708740237
259,10.36,0.8834013938903809,61.460700002498925,212.81671142578125,109.2032699584961,2.983520269393921,False,15.575068473815918,False,25,0,25,double,2.27272743897991,136.36364633879458,JUMPING,288.8654479980469,216.16304168701174
260,10.4,0.8679976463317871,42.036900005768985,220.17010498046875,113.26483154296875,4.073788166046143,False,14.098207473754883,False,25,0,25,double,2.27272743897991,136.36364633879458,JUMPING,288.92413330078125,212.21367645263675
261,10.44,0.8141424655914307,47.725399999762885,228.34945678710938,119.68741607666016,6.440653324127197,True,6.518538951873779,False,25,0,25,double,2.27272743897991,136.36364633879458,JUMPING,289.0569085693359,209.63827056884767
262,10.48,0.8790716528892517,63.950700001441874,229.38510131835938,114.00215911865234,5.707098484039307,False,3.921950340270996,False,25,0,25,double,2.27272743897991,136.36364633879458,JUMPING,289.1605242919922,213.26980133056642
263,10.52,0.8652427792549133,71.60959999600891,223.87918090820312,115.53108215332031,5.292675971984863,False,10.828191757202148,False,25,0,25,double,2.27272743897991,136.36364633879458,JUMPING,289.1605242919922,216.10748443603518
264,10.56,0.7889216542243958,54.27090000011958,221.66839599609375,110.26242065429688,7.536617755889893,False,18.04515838623047,True,25,0,25,double,2.27272743897991,136.36364633879458,JUMPING,289.1605242919922,211.96541442871094
265,10.6,0.7976114749908447,45.42689998925198,219.43527221679688,108.53561401367188,1.7477881908416748,False,19.952342987060547,True,25,0,25,double,2.27272743897991,136.36364633879458,JUMPING,289.1605242919922,213.92864151000978
266,10.64,0.8639541864395142,51.24669999349862,213.47171020507812,107.2073974609375,1.7955743074417114,False,7.029691219329834,True,25,0,25,double,2.27272743897991,136.36364633879458,JUMPING,289.1605242919922,215.53580703735352
267,10.68,0.8424886465072632,60.135399995488115,210.5892333984375,,0.0,False,11.46488094329834,True,25,0,25,double,2.27272743897991,136.36364633879458,JUMPING,289.1605242919922,215.41402587890627
268,10.72,0.8361960649490356,65.4045999981463,210.98977661132812,108.94567108154297,1.7608600854873657,False,8.576539039611816,True,25,0,25,double,2.27272743897991,136.36364633879458,JUMPING,289.1605242919922,213.9851387023926
269,10.76,0.8837910294532776,57.547700009308755,213.15182495117188,112.1897201538086,3.245170831680298,False,16.734081268310547,True,25,0,25,double,2.27272743897991,136.36364633879458,JUMPING,289.11136962890623,208.6417984008789
270,10.8,0.8678292036056519,55.78439999953844,219.17771911621094,114.4825210571289,2.2990522384643555,False,17.347782135009766,False,26,0,26,double,2.6595743483496608,159.57446090097966,JUMPING,289.11136962890623,207.95606079101563
271,10.84,0.8969741463661194,43.390399994677864,220.0042724609375,114.95413970947266,0.6623515486717224,False,16.226497650146484,False,26,0,26,double,2.6595743483496608,159.57446090097966,JUMPING,289.11136962890623,210.05599060058594
272,10.88,0.9002799987792969,68.81969999813009,217.42160034179688,113.38324737548828,1.6221665143966675,False,15.724534034729004,True,26,0,26,double,2.6595743483496608,159.57446090097966,JUMPING,289.11136962890623,214.21868896484378
273,10.92,0.8567610383033752,60.04769999708515,214.447265625,110.38046264648438,3.0063652992248535,False,6.759780406951904,True,26,0,26,double,2.6595743483496608,159.57446090097966,JUMPING,289.11136962890623,216.17620925903321
274,10.96,0.8424084186553955,44.21050001110416,210.64346313476562,107.99322509765625,2.3899447917938232,False,13.927528381347656,True,26,0,26,double,2.6595743483496608,159.57446090097966,JUMPING,289.11136962890623,215.08069076538087
275,11.0,0.8498399257659912,63.613400008762255,208.28338623046875,106.42147827148438,1.5761641263961792,False,22.584239959716797,True,26,0,26,double,2.6595743483496608,159.57446090097966,JUMPING,289.11136962890623,214.68075408935547
276,11.04,0.8797959089279175,68.5308999964036,207.83905029296875,106.29386138916016,0.17584145069122314,False,1.981034755706787,True,26,0,26,double,2.6595743483496608,159.57446090097966,JUMPING,289.11136962890623,216.2426681518555
277,11.08,0.8865940570831299,74.47120000142604,209.54795837402344,108.44146728515625,2.1476705074310303,False,12.444541931152344,True,26,0,26,double,2.6595743483496608,159.57446090097966,JUMPING,289.11136962890623,214.87574996948243
278,11.12,0.8722193837165833,107.74880000099074,211.55224609375,109.69213104248047,1.2510933876037598,False,15.993885040283203,False,27,0,27,double,2.6595743483496608,159.57446090097966,JUMPING,289.11136962890623,215.09029998779297
279,11.16,0.9007388353347778,143.13430000038352,218.73336791992188,113.26081085205078,3.569915771484375,False,13.75472354888916,False,27,0,27,double,2.6595743483496608,159.57446090097966,JUMPING,289.11136962890623,209.26971282958985
280,11.2,0.8961583971977234,78.30880000256002,222.9541015625,115.26007080078125,2.0006446838378906,False,10.999895095825195,False,27,0,27,double,2.6595743483496608,159.57446090097966,JUMPING,289.25519775390626,208.06814041137696
281,11.24,0.8889170289039612,65.4145000007702,222.88436889648438,114.2531967163086,1.0088058710098267,False,12.381546020507812,False,27,0,27,double,2.6595743483496608,159.57446090097966,JUMPING,289.4057470703125,212.11382446289065
282,11.28,0.7905222773551941,63.05609999981243,223.9970703125,112.19632720947266,2.0912961959838867,False,1.841435194015503,True,27,0,27,double,2.6595743483496608,159.57446090097966,JUMPING,289.4057470703125,216.75738677978518
283,11.32,0.9077377915382385,76.71290000143927,218.89102172851562,109.1012954711914,3.095921754837036,False,8.9120512008667,True,27,0,27,double,2.6595743483496608,159.57446090097966,JUMPING,289.4057470703125,216.50325012207034
284,11.36,0.8858336806297302,70.86160000471864,215.25424194335938,107.4470443725586,1.6571037769317627,False,13.329598426818848,True,27,0,27,double,2.6595743483496608,159.57446090097966,JUMPING,289.4057470703125,216.65618362426758
285,11.4,0.8867849707603455,78.82160000735894,211.29600524902344,106.107177734375,1.343476414680481,False,14.273736953735352,True,27,0,27,double,2.6595743483496608,159.57446090097966,JUMPING,289.4057470703125,215.286882019043
286,11.44,0.8819349408149719,63.96259999019094,214.41281127929688,107.37694549560547,1.276187539100647,False,0.970636785030365,True,27,0,27,double,2.6595743483496608,159.57446090097966,JUMPING,289.4057470703125,216.0840026855469
287,11.48,0.9019041657447815,58.17699999897741,217.64324951171875,110.39702606201172,3.021327495574951,False,9.512492179870605,True,27,0,27,double,2.6595743483496608,159.57446090097966,JUMPING,289.11136962890623,211.23850402832034
288,11.52,0.8258938193321228,63.584600007743575,221.48956298828125,114.14041900634766,3.7521679401397705,False,4.718603610992432,True,27,0,27,double,2.6595743483496608,159.57446090097966,JUMPING,288.9622277832031,208.00362854003907
289,11.56,0.8341642618179321,42.329400006565265,0.0,,0.0,False,0.0,False,27,0,27,unknown,0.0,0.0,JUMPING,,209.02113189697266
290,11.6,0.8037058711051941,38.093600000138395,226.77035522460938,119.71131134033203,5.57270622253418,False,7.997867584228516,False,28,0,28,double,2.551020280935531,153.06121685613186,JUMPING,288.8540844726562,209.13070220947267
291,11.64,0.8592268824577332,39.542600003187545,225.83062744140625,,0.0,False,15.099618911743164,False,28,0,28,double,2.551020280935531,153.06121685613186,JUMPING,288.73332153320314,211.88907775878909
292,11.68,0.8864384889602661,42.68450000381563,218.11904907226562,,0.0,False,16.089508056640625,True,28,0,28,double,2.551020280935531,153.06121685613186,JUMPING,288.73332153320314,214.53242797851564
293,11.72,0.8799432516098022,43.93780000100378,212.68600463867188,,0.0,False,15.37545394897461,True,28,0,28,double,2.551020280935531,153.06121685613186,JUMPING,288.73332153320314,218.02091140747072
294,11.76,0.8607795834541321,53.500599999097176,210.66748046875,,0.0,False,16.902631759643555,True,28,0,28,double,2.551020280935531,153.06121685613186,JUMPING,288.73332153320314,215.28088989257813
295,11.8,0.8481442332267761,56.23329999798443,210.71127319335938,,0.0,False,17.615575790405273,True,28,0,28,double,2.551020280935531,153.06121685613186,JUMPING,288.73332153320314,217.61172637939455
296,11.84,0.8241739869117737,41.56110000621993,212.93914794921875,,0.0,False,18.41606330871582,True,28,0,28,double,2.551020280935531,153.06121685613186,JUMPING,288.7258966064453,211.31490783691407
297,11.88,0.8437085747718811,53.71519998880103,226.9892120361328,,0.0,False,18.955406188964844,True,28,0,28,double,2.551020280935531,153.06121685613186,JUMPING,288.62492309570314,206.55854415893558
298,11.92,0.8495895266532898,49.733100007870235,234.02903747558594,,0.0,False,17.0748291015625,False,29,0,29,double,2.551020280935531,153.06121685613186,JUMPING,288.48824401855467,207.68373794555666
299,11.96,0.8420467376708984,49.822800006950274,231.336181640625,,0.0,False,16.314817428588867,False,29,0,29,double,2.551020280935531,153.06121685613186,JUMPING,287.9205877685547,212.198503112793
300,12.0,0.8638898134231567,54.23869998776354,222.865966796875,,0.0,False,18.600439071655273,False,29,0,29,double,2.551020280935531,153.06121685613186,JUMPING,287.5304632568359,214.83728790283206
301,12.04,0.8606406450271606,47.45300000649877,216.83009338378906,,0.0,False,17.26210594177246,True,29,0,29,double,2.551020280935531,153.06121685613186,JUMPING,287.3975561523437,216.8889114379883
302,12.08,0.8605206608772278,51.55769998964388,211.0743408203125,,0.0,False,17.70551872253418,True,29,0,29,double,2.551020280935531,153.06121685613186,JUMPING,287.3975561523437,216.92655105590822
303,12.12,0.8570477366447449,53.60569999902509,207.87310791015625,,0.0,False,15.8884916305542,True,29,0,29,double,2.551020280935531,153.06121685613186,JUMPING,287.3975561523437,215.39202957153321
304,12.16,0.8539301156997681,53.802900001755916,208.71873474121094,115.99132537841797,6.030550479888916,False,14.764556884765625,True,29,0,29,double,2.551020280935531,153.06121685613186,JUMPING,287.3975561523437,213.58620910644532
305,12.2,0.8755312561988831,50.326500000664964,212.824951171875,115.41092681884766,3.4363625049591064,False,5.093452453613281,False,30,0,30,double,2.6595743483496608,159.57446090097966,JUMPING,287.3975561523437,209.47963027954103
306,12.24,0.8274112939834595,51.3617999968119,215.53030395507812,,0.0,False,7.20263147354126,False,30,0,30,double,2.6595743483496608,159.57446090097966,JUMPING,287.71508239746095,207.05609207153321
307,12.28,0.8427314758300781,49.86309999367222,219.82015991210938,,0.0,False,11.40517807006836,False,30,0,30,double,2.6595743483496608,159.57446090097966,JUMPING,288.2714965820312,208.0583465576172
308,12.32,0.8504209518432617,92.28699999221135,221.36038208007812,,0.0,False,13.916945457458496,False,30,0,30,double,2.6595743483496608,159.57446090097966,JUMPING,288.66617797851563,208.72281799316409
309,12.36,0.8457441926002502,142.004099994665,218.795166015625,112.9720458984375,2.477508306503296,False,16.370464324951172,False,30,0,30,double,2.6595743483496608,159.57446090097966,JUMPING,288.52949890136716,215.54875640869142
310,12.4,0.8696606159210205,118.10110000078566,214.6996612548828,,0.0,False,17.72052574157715,True,30,0,30,double,2.6595743483496608,159.57446090097966,JUMPING,288.52949890136716,216.07954635620118
311,12.44,0.8568102121353149,42.144099992583506,210.82046508789062,112.42446899414062,0.5978776812553406,False,16.722408294677734,True,30,0,30,double,2.6595743483496608,159.57446090097966,JUMPING,288.52949890136716,213.48978118896486
312,12.48,0.81329345703125,46.13640000752639,208.63262939453125,,0.0,False,15.767171859741211,True,30,0,30,double,2.6595743483496608,159.57446090097966,JUMPING,288.52949890136716,218.66049957275393
313,12.52,0.7905991673469543,53.09810000471771,213.93392944335938,112.6053466796875,0.8252050280570984,False,16.15845489501953,True,30,0,30,double,2.6595743483496608,159.57446090097966,JUMPING,288.52949890136716,217.44440841674808
314,12.56,0.848906397819519,47.44650000066031,217.89889526367188,113.42288970947266,1.5199191570281982,False,1.9980392456054688,True,30,0,30,double,2.6595743483496608,159.57446090097966,JUMPING,288.52949890136716,214.083748626709
315,12.6,0.8715212345123291,158.68049999698997,220.3831329345703,114.17394256591797,0.7721033096313477,False,9.791214942932129,True,30,0,30,double,2.6595743483496608,159.57446090097966,JUMPING,288.52949890136716,214.66531219482422
316,12.64,0.8397570848464966,56.27929999900516,224.62185668945312,,0.0,False,8.648343086242676,False,31,0,31,double,2.7173910789994715,163.0434647399683,JUMPING,288.66617797851563,210.33094024658206
317,12.68,0.8375350832939148,39.071399995009415,225.85044860839844,117.44265747070312,3.311574935913086,False,13.130824089050293,False,31,0,31,double,2.7173910789994715,163.0434647399683,JUMPING,288.03368835449214,210.56136016845704
318,12.72,0.8443954586982727,48.87989998678677,227.7494354248047,114.57261657714844,3.3674728870391846,False,14.339251518249512,False,31,0,31,double,2.7173910789994715,163.0434647399683,JUMPING,287.5621142578125,210.62155838012697
319,12.76,0.8590370416641235,53.06280001241248,218.76126098632812,,0.0,False,16.967126846313477,True,31,0,31,double,2.7173910789994715,163.0434647399683,JUMPING,287.3758288574219,216.71771621704104
320,12.8,0.8569861650466919,62.433400002191775,211.37619018554688,112.62413024902344,1.954606533050537,False,20.633527755737305,True,31,0,31,double,2.7173910789994715,163.0434647399683,JUMPING,287.27680541992186,216.191902923584
321,12.84,0.8564457893371582,49.13709999527782,206.88531494140625,109.12858581542969,4.102097988128662,False,20.774797439575195,True,31,0,31,double,2.7173910789994715,163.0434647399683,JUMPING,287.27680541992186,216.5891540527344
322,12.88,0.8563417792320251,52.29279999912251,203.90582275390625,,0.0,False,20.534269332885742,True,31,0,31,double,2.7173910789994715,163.0434647399683,JUMPING,287.27680541992186,215.3446128845215
323,12.92,0.9037491083145142,68.8979999977164,208.33885192871094,109.98822021484375,1.5059590339660645,False,4.876524925231934,True,31,0,31,double,2.7173910789994715,163.0434647399683,JUMPING,287.27680541992186,216.10035095214846
324,12.96,0.8513895869255066,56.09769999864511,212.83538818359375,110.23709869384766,0.3749789297580719,False,16.494577407836914,True,31,0,31,double,2.7173910789994715,163.0434647399683,JUMPING,287.27680541992186,214.7985824584961
325,13.0,0.8795164227485657,51.23729999468196,215.9021453857422,112.0898208618164,1.8653340339660645,False,15.258715629577637,False,32,0,32,double,2.6595743483496608,159.57446090097966,JUMPING,287.27680541992186,212.40451812744143
326,13.04,0.8813385963439941,42.99420000461396,217.82620239257812,112.7291030883789,0.6410677433013916,False,11.261019706726074,False,32,0,32,double,2.6595743483496608,159.57446090097966,JUMPING,287.27680541992186,213.3273895263672
327,13.08,0.845031201839447,51.4067000040086,216.570556640625,111.69940185546875,1.0914874076843262,False,1.8477224111557007,False,32,0,32,double,2.6595743483496608,159.57446090097966,JUMPING,287.2409716796875,215.99900512695314
328,13.12,0.8789646625518799,45.94300000462681,215.12615966796875,,0.0,False,12.605225563049316,True,32,0,32,double,2.6595743483496608,159.57446090097966,JUMPING,287.1835681152344,219.5871391296387
329,13.16,0.878324031829834,54.11269998876378,213.33358764648438,,0.0,False,17.05879020690918,True,32,0,32,double,2.6595743483496608,159.57446090097966,JUMPING,287.1835681152344,218.96861572265627
330,13.2,0.8624842762947083,45.728900004178286,210.6826171875,,0.0,False,18.5008544921875,True,32,0,32,double,2.6595743483496608,159.57446090097966,JUMPING,287.1835681152344,217.56681060791018
331,13.24,0.8284328579902649,56.55550000665244,209.80410766601562,112.1944580078125,1.2254635095596313,False,15.783198356628418,True,32,0,32,double,2.6595743483496608,159.57446090097966,JUMPING,287.1835681152344,216.79473266601565
332,13.28,0.8986818790435791,37.56680000515189,211.6542205810547,109.86553192138672,2.6188130378723145,False,2.745496988296509,True,32,0,32,double,2.6595743483496608,159.57446090097966,JUMPING,287.1835681152344,215.2515335083008
333,13.32,0.8924776315689087,43.57229999732226,213.45184326171875,111.37332153320312,1.5083755254745483,False,12.525437355041504,False,33,0,33,double,2.9069779046879765,174.41867428127858,JUMPING,287.1835681152344,210.37793731689456
334,13.36,0.8620341420173645,57.96280001231935,225.88209533691406,113.75992584228516,2.407421827316284,False,9.4401216506958,False,33,0,33,double,2.9069779046879765,174.41867428127858,JUMPING,287.35489379882813,210.06963653564455
335,13.4,0.8988307118415833,61.55080000462476,227.85635375976562,114.2205581665039,0.4635900855064392,False,10.921741485595703,False,33,0,33,double,2.9069779046879765,174.41867428127858,JUMPING,287.5747033691406,210.36444244384768
336,13.44,0.8932406902313232,50.53149999002926,225.82119750976562,112.69988250732422,1.531907558441162,False,13.134687423706055,False,33,0,33,double,2.9069779046879765,174.41867428127858,JUMPING,287.56319519042967,212.9254302978516
337,13.48,0.7997907400131226,57.09770000248682,223.6387939453125,109.70626831054688,3.0679574012756348,False,5.489850044250488,True,33,0,33,double,2.9069779046879765,174.41867428127858,JUMPING,287.56319519042967,218.1434310913086
338,13.52,0.8907536268234253,37.50660001242068,215.69491577148438,107.66915893554688,2.0522496700286865,False,11.893560409545898,True,33,0,33,double,2.9069779046879765,174.41867428127858,JUMPING,287.56319519042967,217.7847511291504
339,13.56,0.8362337946891785,42.09859999537002,210.25872802734375,105.92525482177734,1.7810580730438232,False,15.441385269165039,True,33,0,33,double,2.9069779046879765,174.41867428127858,JUMPING,287.56319519042967,214.76526489257813
340,13.6,0.8408493399620056,39.424699993105605,208.9454803466797,106.09224700927734,0.24003444612026215,False,10.605491638183594,True,33,0,33,double,2.9069779046879765,174.41867428127858,JUMPING,287.56319519042967,214.805094909668
341,13.64,0.8937959671020508,41.41729998809751,213.77944946289062,107.85269927978516,1.7634515762329102,False,5.029578685760498,False,34,0,34,double,2.9069763936179376,174.41858361707625,JUMPING,287.5747033691406,215.67376861572268
342,13.68,0.8942157626152039,39.443100002245046,219.96856689453125,110.54996490478516,2.699446201324463,False,11.118342399597168,False,34,0,34,double,2.9069763936179376,174.41858361707625,JUMPING,287.5747033691406,211.7298751831055
343,13.72,0.9049187898635864,40.762100004940294,233.13514709472656,113.3050765991211,2.7729320526123047,False,9.836048126220703,False,34,0,34,double,2.9069763936179376,174.41858361707625,JUMPING,287.55309326171874,211.60600433349612
344,13.76,0.9038922786712646,44.0558999980567,233.90945434570312,114.5293960571289,1.2246270179748535,False,9.72012710571289,False,34,0,34,double,2.9069763936179376,174.41858361707625,JUMPING,287.3404870605469,209.00456542968752
345,13.8,0.8584802746772766,61.25350001093466,228.58404541015625,112.87772369384766,1.651680827140808,False,0.6225572228431702,False,34,0,34,double,2.9069763936179376,174.41858361707625,JUMPING,287.15498718261716,213.12954864501955
346,13.84,0.8441715240478516,54.92190000950359,224.3854522705078,110.30213928222656,2.676156997680664,False,11.941417694091797,True,34,0,34,double,2.9069763936179376,174.41858361707625,JUMPING,287.11254333496095,218.24485244750977
347,13.88,0.8228368163108826,42.88110000197776,216.21990966796875,106.2923355102539,4.397274971008301,False,15.247618675231934,True,34,0,34,double,2.9069763936179376,174.41858361707625,JUMPING,287.11254333496095,219.455379486084
348,13.92,0.8245568871498108,44.46829999506008,211.25958251953125,104.3821792602539,1.994451642036438,False,17.758798599243164,True,34,0,34,double,2.9069763936179376,174.41858361707625,JUMPING,287.11254333496095,216.00358734130862
349,13.96,0.8778672218322754,55.069099995307624,209.29202270507812,103.95706176757812,0.5672054886817932,False,0.4395655393600464,True,34,0,34,double,2.9069763936179376,174.41858361707625,JUMPING,287.11254333496095,215.12817459106446
350,14.0,0.8182355165481567,53.03410001215525,207.59744262695312,105.68414306640625,1.838931679725647,False,10.26632022857666,True,34,0,34,double,2.9069763936179376,174.41858361707625,JUMPING,287.11254333496095,220.0678436279297
351,14.04,0.8260926008224487,54.941699985647574,207.67318725585938,113.4361572265625,9.520461082458496,False,15.673815727233887,False,35,0,35,double,2.7173910789994715,163.0434647399683,JUMPING,287.15498718261716,213.0959625244141
352,14.08,0.8863337635993958,50.2182000054745,212.8135986328125,111.66769409179688,4.75170373916626,False,4.862361907958984,False,35,0,35,double,2.7173910789994715,163.0434647399683,JUMPING,287.44538818359376,212.10463485717776
353,14.12,0.8672721982002258,60.03280000004452,215.8577880859375,114.3567123413086,2.7211825847625732,False,13.512555122375488,False,35,0,35,double,2.7173910789994715,163.0434647399683,JUMPING,287.65799438476563,211.37509765625
354,14.16,0.8970082402229309,57.336599988047965,221.43577575683594,114.88388061523438,0.5737616419792175,False,15.008657455444336,False,35,0,35,double,2.7173910789994715,163.0434647399683,JUMPING,287.65799438476563,214.48584213256837
355,14.2,0.8993253707885742,73.9668000023812,224.68206787109375,114.92716217041016,0.10958672314882278,False,13.383326530456543,False,35,0,35,double,2.7173910789994715,163.0434647399683,JUMPING,287.81154663085937,213.5757438659668
356,14.24,0.8438238501548767,50.82330000004731,220.8346710205078,112.8321304321289,2.0977582931518555,False,3.8048343658447266,False,35,0,35,double,2.7173910789994715,163.0434647399683,JUMPING,287.81154663085937,216.0673355102539
357,14.28,0.8728281259536743,44.900099994265474,214.1240692138672,,0.0,False,16.294857025146484,True,35,0,35,double,2.7173910789994715,163.0434647399683,JUMPING,287.81154663085937,215.9870544433594
358,14.32,0.8687141537666321,49.25269998784643,209.58575439453125,,0.0,False,20.492908477783203,True,35,0,35,double,2.7173910789994715,163.0434647399683,JUMPING,287.81154663085937,215.2307456970215
359,14.36,0.3737480044364929,66.85540000034962,207.49742126464844,,0.0,False,18.985288619995117,True,35,0,35,double,2.7173910789994715,163.0434647399683,JUMPING,287.81154663085937,214.74001235961916
360,14.4,0.7874910831451416,65.31730000278912,213.098388671875,111.93148040771484,1.063023567199707,False,18.872480392456055,True,35,0,35,double,2.7173910789994715,163.0434647399683,JUMPING,287.81154663085937,216.29101638793946
361,14.44,0.9023752212524414,50.93939999642316,218.38600158691406,112.76126861572266,0.831341564655304,False,1.4482321739196777,False,36,0,36,double,2.7777790471365336,166.666742828192,JUMPING,287.8389575195313,214.48010177612306
362,14.48,0.8555824160575867,57.258200002252124,230.8355712890625,113.72949981689453,0.9744795560836792,False,2.705383539199829,False,36,0,36,double,2.7777790471365336,166.666742828192,JUMPING,288.25903686523435,215.62771987915042
363,14.52,0.9005405902862549,49.832500008051284,233.22335815429688,112.7481689453125,0.9814682006835938,False,5.408626556396484,False,36,0,36,double,2.7777790471365336,166.666742828192,JUMPING,288.51505004882813,215.37166137695314
364,14.56,0.902640700340271,49.89529999147635,233.24024963378906,111.99077606201172,0.7612250447273254,False,8.96976089477539,False,36,0,36,double,2.7777790471365336,166.666742828192,JUMPING,288.7163928222656,218.85599060058595
365,14.6,0.8927146196365356,42.5396000064211,226.00564575195312,108.41070556640625,3.580071449279785,False,7.4433817863464355,True,36,0,36,double,2.7777790471365336,166.666742828192,JUMPING,288.7163928222656,218.6237747192383
366,14.64,0.9097203016281128,56.34640000062063,218.34536743164062,105.95597076416016,2.466163158416748,False,11.446295738220215,True,36,0,36,double,2.7777790471365336,166.666742828192,JUMPING,288.7163928222656,217.65968856811526
367,14.68,0.8206734657287598,63.54690001171548,215.14471435546875,104.8537368774414,1.1104985475540161,False,6.997392654418945,True,36,0,36,double,2.7777790471365336,166.666742828192,JUMPING,288.7163928222656,218.34937896728516
368,14.72,0.8367603421211243,50.79419999674428,213.0948486328125,104.45755767822266,0.45274707674980164,False,13.602339744567871,True,36,0,36,double,2.7777790471365336,166.666742828192,JUMPING,288.7163928222656,219.29342422485354
369,14.76,0.8294556140899658,59.45580000116024,214.3396453857422,107.02234649658203,2.6409733295440674,False,5.928316116333008,True,36,0,36,double,2.7777790471365336,166.666742828192,JUMPING,288.7163928222656,216.45823364257814
370,14.8,0.8914311528205872,94.18820000428241,215.13612365722656,108.7860107421875,1.7855743169784546,False,14.016570091247559,False,37,0,37,double,2.7777774374426563,166.66664624655937,JUMPING,288.7344653320313,216.876171875
371,14.84,0.8583698272705078,117.19740000262391,227.887451171875,112.33941650390625,3.5659053325653076,False,10.19076156616211,False,37,0,37,double,2.7777774374426563,166.66664624655937,JUMPING,288.9280847167969,211.54017486572266
372,14.88,0.8869403600692749,45.029600005364046,227.5135040283203,112.73094940185547,0.41014364361763,False,10.1559419631958,False,37,0,37,double,2.7777774374426563,166.66664624655937,JUMPING,288.98545532226564,213.85588836669925
373,14.92,0.896464467048645,46.77319999609608,225.09039306640625,110.86463165283203,1.8747291564941406,False,12.950172424316406,False,37,0,37,double,2.7777774374426563,166.66664624655937,JUMPING,289.14172729492185,221.55545196533205
374,14.96,0.8934106826782227,87.96750000328757,220.044189453125,107.89020538330078,2.974449872970581,False,10.90294361114502,False,37,0,37,double,2.7777774374426563,166.66664624655937,JUMPING,289.2245092773437,219.19447860717776
375,15.0,0.8925313353538513,47.262500011129305,214.86383056640625,105.6265640258789,2.263850688934326,False,14.486647605895996,False,37,0,37,double,2.7777774374426563,166.66664624655937,JUMPING,289.2245092773437,218.7397903442383
376,15.04,0.8621506690979004,51.83739999483805,210.30841064453125,104.45565032958984,1.2012139558792114,False,4.727717399597168,True,37,0,37,double,2.7777774374426563,166.66664624655937,JUMPING,289.2245092773437,220.03450927734377
377,15.08,0.8629171252250671,51.56120000174269,209.8538818359375,105.48790740966797,1.0335946083068848,False,11.455535888671875,True,37,0,37,double,2.7777774374426563,166.66664624655937,JUMPING,289.2245092773437,224.0802185058594
378,15.12,0.8677738308906555,57.200099996407516,212.6236572265625,108.11119842529297,2.6568350791931152,False,12.42867660522461,False,38,0,38,double,2.7777774374426563,166.66664624655937,JUMPING,289.2245092773437,216.33365783691409
379,15.16,0.8634334802627563,50.75429999851622,214.77340698242188,109.6924057006836,1.5916906595230103,False,13.170622825622559,False,38,0,38,double,2.7777774374426563,166.66664624655937,JUMPING,289.14172729492185,216.55969696044923
380,15.2,0.8787080645561218,125.2089000045089,218.03555297851562,112.23279571533203,2.5410892963409424,False,10.850794792175293,False,38,0,38,double,2.7777774374426563,166.66664624655937,JUMPING,289.21892456054684,214.0481399536133
381,15.24,0.8599914312362671,38.66089999792166,220.88192749023438,113.69820404052734,1.9713082313537598,False,9.743575096130371,False,38,0,38,double,2.7777774374426563,166.66664624655937,JUMPING,289.3757177734375,213.40102386474612
382,15.28,0.8699933290481567,31.40710000297986,222.3806610107422,114.37364959716797,1.5726639032363892,False,9.999024391174316,False,38,0,38,double,2.7777774374426563,166.66664624655937,JUMPING,289.5815209960938,213.72913894653323
383,15.32,0.8921328783035278,41.197300000931136,219.34910583496094,112.3908920288086,2.579409599304199,False,10.17304515838623,False,38,0,38,double,2.7777774374426563,166.66664624655937,JUMPING,289.5815209960938,217.970817565918
384,15.36,0.8273734450340271,33.44670000660699,219.63259887695312,109.0293960571289,3.5128870010375977,False,12.531023025512695,True,38,0,38,double,2.7777774374426563,166.66664624655937,JUMPING,289.5815209960938,216.67849884033205
385,15.4,0.8339327573776245,30.073300004005432,220.0521240234375,106.91568756103516,2.176340341567993,False,13.5531005859375,True,38,0,38,double,2.7777774374426563,166.66664624655937,JUMPING,289.5815209960938,217.20096359252932
386,15.44,0.8771379590034485,31.862299991189502,220.36334228515625,106.5824966430664,0.4787715673446655,False,10.669371604919434,True,38,0,38,double,2.7777774374426563,166.66664624655937,JUMPING,289.5815209960938,220.38643341064454
387,15.48,0.8793469667434692,37.330500010284595,218.4173126220703,108.65045166015625,2.070680618286133,False,13.065826416015625,True,38,0,38,double,2.7777774374426563,166.66664624655937,JUMPING,289.5815209960938,214.82386016845706
388,15.52,0.879964292049408,34.74170000117738,221.54644775390625,111.91461181640625,3.273550510406494,False,9.988997459411621,False,39,0,39,double,2.6595743483496608,159.57446090097966,JUMPING,289.59516235351566,214.84625091552735
389,15.56,0.8853304386138916,34.56440000445582,223.42425537109375,114.05075073242188,2.139492988586426,False,8.364141464233398,False,39,0,39,double,2.6595743483496608,159.57446090097966,JUMPING,289.713466796875,213.85948867797853
390,15.6,0.8566794395446777,37.58200000447687,224.58282470703125,113.86502838134766,2.4695560932159424,False,8.230779647827148,False,39,0,39,double,2.6595743483496608,159.57446090097966,JUMPING,289.9209460449219,213.98079986572267
391,15.64,0.8900540471076965,41.659599999547936,220.89691162109375,111.49202728271484,2.4610133171081543,False,10.50455379486084,False,39,0,39,double,2.6595743483496608,159.57446090097966,JUMPING,289.9209460449219,219.07689361572267
392,15.68,0.891098141670227,35.475700002280064,218.7608184814453,109.97113037109375,1.6338633298873901,False,11.312560081481934,False,39,0,39,double,2.6595743483496608,159.57446090097966,JUMPING,289.9209460449219,217.38978271484376
393,15.72,0.8531976342201233,32.79070000280626,213.9079132080078,107.98131561279297,2.251171588897705,False,2.3288943767547607,True,39,0,39,double,2.6595743483496608,159.57446090097966,JUMPING,289.9209460449219,216.97822265625
394,15.76,0.8783599138259888,40.15040000376757,212.83895874023438,105.7659683227539,2.473947048187256,False,9.024510383605957,True,39,0,39,double,2.6595743483496608,159.57446090097966,JUMPING,289.9209460449219,217.4145149230957
395,15.8,0.8772424459457397,36.513500002911314,210.27371215820312,105.6870346069336,4.252960205078125,False,10.735676765441895,True,39,0,39,double,2.6595743483496608,159.57446090097966,JUMPING,289.9209460449219,219.57344284057618
396,15.84,0.8858957886695862,42.231699990225025,212.69033813476562,106.1280746459961,1.4119724035263062,False,12.06488037109375,False,40,0,40,double,2.7777774374426563,166.66664624655937,JUMPING,289.9209460449219,217.41949157714845
397,15.88,0.7962366342544556,37.78999998758081,214.9390869140625,110.34039306640625,4.2469377517700195,False,14.063765525817871,False,40,0,40,double,2.7777774374426563,166.66664624655937,JUMPING,290.0503820800781,211.41620330810548
398,15.92,0.8913690447807312,47.424900010810234,225.44900512695312,113.4266128540039,3.1044065952301025,False,9.144119262695312,False,40,0,40,double,2.7777774374426563,166.66664624655937,JUMPING,290.1006701660156,213.93887176513672
399,15.96,0.8113111257553101,82.28820000658743,226.49227905273438,113.92010498046875,0.5574045777320862,False,5.934566497802734,False,40,0,40,double,2.7777774374426563,166.66664624655937,JUMPING,290.0834765625,214.8049354553223
400,16.0,0.8896715641021729,40.81869999936316,228.09326171875,113.5033950805664,0.43213871121406555,False,3.5778656005859375,False,40,0,40,double,2.7777774374426563,166.66664624655937,JUMPING,290.07948486328127,213.90001525878907
401,16.04,0.87486332654953,51.53139999310952,225.02383422851562,111.71542358398438,1.813646674156189,False,10.147160530090332,False,40,0,40,double,2.7777774374426563,166.66664624655937,JUMPING,290.01196655273435,217.78900604248048
402,16.08,0.8298713564872742,48.62370000046212,219.548583984375,107.82268524169922,3.893174886703491,False,2.0819945335388184,False,40,0,40,double,2.7777774374426563,166.66664624655937,JUMPING,290.01196655273435,217.97958755493167
403,16.12,0.8416762351989746,40.23849999066442,214.4686279296875,105.69894409179688,2.126744508743286,False,3.5214474201202393,False,40,0,40,double,2.7777774374426563,166.66664624655937,JUMPING,290.01196655273435,217.18429641723634
404,16.16,0.8374302387237549,52.82929999521002,210.91282653808594,105.20392608642578,1.3513251543045044,False,14.932474136352539,True,40,0,40,double,2.7777774374426563,166.66664624655937,JUMPING,290.01196655273435,219.82581710815433
405,16.2,0.8927620053291321,53.345000007539056,212.559814453125,107.525146484375,2.326232671737671,False,4.4955339431762695,True,40,0,40,double,2.7777774374426563,166.66664624655937,JUMPING,290.01196655273435,217.30905685424807
406,16.24,0.8983748555183411,47.29309999675024,214.5875244140625,110.93963623046875,3.4284660816192627,False,11.968076705932617,False,41,0,41,double,2.7777774374426563,166.66664624655937,JUMPING,290.04639038085935,210.1608108520508
407,16.28,0.9011472463607788,46.36059999756981,216.9737091064453,113.11083984375,2.1725900173187256,False,13.545343399047852,False,41,0,41,double,2.7777774374426563,166.66664624655937,JUMPING,290.17820556640623,211.00905761718752
408,16.32,0.887532651424408,56.84460001066327,222.65310668945312,113.4754409790039,0.3952135741710663,False,10.507598876953125,False,41,0,41,double,2.7777774374426563,166.66664624655937,JUMPING,290.40666259765624,213.52190704345705
409,16.36,0.8680717349052429,131.64649999816902,228.28765869140625,113.24688720703125,0.23598486185073853,False,10.150979995727539,False,41,0,41,double,2.7777774374426563,166.66664624655937,JUMPING,290.40666259765624,212.60869522094728
410,16.4,0.8107670545578003,87.09680000902154,226.7018280029297,114.36785125732422,6.423794746398926,False,9.558879852294922,False,41,0,41,double,2.7777774374426563,166.66664624655937,JUMPING,290.3523168945312,218.69132461547852
411,16.44,0.8032211065292358,82.63050000823569,220.20651245117188,108.18309783935547,7.942983627319336,False,15.63908863067627,True,41,0,41,double,2.7777774374426563,166.66664624655937,JUMPING,290.3483251953125,220.223983001709
412,16.48,0.7987561225891113,66.092099994421,216.40939331054688,109.39683532714844,2.2701234817504883,False,14.167866706848145,True,41,0,41,double,2.7777774374426563,166.66664624655937,JUMPING,290.3483251953125,217.75008239746094
413,16.52,0.8873681426048279,65.80759999633301,216.06887817382812,107.54917907714844,3.2395572662353516,False,1.4214342832565308,True,41,0,41,double,2.7777774374426563,166.66664624655937,JUMPING,290.3483251953125,215.38154754638674
414,16.56,0.8966428637504578,44.68069999711588,216.9987030029297,108.46622467041016,3.264904022216797,False,9.81676197052002,True,41,0,41,double,2.7777774374426563,166.66664624655937,JUMPING,290.3483251953125,218.42039489746097
415,16.6,0.8897504806518555,53.23450001014862,217.46705627441406,111.3491439819336,3.180612087249756,False,15.44061279296875,False,42,0,42,double,2.7777774374426563,166.66664624655937,JUMPING,290.3483251953125,214.6021095275879
416,16.64,0.8577004671096802,68.82039998890832,233.51736450195312,114.7458267211914,3.5248429775238037,False,5.284193992614746,False,42,0,42,double,2.7777774374426563,166.66664624655937,JUMPING,290.40666259765624,211.78969573974612
417,16.68,0.873620867729187,49.57719999947585,240.18211364746094,119.02198791503906,4.278159141540527,False,11.648672103881836,False,42,0,42,double,2.7777774374426563,166.66664624655937,JUMPING,290.40666259765624,209.72444305419924
418,16.72,0.8592948317527771,56.89089999941643,234.66705322265625,113.19320678710938,5.829922676086426,False,1.5655322074890137,True,42,0,42,double,2.7777774374426563,166.66664624655937,JUMPING,290.40666259765624,215.77962951660157
419,16.76,0.7038562893867493,49.155799992149696,230.83621215820312,109.55670928955078,3.6703155040740967,False,8.19904899597168,True,42,0,42,double,2.7777774374426563,166.66664624655937,JUMPING,290.3483251953125,216.7839569091797
420,16.8,0.8266600370407104,52.511899993987754,225.64576721191406,107.11783599853516,2.498523473739624,False,7.7173051834106445,True,42,0,42,double,2.7777774374426563,166.66664624655937,JUMPING,290.3483251953125,215.46564712524415
421,16.84,0.8845983743667603,38.81820000242442,219.9593963623047,105.80388641357422,1.3332422971725464,False,14.395929336547852,True,42,0,42,double,2.7777774374426563,166.66664624655937,JUMPING,290.3483251953125,211.5386474609375
422,16.88,0.8579950332641602,43.46929999883287,216.75146484375,105.94933319091797,0.23956644535064697,False,15.08678913116455,True,42,0,42,double,2.7777774374426563,166.66664624655937,JUMPING,290.3483251953125,214.41862792968752
423,16.92,0.889275848865509,40.30629999761004,217.19659423828125,108.23595428466797,2.291111946105957,False,15.037753105163574,True,42,0,42,double,2.7777774374426563,166.66664624655937,JUMPING,290.3483251953125,214.67433395385743
424,16.96,0.9062702655792236,44.88479999417905,218.51748657226562,111.8365707397461,3.6011388301849365,False,16.556926727294922,True,42,0,42,double,2.7777774374426563,166.66664624655937,JUMPING,290.3483251953125,211.02142791748048
425,17.0,0.8993109464645386,50.21090000809636,230.2548828125,114.8658447265625,3.033630609512329,False,8.246371269226074,False,43,0,43,double,2.6595743483496608,159.57446090097966,JUMPING,290.4045568847656,210.68113555908204
426,17.04,0.8247764110565186,49.765599993406795,237.08108520507812,116.56458282470703,1.7562755346298218,False,10.231364250183105,False,43,0,43,double,2.6595743483496608,159.57446090097966,JUMPING,290.3483251953125,209.48815689086916
427,17.08,0.7498655915260315,41.27499999594875,236.14422607421875,118.93940734863281,2.7213666439056396,False,16.995346069335938,True,43,0,43,double,2.6595743483496608,159.57446090097966,JUMPING,290.2616064453125,211.42959747314455
428,17.12,0.8622094988822937,46.05200000514742,226.97598266601562,112.7992935180664,6.160572528839111,False,20.34058952331543,True,43,0,43,double,2.6595743483496608,159.57446090097966,JUMPING,290.2616064453125,217.03139648437502
429,17.16,0.8262147903442383,46.07160000887234,218.3632049560547,109.82672119140625,4.794464111328125,False,16.436622619628906,True,43,0,43,double,2.6595743483496608,159.57446090097966,JUMPING,290.2616064453125,219.78673400878907
430,17.2,0.8257523775100708,54.56959998991806,212.6450653076172,108.95197296142578,2.4911792278289795,False,15.180590629577637,True,43,0,43,double,2.6595743483496608,159.57446090097966,JUMPING,290.2616064453125,217.34838333129883
431,17.24,0.849068284034729,57.186900012311526,209.60751342773438,107.54296875,2.4036600589752197,False,14.796062469482422,True,43,0,43,double,2.6595743483496608,159.57446090097966,JUMPING,290.2616064453125,216.47562255859376
432,17.28,0.797190248966217,53.544399997917935,210.41400146484375,108.59591674804688,6.133919715881348,False,8.563864707946777,True,43,0,43,double,2.6595743483496608,159.57446090097966,JUMPING,290.2616064453125,218.91968841552736
433,17.32,0.9028280377388,41.81110000354238,217.42727661132812,110.5473403930664,2.082829236984253,False,7.3854475021362305,True,43,0,43,double,2.6595743483496608,159.57446090097966,JUMPING,290.2616064453125,213.90839080810548
434,17.36,0.8765877485275269,50.88080000132322,225.477783203125,113.66902923583984,4.4076409339904785,False,11.212109565734863,True,43,0,43,double,2.6595743483496608,159.57446090097966,JUMPING,289.84633056640627,209.52362289428712
435,17.4,0.8300764560699463,48.36680000880733,235.51376342773438,115.7828140258789,3.112292528152466,False,7.566248893737793,True,43,0,43,double,2.6595743483496608,159.57446090097966,JUMPING,289.5196484375,208.6043853759766
436,17.44,0.8931793570518494,44.92680000839755,237.0599365234375,115.40460968017578,1.0016087293624878,False,1.891482949256897,True,43,0,43,double,2.6595743483496608,159.57446090097966,JUMPING,289.4489239501953,212.34719848632815
437,17.48,0.8874650597572327,44.05909999331925,234.89230346679688,112.5495834350586,2.8964035511016846,False,8.364287376403809,False,44,0,44,double,2.551021638549201,153.06129831295206,JUMPING,289.3698681640625,216.23501434326172
438,17.52,0.8872544765472412,43.708700002753176,228.21156311035156,108.73934173583984,4.417981147766113,False,9.47451400756836,False,44,0,44,double,2.551021638549201,153.06129831295206,JUMPING,289.4489239501953,218.37200469970705
439,17.56,0.9143388867378235,45.402899995679036,219.9681396484375,105.6927261352539,3.2380149364471436,False,12.344681739807129,False,44,0,44,double,2.551021638549201,153.06129831295206,JUMPING,289.3698681640625,216.4528877258301
440,17.6,0.9025449752807617,43.58890000730753,214.04348754882812,104.35433959960938,1.5659037828445435,False,13.758109092712402,True,44,0,44,double,2.551021638549201,153.06129831295206,JUMPING,289.3698681640625,217.09007568359377
441,17.64,0.8981225490570068,51.5338000113843,212.82318115234375,104.79769134521484,0.7680238485336304,False,13.041595458984375,False,44,0,44,double,2.551021638549201,153.06129831295206,JUMPING,289.3698681640625,220.48714141845704
442,17.68,0.834628701210022,44.59510000015143,218.6959228515625,107.29918670654297,2.6892786026000977,False,11.219365119934082,True,44,0,44,double,2.551021638549201,153.06129831295206,JUMPING,289.3698681640625,217.45752563476563
443,17.72,0.880567729473114,40.46129999915138,221.7510986328125,111.13239288330078,3.8396854400634766,False,10.666218757629395,False,44,0,44,double,2.551021638549201,153.06129831295206,JUMPING,289.3242126464844,213.93034515380862
444,17.76,0.8703897595405579,43.10830000031274,229.69955444335938,113.24068450927734,2.2098515033721924,False,6.6353654861450195,False,44,0,44,double,2.551021638549201,153.06129831295206,JUMPING,289.03057617187494,212.74572525024416
445,17.8,0.862342357635498,41.55059999902733,234.29832458496094,114.255126953125,1.020542860031128,False,8.78581428527832,False,44,0,44,double,2.551021638549201,153.06129831295206,JUMPING,289.01150390625,212.31196746826174
446,17.84,0.8716813325881958,40.84889999649022,231.91305541992188,112.40190887451172,1.854132890701294,False,10.816330909729004,False,44,0,44,double,2.551021638549201,153.06129831295206,JUMPING,288.6711572265625,217.0304397583008
447,17.88,0.8935248851776123,43.899800002691336,225.44668579101562,109.44277954101562,2.973208427429199,False,9.732295036315918,False,44,0,44,double,2.551021638549201,153.06129831295206,JUMPING,288.62973876953123,220.09251708984377
448,17.92,0.8793755769729614,42.56570000143256,221.50868225097656,106.11356353759766,3.3363494873046875,False,5.520459175109863,True,44,0,44,double,2.551021638549201,153.06129831295206,JUMPING,288.62973876953123,216.62869873046876
449,17.96,0.8912596702575684,44.53450000437442,217.10072326660156,104.4084243774414,1.7082834243774414,False,8.611984252929688,True,44,0,44,double,2.551021638549201,153.06129831295206,JUMPING,288.62973876953123,218.4258499145508
450,18.0,0.7682854533195496,44.21320000255946,216.63644409179688,103.93099212646484,0.4853185713291168,False,9.242761611938477,True,44,0,44,double,2.551021638549201,153.06129831295206,JUMPING,288.62973876953123,217.6183059692383
451,18.04,0.9185886979103088,41.63490000064485,219.9571990966797,106.23699951171875,2.315441846847534,False,8.604537963867188,False,45,0,45,double,2.272726515354456,136.36359092126736,JUMPING,288.62973876953123,221.06085815429688
452,18.08,0.8764089345932007,47.457299995585345,223.4220428466797,109.23619842529297,3.0167462825775146,False,11.305980682373047,False,45,0,45,double,2.272726515354456,136.36359092126736,JUMPING,288.62973876953123,215.81529693603517
453,18.12,0.8784432411193848,45.463599992217496,230.03414916992188,112.2948989868164,3.059075117111206,False,9.558127403259277,False,45,0,45,double,2.272726515354456,136.36359092126736,JUMPING,288.62973876953123,214.12860565185548
454,18.16,0.8831165432929993,41.13899999356363,231.865966796875,114.6059341430664,2.3154056072235107,False,9.907752990722656,False,45,0,45,double,2.272726515354456,136.36359092126736,JUMPING,288.6876135253906,213.4914764404297
455,18.2,0.879968523979187,51.20229999010917,233.4671630859375,113.7145767211914,0.8914446234703064,False,9.629571914672852,False,45,0,45,double,2.272726515354456,136.36359092126736,JUMPING,288.9665258789062,215.0622024536133
456,18.24,0.8643446564674377,40.67170000053011,227.93862915039062,110.3100357055664,3.4541566371917725,False,12.79398250579834,False,45,0,45,double,2.272726515354456,136.36359092126736,JUMPING,289.17162048339844,220.91452941894534
457,18.28,0.7815718650817871,38.769099992350675,224.77049255371094,107.4810791015625,2.847501754760742,False,15.27673053741455,False,45,0,45,double,2.272726515354456,136.36359092126736,JUMPING,289.2854113769531,216.00333557128909
458,18.32,0.8835925459861755,39.12049999053124,218.6057891845703,104.81137084960938,2.6697516441345215,False,15.734699249267578,False,45,0,45,double,2.272726515354456,136.36359092126736,JUMPING,289.2854113769531,217.8938934326172
459,18.36,0.895167887210846,42.970300011802465,213.62078857421875,104.08026885986328,0.7327134609222412,False,14.470732688903809,True,45,0,45,double,2.272726515354456,136.36359092126736,JUMPING,289.2854113769531,217.64615173339845
460,18.4,0.8759375810623169,40.98900000099093,212.40362548828125,104.9824447631836,0.9195579886436462,False,14.324738502502441,True,45,0,45,double,2.272726515354456,136.36359092126736,JUMPING,289.2854113769531,220.02341461181643
461,18.44,0.8404918313026428,42.358500009868294,213.86761474609375,108.6760482788086,3.7013213634490967,False,14.326637268066406,False,46,0,46,double,2.272726515354456,136.36359092126736,JUMPING,289.2854113769531,218.02960586547854
462,18.48,0.8792349100112915,40.651699993759394,215.5945281982422,112.38899993896484,3.7240238189697266,False,12.385415077209473,False,46,0,46,double,2.272726515354456,136.36359092126736,JUMPING,289.1826544189453,212.75246429443362
463,18.52,0.8545687198638916,53.660599995055236,228.8153076171875,115.26293182373047,2.899794101715088,False,8.653738021850586,False,46,0,46,double,2.272726515354456,136.36359092126736,JUMPING,289.2899157714844,209.54660949707034
464,18.56,0.8387290239334106,53.07219999667723,231.64646911621094,115.9843978881836,0.757834792137146,False,9.14892864227295,False,46,0,46,double,2.272726515354456,136.36359092126736,JUMPING,289.4134289550781,210.00189361572268
465,18.6,0.803037166595459,51.95980001008138,230.76675415039062,,0.0,False,5.237308979034424,False,46,0,46,double,2.272726515354456,136.36359092126736,JUMPING,289.46315124511716,214.92059020996095
466,18.64,0.8101521730422974,42.232400010107085,226.12277221679688,,0.0,False,15.277650833129883,True,46,0,46,double,2.272726515354456,136.36359092126736,JUMPING,289.46315124511716,220.2860275268555
467,18.68,0.8256852626800537,55.98380000446923,217.74363708496094,113.84324645996094,3.1424009799957275,False,19.742448806762695,True,46,0,46,double,2.272726515354456,136.36359092126736,JUMPING,289.46315124511716,217.94688262939454
468,18.72,0.7674727439880371,48.04300000250805,220.0041961669922,,0.0,False,20.873676300048828,True,46,0,46,double,2.272726515354456,136.36359092126736,JUMPING,289.46315124511716,215.11898498535157
469,18.76,0.8046334385871887,61.050099990097806,218.77012634277344,111.11528015136719,6.060971260070801,False,20.505821228027344,True,46,0,46,double,2.272726515354456,136.36359092126736,JUMPING,289.46315124511716,217.2126289367676
470,18.8,0.7921414375305176,55.90350000420585,220.3048553466797,109.12693786621094,4.882809638977051,False,18.859838485717773,True,46,0,46,double,2.272726515354456,136.36359092126736,JUMPING,289.46315124511716,215.59466247558595
471,18.84,0.8805533647537231,52.47080000117421,223.36305236816406,112.13375854492188,6.2641143798828125,False,3.652555465698242,True,46,0,46,double,2.272726515354456,136.36359092126736,JUMPING,289.46315124511716,212.29399108886722
472,18.88,0.8809497952461243,43.95539998949971,226.287353515625,114.19256591796875,2.995875358581543,False,8.244101524353027,False,47,0,47,double,2.1929836015903206,131.57901609541923,JUMPING,289.46315124511716,209.22202758789064
473,18.92,0.8738484382629395,40.711499997996725,227.21365356445312,114.55323028564453,1.1474932432174683,False,9.968305587768555,False,47,0,47,double,2.1929836015903206,131.57901609541923,JUMPING,289.7250610351562,210.57597961425782
474,18.96,0.8214888572692871,44.8846999934176,221.27108764648438,116.67328643798828,2.360325336456299,False,8.702228546142578,False,47,0,47,double,2.1929836015903206,131.57901609541923,JUMPING,289.7671844482422,214.37053985595705
475,19.0,0.7605373859405518,41.870899993227795,219.70965576171875,114.34014892578125,3.1823768615722656,False,12.363408088684082,False,47,0,47,double,2.1929836015903206,131.57901609541923,JUMPING,289.7671844482422,216.8681823730469
476,19.04,0.8465570211410522,53.125799997360446,213.68936157226562,110.455322265625,4.514580249786377,False,17.67281150817871,False,47,0,47,double,2.1929836015903206,131.57901609541923,JUMPING,289.7671844482422,215.49486083984377
477,19.08,0.827607274055481,41.218100013793446,213.96798706054688,,0.0,False,17.577537536621094,True,47,0,47,double,2.1929836015903206,131.57901609541923,JUMPING,289.7671844482422,214.5226676940918
478,19.12,0.8542393445968628,48.876700006076135,208.65728759765625,,0.0,False,17.80147933959961,True,47,0,47,double,2.1929836015903206,131.57901609541923,JUMPING,289.7671844482422,214.87710952758792
479,19.16,0.837757408618927,43.27910000574775,209.3360137939453,,0.0,False,18.692909240722656,True,47,0,47,double,2.1929836015903206,131.57901609541923,JUMPING,289.7671844482422,217.88420028686525
480,19.2,0.7843534350395203,44.04690000228584,211.32359313964844,114.70730590820312,4.496300220489502,False,12.882153511047363,True,47,0,47,double,2.1929836015903206,131.57901609541923,JUMPING,289.7671844482422,216.37899322509767
481,19.24,0.8453463912010193,43.57809999783058,222.06163024902344,,0.0,False,15.356453895568848,True,47,0,47,double,2.1929836015903206,131.57901609541923,JUMPING,289.7671844482422,208.36271972656252
482,19.28,0.8226470947265625,39.078100002370775,225.91653442382812,,0.0,False,14.50280475616455,False,48,0,48,double,2.1929817383715102,131.57890430229062,JUMPING,289.7250610351562,208.25427398681643
483,19.32,0.8330458402633667,46.72869999194518,223.55030822753906,115.06613159179688,2.5727458000183105,False,13.676631927490234,True,48,0,48,double,2.1929817383715102,131.57890430229062,JUMPING,289.7250610351562,212.30265197753909
484,19.36,0.8219790458679199,39.51180000149179,222.06845092773438,,0.0,False,14.613153457641602,True,48,0,48,double,2.1929817383715102,131.57890430229062,JUMPING,289.7250610351562,212.79961242675782
485,19.4,0.8313519954681396,39.02169999491889,217.19818115234375,112.1875228881836,3.2720937728881836,False,13.99426555633545,False,48,0,48,double,2.1929817383715102,131.57890430229062,JUMPING,289.7250610351562,216.11790771484377
486,19.44,0.9086285829544067,41.80340000311844,213.8904571533203,108.60031127929688,6.808736801147461,False,4.146983623504639,True,48,0,48,double,2.1929817383715102,131.57890430229062,JUMPING,289.7250610351562,215.64882659912112
487,19.48,0.8568710088729858,39.23140000551939,211.20074462890625,106.74771881103516,2.6265621185302734,False,2.1998414993286133,True,48,0,48,double,2.1929817383715102,131.57890430229062,JUMPING,289.7250610351562,214.0201515197754
488,19.52,0.89650958776474,39.38180000113789,211.51954650878906,107.5165023803711,1.0017062425613403,False,8.712108612060547,False,48,0,48,double,2.1929817383715102,131.57890430229062,JUMPING,289.7250610351562,218.76194610595704
489,19.56,0.8388859629631042,40.40539999550674,213.83981323242188,111.19715881347656,4.117030143737793,False,6.937014579772949,False,48,0,48,double,2.1929817383715102,131.57890430229062,JUMPING,289.94988342285154,214.9653129577637
490,19.6,0.8097784519195557,39.52429999480955,213.91561889648438,,0.0,False,14.372411727905273,False,48,0,48,double,2.1929817383715102,131.57890430229062,JUMPING,290.0101251220703,211.38770294189456
491,19.64,0.8029820919036865,49.64290000498295,224.05374145507812,116.83159637451172,5.793939113616943,False,17.342967987060547,False,48,0,48,double,2.1929817383715102,131.57890430229062,JUMPING,289.88880859375,211.82871170043947
492,19.68,0.9068526029586792,46.660400010296144,231.02078247070312,113.31341552734375,3.534932851791382,False,3.819309949874878,False,48,0,48,double,2.1929817383715102,131.57890430229062,JUMPING,289.7122216796875,214.913591003418
493,19.72,0.8940062522888184,56.57220000284724,224.57464599609375,111.3284683227539,2.1798949241638184,False,10.724838256835938,False,48,0,48,double,2.1929817383715102,131.57890430229062,JUMPING,289.5157312011719,217.47874145507814
494,19.76,0.8851891160011292,53.96269999619108,219.91073608398438,109.90506744384766,1.6508159637451172,False,14.411846160888672,False,48,0,48,double,2.1929817383715102,131.57890430229062,JUMPING,289.5157312011719,217.12838668823244
495,19.8,0.7504981160163879,48.0115999962436,215.18759155273438,107.16690826416016,3.2135324478149414,False,2.9308793544769287,True,48,0,48,double,2.1929817383715102,131.57890430229062,JUMPING,289.5157312011719,215.43060913085938
496,19.84,0.5756822228431702,53.72550000902265,211.4964599609375,107.01156616210938,4.109138488769531,False,13.539694786071777,True,48,0,48,double,2.1929817383715102,131.57890430229062,JUMPING,289.5157312011719,214.0352493286133
497,19.88,0.816891074180603,52.00489998969715,208.6131591796875,106.69224548339844,3.3146114349365234,False,18.316707611083984,True,48,0,48,double,2.1929817383715102,131.57890430229062,JUMPING,289.5157312011719,213.82570953369142
498,19.92,0.8221725225448608,60.585100000025705,208.98683166503906,109.49800109863281,3.45689058303833,False,19.65652084350586,True,48,0,48,double,2.1929817383715102,131.57890430229062,JUMPING,289.5157312011719,213.16803588867188
499,19.96,0.8607071042060852,56.12929999188054,213.48410034179688,112.54247283935547,6.151413440704346,False,1.4400311708450317,True,48,0,48,double,2.1929817383715102,131.57890430229062,JUMPING,289.4460778808594,210.74837493896487
500,20.0,0.8755024671554565,56.051199993817136,228.56820678710938,114.55538177490234,3.354522705078125,False,5.7409257888793945,False,49,0,49,double,1.9841267175655575,119.04760305393344,JUMPING,289.3395782470703,210.1507736206055
501,20.04,0.8892513513565063,56.45219999132678,232.41275024414062,114.92716217041016,0.8514614105224609,False,11.552141189575195,False,49,0,49,double,1.9841267175655575,119.04760305393344,JUMPING,289.26417358398436,212.29155731201175
502,20.08,0.801150918006897,64.19889999961015,226.4570770263672,113.84160614013672,3.437643051147461,False,2.601426124572754,False,49,0,49,double,1.9841267175655575,119.04760305393344,JUMPING,289.2299877929687,212.01928482055666
503,20.12,0.8895916938781738,66.65929999144282,223.15988159179688,111.4949951171875,2.645916700363159,False,6.647947788238525,False,49,0,49,double,1.9841267175655575,119.04760305393344,JUMPING,289.2299877929687,213.27070770263674
504,20.16,0.8379654884338379,79.76469999994151,213.45501708984375,111.17986297607422,0.607857346534729,False,8.235713958740234,True,49,0,49,double,1.9841267175655575,119.04760305393344,JUMPING,289.2299877929687,215.6027526855469
505,20.2,0.8482818603515625,73.61190000665374,208.5159149169922,109.73609924316406,3.565789222717285,False,14.994294166564941,True,49,0,49,double,1.9841267175655575,119.04760305393344,JUMPING,289.2299877929687,215.98091125488284
506,20.24,0.8221957087516785,78.59489999827929,209.39669799804688,109.63664245605469,2.483292818069458,False,19.687341690063477,True,49,0,49,double,1.9841267175655575,119.04760305393344,JUMPING,289.2299877929687,216.46315994262696
507,20.28,0.8720569610595703,90.41129999968689,213.7874755859375,110.0472412109375,1.6027793884277344,False,7.800121784210205,True,49,0,49,double,1.9841267175655575,119.04760305393344,JUMPING,289.2299877929687,214.91155166625978
508,20.32,0.8993745446205139,76.77830000466201,220.8731689453125,112.4338607788086,2.463430881500244,False,8.116186141967773,True,49,0,49,double,1.9841267175655575,119.04760305393344,JUMPING,289.2299877929687,214.00644683837893
509,20.36,0.8957139253616333,54.54569999710657,226.80868530273438,113.7333755493164,1.3325014114379883,False,14.50123405456543,True,49,0,49,double,1.9841267175655575,119.04760305393344,JUMPING,289.2299877929687,214.42978973388674
510,20.4,0.9003876447677612,58.838299999479204,234.05465698242188,115.24803924560547,1.5199722051620483,False,10.333137512207031,False,50,0,50,double,2.1186452589056115,127.11871553433669,JUMPING,289.1958801269531,212.78084716796877
511,20.44,0.9237709045410156,44.96149999613408,228.09750366210938,113.39502716064453,1.870058536529541,False,11.952960014343262,False,50,0,50,double,2.1186452589056115,127.11871553433669,JUMPING,289.0898596191406,213.91420669555666
512,20.48,0.9084266424179077,51.90000000584405,221.59597778320312,110.4048843383789,2.9992594718933105,False,12.184745788574219,False,50,0,50,double,2.1186452589056115,127.11871553433669,JUMPING,289.0898596191406,218.3138122558594
513,20.52,0.9292986392974854,63.461600002483465,217.75912475585938,107.597900390625,2.815263271331787,False,9.923128128051758,True,50,0,50,double,2.1186452589056115,127.11871553433669,JUMPING,289.0898596191406,215.65975341796877
514,20.56,0.9122176766395569,63.66569999954663,211.5253448486328,105.77465057373047,1.8234360218048096,False,10.175250053405762,True,50,0,50,double,2.1186452589056115,127.11871553433669,JUMPING,289.0898596191406,217.88185882568362
515,20.6,0.8533269166946411,64.1643999988446,210.72735595703125,105.69012451171875,0.28530028462409973,False,2.5937652587890625,True,50,0,50,double,2.1186452589056115,127.11871553433669,JUMPING,289.0898596191406,215.39061126708987
516,20.64,0.8902574181556702,54.527399988728575,212.82733154296875,107.4372329711914,1.7599447965621948,False,9.588499069213867,True,50,0,50,double,2.1186452589056115,127.11871553433669,JUMPING,289.0898596191406,213.25627288818362
517,20.68,0.896668553352356,74.37650000792928,212.876220703125,108.93475341796875,1.4980499744415283,False,13.429914474487305,True,50,0,50,double,2.1186452589056115,127.11871553433669,JUMPING,289.0898596191406,213.82043075561526
518,20.72,0.7619123458862305,123.44090000260621,222.9324188232422,112.82894134521484,3.936721086502075,False,11.508663177490234,False,51,0,51,double,2.1929836015903206,131.57901609541923,JUMPING,289.0898596191406,210.0359329223633
519,20.76,0.8836508989334106,74.32449999032542,0.0,,0.0,False,0.0,False,51,0,51,unknown,0.0,0.0,JUMPING,,212.46123352050782
520,20.8,0.8843568563461304,107.56780000519939,0.0,,0.0,False,0.0,False,51,0,51,unknown,0.0,0.0,JUMPING,,211.55719451904298
521,20.84,0.8037077188491821,59.445400009281,224.52894592285156,114.6044921875,3.870224714279175,False,7.083199977874756,True,51,0,51,double,2.1929836015903206,131.57901609541923,JUMPING,289.0101629638672,213.77298889160159
522,20.88,0.7897443771362305,69.4939999957569,225.72549438476562,110.4737777709961,5.278097152709961,False,12.671775817871094,True,51,0,51,double,2.1929836015903206,131.57901609541923,JUMPING,289.0101629638672,212.8836952209473
523,20.92,0.8511829972267151,61.996099990210496,219.75579833984375,107.03958892822266,3.4681756496429443,False,12.865696907043457,True,51,0,51,double,2.1929836015903206,131.57901609541923,JUMPING,289.0101629638672,216.81384201049806
524,20.96,0.828545093536377,82.65929999470245,214.48387145996094,105.034423828125,2.040585994720459,False,15.309252738952637,True,51,0,51,double,2.1929836015903206,131.57901609541923,JUMPING,289.0101629638672,217.31331176757814
525,21.0,0.8185340166091919,70.38190000457689,213.2293701171875,104.93338012695312,0.1523505449295044,False,1.7851011753082275,True,51,0,51,double,2.1929836015903206,131.57901609541923,JUMPING,289.0101629638672,218.59354553222659
526,21.04,0.8724092841148376,66.08220000634901,212.014404296875,105.32054901123047,0.3972744345664978,False,1.3747376203536987,True,51,0,51,double,2.1929836015903206,131.57901609541923,JUMPING,289.0101629638672,217.13094635009767
527,21.08,0.926470935344696,62.79470000299625,219.95257568359375,109.5640640258789,4.243879795074463,False,7.402227878570557,False,52,0,52,double,2.272726515354456,136.36359092126736,JUMPING,289.0101629638672,214.84148406982425
528,21.12,0.899416983127594,57.68109999189619,229.09637451171875,113.2117919921875,3.6560959815979004,False,8.495137214660645,False,52,0,52,double,2.272726515354456,136.36359092126736,JUMPING,288.8153967285156,209.57769470214845
529,21.16,0.8369138836860657,77.77269999496639,234.175048828125,114.55261993408203,1.3666105270385742,False,1.6936371326446533,False,52,0,52,double,2.272726515354456,136.36359092126736,JUMPING,288.6823522949218,213.039079284668
530,21.2,0.8638836145401001,55.09169999277219,235.14501953125,113.56136322021484,1.3793129920959473,False,5.93380880355835,False,52,0,52,double,2.272726515354456,136.36359092126736,JUMPING,288.4117828369141,212.73116455078127
531,21.24,0.78291916847229,78.9504999993369,228.90789794921875,114.31867218017578,1.3686116933822632,False,9.816324234008789,False,52,0,52,double,2.272726515354456,136.36359092126736,JUMPING,288.16622070312496,216.39571914672854
532,21.28,0.7872220277786255,66.78370000736322,223.48672485351562,,0.0,False,17.5189151763916,False,52,0,52,double,2.272726515354456,136.36359092126736,JUMPING,287.7988586425781,215.11431884765628
533,21.32,0.8946001529693604,65.4517999937525,218.50579833984375,108.63732147216797,5.686179161071777,False,5.579153060913086,True,52,0,52,double,2.272726515354456,136.36359092126736,JUMPING,287.5815740966797,216.5349563598633
534,21.36,0.8816876411437988,69.19989999732934,216.14144897460938,106.01043701171875,2.6412954330444336,False,13.875120162963867,True,52,0,52,double,2.272726515354456,136.36359092126736,JUMPING,287.5815740966797,216.25557556152344
535,21.4,0.8309499621391296,60.97089999821037,211.4710693359375,109.93944549560547,3.9526724815368652,False,3.907168388366699,True,52,0,52,double,2.272726515354456,136.36359092126736,JUMPING,287.5815740966797,219.62079238891604
536,21.44,0.8842002153396606,58.88879999110941,213.22286987304688,109.0969467163086,1.3551896810531616,False,5.492353439331055,False,53,0,53,double,2.314814914462502,138.8888948677501,JUMPING,287.5903540039062,217.49512329101563
537,21.48,0.8857861161231995,45.850499998778105,214.32156372070312,110.98519134521484,1.9690229892730713,False,10.269597053527832,False,53,0,53,double,2.314814914462502,138.8888948677501,JUMPING,287.7686895751953,216.02827758789064
538,21.52,0.9006186723709106,48.915699997451156,228.0791473388672,115.1198959350586,4.135116100311279,False,9.621617317199707,False,53,0,53,double,2.314814914462502,138.8888948677501,JUMPING,287.7686895751953,210.26182098388674
539,21.56,0.8981937766075134,45.757700005196966,233.25291442871094,117.36480712890625,2.247095823287964,False,7.332033157348633,False,53,0,53,double,2.314814914462502,138.8888948677501,JUMPING,287.7686895751953,212.11146621704103
540,21.6,0.8764379024505615,72.73410000198055,228.50570678710938,114.73101806640625,2.6966958045959473,False,13.008504867553711,False,53,0,53,double,2.314814914462502,138.8888948677501,JUMPING,287.7686895751953,217.48212356567385
541,21.64,0.8656952381134033,51.795399995171465,220.288818359375,114.64279174804688,0.6779076457023621,False,15.10952091217041,False,53,0,53,double,2.314814914462502,138.8888948677501,JUMPING,287.5937194824219,219.88231430053713
542,21.68,0.8704931139945984,56.74820000422187,214.16314697265625,112.79865264892578,3.472355604171753,False,16.26824188232422,False,53,0,53,double,2.314814914462502,138.8888948677501,JUMPING,287.592739868164,219.19019012451173
543,21.72,0.8908660411834717,48.7239999929443,210.10092163085938,108.80044555664062,4.056304454803467,False,17.62795066833496,True,53,0,53,double,2.314814914462502,138.8888948677501,JUMPING,287.592739868164,212.5609344482422
544,21.76,0.8592921495437622,66.58319999405649,207.80511474609375,109.3363037109375,0.9340814352035522,False,15.903962135314941,False,54,0,54,double,2.84090862524788,170.4545175148728,JUMPING,287.592739868164,213.79196395874024
545,21.8,0.8653861284255981,46.80260000168346,207.74215698242188,106.99758911132812,2.404780626296997,False,15.380436897277832,False,54,0,54,double,2.84090862524788,170.4545175148728,JUMPING,287.592739868164,212.657177734375
546,21.84,0.8677172660827637,40.883199995732866,210.7794189453125,110.7821273803711,4.388279438018799,False,15.489611625671387,False,54,0,54,double,2.84090862524788,170.4545175148728,JUMPING,287.592739868164,215.71557922363283
547,21.88,0.8827134966850281,60.24730000353884,220.4503631591797,113.6917724609375,2.910780429840088,False,13.84758472442627,False,54,0,54,double,2.84090862524788,170.4545175148728,JUMPING,287.88192504882807,211.1085403442383
548,21.92,0.8863774538040161,50.98819998966064,228.5955810546875,115.32598876953125,1.634332299232483,False,13.545161247253418,False,54,0,54,double,2.84090862524788,170.4545175148728,JUMPING,288.2141491699218,212.06370544433597
549,21.96,0.89989173412323,69.24110000545625,235.1792449951172,115.6080322265625,0.8763319849967957,False,10.713254928588867,False,54,0,54,double,2.84090862524788,170.4545175148728,JUMPING,288.4427423095703,213.48469543457034
550,22.0,0.8901815414428711,52.581299998564646,232.32449340820312,114.05607604980469,1.6251869201660156,False,14.71216869354248,False,54,0,54,double,2.84090862524788,170.4545175148728,JUMPING,288.42192321777344,219.08350677490236
551,22.04,0.8976847529411316,66.53019999794196,230.67724609375,112.53919219970703,2.0622498989105225,False,16.04473114013672,False,54,0,54,double,2.84090862524788,170.4545175148728,JUMPING,288.21380126953125,219.5755325317383
552,22.08,0.8180517554283142,61.43210000300314,220.96728515625,,0.0,False,9.758792877197266,True,54,0,54,double,2.84090862524788,170.4545175148728,JUMPING,288.21380126953125,215.22351150512696
553,22.12,0.8970512747764587,76.36189999175258,213.9794464111328,108.55782318115234,4.084561824798584,False,5.916517734527588,True,54,0,54,double,2.84090862524788,170.4545175148728,JUMPING,288.21380126953125,214.89939117431643
554,22.16,0.8925765752792358,54.77519999840297,210.11373901367188,106.4403305053711,2.2419066429138184,False,12.925529479980469,True,54,0,54,double,2.84090862524788,170.4545175148728,JUMPING,288.21380126953125,215.6695053100586
555,22.2,0.9013432264328003,63.60599999607075,210.59124755859375,105.57703399658203,0.8633701205253601,False,14.541542053222656,True,54,0,54,double,2.84090862524788,170.4545175148728,JUMPING,288.21380126953125,217.3371879577637
556,22.24,0.9083612561225891,46.889199991710484,216.01010131835938,109.87032318115234,4.302088260650635,False,15.336169242858887,False,55,0,55,double,2.7173910789994715,163.0434647399683,JUMPING,288.21380126953125,216.13887176513674
557,22.28,0.800017237663269,57.38499999279156,221.03460693359375,114.55925750732422,5.294673919677734,False,7.687285423278809,False,55,0,55,double,2.7173910789994715,163.0434647399683,JUMPING,288.5504388427734,208.14511489868167
558,22.32,0.9007959961891174,51.239199994597584,229.40036010742188,115.4483871459961,1.402478814125061,False,4.080392837524414,False,55,0,55,double,2.7173910789994715,163.0434647399683,JUMPING,288.91930114746094,209.49699401855472
559,22.36,0.9186998605728149,74.10350001009647,229.9152069091797,115.99221801757812,0.622255265712738,False,8.078755378723145,False,55,0,55,double,2.7173910789994715,163.0434647399683,JUMPING,288.92948181152343,215.06584472656252
560,22.4,0.890277624130249,102.67979999480303,226.339111328125,113.40909576416016,2.5896432399749756,False,14.060179710388184,False,55,0,55,double,2.7173910789994715,163.0434647399683,JUMPING,288.92948181152343,217.8289535522461
561,22.44,0.7936971783638,72.83419999293983,221.76702880859375,108.93069458007812,4.534310340881348,False,8.921192169189453,True,55,0,55,double,2.7173910789994715,163.0434647399683,JUMPING,288.92948181152343,213.77998809814454
562,22.48,0.8071765899658203,84.39840000937693,213.8767547607422,105.56170654296875,4.943434715270996,False,20.84524917602539,True,55,0,55,double,2.7173910789994715,163.0434647399683,JUMPING,288.92948181152343,214.55235137939454
563,22.52,0.8402594923973083,86.72719998867251,209.60260009765625,107.03457641601562,6.317301273345947,False,23.65463638305664,True,55,0,55,double,2.7173910789994715,163.0434647399683,JUMPING,288.92948181152343,210.1421630859375
564,22.56,0.811491847038269,82.84609999100212,207.85086059570312,105.9027099609375,2.0537431240081787,False,24.032411575317383,True,55,0,55,double,2.7173910789994715,163.0434647399683,JUMPING,288.92948181152343,212.3621452331543
565,22.6,0.8940814137458801,73.55040000402369,208.79124450683594,107.65340423583984,5.958540916442871,False,3.9612700939178467,True,55,0,55,double,2.7173910789994715,163.0434647399683,JUMPING,288.92948181152343,215.86198348999025
566,22.64,0.8997612595558167,67.88209998921957,212.16436767578125,109.16546630859375,2.9637985229492188,False,14.704164505004883,False,56,0,56,double,2.604166644030354,156.24999864182124,JUMPING,289.0591424560547,216.5880714416504
567,22.68,0.8862201571464539,57.342600004631095,218.65127563476562,113.61490631103516,4.641454219818115,False,17.317110061645508,False,56,0,56,double,2.604166644030354,156.24999864182124,JUMPING,289.4693719482422,209.91494903564455
568,22.72,0.9087677001953125,65.06969999463763,226.0684814453125,116.1235122680664,2.618986129760742,False,17.270353317260742,False,56,0,56,double,2.604166644030354,156.24999864182124,JUMPING,289.99666381835937,211.39886474609378
569,22.76,0.9010410308837891,74.03390000399668,224.05438232421875,114.36053466796875,1.7772001028060913,False,16.35070037841797,False,56,0,56,double,2.604166644030354,156.24999864182124,JUMPING,290.7111669921875,214.2238922119141
570,22.8,0.8490500450134277,55.3656999982195,219.72525024414062,,0.0,False,5.984580993652344,False,56,0,56,double,2.604166644030354,156.24999864182124,JUMPING,290.7111669921875,215.87919616699222
571,22.84,0.8587554693222046,60.018200005288236,215.71812438964844,112.28836822509766,2.838648796081543,False,20.248170852661133,False,56,0,56,double,2.604166644030354,156.24999864182124,JUMPING,290.7111669921875,216.59096679687502
572,22.88,0.8462992906570435,87.7801000024192,211.38047790527344,110.10393524169922,5.687602996826172,False,20.776390075683594,True,56,0,56,double,2.604166644030354,156.24999864182124,JUMPING,290.7111669921875,216.81040954589847
573,22.92,0.8553047180175781,79.08959999622311,208.1968994140625,,0.0,False,19.860687255859375,True,56,0,56,double,2.604166644030354,156.24999864182124,JUMPING,290.7111669921875,216.8980339050293
574,22.96,0.8374091982841492,58.67749999742955,206.23541259765625,109.53693389892578,7.104936122894287,False,18.75807762145996,True,56,0,56,double,2.604166644030354,156.24999864182124,JUMPING,290.7111669921875,217.64041976928712
575,23.0,0.8120245933532715,44.268699988606386,204.6978302001953,,0.0,False,17.69442367553711,True,56,0,56,double,2.604166644030354,156.24999864182124,JUMPING,290.7111669921875,218.60860977172854
576,23.04,0.8659886121749878,67.58119999722112,207.828125,110.54019927978516,1.278085708618164,False,6.563655853271484,True,56,0,56,double,2.604166644030354,156.24999864182124,JUMPING,290.7111669921875,217.8022155761719
577,23.08,0.8468444347381592,50.87880000064615,216.3262939453125,113.30634307861328,2.7741146087646484,False,12.080212593078613,True,56,0,56,double,2.604166644030354,156.24999864182124,JUMPING,290.7111669921875,211.22735900878908
578,23.12,0.8787753582000732,65.28549999347888,220.0587615966797,113.5993881225586,0.47339385747909546,False,13.153329849243164,True,56,0,56,double,2.604166644030354,156.24999864182124,JUMPING,290.7111669921875,212.5634605407715
579,23.16,0.894394040107727,54.32239999936428,218.279296875,111.951171875,1.6543551683425903,False,14.433955192565918,True,56,0,56,double,2.604166644030354,156.24999864182124,JUMPING,290.7111669921875,218.2929740905762
580,23.2,0.7857391834259033,65.59480000578333,222.23538208007812,108.9133071899414,3.0511980056762695,False,4.724725246429443,True,56,0,56,double,2.604166644030354,156.24999864182124,JUMPING,290.7111669921875,218.90377655029297
581,23.24,0.7991428971290588,60.13660000462551,223.11026000976562,110.34130859375,1.6201622486114502,False,14.138250350952148,True,56,0,56,double,2.604166644030354,156.24999864182124,JUMPING,290.7111669921875,218.18270721435547
582,23.28,0.7965087890625,50.76040000130888,218.04705810546875,,0.0,False,17.620851516723633,True,56,0,56,double,2.604166644030354,156.24999864182124,JUMPING,290.7111669921875,214.93379974365237
583,23.32,0.813411295413971,53.926499997032806,214.10470581054688,106.19686126708984,4.144447326660156,False,17.906307220458984,True,56,0,56,double,2.604166644030354,156.24999864182124,JUMPING,290.7111669921875,213.2398323059082
584,23.36,0.7929340600967407,60.719900007825345,219.68698120117188,106.94241333007812,0.9003934264183044,False,12.012803077697754,True,56,0,56,double,2.604166644030354,156.24999864182124,JUMPING,290.3636694335937,212.34790344238283
585,23.4,0.878248929977417,67.7572999993572,226.83705139160156,107.6910400390625,0.7492195963859558,False,3.6396543979644775,False,57,0,57,double,2.1551727526572564,129.31036515943538,JUMPING,289.63710205078127,211.64702606201175
586,23.44,0.9131641387939453,66.87409999722149,231.13168334960938,112.0353775024414,4.354844570159912,False,14.353494644165039,False,57,0,57,double,2.1551727526572564,129.31036515943538,JUMPING,289.63241088867187,213.51809692382815
587,23.48,0.8730674982070923,70.29619999229908,237.21005249023438,114.77164459228516,2.750393867492676,False,15.270397186279297,False,57,0,57,double,2.1551727526572564,129.31036515943538,JUMPING,289.7604748535156,210.3270462036133
588,23.52,0.8834614157676697,91.69819999078754,232.29342651367188,114.09011840820312,0.6820272207260132,False,14.864572525024414,False,57,0,57,double,2.1551727526572564,129.31036515943538,JUMPING,289.7860455322265,213.6726501464844
589,23.56,0.8720827102661133,68.87099999585189,226.89126586914062,111.59822845458984,2.4952919483184814,False,16.973791122436523,True,57,0,57,double,2.1551727526572564,129.31036515943538,JUMPING,289.7860455322265,214.09259414672854
590,23.6,0.8423523902893066,70.98919998679776,220.31399536132812,108.28506469726562,3.3194026947021484,False,14.799832344055176,True,57,0,57,double,2.1551727526572564,129.31036515943538,JUMPING,289.7860455322265,216.1044631958008
591,23.64,0.8835989236831665,71.56460000260267,214.46337890625,106.39690399169922,1.888191819190979,False,16.339244842529297,True,57,0,57,double,2.1551727526572564,129.31036515943538,JUMPING,289.7860455322265,215.51129302978518
592,23.68,0.8137938380241394,69.65920000220649,210.21749877929688,105.68346405029297,0.7568026185035706,False,9.9191312789917,True,57,0,57,double,2.1551727526572564,129.31036515943538,JUMPING,289.7860455322265,215.87505035400392
593,23.72,0.7971151471138,61.29089999012649,208.00106811523438,105.55457305908203,0.2271198332309723,False,19.40769386291504,True,57,0,57,double,2.1551727526572564,129.31036515943538,JUMPING,289.7860455322265,216.309001159668
594,23.76,0.8846573829650879,57.57119999907445,212.61778259277344,108.28092193603516,2.733242988586426,False,4.052493572235107,True,57,0,57,double,2.1551727526572564,129.31036515943538,JUMPING,289.7604748535156,215.04155731201175
595,23.8,0.8616635203361511,50.66660000011325,215.968017578125,112.73199462890625,4.452643871307373,False,9.18781852722168,False,58,0,58,double,2.1186452589056115,127.11871553433669,JUMPING,289.12748291015623,211.01758422851563
596,23.84,0.8626259565353394,65.29220000084024,227.67831420898438,115.51580810546875,2.808475971221924,False,9.354791641235352,False,58,0,58,double,2.1186452589056115,127.11871553433669,JUMPING,289.51989135742184,208.88848266601565
597,23.88,0.8828446865081787,61.247899997397326,231.30191040039062,115.72653198242188,0.26098525524139404,False,12.606785774230957,False,58,0,58,double,2.1186452589056115,127.11871553433669,JUMPING,289.78299926757813,212.30815734863282
598,23.92,0.8830236792564392,64.73090000508819,229.13803100585938,113.6309585571289,2.101407051086426,False,15.904886245727539,False,58,0,58,double,2.1186452589056115,127.11871553433669,JUMPING,289.808569946289,210.35732574462892
599,23.96,0.8157850503921509,58.6464999942109,224.66082763671875,113.44149780273438,6.795434951782227,False,6.758608341217041,True,58,0,58,double,2.1186452589056115,127.11871553433669,JUMPING,289.808569946289,217.03800964355472
600,24.0,0.8474616408348083,84.30780000344384,221.02069091796875,108.46633911132812,7.312029838562012,False,6.175292015075684,True,58,0,58,double,2.1186452589056115,127.11871553433669,JUMPING,289.808569946289,216.5112060546875
601,24.04,0.8236429691314697,66.68020000506658,214.60137939453125,106.62967681884766,1.9442631006240845,False,11.480896949768066,True,58,0,58,double,2.1186452589056115,127.11871553433669,JUMPING,289.808569946289,211.36934051513674
602,24.08,0.8806591033935547,70.53680000535678,219.3826446533203,106.0693130493164,1.1178897619247437,False,1.9417611360549927,True,58,0,58,double,2.1186452589056115,127.11871553433669,JUMPING,289.808569946289,214.94638824462893
603,24.12,0.8578287959098816,74.51180000498425,0.0,,0.0,False,0.0,False,58,0,58,unknown,0.0,0.0,JUMPING,,214.07174758911134
604,24.16,0.8988961577415466,75.21540000743698,221.71484375,109.71199798583984,3.8375003337860107,False,9.227219581604004,True,58,0,58,double,2.1186452589056115,127.11871553433669,JUMPING,289.78299926757813,212.07777099609376
605,24.2,0.801227331161499,61.15259999933187,223.14691162109375,114.13558959960938,4.620936393737793,False,7.6486639976501465,False,59,0,59,double,2.0491799294100375,122.95079576460225,JUMPING,289.04685791015623,209.72353668212892
606,24.24,0.792809247970581,51.22910000500269,227.55804443359375,117.26677703857422,3.1335926055908203,False,14.594564437866211,False,59,0,59,double,2.0491799294100375,122.95079576460225,JUMPING,288.60974975585935,206.70073547363282
607,24.28,0.8904995322227478,61.28300000273157,232.43838500976562,114.87921905517578,2.3898138999938965,False,1.2967729568481445,False,59,0,59,double,2.0491799294100375,122.95079576460225,JUMPING,288.42224487304685,211.24435348510744
608,24.32,0.8657733201980591,63.56380000943318,234.39688110351562,114.52230834960938,0.8127126097679138,False,6.267319202423096,False,59,0,59,double,2.0491799294100375,122.95079576460225,JUMPING,288.18407958984375,212.35854492187502
609,24.36,0.8623782396316528,55.00219999521505,231.3379364013672,111.8812026977539,2.6456472873687744,False,9.297249794006348,True,59,0,59,double,2.0491799294100375,122.95079576460225,JUMPING,288.1491613769531,216.36288833618167
610,24.4,0.8877928853034973,54.64590000337921,222.61676025390625,108.4238510131836,3.4897685050964355,False,8.418985366821289,True,59,0,59,double,2.0491799294100375,122.95079576460225,JUMPING,288.1491613769531,212.75311889648438
611,24.44,0.8777449727058411,76.4579000097001,220.58819580078125,106.65213775634766,1.974493145942688,False,11.53343677520752,True,59,0,59,double,2.0491799294100375,122.95079576460225,JUMPING,288.1491613769531,212.01251220703128
612,24.48,0.8602333068847656,86.83519999613054,218.43161010742188,106.84808349609375,0.6020825505256653,False,15.481306076049805,True,59,0,59,double,2.0491799294100375,122.95079576460225,JUMPING,288.1491613769531,216.12520065307618
613,24.52,0.8582154512405396,49.34230000071693,217.5703125,108.57601165771484,1.7513256072998047,False,17.052040100097656,True,59,0,59,double,2.0491799294100375,122.95079576460225,JUMPING,288.1491613769531,215.70250396728517
614,24.56,0.7940019369125366,70.60510000155773,216.5062255859375,115.65755462646484,7.0955047607421875,False,5.846919059753418,False,60,0,60,double,2.1551727526572564,129.31036515943538,JUMPING,288.1491613769531,211.51145629882814
615,24.6,0.861706018447876,54.92860000231303,219.5838623046875,113.88433074951172,1.801215648651123,False,3.2208468914031982,False,60,0,60,double,2.1551727526572564,129.31036515943538,JUMPING,288.3631341552734,208.98289642333987
616,24.64,0.8732808828353882,59.27260000316892,221.30006408691406,116.05718231201172,2.1991968154907227,False,6.594276428222656,False,60,0,60,double,2.1551727526572564,129.31036515943538,JUMPING,288.6636553955078,208.8554840087891
617,24.68,0.8782690763473511,68.33100000221748,219.8088836669922,116.00801849365234,0.18342362344264984,False,9.737344741821289,False,60,0,60,double,2.1551727526572564,129.31036515943538,JUMPING,288.72307373046874,208.17380828857424
618,24.72,0.8690343499183655,70.26230001065414,218.46249389648438,112.64390563964844,4.3016839027404785,False,8.688450813293457,False,60,0,60,double,2.1551727526572564,129.31036515943538,JUMPING,288.72307373046874,217.66141738891602
619,24.76,0.8457289934158325,106.91140001290478,212.08480834960938,109.5790786743164,3.4064931869506836,False,4.3633713722229,True,60,0,60,double,2.1551727526572564,129.31036515943538,JUMPING,288.72307373046874,212.94494247436526
620,24.8,0.8269177675247192,160.86620000714902,208.37802124023438,109.70535278320312,0.22912828624248505,False,9.349517822265625,True,60,0,60,double,2.1551727526572564,129.31036515943538,JUMPING,288.72307373046874,210.95628662109377
621,24.84,0.8424128293991089,83.04549999593291,206.2051544189453,107.14998626708984,3.0956990718841553,False,14.523429870605469,True,60,0,60,double,2.1551727526572564,129.31036515943538,JUMPING,288.72307373046874,210.65223236083986
622,24.88,0.8696277737617493,81.62280000397004,208.619873046875,108.88896942138672,1.7846187353134155,False,6.89276123046875,True,60,0,60,double,2.1551727526572564,129.31036515943538,JUMPING,288.72307373046874,213.45851974487306
623,24.92,0.8749680519104004,75.80890000099316,210.69290161132812,109.53081512451172,0.7533741593360901,False,15.22346305847168,True,60,0,60,double,2.1551727526572564,129.31036515943538,JUMPING,288.72307373046874,215.00745086669923
624,24.96,0.8691932559013367,65.30919999931939,221.1674041748047,111.67757415771484,2.1531970500946045,False,16.401126861572266,False,61,0,61,double,2.1551727526572564,129.31036515943538,JUMPING,288.72307373046874,213.93360137939456
625,25.0,0.901268720626831,76.89060000120662,231.62939453125,113.7896728515625,2.153752565383911,False,13.305487632751465,False,61,0,61,double,2.1551727526572564,129.31036515943538,JUMPING,288.9422082519531,211.19911880493166
626,25.04,0.9066188335418701,105.11699999915436,238.17642211914062,114.64508819580078,0.8858330249786377,False,11.885149955749512,False,61,0,61,double,2.1551727526572564,129.31036515943538,JUMPING,289.36144775390625,210.6232620239258
627,25.08,0.892841100692749,113.16330000408925,230.03428649902344,113.2178955078125,1.440744400024414,False,13.171257019042969,False,61,0,61,double,2.1551727526572564,129.31036515943538,JUMPING,289.4263586425781,213.4798110961914
628,25.12,0.8302587866783142,79.67289999942295,221.03106689453125,110.50550079345703,2.713325023651123,False,6.215920925140381,False,61,0,61,double,2.1551727526572564,129.31036515943538,JUMPING,289.48486083984375,217.22012329101565
629,25.16,0.8473950624465942,98.15659999730997,213.11129760742188,107.49030303955078,3.044752597808838,False,5.56564998626709,True,61,0,61,double,2.1551727526572564,129.31036515943538,JUMPING,289.48486083984375,216.06298828125003
630,25.2,0.8434582948684692,82.12510000157636,207.05044555664062,109.23993682861328,1.7498563528060913,False,4.948603630065918,True,61,0,61,double,2.1551727526572564,129.31036515943538,JUMPING,289.48486083984375,214.00502853393556
631,25.24,0.8747035264968872,84.3760999996448,206.13076782226562,107.57457733154297,1.7090222835540771,False,7.355854034423828,True,61,0,61,double,2.1551727526572564,129.31036515943538,JUMPING,289.48486083984375,216.7671051025391
632,25.28,0.8785006403923035,85.22269999957643,214.43939208984375,109.8777847290039,2.4643149375915527,False,12.678217887878418,True,61,0,61,double,2.1551727526572564,129.31036515943538,JUMPING,289.48486083984375,212.942928314209
633,25.32,0.8992667198181152,76.69409998925403,226.22732543945312,112.84969329833984,3.0580813884735107,False,11.054923057556152,False,62,0,62,double,2.604166644030354,156.24999864182124,JUMPING,289.48486083984375,211.1920104980469
634,25.36,0.8951621651649475,79.94849998794962,233.9265594482422,114.56197357177734,1.7568610906600952,False,8.970459938049316,False,62,0,62,double,2.604166644030354,156.24999864182124,JUMPING,289.0631384277343,212.69303817749025
635,25.4,0.8687017560005188,88.40690000215545,230.3397979736328,113.384765625,1.181642770767212,False,10.170392990112305,True,62,0,62,double,2.604166644030354,156.24999864182124,JUMPING,288.8224719238281,209.04476470947267
636,25.44,0.7787020802497864,73.07569999829866,222.978271484375,111.2964859008789,2.132223606109619,False,1.5872911214828491,True,62,0,62,double,2.604166644030354,156.24999864182124,JUMPING,288.75756103515624,214.23619537353517
637,25.48,0.7825998663902283,70.05700000445358,218.46743774414062,111.78739166259766,6.791545867919922,False,8.248022079467773,True,62,0,62,double,2.604166644030354,156.24999864182124,JUMPING,288.75756103515624,213.21426086425782
638,25.52,0.7943064570426941,59.3044999986887,212.9451904296875,110.14382934570312,3.363759994506836,False,5.727588176727295,True,62,0,62,double,2.604166644030354,156.24999864182124,JUMPING,288.75756103515624,212.51444091796876
639,25.56,0.836950421333313,75.62319999851752,207.24526977539062,109.46726989746094,2.6742169857025146,False,9.755792617797852,True,62,0,62,double,2.604166644030354,156.24999864182124,JUMPING,288.75756103515624,212.6758255004883
640,25.6,0.8675174713134766,68.85110000439454,204.33584594726562,109.89701080322266,2.5784902572631836,False,1.8399560451507568,True,62,0,62,double,2.604166644030354,156.24999864182124,JUMPING,288.75756103515624,217.40143127441408
641,25.64,0.8668421506881714,75.53510001162067,205.5328369140625,111.5960922241211,2.205702781677246,False,10.034729957580566,True,62,0,62,double,2.604166644030354,156.24999864182124,JUMPING,288.75756103515624,211.5816917419434
642,25.68,0.8780158758163452,70.73989999480546,207.46707153320312,114.18414306640625,3.0328056812286377,False,12.683679580688477,True,62,0,62,double,2.604166644030354,156.24999864182124,JUMPING,288.72389709472657,211.50398712158204
643,25.72,0.8822307586669922,106.69630000484176,217.09022521972656,115.28302001953125,3.3388803005218506,False,13.083321571350098,False,63,0,63,double,2.604166644030354,156.24999864182124,JUMPING,288.7414294433594,203.68395996093753
644,25.76,0.880689799785614,71.93720000213943,221.5034942626953,116.12340545654297,2.1264967918395996,False,13.356892585754395,False,63,0,63,double,2.604166644030354,156.24999864182124,JUMPING,288.8118701171875,206.310710144043
645,25.8,0.8742093443870544,58.23729999247007,220.560546875,114.5102310180664,1.9031119346618652,False,12.600298881530762,False,63,0,63,double,2.604166644030354,156.24999864182124,JUMPING,288.8118701171875,209.22337036132814
646,25.84,0.8750622868537903,49.92770000535529,217.79165649414062,111.7014389038086,2.817491054534912,False,11.964715003967285,False,63,0,63,double,2.604166644030354,156.24999864182124,JUMPING,288.8118701171875,214.58811950683597
647,25.88,0.8008648157119751,56.30340000789147,213.06982421875,112.10871887207031,0.4072955548763275,False,3.0600435733795166,True,63,0,63,double,2.604166644030354,156.24999864182124,JUMPING,288.8118701171875,213.2678207397461
648,25.92,0.9007343649864197,56.05489999288693,209.2948760986328,107.73809814453125,4.371715068817139,False,6.9363932609558105,True,63,0,63,double,2.604166644030354,156.24999864182124,JUMPING,288.8118701171875,216.21206970214845
649,25.96,0.8991496562957764,65.92409999575466,207.53533935546875,106.0659408569336,1.6738961935043335,False,12.05945873260498,True,63,0,63,double,2.604166644030354,156.24999864182124,JUMPING,288.8118701171875,217.750602722168
650,26.0,0.873528003692627,56.52300000656396,209.80841064453125,106.55542755126953,0.623108983039856,False,12.007527351379395,True,63,0,63,double,2.604166644030354,156.24999864182124,JUMPING,288.8118701171875,213.8198181152344
651,26.04,0.8669816255569458,54.88889999105595,215.35166931152344,109.29578399658203,2.7861359119415283,False,12.596969604492188,False,64,0,64,double,2.7173910789994715,163.0434647399683,JUMPING,288.8118701171875,209.69861145019533
652,26.08,0.8623403310775757,59.0721000044141,217.8834228515625,110.95500946044922,1.7076492309570312,False,12.650015830993652,False,64,0,64,double,2.7173910789994715,163.0434647399683,JUMPING,288.7414294433594,209.0494140625
653,26.12,0.8803074955940247,59.57299999136012,220.34939575195312,113.78836059570312,2.8374643325805664,False,13.723645210266113,False,64,0,64,double,2.7173910789994715,163.0434647399683,JUMPING,288.7414294433594,208.1785499572754
654,26.16,0.8907693028450012,73.74920000438578,222.74630737304688,115.87698364257812,3.279461145401001,False,11.573745727539062,False,64,0,64,double,2.7173910789994715,163.0434647399683,JUMPING,288.6051934814453,206.58085937500002
655,26.2,0.7922548055648804,68.83899999957066,222.04238891601562,113.816162109375,2.0953211784362793,False,8.740065574645996,False,64,0,64,double,2.7173910789994715,163.0434647399683,JUMPING,288.6051934814453,209.16405334472657
656,26.24,0.8238087296485901,51.21829999552574,218.18199157714844,113.68180084228516,7.312208652496338,False,6.298168659210205,True,64,0,64,double,2.7173910789994715,163.0434647399683,JUMPING,288.6051934814453,213.42807235717774
657,26.28,0.8818431496620178,66.442499999539,216.22320556640625,108.20623016357422,9.012213706970215,False,4.9197258949279785,False,64,0,64,double,2.7173910789994715,163.0434647399683,JUMPING,288.6469140625,215.4860992431641
658,26.32,0.8665450811386108,50.633899998501875,214.82843017578125,107.13200378417969,3.1045823097229004,False,8.674543380737305,False,64,0,64,double,2.7173910789994715,163.0434647399683,JUMPING,288.6469140625,212.90794067382814
659,26.36,0.8579229116439819,70.30300000042189,212.98892211914062,107.50513458251953,4.995233058929443,False,7.960638523101807,True,64,0,64,double,2.7173910789994715,163.0434647399683,JUMPING,288.6469140625,209.19346008300784
660,26.4,0.8696032166481018,67.8417999879457,212.537841796875,106.84941101074219,1.3219362497329712,False,6.163258075714111,True,64,0,64,double,2.7173910789994715,163.0434647399683,JUMPING,288.6469140625,211.5220474243164
661,26.44,0.869464099407196,75.19680001132656,213.5590057373047,107.03510284423828,5.777978420257568,False,13.511138916015625,True,64,0,64,double,2.7173910789994715,163.0434647399683,JUMPING,288.61423889160153,214.32500305175782
662,26.48,0.8627872467041016,66.89159999950789,216.22634887695312,110.8248291015625,4.636976718902588,False,16.58841323852539,True,64,0,64,double,2.7173910789994715,163.0434647399683,JUMPING,288.39186523437496,210.07248992919924
663,26.52,0.8522506356239319,68.14200000371784,228.38134765625,114.18488311767578,3.511948585510254,False,14.255846977233887,False,65,0,65,double,2.551019117267822,153.06114703606931,JUMPING,288.29661682128904,206.18908843994143
664,26.56,0.867394208908081,59.06610000238288,227.55133056640625,115.3847427368164,1.2007877826690674,False,11.800298690795898,False,65,0,65,double,2.551019117267822,153.06114703606931,JUMPING,288.14398498535155,207.91973876953128
665,26.6,0.86495441198349,59.91119999089278,226.63975524902344,115.76824951171875,0.4123426377773285,False,13.551456451416016,False,65,0,65,double,2.551019117267822,153.06114703606931,JUMPING,287.9742907714844,207.76145935058597
666,26.64,0.7719258069992065,71.82530000864062,226.64166259765625,,0.0,False,7.259986877441406,True,65,0,65,double,2.551019117267822,153.06114703606931,JUMPING,287.9742907714844,214.75901260375977
667,26.68,0.8268172740936279,51.84899999585468,216.28082275390625,116.57789611816406,7.487734317779541,False,16.992252349853516,True,65,0,65,double,2.551019117267822,153.06114703606931,JUMPING,287.9742907714844,213.67107238769532
668,26.72,0.8211778998374939,55.772899999283254,210.22454833984375,112.05563354492188,4.570537567138672,False,20.491348266601562,True,65,0,65,double,2.551019117267822,153.06114703606931,JUMPING,287.9742907714844,215.28128433227542
669,26.76,0.8856202363967896,58.56510000012349,208.4171142578125,109.7192611694336,3.236567974090576,False,2.620044231414795,True,65,0,65,double,2.551019117267822,153.06114703606931,JUMPING,287.9742907714844,215.7852607727051
670,26.8,0.8967915177345276,104.78399999556132,207.6405487060547,107.86466217041016,2.268521308898926,False,12.500494003295898,True,65,0,65,double,2.551019117267822,153.06114703606931,JUMPING,287.75962707519534,215.8990692138672
671,26.84,0.8825718760490417,66.33030000375584,209.3577880859375,108.31879425048828,1.1381374597549438,False,16.21398162841797,True,65,0,65,double,2.551019117267822,153.06114703606931,JUMPING,287.646591796875,215.38007049560548
672,26.88,0.8730863928794861,61.800099996617064,223.52792358398438,112.6384048461914,4.347423553466797,False,16.53713607788086,False,66,0,66,double,2.604166644030354,156.24999864182124,JUMPING,287.646591796875,206.0860809326172
673,26.92,0.8595093488693237,65.15909999143332,232.49522399902344,115.22835540771484,2.6075375080108643,False,4.943264007568359,False,66,0,66,double,2.604166644030354,156.24999864182124,JUMPING,287.75962707519534,206.073844909668
674,26.96,0.8584291934967041,78.92960000026505,225.83786010742188,117.22727966308594,5.703250885009766,False,11.097675323486328,False,66,0,66,double,2.604166644030354,156.24999864182124,JUMPING,288.03550231933593,208.18421478271486
675,27.0,0.8497583866119385,73.05609999457374,220.30294799804688,117.24522399902344,2.6604838371276855,False,15.752132415771484,False,66,0,66,double,2.604166644030354,156.24999864182124,JUMPING,288.1930908203125,207.23559570312503
676,27.04,0.8432942628860474,61.56129999726545,217.5955810546875,114.93311309814453,4.712243556976318,False,16.595645904541016,False,66,0,66,double,2.604166644030354,156.24999864182124,JUMPING,288.1930908203125,216.9971389770508
677,27.08,0.8396763205528259,50.837000002502464,215.4456787109375,112.1727066040039,3.222933053970337,False,16.468090057373047,True,66,0,66,double,2.604166644030354,156.24999864182124,JUMPING,288.1930908203125,215.1122543334961
678,27.12,0.8470320105552673,60.9631000115769,212.50845336914062,111.03801727294922,1.1794531345367432,False,16.420312881469727,False,66,0,66,double,2.604166644030354,156.24999864182124,JUMPING,288.1930908203125,211.2104820251465
679,27.16,0.8682676553726196,56.83139999746345,210.43972778320312,,0.0,False,15.14052963256836,False,66,0,66,double,2.604166644030354,156.24999864182124,JUMPING,288.2129815673828,212.05979461669924
680,27.2,0.8935589790344238,54.780999998911284,211.9129638671875,112.4002456665039,9.113265991210938,False,7.914946556091309,False,66,0,66,double,2.604166644030354,156.24999864182124,JUMPING,288.20333190917967,213.10071258544923
681,27.24,0.8956509828567505,67.32270000793505,213.3721923828125,111.78621673583984,2.5244827270507812,False,15.545647621154785,False,66,0,66,double,2.604166644030354,156.24999864182124,JUMPING,288.2659533691406,211.92148895263674
682,27.28,0.8665489554405212,61.41789999674074,222.76651000976562,115.3974838256836,3.9150543212890625,False,5.562331676483154,False,66,0,66,double,2.604166644030354,156.24999864182124,JUMPING,288.36925170898434,205.9051254272461
683,27.32,0.8860440850257874,56.99119999189861,231.1726837158203,117.69661712646484,2.384683847427368,False,5.088619709014893,False,66,0,66,double,2.604166644030354,156.24999864182124,JUMPING,288.4725634765625,206.94129333496096
684,27.36,0.8268765211105347,51.55989999184385,227.93759155273438,115.89543914794922,1.8020650148391724,False,8.619736671447754,False,66,0,66,double,2.604166644030354,156.24999864182124,JUMPING,288.4725634765625,210.6348098754883
685,27.4,0.8339293003082275,73.05310000083409,224.18783569335938,113.93594360351562,1.977906346321106,False,15.196269035339355,True,66,0,66,double,2.604166644030354,156.24999864182124,JUMPING,288.4725634765625,211.11732711791993
686,27.44,0.8423629403114319,73.75310000497848,218.5968017578125,111.28024291992188,2.9868826866149902,False,17.97368621826172,True,66,0,66,double,2.604166644030354,156.24999864182124,JUMPING,288.4725634765625,210.88135986328126
687,27.48,0.8187515139579773,46.75540000607725,211.57577514648438,108.84317016601562,2.8328723907470703,False,18.282949447631836,True,66,0,66,double,2.604166644030354,156.24999864182124,JUMPING,288.4725634765625,207.84429168701175
688,27.52,0.846177339553833,67.8046999964863,208.475341796875,,0.0,False,18.176008224487305,True,66,0,66,double,2.604166644030354,156.24999864182124,JUMPING,288.4725634765625,208.72892761230472
689,27.56,0.8346298336982727,56.290799999260344,207.34423828125,111.59346771240234,4.620069980621338,False,17.903060913085938,True,66,0,66,double,2.604166644030354,156.24999864182124,JUMPING,288.4725634765625,210.07389984130862
690,27.6,0.8880220651626587,73.66399999591522,208.408935546875,110.009765625,4.544064044952393,False,5.632239818572998,False,67,0,67,double,2.1929817383715102,131.57890430229062,JUMPING,288.4019268798828,214.3983856201172
691,27.64,0.879810094833374,69.70870000077412,216.22354125976562,113.1155014038086,3.3104891777038574,False,14.488166809082031,False,67,0,67,double,2.1929817383715102,131.57890430229062,JUMPING,288.4019268798828,205.03524322509767
692,27.68,0.8988525867462158,65.77529999776743,230.3957061767578,116.12643432617188,3.1241507530212402,False,14.666248321533203,False,67,0,67,double,2.1929817383715102,131.57890430229062,JUMPING,288.77022033691406,204.73040008544925
693,27.72,0.8906530737876892,56.66639999253675,231.8983612060547,116.44873046875,0.433117538690567,False,14.501165390014648,False,67,0,67,double,2.1929817383715102,131.57890430229062,JUMPING,288.94902099609374,206.8892692565918
694,27.76,0.8755049705505371,67.84620000689756,226.23654174804688,114.617431640625,2.1387178897857666,False,13.41466999053955,False,67,0,67,double,2.1929817383715102,131.57890430229062,JUMPING,288.94902099609374,212.59824676513674
695,27.8,0.7685325741767883,43.16849999304395,223.55953979492188,,0.0,False,7.410529136657715,True,67,0,67,double,2.1929817383715102,131.57890430229062,JUMPING,288.94902099609374,211.8014617919922
696,27.84,0.7153871059417725,48.26840000168886,218.59616088867188,113.57453918457031,1.4896405935287476,False,17.45502471923828,True,67,0,67,double,2.1929817383715102,131.57890430229062,JUMPING,288.94902099609374,212.72315826416016
697,27.88,0.7316497564315796,55.36319999373518,212.78240966796875,111.09261322021484,2.7151615619659424,False,19.270219802856445,True,67,0,67,double,2.1929817383715102,131.57890430229062,JUMPING,288.94902099609374,213.5726303100586
698,27.92,0.7457050085067749,59.25889998616185,208.728759765625,,0.0,False,18.376691818237305,True,67,0,67,double,2.1929817383715102,131.57890430229062,JUMPING,288.94902099609374,213.7487014770508
699,27.96,0.8634586334228516,73.38660000823438,207.00387573242188,111.69351959228516,0.7861852049827576,False,5.103075981140137,True,67,0,67,double,2.1929817383715102,131.57890430229062,JUMPING,288.94902099609374,212.0416000366211
700,28.0,0.8602390289306641,72.45729998976458,212.62449645996094,113.8475570678711,2.1661136150360107,False,14.172455787658691,True,67,0,67,double,2.1929817383715102,131.57890430229062,JUMPING,288.94902099609374,206.742529296875
701,28.04,0.8698698878288269,52.69359999510925,216.14761352539062,115.22965240478516,1.382516622543335,False,16.446252822875977,True,67,0,67,double,2.1929817383715102,131.57890430229062,JUMPING,288.94902099609374,208.5272933959961
702,28.08,0.893906831741333,88.40389999386389,0.0,,0.0,False,0.0,False,67,0,67,unknown,0.0,0.0,JUMPING,,206.06812133789063
703,28.12,0.8404734134674072,69.31360000453424,218.15733337402344,,0.0,False,4.035614013671875,True,67,0,67,double,2.1929817383715102,131.57890430229062,JUMPING,288.94902099609374,208.79915466308594
704,28.16,0.8444094657897949,75.02210000529885,220.47882080078125,115.69734191894531,0.6842957735061646,False,2.3780007362365723,False,68,0,68,double,2.0491799294100375,122.95079576460225,JUMPING,288.94902099609374,209.02201309204102
705,28.2,0.8419162631034851,74.72920000145677,216.26617431640625,115.8007583618164,5.695572376251221,False,8.82345962524414,True,68,0,68,double,2.0491799294100375,122.95079576460225,JUMPING,288.94902099609374,212.59872512817384
706,28.24,0.8369664549827576,58.3660999982385,212.57254028320312,,0.0,False,15.057103157043457,True,68,0,68,double,2.0491799294100375,122.95079576460225,JUMPING,288.94902099609374,215.24465179443362
707,28.28,0.8231513500213623,71.75639999331906,209.24618530273438,112.30342102050781,3.5747125148773193,False,20.402185440063477,True,68,0,68,double,2.0491799294100375,122.95079576460225,JUMPING,288.94902099609374,206.81681823730472
708,28.32,0.8909907937049866,65.87520000175573,207.68115234375,109.28838348388672,6.622964382171631,False,5.88316535949707,True,68,0,68,double,2.0491799294100375,122.95079576460225,JUMPING,288.94902099609374,215.22772445678712
709,28.36,0.8888342976570129,74.59180000296328,209.99209594726562,109.96126556396484,1.480495810508728,False,14.409307479858398,True,68,0,68,double,2.0491799294100375,122.95079576460225,JUMPING,288.94902099609374,213.74717407226564
710,28.4,0.8849564790725708,62.643800003570504,213.39044189453125,113.1252670288086,3.2750046253204346,False,17.519437789916992,False,68,0,68,double,2.0491799294100375,122.95079576460225,JUMPING,288.94902099609374,208.27102508544922
711,28.44,0.9040325880050659,61.22890001279302,218.9112091064453,116.27407836914062,3.1954572200775146,False,16.20061683654785,False,68,0,68,double,2.0491799294100375,122.95079576460225,JUMPING,289.10084655761716,203.44647369384768
712,28.48,0.8976637721061707,75.33220000914298,221.8686981201172,117.0904312133789,0.8682961463928223,False,13.69678783416748,False,68,0,68,double,2.0491799294100375,122.95079576460225,JUMPING,289.16913757324215,206.76071548461917
713,28.52,0.8882885575294495,66.79199999780394,224.2059326171875,117.50399780273438,0.4162586033344269,False,13.189756393432617,False,68,0,68,double,2.0491799294100375,122.95079576460225,JUMPING,289.1783935546875,206.85527191162112
714,28.56,0.876207172870636,50.51580000144895,220.4791717529297,113.73388671875,3.770136833190918,False,12.360333442687988,True,68,0,68,double,2.0491799294100375,122.95079576460225,JUMPING,289.1783935546875,214.39116821289065
715,28.6,0.8758987188339233,67.53559999924619,217.91055297851562,111.111328125,2.623392343521118,False,13.208831787109375,True,68,0,68,double,2.0491799294100375,122.95079576460225,JUMPING,289.1783935546875,214.24266586303713
716,28.64,0.8177692890167236,58.824099993216805,213.2253875732422,108.90418243408203,2.217017412185669,False,3.305614471435547,True,68,0,68,double,2.0491799294100375,122.95079576460225,JUMPING,289.1783935546875,213.7092239379883
717,28.68,0.8922251462936401,51.67089999304153,211.50006103515625,108.11929321289062,2.5174221992492676,False,7.7760186195373535,True,68,0,68,double,2.0491799294100375,122.95079576460225,JUMPING,289.1242492675781,211.83410797119143
718,28.72,0.9006295204162598,58.927899997797795,212.04946899414062,108.60417938232422,0.8197310566902161,False,11.422781944274902,True,68,0,68,double,2.0491799294100375,122.95079576460225,JUMPING,289.1242492675781,213.079362487793
719,28.76,0.8432731032371521,53.52380000113044,216.1436767578125,111.51447296142578,2.9133987426757812,False,11.435084342956543,False,69,0,69,double,1.8382357984499063,110.29414790699437,JUMPING,288.9937316894531,210.2386917114258
720,28.8,0.8684883117675781,54.70339999010321,216.62559509277344,113.32745361328125,1.8151782751083374,False,12.656366348266602,False,69,0,69,double,1.8382357984499063,110.29414790699437,JUMPING,288.63426940917964,207.49797363281252
721,28.84,0.9038533568382263,64.41930000437424,226.11407470703125,116.33924102783203,3.043560266494751,False,11.441573143005371,False,69,0,69,double,1.8382357984499063,110.29414790699437,JUMPING,288.44262390136714,205.04965286254884
722,28.88,0.8749808669090271,66.39069999800995,229.98243713378906,116.79454803466797,0.6703135371208191,False,11.497285842895508,True,69,0,69,double,1.8382357984499063,110.29414790699437,JUMPING,288.44262390136714,206.8322937011719
723,28.92,0.8558487892150879,64.58369999018032,226.28118896484375,114.56395721435547,2.244333505630493,False,11.124527931213379,True,69,0,69,double,1.8382357984499063,110.29414790699437,JUMPING,288.44262390136714,208.8070770263672
724,28.96,0.8920246362686157,64.35820000478998,222.98715209960938,112.98480987548828,1.605429768562317,False,12.715794563293457,True,69,0,69,double,1.8382357984499063,110.29414790699437,JUMPING,288.44262390136714,209.17204284667972
725,29.0,0.829767107963562,50.66889998852275,217.92715454101562,111.83615112304688,1.169248342514038,False,5.006516933441162,False,69,0,69,double,1.8382357984499063,110.29414790699437,JUMPING,288.44262390136714,213.45214996337893
726,29.04,0.882857084274292,58.33500000881031,212.4045867919922,108.1353988647461,3.9140634536743164,False,7.3894758224487305,False,69,0,69,double,1.8382357984499063,110.29414790699437,JUMPING,288.44262390136714,211.59638671875
727,29.08,0.900117039680481,64.83329999900889,210.5830078125,108.0704116821289,0.6256681680679321,False,12.431200981140137,False,69,0,69,double,1.8382357984499063,110.29414790699437,JUMPING,288.44262390136714,211.1956527709961
728,29.12,0.8650712966918945,56.652800005394965,210.6326446533203,109.556396484375,1.5533777475357056,False,15.14549446105957,False,69,0,69,double,1.8382357984499063,110.29414790699437,JUMPING,288.44262390136714,211.1717010498047
729,29.16,0.8470868468284607,73.220800011768,211.97508239746094,112.81838989257812,3.3113632202148438,False,15.99463939666748,True,69,0,69,double,1.8382357984499063,110.29414790699437,JUMPING,288.32879272460934,208.65782775878907
730,29.2,0.8473899960517883,74.70519999333192,215.64315795898438,119.5279541015625,6.846099376678467,False,8.392719268798828,False,70,0,70,double,1.8656713878505957,111.94028327103574,JUMPING,288.00891784667965,202.52893981933596
731,29.24,0.8870710134506226,57.96279999776743,219.19374084472656,116.18801879882812,3.7460203170776367,False,4.130636215209961,False,70,0,70,double,1.8656713878505957,111.94028327103574,JUMPING,288.01195983886714,204.48531036376954
732,29.28,0.8742128014564514,70.44720000703819,218.604736328125,116.11672973632812,0.273205429315567,False,10.008293151855469,False,70,0,70,double,1.8656713878505957,111.94028327103574,JUMPING,287.98500671386716,207.83069610595706
733,29.32,0.8564608097076416,70.7057999970857,217.2876434326172,115.70074462890625,0.8629408478736877,False,12.814493179321289,False,70,0,70,double,1.8656713878505957,111.94028327103574,JUMPING,288.01195983886714,208.15752716064455
734,29.36,0.8591279983520508,70.97539999813307,214.658203125,113.11328125,5.811723709106445,False,1.5398472547531128,False,70,0,70,double,1.8656713878505957,111.94028327103574,JUMPING,288.0238159179687,208.99338684082034
735,29.4,0.8674125075340271,63.99840000085533,211.855712890625,110.10916900634766,4.2786760330200195,False,12.45092487335205,False,70,0,70,double,1.8656713878505957,111.94028327103574,JUMPING,288.0238159179687,208.155143737793
736,29.44,0.8958010673522949,52.69969999790192,209.69296264648438,108.21717071533203,2.364933729171753,False,15.210018157958984,True,70,0,70,double,1.8656713878505957,111.94028327103574,JUMPING,288.0238159179687,210.05987625122071
737,29.48,0.8575773239135742,52.581199997803196,210.13308715820312,109.0978775024414,1.291010856628418,False,12.24438190460205,True,70,0,70,double,1.8656713878505957,111.94028327103574,JUMPING,288.0238159179687,212.16598281860354
738,29.52,0.8763435482978821,73.84470000397414,210.47650146484375,111.38373565673828,3.3478329181671143,False,15.367549896240234,True,70,0,70,double,1.8656713878505957,111.94028327103574,JUMPING,288.0238159179687,207.13873977661135
739,29.56,0.818741500377655,73.72250000480562,215.214111328125,114.5134048461914,3.731076240539551,False,14.472198486328125,False,71,0,71,double,1.8656713878505957,111.94028327103574,JUMPING,288.04383850097656,208.18377838134768
740,29.6,0.8980227708816528,62.26559999049641,225.53265380859375,116.5643539428711,2.383211851119995,False,12.875868797302246,False,71,0,71,double,1.8656713878505957,111.94028327103574,JUMPING,288.4231298828125,204.3974090576172
741,29.64,0.8895711302757263,59.25970000680536,233.02212524414062,117.54678344726562,1.0746389627456665,False,11.805304527282715,False,71,0,71,double,1.8656713878505957,111.94028327103574,JUMPING,288.55172363281247,205.68810806274416
742,29.68,0.9021323323249817,52.05959999875631,228.0728759765625,115.7580337524414,1.8034121990203857,False,12.77022647857666,False,71,0,71,double,1.8656713878505957,111.94028327103574,JUMPING,288.61467529296874,209.86855621337892
743,29.72,0.885636568069458,54.696399995009415,220.04922485351562,112.36905670166016,5.664215564727783,False,12.896550178527832,False,71,0,71,double,1.8656713878505957,111.94028327103574,JUMPING,288.61467529296874,215.00829010009767
744,29.76,0.8560360074043274,62.871999994968064,215.83596801757812,109.56735229492188,2.8064424991607666,False,12.456653594970703,True,71,0,71,double,1.8656713878505957,111.94028327103574,JUMPING,288.61467529296874,212.48785400390628
745,29.8,0.8573920130729675,63.44179999723565,211.63265991210938,108.00384521484375,2.2308292388916016,False,13.15049934387207,True,71,0,71,double,1.8656713878505957,111.94028327103574,JUMPING,288.61467529296874,206.78680725097658
746,29.84,0.8825127482414246,67.4760999972932,208.63421630859375,106.67849731445312,2.07035231590271,False,14.160993576049805,True,71,0,71,double,1.8656713878505957,111.94028327103574,JUMPING,288.61467529296874,211.65597229003907
747,29.88,0.8486810922622681,54.328300000634044,209.38421630859375,,0.0,False,7.021398067474365,True,71,0,71,double,1.8656713878505957,111.94028327103574,JUMPING,288.61467529296874,212.34395065307618
748,29.92,0.8744499087333679,52.4959000031231,214.19064331054688,110.76535034179688,4.225931167602539,False,7.131865978240967,False,72,0,72,double,2.1551727526572564,129.31036515943538,JUMPING,288.4454504394531,211.16750488281252
749,29.96,0.790537416934967,55.964099999982864,221.01913452148438,116.73731994628906,6.0708160400390625,False,8.328853607177734,True,72,0,72,double,2.1551727526572564,129.31036515943538,JUMPING,288.11413269042964,204.6552803039551
750,30.0,0.8731467127799988,66.2270000029821,226.01226806640625,113.92684173583984,2.8327455520629883,False,4.336446285247803,False,72,0,72,double,2.1551727526572564,129.31036515943538,JUMPING,287.8898284912109,206.53772277832033
751,30.04,0.8665784001350403,68.56210000114515,230.45462036132812,115.6264419555664,1.732738733291626,False,9.821198463439941,False,72,0,72,double,2.1551727526572564,129.31036515943538,JUMPING,287.9796026611328,206.9844467163086
752,30.08,0.8469971418380737,64.30389999877661,222.59561157226562,113.98506164550781,6.956796646118164,False,5.997673988342285,False,72,0,72,double,2.1551727526572564,129.31036515943538,JUMPING,287.9796026611328,212.08816070556642
753,30.12,0.8862690925598145,62.53429999924265,215.75961303710938,110.49337005615234,3.9084486961364746,False,6.822009086608887,True,72,0,72,double,2.1551727526572564,129.31036515943538,JUMPING,287.9796026611328,215.52564392089846
754,30.16,0.9006620645523071,61.61900000006426,209.67730712890625,107.9053955078125,3.2663633823394775,False,13.36725902557373,True,72,0,72,double,2.1551727526572564,129.31036515943538,JUMPING,287.9796026611328,215.63441696166993
755,30.2,0.9084948301315308,71.34260000020731,206.2311248779297,106.3526611328125,2.10095477104187,False,16.35236167907715,True,72,0,72,double,2.1551727526572564,129.31036515943538,JUMPING,287.9796026611328,213.72333984375
756,30.24,0.6141712665557861,87.16429999913089,210.21981811523438,104.8588638305664,1.4996298551559448,False,16.103675842285156,True,72,0,72,double,2.1551727526572564,129.31036515943538,JUMPING,287.9796026611328,215.35647125244142
757,30.28,0.876860499382019,87.14429999236017,210.38436889648438,108.1341781616211,3.5545899868011475,False,18.089242935180664,True,72,0,72,double,2.1551727526572564,129.31036515943538,JUMPING,287.9796026611328,210.85912017822267
758,30.32,0.8985599279403687,85.2415999979712,213.1018829345703,112.74625396728516,4.701190948486328,False,17.035377502441406,False,73,0,73,double,2.314814914462502,138.8888948677501,JUMPING,287.95728210449215,208.86647796630862
759,30.36,0.9089829325675964,82.10660000622738,217.56283569335938,116.31295013427734,3.575085401535034,False,15.889209747314453,False,73,0,73,double,2.314814914462502,138.8888948677501,JUMPING,288.1852062988281,204.11690368652344
760,30.4,0.8966206908226013,81.87339999130927,221.57785034179688,118.13594818115234,1.8243640661239624,False,15.194034576416016,False,73,0,73,double,2.314814914462502,138.8888948677501,JUMPING,288.60839416503904,207.870467376709
761,30.44,0.786815345287323,77.56810000864789,225.42953491210938,119.05661010742188,1.3490830659866333,False,4.863687515258789,False,73,0,73,double,2.314814914462502,138.8888948677501,JUMPING,288.8151123046875,207.11436004638674
762,30.48,0.8902226686477661,85.76090000860859,220.43116760253906,113.8756103515625,5.2794413566589355,False,5.657436370849609,False,73,0,73,double,2.314814914462502,138.8888948677501,JUMPING,288.9086700439453,216.5855453491211
763,30.52,0.8375043869018555,87.48269999341574,216.43572998046875,111.00312805175781,3.2922277450561523,False,7.804347038269043,True,73,0,73,double,2.314814914462502,138.8888948677501,JUMPING,288.9086700439453,215.3897888183594
764,30.56,0.8935839533805847,99.96969999338035,214.18667602539062,108.5594482421875,2.595271587371826,False,5.8744797706604,True,73,0,73,double,2.314814914462502,138.8888948677501,JUMPING,288.9086700439453,215.97220840454102
765,30.6,0.8764651417732239,62.37200000032317,212.2466278076172,106.60021209716797,1.962852954864502,False,15.007206916809082,True,73,0,73,double,2.314814914462502,138.8888948677501,JUMPING,288.9086700439453,212.30166168212892
766,30.64,0.9007482528686523,60.87159999879077,211.46524047851562,106.4408187866211,0.36311712861061096,False,17.690317153930664,True,73,0,73,double,2.314814914462502,138.8888948677501,JUMPING,288.9086700439453,214.15342178344727
767,30.68,0.9167715311050415,57.16670000401791,213.260009765625,110.18881225585938,3.7768101692199707,False,18.99566078186035,True,73,0,73,double,2.314814914462502,138.8888948677501,JUMPING,288.8774047851562,210.8663543701172
768,30.72,0.879636824131012,62.629000007291324,218.89871215820312,114.01851654052734,3.8297383785247803,False,16.733572006225586,False,74,0,74,double,2.551021638549201,153.06129831295206,JUMPING,288.8645965576172,207.77325897216798
769,30.76,0.8755190968513489,80.82089999516029,222.86105346679688,116.06616973876953,2.0477561950683594,False,14.656242370605469,False,74,0,74,double,2.551021638549201,153.06129831295206,JUMPING,288.8645965576172,207.97687377929688
770,30.8,0.895355224609375,74.57450000219978,224.0711669921875,117.11526489257812,1.053049921989441,False,13.94021224975586,False,74,0,74,double,2.551021638549201,153.06129831295206,JUMPING,288.92393188476564,205.05798645019533
771,30.84,0.8637081384658813,63.97079999442212,223.19638061523438,117.3285140991211,5.203933238983154,False,14.105695724487305,False,74,0,74,double,2.551021638549201,153.06129831295206,JUMPING,288.9767120361328,208.51395797729495
772,30.88,0.8408725261688232,70.93319999694359,219.13601684570312,114.99896240234375,7.9424543380737305,False,9.405326843261719,False,74,0,74,double,2.551021638549201,153.06129831295206,JUMPING,288.9767120361328,216.33706512451172
773,30.92,0.8496689796447754,64.70679999620188,214.01974487304688,110.2863540649414,4.759748458862305,False,22.476499557495117,True,74,0,74,double,2.551021638549201,153.06129831295206,JUMPING,288.9767120361328,218.26384429931642
774,30.96,0.862626314163208,55.314900004304945,210.46527099609375,107.79562377929688,3.6951587200164795,False,25.83714485168457,True,74,0,74,double,2.551021638549201,153.06129831295206,JUMPING,288.9767120361328,216.01698150634766
775,31.0,0.8708888292312622,65.63949999690522,208.90496826171875,109.72840881347656,2.772922992706299,False,25.60140037536621,True,74,0,74,double,2.551021638549201,153.06129831295206,JUMPING,288.9767120361328,217.13155899047854
776,31.04,0.8826131820678711,70.37849999323953,212.19552612304688,110.38764190673828,1.8887978792190552,False,3.548258066177368,True,74,0,74,double,2.551021638549201,153.06129831295206,JUMPING,288.9767120361328,216.76953887939456
777,31.08,0.8629229068756104,62.47849999635946,213.50643920898438,114.76336669921875,4.664200305938721,False,9.694535255432129,False,75,0,75,double,2.65957561316125,159.574536789675,JUMPING,288.8462738037109,211.48797454833985
778,31.12,0.853571355342865,65.44279999798164,214.93267822265625,,0.0,False,15.375190734863281,False,75,0,75,double,2.65957561316125,159.574536789675,JUMPING,288.8462738037109,210.83401031494142
779,31.16,0.8625323176383972,79.93339998938609,227.55908203125,120.58397674560547,5.836683750152588,False,16.936796188354492,False,75,0,75,double,2.65957561316125,159.574536789675,JUMPING,289.0017883300781,205.60964813232422
780,31.2,0.8524620532989502,55.4446000023745,224.25582885742188,120.77520751953125,0.5693747401237488,False,18.30131721496582,False,75,0,75,double,2.65957561316125,159.574536789675,JUMPING,289.08552795410156,209.16551361083987
781,31.24,0.8431791663169861,65.24270000227261,221.17184448242188,120.3404312133789,1.428395390510559,False,19.019989013671875,False,75,0,75,double,2.65957561316125,159.574536789675,JUMPING,289.2103143310547,208.898494720459
782,31.28,0.8603256940841675,70.50240000535268,217.1855010986328,,0.0,False,20.537012100219727,True,75,0,75,double,2.65957561316125,159.574536789675,JUMPING,289.2103143310547,214.63513336181643
783,31.32,0.8651721477508545,71.66790000337642,212.1361541748047,,0.0,False,19.9409122467041,True,75,0,75,double,2.65957561316125,159.574536789675,JUMPING,289.2103143310547,214.6391784667969
784,31.36,0.8778035640716553,67.51540000550449,209.14971923828125,,0.0,False,19.885425567626953,True,75,0,75,double,2.65957561316125,159.574536789675,JUMPING,289.2103143310547,212.71513519287112
785,31.4,0.8620727062225342,50.166300003184006,207.29129028320312,,0.0,False,19.198049545288086,True,75,0,75,double,2.65957561316125,159.574536789675,JUMPING,289.2103143310547,212.72215118408204
786,31.44,0.84434974193573,66.40609999885783,205.80029296875,,0.0,False,18.09516143798828,True,75,0,75,double,2.65957561316125,159.574536789675,JUMPING,289.2103143310547,218.79880523681643
787,31.48,0.8206931352615356,68.65639999159612,211.11521911621094,117.363525390625,5.574563026428223,False,8.024235725402832,False,76,0,76,double,2.604166644030354,156.24999864182124,JUMPING,289.2103143310547,208.81190261840823
788,31.52,0.8310143947601318,74.67139999789651,216.3658447265625,117.76497650146484,0.6624106764793396,False,3.1519885063171387,False,76,0,76,double,2.604166644030354,156.24999864182124,JUMPING,289.2103143310547,211.07446746826173
789,31.56,0.8521677255630493,90.1921000040602,217.270751953125,121.18527221679688,3.4592411518096924,False,8.660909652709961,False,76,0,76,double,2.604166644030354,156.24999864182124,JUMPING,289.2103143310547,208.64435806274415
790,31.6,0.8419109582901001,74.97590000275522,217.7362518310547,,0.0,False,12.629206657409668,False,76,0,76,double,2.604166644030354,156.24999864182124,JUMPING,289.2103143310547,213.04500427246094
791,31.64,0.8411088585853577,87.56909999647178,218.91500854492188,118.45768737792969,3.66186785697937,False,11.592747688293457,False,76,0,76,double,2.604166644030354,156.24999864182124,JUMPING,289.2103143310547,211.80924148559572
792,31.68,0.7754306793212891,71.76600000821054,220.1845703125,115.25354766845703,3.236358642578125,False,15.062079429626465,True,76,0,76,double,2.604166644030354,156.24999864182124,JUMPING,289.2103143310547,217.292985534668
793,31.72,0.8748691082000732,73.30669999646489,215.36459350585938,111.71029663085938,5.263442039489746,False,18.904478073120117,True,76,0,76,double,2.604166644030354,156.24999864182124,JUMPING,289.2103143310547,215.61732177734376
794,31.76,0.8346245884895325,61.30390000180341,214.2781219482422,111.06953430175781,1.995577096939087,False,17.838417053222656,True,76,0,76,double,2.604166644030354,156.24999864182124,JUMPING,289.2103143310547,212.6973602294922
795,31.8,0.8384973406791687,69.10570000763983,216.3955078125,,0.0,False,17.29595184326172,True,76,0,76,double,2.604166644030354,156.24999864182124,JUMPING,289.2103143310547,218.87750854492188
796,31.84,0.8443480730056763,53.03139999159612,217.69180297851562,,0.0,False,17.699260711669922,True,76,0,76,double,2.604166644030354,156.24999864182124,JUMPING,289.0777459716797,218.47801666259767
797,31.88,0.8381583094596863,58.74749999202322,224.77316284179688,115.95985412597656,6.090001583099365,False,13.593879699707031,False,77,0,77,double,2.551021638549201,153.06129831295206,JUMPING,288.9637548828125,209.51388778686524
798,31.92,0.8601356148719788,65.93550000980031,236.55703735351562,116.30780792236328,2.2371251583099365,False,3.4310524463653564,False,77,0,77,double,2.551021638549201,153.06129831295206,JUMPING,288.8171105957031,209.45003890991214
799,31.96,0.8637430667877197,54.480699996929616,232.93408203125,115.7454605102539,1.3328936100006104,False,7.119021415710449,False,77,0,77,double,2.551021638549201,153.06129831295206,JUMPING,288.8171105957031,212.46666336059573
800,32.0,0.853983998298645,196.3532999943709,228.12838745117188,115.3632583618164,0.6092339754104614,False,11.070138931274414,False,77,0,77,double,2.551021638549201,153.06129831295206,JUMPING,288.88139892578124,210.52018737792972
801,32.04,0.8406254053115845,69.51839999237563,220.65737915039062,114.49689483642578,1.1082875728607178,False,5.698251247406006,True,77,0,77,double,2.551021638549201,153.06129831295206,JUMPING,288.88139892578124,216.282137298584
802,32.08,0.8430004119873047,72.66269999672659,214.07110595703125,109.42960357666016,5.228539943695068,False,14.282400131225586,True,77,0,77,double,2.551021638549201,153.06129831295206,JUMPING,288.88139892578124,214.95086135864258
803,32.12,0.864486813545227,71.44339999649674,208.878662109375,106.97283935546875,2.5310988426208496,False,14.508149147033691,True,77,0,77,double,2.551021638549201,153.06129831295206,JUMPING,288.88139892578124,213.3369567871094
804,32.16,0.8952721357345581,72.71049999690149,208.7573699951172,105.7685775756836,1.2066900730133057,False,4.214857578277588,True,77,0,77,double,2.551021638549201,153.06129831295206,JUMPING,288.88139892578124,213.0747802734375
805,32.2,0.885361909866333,71.26210001297295,209.52308654785156,107.71499633789062,1.9468989372253418,False,15.51222038269043,False,78,0,78,double,2.65957287273766,159.5743723642596,JUMPING,288.88139892578124,217.82797164916994
806,32.24,0.8873169422149658,65.30230000498705,209.53274536132812,109.0512466430664,1.336803913116455,False,20.2622013092041,False,78,0,78,double,2.65957287273766,159.5743723642596,JUMPING,288.88139892578124,216.8259101867676
807,32.28,0.883029580116272,71.06180000118911,218.54957580566406,113.6626205444336,4.612303256988525,False,17.115875244140625,False,78,0,78,double,2.65957287273766,159.5743723642596,JUMPING,288.9272766113281,211.92407379150393
808,32.32,0.8860059380531311,70.46719999925699,226.05838012695312,115.63611602783203,1.9738250970840454,False,13.178592681884766,False,78,0,78,double,2.65957287273766,159.5743723642596,JUMPING,289.06797912597654,213.95632781982422
809,32.36,0.8376470804214478,73.3059000049252,227.13775634765625,119.11076354980469,3.7310097217559814,False,9.11797046661377,False,78,0,78,double,2.65957287273766,159.5743723642596,JUMPING,289.10218322753906,210.48213653564454
810,32.4,0.8826249241828918,43.05710000335239,223.55743408203125,112.50310516357422,6.689255237579346,False,5.756081581115723,False,78,0,78,double,2.65957287273766,159.5743723642596,JUMPING,289.10218322753906,216.09100189208985
811,32.44,0.8169609308242798,85.96310000575613,219.4267120361328,111.63732147216797,1.0273966789245605,False,0.7578999996185303,True,78,0,78,double,2.65957287273766,159.5743723642596,JUMPING,289.10218322753906,215.82234649658204
812,32.48,0.8218288421630859,94.5563000132097,215.5517578125,109.89961242675781,2.9769792556762695,False,8.56136703491211,True,78,0,78,double,2.65957287273766,159.5743723642596,JUMPING,289.10218322753906,213.2316833496094
813,32.52,0.8723052144050598,72.31009998940863,213.86044311523438,107.82804107666016,2.1666481494903564,False,4.14834451675415,True,78,0,78,double,2.65957287273766,159.5743723642596,JUMPING,289.10218322753906,212.758708190918
814,32.56,0.8327222466468811,76.89749999553896,213.1205596923828,107.73197174072266,0.3697024881839752,False,4.044764518737793,False,79,0,79,double,2.7173882181349356,163.04329308809614,JUMPING,289.06797912597654,216.82863769531252
815,32.6,0.8725161552429199,72.96670001232997,211.9984893798828,108.00238037109375,0.4188411235809326,False,11.996502876281738,False,79,0,79,double,2.7173882181349356,163.04329308809614,JUMPING,288.8592895507812,218.21055297851564
816,32.64,0.8934653401374817,61.37049999961164,218.86880493164062,111.78339385986328,3.9567251205444336,False,12.083314895629883,False,79,0,79,double,2.7173882181349356,163.04329308809614,JUMPING,288.7559857177734,212.5450393676758
817,32.68,0.889836311340332,80.59440000215545,222.78488159179688,114.58214569091797,3.004749059677124,False,14.09073543548584,False,79,0,79,double,2.7173882181349356,163.04329308809614,JUMPING,288.7559857177734,211.4249984741211
818,32.72,0.8622540235519409,49.666399994748645,221.68472290039062,115.10750579833984,0.5305181741714478,False,14.333629608154297,False,79,0,79,double,2.7173882181349356,163.04329308809614,JUMPING,288.75244812011715,211.08406829833987
819,32.76,0.8893058896064758,55.89969998982269,219.64230346679688,114.9759521484375,0.17525407671928406,False,15.3772611618042,False,79,0,79,double,2.7173882181349356,163.04329308809614,JUMPING,288.84996826171874,212.38872375488282
820,32.8,0.8505676984786987,66.79250000161119,218.87440490722656,112.7909927368164,2.1850197315216064,False,13.015483856201172,False,79,0,79,double,2.7173882181349356,163.04329308809614,JUMPING,288.84996826171874,215.98067626953127
821,32.84,0.7929790019989014,73.34020000416785,215.66946411132812,112.61499786376953,0.30912595987319946,False,6.278484344482422,False,79,0,79,double,2.7173882181349356,163.04329308809614,JUMPING,288.84996826171874,216.5820037841797
822,32.88,0.8621581792831421,65.7158999965759,212.77359008789062,108.0396499633789,4.57801628112793,False,4.139537811279297,False,79,0,79,double,2.7173882181349356,163.04329308809614,JUMPING,288.84996826171874,213.38969421386722
823,32.92,0.8682493567466736,65.74839999666438,213.02822875976562,107.32836151123047,0.7112971544265747,False,8.779336929321289,False,79,0,79,double,2.7173882181349356,163.04329308809614,JUMPING,288.84996826171874,215.87489089965823
824,32.96,0.8647584319114685,57.165500009432435,216.534423828125,110.21036529541016,2.9091029167175293,False,10.361384391784668,False,79,0,79,double,2.7173882181349356,163.04329308809614,JUMPING,288.84996826171874,212.78667144775392
825,33.0,0.847285270690918,57.05449999368284,216.3768310546875,116.89051818847656,6.685851573944092,False,7.107974052429199,False,79,0,79,double,2.7173882181349356,163.04329308809614,JUMPING,288.99158203125,209.0398216247559
826,33.04,0.8814552426338196,72.32929999008775,220.4761962890625,115.02816009521484,1.863908290863037,False,0.48053786158561707,False,79,0,79,double,2.7173882181349356,163.04329308809614,JUMPING,289.27042602539063,206.03706130981448
827,33.08,0.8790610432624817,80.27220000803936,220.50389099121094,115.64212799072266,0.6470857858657837,False,8.016468048095703,False,79,0,79,double,2.7173882181349356,163.04329308809614,JUMPING,289.3141149902344,208.18681640625002
828,33.12,0.8439093828201294,82.48979999916628,218.78799438476562,114.50152587890625,1.3338687419891357,False,9.670708656311035,False,79,0,79,double,2.7173882181349356,163.04329308809614,JUMPING,289.3141149902344,212.44597625732425
829,33.16,0.8601123094558716,53.89090000244323,219.10772705078125,110.65116119384766,3.9016335010528564,False,10.007858276367188,False,79,0,79,double,2.7173882181349356,163.04329308809614,JUMPING,289.3141149902344,212.8436218261719
830,33.2,0.8774281740188599,65.0560000067344,218.80728149414062,108.84818267822266,1.8088700771331787,False,11.023141860961914,False,79,0,79,double,2.7173882181349356,163.04329308809614,JUMPING,289.3141149902344,214.99487075805666
831,33.24,0.8941466808319092,59.04229999578092,214.3967742919922,106.64544677734375,2.2274608612060547,False,11.887248039245605,True,79,0,79,double,2.7173882181349356,163.04329308809614,JUMPING,289.3141149902344,216.02323379516602
832,33.28,0.8886233568191528,55.68350000248756,211.81521606445312,106.12008666992188,0.53512042760849,False,10.657490730285645,True,79,0,79,double,2.7173882181349356,163.04329308809614,JUMPING,289.3141149902344,216.25658264160157
833,33.32,0.8848400115966797,66.44159999268595,210.17965698242188,106.31433868408203,0.23852014541625977,False,9.782137870788574,True,79,0,79,double,2.7173882181349356,163.04329308809614,JUMPING,289.3141149902344,214.76356124877933
834,33.36,0.8839001655578613,60.865200008265674,211.5029296875,110.33797454833984,4.0344624519348145,False,10.637913703918457,False,80,0,80,double,2.1929817383715102,131.57890430229062,JUMPING,289.3141149902344,212.16067047119142
835,33.4,0.8846877217292786,64.58439999551047,213.54490661621094,112.58736419677734,2.2678110599517822,False,10.966526985168457,False,80,0,80,double,2.1929817383715102,131.57890430229062,JUMPING,289.34137939453126,210.29547424316408
836,33.44,0.8974045515060425,55.2324000018416,0.0,,0.0,False,0.0,False,80,0,80,unknown,0.0,0.0,JUMPING,,204.5482864379883
837,33.48,0.8953916430473328,79.60939999611583,229.2770233154297,115.48685455322266,3.1516849994659424,False,9.148630142211914,False,80,0,80,double,2.1929817383715102,131.57890430229062,JUMPING,289.4297406005859,207.41777648925782
838,33.52,0.8529314994812012,70.49600000027567,226.3623809814453,115.42434692382812,1.1928772926330566,False,8.372925758361816,False,80,0,80,double,2.1929817383715102,131.57890430229062,JUMPING,289.4297406005859,210.09810333251954
839,33.56,0.8901308178901672,75.67740000376943,222.12423706054688,112.665771484375,2.7620670795440674,False,10.018302917480469,False,80,0,80,double,2.1929817383715102,131.57890430229062,JUMPING,289.4297406005859,215.4873329162598
840,33.6,0.8078797459602356,64.95850000646897,216.18267822265625,,0.0,False,8.317584037780762,False,80,0,80,double,2.1929817383715102,131.57890430229062,JUMPING,289.4297406005859,214.09186401367188
841,33.64,0.8836170434951782,73.6594000045443,212.81854248046875,110.04349517822266,2.6575937271118164,False,5.019357204437256,True,80,0,80,double,2.1929817383715102,131.57890430229062,JUMPING,289.4297406005859,215.041943359375
842,33.68,0.8881643414497375,69.01019999349955,211.1552734375,108.37691497802734,1.712300419807434,False,10.381305694580078,False,81,0,81,double,2.272726515354456,136.36359092126736,JUMPING,289.4297406005859,215.61371307373048
843,33.72,0.8806999325752258,75.36489999620244,212.04766845703125,109.4949722290039,1.1401480436325073,False,14.147543907165527,False,81,0,81,double,2.272726515354456,136.36359092126736,JUMPING,289.57609924316404,213.63177947998048
844,33.76,0.8819747567176819,74.00299998698756,213.33102416992188,110.32752227783203,0.8496509790420532,False,15.077033996582031,False,81,0,81,double,2.272726515354456,136.36359092126736,JUMPING,289.81490234374996,213.12100524902345
845,33.8,0.8540284633636475,70.53270000324119,219.28286743164062,,0.0,False,7.4387898445129395,False,81,0,81,double,2.272726515354456,136.36359092126736,JUMPING,290.06531127929685,205.9711395263672
846,33.84,0.8753302097320557,69.70089999958873,229.656982421875,115.07207489013672,4.7739410400390625,False,4.621313571929932,False,81,0,81,double,2.272726515354456,136.36359092126736,JUMPING,290.06531127929685,208.70052795410157
847,33.88,0.8790948987007141,73.15870000456925,230.71688842773438,116.40713500976562,1.3508585691452026,False,12.218295097351074,False,81,0,81,double,2.272726515354456,136.36359092126736,JUMPING,290.11407226562494,206.7705680847168
848,33.92,0.8810011148452759,72.9457999987062,226.38430786132812,114.44097900390625,1.9661784172058105,False,16.731264114379883,False,81,0,81,double,2.272726515354456,136.36359092126736,JUMPING,290.11407226562494,211.2984085083008
849,33.96,0.889862060546875,82.16999999422114,221.3114013671875,111.39910888671875,3.0418715476989746,False,17.52372169494629,False,81,0,81,double,2.272726515354456,136.36359092126736,JUMPING,290.11407226562494,217.19952850341798
850,34.0,0.8837960958480835,69.29680000757799,217.2977752685547,108.09832763671875,3.300971031188965,False,18.532428741455078,True,81,0,81,double,2.272726515354456,136.36359092126736,JUMPING,290.11407226562494,215.95511322021486
851,34.04,0.8946178555488586,56.97309999959543,213.64456176757812,106.4300308227539,1.6698079109191895,False,18.031909942626953,True,81,0,81,double,2.272726515354456,136.36359092126736,JUMPING,290.11407226562494,214.8925765991211
852,34.08,0.8786306977272034,73.31120000162628,213.17071533203125,106.0290756225586,0.4026702344417572,False,17.43977928161621,True,81,0,81,double,2.272726515354456,136.36359092126736,JUMPING,290.11407226562494,218.55264968872072
853,34.12,0.8805372714996338,52.22409999987576,213.7024688720703,106.3914794921875,0.36520373821258545,False,16.828237533569336,True,81,0,81,double,2.272726515354456,136.36359092126736,JUMPING,290.11407226562494,217.46674041748048
854,34.16,0.8766202330589294,66.0552000044845,216.31158447265625,110.66841888427734,4.278433322906494,False,18.02877426147461,True,81,0,81,double,2.272726515354456,136.36359092126736,JUMPING,290.11407226562494,209.37107543945314
855,34.2,0.8974580764770508,56.55549999210052,223.39114379882812,114.42388916015625,3.7556235790252686,False,12.069982528686523,True,81,0,81,double,2.272726515354456,136.36359092126736,JUMPING,290.06531127929685,208.51302642822267
856,34.24,0.8950111865997314,78.85620000888593,227.0826416015625,116.46747589111328,2.0444648265838623,False,8.899499893188477,False,82,0,82,double,2.118641780828275,127.1185068496965,JUMPING,290.06531127929685,209.31526641845704
857,34.28,0.8914945721626282,78.64599999447819,229.96788024902344,117.44539642333984,0.9784238338470459,False,9.694930076599121,False,82,0,82,double,2.118641780828275,127.1185068496965,JUMPING,290.06531127929685,207.00242309570314
858,34.32,0.8851954936981201,79.38710000598803,226.96925354003906,116.70116424560547,0.7700846791267395,False,13.337652206420898,False,82,0,82,double,2.118641780828275,127.1185068496965,JUMPING,290.06531127929685,210.53210449218753
859,34.36,0.8849554061889648,79.82120000815485,222.76377868652344,113.7392349243164,2.9712703227996826,False,14.194451332092285,True,82,0,82,double,2.118641780828275,127.1185068496965,JUMPING,290.06531127929685,214.26199340820315
860,34.4,0.8986552357673645,72.64290000603069,217.18670654296875,109.36090087890625,4.37968111038208,False,14.453171730041504,True,82,0,82,double,2.118641780828275,127.1185068496965,JUMPING,290.06531127929685,218.33771362304688
861,34.44,0.8916630744934082,87.79030000732746,212.8785400390625,106.99700927734375,2.3640928268432617,False,14.42226505279541,True,82,0,82,double,2.118641780828275,127.1185068496965,JUMPING,290.06531127929685,216.99469680786135
862,34.48,0.891249418258667,73.17390000389423,209.84625244140625,106.12566375732422,0.8721539974212646,False,14.169929504394531,True,82,0,82,double,2.118641780828275,127.1185068496965,JUMPING,290.06531127929685,216.1825119018555
863,34.52,0.88462895154953,62.2641000081785,209.41189575195312,106.97821807861328,0.9464492201805115,False,13.717607498168945,True,82,0,82,double,2.118641780828275,127.1185068496965,JUMPING,290.0513037109375,216.22271957397462
864,34.56,0.8819971084594727,59.2731999931857,212.997802734375,111.68120574951172,4.703040599822998,False,15.79311466217041,False,83,0,83,double,2.1186435198655156,127.11861119193094,JUMPING,289.84557006835934,212.1861999511719
865,34.6,0.8810696601867676,60.76919999031816,215.608642578125,114.5123519897461,2.8312630653381348,False,17.26470184326172,False,83,0,83,double,2.1186435198655156,127.11861119193094,JUMPING,289.8034008789062,212.69808197021487
866,34.64,0.8718297481536865,63.5521000076551,222.0247344970703,117.6745834350586,3.1622862815856934,False,13.967950820922852,False,83,0,83,double,2.1186435198655156,127.11861119193094,JUMPING,289.8034008789062,206.75244064331056
867,34.68,0.42775246500968933,62.52539998968132,225.911865234375,119.0347671508789,1.3625375032424927,False,11.123705863952637,False,83,0,83,double,2.1186435198655156,127.11861119193094,JUMPING,289.8034008789062,205.84265289306643
868,34.72,0.8875601887702942,65.28560000879224,224.63897705078125,118.22754669189453,0.8239114880561829,False,11.466422080993652,False,83,0,83,double,2.1186435198655156,127.11861119193094,JUMPING,289.8034008789062,209.15441055297853
869,34.76,0.8774328231811523,63.53529999614693,223.35955810546875,114.48006439208984,3.761502265930176,False,13.90635871887207,True,83,0,83,double,2.1186435198655156,127.11861119193094,JUMPING,289.8034008789062,212.7187438964844
870,34.8,0.8953927159309387,60.32660001073964,219.4429473876953,111.22699737548828,3.2602698802948,False,11.34764575958252,True,83,0,83,double,2.1186435198655156,127.11861119193094,JUMPING,289.8034008789062,216.22428054809572
871,34.84,0.8588496446609497,91.61249999306165,215.3137969970703,111.9843978881836,0.846912145614624,False,3.644301652908325,True,83,0,83,double,2.1186435198655156,127.11861119193094,JUMPING,289.8034008789062,214.19608840942385
872,34.88,0.8332157135009766,87.91760000167415,213.63189697265625,111.26839447021484,0.7233431339263916,False,10.97414493560791,True,83,0,83,double,2.1186435198655156,127.11861119193094,JUMPING,289.8034008789062,212.98887634277347
873,34.92,0.8283161520957947,84.13990000553895,211.2081298828125,111.79767608642578,1.221323013305664,False,13.843796730041504,True,83,0,83,double,2.1186435198655156,127.11861119193094,JUMPING,289.7680798339843,212.1861328125
874,34.96,0.8441091775894165,70.86809999600518,215.89273071289062,115.98303985595703,4.210153579711914,False,16.171810150146484,False,84,0,84,double,2.0833353201567206,125.00011920940324,JUMPING,289.51784179687496,206.52186126708986
875,35.0,0.8458709716796875,55.03780000435654,226.35165405273438,115.32257080078125,1.5139180421829224,False,16.00786018371582,False,84,0,84,double,2.0833353201567206,125.00011920940324,JUMPING,289.51784179687496,207.00580520629885
876,35.04,0.8633564114570618,61.978999990969896,227.50039672851562,115.95864868164062,0.6616115570068359,False,4.094996929168701,False,84,0,84,double,2.0833353201567206,125.00011920940324,JUMPING,289.57546508789056,207.94998474121095
877,35.08,0.8856737017631531,65.66200000816025,223.4842071533203,114.16889190673828,1.7994626760482788,False,10.640853881835938,False,84,0,84,double,2.0833353201567206,125.00011920940324,JUMPING,289.57546508789056,210.7200424194336
878,35.12,0.8953989148139954,70.88590000057593,220.50930786132812,113.02196502685547,1.1550921201705933,False,12.958406448364258,False,84,0,84,double,2.0833353201567206,125.00011920940324,JUMPING,289.57546508789056,211.03347930908205
879,35.16,0.8045330047607422,57.87040000723209,219.03207397460938,111.01944732666016,2.0133535861968994,False,1.5514992475509644,True,84,0,84,double,2.0833353201567206,125.00011920940324,JUMPING,289.57546508789056,216.06515350341797
880,35.2,0.8472940325737,79.07079999858979,212.57177734375,108.36620330810547,2.6538937091827393,False,4.748823642730713,True,84,0,84,double,2.0833353201567206,125.00011920940324,JUMPING,289.3912145996094,214.2764114379883
881,35.24,0.8632035255432129,63.00330000522081,209.87188720703125,106.7320327758789,1.6561088562011719,False,11.685291290283203,True,84,0,84,double,2.0833353201567206,125.00011920940324,JUMPING,289.1353015136719,214.67613830566407
882,35.28,0.8578133583068848,71.66110000980552,210.12115478515625,108.20501708984375,1.47705078125,False,12.89453125,True,84,0,84,double,2.0833353201567206,125.00011920940324,JUMPING,288.88532104492185,216.25311660766604
883,35.32,0.852084219455719,70.7910999917658,211.0054473876953,109.27651977539062,1.129794716835022,False,11.495880126953125,False,85,0,85,double,2.551021638549201,153.06129831295206,JUMPING,288.7259814453125,217.70039978027344
884,35.36,0.885551929473877,61.218600007123314,213.10232543945312,111.71417999267578,2.4487879276275635,False,14.731490135192871,False,85,0,85,double,2.551021638549201,153.06129831295206,JUMPING,288.5916723632812,213.1063270568848
885,35.4,0.8950372934341431,94.71469999698456,224.25881958007812,115.88309478759766,4.182755470275879,False,13.788825988769531,False,85,0,85,double,2.551021638549201,153.06129831295206,JUMPING,288.7208544921875,207.36055755615237
886,35.44,0.8764051198959351,78.0432000028668,226.43890380859375,117.06930541992188,1.2067242860794067,False,13.896227836608887,False,85,0,85,double,2.551021638549201,153.06129831295206,JUMPING,288.72755615234377,207.61202545166017
887,35.48,0.835502564907074,70.87729999329895,223.1656494140625,,0.0,False,7.0858001708984375,False,85,0,85,double,2.551021638549201,153.06129831295206,JUMPING,288.77192260742186,210.83169403076172
888,35.52,0.8632683753967285,63.99769999552518,221.80526733398438,114.73733520507812,2.3404324054718018,False,4.888666152954102,False,85,0,85,double,2.551021638549201,153.06129831295206,JUMPING,288.77192260742186,213.00250549316408
889,35.56,0.8895038962364197,70.21879999956582,216.47755432128906,109.6181640625,5.1198248863220215,False,9.534133911132812,False,85,0,85,double,2.551021638549201,153.06129831295206,JUMPING,288.77192260742186,217.7115447998047
890,35.6,0.8681813478469849,63.84399998933077,212.34945678710938,106.76397705078125,3.369680881500244,False,11.363069534301758,True,85,0,85,double,2.551021638549201,153.06129831295206,JUMPING,288.77192260742186,214.57750320434573
891,35.64,0.8349297642707825,74.88909999665339,209.24314880371094,,0.0,False,4.447770118713379,True,85,0,85,double,2.551021638549201,153.06129831295206,JUMPING,288.77192260742186,214.54466400146487
892,35.68,0.8245858550071716,76.02720000431873,207.06915283203125,,0.0,False,9.147908210754395,True,85,0,85,double,2.551021638549201,153.06129831295206,JUMPING,288.77192260742186,214.1432083129883
893,35.72,0.8834599256515503,96.76659999240655,210.19683837890625,110.17227172851562,3.457202196121216,False,5.184854507446289,False,86,0,86,double,2.4509793637995725,147.05876182797434,JUMPING,288.5983740234375,210.27964630126954
894,35.76,0.8618661165237427,127.72859999677166,217.20236206054688,114.45523834228516,4.3629889488220215,False,3.610558271408081,False,86,0,86,double,2.4509793637995725,147.05876182797434,JUMPING,288.6131652832031,205.66727828979495
895,35.8,0.8793371319770813,103.90689999621827,225.9255828857422,116.41715240478516,1.9786173105239868,False,7.4166483879089355,False,86,0,86,double,2.4509793637995725,147.05876182797434,JUMPING,288.80597412109375,206.7853385925293
896,35.84,0.8910607695579529,67.48340000922326,225.74781799316406,115.99539947509766,0.4242052733898163,False,11.568398475646973,False,86,0,86,double,2.4509793637995725,147.05876182797434,JUMPING,289.05845703125,208.83976516723635
897,35.88,0.8932498693466187,75.77550000860356,220.3290557861328,113.51802825927734,2.4848380088806152,False,16.01067352294922,False,86,0,86,double,2.4509793637995725,147.05876182797434,JUMPING,289.05845703125,213.33031005859377
898,35.92,0.8868886828422546,77.94809999177232,217.17678833007812,110.62069702148438,2.9008936882019043,False,16.122386932373047,True,86,0,86,double,2.4509793637995725,147.05876182797434,JUMPING,289.05845703125,215.15594482421878
899,35.96,0.8748146891593933,67.64700000348967,212.94900512695312,107.9818344116211,2.641303539276123,False,16.96782875061035,True,86,0,86,double,2.4509793637995725,147.05876182797434,JUMPING,289.05845703125,216.08971786499026
900,36.0,0.8913216590881348,69.27059999725316,209.59652709960938,106.5740966796875,1.4084230661392212,False,16.51905632019043,True,86,0,86,double,2.4509793637995725,147.05876182797434,JUMPING,289.05845703125,211.28890838623047
901,36.04,0.8943660259246826,75.36840000830125,209.5865020751953,107.82495880126953,1.2538464069366455,False,14.576451301574707,True,86,0,86,double,2.4509793637995725,147.05876182797434,JUMPING,289.0367681884765,214.497859954834
902,36.08,0.8866990208625793,50.314399995841086,214.5885772705078,109.69025421142578,1.8690663576126099,False,12.960668563842773,True,86,0,86,double,2.4509793637995725,147.05876182797434,JUMPING,288.9924017333984,214.8359199523926
903,36.12,0.8656852841377258,66.32299999182578,219.4542999267578,113.4986801147461,3.8094191551208496,False,12.71950626373291,True,86,0,86,double,2.4509793637995725,147.05876182797434,JUMPING,288.9857000732421,210.36020431518557
904,36.16,0.8493909239768982,57.91859999590088,225.4287109375,117.20065307617188,3.738420248031616,False,2.5735323429107666,True,86,0,86,double,2.4509793637995725,147.05876182797434,JUMPING,288.9857000732421,205.08532028198243
905,36.2,0.8675962686538696,94.25909999117721,237.53651428222656,118.82583618164062,1.6384221315383911,False,12.363375663757324,True,86,0,86,double,2.4509793637995725,147.05876182797434,JUMPING,288.9704565429687,206.4773651123047
906,36.24,0.8829482197761536,68.88619999517687,233.3033905029297,117.06900024414062,1.7873485088348389,False,2.1796841621398926,False,87,0,87,double,2.4999999627470975,149.99999776482585,JUMPING,288.9704565429687,211.705419921875
907,36.28,0.8907516598701477,54.877100003068335,224.29896545410156,113.49520111083984,3.580756902694702,False,12.26429557800293,False,87,0,87,double,2.4999999627470975,149.99999776482585,JUMPING,288.9704565429687,213.38375244140627
908,36.32,0.8946657180786133,61.182100005680695,216.15158081054688,109.86880493164062,3.6344895362854004,False,14.519474983215332,False,87,0,87,double,2.4999999627470975,149.99999776482585,JUMPING,288.9704565429687,217.61810455322268
909,36.36,0.8624354004859924,67.87669999175705,212.9442138671875,107.6341552734375,2.2397797107696533,False,0.5148441195487976,True,87,0,87,double,2.4999999627470975,149.99999776482585,JUMPING,288.9704565429687,212.01022109985354
910,36.4,0.8684479594230652,77.09109999996144,214.71109008789062,106.7787857055664,0.870421290397644,False,3.7474257946014404,True,87,0,87,double,2.4999999627470975,149.99999776482585,JUMPING,288.9704565429687,211.57567443847657
911,36.44,0.8588036894798279,77.20700000936631,214.4676055908203,108.1074447631836,1.3639166355133057,False,3.616820812225342,True,87,0,87,double,2.4999999627470975,149.99999776482585,JUMPING,288.9704565429687,214.42937011718752
912,36.48,0.8782923221588135,82.51300000119954,213.362548828125,110.50252532958984,2.4304192066192627,False,13.48430347442627,True,87,0,87,double,2.4999999627470975,149.99999776482585,JUMPING,288.697978515625,214.11519470214844
913,36.52,0.8950484991073608,69.3732999934582,217.76388549804688,114.11626434326172,3.6178219318389893,False,15.351146697998047,False,88,0,88,double,2.551021638549201,153.06129831295206,JUMPING,288.42389648437495,209.02056121826175
914,36.56,0.8946552276611328,49.68139999255072,229.06179809570312,117.09064483642578,2.977079153060913,False,11.643645286560059,False,88,0,88,double,2.551021638549201,153.06129831295206,JUMPING,288.41399963378905,208.84173736572268
915,36.6,0.8782137036323547,59.280400004354306,233.36512756347656,117.53826141357422,0.5921325087547302,False,11.551636695861816,False,88,0,88,double,2.551021638549201,153.06129831295206,JUMPING,288.2742993164062,211.10466308593752
916,36.64,0.8644367456436157,50.16519999480806,229.06581115722656,115.02442169189453,2.51649808883667,False,12.851048469543457,False,88,0,88,double,2.551021638549201,153.06129831295206,JUMPING,288.2742993164062,213.07420959472657
917,36.68,0.9077251553535461,57.75059999723453,226.16729736328125,111.8057632446289,3.36832857131958,False,12.73564624786377,True,88,0,88,double,2.551021638549201,153.06129831295206,JUMPING,288.2742993164062,217.32304687500002
918,36.72,0.9030666947364807,58.792399999219924,219.33367919921875,108.05792999267578,3.853581190109253,False,14.018386840820312,False,88,0,88,double,2.551021638549201,153.06129831295206,JUMPING,288.2742993164062,215.03600158691407
919,36.76,0.8442503213882446,57.76769999647513,211.9431915283203,,0.0,False,8.44550609588623,True,88,0,88,double,2.551021638549201,153.06129831295206,JUMPING,288.2742993164062,217.77762603759768
920,36.8,0.7965553402900696,56.506299995817244,211.1541748046875,108.00658416748047,1.2991489171981812,False,17.888837814331055,True,88,0,88,double,2.551021638549201,153.06129831295206,JUMPING,288.2742993164062,217.5049674987793
921,36.84,0.8950455784797668,56.70729999837931,211.87149047851562,109.22171783447266,1.5383918285369873,False,4.56938362121582,True,88,0,88,double,2.551021638549201,153.06129831295206,JUMPING,288.2742993164062,216.34952774047852
922,36.88,0.9073106050491333,54.88199999672361,216.04530334472656,112.7221908569336,3.5547542572021484,False,11.409915924072266,False,89,0,89,double,2.6041640166039124,156.24984099623475,JUMPING,288.16183105468747,213.68509597778322
923,36.92,0.896212637424469,68.3024000027217,223.934326171875,116.49276733398438,3.7953386306762695,False,13.353043556213379,False,89,0,89,double,2.6041640166039124,156.24984099623475,JUMPING,288.2742993164062,210.90881958007813
924,36.96,0.899199903011322,86.26169999479316,229.48574829101562,119.30584716796875,2.81893253326416,False,14.770835876464844,False,89,0,89,double,2.6041640166039124,156.24984099623475,JUMPING,288.53283447265625,210.43369598388674
925,37.0,0.8886264562606812,79.77540000865702,232.954833984375,119.55050659179688,0.38207295536994934,False,14.927422523498535,False,89,0,89,double,2.6041640166039124,156.24984099623475,JUMPING,289.0748840332031,215.32692184448243
926,37.04,0.8964424729347229,64.47309999202844,231.9749298095703,117.51617431640625,2.058065891265869,False,13.347328186035156,False,89,0,89,double,2.6041640166039124,156.24984099623475,JUMPING,289.1466156005859,216.26437072753907
927,37.08,0.8870396018028259,94.19380000326782,227.29095458984375,114.23509979248047,3.352025270462036,False,12.30376148223877,True,89,0,89,double,2.6041640166039124,156.24984099623475,JUMPING,289.1466156005859,221.35789642333987
928,37.12,0.8857654929161072,78.67849999456666,220.97515869140625,111.33394622802734,2.961742401123047,False,13.253862380981445,True,89,0,89,double,2.6041640166039124,156.24984099623475,JUMPING,289.1466156005859,215.02690429687502
929,37.16,0.8767794370651245,70.8388999919407,216.73069763183594,109.12100982666016,2.2622275352478027,False,12.583619117736816,True,89,0,89,double,2.6041640166039124,156.24984099623475,JUMPING,289.1466156005859,215.20454483032228
930,37.2,0.8304562568664551,68.47399999969639,211.8199462890625,108.85289764404297,0.4492620527744293,False,11.451534271240234,True,89,0,89,double,2.6041640166039124,156.24984099623475,JUMPING,289.1466156005859,215.68521575927736
931,37.24,0.8909621238708496,52.4952999985544,211.94879150390625,111.10687255859375,2.4760255813598633,False,14.394022941589355,False,90,0,90,double,2.6041640166039124,156.24984099623475,JUMPING,289.0748840332031,217.71838455200196
932,37.28,0.8782750368118286,59.92990000231657,213.58444213867188,113.70197296142578,2.6546103954315186,False,15.028241157531738,False,90,0,90,double,2.6041640166039124,156.24984099623475,JUMPING,288.91361572265623,211.1717514038086
933,37.32,0.8944454789161682,71.99180001043715,216.628173828125,117.94076538085938,4.264357089996338,False,14.157915115356445,False,90,0,90,double,2.6041640166039124,156.24984099623475,JUMPING,288.91361572265623,209.29388275146485
934,37.36,0.8961892127990723,183.4136999968905,220.91604614257812,119.9742431640625,2.059767723083496,False,14.80789852142334,False,90,0,90,double,2.6041640166039124,156.24984099623475,JUMPING,289.23140991210937,209.37576675415042
935,37.4,0.8970743417739868,103.43630000716075,218.364990234375,117.50567626953125,2.565918207168579,False,15.121402740478516,False,90,0,90,double,2.6041640166039124,156.24984099623475,JUMPING,289.3031414794922,216.40370025634766
936,37.44,0.897596001625061,58.03280000691302,216.11630249023438,115.99853515625,1.6076006889343262,False,15.567791938781738,False,90,0,90,double,2.6041640166039124,156.24984099623475,JUMPING,289.3031414794922,216.49361572265627
937,37.48,0.8950901031494141,66.18770000932273,212.38958740234375,113.04448699951172,2.954843521118164,False,15.895681381225586,True,90,0,90,double,2.6041640166039124,156.24984099623475,JUMPING,289.3031414794922,219.59295501708985
938,37.52,0.8949609994888306,73.17249999323394,210.5084991455078,111.3281478881836,1.7194162607192993,False,16.572538375854492,True,90,0,90,double,2.6041640166039124,156.24984099623475,JUMPING,289.3031414794922,220.01973876953127
939,37.56,0.8932715654373169,91.78220000467263,208.65060424804688,110.78328704833984,0.5469942688941956,False,16.977994918823242,True,90,0,90,double,2.6041640166039124,156.24984099623475,JUMPING,289.3031414794922,216.8200607299805
940,37.6,0.9065244793891907,92.23789999668952,207.122314453125,111.70706176757812,0.9289109706878662,False,17.326250076293945,True,90,0,90,double,2.6041640166039124,156.24984099623475,JUMPING,289.3031414794922,219.8405456542969
941,37.64,0.9049665927886963,80.50550000916701,206.25338745117188,112.47451782226562,0.7857922911643982,False,17.19076156616211,True,90,0,90,double,2.6041640166039124,156.24984099623475,JUMPING,289.3031414794922,219.1651809692383
942,37.68,0.8954777717590332,74.22339999175165,209.91036987304688,117.05682373046875,4.589317321777344,False,17.081398010253906,False,91,0,91,double,2.551021638549201,153.06129831295206,JUMPING,289.30510986328125,208.65349731445315
943,37.72,0.892823338508606,63.1240000075195,217.85731506347656,120.84069061279297,3.7845799922943115,False,11.275832176208496,False,91,0,91,double,2.551021638549201,153.06129831295206,JUMPING,289.30510986328125,208.162126159668
944,37.76,0.8968284130096436,54.1601000004448,231.3730010986328,122.21935272216797,1.382811188697815,False,7.518895149230957,False,91,0,91,double,2.551021638549201,153.06129831295206,JUMPING,289.3031414794922,210.70300598144533
945,37.8,0.9075182676315308,72.27080001030117,228.23631286621094,121.25664520263672,0.963879406452179,False,12.026972770690918,False,91,0,91,double,2.551021638549201,153.06129831295206,JUMPING,289.3031414794922,215.1994926452637
946,37.84,0.868674635887146,67.09329999284819,223.14605712890625,119.00604248046875,2.2743446826934814,False,11.13963508605957,True,91,0,91,double,2.551021638549201,153.06129831295206,JUMPING,289.3031414794922,218.04227828979495
947,37.88,0.9103131294250488,62.503900000592694,218.85525512695312,115.9834976196289,3.039193630218506,False,11.4635591506958,False,91,0,91,double,2.551021638549201,153.06129831295206,JUMPING,289.30510986328125,216.23513183593752
948,37.92,0.9053810834884644,70.38039999315515,215.97915649414062,114.36592864990234,1.6202869415283203,False,13.404173851013184,False,91,0,91,double,2.551021638549201,153.06129831295206,JUMPING,289.30510986328125,218.3941520690918
949,37.96,0.8980981111526489,71.58669999626,213.71383666992188,114.06988525390625,0.545048177242279,False,14.11176872253418,True,91,0,91,double,2.551021638549201,153.06129831295206,JUMPING,289.30510986328125,213.70188903808597
950,38.0,0.897097110748291,77.09239999530837,212.00241088867188,114.15399169921875,0.31515631079673767,False,14.673583984375,True,91,0,91,double,2.551021638549201,153.06129831295206,JUMPING,289.30510986328125,214.03302536010744
951,38.04,0.8997900485992432,70.4696999891894,212.6847381591797,117.26553344726562,3.11728835105896,False,15.143465042114258,False,92,0,92,double,2.7777790471365336,166.666742828192,JUMPING,289.40065429687496,211.9392807006836
952,38.08,0.9008432030677795,72.76399999682326,217.81500244140625,121.0426025390625,3.784797430038452,False,14.74615478515625,False,92,0,92,double,2.7777790471365336,166.666742828192,JUMPING,289.79828796386715,209.94868621826174
953,38.12,0.8977733850479126,69.35900000098627,221.91055297851562,123.25216674804688,2.2124900817871094,False,14.810868263244629,False,92,0,92,double,2.7777790471365336,166.666742828192,JUMPING,289.9301507568359,209.40109481811524
954,38.16,0.8952404856681824,69.51279999339022,223.953125,122.53265380859375,0.7346556782722473,False,13.198163032531738,False,92,0,92,double,2.7777790471365336,166.666742828192,JUMPING,289.9301507568359,211.27412109375
955,38.2,0.8914955854415894,51.33149999892339,224.23638916015625,121.5655517578125,0.9680848121643066,False,12.514657020568848,True,92,0,92,double,2.7777790471365336,166.666742828192,JUMPING,289.9301507568359,211.1375442504883
956,38.24,0.9057297706604004,65.33769999805372,220.19784545898438,119.44490814208984,2.1388862133026123,False,13.182016372680664,False,92,0,92,double,2.7777790471365336,166.666742828192,JUMPING,289.9301507568359,214.9027397155762
957,38.28,0.9014340043067932,74.94029999361373,0.0,,0.0,False,0.0,False,92,0,92,unknown,0.0,0.0,JUMPING,,216.8706916809082
958,38.32,0.9095690250396729,81.6486999974586,215.45578002929688,114.70953369140625,4.841525077819824,False,10.34850025177002,False,92,0,92,double,2.7777790471365336,166.666742828192,JUMPING,289.9301507568359,215.3520317077637
959,38.36,0.8985552787780762,72.02959999267478,213.62945556640625,112.16252899169922,2.818760395050049,False,10.376630783081055,False,92,0,92,double,2.7777790471365336,166.666742828192,JUMPING,289.9301507568359,213.87614746093752
960,38.4,0.9002968668937683,60.29649999982212,215.2354736328125,112.49105072021484,2.032870292663574,False,12.154470443725586,True,92,0,92,double,2.7777790471365336,166.666742828192,JUMPING,289.9301507568359,216.31928176879885
961,38.44,0.783970832824707,55.53530000906903,211.834716796875,115.46336364746094,8.926387786865234,False,0.7052695751190186,True,92,0,92,double,2.7777790471365336,166.666742828192,JUMPING,289.90051513671875,208.11794052124026
962,38.48,0.8747059106826782,51.36040000070352,216.23782348632812,116.40359497070312,2.4097342491149902,False,7.735473155975342,False,93,0,93,double,2.551021638549201,153.06129831295206,JUMPING,289.84734130859374,208.07673416137698
963,38.52,0.8991492986679077,72.42399999813642,219.7205352783203,118.1280288696289,1.8072736263275146,False,8.939878463745117,False,93,0,93,double,2.551021638549201,153.06129831295206,JUMPING,289.48115600585936,208.3419906616211
964,38.56,0.89438396692276,61.73220000346191,222.28280639648438,119.10001373291016,1.1316708326339722,False,9.674321174621582,False,93,0,93,double,2.551021638549201,153.06129831295206,JUMPING,289.48115600585936,206.89114074707032
965,38.6,0.8738394379615784,69.43189998855814,220.4290771484375,114.97061157226562,4.132995128631592,False,12.321615219116211,False,93,0,93,double,2.551021638549201,153.06129831295206,JUMPING,289.4940924072265,216.79660415649417
966,38.64,0.8844664096832275,68.00530001055449,215.89260864257812,110.88034057617188,4.691468715667725,False,9.483922958374023,True,93,0,93,double,2.551021638549201,153.06129831295206,JUMPING,289.4940924072265,216.8301483154297
967,38.68,0.8379086256027222,63.691400006064214,209.86781311035156,,0.0,False,11.28510856628418,True,93,0,93,double,2.551021638549201,153.06129831295206,JUMPING,289.4940924072265,215.09607391357423
968,38.72,0.8461712598800659,56.361099996138364,206.50143432617188,111.44184875488281,1.5424506664276123,False,19.93671417236328,True,93,0,93,double,2.551021638549201,153.06129831295206,JUMPING,289.4940924072265,213.83138275146487
969,38.76,0.7936718463897705,50.30529999930877,204.95388793945312,111.38670349121094,4.556035995483398,False,18.345848083496094,True,93,0,93,double,2.551021638549201,153.06129831295206,JUMPING,289.4940924072265,213.75554962158205
970,38.8,0.8706554770469666,56.174299999838695,206.9283447265625,110.10404205322266,1.9382504224777222,False,4.9760565757751465,True,93,0,93,double,2.551021638549201,153.06129831295206,JUMPING,289.35282836914064,215.79507980346682
971,38.84,0.8750723004341125,67.6897000084864,208.42410278320312,110.46678924560547,0.38484811782836914,False,14.210508346557617,True,93,0,93,double,2.551021638549201,153.06129831295206,JUMPING,288.9318591308594,216.4757232666016
972,38.88,0.808836042881012,62.19279998913407,216.21246337890625,,0.0,False,6.201052665710449,False,94,0,94,double,2.4999999627470975,149.99999776482585,JUMPING,288.67205322265625,205.2080665588379
973,38.92,0.8289074301719666,60.212399999727495,220.40655517578125,118.43218994140625,7.992852687835693,False,14.779705047607422,False,94,0,94,double,2.4999999627470975,149.99999776482585,JUMPING,288.70270385742185,204.20436859130862
974,38.96,0.8333974480628967,60.59629999799654,222.20089721679688,114.8042221069336,3.8046672344207764,False,5.113535404205322,False,94,0,94,double,2.4999999627470975,149.99999776482585,JUMPING,288.9778350830078,208.392529296875
975,39.0,0.8453134894371033,64.671800006181,219.90182495117188,114.36190032958984,1.0093932151794434,False,7.348255157470703,False,94,0,94,double,2.4999999627470975,149.99999776482585,JUMPING,288.9778350830078,212.73784484863282
976,39.04,0.842878520488739,65.28650000109337,218.0784149169922,113.73758697509766,0.6659049987792969,False,14.643515586853027,False,94,0,94,double,2.4999999627470975,149.99999776482585,JUMPING,288.9778350830078,210.25220336914063
977,39.08,0.8821440935134888,84.86259999335743,214.4943084716797,110.5506820678711,3.2254106998443604,False,16.081157684326172,True,94,0,94,double,2.4999999627470975,149.99999776482585,JUMPING,288.9778350830078,211.79698028564454
978,39.12,0.8882848620414734,78.28820000577252,211.54605102539062,108.71771240234375,1.9008277654647827,False,13.955713272094727,True,94,0,94,double,2.4999999627470975,149.99999776482585,JUMPING,288.9778350830078,211.13025970458986
979,39.16,0.8636491298675537,76.86270000704098,210.420654296875,109.612548828125,1.5670968294143677,False,11.489943504333496,True,94,0,94,double,2.4999999627470975,149.99999776482585,JUMPING,288.9778350830078,210.62837295532228
980,39.2,0.8867385387420654,84.9651000025915,211.61105346679688,110.0255126953125,1.0951926708221436,False,12.372364044189453,False,95,0,95,double,2.551021638549201,153.06129831295206,JUMPING,288.9778350830078,213.13439941406253
981,39.24,0.8830695748329163,69.12139999622013,214.32229614257812,113.12667083740234,3.413686513900757,False,13.429887771606445,False,95,0,95,double,2.551021638549201,153.06129831295206,JUMPING,288.9778350830078,207.1683059692383
982,39.28,0.9028708934783936,70.6077000068035,220.51034545898438,116.59003448486328,3.56164813041687,False,11.556424140930176,True,95,0,95,double,2.551021638549201,153.06129831295206,JUMPING,288.9778350830078,205.69580383300783
983,39.32,0.8898187279701233,73.74599999457132,223.1078338623047,118.50241088867188,1.966427206993103,False,10.184099197387695,False,95,0,95,double,2.551021638549201,153.06129831295206,JUMPING,289.0208282470703,203.4727836608887
984,39.36,0.892135500907898,70.32199999957811,223.35903930664062,117.76263427734375,0.7446072101593018,False,12.053777694702148,False,95,0,95,double,2.551021638549201,153.06129831295206,JUMPING,289.0208282470703,206.06909484863283
985,39.4,0.8849583268165588,57.514200001605786,223.07522583007812,117.11297607421875,0.6588174104690552,False,13.987966537475586,True,95,0,95,double,2.551021638549201,153.06129831295206,JUMPING,288.9778350830078,206.02462387084964
986,39.44,0.8134626746177673,64.05450000602286,221.53350830078125,115.93415832519531,2.707866907119751,False,7.2012176513671875,False,95,0,95,double,2.551021638549201,153.06129831295206,JUMPING,288.9778350830078,215.31800079345706
987,39.48,0.8605597019195557,64.11429999570828,217.71636962890625,112.90116882324219,3.191725730895996,False,0.2958543598651886,False,95,0,95,double,2.551021638549201,153.06129831295206,JUMPING,288.9778350830078,214.54978332519534
988,39.52,0.8888745307922363,53.53079999622423,214.77008056640625,111.824951171875,3.7987585067749023,False,5.810598373413086,True,95,0,95,double,2.551021638549201,153.06129831295206,JUMPING,288.9778350830078,215.958260345459
989,39.56,0.8901777267456055,62.19050000072457,212.6865234375,110.2376937866211,2.2180283069610596,False,8.2150239944458,True,95,0,95,double,2.551021638549201,153.06129831295206,JUMPING,288.9401885986328,215.27044982910158
990,39.6,0.8816832900047302,47.99619999539573,212.543212890625,110.6073226928711,1.2174413204193115,False,12.247461318969727,True,95,0,95,double,2.551021638549201,153.06129831295206,JUMPING,288.6226300048828,211.06276855468752
991,39.64,0.8866707682609558,62.60979999206029,215.73243713378906,113.36348724365234,2.8202903270721436,False,12.892821311950684,False,96,0,96,double,2.551021638549201,153.06129831295206,JUMPING,288.3817596435547,204.75665969848635
992,39.68,0.8888291120529175,46.29289999138564,217.97171020507812,114.97325897216797,1.6636885404586792,False,12.800257682800293,False,96,0,96,double,2.551021638549201,153.06129831295206,JUMPING,288.3593566894531,205.33766937255862
993,39.72,0.8645120859146118,53.203799994662404,232.75173950195312,117.33631134033203,2.363161563873291,False,6.8031158447265625,True,96,0,96,double,2.551021638549201,153.06129831295206,JUMPING,288.3593566894531,203.20076293945314
994,39.76,0.8859842419624329,63.20350000169128,247.3173370361328,118.6160659790039,1.2821818590164185,False,15.12336540222168,True,96,0,96,double,2.551021638549201,153.06129831295206,JUMPING,288.3593566894531,205.69864044189455
995,39.8,0.8238446712493896,61.077500009560026,234.71255493164062,118.56143188476562,1.4466344118118286,False,17.968656539916992,True,96,0,96,double,2.551021638549201,153.06129831295206,JUMPING,288.3593566894531,207.3089111328125
996,39.84,0.8298596739768982,55.08239999471698,224.6241455078125,113.87418365478516,7.152925968170166,False,15.899690628051758,True,96,0,96,double,2.551021638549201,153.06129831295206,JUMPING,288.2393109130859,214.14102630615236
997,39.88,0.8553367853164673,79.7238999948604,214.8658447265625,,0.0,False,16.14125633239746,True,96,0,96,double,2.551021638549201,153.06129831295206,JUMPING,288.2393109130859,215.0213821411133
998,39.92,0.8571159839630127,71.51059999887366,208.443359375,,0.0,False,15.462518692016602,True,96,0,96,double,2.551021638549201,153.06129831295206,JUMPING,288.2393109130859,212.91154937744142
999,39.96,0.8336823582649231,54.33100000664126,206.41030883789062,,0.0,False,11.075433731079102,True,96,0,96,double,2.551021638549201,153.06129831295206,JUMPING,288.2393109130859,211.84377593994142
1000,40.0,0.8235495686531067,58.93499999365304,206.79165649414062,,0.0,False,8.931146621704102,True,96,0,96,double,2.551021638549201,153.06129831295206,JUMPING,288.193003540039,211.90412521362308
1001,40.04,0.8813114762306213,69.39619999320712,211.32398986816406,115.97209930419922,4.752548694610596,False,7.8923115730285645,False,97,0,97,double,2.4999999627470975,149.99999776482585,JUMPING,287.81336791992186,207.99154357910157
1002,40.08,0.8744120001792908,75.13069998822175,214.95578002929688,116.02398681640625,0.0861864984035492,False,15.096559524536133,False,97,0,97,double,2.4999999627470975,149.99999776482585,JUMPING,287.66786071777346,208.92817840576174
1003,40.12,0.8043494820594788,57.98979999963194,221.228759765625,117.68878936767578,1.6705920696258545,False,11.461684226989746,False,97,0,97,double,2.4999999627470975,149.99999776482585,JUMPING,288.04236083984375,204.36075134277345
1004,40.16,0.8446157574653625,73.99779999104794,227.69009399414062,,0.0,False,7.763440132141113,False,97,0,97,double,2.4999999627470975,149.99999776482585,JUMPING,288.1722119140625,207.80172576904297
1005,40.2,0.8556859493255615,60.4522000066936,226.30108642578125,,0.0,False,17.161540985107422,False,97,0,97,double,2.4999999627470975,149.99999776482585,JUMPING,288.1722119140625,210.4527885437012
1006,40.24,0.8636448383331299,62.37189999956172,228.20828247070312,112.786865234375,4.910254955291748,False,10.334428787231445,True,97,0,97,double,2.4999999627470975,149.99999776482585,JUMPING,288.1722119140625,215.34614028930665
1007,40.28,0.8632044196128845,64.14809999114368,227.8114471435547,110.12870025634766,2.6583058834075928,False,11.06932544708252,True,97,0,97,double,2.4999999627470975,149.99999776482585,JUMPING,288.1722119140625,215.31371231079103
1008,40.32,0.8699315190315247,84.85189999919385,221.61248779296875,107.26020050048828,2.868518352508545,False,7.037062644958496,True,97,0,97,double,2.4999999627470975,149.99999776482585,JUMPING,288.1722119140625,217.94555664062503
1009,40.36,0.8567104339599609,87.19079999718815,218.20571899414062,105.84957122802734,1.4106814861297607,False,12.191763877868652,True,97,0,97,double,2.4999999627470975,149.99999776482585,JUMPING,288.1384655761718,215.3746490478516
1010,40.4,0.867451548576355,89.49810000194702,217.2825927734375,107.1183090209961,1.3978307247161865,False,13.506892204284668,True,97,0,97,double,2.4999999627470975,149.99999776482585,JUMPING,287.7770092773437,218.44603347778323
1011,40.44,0.863544762134552,89.52619999763556,217.76034545898438,109.72881317138672,2.745980739593506,False,15.112489700317383,False,98,0,98,double,2.551021638549201,153.06129831295206,JUMPING,287.6556842041016,212.28091583251955
1012,40.48,0.8483651876449585,75.10929999989457,222.68795776367188,113.6353530883789,3.907111406326294,False,6.267600059509277,False,98,0,98,double,2.551021638549201,153.06129831295206,JUMPING,287.76483276367185,211.99359588623048
1013,40.52,0.8608274459838867,65.18089999735821,227.58950805664062,115.6347427368164,2.006204605102539,False,7.490985870361328,False,98,0,98,double,2.551021638549201,153.06129831295206,JUMPING,287.9581616210937,212.1213104248047
1014,40.56,0.9122440814971924,67.44329999492038,230.84075927734375,116.51285552978516,0.9029878377914429,False,10.097220420837402,False,98,0,98,double,2.551021638549201,153.06129831295206,JUMPING,288.3269708251953,211.48092498779297
1015,40.6,0.8622328639030457,56.205300003057346,228.66940307617188,114.58393096923828,1.9290146827697754,False,8.414775848388672,False,98,0,98,double,2.551021638549201,153.06129831295206,JUMPING,288.3269708251953,214.35399017333987
1016,40.64,0.8348595499992371,60.00579999818001,226.9309539794922,111.5511703491211,3.036147356033325,False,2.574491500854492,True,98,0,98,double,2.551021638549201,153.06129831295206,JUMPING,288.3269708251953,217.46037902832032
1017,40.68,0.8254957795143127,68.22129999636672,226.08938598632812,109.8898696899414,1.6950651407241821,False,7.408506393432617,True,98,0,98,double,2.551021638549201,153.06129831295206,JUMPING,288.1466668701172,217.5076614379883
1018,40.72,0.7561872005462646,64.56590000016149,220.7552490234375,108.23649597167969,3.4419569969177246,False,11.94552230834961,True,98,0,98,double,2.551021638549201,153.06129831295206,JUMPING,288.1397546386719,215.5307884216309
1019,40.76,0.823569655418396,69.37500000640284,213.87310791015625,109.37823486328125,4.159572124481201,False,17.66161346435547,True,98,0,98,double,2.551021638549201,153.06129831295206,JUMPING,288.1397546386719,217.71602630615237
1020,40.8,0.8748556971549988,62.98160000005737,212.79364013671875,108.08740234375,5.041667461395264,False,2.287735939025879,True,98,0,98,double,2.551021638549201,153.06129831295206,JUMPING,288.00691894531246,217.65175781250002
1021,40.84,0.8736870884895325,60.001999998348765,212.6654052734375,109.56219482421875,2.1221134662628174,False,12.623064041137695,False,99,0,99,double,2.551021638549201,153.06129831295206,JUMPING,288.012183227539,216.24901275634767
1022,40.88,0.8911699652671814,73.77990000532009,217.25425720214844,113.59993743896484,4.190621852874756,False,15.215910911560059,False,99,0,99,double,2.551021638549201,153.06129831295206,JUMPING,288.0930261230469,211.96683273315432
1023,40.92,0.8927556276321411,59.99799999699462,227.38775634765625,116.48812103271484,2.933711528778076,False,12.071446418762207,False,99,0,99,double,2.551021638549201,153.06129831295206,JUMPING,288.1067041015625,210.38364410400393
1024,40.96,0.8943753838539124,61.03929999517277,231.29913330078125,118.2119140625,1.7465556859970093,False,11.464580535888672,False,99,0,99,double,2.551021638549201,153.06129831295206,JUMPING,288.1067041015625,210.58989410400392
1025,41.0,0.876034140586853,51.09639999864157,230.66305541992188,117.8990249633789,0.39688679575920105,False,11.976641654968262,False,99,0,99,double,2.551021638549201,153.06129831295206,JUMPING,288.30707641601566,211.41756286621094
1026,41.04,0.8871923685073853,75.56120000663213,229.23675537109375,113.13416290283203,4.775091648101807,False,8.883238792419434,True,99,0,99,double,2.551021638549201,153.06129831295206,JUMPING,288.30707641601566,221.64739837646485
1027,41.08,0.9010684490203857,73.42960000096355,220.24624633789062,108.90454864501953,4.229619026184082,False,13.061159133911133,True,99,0,99,double,2.551021638549201,153.06129831295206,JUMPING,288.30707641601566,215.9759262084961
1028,41.12,0.8805692195892334,75.61299999360926,212.87347412109375,106.78577423095703,2.125148057937622,False,14.094191551208496,True,99,0,99,double,2.551021638549201,153.06129831295206,JUMPING,288.30707641601566,215.17766418457032
1029,41.16,0.8819790482521057,44.775500005926006,210.14974975585938,106.15747833251953,0.6496976613998413,False,14.411314964294434,True,99,0,99,double,2.551021638549201,153.06129831295206,JUMPING,288.30707641601566,214.83252105712893
1030,41.2,0.878745436668396,55.27549999533221,210.8545379638672,105.96038818359375,0.1971084475517273,False,14.210692405700684,True,99,0,99,double,2.551021638549201,153.06129831295206,JUMPING,288.30707641601566,214.31031646728516
1031,41.24,0.8767279982566833,71.31430000299588,211.40438842773438,110.30107879638672,4.345536231994629,False,15.256308555603027,True,99,0,99,double,2.551021638549201,153.06129831295206,JUMPING,288.30707641601566,211.17303543090821
1032,41.28,0.8563262820243835,60.11359998956323,212.68026733398438,112.54203033447266,2.2412726879119873,False,16.005666732788086,False,100,0,100,double,2.4038485152196167,144.230910913177,JUMPING,288.30707641601566,211.39658203125
1033,41.32,0.8848762512207031,62.51000000338536,226.3625030517578,116.37837982177734,3.836832046508789,False,13.6259183883667,False,100,0,100,double,2.4038485152196167,144.230910913177,JUMPING,288.30707641601566,205.99255676269533
1034,41.36,0.8715880513191223,55.067199995392,234.20501708984375,118.18417358398438,1.8063979148864746,False,12.004451751708984,False,100,0,100,double,2.4038485152196167,144.230910913177,JUMPING,288.30707641601566,206.4683349609375
1035,41.4,0.880535364151001,82.10610000242013,229.88861083984375,115.1356430053711,3.048682451248169,False,11.839922904968262,False,100,0,100,double,2.4038485152196167,144.230910913177,JUMPING,288.64124450683596,214.2599792480469
1036,41.44,0.8834134936332703,80.99480000964832,225.37535095214844,112.0124282836914,3.128206491470337,False,12.277336120605469,False,100,0,100,double,2.4038485152196167,144.230910913177,JUMPING,288.64124450683596,216.9163040161133
1037,41.48,0.8871747851371765,97.4318999942625,218.68870544433594,109.15131378173828,2.8612003326416016,False,11.338211059570312,True,100,0,100,double,2.4038485152196167,144.230910913177,JUMPING,288.64124450683596,216.88507614135744
1038,41.52,0.8827157616615295,64.6073000098113,214.4481964111328,107.58162689208984,1.5706590414047241,False,11.190375328063965,True,100,0,100,double,2.4038485152196167,144.230910913177,JUMPING,288.64124450683596,217.50645294189454
1039,41.56,0.8867245316505432,77.12119999632705,210.6351318359375,107.2005386352539,0.3843388855457306,False,12.029402732849121,True,100,0,100,double,2.4038485152196167,144.230910913177,JUMPING,288.64124450683596,214.91210556030276
1040,41.6,0.8720375895500183,72.18740000098478,211.59213256835938,110.47457122802734,3.274226665496826,False,15.843658447265625,True,100,0,100,double,2.4038485152196167,144.230910913177,JUMPING,288.2822930908203,210.2454559326172
1041,41.64,0.8744663596153259,74.75309999426827,213.24745178222656,112.53968048095703,2.0665323734283447,False,17.54490089416504,False,101,0,101,double,2.4999999627470975,149.99999776482585,JUMPING,288.2634423828125,211.3943832397461
1042,41.68,0.883398175239563,73.23579999501817,222.16317749023438,116.62680053710938,4.124674320220947,False,15.91551685333252,False,101,0,101,double,2.4999999627470975,149.99999776482585,JUMPING,288.2634423828125,205.7124710083008
1043,41.72,0.9011819958686829,59.029399999417365,228.485107421875,118.37911224365234,1.7666559219360352,False,15.152416229248047,False,101,0,101,double,2.4999999627470975,149.99999776482585,JUMPING,288.2634423828125,206.171590423584
1044,41.76,0.8805822134017944,63.95030001294799,224.33187866210938,117.42589569091797,0.9940047860145569,False,14.430827140808105,False,101,0,101,double,2.4999999627470975,149.99999776482585,JUMPING,288.2634423828125,210.6555389404297
1045,41.8,0.8826417326927185,51.467399985995144,219.83151245117188,114.390869140625,3.0465803146362305,False,12.689851760864258,False,101,0,101,double,2.4999999627470975,149.99999776482585,JUMPING,288.2634423828125,213.76258239746096
1046,41.84,0.8689620494842529,59.99330000486225,213.06805419921875,111.72013092041016,2.6721532344818115,False,6.211660385131836,True,101,0,101,double,2.4999999627470975,149.99999776482585,JUMPING,288.2634423828125,215.04327774047854
1047,41.88,0.8247030973434448,52.2313999972539,208.94757080078125,109.19776153564453,2.546088457107544,False,7.789682388305664,True,101,0,101,double,2.4999999627470975,149.99999776482585,JUMPING,288.2634423828125,215.87627563476565
1048,41.92,0.8817077279090881,56.51389999547973,207.6405792236328,108.684326171875,0.5334357619285583,False,12.133808135986328,True,101,0,101,double,2.4999999627470975,149.99999776482585,JUMPING,288.2634423828125,215.9776550292969
1049,41.96,0.8645893931388855,65.87400000717025,213.9486541748047,108.33251953125,0.35354524850845337,False,12.741057395935059,True,101,0,101,double,2.4999999627470975,149.99999776482585,JUMPING,288.10852600097655,214.22441253662112
1050,42.0,0.8705559968948364,77.58680000551976,216.98712158203125,111.9421157836914,3.631991147994995,False,14.586917877197266,True,101,0,101,double,2.4999999627470975,149.99999776482585,JUMPING,287.91895507812495,208.51987457275393
1051,42.04,0.8664419651031494,69.2642999929376,218.7958526611328,114.13851165771484,2.202338695526123,False,13.133736610412598,False,102,0,102,double,2.4999999627470975,149.99999776482585,JUMPING,287.8634344482422,210.65368423461916
1052,42.08,0.887009859085083,71.26080000307411,226.37115478515625,116.6822738647461,2.5932962894439697,False,8.914164543151855,False,102,0,102,double,2.4999999627470975,149.99999776482585,JUMPING,288.0112463378906,206.07218322753909
1053,42.12,0.8867219090461731,58.192399999825284,229.64938354492188,118.02393341064453,1.344819188117981,False,7.9149065017700195,False,102,0,102,double,2.4999999627470975,149.99999776482585,JUMPING,288.0683966064453,204.41837310791018
1054,42.16,0.8783310651779175,70.0453000026755,227.26229858398438,116.2338638305664,1.9294915199279785,False,11.205851554870605,False,102,0,102,double,2.4999999627470975,149.99999776482585,JUMPING,288.0683966064453,210.13990554809573
1055,42.2,0.8815059661865234,70.93410000379663,225.71044921875,114.96080780029297,1.3450742959976196,False,12.388765335083008,True,102,0,102,double,2.4999999627470975,149.99999776482585,JUMPING,288.0683966064453,208.87518920898438
1056,42.24,0.8741493225097656,70.39050001185387,219.73736572265625,111.7083969116211,3.3014512062072754,False,13.140607833862305,True,102,0,102,double,2.4999999627470975,149.99999776482585,JUMPING,288.0683966064453,215.5861526489258
1057,42.28,0.8673169612884521,83.64479998999741,214.82672119140625,109.75350189208984,2.0173656940460205,False,13.09604549407959,True,102,0,102,double,2.4999999627470975,149.99999776482585,JUMPING,288.0683966064453,213.44082031250002
1058,42.32,0.8638870120048523,76.70610000786837,216.3946533203125,109.20745849609375,0.7702661752700806,False,11.817842483520508,False,103,0,103,double,2.65957287273766,159.5743723642596,JUMPING,288.0683966064453,214.99163970947268
1059,42.36,0.8614588975906372,67.93250000919215,217.79736328125,110.1336441040039,1.029593586921692,False,13.522759437561035,False,103,0,103,double,2.65957287273766,159.5743723642596,JUMPING,288.01240905761716,212.60913162231446
1060,42.4,0.8432868123054504,83.68490000430029,218.82427978515625,112.56317901611328,2.4341306686401367,False,14.490335464477539,False,103,0,103,double,2.65957287273766,159.5743723642596,JUMPING,287.9265447998047,209.52040863037112
1061,42.44,0.8503732681274414,104.38499999872874,222.3040008544922,114.0748291015625,1.5116567611694336,False,14.291869163513184,False,103,0,103,double,2.65957287273766,159.5743723642596,JUMPING,287.52586791992184,209.26143798828127
1062,42.48,0.8663995265960693,115.22690000128932,229.5328369140625,116.7662353515625,2.6986653804779053,False,10.726503372192383,False,103,0,103,double,2.65957287273766,159.5743723642596,JUMPING,287.2696356201172,207.72955169677735
1063,42.52,0.8587898015975952,101.52939999534283,233.19717407226562,117.55859375,0.8050962090492249,False,9.77554988861084,False,103,0,103,double,2.65957287273766,159.5743723642596,JUMPING,287.2696356201172,205.6314682006836
1064,42.56,0.8729485273361206,109.70640000596177,230.3713836669922,116.94444274902344,2.005427837371826,False,12.163545608520508,False,103,0,103,double,2.65957287273766,159.5743723642596,JUMPING,287.2696356201172,213.4487342834473
1065,42.6,0.8130413293838501,92.6138000068022,223.59190368652344,112.88568878173828,4.103732585906982,False,4.920443534851074,False,103,0,103,double,2.65957287273766,159.5743723642596,JUMPING,287.2696356201172,211.53498840332034
1066,42.64,0.8016904592514038,90.71319999929983,221.20948791503906,110.77218627929688,2.1620068550109863,False,8.116600036621094,True,103,0,103,double,2.65957287273766,159.5743723642596,JUMPING,287.2696356201172,213.69307708740237
1067,42.68,0.875971257686615,86.93489999859594,217.13438415527344,110.46419525146484,0.7634100317955017,False,7.446203708648682,True,103,0,103,double,2.65957287273766,159.5743723642596,JUMPING,287.2696356201172,214.58542556762697
1068,42.72,0.8607090711593628,80.1835000020219,214.68756103515625,108.78875732421875,2.4174773693084717,False,12.126588821411133,True,103,0,103,double,2.65957287273766,159.5743723642596,JUMPING,287.2696356201172,214.25226669311525
1069,42.76,0.8606854677200317,78.79230000253301,215.1361846923828,110.81041717529297,2.1580729484558105,False,15.276981353759766,False,104,0,104,double,2.6041690693517756,156.25014416110653,JUMPING,287.2696356201172,211.6600509643555
1070,42.8,0.8624911904335022,71.26599999901373,217.9822998046875,112.12496948242188,1.406664252281189,False,16.17985725402832,False,104,0,104,double,2.6041690693517756,156.25014416110653,JUMPING,287.4467932128906,212.34157562255862
1071,42.84,0.8589459657669067,83.91570000094362,223.73446655273438,113.10565185546875,0.9812122583389282,False,11.227673530578613,False,104,0,104,double,2.6041690693517756,156.25014416110653,JUMPING,287.42040222167964,209.58816833496095
1072,42.88,0.8790320158004761,97.93599999102298,0.0,,0.0,False,0.0,False,104,0,104,unknown,0.0,0.0,JUMPING,,207.51627731323245
1073,42.92,0.8639764785766602,48.08920000505168,235.48924255371094,115.14311981201172,2.0767815113067627,False,12.585797309875488,False,104,0,104,double,2.6041690693517756,156.25014416110653,JUMPING,287.32706176757813,205.2727378845215
1074,42.96,0.8764069080352783,46.057700004894286,234.537109375,115.1964340209961,0.07821418344974518,False,12.175471305847168,False,104,0,104,double,2.6041690693517756,156.25014416110653,JUMPING,287.3195977783203,211.37593688964844
1075,43.0,0.8824418187141418,57.259600012912415,228.66732788085938,112.41936492919922,2.780576467514038,False,12.380593299865723,False,104,0,104,double,2.6041690693517756,156.25014416110653,JUMPING,287.3195977783203,214.47148284912112
1076,43.04,0.8832818865776062,72.25759999710135,221.10360717773438,108.857666015625,3.5763394832611084,False,12.627802848815918,True,104,0,104,double,2.6041690693517756,156.25014416110653,JUMPING,287.3195977783203,215.790153503418
1077,43.08,0.8914644122123718,70.04780000715982,217.2155303955078,108.03073120117188,0.9793260097503662,False,12.226310729980469,True,104,0,104,double,2.6041690693517756,156.25014416110653,JUMPING,287.3195977783203,215.42658920288088
1078,43.12,0.889763593673706,69.34950000140816,214.45550537109375,108.90070343017578,0.873909592628479,False,13.39814567565918,True,104,0,104,double,2.6041690693517756,156.25014416110653,JUMPING,287.3195977783203,215.66933746337892
1079,43.16,0.8921882510185242,60.17539999447763,214.7797088623047,109.3513412475586,0.4511045515537262,False,13.483418464660645,True,104,0,104,double,2.6041690693517756,156.25014416110653,JUMPING,287.3195977783203,212.50005645751955
1080,43.2,0.8862234354019165,58.60380000376608,215.5054473876953,112.25390625,2.9029877185821533,False,16.171823501586914,False,105,0,105,double,2.6041640166039124,156.24984099623475,JUMPING,287.23382202148434,212.13787689208985
1081,43.24,0.8884215354919434,63.06520001089666,217.65589904785156,115.2161636352539,2.9727866649627686,False,15.136347770690918,False,105,0,105,double,2.6041640166039124,156.24984099623475,JUMPING,287.23382202148434,208.96102600097657
1082,43.28,0.8765504956245422,59.607000002870336,223.90774536132812,115.55191802978516,0.5449127554893494,False,11.088152885437012,False,105,0,105,double,2.6041640166039124,156.24984099623475,JUMPING,287.4128051757812,209.48586578369142
1083,43.32,0.8771911859512329,60.950799990678206,223.82284545898438,115.11371612548828,0.46958693861961365,False,14.296277046203613,False,105,0,105,double,2.6041640166039124,156.24984099623475,JUMPING,287.436929321289,211.07600326538088
1084,43.36,0.8636927604675293,64.6615000005113,222.66500854492188,114.8638687133789,0.2499760538339615,False,15.238503456115723,False,105,0,105,double,2.6041640166039124,156.24984099623475,JUMPING,287.436929321289,211.79651031494143
1085,43.4,0.8308885097503662,63.61909999395721,216.15142822265625,114.91322326660156,1.3922934532165527,False,5.1148247718811035,False,105,0,105,double,2.6041640166039124,156.24984099623475,JUMPING,287.436929321289,213.03067016601565
1086,43.44,0.8499147295951843,73.79039999796078,210.9400634765625,111.154541015625,6.812745571136475,False,15.874789237976074,False,105,0,105,double,2.6041640166039124,156.24984099623475,JUMPING,287.436929321289,211.39366149902347
1087,43.48,0.8455939888954163,73.2441000000108,207.80941772460938,111.36394500732422,5.147335052490234,False,19.59178352355957,False,105,0,105,double,2.6041640166039124,156.24984099623475,JUMPING,287.436929321289,212.48796310424805
1088,43.52,0.8398481607437134,71.24910000129603,208.85787963867188,,0.0,False,19.227073669433594,False,105,0,105,double,2.6041640166039124,156.24984099623475,JUMPING,287.436929321289,212.61444396972658
1089,43.56,0.9001433253288269,76.98600000003353,210.36962890625,113.35051727294922,7.18418550491333,False,4.742966175079346,False,105,0,105,double,2.6041640166039124,156.24984099623475,JUMPING,287.6106433105469,211.21392288208008
1090,43.6,0.923042893409729,67.88310001138598,212.31466674804688,114.46141815185547,1.819000482559204,False,16.039865493774414,False,105,0,105,double,2.6041640166039124,156.24984099623475,JUMPING,287.6106433105469,212.71311264038087
1091,43.64,0.31569579243659973,60.758999999961816,217.49618530273438,120.34281158447266,5.9086079597473145,False,3.46293044090271,False,105,0,105,double,2.6041640166039124,156.24984099623475,JUMPING,287.6106433105469,206.20351486206056
1092,43.68,0.8817031383514404,53.84870000125375,231.05162048339844,115.91423797607422,4.428611755371094,False,2.665947437286377,False,105,0,105,double,2.6041640166039124,156.24984099623475,JUMPING,287.8946740722656,212.00259246826172
1093,43.72,0.6435492038726807,58.6773999966681,234.56089782714844,114.45384979248047,1.902630090713501,False,10.672689437866211,False,105,0,105,double,2.6041640166039124,156.24984099623475,JUMPING,288.2944812011719,214.629997253418
1094,43.76,0.8886405825614929,57.42009999812581,229.31912231445312,112.19071197509766,2.396672487258911,False,13.046104431152344,False,105,0,105,double,2.6041640166039124,156.24984099623475,JUMPING,288.5495446777344,214.63597259521487
1095,43.8,0.8729554414749146,74.14009999774862,222.48353576660156,110.43199920654297,1.7588582038879395,False,12.826510429382324,False,105,0,105,double,2.6041640166039124,156.24984099623475,JUMPING,288.6126428222656,213.3775588989258
1096,43.84,0.8790580630302429,63.36720001127105,217.99261474609375,108.68122100830078,1.768595576286316,False,14.575841903686523,False,105,0,105,double,2.6041640166039124,156.24984099623475,JUMPING,288.70946899414065,211.8425003051758
1097,43.88,0.8984966278076172,58.727099996758625,214.62966918945312,108.54940032958984,0.29242172837257385,False,14.69027042388916,False,105,0,105,double,2.6041640166039124,156.24984099623475,JUMPING,288.9644659423828,213.5704315185547
1098,43.92,0.9262306094169617,68.28999999561347,215.3905792236328,110.02141571044922,1.5141180753707886,False,13.303250312805176,False,105,0,105,double,2.6041640166039124,156.24984099623475,JUMPING,289.3154357910156,213.19561309814455
1099,43.96,0.9014801979064941,59.412399990833364,215.0308074951172,110.9448013305664,0.9269182682037354,False,11.676127433776855,False,105,0,105,double,2.6041640166039124,156.24984099623475,JUMPING,289.8054211425781,212.96331329345705
1100,44.0,0.8355221748352051,68.52709999657236,222.38021850585938,119.41796875,8.482988357543945,False,6.15631628036499,False,105,0,105,double,2.6041640166039124,156.24984099623475,JUMPING,290.3814819335937,207.4502380371094
1101,44.04,0.8515602350234985,69.9775000102818,229.0433349609375,121.80915069580078,2.4454545974731445,False,11.590889930725098,False,105,0,105,double,2.6041640166039124,156.24984099623475,JUMPING,290.3814819335937,208.56722412109377
1102,44.08,0.823932409286499,71.37649999640416,238.14813232421875,116.86798095703125,4.946072101593018,False,2.006669282913208,False,105,0,105,double,2.6041640166039124,156.24984099623475,JUMPING,290.39528808593747,207.34954681396485
1103,44.12,0.8864643573760986,65.4289000085555,236.25579833984375,117.09032440185547,0.2376115769147873,False,7.063389301300049,True,105,0,105,double,2.6041640166039124,156.24984099623475,JUMPING,290.39528808593747,209.71137619018558
1104,44.16,0.8863294720649719,68.54040001053363,230.9298858642578,114.61907958984375,2.4740633964538574,False,10.396474838256836,True,105,0,105,double,2.6041640166039124,156.24984099623475,JUMPING,290.39528808593747,214.06816406250002
1105,44.2,0.8758811950683594,60.962899995502084,222.4059600830078,109.52774047851562,5.102052211761475,False,11.879237174987793,True,105,0,105,double,2.6041640166039124,156.24984099623475,JUMPING,290.39528808593747,213.45203247070313
1106,44.24,0.8885154128074646,59.84149999858346,215.58349609375,107.07208251953125,2.483778953552246,False,14.28822135925293,True,105,0,105,double,2.6041640166039124,156.24984099623475,JUMPING,290.39528808593747,213.5755340576172
1107,44.28,0.8891878128051758,54.959200002485886,210.68975830078125,105.885986328125,1.2001093626022339,False,14.078999519348145,True,105,0,105,double,2.6041640166039124,156.24984099623475,JUMPING,290.39528808593747,213.5494338989258
1108,44.32,0.8795700073242188,59.1366000007838,210.6598358154297,108.2043685913086,2.320482015609741,False,13.678942680358887,True,105,0,105,double,2.6041640166039124,156.24984099623475,JUMPING,290.39528808593747,213.02545852661135
1109,44.36,0.8774248957633972,54.31259999750182,213.37384033203125,111.58715057373047,3.4031224250793457,False,14.0465669631958,True,105,0,105,double,2.6041640166039124,156.24984099623475,JUMPING,290.39528808593747,209.72644042968753
1110,44.4,0.8568190932273865,72.111200002837,215.49417114257812,113.8759994506836,2.3063535690307617,False,14.002686500549316,True,105,0,105,double,2.6041640166039124,156.24984099623475,JUMPING,290.39528808593747,208.51309356689455
1111,44.44,0.8479037284851074,72.08269998955075,217.26437377929688,117.30001831054688,3.4256672859191895,False,1.9462333917617798,False,106,0,106,double,1.7857148483093244,107.14289089855946,JUMPING,290.4323303222656,206.19551696777344
1112,44.48,0.888621985912323,70.46489999629557,219.60345458984375,117.40252685546875,0.11876817047595978,False,6.3109450340271,False,106,0,106,double,1.7857148483093244,107.14289089855946,JUMPING,290.47550659179683,209.46060485839845
1113,44.52,0.8896442651748657,57.342600004631095,217.86239624023438,114.8330078125,2.5787432193756104,False,9.597110748291016,True,106,0,106,double,1.7857148483093244,107.14289089855946,JUMPING,290.47550659179683,211.217724609375
1114,44.56,0.8903633952140808,70.47839999722783,214.55702209472656,111.84902954101562,2.9896621704101562,False,10.93739128112793,True,106,0,106,double,1.7857148483093244,107.14289089855946,JUMPING,290.47550659179683,215.6278289794922
1115,44.6,0.8895766139030457,69.24899999285117,210.88278198242188,109.43292236328125,2.4161322116851807,False,12.702223777770996,True,106,0,106,double,1.7857148483093244,107.14289089855946,JUMPING,290.47550659179683,211.58244705200198
1116,44.64,0.8722707033157349,59.42080001113936,210.27072143554688,107.69271087646484,1.7488982677459717,False,14.322057723999023,True,106,0,106,double,1.7857148483093244,107.14289089855946,JUMPING,290.47550659179683,209.15918579101563
1117,44.68,0.881276547908783,66.03539999923669,208.73509216308594,107.9040298461914,0.29476797580718994,False,14.44802188873291,True,106,0,106,double,1.7857148483093244,107.14289089855946,JUMPING,290.47550659179683,210.81378479003908
1118,44.72,0.8705393671989441,73.2471999945119,208.97686767578125,109.35507202148438,1.455503225326538,False,13.562516212463379,True,106,0,106,double,1.7857148483093244,107.14289089855946,JUMPING,290.47550659179683,210.28599090576174
1119,44.76,0.8688323497772217,57.3104999930365,209.48744201660156,110.17797088623047,0.8328587412834167,False,13.10268497467041,True,106,0,106,double,1.7857148483093244,107.14289089855946,JUMPING,290.47550659179683,210.63215789794924
1120,44.8,0.8587777614593506,67.14249998913147,215.4034423828125,115.01929473876953,4.9105939865112305,False,12.805427551269531,True,106,0,106,double,1.7857148483093244,107.14289089855946,JUMPING,290.47550659179683,202.96237030029297
1121,44.84,0.878660261631012,52.690500000608154,221.31491088867188,117.34598541259766,2.446437120437622,False,12.963814735412598,False,107,0,107,double,1.7857148483093244,107.14289089855946,JUMPING,290.47550659179683,203.52519378662112
1122,44.88,0.8827664256095886,57.76779999723658,223.1387939453125,116.61658477783203,0.973706841468811,False,12.755581855773926,False,107,0,107,double,1.7857148483093244,107.14289089855946,JUMPING,290.53509826660155,208.5307426452637
1123,44.92,0.8848563432693481,71.92129999748431,221.0394287109375,113.76825714111328,2.8484292030334473,False,13.293010711669922,True,107,0,107,double,1.7857148483093244,107.14289089855946,JUMPING,290.53509826660155,211.5671226501465
1124,44.96,0.8870533108711243,70.23939999635331,219.282470703125,111.93075561523438,1.8410216569900513,False,12.824357986450195,True,107,0,107,double,1.7857148483093244,107.14289089855946,JUMPING,290.53509826660155,212.47380523681642
1125,45.0,0.8876367807388306,64.5558000105666,216.29190063476562,109.1060791015625,2.834090232849121,False,12.524317741394043,True,107,0,107,double,1.7857148483093244,107.14289089855946,JUMPING,290.53509826660155,214.16620330810548
1126,45.04,0.8939733505249023,60.67750000511296,213.67282104492188,107.52448272705078,1.589505672454834,False,11.972944259643555,True,107,0,107,double,1.7857148483093244,107.14289089855946,JUMPING,290.47550659179683,214.94617004394533
1127,45.08,0.877830982208252,56.20490000001155,213.5302276611328,107.69979095458984,0.18003889918327332,False,10.6844482421875,True,107,0,107,double,1.7857148483093244,107.14289089855946,JUMPING,290.47550659179683,212.6962860107422
1128,45.12,0.8732523322105408,42.64780000085011,213.27699279785156,109.80265045166016,2.1044538021087646,False,13.670670509338379,True,107,0,107,double,1.7857148483093244,107.14289089855946,JUMPING,290.4323303222656,208.05781784057618
1129,45.16,0.8782421946525574,61.579999994137324,213.23876953125,111.2330551147461,1.434576153755188,False,13.619173049926758,True,107,0,107,double,1.7857148483093244,107.14289089855946,JUMPING,290.4323303222656,206.45619964599612
1130,45.2,0.886087954044342,50.297599998884834,221.51922607421875,115.12686157226562,3.8978970050811768,False,13.268232345581055,True,107,0,107,double,1.7857148483093244,107.14289089855946,JUMPING,290.4186706542969,208.0847152709961
1131,45.24,0.8776636719703674,53.023700005724095,227.46791076660156,116.18843841552734,1.0714550018310547,False,12.50189208984375,True,107,0,107,double,1.7857148483093244,107.14289089855946,JUMPING,290.0055737304687,209.70027313232424
1132,45.28,0.8549014329910278,68.25179999577813,224.80252075195312,115.03435516357422,1.2778966426849365,False,11.60165786743164,True,107,0,107,double,1.7857148483093244,107.14289089855946,JUMPING,290.0055737304687,211.13589935302736
1133,45.32,0.8688212633132935,45.66240000713151,222.8019561767578,111.4957046508789,3.544855833053589,False,12.812126159667969,False,108,0,108,double,1.6666666004392863,99.99999602635718,JUMPING,289.89239624023435,214.65389862060547
1134,45.36,0.8595053553581238,49.561699997866526,216.70204162597656,107.4865493774414,4.037300109863281,False,11.283123970031738,True,108,0,108,double,1.6666666004392863,99.99999602635718,JUMPING,289.22197509765624,215.8425216674805
1135,45.4,0.8517173528671265,60.511500007123686,210.91622924804688,105.12097930908203,2.386451005935669,False,12.7288179397583,True,108,0,108,double,1.6666666004392863,99.99999602635718,JUMPING,288.8185778808594,216.2100051879883
1136,45.44,0.85014808177948,66.04930000321474,208.091796875,105.04381561279297,0.7083020210266113,False,12.330545425415039,True,108,0,108,double,1.6666666004392863,99.99999602635718,JUMPING,288.5609094238281,215.68881607055667
1137,45.48,0.8838193416595459,51.13870000059251,207.33389282226562,107.20935821533203,2.2140324115753174,False,13.03209114074707,False,108,0,108,double,1.6666666004392863,99.99999602635718,JUMPING,288.4635852050781,216.49343109130862
1138,45.52,0.8793529272079468,57.99180000030901,210.0469207763672,110.93511962890625,3.8079824447631836,False,13.400771141052246,False,108,0,108,double,1.6666666004392863,99.99999602635718,JUMPING,288.4635852050781,210.19954986572267
1139,45.56,0.8902860283851624,85.37169999908656,218.1555938720703,114.62506103515625,3.7323901653289795,False,11.938275337219238,False,108,0,108,double,1.6666666004392863,99.99999602635718,JUMPING,288.4635852050781,209.93694534301758
1140,45.6,0.8786978125572205,78.31569999689236,226.39599609375,116.5875244140625,1.997613787651062,False,12.903687477111816,False,108,0,108,double,1.6666666004392863,99.99999602635718,JUMPING,288.62655151367187,207.95654754638673
1141,45.64,0.8743315935134888,65.26519999897573,231.39556884765625,117.64104461669922,1.0647504329681396,False,13.510258674621582,False,108,0,108,double,1.6666666004392863,99.99999602635718,JUMPING,288.70396850585934,207.56311492919923
1142,45.68,0.8711866140365601,71.27469999250025,230.26483154296875,116.805908203125,0.8352138996124268,False,12.787336349487305,False,108,0,108,double,1.6666666004392863,99.99999602635718,JUMPING,288.70396850585934,209.7926727294922
1143,45.72,0.8383269309997559,48.78299999109004,226.22314453125,114.27233123779297,2.6300594806671143,False,9.963407516479492,True,108,0,108,double,1.6666666004392863,99.99999602635718,JUMPING,288.70396850585934,215.05745239257814
1144,45.76,0.8765101432800293,50.59199999959674,219.15921020507812,109.46553802490234,4.807553291320801,False,11.43111515045166,True,108,0,108,double,1.6666666004392863,99.99999602635718,JUMPING,288.70396850585934,215.745556640625
1145,45.8,0.8892301321029663,71.4521999907447,214.11544799804688,106.76627349853516,2.7001938819885254,False,11.779040336608887,True,108,0,108,double,1.6666666004392863,99.99999602635718,JUMPING,288.70396850585934,216.20583419799806
1146,45.84,0.881036102771759,60.82620000233874,209.8038330078125,105.67203521728516,1.1007076501846313,False,12.385997772216797,True,108,0,108,double,1.6666666004392863,99.99999602635718,JUMPING,288.70396850585934,213.29692535400392
1147,45.88,0.8913357257843018,53.404599995701574,207.27774047851562,105.5207748413086,0.15825355052947998,False,12.546638488769531,True,108,0,108,double,1.6666666004392863,99.99999602635718,JUMPING,288.70396850585934,212.42138671875003
1148,45.92,0.8808883428573608,65.83039999532048,208.66001892089844,109.07070922851562,3.551846504211426,False,13.879637718200684,False,109,0,109,double,1.582278557416629,94.93671344499774,JUMPING,288.6848449707031,213.74071197509767
1149,45.96,0.8880614042282104,74.91310000477824,214.97998046875,113.52754974365234,4.4569783210754395,False,13.298616409301758,False,109,0,109,double,1.582278557416629,94.93671344499774,JUMPING,288.65748413085936,209.1119537353516
1150,46.0,0.8947460055351257,61.41219999699388,219.05758666992188,116.60286712646484,3.0753252506256104,False,12.340815544128418,False,109,0,109,double,1.582278557416629,94.93671344499774,JUMPING,288.9781457519531,208.0404037475586
1151,46.04,0.8974841237068176,70.1314000034472,221.70941162109375,117.92630004882812,1.3263877630233765,False,11.453603744506836,False,109,0,109,double,1.582278557416629,94.93671344499774,JUMPING,289.40352111816406,208.71252899169923
1152,46.08,0.8732439875602722,79.51650000177324,221.91116333007812,114.36534881591797,3.5700652599334717,False,11.148454666137695,False,109,0,109,double,1.582278557416629,94.93671344499774,JUMPING,289.5721368408203,218.1221145629883
1153,46.12,0.8908480405807495,78.25799999409355,216.7372283935547,109.82068634033203,4.545351982116699,False,12.698122024536133,False,109,0,109,double,1.582278557416629,94.93671344499774,JUMPING,289.7931231689453,219.36666412353517
1154,46.16,0.8994151949882507,65.07130000682082,210.64056396484375,106.67780303955078,3.142892360687256,False,16.61691665649414,True,109,0,109,double,1.582278557416629,94.93671344499774,JUMPING,289.7931231689453,216.32889099121095
1155,46.2,0.8748656511306763,74.86520000384189,207.14309692382812,104.66763305664062,2.0152077674865723,False,18.147207260131836,True,109,0,109,double,1.582278557416629,94.93671344499774,JUMPING,289.7931231689453,214.2425735473633
1156,46.24,0.8778395056724548,64.80249999731313,207.02874755859375,104.47272491455078,0.2690826952457428,False,16.595930099487305,True,109,0,109,double,1.582278557416629,94.93671344499774,JUMPING,289.7931231689453,214.6507095336914
1157,46.28,0.8859013915061951,69.2682000080822,207.16912841796875,104.78350830078125,0.39186832308769226,False,17.772968292236328,True,109,0,109,double,1.582278557416629,94.93671344499774,JUMPING,289.7931231689453,214.47327880859376
1158,46.32,0.8841526508331299,67.4606000102358,207.65908813476562,105.86707305908203,1.167978048324585,False,16.7498836517334,True,109,0,109,double,1.582278557416629,94.93671344499774,JUMPING,289.77066528320313,217.56462860107425
1159,46.36,0.8901232481002808,68.38630000129342,213.80111694335938,111.5092544555664,5.650676727294922,False,13.31607723236084,False,110,0,110,double,1.582278557416629,94.93671344499774,JUMPING,289.6069287109375,208.86456451416018
1160,46.4,0.8829909563064575,79.82980000087991,224.30087280273438,114.83025360107422,3.3688950538635254,False,8.415382385253906,False,110,0,110,double,1.582278557416629,94.93671344499774,JUMPING,289.6069287109375,209.67538986206057
1161,46.44,0.8942241072654724,75.83129999693483,228.77590942382812,114.9483642578125,0.9799526333808899,False,9.735384941101074,False,110,0,110,double,1.582278557416629,94.93671344499774,JUMPING,289.6069287109375,211.65409240722659
1162,46.48,0.882832944393158,67.68589999410324,224.77801513671875,112.78421783447266,2.3824050426483154,False,13.40174388885498,False,110,0,110,double,1.582278557416629,94.93671344499774,JUMPING,289.6069287109375,217.25636978149416
1163,46.52,0.8731005191802979,68.25680000474676,221.56398010253906,111.02738189697266,1.8140182495117188,False,14.874343872070312,False,110,0,110,double,1.582278557416629,94.93671344499774,JUMPING,289.6069287109375,217.21307373046878
1164,46.56,0.8886178135871887,66.54660000640433,218.5394287109375,107.38056182861328,3.8159048557281494,False,15.865827560424805,False,110,0,110,double,1.582278557416629,94.93671344499774,JUMPING,289.63299377441405,217.26686859130862
1165,46.6,0.7585285902023315,60.0552000105381,0.0,,0.0,False,0.0,False,110,0,110,unknown,0.0,0.0,JUMPING,,212.23702392578127
1166,46.64,0.8658276796340942,77.57639999908861,216.78590393066406,106.59151458740234,0.8375712037086487,False,13.775652885437012,False,110,0,110,double,1.582278557416629,94.93671344499774,JUMPING,289.63299377441405,213.7107765197754
1167,46.68,0.8927256464958191,58.45839998801239,214.8260955810547,106.09213256835938,0.7082479596138,False,14.048657417297363,False,110,0,110,double,1.582278557416629,94.93671344499774,JUMPING,289.63299377441405,213.92404251098634
1168,46.72,0.8339951038360596,58.06460000167135,213.45516967773438,112.04427337646484,6.106093406677246,False,9.699518203735352,True,110,0,110,double,1.582278557416629,94.93671344499774,JUMPING,289.63299377441405,216.13403778076173
1169,46.76,0.8880876302719116,62.278400000650436,216.61480712890625,111.74117279052734,1.677497386932373,False,9.784551620483398,True,110,0,110,double,1.582278557416629,94.93671344499774,JUMPING,289.63299377441405,209.7617385864258
1170,46.8,0.8938912749290466,73.16629998967983,223.83670043945312,114.37117767333984,2.643519878387451,False,9.721896171569824,False,111,0,111,double,2.1186435198655156,127.11861119193094,JUMPING,289.63299377441405,211.52450637817384
1171,46.84,0.9176231026649475,66.16930000018328,229.07742309570312,115.4245376586914,1.08159339427948,False,9.282861709594727,False,111,0,111,double,2.1186435198655156,127.11861119193094,JUMPING,289.65545166015625,212.94698181152344
1172,46.88,0.9062121510505676,70.98000000405591,225.68618774414062,114.97266387939453,0.5374012589454651,False,10.551932334899902,False,111,0,111,double,2.1186435198655156,127.11861119193094,JUMPING,289.65545166015625,209.8288269042969
1173,46.92,0.8255272507667542,59.55200000607874,226.25704956054688,113.62910461425781,7.305413246154785,False,8.558391571044922,True,111,0,111,double,2.1186435198655156,127.11861119193094,JUMPING,289.65545166015625,217.7922203063965
1174,46.96,0.8444616198539734,61.193399989861064,225.65464782714844,111.18814086914062,4.403658866882324,False,7.423019886016846,True,111,0,111,double,2.1186435198655156,127.11861119193094,JUMPING,289.65545166015625,217.01709594726563
1175,47.0,0.8671255707740784,74.98150000174064,222.76666259765625,109.71511840820312,5.295996189117432,False,8.640429496765137,True,111,0,111,double,2.1186435198655156,127.11861119193094,JUMPING,289.65545166015625,214.52674636840823
1176,47.04,0.8719687461853027,78.86599999619648,221.3966064453125,108.07947540283203,3.8383970260620117,False,8.469170570373535,True,111,0,111,double,2.1186435198655156,127.11861119193094,JUMPING,289.65545166015625,214.52033462524415
1177,47.08,0.87647545337677,67.5183000130346,224.588134765625,109.78926086425781,2.0704469680786133,False,9.51550579071045,True,111,0,111,double,2.1186435198655156,127.11861119193094,JUMPING,289.40352111816406,215.91047439575198
1178,47.12,0.8643519282341003,61.94760001380928,224.84127807617188,111.29051208496094,1.5912991762161255,False,10.543632507324219,True,111,0,111,double,2.1186435198655156,127.11861119193094,JUMPING,289.3220373535156,213.49412841796877
1179,47.16,0.9002798795700073,76.82370000111405,228.5902099609375,114.198486328125,3.1685140132904053,False,12.058724403381348,False,112,0,112,double,2.1551727526572564,129.31036515943538,JUMPING,289.3220373535156,211.36819915771486
1180,47.2,0.9013161063194275,73.1173999956809,231.16250610351562,116.09204864501953,1.902342677116394,False,13.05677604675293,False,112,0,112,double,2.1551727526572564,129.31036515943538,JUMPING,289.65545166015625,210.0857749938965
1181,47.24,0.8933364152908325,83.64040000014938,226.25877380371094,114.36932373046875,2.1644108295440674,False,13.581185340881348,False,112,0,112,double,2.1551727526572564,129.31036515943538,JUMPING,289.6937664794922,214.0962112426758
1182,47.28,0.8937879204750061,65.55200000002515,220.33786010742188,111.0978775024414,3.3126301765441895,False,12.25617504119873,False,112,0,112,double,2.1551727526572564,129.31036515943538,JUMPING,289.6937664794922,216.6782638549805
1183,47.32,0.8914811611175537,50.504800005001016,215.97201538085938,109.70647430419922,2.1063995361328125,False,11.676557540893555,False,112,0,112,double,2.1551727526572564,129.31036515943538,JUMPING,289.6937664794922,216.60630798339847
1184,47.36,0.9003355503082275,50.04950000147801,212.1536407470703,107.3813705444336,2.4336323738098145,False,10.135763168334961,True,112,0,112,double,2.1551727526572564,129.31036515943538,JUMPING,289.6937664794922,214.06853332519532
1185,47.4,0.8891874551773071,50.056600011885166,210.53680419921875,106.1814956665039,1.2707828283309937,False,8.774956703186035,True,112,0,112,double,2.1551727526572564,129.31036515943538,JUMPING,289.6937664794922,215.31637268066407
1186,47.44,0.8875758647918701,56.2013000017032,209.98541259765625,107.30826568603516,1.1702406406402588,False,9.962223052978516,True,112,0,112,double,2.1551727526572564,129.31036515943538,JUMPING,289.6937664794922,215.6192268371582
1187,47.48,0.8630322813987732,53.82030000328086,211.4527130126953,110.9310073852539,3.62727689743042,False,10.845667839050293,False,113,0,113,double,2.314814914462502,138.8888948677501,JUMPING,289.6663372802734,210.73995742797854
1188,47.52,0.8877931237220764,59.399599995231256,216.69297790527344,114.07003021240234,3.1395649909973145,False,13.521527290344238,False,113,0,113,double,2.314814914462502,138.8888948677501,JUMPING,289.8740942382812,207.3856170654297
1189,47.56,0.8936364650726318,85.57879998988938,223.67117309570312,116.32891845703125,2.259521961212158,False,12.836315155029297,False,113,0,113,double,2.314814914462502,138.8888948677501,JUMPING,289.60535644531245,207.67406158447267
1190,47.6,0.8986812829971313,112.67139999836218,225.08755493164062,116.3058090209961,0.024936364963650703,False,13.718896865844727,False,113,0,113,double,2.314814914462502,138.8888948677501,JUMPING,289.3867346191406,209.329264831543
1191,47.64,0.89405757188797,90.56750001036562,222.87362670898438,113.84832763671875,2.4687232971191406,False,14.949666023254395,False,113,0,113,double,2.314814914462502,138.8888948677501,JUMPING,289.1418225097656,212.1864181518555
1192,47.68,0.8919234275817871,65.39940000220668,218.826171875,109.94747161865234,3.9009053707122803,False,13.351969718933105,False,113,0,113,double,2.314814914462502,138.8888948677501,JUMPING,289.1418225097656,220.0668701171875
1193,47.72,0.8954676985740662,63.92359999881592,216.2581787109375,107.77144622802734,2.1760308742523193,False,12.161714553833008,False,113,0,113,double,2.314814914462502,138.8888948677501,JUMPING,289.1418225097656,219.95499191284182
1194,47.76,0.8898288607597351,63.982399995438755,213.05416870117188,106.28577423095703,1.5791490077972412,False,11.568318367004395,True,113,0,113,double,2.314814914462502,138.8888948677501,JUMPING,289.1418225097656,209.6634391784668
1195,47.8,0.8971746563911438,72.16799999878276,210.7980499267578,106.2806167602539,0.651235044002533,False,11.678017616271973,True,113,0,113,double,2.314814914462502,138.8888948677501,JUMPING,289.1418225097656,210.26454010009766
1196,47.84,0.8829993605613708,88.85660000669304,210.6385498046875,107.99481964111328,1.802947759628296,False,13.732099533081055,True,113,0,113,double,2.314814914462502,138.8888948677501,JUMPING,289.1418225097656,217.43204650878909
1197,47.88,0.8662962913513184,72.20080000115559,212.18609619140625,110.80103302001953,2.8333842754364014,False,14.921808242797852,True,113,0,113,double,2.314814914462502,138.8888948677501,JUMPING,289.1418225097656,211.27788085937502
1198,47.92,0.8742150068283081,92.02139999251813,213.04429626464844,112.7032470703125,1.9143476486206055,False,15.41772747039795,True,113,0,113,double,2.314814914462502,138.8888948677501,JUMPING,289.1418225097656,212.64673767089846
1199,47.96,0.8753201961517334,51.70870000438299,217.60897827148438,115.66793060302734,3.0533952713012695,False,14.279070854187012,False,114,0,114,double,2.4509793637995725,147.05876182797434,JUMPING,289.3867346191406,209.31076812744143
1200,48.0,0.8829631805419922,47.303800005465746,222.03982543945312,116.54464721679688,1.0928831100463867,False,14.941293716430664,False,114,0,114,double,2.4509793637995725,147.05876182797434,JUMPING,289.4141638183594,209.19843673706058
1201,48.04,0.8902270793914795,57.742499993764795,221.65379333496094,114.607421875,1.9374505281448364,False,16.265695571899414,False,114,0,114,double,2.4509793637995725,147.05876182797434,JUMPING,289.4141638183594,212.93227844238282
1202,48.08,0.8456534743309021,56.52709999412764,223.84793090820312,111.7173080444336,2.894932508468628,False,16.34576988220215,True,114,0,114,double,2.4509793637995725,147.05876182797434,JUMPING,289.26755859375,216.42553710937503
1203,48.12,0.8990768194198608,67.52099998993799,216.53271484375,108.69482421875,3.0607523918151855,False,18.11058235168457,True,114,0,114,double,2.4509793637995725,147.05876182797434,JUMPING,289.26755859375,211.92853012084962
1204,48.16,0.8935243487358093,66.94430000788998,211.35301208496094,106.75118255615234,1.9437360763549805,False,17.438528060913086,True,114,0,114,double,2.4509793637995725,147.05876182797434,JUMPING,289.26755859375,208.97770996093752
1205,48.2,0.8954103589057922,52.83290000807028,209.15658569335938,106.66645050048828,0.09798140078783035,False,17.09339714050293,True,114,0,114,double,2.4509793637995725,147.05876182797434,JUMPING,289.26755859375,209.71442260742188
1206,48.24,0.8782042264938354,71.88780000433326,209.89678955078125,108.36461639404297,1.7224518060684204,False,13.393586158752441,True,114,0,114,double,2.4509793637995725,147.05876182797434,JUMPING,289.26755859375,215.0239669799805
1207,48.28,0.8921655416488647,86.08559999265708,211.8010711669922,111.73795318603516,3.3771207332611084,False,13.090913772583008,False,115,0,115,double,2.6041690693517756,156.25014416110653,JUMPING,289.2790209960938,209.1447677612305
1208,48.32,0.8876129984855652,67.014600004768,213.50003051757812,113.4527587890625,1.7482383251190186,False,13.405214309692383,False,115,0,115,double,2.6041690693517756,156.25014416110653,JUMPING,289.4052209472656,208.38021774291994
1209,48.36,0.8828089833259583,87.00489999318961,218.19061279296875,115.5694808959961,2.1703226566314697,False,13.056326866149902,False,115,0,115,double,2.6041690693517756,156.25014416110653,JUMPING,289.53791748046876,206.5484146118164
1210,48.4,0.8260791301727295,70.98939998832066,216.82081604003906,116.27752685546875,0.9092105031013489,False,1.4586061239242554,False,115,0,115,double,2.6041690693517756,156.25014416110653,JUMPING,289.7675842285156,207.26081466674808
1211,48.44,0.8931774497032166,77.4602000019513,217.6246337890625,115.41837310791016,1.149840235710144,False,6.743572235107422,False,115,0,115,double,2.6041690693517756,156.25014416110653,JUMPING,289.7675842285156,210.41273193359376
1212,48.48,0.7229858636856079,69.34450000699144,217.6608428955078,111.57787322998047,4.927414894104004,False,7.153958320617676,True,115,0,115,double,2.6041690693517756,156.25014416110653,JUMPING,289.7675842285156,214.306103515625
1213,48.52,0.714057445526123,73.05239999550395,216.765869140625,109.00857543945312,3.7140772342681885,False,12.901561737060547,True,115,0,115,double,2.6041690693517756,156.25014416110653,JUMPING,289.7675842285156,216.60756683349612
1214,48.56,0.8168807625770569,75.06540000031237,213.00335693359375,107.41429138183594,3.3045167922973633,False,16.449092864990234,True,115,0,115,double,2.6041690693517756,156.25014416110653,JUMPING,289.7675842285156,215.09978332519532
1215,48.6,0.81943279504776,73.66350000665989,210.97607421875,106.6595687866211,1.6481170654296875,False,16.884347915649414,True,115,0,115,double,2.6041690693517756,156.25014416110653,JUMPING,289.7675842285156,214.3071273803711
1216,48.64,0.8385412693023682,69.68549999874085,210.64952087402344,108.8013687133789,5.404713153839111,False,10.130616188049316,True,115,0,115,double,2.6041690693517756,156.25014416110653,JUMPING,289.7414184570312,216.3404724121094
1217,48.68,0.8621103763580322,56.962400005431846,213.4304656982422,112.21209716796875,5.117223262786865,False,7.254767417907715,False,116,0,116,double,2.65957287273766,159.5743723642596,JUMPING,289.53791748046876,211.12789306640627
1218,48.72,0.8532898426055908,46.20739999518264,218.05380249023438,114.8424072265625,3.1288278102874756,False,14.473362922668457,False,116,0,116,double,2.65957287273766,159.5743723642596,JUMPING,289.64971923828125,207.20039825439454
1219,48.76,0.904405951499939,64.03189999400638,222.8650360107422,116.1701889038086,1.5462132692337036,False,15.116070747375488,False,116,0,116,double,2.65957287273766,159.5743723642596,JUMPING,289.9064038085937,207.85721588134768
1220,48.8,0.884512722492218,45.832700008759275,223.8138885498047,114.71671295166016,1.46876060962677,False,14.596508026123047,False,116,0,116,double,2.65957287273766,159.5743723642596,JUMPING,290.0303918457031,210.50759887695315
1221,48.84,0.8398312330245972,55.44920000829734,221.39178466796875,117.27330017089844,2.6031980514526367,False,5.233525276184082,False,116,0,116,double,2.65957287273766,159.5743723642596,JUMPING,290.0391809082031,210.86473464965823
1222,48.88,0.8987036943435669,55.723700002999976,216.82232666015625,110.21871185302734,7.057490348815918,False,4.464234828948975,False,116,0,116,double,2.65957287273766,159.5743723642596,JUMPING,290.0391809082031,217.74427490234376
1223,48.92,0.891057550907135,48.11040000640787,211.54464721679688,106.9670639038086,3.2562410831451416,False,9.050714492797852,True,116,0,116,double,2.65957287273766,159.5743723642596,JUMPING,290.0391809082031,218.32421875000003
1224,48.96,0.9006354212760925,53.11710000387393,208.37864685058594,105.2626953125,1.7121912240982056,False,13.585150718688965,True,116,0,116,double,2.65957287273766,159.5743723642596,JUMPING,290.0391809082031,212.6959167480469
1225,49.0,0.8946439027786255,84.23979999497533,207.54782104492188,105.37578582763672,0.2253279834985733,False,14.863591194152832,True,116,0,116,double,2.65957287273766,159.5743723642596,JUMPING,289.93948242187497,213.24302978515627
1226,49.04,0.8781266808509827,65.96940000599716,208.54095458984375,107.62816619873047,2.2568519115448,False,11.556875228881836,True,116,0,116,double,2.65957287273766,159.5743723642596,JUMPING,289.862431640625,215.14471588134768
1227,49.08,0.8681573271751404,73.19989999814425,212.58058166503906,111.35934448242188,3.7311782836914062,False,12.053433418273926,False,117,0,117,double,2.6041640166039124,156.24984099623475,JUMPING,289.862431640625,209.47096099853516
1228,49.12,0.8888184428215027,74.76669999596197,219.8868865966797,114.5417251586914,3.1879453659057617,False,12.426505088806152,False,117,0,117,double,2.6041640166039124,156.24984099623475,JUMPING,290.11309814453125,207.9636642456055
1229,49.16,0.8846601247787476,64.8739000025671,224.64370727539062,116.05313873291016,1.5203298330307007,False,11.676644325256348,False,117,0,117,double,2.6041640166039124,156.24984099623475,JUMPING,290.5229815673828,207.29006195068362
1230,49.2,0.8587645292282104,67.35900000785477,227.1185302734375,113.9317626953125,2.1480090618133545,False,12.546798706054688,False,117,0,117,double,2.6041640166039124,156.24984099623475,JUMPING,290.72977905273433,212.99334106445315
1231,49.24,0.8720496296882629,53.55019999842625,226.64682006835938,112.34835815429688,1.5942264795303345,False,12.893566131591797,False,117,0,117,double,2.6041640166039124,156.24984099623475,JUMPING,290.79681396484375,213.5665710449219
1232,49.28,0.8742554783821106,55.565900009241886,223.26402282714844,110.24799346923828,2.1340737342834473,False,12.555501937866211,True,117,0,117,double,2.6041640166039124,156.24984099623475,JUMPING,290.79681396484375,219.22520294189454
1233,49.32,0.9014593362808228,49.895100004505366,217.4326171875,106.51921844482422,3.730851173400879,False,13.680731773376465,True,117,0,117,double,2.6041640166039124,156.24984099623475,JUMPING,290.79681396484375,218.419841003418
1234,49.36,0.902279794216156,62.1260999905644,213.31861877441406,104.63516998291016,1.8841019868850708,False,13.66480827331543,True,117,0,117,double,2.6041640166039124,156.24984099623475,JUMPING,290.79681396484375,217.18962554931642
1235,49.4,0.8970015645027161,65.57160000375006,210.631591796875,103.98894500732422,0.6467487812042236,False,14.431187629699707,True,117,0,117,double,2.6041640166039124,156.24984099623475,JUMPING,290.79681396484375,216.50178146362308
1236,49.44,0.8808202147483826,51.99789999460336,209.4085235595703,104.534912109375,0.575288712978363,False,15.361145973205566,True,117,0,117,double,2.6041640166039124,156.24984099623475,JUMPING,290.72977905273433,220.50310363769532
1237,49.48,0.8793734312057495,68.7605999992229,210.83956909179688,106.79098510742188,2.2583141326904297,False,16.442720413208008,True,117,0,117,double,2.6041640166039124,156.24984099623475,JUMPING,290.72977905273433,217.39409637451175
1238,49.52,0.878152072429657,71.19529999908991,216.73587036132812,112.44308471679688,5.653798580169678,False,14.33277702331543,True,117,0,117,double,2.6041640166039124,156.24984099623475,JUMPING,290.72977905273433,210.5511215209961
1239,49.56,0.8927685618400574,78.39690000400878,220.62545776367188,114.87493896484375,2.434204578399658,False,12.149937629699707,True,117,0,117,double,2.6041640166039124,156.24984099623475,JUMPING,290.72977905273433,210.8011459350586
1240,49.6,0.8868703842163086,61.70449999626726,223.7139434814453,116.3051528930664,1.4338301420211792,False,11.672396659851074,True,117,0,117,double,2.6041640166039124,156.24984099623475,JUMPING,290.72977905273433,210.6788528442383
1241,49.64,0.8744638562202454,73.8716000050772,220.70323181152344,114.53636932373047,1.7689214944839478,False,12.20983600616455,True,117,0,117,double,2.6041640166039124,156.24984099623475,JUMPING,290.72977905273433,216.28741607666018
1242,49.68,0.8024379014968872,68.35099999443628,222.12774658203125,109.24212646484375,5.307745933532715,False,7.401133060455322,True,117,0,117,double,2.6041640166039124,156.24984099623475,JUMPING,290.72977905273433,219.4695037841797
1243,49.72,0.8244514465332031,60.289500004728325,214.74700927734375,104.3893814086914,4.866934299468994,False,12.872121810913086,True,117,0,117,double,2.6041640166039124,156.24984099623475,JUMPING,290.72977905273433,220.91985015869142
1244,49.76,0.8338183760643005,53.483499999856576,211.9717559814453,102.25806427001953,2.143113374710083,False,18.22294807434082,True,117,0,117,double,2.6041640166039124,156.24984099623475,JUMPING,290.72977905273433,219.0306350708008
1245,49.8,0.8636236190795898,60.31120000989176,209.89471435546875,101.40953826904297,0.8947592377662659,False,0.96101975440979,True,117,0,117,double,2.6041640166039124,156.24984099623475,JUMPING,290.64842529296874,222.2824630737305
1246,49.84,0.8792491555213928,59.90330000349786,210.54673767089844,104.32195281982422,2.9441263675689697,False,9.714712142944336,True,117,0,117,double,2.6041640166039124,156.24984099623475,JUMPING,290.3096942138672,220.96941528320315
1247,49.88,0.8786226511001587,53.824400005396456,213.68528747558594,106.2148666381836,1.9019376039505005,False,11.740702629089355,False,118,0,118,double,2.083331957046438,124.99991742278627,JUMPING,290.19091369628904,219.30435943603518
1248,49.92,0.8820353150367737,52.28089999582153,221.22975158691406,111.29296875,5.080044746398926,False,13.044447898864746,False,118,0,118,double,2.083331957046438,124.99991742278627,JUMPING,290.19091369628904,213.3431838989258
1249,49.96,0.8837275505065918,61.354699995717965,225.44305419921875,113.67121124267578,2.378857135772705,False,13.696367263793945,False,118,0,118,double,2.083331957046438,124.99991742278627,JUMPING,290.39553405761717,214.4496292114258
1250,50.0,0.8963616490364075,71.72330000321381,226.84457397460938,112.76021575927734,0.9166656136512756,False,11.462037086486816,False,118,0,118,double,2.083331957046438,124.99991742278627,JUMPING,290.39553405761717,219.50637130737306
1251,50.04,0.8921645283699036,69.70069999806583,223.04052734375,109.85340118408203,2.906909227371216,False,14.050912857055664,False,118,0,118,double,2.083331957046438,124.99991742278627,JUMPING,290.39553405761717,221.22672424316409
1252,50.08,0.8887828588485718,76.31879999826197,221.1612091064453,107.82939910888672,2.0240588188171387,False,14.735677719116211,False,118,0,118,double,2.083331957046438,124.99991742278627,JUMPING,290.63206970214844,223.3825637817383
1253,50.12,0.8975650072097778,68.76629999896977,215.26004028320312,104.6607894897461,3.170347213745117,False,15.104902267456055,True,118,0,118,double,2.083331957046438,124.99991742278627,JUMPING,290.63206970214844,223.38516540527345
1254,50.16,0.8902431726455688,51.746500001172535,211.50466918945312,103.48920440673828,1.1914832592010498,False,14.323055267333984,True,118,0,118,double,2.083331957046438,124.99991742278627,JUMPING,290.63206970214844,221.01663055419922
1255,50.2,0.8892603516578674,43.47509999934118,210.08837890625,104.4673080444336,1.0344092845916748,False,13.651165008544922,True,118,0,118,double,2.083331957046438,124.99991742278627,JUMPING,290.3503399658203,221.3108322143555
1256,50.24,0.8869775533676147,49.38520000723656,212.28224182128906,106.93762969970703,2.4703304767608643,False,12.239049911499023,False,119,0,119,double,2.1929800184800334,131.578801108802,JUMPING,290.05687072753904,219.8445571899414
1257,50.28,0.8253304362297058,53.5537999967346,214.255126953125,110.2139892578125,3.302938461303711,False,7.832335472106934,False,119,0,119,double,2.1929800184800334,131.578801108802,JUMPING,290.18971862792966,213.8423263549805
1258,50.32,0.8827065229415894,63.35880000551697,226.63623046875,113.4226303100586,3.2102396488189697,False,2.4954445362091064,False,119,0,119,double,2.1929800184800334,131.578801108802,JUMPING,290.3551098632812,212.8777702331543
1259,50.36,0.8913444876670837,58.097999994060956,231.45108032226562,114.91120147705078,1.4897446632385254,False,7.369780540466309,False,119,0,119,double,2.1929800184800334,131.578801108802,JUMPING,291.3086950683594,214.41191406250002
1260,50.4,0.8850839734077454,73.89050000347197,228.24136352539062,112.61724090576172,2.3203625679016113,False,12.361300468444824,False,119,0,119,double,2.1929800184800334,131.578801108802,JUMPING,292.2514807128906,219.23565979003908
1261,50.44,0.889012336730957,76.05749998765532,225.28533935546875,111.1302490234375,1.5213042497634888,False,14.124222755432129,False,119,0,119,double,2.1929800184800334,131.578801108802,JUMPING,292.2602239990234,220.15272369384766
1262,50.48,0.8823544383049011,68.53380000393372,219.06033325195312,106.36180877685547,4.773170471191406,False,12.374028205871582,False,119,0,119,double,2.1929800184800334,131.578801108802,JUMPING,292.2602239990234,223.8916931152344
1263,50.52,0.8902277946472168,62.82490000012331,214.784423828125,103.6089859008789,2.760807752609253,False,11.678141593933105,False,119,0,119,double,2.1929800184800334,131.578801108802,JUMPING,292.2602239990234,223.5380065917969
1264,50.56,0.8955766558647156,74.0734999999404,210.42852783203125,102.52320098876953,1.1389620304107666,False,9.651556015014648,True,119,0,119,double,2.1929800184800334,131.578801108802,JUMPING,292.2602239990234,222.12445220947268
1265,50.6,0.8887739777565002,85.6777000008151,208.5932159423828,103.138427734375,0.6153005361557007,False,10.909244537353516,True,119,0,119,double,2.1929800184800334,131.578801108802,JUMPING,291.3917333984375,222.42652587890626
1266,50.64,0.8668837547302246,82.49840000644326,212.99908447265625,106.8187484741211,3.680880546569824,False,12.905816078186035,True,119,0,119,double,2.1929800184800334,131.578801108802,JUMPING,290.7509765625,218.3560760498047
1267,50.68,0.8890268802642822,78.63040000665933,217.89471435546875,111.3181381225586,4.50004243850708,False,14.252978324890137,False,120,0,120,double,2.083331957046438,124.99991742278627,JUMPING,290.7100598144531,215.5436538696289
1268,50.72,0.8837817311286926,76.22790000459645,222.29092407226562,113.81744384765625,2.5274429321289062,False,13.711779594421387,False,120,0,120,double,2.083331957046438,124.99991742278627,JUMPING,290.87141357421876,213.63889617919924
1269,50.76,0.8285040259361267,81.09279999916907,224.13577270507812,113.14749145507812,0.6710155606269836,False,12.433956146240234,False,120,0,120,double,2.083331957046438,124.99991742278627,JUMPING,290.99481018066405,216.23897552490237
1270,50.8,0.878125786781311,74.87470000342,221.63204956054688,109.87432098388672,3.3265984058380127,False,11.289554595947266,False,120,0,120,double,2.083331957046438,124.99991742278627,JUMPING,291.086591796875,219.98092422485354
1271,50.84,0.8655688762664795,56.82110000634566,219.8826904296875,105.93119049072266,3.9597878456115723,False,12.003151893615723,False,120,0,120,double,2.083331957046438,124.99991742278627,JUMPING,291.086591796875,226.7022857666016
1272,50.88,0.8552376627922058,44.942799999262206,218.07717895507812,103.96212005615234,2.000258207321167,False,15.231192588806152,False,120,0,120,double,2.083331957046438,124.99991742278627,JUMPING,291.086591796875,223.81921691894533
1273,50.92,0.9048802256584167,55.861900007585064,213.93487548828125,102.21402740478516,1.8457252979278564,False,13.785545349121094,False,120,0,120,double,2.083331957046438,124.99991742278627,JUMPING,291.086591796875,224.24153594970704
1274,50.96,0.8974024057388306,55.11370000021998,210.41409301757812,101.75473022460938,0.5937910079956055,False,13.24487018585205,False,120,0,120,double,2.083331957046438,124.99991742278627,JUMPING,291.086591796875,224.9142822265625
1275,51.0,0.8768793344497681,59.49359999794979,209.2053680419922,104.88138580322266,3.129303455352783,False,13.496341705322266,True,120,0,120,double,2.083331957046438,124.99991742278627,JUMPING,291.086591796875,220.2710388183594
1276,51.04,0.8742489814758301,56.26749999646563,208.53680419921875,106.66793823242188,1.7883254289627075,False,13.60614013671875,True,120,0,120,double,2.083331957046438,124.99991742278627,JUMPING,291.086591796875,219.61697387695315
1277,51.08,0.8813967704772949,58.622800002922304,210.51828002929688,110.15057373046875,3.4836111068725586,False,15.182750701904297,False,121,0,121,double,2.083331957046438,124.99991742278627,JUMPING,291.086591796875,216.0162178039551
1278,51.12,0.892615020275116,67.25279999955092,216.77206420898438,114.36257934570312,4.216001987457275,False,14.54061222076416,False,121,0,121,double,2.083331957046438,124.99991742278627,JUMPING,291.1292425537109,210.69348907470706
1279,51.16,0.8898500800132751,72.05389998853207,219.39834594726562,113.9943618774414,0.3830181956291199,False,14.266585350036621,False,121,0,121,double,2.083331957046438,124.99991742278627,JUMPING,291.2180029296875,215.44626083374024
1280,51.2,0.8901005387306213,60.79679999675136,221.06622314453125,113.2730484008789,0.8232466578483582,False,15.371313095092773,False,121,0,121,double,2.083331957046438,124.99991742278627,JUMPING,291.2180029296875,214.31264953613282
1281,51.24,0.8812978267669678,71.86089998867828,221.73931884765625,108.76065826416016,4.514650821685791,False,12.210309028625488,True,121,0,121,double,2.083331957046438,124.99991742278627,JUMPING,291.2180029296875,221.25618133544924
1282,51.28,0.8726535439491272,65.6611000013072,219.85980224609375,104.86099243164062,3.9382264614105225,False,8.378793716430664,True,121,0,121,double,2.083331957046438,124.99991742278627,JUMPING,291.2180029296875,220.19676666259767
1283,51.32,0.8863310813903809,44.55159998906311,217.7483673095703,102.84198760986328,2.0224781036376953,False,11.073028564453125,True,121,0,121,double,2.083331957046438,124.99991742278627,JUMPING,291.2180029296875,217.02709960937503
1284,51.36,0.8567061424255371,44.42029999336228,212.1195831298828,103.75885009765625,1.0221372842788696,False,11.642139434814453,True,121,0,121,double,2.083331957046438,124.99991742278627,JUMPING,291.2180029296875,217.52409362792972
1285,51.4,0.8326189517974854,55.618099999264814,208.92141723632812,,0.0,False,10.413705825805664,True,121,0,121,double,2.083331957046438,124.99991742278627,JUMPING,291.2180029296875,220.88507232666018
1286,51.44,0.7983836531639099,61.86090000846889,207.13717651367188,,0.0,False,17.46808624267578,True,121,0,121,double,2.083331957046438,124.99991742278627,JUMPING,291.2180029296875,219.07143859863282
1287,51.48,0.8585302233695984,57.284700000309385,213.84207153320312,110.83345794677734,7.074624061584473,False,3.6811907291412354,False,122,0,122,double,2.0833353201567206,125.00011920940324,JUMPING,291.4358703613281,210.97009201049806
1288,51.52,0.8804030418395996,57.753700006287545,222.29266357421875,114.31250762939453,3.4790892601013184,False,10.571558952331543,False,122,0,122,double,2.0833353201567206,125.00011920940324,JUMPING,291.9214678955078,209.57094726562502
1289,51.56,0.8610588908195496,45.80369999166578,229.20986938476562,119.67634582519531,8.414595603942871,False,6.2906718254089355,False,122,0,122,double,2.0833353201567206,125.00011920940324,JUMPING,292.41888854980465,213.27240295410158
1290,51.6,0.8862364292144775,59.34809999598656,226.3936767578125,113.18658447265625,8.205449104309082,False,6.298128128051758,False,122,0,122,double,2.0833353201567206,125.00011920940324,JUMPING,292.41888854980465,216.54428863525393
1291,51.64,0.8718461394309998,68.0517000000691,224.9434814453125,109.6349105834961,3.5516746044158936,False,13.160499572753906,True,122,0,122,double,2.0833353201567206,125.00011920940324,JUMPING,292.41888854980465,223.86601257324222
1292,51.68,0.8464826345443726,69.4876000052318,225.39816284179688,108.1301040649414,1.522452473640442,False,15.079520225524902,True,122,0,122,double,2.0833353201567206,125.00011920940324,JUMPING,292.41888854980465,222.42358016967776
1293,51.72,0.7885914444923401,77.84529999480583,218.7318572998047,107.58916473388672,0.9813647866249084,False,8.174714088439941,True,122,0,122,double,2.0833353201567206,125.00011920940324,JUMPING,292.41888854980465,218.1925262451172
1294,51.76,0.8554349541664124,102.74419999041129,213.52691650390625,105.09249114990234,2.497774124145508,False,6.93076229095459,True,122,0,122,double,2.0833353201567206,125.00011920940324,JUMPING,292.41888854980465,220.25893707275392
1295,51.8,0.7662423849105835,116.84290000994224,207.2904510498047,108.23963165283203,3.2194297313690186,False,11.171725273132324,True,122,0,122,double,2.0833353201567206,125.00011920940324,JUMPING,291.8718817138672,219.22015075683595
1296,51.84,0.7769186496734619,74.6682999888435,205.23831176757812,109.7003173828125,5.425220489501953,False,18.978618621826172,True,122,0,122,double,2.0833353201567206,125.00011920940324,JUMPING,291.4139892578125,223.65897369384768
1297,51.88,0.8613749742507935,84.59250000305474,211.46868896484375,112.67410278320312,3.0776329040527344,False,2.5957040786743164,False,123,0,123,double,2.4999999627470975,149.99999776482585,JUMPING,290.98897460937496,209.08217773437502
1298,51.92,0.8872613906860352,61.47210000199266,220.95181274414062,114.81392669677734,3.5487565994262695,False,12.084339141845703,False,123,0,123,double,2.4999999627470975,149.99999776482585,JUMPING,290.98897460937496,210.5301155090332
1299,51.96,0.8938591480255127,60.76210000901483,225.236572265625,116.364990234375,2.138554096221924,False,15.844547271728516,False,123,0,123,double,2.4999999627470975,149.99999776482585,JUMPING,291.15117858886714,209.40936965942385
1300,52.0,0.8904317021369934,69.30719999945723,227.89306640625,117.10173797607422,1.2127323150634766,False,16.96286964416504,False,123,0,123,double,2.4999999627470975,149.99999776482585,JUMPING,291.15117858886714,207.57191009521486
1301,52.04,0.8664135932922363,50.32899999059737,224.59954833984375,113.3344497680664,3.779498338699341,False,16.895872116088867,True,123,0,123,double,2.4999999627470975,149.99999776482585,JUMPING,291.15117858886714,220.56953735351564
1302,52.08,0.8277084827423096,58.56530000164639,216.28648376464844,113.4237289428711,4.347901344299316,False,7.556577205657959,True,123,0,123,double,2.4999999627470975,149.99999776482585,JUMPING,291.15117858886714,219.94054031372073
1303,52.12,0.8508418798446655,52.52629998722114,211.7493133544922,112.06951904296875,4.2304768562316895,False,14.723614692687988,True,123,0,123,double,2.4999999627470975,149.99999776482585,JUMPING,291.15117858886714,217.092626953125
1304,52.16,0.8412161469459534,62.36319999152329,208.91680908203125,111.41436004638672,2.4757943153381348,False,17.78436851501465,True,123,0,123,double,2.4999999627470975,149.99999776482585,JUMPING,291.15117858886714,217.77614898681642
1305,52.2,0.8594369292259216,52.096900006290525,210.04995727539062,110.19176483154297,6.198235988616943,False,3.299729347229004,True,123,0,123,double,2.4999999627470975,149.99999776482585,JUMPING,290.87769226074215,220.6702621459961
1306,52.24,0.8830644488334656,58.75430000014603,212.084716796875,112.2281494140625,2.0645549297332764,False,12.053763389587402,True,123,0,123,double,2.4999999627470975,149.99999776482585,JUMPING,290.801064453125,212.4737632751465
1307,52.28,0.8136725425720215,58.33470000652596,214.96066284179688,,0.0,False,7.237611770629883,False,124,0,124,double,2.45098383959491,147.0590303756946,JUMPING,290.69789733886716,207.1269401550293
1308,52.32,0.8176655173301697,61.54880000394769,218.50067138671875,,0.0,False,15.378327369689941,False,124,0,124,double,2.45098383959491,147.0590303756946,JUMPING,290.78816284179686,210.75372924804688
1309,52.36,0.8248612880706787,68.39620000391733,223.80850219726562,119.4968032836914,7.274809837341309,False,4.1925153732299805,False,124,0,124,double,2.45098383959491,147.0590303756946,JUMPING,291.23649963378904,210.40640411376955
1310,52.4,0.8663970232009888,68.98120000550989,225.65087890625,117.10256958007812,2.5131986141204834,False,8.556002616882324,False,124,0,124,double,2.45098383959491,147.0590303756946,JUMPING,291.23649963378904,211.1840545654297
1311,52.44,0.8302925229072571,55.92140000953805,225.34140014648438,117.10228729248047,6.1025848388671875,False,5.332307815551758,True,124,0,124,double,2.45098383959491,147.0590303756946,JUMPING,291.23649963378904,218.36780014038087
1312,52.48,0.8193475604057312,60.10729999979958,224.34268188476562,115.02094268798828,3.4651105403900146,False,11.697649002075195,True,124,0,124,double,2.45098383959491,147.0590303756946,JUMPING,291.23649963378904,217.91282653808597
1313,52.52,0.8161366581916809,57.92740000470076,219.12939453125,,0.0,False,15.97997760772705,True,124,0,124,double,2.45098383959491,147.0590303756946,JUMPING,291.23649963378904,216.38181304931643
1314,52.56,0.8365103602409363,73.1140999996569,214.0547332763672,,0.0,False,17.07098960876465,True,124,0,124,double,2.45098383959491,147.0590303756946,JUMPING,291.23649963378904,217.58262176513674
1315,52.6,0.8488519787788391,55.93869999574963,211.2281036376953,,0.0,False,17.29047393798828,True,124,0,124,double,2.45098383959491,147.0590303756946,JUMPING,290.9767590332031,221.325048828125
1316,52.64,0.8500044941902161,74.83179999690037,214.9573974609375,111.95586395263672,7.683100700378418,False,4.262557029724121,True,124,0,124,double,2.45098383959491,147.0590303756946,JUMPING,290.9472607421875,219.85357055664065
1317,52.68,0.8403847217559814,51.30479999934323,217.5387420654297,,0.0,False,7.928208351135254,False,125,0,125,double,2.4999999627470975,149.99999776482585,JUMPING,290.9767590332031,211.34225006103517
1318,52.72,0.8387753367424011,53.82789998839144,219.36679077148438,117.88265228271484,7.6941375732421875,False,9.010740280151367,False,125,0,125,double,2.4999999627470975,149.99999776482585,JUMPING,291.47925964355466,209.81581039428713
1319,52.76,0.8462082147598267,56.60440000065137,221.44229125976562,,0.0,False,9.22482967376709,False,125,0,125,double,2.4999999627470975,149.99999776482585,JUMPING,291.49459472656247,212.18868408203127
1320,52.8,0.867523193359375,62.66299998969771,220.47509765625,112.00972747802734,6.235054016113281,False,8.110008239746094,False,125,0,125,double,2.4999999627470975,149.99999776482585,JUMPING,291.49459472656247,218.31929244995118
1321,52.84,0.8581668138504028,107.46620000281837,220.0328369140625,111.87646484375,0.34720978140830994,False,13.288751602172852,False,125,0,125,double,2.4999999627470975,149.99999776482585,JUMPING,291.49459472656247,222.58477172851565
1322,52.88,0.8250389695167542,125.04210000042804,217.3629913330078,109.02328491210938,3.67111873626709,False,5.098881244659424,False,125,0,125,double,2.4999999627470975,149.99999776482585,JUMPING,291.49459472656247,216.56689758300783
1323,52.92,0.8405426740646362,74.09609999740496,212.68679809570312,110.2218246459961,1.3469551801681519,False,11.219277381896973,True,125,0,125,double,2.4999999627470975,149.99999776482585,JUMPING,291.49459472656247,217.14868774414063
1324,52.96,0.8385482430458069,64.69749999814667,210.06204223632812,110.86605072021484,1.6315728425979614,False,17.426912307739258,True,125,0,125,double,2.4999999627470975,149.99999776482585,JUMPING,291.3704016113281,218.02753295898438
1325,53.0,0.7973589897155762,75.29779999458697,211.57958984375,112.07768249511719,3.163393020629883,False,20.114639282226562,True,125,0,125,double,2.4999999627470975,149.99999776482585,JUMPING,290.90418701171876,221.33619384765626
1326,53.04,0.8054279685020447,70.04059999599122,212.28758239746094,113.15658569335938,1.7509527206420898,False,20.632152557373047,False,126,0,126,double,2.551021638549201,153.06129831295206,JUMPING,290.64658203125,221.69505844116213
1327,53.08,0.8502990007400513,54.50389999896288,217.06396484375,112.84369659423828,0.41773951053619385,False,1.3429841995239258,False,126,0,126,double,2.551021638549201,153.06129831295206,JUMPING,290.79942626953124,211.61589050292972
1328,53.12,0.8491125106811523,59.32720001146663,216.68199157714844,118.39131927490234,5.569662094116211,False,7.490220546722412,False,126,0,126,double,2.551021638549201,153.06129831295206,JUMPING,291.12124023437497,212.85261840820314
1329,53.16,0.8964375257492065,45.242100008181296,219.4791259765625,112.99099731445312,5.428313255310059,False,8.814810752868652,False,126,0,126,double,2.551021638549201,153.06129831295206,JUMPING,291.3857366943359,215.43341217041018
1330,53.2,0.8551143407821655,65.70779999310616,215.6395263671875,111.46576690673828,1.727137804031372,False,2.28703236579895,False,126,0,126,double,2.551021638549201,153.06129831295206,JUMPING,291.3857366943359,222.26514129638673
1331,53.24,0.8565371036529541,62.89169999945443,213.14910888671875,110.5675277709961,0.8988394141197205,False,8.508204460144043,True,126,0,126,double,2.551021638549201,153.06129831295206,JUMPING,291.3857366943359,221.82560958862305
1332,53.28,0.8502745628356934,65.8631999976933,212.45730590820312,108.8337631225586,1.8494501113891602,False,2.694770097732544,True,126,0,126,double,2.551021638549201,153.06129831295206,JUMPING,291.3857366943359,222.04674758911133
1333,53.32,0.8163652420043945,73.36329999088775,210.59808349609375,107.40650177001953,1.4362726211547852,False,10.136808395385742,True,126,0,126,double,2.551021638549201,153.06129831295206,JUMPING,291.3857366943359,218.68659973144534
1334,53.36,0.8558499813079834,71.25330000417307,210.43167114257812,108.23472595214844,3.815843343734741,False,2.5586740970611572,True,126,0,126,double,2.551021638549201,153.06129831295206,JUMPING,291.3857366943359,216.59947662353517
1335,53.4,0.8893386125564575,71.90700000501238,213.62033081054688,110.74349212646484,3.3109352588653564,False,10.262016296386719,True,126,0,126,double,2.551021638549201,153.06129831295206,JUMPING,291.3704016113281,215.22209320068362
1336,53.44,0.8822888135910034,57.807599994703196,219.23089599609375,114.08352661132812,3.6219773292541504,False,13.501502990722656,False,127,0,127,double,2.551021638549201,153.06129831295206,JUMPING,291.40386779785155,209.6988464355469
1337,53.48,0.8909061551094055,72.66710000112653,223.9618682861328,115.75801849365234,1.6862542629241943,False,13.084657669067383,False,127,0,127,double,2.551021638549201,153.06129831295206,JUMPING,291.7007769775391,209.43876800537112
1338,53.52,0.892494797706604,51.98079999536276,224.04327392578125,114.99178314208984,0.7828800678253174,False,14.007163047790527,False,127,0,127,double,2.551021638549201,153.06129831295206,JUMPING,291.9893469238281,213.14710540771486
1339,53.56,0.8987500667572021,48.37730000144802,223.03451538085938,114.51627349853516,0.5413916110992432,False,13.610330581665039,False,127,0,127,double,2.551021638549201,153.06129831295206,JUMPING,292.049130859375,213.1162971496582
1340,53.6,0.8598610758781433,56.84849999670405,219.9669189453125,111.61750793457031,3.0736818313598633,False,11.181549072265625,True,127,0,127,double,2.551021638549201,153.06129831295206,JUMPING,292.049130859375,220.25114898681642
1341,53.64,0.829072117805481,61.27310000010766,214.23513793945312,111.55121612548828,4.081425189971924,False,8.629655838012695,True,127,0,127,double,2.551021638549201,153.06129831295206,JUMPING,292.049130859375,214.95857391357424
1342,53.68,0.8790261745452881,70.71379999979399,211.74649047851562,108.7086181640625,2.9254050254821777,False,4.692598819732666,True,127,0,127,double,2.551021638549201,153.06129831295206,JUMPING,292.049130859375,216.7994827270508
1343,53.72,0.8844724893569946,68.98350000847131,210.30673217773438,109.70214080810547,2.651063919067383,False,12.076248168945312,True,127,0,127,double,2.551021638549201,153.06129831295206,JUMPING,292.049130859375,222.28039855957033
1344,53.76,0.8913125991821289,70.71479999285657,212.6180419921875,110.8405532836914,1.9779260158538818,False,13.735671043395996,True,127,0,127,double,2.551021638549201,153.06129831295206,JUMPING,292.049130859375,215.39850845336915
1345,53.8,0.9027252197265625,64.54009999288246,223.34982299804688,113.6987075805664,3.123699426651001,False,14.42714786529541,False,128,0,128,double,2.6041690693517756,156.25014416110653,JUMPING,292.049130859375,213.35098876953126
1346,53.84,0.8924256563186646,65.79550000606105,226.11465454101562,115.5501937866211,1.9688621759414673,False,14.11189079284668,False,128,0,128,double,2.6041690693517756,156.25014416110653,JUMPING,292.0326513671875,210.4617012023926
1347,53.88,0.8941606283187866,76.02149999001995,227.99197387695312,116.4294662475586,0.9250267744064331,False,13.602788925170898,False,128,0,128,double,2.6041690693517756,156.25014416110653,JUMPING,292.049130859375,210.752067565918
1348,53.92,0.9020709991455078,63.660100000561215,228.26071166992188,115.05077362060547,1.390954852104187,False,13.336216926574707,False,128,0,128,double,2.6041690693517756,156.25014416110653,JUMPING,292.049130859375,214.96018524169924
1349,53.96,0.8399402499198914,57.41030001081526,223.71041870117188,114.55463409423828,3.539152145385742,False,7.9378838539123535,True,128,0,128,double,2.6041690693517756,156.25014416110653,JUMPING,292.049130859375,221.67141723632815
1350,54.0,0.8977302312850952,58.42329999723006,219.18748474121094,109.69168090820312,6.182253360748291,False,7.154008865356445,False,128,0,128,double,2.6041690693517756,156.25014416110653,JUMPING,292.049130859375,219.0001373291016
1351,54.04,0.893144965171814,84.29120000801049,217.50051879882812,107.0393295288086,2.924600124359131,False,12.059425354003906,False,128,0,128,double,2.6041690693517756,156.25014416110653,JUMPING,292.29210693359374,218.98527450561525
1352,54.08,0.8780546188354492,77.00910000130534,214.18869018554688,107.09820556640625,1.2031930685043335,False,13.848109245300293,False,128,0,128,double,2.6041690693517756,156.25014416110653,JUMPING,292.29210693359374,218.40997161865235
1353,54.12,0.8617548942565918,100.89979998883791,213.71908569335938,108.3205795288086,1.7054451704025269,False,14.55989933013916,True,128,0,128,double,2.6041690693517756,156.25014416110653,JUMPING,292.29210693359374,220.2559326171875
1354,54.16,0.8672094941139221,74.59810000727884,215.50811767578125,111.7514419555664,3.576549768447876,False,14.650862693786621,True,128,0,128,double,2.6041690693517756,156.25014416110653,JUMPING,292.29210693359374,213.85677795410157
1355,54.2,0.8692013025283813,71.63399999262765,227.89468383789062,113.50711059570312,1.887194275856018,False,11.583647727966309,False,129,0,129,double,2.6041640166039124,156.24984099623475,JUMPING,292.21864501953127,211.7665077209473
1356,54.24,0.8678362369537354,71.80429999425542,235.89773559570312,113.75287628173828,0.3696320652961731,False,11.304574012756348,False,129,0,129,double,2.6041640166039124,156.24984099623475,JUMPING,292.20216552734377,213.81622619628908
1357,54.28,0.879044771194458,63.04689998796675,241.82357788085938,114.14591217041016,0.41714611649513245,False,12.467323303222656,True,129,0,129,double,2.6041640166039124,156.24984099623475,JUMPING,292.20216552734377,211.4520133972168
1358,54.32,0.8743724226951599,49.63829999906011,236.09495544433594,114.0951919555664,0.07411311566829681,False,12.484576225280762,True,129,0,129,double,2.6041640166039124,156.24984099623475,JUMPING,292.20216552734377,214.95133972167972
1359,54.36,0.8766399621963501,57.68009999883361,226.83853149414062,111.5494155883789,2.5779340267181396,False,12.998383522033691,True,129,0,129,double,2.6041640166039124,156.24984099623475,JUMPING,292.20216552734377,220.04998474121095
1360,54.4,0.8739645481109619,60.57400000281632,219.69647216796875,107.38286590576172,4.848580837249756,False,13.183504104614258,True,129,0,129,double,2.6041640166039124,156.24984099623475,JUMPING,292.20216552734377,216.90935516357425
1361,54.44,0.8650838732719421,47.51659999601543,215.87448120117188,105.4766845703125,3.473466157913208,False,15.325736045837402,True,129,0,129,double,2.6041640166039124,156.24984099623475,JUMPING,292.20216552734377,216.61405410766602
1362,54.48,0.8572604060173035,71.13939999544527,211.27508544921875,107.06449127197266,2.469322681427002,False,15.244461059570312,True,129,0,129,double,2.6041640166039124,156.24984099623475,JUMPING,292.20216552734377,219.23082580566407
1363,54.52,0.8429578542709351,53.55329999292735,210.7845001220703,108.31957244873047,2.1896555423736572,False,13.969536781311035,True,129,0,129,double,2.6041640166039124,156.24984099623475,JUMPING,292.20216552734377,217.05373687744142
1364,54.56,0.8630154728889465,60.200699997949414,213.326904296875,111.85717010498047,3.923797607421875,False,14.269356727600098,False,130,0,130,double,2.65957287273766,159.5743723642596,JUMPING,292.05141479492187,210.54804992675784
1365,54.6,0.8873388767242432,61.634600002435036,221.99496459960938,114.02593231201172,2.2886593341827393,False,12.852938652038574,False,130,0,130,double,2.65957287273766,159.5743723642596,JUMPING,291.68218444824214,208.49626693725588
1366,54.64,0.8919478058815002,55.97319999651518,223.31741333007812,115.546142578125,1.5870648622512817,False,13.483367919921875,False,130,0,130,double,2.65957287273766,159.5743723642596,JUMPING,291.3083270263672,210.12512664794923
1367,54.68,0.8864945769309998,59.34160000470001,220.5126953125,113.5025634765625,2.057971715927124,False,13.97951602935791,False,130,0,130,double,2.65957287273766,159.5743723642596,JUMPING,291.3083270263672,216.25277252197267
1368,54.72,0.8795463442802429,70.99740000558086,215.6204833984375,109.49983978271484,4.011337757110596,False,14.806183815002441,True,130,0,130,double,2.65957287273766,159.5743723642596,JUMPING,291.3083270263672,221.75305786132813
1369,54.76,0.8712286949157715,55.56649999925867,214.90235900878906,104.96732330322266,4.563791275024414,False,13.987821578979492,True,130,0,130,double,2.65957287273766,159.5743723642596,JUMPING,291.3083270263672,216.87274780273438
1370,54.8,0.8652184009552002,61.73129999660887,215.61947631835938,102.4792251586914,2.4983065128326416,False,11.720561981201172,True,130,0,130,double,2.65957287273766,159.5743723642596,JUMPING,291.3083270263672,216.41135406494143
1371,54.84,0.8952119946479797,122.17300001066178,213.01080322265625,101.42379760742188,1.3144900798797607,False,14.576163291931152,True,130,0,130,double,2.65957287273766,159.5743723642596,JUMPING,291.3083270263672,217.86470489501954
1372,54.88,0.8805103302001953,123.11369999952149,210.36138916015625,102.60888671875,1.4396486282348633,False,15.045172691345215,True,130,0,130,double,2.65957287273766,159.5743723642596,JUMPING,291.3083270263672,217.02419586181642
1373,54.92,0.8435160517692566,60.15640000987332,212.13311767578125,110.31983947753906,11.326449394226074,False,14.347665786743164,True,130,0,130,double,2.65957287273766,159.5743723642596,JUMPING,291.21142944335935,211.85659942626955
1374,54.96,0.8551869988441467,76.50560000911355,213.04888916015625,114.52317810058594,5.730760097503662,False,14.432498931884766,False,131,0,131,double,2.6041690693517756,156.25014416110653,JUMPING,290.93342346191406,211.05806884765627
1375,55.0,0.8619102239608765,88.21600000374019,217.720458984375,113.64968872070312,5.360080718994141,False,13.771345138549805,False,131,0,131,double,2.6041690693517756,156.25014416110653,JUMPING,290.78794189453123,210.39376525878907
1376,55.04,0.8809258937835693,60.296100011328235,223.6142578125,114.70221710205078,1.498318076133728,False,13.314498901367188,False,131,0,131,double,2.6041690693517756,156.25014416110653,JUMPING,290.59740295410154,208.98086547851565
1377,55.08,0.8857656717300415,60.82009999954607,226.01687622070312,115.228515625,0.7270452976226807,False,11.868837356567383,False,131,0,131,double,2.6041690693517756,156.25014416110653,JUMPING,290.59740295410154,213.84133605957032
1378,55.12,0.8645289540290833,79.64900000661146,220.53262329101562,109.93013763427734,5.711631774902344,False,13.060792922973633,False,131,0,131,double,2.6041690693517756,156.25014416110653,JUMPING,290.59740295410154,219.55502166748047
1379,55.16,0.8669784665107727,84.33949999744073,213.76600646972656,112.17953491210938,5.791548252105713,False,8.684686660766602,True,131,0,131,double,2.6041690693517756,156.25014416110653,JUMPING,290.59740295410154,217.53501205444337
1380,55.2,0.8090238571166992,78.76360000227578,210.0447998046875,110.5386962890625,3.41390061378479,False,18.02241325378418,False,131,0,131,double,2.6041690693517756,156.25014416110653,JUMPING,290.59740295410154,213.09211883544924
1381,55.24,0.8347744941711426,88.10649999941234,209.20809936523438,109.71967315673828,0.9046144485473633,False,14.466582298278809,False,131,0,131,double,2.6041690693517756,156.25014416110653,JUMPING,290.59740295410154,212.6996597290039
1382,55.28,0.8662797212600708,82.71689999673981,209.05953979492188,108.42659759521484,7.450801372528076,False,7.209202289581299,True,131,0,131,double,2.6041690693517756,156.25014416110653,JUMPING,290.5815734863281,220.6969161987305
1383,55.32,0.8741703033447266,84.36490000167396,210.69741821289062,109.38590240478516,1.8331676721572876,False,13.689990997314453,True,131,0,131,double,2.6041690693517756,156.25014416110653,JUMPING,290.41583984374995,215.5447952270508
1384,55.36,0.8387033939361572,81.59959998738486,215.38284301757812,113.07250213623047,3.8626763820648193,False,15.741504669189453,False,132,0,132,double,2.6041640166039124,156.24984099623475,JUMPING,290.3428381347656,210.03423767089845
1385,55.4,0.8825011849403381,64.5861000084551,220.33340454101562,115.79973602294922,2.7876200675964355,False,14.90180492401123,False,132,0,132,double,2.6041640166039124,156.24984099623475,JUMPING,290.40939453125,207.56366043090821
1386,55.44,0.8713582754135132,54.34439999226015,225.8683624267578,116.73802947998047,0.9636775255203247,False,13.521496772766113,False,132,0,132,double,2.6041640166039124,156.24984099623475,JUMPING,290.4980590820312,210.0831481933594
1387,55.48,0.8856961727142334,63.84010000328999,223.37088012695312,113.99520874023438,2.750347137451172,False,14.655204772949219,False,132,0,132,double,2.6041640166039124,156.24984099623475,JUMPING,290.4980590820312,212.61185073852542
1388,55.52,0.8632099628448486,84.97860000352375,219.1671905517578,111.14547729492188,2.8803019523620605,False,14.717833518981934,False,132,0,132,double,2.6041640166039124,156.24984099623475,JUMPING,290.40939453125,219.68694915771485
1389,55.56,0.8722582459449768,66.9155000068713,215.1302490234375,109.2339859008789,1.9121636152267456,False,14.61327075958252,True,132,0,132,double,2.6041640166039124,156.24984099623475,JUMPING,290.40939453125,219.52833404541016
1390,55.6,0.8919400572776794,60.11370000487659,209.36785888671875,107.1135025024414,2.142369031906128,False,15.65648078918457,True,132,0,132,double,2.6041640166039124,156.24984099623475,JUMPING,290.40939453125,215.4993003845215
1391,55.64,0.8935794234275818,68.92219999281224,205.73080444335938,106.2013931274414,0.92296302318573,False,15.970861434936523,True,132,0,132,double,2.6041640166039124,156.24984099623475,JUMPING,290.40939453125,216.05662689208987
1392,55.68,0.8865596652030945,75.13080000353511,205.04180908203125,105.73853302001953,0.6913898587226868,False,15.928133010864258,True,132,0,132,double,2.6041640166039124,156.24984099623475,JUMPING,290.27950195312496,215.83791427612306
1393,55.72,0.8610355257987976,58.2602000067709,208.54293823242188,110.0023193359375,4.281671524047852,False,14.95752239227295,True,132,0,132,double,2.6041640166039124,156.24984099623475,JUMPING,290.1362127685547,212.37323150634768
1394,55.76,0.8576780557632446,67.18329999421258,211.11569213867188,112.50812530517578,2.5126774311065674,False,14.691203117370605,False,133,0,133,double,2.551021638549201,153.06129831295206,JUMPING,290.1362127685547,213.06329956054688
1395,55.8,0.8757425546646118,84.66649999900255,218.44772338867188,115.26114654541016,2.7531325817108154,False,14.077180862426758,False,133,0,133,double,2.551021638549201,153.06129831295206,JUMPING,290.3488439941406,209.00755310058597
1396,55.84,0.8014046549797058,90.5190999910701,225.88275146484375,118.5918197631836,3.3315184116363525,False,6.223972797393799,False,133,0,133,double,2.551021638549201,153.06129831295206,JUMPING,290.49333129882814,208.21939544677736
1397,55.88,0.8183512687683105,85.64440000918694,231.13540649414062,117.87911987304688,0.717324435710907,False,14.676831245422363,False,133,0,133,double,2.551021638549201,153.06129831295206,JUMPING,290.5444836425781,209.08640747070314
1398,55.92,0.8226529359817505,90.76890000142157,222.1787567138672,114.70853424072266,3.174351692199707,False,18.319683074951172,False,133,0,133,double,2.551021638549201,153.06129831295206,JUMPING,290.5444836425781,218.04306716918947
1399,55.96,0.8259427547454834,74.10880000679754,215.81298828125,113.10354614257812,1.6361331939697266,False,17.550174713134766,True,133,0,133,double,2.551021638549201,153.06129831295206,JUMPING,290.5444836425781,215.7395980834961
1400,56.0,0.8803041577339172,103.87819999596104,213.63735961914062,110.12860107421875,3.6659433841705322,False,4.477890968322754,True,133,0,133,double,2.551021638549201,153.06129831295206,JUMPING,290.5444836425781,217.2808334350586
1401,56.04,0.8839976191520691,63.80109999736305,211.97161865234375,108.08634185791016,2.31889271736145,False,14.227564811706543,True,133,0,133,double,2.551021638549201,153.06129831295206,JUMPING,290.53803833007805,218.86035461425783
1402,56.08,0.8891257047653198,78.32960000087041,210.9901123046875,109.29412841796875,1.2360588312149048,False,18.55336570739746,True,133,0,133,double,2.551021638549201,153.06129831295206,JUMPING,290.4299951171875,219.53146438598634
1403,56.12,0.8782395124435425,106.25989999971353,214.26873779296875,112.49840545654297,3.204303503036499,False,18.49927520751953,True,133,0,133,double,2.551021638549201,153.06129831295206,JUMPING,290.28670593261717,211.71401367187502
1404,56.16,0.8716732263565063,148.19990000978578,221.31057739257812,116.11931610107422,3.6320691108703613,False,17.270397186279297,False,134,0,134,double,2.551021638549201,153.06129831295206,JUMPING,290.28670593261717,206.44574279785158
1405,56.2,0.8746974468231201,109.01890000968706,226.2574462890625,117.8712387084961,1.7691619396209717,False,16.18622398376465,False,134,0,134,double,2.551021638549201,153.06129831295206,JUMPING,290.28670593261717,206.6328079223633
1406,56.24,0.7805637121200562,109.98140000447165,224.0894317626953,120.32469940185547,2.8033499717712402,False,7.815904140472412,False,134,0,134,double,2.551021638549201,153.06129831295206,JUMPING,290.28670593261717,208.15216445922854
1407,56.28,0.8910343647003174,184.81629999587312,221.22381591796875,114.8073501586914,5.610466957092285,False,7.333717346191406,True,134,0,134,double,2.551021638549201,153.06129831295206,JUMPING,290.28670593261717,214.79668579101565
1408,56.32,0.905071496963501,140.61580000270624,217.05514526367188,113.8765869140625,0.9819129109382629,False,14.480392456054688,True,134,0,134,double,2.551021638549201,153.06129831295206,JUMPING,290.28670593261717,212.86958770751954
1409,56.36,0.8951506614685059,130.06450000102632,215.33090209960938,111.88770294189453,2.025897979736328,False,18.164405822753906,True,134,0,134,double,2.551021638549201,153.06129831295206,JUMPING,290.28670593261717,217.41667175292972
1410,56.4,0.8935683369636536,121.38240000058431,211.96868896484375,109.24050903320312,2.647629737854004,False,19.70566749572754,True,134,0,134,double,2.551021638549201,153.06129831295206,JUMPING,290.28670593261717,216.88500900268556
1411,56.44,0.9017398357391357,106.60720001033042,210.61532592773438,108.62163543701172,0.7052267789840698,False,18.032211303710938,True,134,0,134,double,2.551021638549201,153.06129831295206,JUMPING,290.28670593261717,217.52127380371095
1412,56.48,0.8882045745849609,144.55519999319222,210.57247924804688,109.48543548583984,0.929987370967865,False,18.006589889526367,True,134,0,134,double,2.551021638549201,153.06129831295206,JUMPING,290.2543328857422,217.5065284729004
1413,56.52,0.8842658996582031,115.7526000024518,211.27597045898438,110.15355682373047,0.7078462243080139,False,17.37762451171875,True,134,0,134,double,2.551021638549201,153.06129831295206,JUMPING,290.22945800781247,217.51763992309571
1414,56.56,0.8641433715820312,66.4695000014035,218.97088623046875,114.33926391601562,4.1974406242370605,False,14.504746437072754,False,135,0,135,double,2.4999999627470975,149.99999776482585,JUMPING,290.22945800781247,210.15123519897463
1415,56.6,0.9048128724098206,102.1580999949947,225.71694946289062,116.64410400390625,2.376851797103882,False,12.979175567626953,False,135,0,135,double,2.4999999627470975,149.99999776482585,JUMPING,290.22945800781247,212.94955825805667
1416,56.64,0.8453882932662964,74.52560000820085,225.48150634765625,119.56483459472656,2.9426581859588623,False,8.704625129699707,False,135,0,135,double,2.4999999627470975,149.99999776482585,JUMPING,290.22945800781247,212.47659149169922
1417,56.68,0.8601996302604675,88.4733000129927,221.48980712890625,113.8782958984375,5.686581134796143,False,6.9024577140808105,True,135,0,135,double,2.4999999627470975,149.99999776482585,JUMPING,290.22945800781247,219.39526519775393
1418,56.72,0.8374660611152649,121.6400999983307,217.27365112304688,112.36771392822266,2.349263906478882,False,3.4145519733428955,True,135,0,135,double,2.4999999627470975,149.99999776482585,JUMPING,290.22945800781247,218.90701599121095
1419,56.76,0.822635293006897,102.76889998931438,215.11688232421875,112.0349349975586,4.942741394042969,False,17.17564582824707,True,135,0,135,double,2.4999999627470975,149.99999776482585,JUMPING,290.22945800781247,219.08841629028322
1420,56.8,0.8991321325302124,102.84220000903588,212.582275390625,108.77099609375,6.610027313232422,False,5.424327373504639,True,135,0,135,double,2.4999999627470975,149.99999776482585,JUMPING,290.22945800781247,216.7420036315918
1421,56.84,0.6324986815452576,131.9414999888977,211.31390380859375,108.86089324951172,0.8903532028198242,False,14.641462326049805,True,135,0,135,double,2.4999999627470975,149.99999776482585,JUMPING,290.10688720703126,217.5780311584473
1422,56.88,0.8429323434829712,122.14300000050571,211.91213989257812,110.11437225341797,1.257509469985962,False,16.114227294921875,True,135,0,135,double,2.4999999627470975,149.99999776482585,JUMPING,289.7191461181641,211.24557037353517
1423,56.92,0.8663959503173828,126.37250000261702,218.65194702148438,113.66030883789062,3.5712664127349854,False,14.226099967956543,False,136,0,136,double,2.551021638549201,153.06129831295206,JUMPING,289.7191461181641,209.4847579956055
1424,56.96,0.8660718202590942,87.99449999060016,222.32901000976562,115.56641387939453,1.9074941873550415,False,12.931989669799805,False,136,0,136,double,2.551021638549201,153.06129831295206,JUMPING,289.96553894042967,209.07068023681643
1425,57.0,0.8853098750114441,95.21549999772105,225.93133544921875,116.19486236572266,0.7435673475265503,False,11.64580249786377,False,136,0,136,double,2.551021638549201,153.06129831295206,JUMPING,290.10688720703126,209.88213500976565
1426,57.04,0.8852503299713135,117.01629999151919,224.03952026367188,114.3098373413086,1.889266014099121,False,12.365721702575684,False,136,0,136,double,2.551021638549201,153.06129831295206,JUMPING,290.1146875,210.30499114990235
1427,57.08,0.8979650735855103,129.4701000006171,222.91839599609375,113.0399169921875,1.5057060718536377,False,12.15638256072998,False,136,0,136,double,2.551021638549201,153.06129831295206,JUMPING,290.1146875,212.0654594421387
1428,57.12,0.8967370390892029,90.47460000147112,218.72799682617188,110.48634338378906,5.006594181060791,False,15.214179039001465,False,136,0,136,double,2.551021638549201,153.06129831295206,JUMPING,290.1146875,222.83480453491214
1429,57.16,0.8347698450088501,102.49269999621902,212.41522216796875,109.4989013671875,3.5117111206054688,False,8.567509651184082,True,136,0,136,double,2.551021638549201,153.06129831295206,JUMPING,290.1146875,220.32666320800783
1430,57.2,0.8352082371711731,81.47600000665989,210.217041015625,107.29240417480469,2.998764991760254,False,18.241008758544922,True,136,0,136,double,2.551021638549201,153.06129831295206,JUMPING,290.1146875,217.294596862793
1431,57.24,0.8349544405937195,78.5421999898972,208.54519653320312,106.65423583984375,2.1076784133911133,False,20.917816162109375,True,136,0,136,double,2.551021638549201,153.06129831295206,JUMPING,290.1146875,217.49029769897462
1432,57.28,0.8666662573814392,280.7511999999406,209.05477905273438,107.05076599121094,1.207448124885559,False,9.342506408691406,True,136,0,136,double,2.551021638549201,153.06129831295206,JUMPING,289.8934924316406,219.3542434692383
1433,57.32,0.8691306114196777,103.5903000010876,211.1205596923828,109.86693572998047,7.12977933883667,False,6.637772560119629,False,137,0,137,double,2.551021638549201,153.06129831295206,JUMPING,289.5847326660156,214.02410430908205
1434,57.36,0.7972601056098938,80.44790000712965,214.5469970703125,116.0743637084961,6.2571120262146,False,8.139383316040039,False,137,0,137,double,2.551021638549201,153.06129831295206,JUMPING,289.5847326660156,211.1957534790039
1435,57.4,0.9183747172355652,85.20499999576714,220.63275146484375,114.0997543334961,2.920552968978882,False,4.734923839569092,False,137,0,137,double,2.551021638549201,153.06129831295206,JUMPING,289.73723999023434,211.84868545532228
1436,57.44,0.866209864616394,81.19409999926575,223.33181762695312,116.79676818847656,4.049353122711182,False,10.147967338562012,False,137,0,137,double,2.551021638549201,153.06129831295206,JUMPING,289.9335778808594,212.00801391601564
1437,57.48,0.9066173434257507,91.2467000016477,218.45472717285156,110.650146484375,6.40936279296875,False,13.025154113769531,False,137,0,137,double,2.551021638549201,153.06129831295206,JUMPING,289.9335778808594,221.50609664916993
1438,57.52,0.8391448855400085,126.3803000038024,212.31362915039062,,0.0,False,7.486631393432617,True,137,0,137,double,2.551021638549201,153.06129831295206,JUMPING,289.9335778808594,221.86702575683594
1439,57.56,0.8619513511657715,90.59639999759383,207.80079650878906,,0.0,False,16.24843406677246,True,137,0,137,double,2.551021638549201,153.06129831295206,JUMPING,289.9335778808594,222.16033782958985
1440,57.6,0.9094687104225159,107.53049999766517,207.92022705078125,105.34308624267578,5.397739887237549,False,5.064783096313477,True,137,0,137,double,2.551021638549201,153.06129831295206,JUMPING,289.9335778808594,220.64098129272463
1441,57.64,0.8495236039161682,92.86720000091009,208.5445556640625,105.137451171875,0.6444950103759766,False,1.9586166143417358,True,137,0,137,double,2.551021638549201,153.06129831295206,JUMPING,289.9335778808594,222.2587631225586
1442,57.68,0.8532788157463074,144.91839999391232,208.89614868164062,105.43377685546875,0.3462215065956116,False,2.755573034286499,True,137,0,137,double,2.551021638549201,153.06129831295206,JUMPING,289.9306115722656,223.26779022216797
1443,57.72,0.8907358646392822,95.85159999551252,212.91600036621094,107.85366821289062,2.4203271865844727,False,10.894158363342285,False,138,0,138,double,2.551016595991426,153.06099575948556,JUMPING,289.9306115722656,216.4371940612793
1444,57.76,0.8512186408042908,96.47390000463929,217.88314819335938,111.48702239990234,3.9178624153137207,False,14.277359008789062,False,138,0,138,double,2.551016595991426,153.06099575948556,JUMPING,290.1326446533203,209.82327957153322
1445,57.8,0.8343883156776428,107.07519999414217,222.55381774902344,113.1204833984375,1.949918270111084,False,1.593885064125061,False,138,0,138,double,2.551016595991426,153.06099575948556,JUMPING,290.4699829101562,212.87667922973634
1446,57.84,0.8671000599861145,133.16490000579506,225.6216278076172,112.11871337890625,1.2694491147994995,False,4.410799980163574,False,138,0,138,double,2.551016595991426,153.06099575948556,JUMPING,290.5332824707031,213.94316864013675
1447,57.88,0.8250935673713684,103.63650000363123,217.96469116210938,109.0926513671875,4.583820343017578,False,11.515453338623047,False,138,0,138,double,2.551016595991426,153.06099575948556,JUMPING,290.5332824707031,223.54295806884767
1448,57.92,0.8454387784004211,80.63170000968967,212.7698974609375,106.79913330078125,4.423821449279785,False,17.778488159179688,False,138,0,138,double,2.551016595991426,153.06099575948556,JUMPING,290.5332824707031,222.47781982421876
1449,57.96,0.8636115789413452,71.78369999746792,209.0231170654297,104.31289672851562,5.5917558670043945,False,1.325080156326294,True,138,0,138,double,2.551016595991426,153.06099575948556,JUMPING,290.5332824707031,221.22806701660159
1450,58.0,0.8757782578468323,86.60979999694973,207.20382690429688,103.91796875,2.1886887550354004,False,6.080868721008301,True,138,0,138,double,2.551016595991426,153.06099575948556,JUMPING,290.5332824707031,220.6158630371094
1451,58.04,0.8585126399993896,89.59750000212807,206.53640747070312,105.12877655029297,1.6136038303375244,False,14.980329513549805,True,138,0,138,double,2.551016595991426,153.06099575948556,JUMPING,290.4699829101562,221.91976318359377
1452,58.08,0.8464586138725281,90.77439999964554,210.37835693359375,108.5439682006836,3.4152636528015137,False,17.455957412719727,False,139,0,139,double,2.6041640166039124,156.24984099623475,JUMPING,290.32558593749997,220.13785247802736
1453,58.12,0.8402858376502991,64.20470000011846,214.50596618652344,110.29278564453125,1.790446162223816,False,17.175418853759766,False,139,0,139,double,2.6041640166039124,156.24984099623475,JUMPING,290.32558593749997,220.9572967529297
1454,58.16,0.8499418497085571,56.271399997058325,222.116455078125,113.12371826171875,2.8615634441375732,False,14.018205642700195,False,139,0,139,double,2.6041640166039124,156.24984099623475,JUMPING,290.7148834228515,216.8743423461914
1455,58.2,0.8577704429626465,62.91009999404196,226.86038208007812,114.56769561767578,1.461013913154602,False,13.559021949768066,False,139,0,139,double,2.6041640166039124,156.24984099623475,JUMPING,291.01451904296874,215.9900505065918
1456,58.24,0.8851397633552551,64.64289998984896,225.27713012695312,111.9827651977539,2.977454423904419,False,13.644718170166016,False,139,0,139,double,2.6041640166039124,156.24984099623475,JUMPING,291.01451904296874,219.5022171020508
1457,58.28,0.8923062086105347,58.93050000304356,218.38880920410156,108.3175048828125,3.6867024898529053,False,15.666353225708008,True,139,0,139,double,2.6041640166039124,156.24984099623475,JUMPING,291.01451904296874,223.78144302368165
1458,58.32,0.8773009181022644,53.687199993873946,214.15911865234375,106.1881103515625,2.157320737838745,False,16.56165885925293,True,139,0,139,double,2.6041640166039124,156.24984099623475,JUMPING,291.01451904296874,221.03772888183596
1459,58.36,0.8950726389884949,52.05470000510104,210.7935028076172,101.92877197265625,4.262212753295898,False,17.32158088684082,True,139,0,139,double,2.6041640166039124,156.24984099623475,JUMPING,291.01451904296874,221.59410705566407
1460,58.4,0.8857569098472595,67.47709999035578,210.13589477539062,100.2777099609375,1.710982322692871,False,16.31733512878418,True,139,0,139,double,2.6041640166039124,156.24984099623475,JUMPING,290.979326171875,218.825358581543
1461,58.44,0.8808928728103638,60.13779999921098,211.3490447998047,102.1839828491211,1.9193804264068604,False,13.600040435791016,False,140,0,140,double,2.6595783535904878,159.57470121542926,JUMPING,290.7148834228515,221.62489852905276
1462,58.48,0.882543683052063,59.62839999119751,212.38864135742188,105.99490356445312,3.818511724472046,False,13.948299407958984,False,140,0,140,double,2.6595783535904878,159.57470121542926,JUMPING,290.74657897949214,217.76376190185547
1463,58.52,0.8715071678161621,79.6252000000095,216.47576904296875,110.92733001708984,4.937469959259033,False,14.143319129943848,False,140,0,140,double,2.6595783535904878,159.57470121542926,JUMPING,290.979326171875,210.80645828247071
1464,58.56,0.8645432591438293,60.50910000340082,225.5204620361328,113.28085327148438,2.353710889816284,False,14.031208992004395,False,140,0,140,double,2.6595783535904878,159.57470121542926,JUMPING,291.06372924804685,214.71298065185547
1465,58.6,0.8974142670631409,85.54280000680592,233.66317749023438,113.5088119506836,0.6577829718589783,False,12.871625900268555,False,140,0,140,double,2.6595783535904878,159.57470121542926,JUMPING,291.3254840087891,214.6179626464844
1466,58.64,0.9122074842453003,62.479999993229285,239.1630859375,113.23443603515625,0.36465924978256226,False,11.86506175994873,False,140,0,140,double,2.6595783535904878,159.57470121542926,JUMPING,291.4498602294922,214.02211532592776
1467,58.68,0.8964836001396179,71.68379999347962,234.2548370361328,110.37570190429688,2.871137857437134,False,12.368402481079102,False,140,0,140,double,2.6595783535904878,159.57470121542926,JUMPING,291.57631652832026,218.97049560546876
1468,58.72,0.8821227550506592,68.04529999499209,225.2283172607422,106.7223892211914,3.658473014831543,False,13.08228588104248,False,140,0,140,double,2.6595783535904878,159.57470121542926,JUMPING,291.57631652832026,224.36792449951173
1469,58.76,0.9055933952331543,71.34490000316873,218.05203247070312,102.8723373413086,3.851954698562622,False,13.558321952819824,True,140,0,140,double,2.6595783535904878,159.57470121542926,JUMPING,291.57631652832026,224.9821258544922
1470,58.8,0.9070771336555481,77.22539998940192,213.64962768554688,100.79534912109375,2.078629970550537,False,13.784542083740234,False,141,0,141,double,2.65957287273766,159.5743723642596,JUMPING,291.57631652832026,224.0622085571289
1471,58.84,0.9052244424819946,77.87110000208486,209.71551513671875,100.17870330810547,0.6382036805152893,False,12.502518653869629,True,141,0,141,double,2.65957287273766,159.5743723642596,JUMPING,291.57631652832026,224.19782028198244
1472,58.88,0.88910311460495,68.1581999961054,206.86996459960938,100.83316040039062,0.9596622586250305,False,11.153524398803711,True,141,0,141,double,2.65957287273766,159.5743723642596,JUMPING,291.49620788574214,225.34685668945315
1473,58.92,0.8452550172805786,85.26579999306705,210.64599609375,106.18448638916016,5.352352142333984,False,12.646516799926758,False,141,0,141,double,2.65957287273766,159.5743723642596,JUMPING,291.49049499511716,214.57197265625
1474,58.96,0.847411572933197,71.6625000059139,213.69912719726562,109.44853973388672,3.265998363494873,False,13.11463451385498,False,141,0,141,double,2.65957287273766,159.5743723642596,JUMPING,291.49049499511716,215.34274139404297
1475,59.0,0.8841008543968201,64.47420000040438,222.72509765625,111.69766998291016,2.249281406402588,False,12.86971378326416,False,141,0,141,double,2.65957287273766,159.5743723642596,JUMPING,291.49049499511716,215.81533050537112
1476,59.04,0.8762118220329285,96.00349998800084,228.15419006347656,113.06690216064453,1.3692649602890015,False,13.789642333984375,False,141,0,141,double,2.65957287273766,159.5743723642596,JUMPING,291.49049499511716,212.1388671875
1477,59.08,0.8732287883758545,66.36470000375994,224.740966796875,109.76021575927734,3.3066909313201904,False,13.207712173461914,True,141,0,141,double,2.65957287273766,159.5743723642596,JUMPING,291.49049499511716,222.63072814941407
1478,59.12,0.8991473317146301,59.69560000812635,224.07081604003906,105.31793975830078,4.520012855529785,False,11.527486801147461,True,141,0,141,double,2.65957287273766,159.5743723642596,JUMPING,291.49049499511716,224.5952560424805
1479,59.16,0.8934762477874756,66.04059999517631,225.12379455566406,102.19979858398438,3.139620542526245,False,9.614374160766602,True,141,0,141,double,2.65957287273766,159.5743723642596,JUMPING,291.49049499511716,225.63220443725587
1480,59.2,0.9061884880065918,54.110600001877174,220.26202392578125,100.67166900634766,1.5684274435043335,False,11.356173515319824,True,141,0,141,double,2.65957287273766,159.5743723642596,JUMPING,291.49049499511716,225.6582962036133
1481,59.24,0.9075441360473633,66.53840000217315,213.5289306640625,100.46710205078125,0.42131316661834717,False,14.083978652954102,True,141,0,141,double,2.65957287273766,159.5743723642596,JUMPING,291.4347393798828,222.50722656250002
1482,59.28,0.8899534344673157,59.78270000196062,210.4513397216797,101.09227752685547,0.6363226175308228,False,15.672059059143066,True,141,0,141,double,2.65957287273766,159.5743723642596,JUMPING,291.3188244628906,223.84546813964846
1483,59.32,0.8666940331459045,71.0858999955235,211.248291015625,105.9112319946289,4.82147741317749,False,17.622787475585938,False,142,0,142,double,2.4999999627470975,149.99999776482585,JUMPING,291.31373413085936,216.80062408447267
1484,59.36,0.8634652495384216,65.28179999440908,211.4749298095703,108.7641830444336,2.8549177646636963,False,18.316280364990234,False,142,0,142,double,2.4999999627470975,149.99999776482585,JUMPING,291.3188244628906,218.19572372436525
1485,59.4,0.8720218539237976,63.21670000033919,217.27841186523438,112.8836441040039,4.124462604522705,False,15.616617202758789,False,142,0,142,double,2.4999999627470975,149.99999776482585,JUMPING,291.40111206054684,210.4467124938965
1486,59.44,0.8740496635437012,78.00930000666995,221.44595336914062,115.19298553466797,2.3109915256500244,False,14.575112342834473,False,142,0,142,double,2.4999999627470975,149.99999776482585,JUMPING,291.4157238769531,210.52795867919923
1487,59.48,0.8769960403442383,88.71869998984039,218.1666259765625,112.10507202148438,3.2440803050994873,False,15.534160614013672,False,142,0,142,double,2.4999999627470975,149.99999776482585,JUMPING,291.4157238769531,220.42434997558595
1488,59.52,0.8737097978591919,59.533199993893504,214.52215576171875,107.8514633178711,4.334328651428223,False,17.90498924255371,True,142,0,142,double,2.4999999627470975,149.99999776482585,JUMPING,291.4157238769531,224.58036804199222
1489,59.56,0.8729954957962036,73.99569998960942,211.884033203125,103.75566864013672,4.095876216888428,False,19.666671752929688,True,142,0,142,double,2.4999999627470975,149.99999776482585,JUMPING,291.4157238769531,225.06190338134766
1490,59.6,0.8849936723709106,71.97300001280382,210.8480224609375,101.74887084960938,2.0067989826202393,False,20.60508918762207,True,142,0,142,double,2.4999999627470975,149.99999776482585,JUMPING,291.4157238769531,223.65457611083986
1491,59.64,0.8995497822761536,82.85109999997076,207.20413208007812,100.6872329711914,1.1619521379470825,False,17.781007766723633,True,142,0,142,double,2.4999999627470975,149.99999776482585,JUMPING,291.40111206054684,221.83210525512698
1492,59.68,0.9042799472808838,78.11329999822192,204.6827392578125,100.6970443725586,0.17465324699878693,False,16.104938507080078,True,142,0,142,double,2.4999999627470975,149.99999776482585,JUMPING,291.1750390625,224.5050636291504
1493,59.72,0.8882909417152405,74.45980000193231,204.04043579101562,102.12875366210938,1.5722267627716064,False,14.843247413635254,True,142,0,142,double,2.4999999627470975,149.99999776482585,JUMPING,291.17123046874997,226.06018829345706
1494,59.76,0.8632625341415405,57.009299998753704,205.76132202148438,104.83465576171875,2.72859263420105,False,14.574394226074219,True,142,0,142,double,2.4999999627470975,149.99999776482585,JUMPING,291.17123046874997,223.24400634765627
1495,59.8,0.8657866716384888,55.98390000523068,209.56723022460938,109.03864288330078,4.2143354415893555,False,15.362286567687988,False,143,0,143,double,2.4038485152196167,144.230910913177,JUMPING,291.17123046874997,216.93963470458985
1496,59.84,0.8975135087966919,71.43049998558126,220.98788452148438,113.53368377685547,4.497025012969971,False,14.312444686889648,False,143,0,143,double,2.4038485152196167,144.230910913177,JUMPING,291.40111206054684,211.82758712768558
1497,59.88,0.8950877785682678,57.25329999404494,227.38868713378906,115.70137786865234,2.1678411960601807,False,14.45030403137207,False,143,0,143,double,2.4038485152196167,144.230910913177,JUMPING,291.50231811523435,212.58664855957034
1498,59.92,0.8954353928565979,61.08840000524651,230.74444580078125,114.21858978271484,1.4883471727371216,False,12.980798721313477,False,143,0,143,double,2.4038485152196167,144.230910913177,JUMPING,291.5196655273437,216.03215484619142
1499,59.96,0.8887088298797607,74.65409999713302,228.364990234375,110.65734100341797,3.561567783355713,False,13.47927474975586,False,143,0,143,double,2.4038485152196167,144.230910913177,JUMPING,291.79305786132807,220.5161285400391
1500,60.0,0.9018459916114807,69.46690000768285,219.9102783203125,105.8039779663086,4.866109848022461,False,14.708407402038574,True,143,0,143,double,2.4038485152196167,144.230910913177,JUMPING,291.7849554443359,227.32719573974612
1501,60.04,0.9043712615966797,77.30260000971612,215.0663299560547,102.83039093017578,2.981387138366699,False,14.688444137573242,True,143,0,143,double,2.4038485152196167,144.230910913177,JUMPING,291.68323120117185,221.83555450439454
1502,60.08,0.8788493871688843,71.81160000618547,211.0345001220703,101.85821533203125,0.9767796397209167,False,13.22796630859375,True,143,0,143,double,2.4038485152196167,144.230910913177,JUMPING,291.6686193847656,226.12331542968752
1503,60.12,0.8773514628410339,78.85879999957979,211.02903747558594,103.64291381835938,1.7987349033355713,False,14.951470375061035,False,144,0,144,double,2.45098383959491,147.0590303756946,JUMPING,291.58252319335935,222.8571701049805
1504,60.16,0.8304145336151123,62.317899995832704,216.65707397460938,106.8221435546875,3.2250442504882812,False,13.343005180358887,False,144,0,144,double,2.45098383959491,147.0590303756946,JUMPING,290.88421936035155,221.9459976196289
1505,60.2,0.8434725999832153,57.12169999605976,227.85772705078125,110.78876495361328,4.229197978973389,False,9.361883163452148,False,144,0,144,double,2.45098383959491,147.0590303756946,JUMPING,291.2964794921875,213.10495071411134
1506,60.24,0.8969610333442688,68.98949999595061,0.0,,0.0,False,0.0,False,144,0,144,unknown,0.0,0.0,JUMPING,,215.0688659667969
1507,60.28,0.887876033782959,77.95530000294093,227.53988647460938,111.19373321533203,0.7819568514823914,False,10.087028503417969,False,144,0,144,double,2.45098383959491,147.0590303756946,JUMPING,291.3110913085937,216.88651123046876
1508,60.32,0.8576195240020752,71.30599999800324,227.79556274414062,108.88348388671875,2.315117835998535,False,10.683201789855957,False,144,0,144,double,2.45098383959491,147.0590303756946,JUMPING,291.3110913085937,220.68852386474612
1509,60.36,0.877194344997406,53.928799999994226,229.65174865722656,104.9920425415039,3.9750308990478516,False,11.453750610351562,True,144,0,144,double,2.45098383959491,147.0590303756946,JUMPING,291.3110913085937,226.0836784362793
1510,60.4,0.8801016211509705,77.41519999399316,230.06951904296875,102.84728240966797,2.2087905406951904,False,10.794158935546875,True,144,0,144,double,2.45098383959491,147.0590303756946,JUMPING,291.3110913085937,223.7171157836914
1511,60.44,0.8981553316116333,113.2383999938611,221.61831665039062,101.41531372070312,1.4805740118026733,False,13.656736373901367,True,144,0,144,double,2.45098383959491,147.0590303756946,JUMPING,291.3110913085937,223.93829574584962
1512,60.48,0.8783048987388611,127.16799999179784,216.33917236328125,101.645263671875,0.28680697083473206,False,15.532493591308594,True,144,0,144,double,2.45098383959491,147.0590303756946,JUMPING,291.2964794921875,225.8896308898926
1513,60.52,0.8736854195594788,94.65099999215454,213.31175231933594,102.10828399658203,0.48036232590675354,False,16.020851135253906,True,144,0,144,double,2.45098383959491,147.0590303756946,JUMPING,291.2964794921875,222.53346099853516
1514,60.56,0.8665415644645691,82.56840000103693,212.72418212890625,104.24508666992188,2.1368048191070557,False,13.094307899475098,False,145,0,145,double,2.3584874441716788,141.50924665030072,JUMPING,291.2964794921875,224.373161315918
1515,60.6,0.8692753314971924,98.84409999358468,214.51141357421875,107.65180206298828,3.4085583686828613,False,13.196864128112793,False,145,0,145,double,2.3584874441716788,141.50924665030072,JUMPING,291.5729675292969,220.81350250244142
1516,60.64,0.8518030643463135,95.86570000101347,220.42626953125,110.43231964111328,2.7951793670654297,False,12.172080993652344,False,145,0,145,double,2.3584874441716788,141.50924665030072,JUMPING,291.88127807617184,216.07534179687502
1517,60.68,0.8903184533119202,105.8809999958612,220.65139770507812,109.47188568115234,0.9606537222862244,False,12.47429370880127,False,145,0,145,double,2.3584874441716788,141.50924665030072,JUMPING,292.18773193359374,224.46734008789065
1518,60.72,0.8615318536758423,100.26289999950677,216.40435791015625,106.13345336914062,3.3490307331085205,False,11.9743013381958,False,145,0,145,double,2.3584874441716788,141.50924665030072,JUMPING,292.2404022216797,225.5356086730957
1519,60.76,0.8676444292068481,119.73809999471996,218.55267333984375,103.61573028564453,2.666370153427124,False,7.821817398071289,True,145,0,145,double,2.3584874441716788,141.50924665030072,JUMPING,292.2404022216797,226.1368103027344
1520,60.8,0.8728353381156921,91.58269999898039,222.5470733642578,102.177001953125,1.5272340774536133,False,16.240907669067383,True,145,0,145,double,2.3584874441716788,141.50924665030072,JUMPING,292.2404022216797,225.2078712463379
1521,60.84,0.8841502666473389,77.29529999778606,215.8850860595703,100.74152374267578,1.4397252798080444,False,5.048928737640381,True,145,0,145,double,2.3584874441716788,141.50924665030072,JUMPING,292.2404022216797,222.76503067016603
1522,60.88,0.8933155536651611,106.64679999172222,212.98175048828125,99.6721420288086,1.0697815418243408,False,15.147034645080566,False,146,0,146,double,2.403844037706782,144.23064226240692,JUMPING,292.4397857666016,221.2916976928711
1523,60.92,0.9012168049812317,94.2460999940522,209.0179443359375,100.35901641845703,0.7029212117195129,False,17.225906372070312,True,146,0,146,double,2.403844037706782,144.23064226240692,JUMPING,292.4397857666016,227.5964050292969
1524,60.96,0.8560032844543457,67.40780000109226,211.4068603515625,105.7089614868164,5.355365753173828,False,17.398578643798828,False,146,0,146,double,2.403844037706782,144.23064226240692,JUMPING,292.4397857666016,214.2520233154297
1525,61.0,0.8496965169906616,67.85360000503715,213.84130859375,108.6285171508789,2.9200234413146973,False,16.568140029907227,False,146,0,146,double,2.403844037706782,144.23064226240692,JUMPING,292.47337646484374,215.41124801635743
1526,61.04,0.8658188581466675,62.31150000530761,220.23866271972656,111.00885009765625,2.3852744102478027,False,14.26260757446289,False,146,0,146,double,2.403844037706782,144.23064226240692,JUMPING,292.8583380126953,212.59371490478517
1527,61.08,0.8956795334815979,83.8655999978073,227.2300262451172,111.9608383178711,0.9694260358810425,False,14.49890422821045,False,146,0,146,double,2.403844037706782,144.23064226240692,JUMPING,292.8583380126953,215.5351776123047
1528,61.12,0.8829583525657654,75.2999000105774,225.55821228027344,109.40050506591797,2.5624306201934814,False,15.269343376159668,True,146,0,146,double,2.403844037706782,144.23064226240692,JUMPING,292.8583380126953,220.67539825439454
1529,61.16,0.895838737487793,55.52480000187643,222.09719848632812,106.6297607421875,2.810361862182617,False,16.181394577026367,True,146,0,146,double,2.403844037706782,144.23064226240692,JUMPING,292.8583380126953,221.45076599121094
1530,61.2,0.9018075466156006,49.35629999090452,216.58485412597656,103.22833251953125,3.4019851684570312,False,18.337646484375,True,146,0,146,double,2.403844037706782,144.23064226240692,JUMPING,292.8583380126953,222.7938415527344
1531,61.24,0.8876357078552246,57.02149998978712,210.858154296875,101.8582534790039,1.370145559310913,False,18.08806800842285,True,146,0,146,double,2.403844037706782,144.23064226240692,JUMPING,292.8583380126953,220.91985015869142
1532,61.28,0.8630181550979614,71.96380000095814,210.3284912109375,103.0638656616211,1.2057068347930908,False,15.76688289642334,True,146,0,146,double,2.403844037706782,144.23064226240692,JUMPING,292.8583380126953,222.32379531860354
1533,61.32,0.8694629073143005,68.3844000013778,210.0093994140625,104.12590789794922,1.1680707931518555,False,15.485424995422363,True,146,0,146,double,2.403844037706782,144.23064226240692,JUMPING,292.8583380126953,221.58793029785159
1534,61.36,0.847050666809082,68.76960000954568,210.67982482910156,106.7092056274414,2.598214626312256,False,14.93039321899414,True,146,0,146,double,2.403844037706782,144.23064226240692,JUMPING,292.76233581542965,219.08849182128907
1535,61.4,0.8492175936698914,72.18690001172945,218.16786193847656,111.08026885986328,4.4705305099487305,False,13.88957691192627,False,147,0,147,double,2.403844037706782,144.23064226240692,JUMPING,292.6932373046875,211.22865142822266
1536,61.44,0.8834614157676697,62.56940000457689,229.5626983642578,112.65262603759766,1.6279678344726562,False,13.502588272094727,False,147,0,147,double,2.403844037706782,144.23064226240692,JUMPING,292.6932373046875,211.1375946044922
1537,61.48,0.8884652256965637,63.860800000838935,230.917724609375,109.69249725341797,2.981841802597046,False,14.071454048156738,False,147,0,147,double,2.403844037706782,144.23064226240692,JUMPING,292.391220703125,220.4663284301758
1538,61.52,0.8822192549705505,71.93720000213943,230.87734985351562,107.51819610595703,2.2260522842407227,False,12.250622749328613,False,147,0,147,double,2.403844037706782,144.23064226240692,JUMPING,292.391220703125,222.36410369873047
1539,61.56,0.87723308801651,80.81179999862798,227.71412658691406,103.47615814208984,4.049921035766602,False,13.119513511657715,True,147,0,147,double,2.403844037706782,144.23064226240692,JUMPING,292.391220703125,226.77863082885744
1540,61.6,0.8829063773155212,76.55100000556558,225.14450073242188,100.96219635009766,2.523524522781372,False,14.211408615112305,True,147,0,147,double,2.403844037706782,144.23064226240692,JUMPING,292.391220703125,227.40848388671876
1541,61.64,0.883428692817688,66.4593999972567,218.1822967529297,101.4361801147461,0.6773310899734497,False,14.271993637084961,True,147,0,147,double,2.403844037706782,144.23064226240692,JUMPING,292.391220703125,220.9778244018555
1542,61.68,0.8431349992752075,72.17869999294635,212.60012817382812,,0.0,False,7.923569679260254,True,147,0,147,double,2.403844037706782,144.23064226240692,JUMPING,292.391220703125,214.63741607666017
1543,61.72,0.8274686336517334,95.30640000593849,216.1895751953125,106.01775360107422,4.597341060638428,False,6.391931056976318,True,147,0,147,double,2.403844037706782,144.23064226240692,JUMPING,292.333276977539,214.48653869628907
1544,61.76,0.8304291367530823,93.34160000435077,217.32008361816406,108.74089813232422,2.7355475425720215,False,12.01962661743164,True,147,0,147,double,2.403844037706782,144.23064226240692,JUMPING,292.333276977539,214.83953704833985
1545,61.8,0.8555372953414917,78.87050000135787,220.34873962402344,112.36788940429688,3.643092155456543,False,13.165852546691895,False,148,0,148,double,2.4999999627470975,149.99999776482585,JUMPING,292.333276977539,212.2158416748047
1546,61.84,0.8514454364776611,79.34579999709968,221.6588134765625,114.92840576171875,2.573000907897949,False,13.396291732788086,False,148,0,148,double,2.4999999627470975,149.99999776482585,JUMPING,292.391220703125,211.55768127441408
1547,61.88,0.8786664009094238,129.83219999296125,220.41444396972656,111.54443359375,3.3850207328796387,False,14.883942604064941,False,148,0,148,double,2.4999999627470975,149.99999776482585,JUMPING,292.47066101074216,218.14688873291018
1548,61.92,0.8767498731613159,141.85970000107773,220.53543090820312,109.48101806640625,2.0811240673065186,False,14.52147388458252,False,148,0,148,double,2.4999999627470975,149.99999776482585,JUMPING,292.47066101074216,218.49550628662112
1549,61.96,0.9004217386245728,71.46900000225287,216.479248046875,107.19852447509766,2.2956345081329346,False,14.861793518066406,True,148,0,148,double,2.4999999627470975,149.99999776482585,JUMPING,292.47066101074216,222.93302001953126
1550,62.0,0.9110929369926453,73.09540000278503,211.1474609375,103.56710815429688,3.635248899459839,False,15.269728660583496,True,148,0,148,double,2.4999999627470975,149.99999776482585,JUMPING,292.47066101074216,218.2349075317383
1551,62.04,0.9121675491333008,55.31900000642054,207.847412109375,101.7854232788086,1.7875055074691772,False,15.595555305480957,True,148,0,148,double,2.4999999627470975,149.99999776482585,JUMPING,292.47066101074216,217.81367950439454
1552,62.08,0.907337486743927,64.49409999186173,206.22012329101562,102.32855224609375,0.5543876886367798,False,16.54923439025879,True,148,0,148,double,2.4999999627470975,149.99999776482585,JUMPING,292.391220703125,222.27415466308597
1553,62.12,0.878214955329895,88.00669999618549,208.95375061035156,107.28274536132812,4.9572577476501465,False,15.866971015930176,True,148,0,148,double,2.4999999627470975,149.99999776482585,JUMPING,292.1086822509765,217.1381301879883
1554,62.16,0.8924761414527893,68.23370000347495,215.03675842285156,111.77867889404297,4.510076999664307,False,14.408714294433594,False,149,0,149,double,2.4509793637995725,147.05876182797434,JUMPING,291.8304913330078,212.92327346801758
1555,62.2,0.9054442048072815,58.03640000522137,219.26089477539062,114.8022689819336,3.061518669128418,False,12.07010269165039,False,149,0,149,double,2.4509793637995725,147.05876182797434,JUMPING,291.8304913330078,209.9690124511719
1556,62.24,0.9003638625144958,66.0078000073554,222.046630859375,116.09497833251953,1.3066202402114868,False,11.329801559448242,False,149,0,149,double,2.4509793637995725,147.05876182797434,JUMPING,292.06408630371095,211.19707946777345
1557,62.28,0.8869096040725708,66.11569999950007,222.0492706298828,113.72612762451172,3.192598342895508,False,11.482893943786621,False,149,0,149,double,2.4509793637995725,147.05876182797434,JUMPING,292.08875061035155,216.70491790771487
1558,62.32,0.855205774307251,53.699299998697825,219.06396484375,109.04212188720703,5.1039018630981445,False,14.075100898742676,True,149,0,149,double,2.4509793637995725,147.05876182797434,JUMPING,292.08875061035155,223.46163635253907
1559,62.36,0.8610723614692688,53.608700007316656,217.88510131835938,106.17040252685547,3.2083733081817627,False,11.199846267700195,True,149,0,149,double,2.4509793637995725,147.05876182797434,JUMPING,291.96887878417965,221.0041343688965
1560,62.4,0.9093999862670898,62.90180000360124,214.31573486328125,104.9834976196289,1.5978435277938843,False,14.193056106567383,True,149,0,149,double,2.4509793637995725,147.05876182797434,JUMPING,291.96887878417965,219.6050231933594
1561,62.44,0.9106855392456055,60.007099993526936,211.78570556640625,104.41059112548828,0.7171139121055603,False,15.790247917175293,True,149,0,149,double,2.4509793637995725,147.05876182797434,JUMPING,291.96887878417965,220.3037521362305
1562,62.48,0.8864395022392273,63.60359999234788,210.42205810546875,103.92864227294922,0.794300377368927,False,16.734750747680664,True,149,0,149,double,2.4509793637995725,147.05876182797434,JUMPING,291.8520208740234,218.86345977783205
1563,62.52,0.8723412156105042,51.26439999730792,211.967529296875,108.3119125366211,4.449834823608398,False,16.541915893554688,True,149,0,149,double,2.4509793637995725,147.05876182797434,JUMPING,291.6840069580078,216.0878128051758
1564,62.56,0.8939703702926636,67.15940000140108,216.18382263183594,112.85578155517578,4.602226257324219,False,15.943519592285156,False,150,0,150,double,2.4999999627470975,149.99999776482585,JUMPING,291.6514141845703,211.55398864746095
1565,62.6,0.8921946883201599,55.40369999653194,218.8233642578125,115.18258666992188,2.3862881660461426,False,15.287378311157227,False,150,0,150,double,2.4999999627470975,149.99999776482585,JUMPING,291.6514141845703,210.21750946044924
1566,62.64,0.8975362181663513,60.55810001271311,218.62896728515625,113.44205474853516,1.89957594871521,False,15.31374454498291,False,150,0,150,double,2.4999999627470975,149.99999776482585,JUMPING,291.6514141845703,214.36259231567385
1567,62.68,0.8927568793296814,68.13610000244807,215.24618530273438,108.9570083618164,4.4872145652771,False,16.316421508789062,True,150,0,150,double,2.4999999627470975,149.99999776482585,JUMPING,291.6514141845703,221.0972724914551
1568,62.72,0.8951358795166016,94.31699999549892,211.42510986328125,106.42449951171875,2.562480926513672,False,16.26569175720215,True,150,0,150,double,2.4999999627470975,149.99999776482585,JUMPING,291.6514141845703,223.82974090576172
1569,62.76,0.8984192609786987,90.7535000005737,208.6982421875,103.31633758544922,3.1176230907440186,False,17.11810874938965,True,150,0,150,double,2.4999999627470975,149.99999776482585,JUMPING,291.6514141845703,218.92752685546876
1570,62.8,0.9040572643280029,86.5674999949988,208.02557373046875,103.25687408447266,0.23017233610153198,False,16.41683006286621,True,150,0,150,double,2.4999999627470975,149.99999776482585,JUMPING,291.6514141845703,219.26152496337892
1571,62.84,0.899864912033081,79.95800000207964,207.5323486328125,103.4844970703125,0.2288825511932373,False,14.991378784179688,True,150,0,150,double,2.4999999627470975,149.99999776482585,JUMPING,291.6514141845703,220.63472900390627
1572,62.88,0.8848857879638672,73.94919999933336,210.99972534179688,106.13488006591797,2.6510870456695557,False,15.329604148864746,True,150,0,150,double,2.4999999627470975,149.99999776482585,JUMPING,291.3144543457031,217.7996810913086
1573,62.92,0.8890472650527954,73.10619999771006,211.349609375,107.84564208984375,1.7107683420181274,False,14.140094757080078,True,150,0,150,double,2.4999999627470975,149.99999776482585,JUMPING,291.02628662109373,217.54885101318362
1574,62.96,0.8953819870948792,63.48140000773128,225.258544921875,111.24337005615234,3.397728443145752,False,12.625661849975586,True,150,0,150,double,2.4999999627470975,149.99999776482585,JUMPING,291.01906311035157,207.50117111206058
1575,63.0,0.8968758583068848,46.16770001302939,233.5865020751953,112.9625244140625,1.7229948043823242,False,11.484367370605469,False,151,0,151,double,2.3584917543117796,141.50950525870678,JUMPING,291.0055041503906,208.28264846801758
1576,63.04,0.88668292760849,52.39389999769628,233.59349060058594,114.00948333740234,1.077889084815979,False,12.675086975097656,False,151,0,151,double,2.3584917543117796,141.50950525870678,JUMPING,291.0055041503906,211.60630645751954
1577,63.08,0.8866692185401917,62.65170000551734,233.32516479492188,114.3165283203125,0.3453424572944641,False,13.529069900512695,False,151,0,151,double,2.3584917543117796,141.50950525870678,JUMPING,291.0055041503906,211.82595062255862
1578,63.12,0.8927412629127502,68.30050000280607,223.84262084960938,108.2079086303711,6.187068462371826,False,14.388551712036133,False,151,0,151,double,2.3584917543117796,141.50950525870678,JUMPING,291.0055041503906,221.17167053222659
1579,63.16,0.8840892314910889,45.61960000137333,217.47528076171875,104.29950714111328,3.946441411972046,False,14.156585693359375,False,151,0,151,double,2.3584917543117796,141.50950525870678,JUMPING,291.0055041503906,224.44435348510743
1580,63.2,0.8794823884963989,51.381099998252466,210.98013305664062,100.16010284423828,4.139891624450684,False,13.53714656829834,True,151,0,151,double,2.3584917543117796,141.50950525870678,JUMPING,291.0055041503906,222.14526519775393
1581,63.24,0.8795500993728638,68.3813000068767,207.080810546875,98.11199188232422,2.049948215484619,False,13.128923416137695,True,151,0,151,double,2.3584917543117796,141.50950525870678,JUMPING,291.0055041503906,220.99230957031253
1582,63.28,0.8726876974105835,55.44979999831412,206.23126220703125,100.74237060546875,2.645063877105713,False,14.093771934509277,True,151,0,151,double,2.3584917543117796,141.50950525870678,JUMPING,290.83254272460937,222.80045471191409
1583,63.32,0.8253116011619568,63.1924000044819,207.62295532226562,104.7184066772461,4.010593414306641,False,13.692371368408203,True,151,0,151,double,2.3584917543117796,141.50950525870678,JUMPING,290.49876708984374,220.06094512939455
1584,63.36,0.8702935576438904,63.409099995624274,212.70391845703125,110.92068481445312,6.217954158782959,False,14.755166053771973,False,152,0,152,double,2.551021638549201,153.06129831295206,JUMPING,289.93414306640625,211.45521926879886
1585,63.4,0.8698193430900574,57.01789999147877,221.76193237304688,115.26239013671875,4.471073150634766,False,14.513922691345215,False,152,0,152,double,2.551021638549201,153.06129831295206,JUMPING,289.66161560058595,208.72444610595704
1586,63.44,0.8991307020187378,69.39100001181941,228.12091064453125,117.6439437866211,2.531054735183716,False,15.411760330200195,False,152,0,152,double,2.551021638549201,153.06129831295206,JUMPING,289.65791687011716,207.19979400634767
1587,63.48,0.9058036804199219,61.957199999596924,231.40219116210938,118.11444091796875,0.6942111253738403,False,15.388915061950684,False,152,0,152,double,2.551021638549201,153.06129831295206,JUMPING,289.65791687011716,207.59978942871095
1588,63.52,0.8942899703979492,58.60720000055153,231.37411499023438,116.7164535522461,1.4261033535003662,False,14.133377075195312,False,152,0,152,double,2.551021638549201,153.06129831295206,JUMPING,289.65791687011716,212.69098205566408
1589,63.56,0.891937792301178,65.61980000697076,225.77828979492188,112.65301513671875,4.065103530883789,False,14.786933898925781,False,152,0,152,double,2.551021638549201,153.06129831295206,JUMPING,289.65791687011716,219.04788970947268
1590,63.6,0.8869534730911255,62.174799997592345,218.14501953125,107.90335845947266,4.870584964752197,False,16.19055938720703,True,152,0,152,double,2.551021638549201,153.06129831295206,JUMPING,289.65791687011716,225.02135162353517
1591,63.64,0.8470219969749451,57.02819999714848,209.11318969726562,102.79016876220703,5.24075984954834,False,7.496070861816406,True,152,0,152,double,2.551021638549201,153.06129831295206,JUMPING,289.6023681640625,221.35080490112307
1592,63.68,0.8607336282730103,61.34109999402426,203.319580078125,100.786376953125,2.027672290802002,False,14.919737815856934,True,152,0,152,double,2.551021638549201,153.06129831295206,JUMPING,289.5248498535156,222.0409652709961
1593,63.72,0.8534255027770996,68.71969999338035,200.172119140625,105.0597915649414,6.17559814453125,False,18.365068435668945,True,152,0,152,double,2.551021638549201,153.06129831295206,JUMPING,289.2289880371094,219.5506576538086
1594,63.76,0.8922606110572815,64.24039999546949,202.78382873535156,103.1844711303711,3.2723302841186523,False,3.3489937782287598,True,152,0,152,double,2.551021638549201,153.06129831295206,JUMPING,289.0256628417968,219.9861526489258
1595,63.8,0.8815443515777588,74.87209999817424,207.83724975585938,107.4072494506836,4.226771831512451,False,12.681779861450195,False,153,0,153,double,2.4999999627470975,149.99999776482585,JUMPING,289.0256628417968,217.89622650146487
1596,63.84,0.8674085736274719,68.16150000668131,211.05950927734375,110.31746673583984,2.9575893878936768,False,16.98085594177246,False,153,0,153,double,2.4999999627470975,149.99999776482585,JUMPING,289.12033935546873,216.91084060668948
1597,63.88,0.8850123882293701,86.05009999882895,222.5233154296875,113.50534057617188,3.2518043518066406,False,16.83917236328125,False,153,0,153,double,2.4999999627470975,149.99999776482585,JUMPING,289.2334808349609,206.81535797119142
1598,63.92,0.8931279182434082,81.84519999485929,227.75808715820312,115.42884063720703,1.9526573419570923,False,15.247058868408203,False,153,0,153,double,2.4999999627470975,149.99999776482585,JUMPING,289.24134521484376,208.7097595214844
1599,63.96,0.9004095792770386,84.27870000014082,231.19935607910156,115.53011322021484,0.19448630511760712,False,13.954231262207031,False,153,0,153,double,2.4999999627470975,149.99999776482585,JUMPING,289.3616687011719,213.54515380859377
1600,64.0,0.9029788374900818,116.14460000419058,228.52249145507812,113.17337799072266,2.3604071140289307,False,14.625226974487305,False,153,0,153,double,2.4999999627470975,149.99999776482585,JUMPING,289.3616687011719,217.7519287109375
1601,64.04,0.8979524374008179,80.62209999479819,224.35264587402344,108.9842529296875,4.1895904541015625,False,14.593833923339844,False,153,0,153,double,2.4999999627470975,149.99999776482585,JUMPING,289.488120727539,219.77678070068362
1602,64.08,0.8640323877334595,91.22489999572281,215.39846801757812,,0.0,False,9.422377586364746,True,153,0,153,double,2.4999999627470975,149.99999776482585,JUMPING,289.3251025390625,221.58511047363282
1603,64.12,0.8516978621482849,62.417099994490854,212.3645477294922,,0.0,False,20.02423858642578,True,153,0,153,double,2.4999999627470975,149.99999776482585,JUMPING,289.2334808349609,220.8758071899414
1604,64.16,0.85434490442276,53.41069999849424,209.46524047851562,110.56205749511719,6.0203752517700195,False,22.11375617980957,True,153,0,153,double,2.4999999627470975,149.99999776482585,JUMPING,289.2334808349609,222.42842254638674
1605,64.2,0.8627259135246277,59.244999996735714,209.25877380371094,106.54195404052734,5.79763126373291,False,1.298421859741211,True,153,0,153,double,2.4999999627470975,149.99999776482585,JUMPING,289.2334808349609,219.99741516113284
1606,64.24,0.8737399578094482,45.25360000843648,212.41094970703125,108.88191986083984,2.3978896141052246,False,12.173700332641602,False,154,0,154,double,2.4038485152196167,144.230910913177,JUMPING,289.2334808349609,214.83003692626954
1607,64.28,0.8751612305641174,52.20260001078714,220.0084686279297,112.58688354492188,3.7133636474609375,False,16.668590545654297,False,154,0,154,double,2.4038485152196167,144.230910913177,JUMPING,289.3251025390625,208.4631759643555
1608,64.32,0.9027023911476135,62.76359999901615,225.88104248046875,114.76773834228516,2.193018913269043,False,16.808883666992188,False,154,0,154,double,2.4038485152196167,144.230910913177,JUMPING,289.488120727539,208.28534240722658
1609,64.36,0.9053478240966797,61.274699997738935,226.29461669921875,113.7764663696289,0.9963160753250122,False,16.203149795532227,False,154,0,154,double,2.4038485152196167,144.230910913177,JUMPING,289.8628228759766,212.51862030029298
1610,64.4,0.9045059084892273,73.60410000546835,225.69903564453125,112.96111297607422,0.8154450058937073,False,16.380868911743164,False,154,0,154,double,2.4038485152196167,144.230910913177,JUMPING,290.44364624023433,212.1561218261719
1611,64.44,0.8222028017044067,90.82380001200363,215.90640258789062,111.5872573852539,2.64339542388916,False,6.2487053871154785,False,154,0,154,double,2.4038485152196167,144.230910913177,JUMPING,290.44364624023433,224.8487045288086
1612,64.48,0.8252134323120117,98.83149999950547,211.02474975585938,107.82000732421875,4.126776695251465,False,12.712852478027344,False,154,0,154,double,2.4038485152196167,144.230910913177,JUMPING,290.44364624023433,225.96104965209963
1613,64.52,0.8572838306427002,86.25420001044404,207.91876220703125,104.1627426147461,3.6639275550842285,False,4.842370986938477,True,154,0,154,double,2.4038485152196167,144.230910913177,JUMPING,290.44364624023433,221.26057052612308
1614,64.56,0.8443925380706787,55.30700000235811,205.1103515625,102.14240264892578,2.1233654022216797,False,9.91616153717041,True,154,0,154,double,2.4038485152196167,144.230910913177,JUMPING,290.44364624023433,220.1902122497559
1615,64.6,0.828475832939148,49.278300008154474,203.5329132080078,101.69002532958984,0.4606423079967499,False,12.728348731994629,True,154,0,154,double,2.4038485152196167,144.230910913177,JUMPING,290.44364624023433,220.36772689819338
1616,64.64,0.8435053825378418,59.13419999706093,203.38014221191406,106.83721923828125,6.5677080154418945,False,16.94658851623535,True,154,0,154,double,2.4038485152196167,144.230910913177,JUMPING,290.44364624023433,222.40295181274416
1617,64.68,0.8798818588256836,59.320599990314804,208.29220581054688,106.43817138671875,3.079545021057129,False,4.757753372192383,True,154,0,154,double,2.4038485152196167,144.230910913177,JUMPING,290.44364624023433,218.05058670043948
1618,64.72,0.8926676511764526,59.22939999436494,219.3658447265625,111.82482147216797,5.390232563018799,False,13.146390914916992,False,155,0,155,double,2.314814914462502,138.8888948677501,JUMPING,290.4528930664062,210.87823791503908
1619,64.76,0.8896259665489197,55.08979999285657,224.7581024169922,114.98870849609375,3.1677587032318115,False,15.009602546691895,False,155,0,155,double,2.314814914462502,138.8888948677501,JUMPING,290.4676330566406,211.09187316894534
1620,64.8,0.893576443195343,56.87259999103844,222.57875061035156,113.07553100585938,1.9132925271987915,False,15.40880012512207,False,155,0,155,double,2.314814914462502,138.8888948677501,JUMPING,290.49747924804683,216.76185150146486
1621,64.84,0.8874104022979736,51.82809999678284,220.56317138671875,111.63721466064453,1.4383482933044434,False,15.02098274230957,False,155,0,155,double,2.314814914462502,138.8888948677501,JUMPING,290.53526306152344,218.3999176025391
1622,64.88,0.8538293242454529,44.51219999464229,213.82359313964844,107.27056884765625,4.371524333953857,False,3.2657594680786133,True,155,0,155,double,2.314814914462502,138.8888948677501,JUMPING,290.49747924804683,223.37645416259767
1623,64.92,0.8743103742599487,65.34430000465363,210.249267578125,105.1649398803711,2.110469102859497,False,8.968544960021973,True,155,0,155,double,2.314814914462502,138.8888948677501,JUMPING,290.49747924804683,222.86299438476564
1624,64.96,0.8407998085021973,65.76589999895077,208.61325073242188,104.43067169189453,0.7353466153144836,False,15.876301765441895,True,155,0,155,double,2.314814914462502,138.8888948677501,JUMPING,290.49747924804683,224.87452774047853
1625,65.0,0.8523160219192505,89.60609999485314,207.52867126464844,104.2937240600586,0.18680723011493683,False,16.88819694519043,True,155,0,155,double,2.314814914462502,138.8888948677501,JUMPING,290.49747924804683,223.60350875854493
1626,65.04,0.8836854696273804,64.48219998856075,207.13812255859375,105.51464080810547,1.5381017923355103,False,4.781428337097168,True,155,0,155,double,2.314814914462502,138.8888948677501,JUMPING,290.49747924804683,220.88946990966798
1627,65.08,0.8812868595123291,53.467399993678555,209.99522399902344,108.44669342041016,2.9327056407928467,False,13.369975090026855,True,155,0,155,double,2.314814914462502,138.8888948677501,JUMPING,290.49747924804683,217.95267333984376
1628,65.12,0.878391683101654,74.96470000478439,218.19021606445312,112.13089752197266,3.6949522495269775,False,14.783632278442383,False,156,0,156,double,2.3584874441716788,141.50924665030072,JUMPING,290.53526306152344,209.94422149658206
1629,65.16,0.8895312547683716,86.5440000052331,223.998046875,114.14127349853516,2.014096736907959,False,15.042288780212402,False,156,0,156,double,2.3584874441716788,141.50924665030072,JUMPING,290.5756652832031,208.59226684570314
1630,65.2,0.899118959903717,70.26920000498649,222.1226806640625,113.5100326538086,0.6345968246459961,False,15.468622207641602,False,156,0,156,double,2.3584874441716788,141.50924665030072,JUMPING,290.6841186523437,213.14704666137698
1631,65.24,0.8349663019180298,91.19160000409465,214.94125366210938,111.95903015136719,1.7680516242980957,False,6.236896514892578,False,156,0,156,double,2.3584874441716788,141.50924665030072,JUMPING,290.6841186523437,219.67437744140628
1632,65.28,0.8074095249176025,67.4113999994006,209.97915649414062,110.13270568847656,1.8263808488845825,False,1.0467451810836792,True,156,0,156,double,2.3584874441716788,141.50924665030072,JUMPING,290.6841186523437,224.5327247619629
1633,65.32,0.8731851577758789,63.95630000042729,207.8465576171875,106.28314971923828,3.9394092559814453,False,9.025004386901855,True,156,0,156,double,2.3584874441716788,141.50924665030072,JUMPING,290.6841186523437,222.38291091918947
1634,65.36,0.8485890626907349,70.26680000126362,203.58456420898438,103.00142669677734,3.321190595626831,False,4.865512371063232,True,156,0,156,double,2.3584874441716788,141.50924665030072,JUMPING,290.6841186523437,220.30367660522464
1635,65.4,0.879527747631073,70.17210000776686,204.68795776367188,104.28511810302734,1.2860684394836426,False,12.822205543518066,True,156,0,156,double,2.3584874441716788,141.50924665030072,JUMPING,290.6841186523437,219.04929962158204
1636,65.44,0.8385987281799316,70.31199999619275,207.3970489501953,107.58853912353516,3.3296470642089844,False,6.124063491821289,True,156,0,156,double,2.3584874441716788,141.50924665030072,JUMPING,290.6841186523437,213.66479492187503
1637,65.48,0.8300471305847168,68.96150000102352,209.06570434570312,110.41526794433594,2.8271515369415283,False,1.8996495008468628,False,157,0,157,double,2.3584874441716788,141.50924665030072,JUMPING,290.6841186523437,212.46776275634767
1638,65.52,0.8852609992027283,102.8604000021005,220.02088928222656,112.58370971679688,2.233804225921631,False,7.281985759735107,False,157,0,157,double,2.3584874441716788,141.50924665030072,JUMPING,290.6841186523437,210.59518127441407
1639,65.56,0.8843153715133667,74.35769999574404,223.10983276367188,112.0614013671875,0.5484472513198853,False,13.29056453704834,False,157,0,157,double,2.3584874441716788,141.50924665030072,JUMPING,290.6841186523437,212.65382080078126
1640,65.6,0.8628726005554199,69.62660000135656,222.2336883544922,110.95208740234375,4.770665645599365,False,10.31340217590332,True,157,0,157,double,2.3584874441716788,141.50924665030072,JUMPING,290.6841186523437,218.51556396484378
1641,65.64,0.8456990718841553,61.14769999112468,215.71420288085938,,0.0,False,11.071866035461426,False,157,0,157,double,2.3584874441716788,141.50924665030072,JUMPING,290.6841186523437,218.51916427612306
1642,65.68,0.8649662137031555,51.45949999860022,212.13433837890625,108.89032745361328,5.596650123596191,False,18.916973114013672,True,157,0,157,double,2.3584874441716788,141.50924665030072,JUMPING,290.6841186523437,218.7816345214844
1643,65.72,0.862200140953064,78.73699998890515,209.19692993164062,106.61404418945312,2.522606611251831,False,11.290578842163086,True,157,0,157,double,2.3584874441716788,141.50924665030072,JUMPING,290.6841186523437,214.81370544433597
1644,65.76,0.8847307562828064,200.04700000572484,208.18130493164062,106.04219818115234,8.155342102050781,False,8.268009185791016,True,157,0,157,double,2.3584874441716788,141.50924665030072,JUMPING,290.6487353515625,216.39226989746095
1645,65.8,0.884763777256012,72.23690001410432,207.1405792236328,105.02930450439453,1.8642299175262451,False,16.198898315429688,True,157,0,157,double,2.3584874441716788,141.50924665030072,JUMPING,290.54290649414065,216.44673614501954
1646,65.84,0.8627443313598633,74.87300000502728,209.99917602539062,108.56694793701172,3.823350667953491,False,18.8538761138916,True,157,0,157,double,2.3584874441716788,141.50924665030072,JUMPING,290.4367974853516,212.64111480712893
1647,65.88,0.8505591750144958,81.7553999950178,217.12274169921875,112.49358367919922,3.931441068649292,False,17.016983032226562,False,158,0,158,double,2.4038485152196167,144.230910913177,JUMPING,290.21549682617183,209.34033432006837
1648,65.92,0.8469226360321045,102.81399999803398,221.5875244140625,114.88894653320312,2.519078493118286,False,15.623392105102539,False,158,0,158,double,2.4038485152196167,144.230910913177,JUMPING,290.32086669921875,209.68264923095705
1649,65.96,0.8882880210876465,87.47880000737496,222.05096435546875,113.22820281982422,1.662134051322937,False,15.363822937011719,False,158,0,158,double,2.4038485152196167,144.230910913177,JUMPING,290.32086669921875,212.04958953857422
1650,66.0,0.8769423365592957,114.91139999998268,222.8678741455078,110.0570068359375,3.3140714168548584,False,16.13864517211914,False,158,0,158,double,2.4038485152196167,144.230910913177,JUMPING,290.32086669921875,219.28751602172852
1651,66.04,0.8625847101211548,91.50029999727849,218.66357421875,107.13685607910156,4.23508882522583,False,16.02724838256836,True,158,0,158,double,2.4038485152196167,144.230910913177,JUMPING,290.32086669921875,219.8395721435547
1652,66.08,0.828577995300293,82.10759999928996,215.176025390625,105.41246795654297,1.7387818098068237,False,11.04815673828125,True,158,0,158,double,2.4038485152196167,144.230910913177,JUMPING,290.32086669921875,216.18859634399416
1653,66.12,0.8527264595031738,106.75810000975616,209.9959259033203,103.97241973876953,1.4661513566970825,False,20.671253204345703,True,158,0,158,double,2.4038485152196167,144.230910913177,JUMPING,290.32086669921875,214.85774841308594
1654,66.16,0.8708075284957886,125.77600000076927,207.47650146484375,105.28622436523438,2.2185943126678467,False,1.011479377746582,True,158,0,158,double,2.4038485152196167,144.230910913177,JUMPING,290.32086669921875,217.4833908081055
1655,66.2,0.8920776844024658,107.5291000015568,207.00404357910156,105.52567291259766,1.923326849937439,False,11.221352577209473,True,158,0,158,double,2.4038485152196167,144.230910913177,JUMPING,290.32086669921875,220.8628662109375
1656,66.24,0.8467007875442505,62.99749999016058,208.3960418701172,108.8323974609375,3.3752365112304688,False,15.48083209991455,True,158,0,158,double,2.4038485152196167,144.230910913177,JUMPING,290.1369946289062,212.18429489135744
1657,66.28,0.8456043004989624,71.76540000364184,209.62020874023438,110.6751708984375,1.9596620798110962,False,16.70273780822754,False,159,0,159,double,2.4509793637995725,147.05876182797434,JUMPING,290.03518066406247,212.5282295227051
1658,66.32,0.8583029508590698,41.727999996510334,214.58309936523438,113.84235382080078,3.210731029510498,False,17.005693435668945,False,159,0,159,double,2.4509793637995725,147.05876182797434,JUMPING,289.8997778320312,208.44237136840823
1659,66.36,0.8873186111450195,60.48920001194347,217.5460968017578,114.82470703125,0.988382875919342,False,15.586472511291504,False,159,0,159,double,2.4509793637995725,147.05876182797434,JUMPING,289.8997778320312,208.93829956054688
1660,66.4,0.8797430396080017,52.525799997965805,220.04977416992188,114.93379974365234,0.10920023173093796,False,15.417143821716309,False,159,0,159,double,2.4509793637995725,147.05876182797434,JUMPING,289.8997778320312,211.35331954956055
1661,66.44,0.849205493927002,61.566800010041334,220.55059814453125,112.50606536865234,2.9315803050994873,False,13.252161979675293,False,159,0,159,double,2.4509793637995725,147.05876182797434,JUMPING,289.8997778320312,212.3436149597168
1662,66.48,0.8278439044952393,65.33789999957662,216.56964111328125,108.1754150390625,4.3650617599487305,False,4.8770647048950195,True,159,0,159,double,2.4509793637995725,147.05876182797434,JUMPING,289.8997778320312,214.71569976806643
1663,66.52,0.7964187860488892,69.97000001138076,213.6849822998047,106.40858459472656,2.028831720352173,False,8.074088096618652,True,159,0,159,double,2.4509793637995725,147.05876182797434,JUMPING,289.8997778320312,215.2670425415039
1664,66.56,0.9091944694519043,54.04139999882318,210.508544921875,105.00469970703125,2.1103439331054688,False,6.300528049468994,True,159,0,159,double,2.4509793637995725,147.05876182797434,JUMPING,289.8997778320312,215.1932067871094
1665,66.6,0.8821648359298706,59.76170000212733,207.95960998535156,104.89111328125,0.1696797013282776,False,12.394339561462402,True,159,0,159,double,2.4509793637995725,147.05876182797434,JUMPING,289.83931640624996,219.8056167602539
1666,66.64,0.8834519982337952,51.917600008891895,206.828857421875,105.29986572265625,0.43417155742645264,False,14.794754981994629,True,159,0,159,double,2.4509793637995725,147.05876182797434,JUMPING,289.6558868408203,219.55236968994143
1667,66.68,0.8725788593292236,59.32830000529066,209.69227600097656,106.03768920898438,0.7472003698348999,False,15.75062084197998,True,159,0,159,double,2.4509793637995725,147.05876182797434,JUMPING,289.5313250732422,217.26867294311526
1668,66.72,0.8726962804794312,66.92310000653379,214.14366149902344,110.57035064697266,4.535327434539795,False,15.092605590820312,False,160,0,160,double,2.4999999627470975,149.99999776482585,JUMPING,289.38676696777344,212.39532012939455
1669,66.76,0.872219443321228,70.76610000513028,221.97598266601562,113.88995361328125,3.3314857482910156,False,14.071494102478027,False,160,0,160,double,2.4999999627470975,149.99999776482585,JUMPING,289.4824011230469,210.05659484863284
1670,66.8,0.8699930310249329,72.39089999347925,222.36154174804688,113.80072021484375,3.5087413787841797,False,13.406169891357422,False,160,0,160,double,2.4999999627470975,149.99999776482585,JUMPING,289.4824011230469,214.34384384155274
1671,66.84,0.877642810344696,69.03860000602435,222.29730224609375,112.9513168334961,4.1142706871032715,False,12.401501655578613,False,160,0,160,double,2.4999999627470975,149.99999776482585,JUMPING,289.4824011230469,214.6190368652344
1672,66.88,0.8584691882133484,73.68960000167135,215.02593994140625,111.12364959716797,1.8566701412200928,False,8.768288612365723,True,160,0,160,double,2.4999999627470975,149.99999776482585,JUMPING,289.4824011230469,219.1202819824219
1673,66.92,0.8652140498161316,54.89500000840053,209.74562072753906,108.53713989257812,2.596937417984009,False,16.519227981567383,True,160,0,160,double,2.4999999627470975,149.99999776482585,JUMPING,289.4824011230469,218.7960357666016
1674,66.96,0.8302339315414429,60.73960001231171,207.11904907226562,106.92218780517578,4.166937828063965,False,4.689316749572754,True,160,0,160,double,2.4999999627470975,149.99999776482585,JUMPING,289.4297491455078,221.32152404785157
1675,67.0,0.8541597723960876,61.26899999799207,204.66351318359375,105.4067153930664,2.348754644393921,False,3.882678985595703,True,160,0,160,double,2.4999999627470975,149.99999776482585,JUMPING,289.2254132080078,219.9099418640137
1676,67.04,0.7983117699623108,73.90820000728127,207.261962890625,110.96785736083984,5.668724060058594,False,9.643442153930664,True,160,0,160,double,2.4999999627470975,149.99999776482585,JUMPING,289.0401800537109,217.00296325683595
1677,67.08,0.8730058670043945,71.88350000069477,211.88531494140625,110.34577178955078,0.6468958854675293,False,4.89457368850708,False,161,0,161,double,2.551021638549201,153.06129831295206,JUMPING,289.0401800537109,211.72537689208986
1678,67.12,0.8653228282928467,71.26889999199193,217.0855712890625,113.75382232666016,3.4287209510803223,False,10.738236427307129,False,161,0,161,double,2.551021638549201,153.06129831295206,JUMPING,289.2254132080078,208.94342727661135
1679,67.16,0.8587086200714111,77.18640001257882,220.75807189941406,115.52969360351562,1.776335597038269,False,12.321057319641113,False,161,0,161,double,2.551021638549201,153.06129831295206,JUMPING,289.4297491455078,208.56576385498047
1680,67.2,0.8646758794784546,74.43409999541473,225.8241729736328,115.1700439453125,0.3960024416446686,False,13.0093994140625,False,161,0,161,double,2.551021638549201,153.06129831295206,JUMPING,289.6621990966797,211.3998718261719
1681,67.24,0.8699771761894226,88.37069998844527,222.56967163085938,112.32723999023438,2.8497002124786377,False,13.86365032196045,False,161,0,161,double,2.551021638549201,153.06129831295206,JUMPING,289.74721496582026,213.8808303833008
1682,67.28,0.8450102210044861,60.19410000590142,222.54095458984375,107.385009765625,4.950711727142334,False,10.41657543182373,True,161,0,161,double,2.551021638549201,153.06129831295206,JUMPING,289.74721496582026,214.99607086181643
1683,67.32,0.8541784286499023,71.14909999654628,221.70211791992188,104.69296264648438,2.701633930206299,False,9.291226387023926,True,161,0,161,double,2.551021638549201,153.06129831295206,JUMPING,289.74721496582026,217.46279602050782
1684,67.36,0.8790491819381714,54.538399999728426,214.9410400390625,101.04818725585938,3.6479973793029785,False,12.315994262695312,True,161,0,161,double,2.551021638549201,153.06129831295206,JUMPING,289.60696899414063,219.02491989135743
1685,67.4,0.8560755848884583,57.27140000090003,207.72119140625,106.1961898803711,8.350281715393066,False,6.227586269378662,True,161,0,161,double,2.551021638549201,153.06129831295206,JUMPING,289.2648449707031,219.12990798950196
1686,67.44,0.8804610967636108,63.32660000771284,208.83941650390625,104.87242889404297,5.154088973999023,False,6.551072597503662,False,162,0,162,double,2.551021638549201,153.06129831295206,JUMPING,289.14076721191407,218.10369338989258
1687,67.48,0.8867397308349609,64.9243999941973,209.7078857421875,106.88300323486328,2.0964348316192627,False,13.412030220031738,False,162,0,162,double,2.551021638549201,153.06129831295206,JUMPING,289.14076721191407,218.40896453857422
1688,67.52,0.8668385148048401,48.431300005177036,221.52035522460938,112.37894439697266,5.5292158126831055,False,12.742680549621582,False,162,0,162,double,2.551021638549201,153.06129831295206,JUMPING,289.14076721191407,210.7830017089844
1689,67.56,0.8712828159332275,42.95849999471102,230.232421875,115.41722869873047,3.0382988452911377,False,11.848559379577637,False,162,0,162,double,2.551021638549201,153.06129831295206,JUMPING,289.14076721191407,211.22569732666017
1690,67.6,0.8824840784072876,58.70320000394713,228.5418243408203,114.74443817138672,0.6896029114723206,False,14.097172737121582,False,162,0,162,double,2.551021638549201,153.06129831295206,JUMPING,289.18019897460937,212.68231277465821
1691,67.64,0.8819024562835693,60.398200002964586,223.13546752929688,112.0556640625,2.718092679977417,False,15.809795379638672,False,162,0,162,double,2.551021638549201,153.06129831295206,JUMPING,289.18019897460937,220.5686981201172
1692,67.68,0.8877952098846436,50.77089999394957,215.90670776367188,108.87667083740234,3.195235252380371,False,16.699848175048828,True,162,0,162,double,2.551021638549201,153.06129831295206,JUMPING,289.18019897460937,219.22490081787112
1693,67.72,0.8870688080787659,51.70560000988189,211.22955322265625,106.98983764648438,1.8913280963897705,False,17.056705474853516,True,162,0,162,double,2.551021638549201,153.06129831295206,JUMPING,289.18019897460937,220.70854797363282
1694,67.76,0.8232555389404297,55.76469999505207,204.06668090820312,107.55757904052734,2.405831813812256,False,1.4082696437835693,True,162,0,162,double,2.551021638549201,153.06129831295206,JUMPING,289.18019897460937,216.51446228027345
1695,67.8,0.8612821698188782,64.28909998794552,201.09658813476562,104.42682647705078,3.532493829727173,False,6.229903697967529,True,162,0,162,double,2.551021638549201,153.06129831295206,JUMPING,289.14076721191407,217.7009201049805
1696,67.84,0.9052282571792603,67.10610000300221,200.70516967773438,104.5138931274414,0.24483270943164825,False,11.995954513549805,True,162,0,162,double,2.551021638549201,153.06129831295206,JUMPING,289.09942749023435,218.94681243896486
1697,67.88,0.8766105771064758,49.247899994952604,204.40951538085938,108.11795806884766,3.606773853302002,False,15.068958282470703,True,162,0,162,double,2.551021638549201,153.06129831295206,JUMPING,289.0613049316406,214.71615295410157
1698,67.92,0.869247555732727,57.24280000140425,211.537841796875,112.39795684814453,4.2945098876953125,False,15.763815879821777,False,163,0,163,double,2.4509793637995725,147.05876182797434,JUMPING,289.0613049316406,209.3435989379883
1699,67.96,0.8810009956359863,60.599500007811,218.37750244140625,115.13009643554688,2.734541177749634,False,13.97693920135498,False,163,0,163,double,2.4509793637995725,147.05876182797434,JUMPING,289.3722882080078,210.03467407226563
1700,68.0,0.8774838447570801,78.26059999933932,221.35162353515625,115.73065948486328,0.8747644424438477,False,13.737068176269531,False,163,0,163,double,2.4509793637995725,147.05876182797434,JUMPING,289.49430480957034,211.8476028442383
1701,68.04,0.8813450932502747,61.55959999887273,220.86148071289062,113.70906829833984,2.032181739807129,False,14.705341339111328,False,163,0,163,double,2.4509793637995725,147.05876182797434,JUMPING,289.49430480957034,214.59254226684573
1702,68.08,0.8937669396400452,49.966499995207414,217.82691955566406,110.22293853759766,4.193412780761719,False,13.846237182617188,True,163,0,163,double,2.4509793637995725,147.05876182797434,JUMPING,289.49430480957034,221.415828704834
1703,68.12,0.808452844619751,73.25590000255033,212.21096801757812,108.16654968261719,2.386263847351074,False,8.092432022094727,True,163,0,163,double,2.4509793637995725,147.05876182797434,JUMPING,289.49430480957034,216.64488754272463
1704,68.16,0.8282873630523682,81.0368000093149,208.58917236328125,106.80200958251953,1.4922434091567993,False,5.9429450035095215,True,163,0,163,double,2.4509793637995725,147.05876182797434,JUMPING,289.49430480957034,214.01245574951173
1705,68.2,0.8658344745635986,91.78210000391118,204.3905029296875,106.11469268798828,1.4971952438354492,False,5.26776647567749,True,163,0,163,double,2.4509793637995725,147.05876182797434,JUMPING,289.47521606445315,215.62712402343752
1706,68.24,0.8877834677696228,97.51510000205599,203.9230499267578,107.79769134521484,1.7552969455718994,False,12.087362289428711,True,163,0,163,double,2.4509793637995725,147.05876182797434,JUMPING,289.43709350585937,218.9884719848633
1707,68.28,0.8836656212806702,86.14780000061728,207.04037475585938,111.28873443603516,3.491664409637451,False,14.607160568237305,True,163,0,163,double,2.4509793637995725,147.05876182797434,JUMPING,289.37829833984375,215.0705276489258
1708,68.32,0.8908360004425049,91.96130000054836,209.28086853027344,113.26728057861328,1.9785747528076172,False,15.30257511138916,True,163,0,163,double,2.4509793637995725,147.05876182797434,JUMPING,289.36332031250004,213.02551727294923
1709,68.36,0.8740335702896118,74.19899999513291,216.07955932617188,115.78145599365234,2.520451545715332,False,14.972001075744629,False,164,0,164,double,2.403844037706782,144.23064226240692,JUMPING,289.36332031250004,210.572135925293
1710,68.4,0.8927062153816223,78.90480000060052,223.63711547851562,117.2202377319336,1.4545507431030273,False,11.05606460571289,False,164,0,164,double,2.403844037706782,144.23064226240692,JUMPING,289.36332031250004,209.34734191894532
1711,68.44,0.8885452747344971,63.123200001427904,228.68679809570312,117.6800308227539,0.46858102083206177,False,10.278776168823242,False,164,0,164,double,2.403844037706782,144.23064226240692,JUMPING,289.36332031250004,208.71685104370118
1712,68.48,0.8877905607223511,71.33959999191575,227.7263641357422,116.28479766845703,1.513238549232483,False,12.666661262512207,False,164,0,164,double,2.403844037706782,144.23064226240692,JUMPING,289.36332031250004,211.64293060302737
1713,68.52,0.8959560394287109,75.14679999439977,220.20852661132812,110.99359130859375,5.293008327484131,False,11.379925727844238,True,164,0,164,double,2.403844037706782,144.23064226240692,JUMPING,289.36332031250004,221.4454284667969
1714,68.56,0.8936917185783386,71.67289999779314,214.46401977539062,108.03878021240234,2.9587254524230957,False,11.331412315368652,True,164,0,164,double,2.403844037706782,144.23064226240692,JUMPING,289.36332031250004,220.8479446411133
1715,68.6,0.8568407297134399,69.9802000017371,211.9385528564453,105.761474609375,2.2779271602630615,False,7.39445161819458,True,164,0,164,double,2.403844037706782,144.23064226240692,JUMPING,288.9660852050781,216.22747802734378
1716,68.64,0.7633347511291504,56.716699997195974,208.8678436279297,104.8593978881836,0.902792751789093,False,9.60937786102295,True,164,0,164,double,2.403844037706782,144.23064226240692,JUMPING,288.6920526123047,218.2687454223633
1717,68.68,0.8249623775482178,47.86009999224916,203.8031005859375,109.14459991455078,6.744565486907959,False,8.944572448730469,True,164,0,164,double,2.403844037706782,144.23064226240692,JUMPING,288.29095642089845,217.21956939697267
1718,68.72,0.8808708786964417,56.53510001138784,205.25294494628906,107.95629119873047,4.309585094451904,False,6.5999674797058105,True,164,0,164,double,2.403844037706782,144.23064226240692,JUMPING,287.93875915527343,215.85808105468752
1719,68.76,0.8938881754875183,60.94419999863021,209.75277709960938,112.50677490234375,4.589583396911621,False,13.035524368286133,False,165,0,165,double,2.4509793637995725,147.05876182797434,JUMPING,287.9496722412109,211.05815277099612
1720,68.8,0.8843769431114197,46.029899996938184,221.05984497070312,116.020263671875,3.5162134170532227,False,14.442386627197266,False,165,0,165,double,2.4509793637995725,147.05876182797434,JUMPING,288.29572631835936,208.97867507934572
1721,68.84,0.8962118029594421,59.576100000413135,227.54302978515625,116.6012191772461,0.5812432765960693,False,13.366581916809082,False,165,0,165,double,2.4509793637995725,147.05876182797434,JUMPING,288.9542803955078,211.53492126464846
1722,68.88,0.8985582590103149,44.205099999089725,226.8572998046875,114.52069091796875,2.080744743347168,False,13.681902885437012,False,165,0,165,double,2.4509793637995725,147.05876182797434,JUMPING,289.0136065673828,214.87211608886722
1723,68.92,0.8412051796913147,58.62140000681393,219.47048950195312,114.32478332519531,5.444405555725098,False,7.4945292472839355,False,165,0,165,double,2.4509793637995725,147.05876182797434,JUMPING,289.0136065673828,221.27637329101563
1724,68.96,0.8133063316345215,69.939399996656,214.863525390625,109.1293716430664,7.255053997039795,False,13.678515434265137,True,165,0,165,double,2.4509793637995725,147.05876182797434,JUMPING,289.0136065673828,223.61739807128907
1725,69.0,0.8775219917297363,74.53190001251642,212.86175537109375,106.5163803100586,2.7429988384246826,False,1.0667909383773804,True,165,0,165,double,2.4509793637995725,147.05876182797434,JUMPING,288.9542803955078,222.11104125976564
1726,69.04,0.8380640149116516,75.99339999433141,211.69725036621094,104.21307373046875,2.38975191116333,False,4.939313888549805,True,165,0,165,double,2.4509793637995725,147.05876182797434,JUMPING,288.88658630371094,219.52222442626956
1727,69.08,0.7951847910881042,72.3813000076916,209.94512939453125,102.99725341796875,1.2633084058761597,False,9.269481658935547,True,165,0,165,double,2.4509793637995725,147.05876182797434,JUMPING,288.69392639160156,218.46637649536135
1728,69.12,0.8930456042289734,74.51079999736976,207.1739044189453,104.17728424072266,1.187878966331482,False,7.133702754974365,True,165,0,165,double,2.4509793637995725,147.05876182797434,JUMPING,288.69392639160156,219.14951248168947
1729,69.16,0.8680793046951294,82.2074000025168,206.57461547851562,105.6150131225586,1.4419052600860596,False,15.118659019470215,True,165,0,165,double,2.4509793637995725,147.05876182797434,JUMPING,288.69392639160156,220.12051391601565
1730,69.2,0.8404277563095093,59.539900001254864,213.98101806640625,111.3532485961914,5.738434791564941,False,16.23685646057129,False,166,0,166,double,2.3584960644676345,141.50976386805806,JUMPING,288.9350360107422,209.44401321411135
1731,69.24,0.8687012195587158,64.8432000016328,219.912109375,114.24530029296875,2.896152973175049,False,14.085298538208008,False,166,0,166,double,2.3584960644676345,141.50976386805806,JUMPING,289.30399414062504,210.52257919311526
1732,69.28,0.8655752539634705,64.53440000768751,223.29283142089844,115.79251861572266,1.5473694801330566,False,12.885790824890137,False,166,0,166,double,2.3584960644676345,141.50976386805806,JUMPING,289.4717724609375,211.46633911132815
1733,69.32,0.8973101377487183,75.92769998882432,221.536865234375,114.2502670288086,1.5597987174987793,False,13.477198600769043,False,166,0,166,double,2.3584960644676345,141.50976386805806,JUMPING,289.48504760742185,213.01311340332032
1734,69.36,0.7950564622879028,78.96670000627637,215.46469116210938,111.54833984375,3.191883087158203,False,7.970597743988037,False,166,0,166,double,2.3584960644676345,141.50976386805806,JUMPING,289.48504760742185,222.4792633056641
1735,69.4,0.8036367893218994,55.38949999026954,211.48907470703125,108.15544128417969,3.445230007171631,False,16.52694320678711,True,166,0,166,double,2.3584960644676345,141.50976386805806,JUMPING,289.48504760742185,221.04388885498048
1736,69.44,0.8925812840461731,67.18490000639576,207.81204223632812,104.86465454101562,3.8710947036743164,False,3.6325626373291016,True,166,0,166,double,2.3584960644676345,141.50976386805806,JUMPING,289.4717724609375,215.09747543334962
1737,69.48,0.8906852006912231,71.05369999771938,204.99464416503906,100.79900360107422,4.0830464363098145,False,13.018844604492188,True,166,0,166,double,2.3584960644676345,141.50976386805806,JUMPING,289.02043395996094,217.4050735473633
1738,69.52,0.8826792240142822,76.86210000247229,205.4014892578125,101.35160064697266,0.6197620630264282,False,16.059642791748047,True,166,0,166,double,2.3584960644676345,141.50976386805806,JUMPING,289.01566406250004,221.24392852783205
1739,69.56,0.8527940511703491,80.76250000158325,208.00596618652344,105.86395263671875,4.516976833343506,False,17.026782989501953,False,167,0,167,double,2.3584960644676345,141.50976386805806,JUMPING,289.01566406250004,215.22630615234377
1740,69.6,0.8673504590988159,58.50659999123309,214.39425659179688,111.67208862304688,7.224358081817627,False,15.385077476501465,False,167,0,167,double,2.3584960644676345,141.50976386805806,JUMPING,289.02043395996094,210.07823867797853
1741,69.64,0.8731025457382202,51.1765999981435,219.79397583007812,113.10043334960938,2.8613381385803223,False,13.424856185913086,False,167,0,167,double,2.3584960644676345,141.50976386805806,JUMPING,289.4707177734375,210.22465133666995
1742,69.68,0.8841255903244019,51.26919999020174,219.35362243652344,113.350341796875,2.235600233078003,False,14.114377975463867,False,167,0,167,double,2.3584960644676345,141.50976386805806,JUMPING,289.56450439453124,211.031901550293
1743,69.72,0.8833968043327332,50.894800006062724,217.87612915039062,110.75938415527344,5.592622756958008,False,15.701238632202148,True,167,0,167,double,2.3584960644676345,141.50976386805806,JUMPING,289.56450439453124,217.72799377441407
1744,69.76,0.8557530641555786,61.17950000043493,211.94378662109375,106.8056640625,4.35280179977417,False,15.127080917358398,True,167,0,167,double,2.3584960644676345,141.50976386805806,JUMPING,289.56450439453124,219.77610931396487
1745,69.8,0.8864327073097229,61.86149999848567,207.44207763671875,103.97965240478516,5.746024131774902,False,16.042448043823242,True,167,0,167,double,2.3584960644676345,141.50976386805806,JUMPING,289.56450439453124,219.72245712280275
1746,69.84,0.7976675033569336,48.19359999964945,203.5162353515625,103.31774139404297,2.1881253719329834,False,5.349737167358398,True,167,0,167,double,2.3584960644676345,141.50976386805806,JUMPING,289.56450439453124,215.7317596435547
1747,69.88,0.8260596990585327,63.2404000061797,204.29615783691406,102.30115509033203,1.1596264839172363,False,7.302649021148682,True,167,0,167,double,2.3584960644676345,141.50976386805806,JUMPING,289.56450439453124,218.73648376464845
1748,69.92,0.8676409125328064,64.71929998951964,205.34024047851562,104.831298828125,2.758737802505493,False,13.979476928710938,True,167,0,167,double,2.3584960644676345,141.50976386805806,JUMPING,289.56450439453124,224.4736930847168
1749,69.96,0.8912885785102844,62.344199992367066,210.10293579101562,108.6767807006836,4.063534259796143,False,17.988698959350586,True,167,0,167,double,2.3584960644676345,141.50976386805806,JUMPING,289.56450439453124,219.4551612854004
1750,70.0,0.8753063678741455,70.43609999527689,214.88644409179688,113.22660064697266,4.551235675811768,False,17.479934692382812,True,167,0,167,double,2.3584960644676345,141.50976386805806,JUMPING,289.56450439453124,207.83036041259768
1751,70.04,0.8844913840293884,52.44479999237228,217.1905975341797,115.39981842041016,2.1809206008911133,False,16.82982063293457,False,168,0,168,double,2.3584874441716788,141.50924665030072,JUMPING,289.56450439453124,209.92884674072266
1752,70.08,0.9194149374961853,67.32380000175908,221.23211669921875,116.36788177490234,1.0288602113723755,False,13.838618278503418,False,168,0,168,double,2.3584874441716788,141.50924665030072,JUMPING,289.56450439453124,216.4858612060547
1753,70.12,0.8679590821266174,56.967600001371466,220.3499755859375,115.54317474365234,1.5707632303237915,False,14.17076301574707,False,168,0,168,double,2.3584874441716788,141.50924665030072,JUMPING,289.56450439453124,217.0204025268555
1754,70.16,0.8744232654571533,74.96810000156984,213.01278686523438,,0.0,False,8.729212760925293,True,168,0,168,double,2.3584874441716788,141.50924665030072,JUMPING,289.56450439453124,220.86994094848635
1755,70.2,0.8241822719573975,78.01289999042638,208.41122436523438,111.71946716308594,3.8238368034362793,False,18.370689392089844,True,168,0,168,double,2.3584874441716788,141.50924665030072,JUMPING,289.56450439453124,221.35272674560548
1756,70.24,0.8608171939849854,74.82309998886194,204.66943359375,107.21112060546875,4.636744499206543,False,1.1278436183929443,True,168,0,168,double,2.3584874441716788,141.50924665030072,JUMPING,289.56450439453124,220.7748977661133
1757,70.28,0.8018520474433899,74.22860000224318,203.03890991210938,103.62528228759766,3.606735944747925,False,10.454007148742676,True,168,0,168,double,2.3584874441716788,141.50924665030072,JUMPING,288.9858001708984,218.88296356201172
1758,70.32,0.8489598631858826,56.63179999100976,204.01925659179688,102.0624771118164,1.6087900400161743,False,15.391524314880371,True,168,0,168,double,2.3584874441716788,141.50924665030072,JUMPING,288.5195104980468,221.77100067138673
1759,70.36,0.8844908475875854,68.06780000624713,205.1043701171875,104.12451171875,2.0998523235321045,False,16.651575088500977,True,168,0,168,double,2.3584874441716788,141.50924665030072,JUMPING,288.3773602294922,222.20713348388674
1760,70.4,0.8722360730171204,78.97869999578688,209.47174072265625,107.55392456054688,3.429412841796875,False,16.460580825805664,False,169,0,169,double,2.4509793637995725,147.05876182797434,JUMPING,288.4389660644531,219.7084671020508
1761,70.44,0.8740941286087036,69.72450000466779,213.7554931640625,111.66766357421875,4.130306720733643,False,15.191888809204102,False,169,0,169,double,2.4509793637995725,147.05876182797434,JUMPING,288.8940789794922,208.5802154541016
1762,70.48,0.8924991488456726,83.15150000271387,219.13275146484375,114.15509796142578,2.4905149936676025,False,13.280746459960938,False,169,0,169,double,2.4509793637995725,147.05876182797434,JUMPING,289.0818426513672,211.90693664550784
1763,70.52,0.8548400402069092,69.13309999799822,222.03564453125,113.81522369384766,0.45841339230537415,False,13.830962181091309,False,169,0,169,double,2.4509793637995725,147.05876182797434,JUMPING,289.2431768798828,215.0261154174805
1764,70.56,0.8176383376121521,81.40189999539871,217.46646118164062,113.07901000976562,0.7365502119064331,False,9.609002113342285,True,169,0,169,double,2.4509793637995725,147.05876182797434,JUMPING,289.2431768798828,225.80276184082032
1765,70.6,0.8065736293792725,78.13620001252275,212.95855712890625,110.14815521240234,2.944735527038574,False,18.041582107543945,True,169,0,169,double,2.4509793637995725,147.05876182797434,JUMPING,289.2431768798828,221.9790969848633
1766,70.64,0.8753196001052856,78.36040000256617,212.60324096679688,106.45147705078125,3.69916033744812,False,1.743949294090271,True,169,0,169,double,2.4509793637995725,147.05876182797434,JUMPING,289.2431768798828,220.73244934082032
1767,70.68,0.8283416032791138,90.82820000185166,208.5518798828125,103.7564697265625,3.103121042251587,False,12.388778686523438,True,169,0,169,double,2.4509793637995725,147.05876182797434,JUMPING,289.0818426513672,220.26683425903323
1768,70.72,0.809784471988678,119.42350000026636,205.4932861328125,106.18820190429688,5.009580135345459,False,18.264774322509766,True,169,0,169,double,2.4509793637995725,147.05876182797434,JUMPING,288.6043292236328,221.11973876953127
1769,70.76,0.8143936991691589,86.92290000908542,207.01675415039062,107.83541107177734,3.230966806411743,False,1.769250512123108,False,170,0,170,double,2.4999999627470975,149.99999776482585,JUMPING,288.2649914550781,217.9674270629883
1770,70.8,0.7881395816802979,96.45949999685399,208.93490600585938,,0.0,False,11.395881652832031,False,170,0,170,double,2.4999999627470975,149.99999776482585,JUMPING,288.5810382080078,207.84431686401368
1771,70.84,0.8336389660835266,93.8834999979008,211.8020477294922,112.85931396484375,7.389350414276123,False,14.920601844787598,False,170,0,170,double,2.4999999627470975,149.99999776482585,JUMPING,288.99785705566404,208.2703369140625
1772,70.88,0.8383563756942749,92.1268000092823,212.53329467773438,110.8093032836914,5.04857873916626,False,17.159374237060547,False,170,0,170,double,2.4999999627470975,149.99999776482585,JUMPING,289.05639587402345,209.59123153686525
1773,70.92,0.8571639060974121,81.08259999426082,210.83932495117188,,0.0,False,19.216754913330078,False,170,0,170,double,2.4999999627470975,149.99999776482585,JUMPING,289.21773010253906,219.76912689208987
1774,70.96,0.8823500871658325,94.18679999362212,207.13619995117188,,0.0,False,21.438190460205078,True,170,0,170,double,2.4999999627470975,149.99999776482585,JUMPING,289.21773010253906,218.61967926025392
1775,71.0,0.853924036026001,102.50340000493452,206.2095947265625,,0.0,False,22.838232040405273,True,170,0,170,double,2.4999999627470975,149.99999776482585,JUMPING,289.21773010253906,220.2392906188965
1776,71.04,0.8405510187149048,104.64669999782927,205.549072265625,,0.0,False,23.68745231628418,True,170,0,170,double,2.4999999627470975,149.99999776482585,JUMPING,289.21773010253906,222.5978469848633
1777,71.08,0.8359687328338623,100.88079998968169,205.8802490234375,109.13925170898438,3.3454649448394775,False,22.332937240600586,True,170,0,170,double,2.4999999627470975,149.99999776482585,JUMPING,289.05639587402345,214.33509063720706
1778,71.12,0.8770297765731812,74.03659999545198,208.3457794189453,109.27095794677734,1.0100051164627075,False,6.594336986541748,True,170,0,170,double,2.4999999627470975,149.99999776482585,JUMPING,288.85125610351565,223.11567916870118
1779,71.16,0.784082293510437,83.0363999994006,210.57302856445312,,0.0,False,8.510732650756836,False,171,0,171,double,2.551011747396981,153.06070484381885,JUMPING,288.85125610351565,215.4124397277832
1780,71.2,0.8633685111999512,68.65200000174809,220.23233032226562,113.3642807006836,4.155246734619141,False,8.272632598876953,False,171,0,171,double,2.551011747396981,153.06070484381885,JUMPING,289.04815856933595,214.16924133300782
1781,71.24,0.8642224073410034,57.829400000628084,226.66482543945312,115.65618133544922,2.321695566177368,False,15.20809268951416,False,171,0,171,double,2.551011747396981,153.06070484381885,JUMPING,289.2992852783203,213.32059173583986
1782,71.28,0.8499710559844971,63.289900004747324,227.79354858398438,115.87589263916016,0.31150734424591064,False,16.838193893432617,False,171,0,171,double,2.551011747396981,153.06070484381885,JUMPING,289.2992852783203,213.10234069824222
1783,71.32,0.8703750371932983,59.00449999899138,224.66226196289062,113.01311492919922,2.8677804470062256,False,16.912809371948242,False,171,0,171,double,2.551011747396981,153.06070484381885,JUMPING,289.2992852783203,217.34291992187502
1784,71.36,0.8624805212020874,51.731900006416254,218.17767333984375,,0.0,False,10.41235637664795,True,171,0,171,double,2.551011747396981,153.06070484381885,JUMPING,289.2992852783203,222.1490417480469
1785,71.4,0.8522657155990601,68.9661999931559,213.1358642578125,,0.0,False,22.054582595825195,True,171,0,171,double,2.551011747396981,153.06070484381885,JUMPING,289.2992852783203,221.8090515136719
1786,71.44,0.8479560613632202,89.44989999872632,207.57772827148438,107.05179595947266,5.9623494148254395,False,25.630298614501953,True,171,0,171,double,2.551011747396981,153.06070484381885,JUMPING,289.2992852783203,219.5142349243164
1787,71.48,0.8151589632034302,80.27909998781979,205.23287963867188,105.4417495727539,1.6196800470352173,False,23.126224517822266,True,171,0,171,double,2.551011747396981,153.06070484381885,JUMPING,289.2992852783203,219.60472106933597
1788,71.52,0.8577940464019775,75.24829999601934,207.2236785888672,106.4385986328125,1.1170939207077026,False,5.180910587310791,True,171,0,171,double,2.551011747396981,153.06070484381885,JUMPING,289.2992852783203,223.7795463562012
1789,71.56,0.8913201093673706,70.75649999023881,211.6588134765625,109.6063003540039,3.1821951866149902,False,15.943591117858887,False,172,0,172,double,2.4999999627470975,149.99999776482585,JUMPING,289.2992852783203,215.15451812744143
1790,71.6,0.8018277883529663,63.054800004465505,216.19525146484375,,0.0,False,3.354527473449707,False,172,0,172,double,2.4999999627470975,149.99999776482585,JUMPING,289.3405743408203,212.21889648437502
1791,71.64,0.825019121170044,57.39850000827573,220.5065155029297,112.22784423828125,2.6508736610412598,False,0.2666732966899872,False,172,0,172,double,2.4999999627470975,149.99999776482585,JUMPING,289.4155383300781,214.12080078125
1792,71.68,0.8878377079963684,52.833299996564165,224.62863159179688,113.75894927978516,1.533422589302063,False,10.754678726196289,False,172,0,172,double,2.4999999627470975,149.99999776482585,JUMPING,289.8880310058594,216.2984771728516
1793,71.72,0.8809254169464111,49.17769999883603,222.5939483642578,112.61682891845703,1.174920678138733,False,13.895652770996094,False,172,0,172,double,2.4999999627470975,149.99999776482585,JUMPING,289.8880310058594,219.00059051513674
1794,71.76,0.8748711347579956,59.33340000046883,218.06210327148438,109.60818481445312,3.009202718734741,False,17.30103874206543,True,172,0,172,double,2.4999999627470975,149.99999776482585,JUMPING,289.8880310058594,224.9583251953125
1795,71.8,0.8710802793502808,57.63409999781288,210.13385009765625,110.38362121582031,2.9514424800872803,False,10.190491676330566,True,172,0,172,double,2.4999999627470975,149.99999776482585,JUMPING,289.8880310058594,218.2959197998047
1796,71.84,0.8739069700241089,57.78269999427721,205.10586547851562,109.33655548095703,2.1916444301605225,False,21.482139587402344,True,172,0,172,double,2.4999999627470975,149.99999776482585,JUMPING,289.8880310058594,219.10264968872073
1797,71.88,0.8407936692237854,69.07030000002123,203.0946044921875,108.25084686279297,2.686420202255249,False,24.682641983032227,True,172,0,172,double,2.4999999627470975,149.99999776482585,JUMPING,289.8880310058594,216.78880767822267
1798,71.92,0.8471096754074097,54.597299997112714,202.00897216796875,110.08716583251953,1.8498787879943848,False,24.767288208007812,True,172,0,172,double,2.4999999627470975,149.99999776482585,JUMPING,289.83758544921875,216.44094543457032
1799,71.96,0.8892730474472046,58.090899998205714,210.29928588867188,113.6291732788086,3.6957783699035645,False,6.240192413330078,False,173,0,173,double,2.6041690693517756,156.25014416110653,JUMPING,289.7445861816406,216.3247283935547
1800,72.0,0.8206595778465271,80.96000000659842,220.677490234375,119.20426177978516,5.713145732879639,False,9.770493507385254,False,173,0,173,double,2.6041690693517756,156.25014416110653,JUMPING,290.01310668945314,209.708447265625
1801,72.04,0.8483887314796448,79.70960000238847,238.10507202148438,126.22311401367188,7.0898118019104,True,7.629581928253174,False,173,0,173,double,2.6041690693517756,156.25014416110653,JUMPING,290.37345947265624,201.73500823974612
1802,72.08,0.8490020036697388,85.12740000151098,248.10498046875,129.6293487548828,3.434677839279175,True,15.21273422241211,False,173,0,173,double,2.6041690693517756,156.25014416110653,JUMPING,290.5044024658203,202.17046127319338
1803,72.12,0.8682585954666138,71.96459999249782,260.63555908203125,136.86927795410156,7.415733337402344,True,11.57105827331543,False,173,0,173,double,2.6041690693517756,156.25014416110653,JUMPING,290.5643469238281,196.34404144287112
1804,72.16,0.804768443107605,71.98150000476744,264.069091796875,143.49176025390625,6.726925373077393,True,7.799276828765869,False,173,0,173,double,2.6041690693517756,156.25014416110653,JUMPING,290.6236145019531,190.05506134033206
1805,72.2,0.8453835844993591,72.04739999724552,268.43133544921875,,0.0,False,19.260448455810547,False,173,0,173,double,2.6041690693517756,156.25014416110653,JUMPING,290.808203125,189.90352935791017
1806,72.24,0.8439526557922363,75.43080000323243,269.435791015625,147.03109741210938,7.0789570808410645,True,23.200151443481445,False,173,0,173,double,2.6041690693517756,156.25014416110653,JUMPING,291.0291748046875,188.90066223144532
1807,72.28,0.8389289975166321,60.09060000360478,268.97137451171875,149.43519592285156,5.388458251953125,True,23.040855407714844,False,173,0,173,double,2.6041690693517756,156.25014416110653,JUMPING,291.06816162109374,188.02432632446292
1808,72.32,0.8584564328193665,58.86109999846667,0.0,,0.0,False,0.0,False,173,0,173,unknown,0.0,0.0,JUMPING,,185.39822235107422
1809,72.36,0.19207756221294403,72.43409998773132,0.0,,0.0,False,0.0,False,173,0,173,unknown,0.0,0.0,JUMPING,,68.23897399902344
1810,72.4,0.5299525260925293,74.05960001051426,280.04486083984375,,0.0,False,12.628923416137695,False,173,0,173,single,2.6041690693517756,156.25014416110653,JUMPING,291.06816162109374,69.32166900634766
1811,72.44,0.2887490391731262,63.4245999972336,0.0,,0.0,False,0.0,False,173,0,173,unknown,0.0,0.0,JUMPING,,65.05495605468751
1812,72.48,0.1984209269285202,55.91120000462979,0.0,,0.0,False,0.0,False,173,0,173,unknown,0.0,0.0,JUMPING,,57.201611328125004
