frame_idx,timestamp,best_conf,infer_ms,hip_y,head_y,head_move_px,head_drop_event,ankle_distance,is_airborne,jump_count,single_count,double_count,jump_type,freq_hz,spm,state,ground_y,person_h
0,0.0,0.9081110954284668,45.81899999175221,185.66421508789062,121.19156646728516,0.0,False,18.439664840698242,False,0,0,0,unknown,0.0,0.0,IDLE,,171.78787078857422
1,0.04,0.9115429520606995,41.38890001922846,185.51002502441406,121.56484985351562,1.529007911682129,False,18.97026824951172,False,0,0,0,unknown,0.0,0.0,IDLE,,170.5169189453125
2,0.08,0.9207372069358826,40.0153000082355,185.83248901367188,121.71756744384766,0.8986685276031494,False,18.96931266784668,False,0,0,0,unknown,0.0,0.0,IDLE,,170.95958099365237
3,0.12,0.9231373071670532,47.28680002153851,185.32421875,121.3344955444336,0.6080482602119446,False,18.832735061645508,False,0,0,0,unknown,0.0,0.0,IDLE,,171.3082572937012
4,0.16,0.9217340350151062,67.75260000722483,185.4060821533203,121.4714584350586,0.19046419858932495,False,18.663721084594727,False,0,0,0,single,0.0,0.0,IDLE,,170.49558563232424
5,0.2,0.9200125336647034,68.91130001167767,185.62228393554688,121.50638580322266,0.04977382719516754,False,18.740604400634766,False,0,0,0,single,0.0,0.0,IDLE,,170.83334350585938
6,0.24,0.9174308776855469,65.2608000091277,185.6514892578125,121.1318130493164,0.6270174980163574,False,18.744279861450195,False,0,0,0,single,0.0,0.0,IDLE,,171.70977172851565
7,0.28,0.9150013327598572,67.92790000326931,185.6041717529297,120.99420166015625,0.45334386825561523,False,18.836742401123047,False,0,0,0,single,0.0,0.0,IDLE,,171.37987747192383
8,0.32,0.9250757694244385,67.53469997784123,185.99151611328125,121.4142074584961,0.47664883732795715,False,18.693859100341797,False,0,0,0,single,0.0,0.0,IDLE,,171.01608657836914
9,0.36,0.9177201390266418,68.22899999679066,186.03433227539062,121.57720184326172,0.16334448754787445,False,18.424896240234375,False,0,0,0,single,0.0,0.0,IDLE,256.51492584228515,171.91618118286135
10,0.4,0.9242463111877441,64.02990000788122,185.48782348632812,121.6424789428711,0.18475964665412903,False,18.652448654174805,False,0,0,0,single,0.0,0.0,IDLE,256.54037628173825,171.15696868896487
11,0.44,0.918886125087738,68.03080000099726,185.47169494628906,122.05111694335938,0.5946996212005615,False,18.81072235107422,False,0,0,0,single,0.0,0.0,IDLE,256.5786206054687,171.12046203613284
12,0.48,0.9024682641029358,54.90540000027977,185.6580047607422,120.22796630859375,2.129636764526367,False,18.485042572021484,False,0,0,0,single,0.0,0.0,IDLE,256.70819702148435,171.46087188720705
13,0.52,0.9272136688232422,55.610000010346994,185.19749450683594,115.39065551757812,5.309268951416016,False,18.213130950927734,False,0,0,0,single,0.0,0.0,IDLE,256.7307290649414,172.27969512939455
14,0.56,0.9056866765022278,57.80599999707192,184.54908752441406,112.75736236572266,2.905306100845337,False,17.921157836914062,False,0,0,0,single,0.0,0.0,IDLE,256.71808288574215,173.01315155029297
15,0.6,0.9026126265525818,42.309399985242635,184.7640380859375,111.95549774169922,1.026132345199585,False,17.834556579589844,False,0,0,0,single,0.0,0.0,IDLE,256.70543670654297,173.3681640625
16,0.64,0.8924400210380554,46.30750001524575,185.19268798828125,111.39828491210938,0.5580345988273621,False,17.886619567871094,False,0,0,0,single,0.0,0.0,IDLE,256.69279052734373,173.23845214843752
17,0.68,0.9041721224784851,56.166900001699105,186.23892211914062,110.89874267578125,0.5432212352752686,False,18.20484161376953,False,0,0,0,single,0.0,0.0,IDLE,256.6833166503906,171.91080169677736
18,0.72,0.907650351524353,49.246300011873245,187.14691162109375,111.04510498046875,0.32934534549713135,False,18.408998489379883,False,0,0,0,single,0.0,0.0,IDLE,256.6738427734375,173.22452926635742
19,0.76,0.9094465970993042,56.10069999238476,187.22189331054688,112.93170166015625,2.1272785663604736,False,18.25918960571289,False,0,0,0,single,0.0,0.0,IDLE,256.66436889648435,173.769938659668
20,0.8,0.898849606513977,49.590000009629875,187.90928649902344,112.3134994506836,0.6892794370651245,False,18.001869201660156,False,0,0,0,single,0.0,0.0,IDLE,256.65489501953124,174.74039459228516
21,0.84,0.8991425037384033,38.58839999884367,187.79873657226562,112.75222778320312,0.5225708484649658,False,17.844816207885742,False,0,0,0,single,0.0,0.0,IDLE,256.64735382080073,173.77008132934571
22,0.88,0.8529363870620728,51.317599980393425,187.47862243652344,112.18710327148438,0.7642869353294373,False,17.87307357788086,False,0,0,0,single,0.0,0.0,IDLE,256.6918127441406,175.1459037780762
23,0.92,0.8381558656692505,61.58140001934953,187.06805419921875,114.04425048828125,2.9333982467651367,False,18.035554885864258,False,0,0,0,single,0.0,0.0,IDLE,256.69670806884767,176.26957855224612
24,0.96,0.8142933249473572,58.775999990757555,186.5439453125,111.56592559814453,2.6094250679016113,False,17.448749542236328,False,0,0,0,double,0.0,0.0,IDLE,256.6874584960937,176.15350418090821
25,1.0,0.8389408588409424,50.59279999113642,185.784912109375,108.89959716796875,2.7712514400482178,False,17.54289436340332,False,0,0,0,double,0.0,0.0,IDLE,256.6968650817871,176.88015441894532
26,1.04,0.823350191116333,53.73590000090189,185.119873046875,108.56075286865234,0.9423744678497314,False,17.828086853027344,False,0,0,0,double,0.0,0.0,IDLE,256.6882266235352,177.18718795776368
27,1.08,0.8550251126289368,41.013100009877235,184.73635864257812,108.19222259521484,0.6409560441970825,False,17.962921142578125,False,0,0,0,double,0.0,0.0,IDLE,256.73281326293943,177.67925567626955
28,1.12,0.9100401401519775,50.025799981085584,183.9728240966797,110.02706146240234,2.511683225631714,False,17.948680877685547,False,0,0,0,double,0.0,0.0,IDLE,256.7288055419922,178.2962516784668
29,1.16,0.9029480218887329,68.81759999669157,183.77322387695312,110.6600341796875,0.9791614413261414,False,18.084569931030273,False,0,0,0,double,0.0,0.0,IDLE,256.72089767456055,178.646891784668
30,1.2,0.874843180179596,61.28829999943264,182.1031494140625,111.1002197265625,0.5112730264663696,False,18.43219757080078,False,0,0,0,single,0.0,0.0,IDLE,256.7129898071289,177.52411499023438
31,1.24,0.9205327033996582,50.590200000442564,183.43475341796875,114.2235107421875,3.2144410610198975,False,18.162479400634766,False,0,0,0,single,0.0,0.0,IDLE,256.70435134887697,176.31801071166993
32,1.28,0.9117000699043274,58.37519999477081,186.86856079101562,117.5766372680664,3.353438138961792,False,18.543676376342773,False,0,0,0,single,0.0,0.0,IDLE,256.695712890625,171.01592712402345
33,1.32,0.9128938913345337,37.52129999338649,190.82730102539062,120.29898834228516,2.722352981567383,False,18.391733169555664,False,0,0,0,single,0.0,0.0,IDLE,256.6896356201172,168.86404037475586
34,1.36,0.9115578532218933,60.03130000317469,195.14114379882812,123.42249298095703,3.190277576446533,False,17.92146873474121,False,0,0,0,single,0.0,0.0,IDLE,256.6835583496093,166.662361907959
35,1.4,0.9038007855415344,55.153599998448044,197.14031982421875,124.16681671142578,0.7652462720870972,False,16.91604995727539,False,0,0,0,double,0.0,0.0,IDLE,256.7254615783691,167.8631202697754
36,1.44,0.8249440789222717,63.28410000423901,193.67788696289062,121.25878143310547,2.957386016845703,False,16.876819610595703,False,0,0,0,double,0.0,0.0,IDLE,256.7616778564453,172.37388229370117
37,1.48,0.8637745976448059,50.82929998752661,189.2607421875,112.96790313720703,8.640861511230469,False,17.494548797607422,False,0,0,0,double,0.0,0.0,IDLE,256.7175537109375,176.01275634765628
38,1.52,0.8734978437423706,64.44220000412315,185.58538818359375,109.46240234375,3.5540482997894287,False,18.225841522216797,True,0,0,0,double,0.0,0.0,IDLE,256.7175537109375,177.10721740722659
39,1.56,0.908088743686676,50.96240001148544,177.85922241210938,100.5787582397461,8.95374584197998,False,18.043672561645508,True,0,0,0,double,0.0,0.0,IDLE,256.7175537109375,176.60171356201172
40,1.6,0.8956968784332275,60.66740001551807,171.55088806152344,95.63720703125,4.951168537139893,False,16.26217269897461,True,0,0,0,double,0.0,0.0,IDLE,256.7175537109375,173.1601516723633
41,1.64,0.8966531753540039,74.18779999716207,168.5271453857422,94.86434936523438,0.9684484601020813,False,13.490826606750488,True,0,0,0,double,0.0,0.0,IDLE,256.7175537109375,173.5601303100586
42,1.68,0.9087435603141785,55.12890001409687,166.8709716796875,94.12960052490234,0.8093957901000977,False,10.838604927062988,True,0,0,0,double,0.0,0.0,IDLE,256.7175537109375,176.19017028808597
43,1.72,0.8816227912902832,50.06680000224151,166.6187744140625,94.26776123046875,0.4470265507698059,False,9.000478744506836,True,0,0,0,double,0.0,0.0,IDLE,256.7175537109375,180.61336669921877
44,1.76,0.8606374859809875,58.54879997787066,168.56080627441406,94.43282318115234,0.20964470505714417,False,8.45785140991211,True,0,0,0,double,0.0,0.0,IDLE,256.7175537109375,179.3612808227539
45,1.8,0.78327476978302,51.49419998633675,173.5135498046875,97.38188934326172,2.964066982269287,False,9.251056671142578,True,0,0,0,double,0.0,0.0,IDLE,256.7175537109375,182.27444458007815
46,1.84,0.1973700374364853,62.48490000143647,0.0,,0.0,False,0.0,False,0,0,0,unknown,0.0,0.0,IDLE,,179.924674987793
47,1.88,0.7453147172927856,51.397699979133904,183.61141967773438,106.02738189697266,8.66183853149414,False,8.998358726501465,False,1,0,1,double,0.0,0.0,JUMPING,256.7435388183594,172.3148422241211
48,1.92,0.7244461178779602,59.73369997809641,189.0726318359375,112.86886596679688,6.900725841522217,False,6.986461162567139,False,1,0,1,double,0.0,0.0,JUMPING,256.775708618164,170.07622909545898
49,1.96,0.6339355111122131,38.922299980185926,192.16847229003906,114.97296142578125,2.123746395111084,False,6.804379940032959,False,1,0,1,double,0.0,0.0,JUMPING,256.8217315673828,170.76918411254883
50,2.0,0.8447977304458618,44.462099991505966,190.51052856445312,110.6021499633789,4.382908344268799,False,5.844723701477051,False,1,0,1,double,0.0,0.0,JUMPING,256.95836059570314,176.9198585510254
51,2.04,0.8314701914787292,39.342000003671274,187.43182373046875,105.18297576904297,5.419325828552246,False,6.6047468185424805,False,1,0,1,double,0.0,0.0,JUMPING,256.93650695800784,180.9901405334473
52,2.08,0.8301848769187927,56.430399999953806,183.5701904296875,100.3453140258789,4.844196319580078,False,8.748910903930664,True,1,0,1,double,0.0,0.0,JUMPING,256.93650695800784,176.64907989501955
53,2.12,0.7982624769210815,50.874699983978644,176.395751953125,96.23113250732422,4.114195823669434,False,9.369657516479492,True,1,0,1,double,0.0,0.0,JUMPING,256.93650695800784,175.14415817260743
54,2.16,0.8837173581123352,46.68080000556074,173.48809814453125,93.11292266845703,3.1218814849853516,False,7.390273571014404,True,1,0,1,double,0.0,0.0,JUMPING,256.93650695800784,177.79972763061525
55,2.2,0.9004776477813721,38.00449997652322,171.17974853515625,92.4154281616211,0.8518409132957458,False,6.752935409545898,True,1,0,1,double,0.0,0.0,JUMPING,256.93650695800784,179.62740173339844
56,2.24,0.8400030136108398,47.51090001082048,170.57034301757812,94.3698959350586,1.9558868408203125,False,5.774924278259277,True,1,0,1,double,0.0,0.0,JUMPING,256.93650695800784,179.44936676025392
57,2.28,0.862789511680603,40.172899985918775,171.51234436035156,95.3359375,1.056732177734375,False,6.1418585777282715,True,1,0,1,double,0.0,0.0,JUMPING,256.93650695800784,179.83511199951172
58,2.32,0.8000729084014893,57.226300006732345,172.96188354492188,97.17845916748047,1.8460049629211426,False,6.785991191864014,True,1,0,1,double,0.0,0.0,JUMPING,256.93650695800784,183.1728271484375
59,2.36,0.721745491027832,54.75440001464449,175.83432006835938,101.04290008544922,3.8646693229675293,False,6.719541549682617,False,2,0,2,double,2.0833337679506254,125.00002607703752,JUMPING,256.93650695800784,179.22282409667972
60,2.4,0.8228092789649963,56.52030001510866,180.86251831054688,105.55970001220703,4.5176544189453125,False,7.448888301849365,False,2,0,2,double,2.0833337679506254,125.00002607703752,JUMPING,256.93650695800784,175.26449584960938
61,2.44,0.8276187181472778,50.191499991342425,187.18099975585938,110.25041961669922,4.703620433807373,False,7.950293064117432,False,2,0,2,double,2.0833337679506254,125.00002607703752,JUMPING,257.1124896240234,170.12014617919922
62,2.48,0.6508843898773193,67.22570001147687,191.74453735351562,115.2593765258789,5.040916919708252,False,7.322990417480469,False,2,0,2,double,2.0833337679506254,125.00002607703752,JUMPING,257.35819885253903,172.57885665893556
63,2.52,0.8724234104156494,73.02040001377463,189.17056274414062,112.4083251953125,2.857848644256592,False,7.6150641441345215,False,2,0,2,double,2.0833337679506254,125.00002607703752,JUMPING,257.35819885253903,179.52380676269533
64,2.56,0.8630377054214478,55.84129999624565,185.65896606445312,105.77081298828125,6.638345241546631,False,6.138615131378174,True,2,0,2,double,2.0833337679506254,125.00002607703752,JUMPING,257.35819885253903,176.0839065551758
65,2.6,0.8523145914077759,54.80929999612272,182.71566772460938,102.9556884765625,2.818356513977051,False,5.678314208984375,True,2,0,2,double,2.0833337679506254,125.00002607703752,JUMPING,257.258232421875,176.07234191894534
66,2.64,0.9120683670043945,53.17229998763651,178.7269287109375,98.5853042602539,4.454427242279053,False,4.929366588592529,True,2,0,2,double,2.0833337679506254,125.00002607703752,JUMPING,257.258232421875,176.78349990844728
67,2.68,0.9129936099052429,62.3386999941431,175.47152709960938,95.69564056396484,2.8933191299438477,False,6.456065654754639,True,2,0,2,double,2.0833337679506254,125.00002607703752,JUMPING,257.258232421875,174.59378890991212
68,2.72,0.9088332056999207,68.58990000910126,173.95895385742188,94.71136474609375,1.0839582681655884,False,6.534067153930664,True,2,0,2,double,2.0833337679506254,125.00002607703752,JUMPING,257.258232421875,177.12589035034182
69,2.76,0.8443402051925659,69.96520000393502,171.8126220703125,95.7923583984375,1.1517212390899658,False,4.196549415588379,True,2,0,2,double,2.0833337679506254,125.00002607703752,JUMPING,257.258232421875,176.34217224121096
70,2.8,0.8437259197235107,64.69110000762157,172.50082397460938,97.666748046875,2.0237529277801514,False,6.447166919708252,True,2,0,2,double,2.0833337679506254,125.00002607703752,JUMPING,257.258232421875,179.37190551757814
71,2.84,0.6468535661697388,69.58100001793355,174.84512329101562,100.80350494384766,3.1630921363830566,False,7.344702243804932,True,2,0,2,double,2.0833337679506254,125.00002607703752,JUMPING,257.258232421875,180.45815048217776
72,2.88,0.8790313005447388,59.71890001092106,182.8629150390625,106.3061752319336,5.507240295410156,False,6.745054721832275,False,3,0,3,double,1.9999997615814493,119.99998569488696,JUMPING,257.14933959960933,170.1693168640137
73,2.92,0.870698869228363,47.28820000309497,188.3948211669922,110.07174682617188,3.7722294330596924,False,6.366302967071533,False,3,0,3,double,1.9999997615814493,119.99998569488696,JUMPING,257.0174212646484,169.8657409667969
74,2.96,0.8683614730834961,68.466199998511,191.05772399902344,113.4166488647461,3.3674607276916504,False,6.5554399490356445,False,3,0,3,double,1.9999997615814493,119.99998569488696,JUMPING,256.8091662597656,167.55687561035157
75,3.0,0.8295989632606506,67.1829000057187,191.33688354492188,113.4909439086914,1.1006853580474854,False,5.340155601501465,False,3,0,3,double,1.9999997615814493,119.99998569488696,JUMPING,256.76154968261716,175.00283126831056
76,3.04,0.8388729691505432,58.743300003698096,188.8697509765625,110.2784194946289,3.303626537322998,False,5.433335781097412,False,3,0,3,double,1.9999997615814493,119.99998569488696,JUMPING,256.76154968261716,179.94226531982423
77,3.08,0.8565300703048706,56.5896000189241,185.60934448242188,105.0127944946289,5.276426792144775,False,7.122476577758789,True,3,0,3,double,1.9999997615814493,119.99998569488696,JUMPING,256.76154968261716,176.7556121826172
78,3.12,0.8785235285758972,53.5737999889534,181.35137939453125,100.18201446533203,4.832428932189941,False,7.8144426345825195,True,3,0,3,double,1.9999997615814493,119.99998569488696,JUMPING,256.76154968261716,176.57984313964846
79,3.16,0.8850789666175842,71.60660001682118,178.87539672851562,97.403076171875,2.809518814086914,False,7.023865222930908,True,3,0,3,double,1.9999997615814493,119.99998569488696,JUMPING,256.76154968261716,177.85708923339845
80,3.2,0.8826961517333984,59.38669998431578,177.43057250976562,96.49398040771484,0.9118061065673828,False,7.802613258361816,True,3,0,3,double,1.9999997615814493,119.99998569488696,JUMPING,256.76154968261716,177.06706848144532
81,3.24,0.8730207681655884,45.244400011142716,177.934326171875,97.88021087646484,1.3862764835357666,False,7.663457870483398,True,3,0,3,double,1.9999997615814493,119.99998569488696,JUMPING,256.76154968261716,177.5661102294922
82,3.28,0.8888722658157349,40.39549999288283,180.41305541992188,101.2227554321289,3.361983060836792,False,7.374495029449463,False,4,0,4,double,2.142857133733983,128.57142802403897,JUMPING,256.76154968261716,176.71569824218753
83,3.32,0.8780665397644043,48.88829999254085,182.11431884765625,102.96070098876953,1.7383778095245361,False,7.1569061279296875,False,4,0,4,double,2.142857133733983,128.57142802403897,JUMPING,256.76154968261716,176.9931907653809
84,3.36,0.800894021987915,68.0313000048045,184.5046844482422,106.83209228515625,3.8727548122406006,False,7.810786247253418,False,4,0,4,double,2.142857133733983,128.57142802403897,JUMPING,256.75568115234375,173.71648788452148
85,3.4,0.7737549543380737,47.00489999959245,188.8059539794922,112.93896484375,6.164662837982178,False,8.003204345703125,False,4,0,4,double,2.142857133733983,128.57142802403897,JUMPING,256.5381188964844,170.4156318664551
86,3.44,0.832355260848999,57.436600007349625,188.31814575195312,111.14289093017578,1.8998137712478638,False,6.297895431518555,False,4,0,4,double,2.142857133733983,128.57142802403897,JUMPING,255.96820709228516,176.49133758544923
87,3.48,0.8835520148277283,56.880799995269626,185.54449462890625,107.6120834350586,3.5738606452941895,False,5.112193584442139,False,4,0,4,double,2.142857133733983,128.57142802403897,JUMPING,255.51784362792966,179.2206840515137
88,3.52,0.7744021415710449,60.100599977886304,180.0155029296875,102.95932006835938,4.8138556480407715,False,6.955949783325195,False,4,0,4,double,2.142857133733983,128.57142802403897,JUMPING,255.5104553222656,177.56431427001954
89,3.56,0.884169340133667,50.56909998529591,176.04847717285156,98.75240325927734,4.224377155303955,False,7.189963340759277,True,4,0,4,double,2.142857133733983,128.57142802403897,JUMPING,255.5104553222656,176.4340515136719
90,3.6,0.8847023248672485,70.51199997658841,173.58319091796875,96.04837799072266,2.7080414295196533,False,6.822389125823975,True,4,0,4,double,2.142857133733983,128.57142802403897,JUMPING,255.5104553222656,176.95162353515627
91,3.64,0.8798756003379822,65.76910000876524,172.06625366210938,94.023193359375,2.0395286083221436,False,7.799424171447754,True,4,0,4,double,2.142857133733983,128.57142802403897,JUMPING,255.5104553222656,175.2752799987793
92,3.68,0.903559684753418,58.20470000617206,170.53445434570312,93.8423843383789,0.46704450249671936,False,7.117082595825195,True,4,0,4,double,2.142857133733983,128.57142802403897,JUMPING,255.5104553222656,176.82676239013674
93,3.72,0.8993057012557983,75.59409999521449,170.49459838867188,93.62345123291016,0.4684537947177887,False,7.603559970855713,True,4,0,4,double,2.142857133733983,128.57142802403897,JUMPING,255.5104553222656,178.376725769043
94,3.76,0.9068636298179626,66.22550002066419,170.93939208984375,94.83441162109375,1.2110371589660645,False,7.687938213348389,True,4,0,4,double,2.142857133733983,128.57142802403897,JUMPING,255.5104553222656,180.3732116699219
95,3.8,0.8043169379234314,80.29039998655207,175.884033203125,100.14688110351562,5.31361722946167,False,6.2352824211120605,False,5,0,5,double,2.083333379899463,125.00000279396778,JUMPING,255.5104553222656,178.4608337402344
96,3.84,0.8858819007873535,80.25840000482276,180.00579833984375,102.45117950439453,2.3043289184570312,False,7.851111888885498,False,5,0,5,double,2.083333379899463,125.00000279396778,JUMPING,255.72759887695315,178.2903434753418
97,3.88,0.8429262638092041,53.66509998566471,187.88226318359375,109.38069915771484,6.966558456420898,False,6.894903659820557,False,5,0,5,double,2.083333379899463,125.00000279396778,JUMPING,255.72759887695315,172.5979995727539
98,3.92,0.8307780027389526,63.00649998593144,190.28060913085938,110.0803451538086,0.8209220767021179,False,4.588592052459717,False,5,0,5,double,2.083333379899463,125.00000279396778,JUMPING,255.72759887695315,175.8953224182129
99,3.96,0.8784534335136414,70.91660000151023,189.68927001953125,106.8855209350586,3.194936990737915,False,3.2497763633728027,False,5,0,5,double,2.083333379899463,125.00000279396778,JUMPING,255.5983270263672,182.02574615478517
100,4.0,0.8802826404571533,63.67679999675602,186.86505126953125,104.81151580810547,2.154144287109375,False,3.4213428497314453,False,5,0,5,double,2.083333379899463,125.00000279396778,JUMPING,255.4944970703125,182.4137405395508
101,4.04,0.9004948735237122,60.758400009945035,182.5484619140625,99.48504638671875,5.334733963012695,False,4.5020432472229,True,5,0,5,double,2.083333379899463,125.00000279396778,JUMPING,255.4944970703125,178.88860778808595
102,4.08,0.9103769063949585,63.278399989940226,179.416259765625,96.36856079101562,3.1183245182037354,False,5.738094329833984,True,5,0,5,double,2.083333379899463,125.00000279396778,JUMPING,255.4944970703125,178.11200637817385
103,4.12,0.9062145948410034,62.395399989327416,176.612548828125,95.220458984375,1.1566189527511597,False,6.4409966468811035,True,5,0,5,double,2.083333379899463,125.00000279396778,JUMPING,255.4944970703125,177.89263076782228
104,4.16,0.916809618473053,95.5365999834612,174.99205017089844,94.60562896728516,0.6200842261314392,False,7.2125163078308105,True,5,0,5,double,2.083333379899463,125.00000279396778,JUMPING,255.4944970703125,178.9349334716797
105,4.2,0.9100311994552612,55.5842999892775,174.713134765625,94.9151611328125,0.3529552221298218,False,6.668707847595215,True,5,0,5,double,2.083333379899463,125.00000279396778,JUMPING,255.4944970703125,179.4732177734375
106,4.24,0.8777990937232971,42.70409999298863,178.05279541015625,98.58258056640625,3.6993041038513184,False,7.435957908630371,False,6,0,6,double,2.118644322499051,127.11865934994307,JUMPING,255.4944970703125,182.210612487793
107,4.28,0.8817014098167419,66.03899999754503,180.31878662109375,100.67010498046875,2.0878303050994873,False,7.840747833251953,False,6,0,6,double,2.118644322499051,127.11865934994307,JUMPING,255.5983270263672,182.05424652099612
108,4.32,0.8623502850532532,54.069000005256385,186.56576538085938,106.25003051757812,5.591502666473389,False,7.214332580566406,False,6,0,6,double,2.118644322499051,127.11865934994307,JUMPING,255.71016326904297,173.73956680297852
109,4.36,0.8604767918586731,60.48049998935312,190.78285217285156,109.18170166015625,2.933985710144043,False,6.650742530822754,False,6,0,6,double,2.118644322499051,127.11865934994307,JUMPING,255.7309411621094,174.28402786254884
110,4.4,0.8366712331771851,64.15560000459664,190.68679809570312,109.31658935546875,0.3696514070034027,False,5.055576324462891,False,6,0,6,double,2.118644322499051,127.11865934994307,JUMPING,255.8666665649414,178.12368011474612
111,4.44,0.7646026611328125,71.0696000023745,189.28179931640625,107.630615234375,1.8131294250488281,False,5.287932395935059,False,6,0,6,double,2.118644322499051,127.11865934994307,JUMPING,255.89291015625003,182.4190612792969
112,4.48,0.8824822902679443,41.85219999635592,184.2904052734375,103.74381256103516,3.887042999267578,False,6.675720691680908,False,6,0,6,double,2.118644322499051,127.11865934994307,JUMPING,255.89291015625003,183.2312713623047
113,4.52,0.8725616335868835,39.2295999918133,178.38442993164062,99.2702407836914,4.5152459144592285,False,7.610383033752441,True,6,0,6,double,2.118644322499051,127.11865934994307,JUMPING,255.89291015625003,178.28990707397463
114,4.56,0.8601911067962646,57.361300016054884,174.1774444580078,95.9532241821289,3.3183419704437256,False,8.408767700195312,True,6,0,6,double,2.118644322499051,127.11865934994307,JUMPING,255.89291015625003,179.66399230957032
115,4.6,0.8763918876647949,58.56299999868497,171.87899780273438,94.83242797851562,1.1208175420761108,False,9.309916496276855,True,6,0,6,double,2.118644322499051,127.11865934994307,JUMPING,255.89291015625003,179.94052810668947
116,4.64,0.8883212804794312,60.442799993325025,170.73477172851562,94.8411865234375,0.06441053003072739,False,9.06959342956543,True,6,0,6,double,2.118644322499051,127.11865934994307,JUMPING,255.89291015625003,180.8149253845215
117,4.68,0.8872055411338806,43.885899998713285,171.6243896484375,96.3403549194336,1.5123281478881836,False,8.648662567138672,True,6,0,6,double,2.118644322499051,127.11865934994307,JUMPING,255.89291015625003,181.91746826171877
118,4.72,0.8798243403434753,48.56450000079349,174.51272583007812,99.27938079833984,2.9396936893463135,False,8.52263355255127,False,7,0,7,double,2.118644188726753,127.11865132360518,JUMPING,255.89291015625003,182.46469039916994
119,4.76,0.8627938032150269,38.62559999106452,179.00579833984375,103.36595916748047,4.086687088012695,False,8.804594039916992,False,7,0,7,double,2.118644188726753,127.11865132360518,JUMPING,255.89291015625003,176.85329895019532
120,4.8,0.8912898898124695,42.33950001071207,183.88748168945312,108.18265533447266,4.8234124183654785,False,9.103984832763672,False,7,0,7,double,2.118644188726753,127.11865132360518,JUMPING,256.1444989013672,175.92469558715823
121,4.84,0.8283758163452148,46.714199997950345,189.3158416748047,111.5723876953125,3.406050443649292,False,8.406712532043457,False,7,0,7,double,2.118644188726753,127.11865132360518,JUMPING,256.2301989746094,170.55039596557617
122,4.88,0.7886335849761963,60.95330000971444,192.7442626953125,112.98577880859375,1.4141649007797241,False,8.547576904296875,False,7,0,7,double,2.118644188726753,127.11865132360518,JUMPING,256.2676770019531,170.8929039001465
123,4.92,0.8828962445259094,44.9914000055287,190.244873046875,108.77142333984375,4.215356349945068,False,5.611196994781494,False,7,0,7,double,2.118644188726753,127.11865132360518,JUMPING,256.2676770019531,177.2559967041016
124,4.96,0.8791592121124268,56.19879998266697,185.04354858398438,104.5479736328125,4.252109050750732,False,7.201364994049072,False,7,0,7,double,2.118644188726753,127.11865132360518,JUMPING,256.2676770019531,180.05119781494142
125,5.0,0.8934458494186401,54.47380000259727,180.19723510742188,100.18984985351562,4.3881120681762695,False,5.543860912322998,True,7,0,7,double,2.118644188726753,127.11865132360518,JUMPING,256.2676770019531,176.28700103759766
126,5.04,0.8793691396713257,58.7795999890659,175.59902954101562,96.921142578125,3.2687597274780273,False,7.329925060272217,True,7,0,7,double,2.118644188726753,127.11865132360518,JUMPING,256.2676770019531,175.32928466796875
127,5.08,0.9056686758995056,53.51980001432821,173.087890625,94.65068817138672,2.272007465362549,False,7.916737079620361,True,7,0,7,double,2.118644188726753,127.11865132360518,JUMPING,256.2676770019531,177.93512115478518
128,5.12,0.867832362651825,74.18350002262741,171.93231201171875,94.23816680908203,0.4248853921890259,False,8.221184730529785,True,7,0,7,double,2.118644188726753,127.11865132360518,JUMPING,256.2676770019531,179.430534362793
129,5.16,0.8976069688796997,51.44239999935962,172.22457885742188,94.74441528320312,0.6828128695487976,False,8.070640563964844,True,7,0,7,double,2.118644188726753,127.11865132360518,JUMPING,256.2676770019531,179.95377120971682
130,5.2,0.8732874393463135,56.15689998376183,174.11849975585938,97.14651489257812,2.435656785964966,False,9.409969329833984,True,7,0,7,double,2.118644188726753,127.11865132360518,JUMPING,256.2676770019531,180.95031051635743
131,5.24,0.8051863312721252,44.491599983302876,177.29159545898438,102.15592193603516,5.081103801727295,False,9.613816261291504,False,8,0,8,double,2.118644322499051,127.11865934994307,JUMPING,256.2676770019531,176.63738098144532
132,5.28,0.8740761876106262,41.62709999945946,179.77822875976562,103.4643325805664,1.3223600387573242,False,9.606959342956543,False,8,0,8,double,2.118644322499051,127.11865934994307,JUMPING,256.2676770019531,177.03385162353518
133,5.32,0.8507899641990662,40.660200000274926,185.88644409179688,110.00637817382812,6.563024520874023,False,7.3309760093688965,False,8,0,8,double,2.118644322499051,127.11865934994307,JUMPING,256.2676770019531,170.48146972656252
134,5.36,0.783579409122467,42.75190000771545,189.68643188476562,113.80706787109375,3.8953707218170166,False,5.7017388343811035,False,8,0,8,double,2.118644322499051,127.11865934994307,JUMPING,256.2738891601563,173.8970573425293
135,5.4,0.8976673483848572,41.35139999561943,189.97406005859375,109.9451675415039,3.862713098526001,False,3.8040060997009277,False,8,0,8,double,2.118644322499051,127.11865934994307,JUMPING,256.3515539550781,176.64542922973635
136,5.44,0.8789010643959045,43.75909999362193,189.29962158203125,107.13760375976562,2.811722993850708,False,3.977835178375244,False,8,0,8,double,2.118644322499051,127.11865934994307,JUMPING,256.3515539550781,176.7674201965332
137,5.48,0.8924289345741272,46.35830002371222,186.3638916015625,105.76449584960938,1.5286730527877808,False,5.537160873413086,False,8,0,8,double,2.118644322499051,127.11865934994307,JUMPING,256.3515539550781,180.7769416809082
138,5.52,0.8564851880073547,81.45230001537129,180.02935791015625,100.8159408569336,4.96921968460083,False,7.260291576385498,True,8,0,8,double,2.118644322499051,127.11865934994307,JUMPING,256.3515539550781,175.70992736816407
139,5.56,0.877865195274353,58.193800010485575,175.58815002441406,97.02597045898438,3.81674861907959,False,8.937751770019531,True,8,0,8,double,2.118644322499051,127.11865934994307,JUMPING,256.3515539550781,176.6613494873047
140,5.6,0.9003553986549377,41.98859998723492,173.26988220214844,95.25154876708984,1.82810640335083,False,9.063092231750488,True,8,0,8,double,2.118644322499051,127.11865934994307,JUMPING,256.3515539550781,177.24587554931642
141,5.64,0.9003034234046936,46.406300010858104,172.15724182128906,94.59036254882812,0.6724727749824524,False,8.72793960571289,True,8,0,8,double,2.118644322499051,127.11865934994307,JUMPING,256.3515539550781,178.60802688598633
142,5.68,0.8868464827537537,47.42579997400753,173.39683532714844,96.98062896728516,2.404181480407715,False,8.077807426452637,True,8,0,8,double,2.118644322499051,127.11865934994307,JUMPING,256.3515539550781,181.69526443481448
143,5.72,0.8842299580574036,71.87929999781772,174.6163330078125,98.5531234741211,1.5769325494766235,False,8.082015991210938,True,8,0,8,double,2.118644322499051,127.11865934994307,JUMPING,256.3515539550781,181.1639373779297
144,5.76,0.7635667324066162,42.9160000057891,180.86676025390625,103.55863189697266,5.010061740875244,False,8.296412467956543,False,9,0,9,double,2.0161288229285588,120.96772937571353,JUMPING,256.3515539550781,174.29714508056642
145,5.8,0.7717378735542297,48.79990001791157,186.82476806640625,108.99249267578125,5.445618629455566,False,8.58918285369873,False,9,0,9,double,2.0161288229285588,120.96772937571353,JUMPING,256.6628149414062,174.3849708557129
146,5.84,0.7165255546569824,48.77569997915998,189.36907958984375,109.7270736694336,0.7767271399497986,False,8.523554801940918,False,9,0,9,double,2.0161288229285588,120.96772937571353,JUMPING,256.9746710205078,175.97943878173828
147,5.88,0.7399828433990479,50.5327999999281,187.98780822753906,107.43216705322266,2.3162341117858887,False,6.157809257507324,False,9,0,9,double,2.0161288229285588,120.96772937571353,JUMPING,256.9746710205078,178.9657081604004
148,5.92,0.7947371006011963,67.55760000669397,184.79632568359375,102.83566284179688,4.59663200378418,False,6.277519702911377,False,9,0,9,double,2.0161288229285588,120.96772937571353,JUMPING,256.9746710205078,183.0949546813965
149,5.96,0.8257087469100952,43.478600011439994,181.50424194335938,98.80025482177734,4.046933174133301,False,5.471802711486816,True,9,0,9,double,2.0161288229285588,120.96772937571353,JUMPING,256.9746710205078,179.50059356689454
150,6.0,0.8748518228530884,62.749600008828565,177.30023193359375,95.41304779052734,3.3935346603393555,False,6.968692779541016,True,9,0,9,double,2.0161288229285588,120.96772937571353,JUMPING,256.9746710205078,177.92400970458985
151,6.04,0.8750714659690857,66.92849998944439,174.53277587890625,94.67401123046875,0.7510136365890503,False,8.183359146118164,True,9,0,9,double,2.0161288229285588,120.96772937571353,JUMPING,256.9746710205078,176.82234802246094
152,6.08,0.8604036569595337,69.70600000931881,173.2684326171875,94.78034210205078,0.11027485132217407,False,8.069511413574219,True,9,0,9,double,2.0161288229285588,120.96772937571353,JUMPING,256.9746710205078,178.8371292114258
153,6.12,0.8529231548309326,53.44109999714419,173.61801147460938,95.8130111694336,1.0871995687484741,False,8.76360034942627,True,9,0,9,double,2.0161288229285588,120.96772937571353,JUMPING,256.9746710205078,180.00472946166994
154,6.16,0.8448258638381958,57.396699994569644,175.844482421875,99.064697265625,3.2666356563568115,False,8.797124862670898,False,10,0,10,double,2.118644188726753,127.11865132360518,JUMPING,256.9746710205078,181.68335571289063
155,6.2,0.8106919527053833,44.645899994065985,179.84268188476562,102.45911407470703,3.399320363998413,False,9.062765121459961,False,10,0,10,double,2.118644188726753,127.11865132360518,JUMPING,257.0984045410156,177.72487640380862
156,6.24,0.7689536809921265,43.865099985850975,183.86636352539062,106.5301742553711,4.073501110076904,False,7.717167377471924,False,10,0,10,double,2.118644188726753,127.11865132360518,JUMPING,257.3818035888672,176.94631958007815
157,6.28,0.8178147673606873,52.88569998810999,186.52784729003906,108.4590072631836,1.9365979433059692,False,7.231020927429199,False,10,0,10,double,2.118644188726753,127.11865132360518,JUMPING,257.4528088378906,176.90977935791017
158,6.32,0.7564383745193481,64.54750002012588,188.35980224609375,109.1724624633789,0.8803126811981201,False,5.642206192016602,False,10,0,10,double,2.118644188726753,127.11865132360518,JUMPING,257.5304992675781,178.3900360107422
159,6.36,0.8947840929031372,64.24919998971745,186.82980346679688,107.61947631835938,1.660706639289856,False,6.071665287017822,False,10,0,10,double,2.118644188726753,127.11865132360518,JUMPING,257.38425720214843,180.3490921020508
160,6.4,0.68485426902771,47.55540000041947,185.68023681640625,106.37554931640625,1.2608106136322021,False,5.815747261047363,False,10,0,10,double,2.118644188726753,127.11865132360518,JUMPING,257.38425720214843,180.59878082275392
161,6.44,0.8692390322685242,45.8171000063885,179.63040161132812,100.37613677978516,6.052736759185791,False,7.068840980529785,True,10,0,10,double,2.118644188726753,127.11865132360518,JUMPING,257.38425720214843,179.38773345947268
162,6.48,0.8800632953643799,56.01349999778904,175.00271606445312,96.35147094726562,4.04775333404541,False,7.2411603927612305,True,10,0,10,double,2.118644188726753,127.11865132360518,JUMPING,257.38425720214843,179.1211090087891
163,6.52,0.8628419637680054,47.483100002864376,172.07379150390625,94.63211059570312,1.7205294370651245,False,6.719770908355713,True,10,0,10,double,2.118644188726753,127.11865132360518,JUMPING,257.38425720214843,178.96987915039065
164,6.56,0.9023506045341492,58.49680001847446,171.29806518554688,94.45263671875,0.6621833443641663,False,6.46505880355835,True,10,0,10,double,2.118644188726753,127.11865132360518,JUMPING,257.38425720214843,180.3071388244629
165,6.6,0.9100033640861511,46.67479998897761,172.31430053710938,96.4181137084961,2.0811092853546143,False,7.678135871887207,True,10,0,10,double,2.118644188726753,127.11865132360518,JUMPING,257.38425720214843,183.53670196533204
166,6.64,0.8631513118743896,58.467599999858066,175.33963012695312,99.7552490234375,3.392354726791382,False,7.632589340209961,False,11,0,11,double,2.083333250549108,124.99999503294647,JUMPING,257.38425720214843,180.69974060058595
167,6.68,0.871338963508606,48.2866000093054,179.77371215820312,103.37761688232422,3.630969285964966,False,6.958521366119385,False,11,0,11,double,2.083333250549108,124.99999503294647,JUMPING,257.38425720214843,176.00610961914063
168,6.72,0.8535298705101013,63.414899981580675,182.80441284179688,105.23198699951172,1.8561052083969116,False,7.275970935821533,False,11,0,11,double,2.083333250549108,124.99999503294647,JUMPING,257.38425720214843,176.15154037475588
169,6.76,0.6146677136421204,50.0488999823574,187.6571044921875,109.49481201171875,4.269806861877441,False,6.991539478302002,False,11,0,11,double,2.083333250549108,124.99999503294647,JUMPING,257.43812683105466,172.93976058959962
170,6.8,0.8880473375320435,52.467300003627315,189.26174926757812,107.92465209960938,1.5854426622390747,False,4.671749114990234,False,11,0,11,double,2.083333250549108,124.99999503294647,JUMPING,257.4767163085937,176.0730049133301
171,6.84,0.8991534113883972,51.95509997429326,186.93850708007812,104.73180389404297,3.243840456008911,False,3.320146083831787,False,11,0,11,double,2.083333250549108,124.99999503294647,JUMPING,257.43812683105466,179.73798751831058
172,6.88,0.8814738988876343,55.94350001774728,185.50448608398438,102.8266830444336,1.9416964054107666,False,2.7570977210998535,False,11,0,11,double,2.083333250549108,124.99999503294647,JUMPING,257.38425720214843,181.68683013916018
173,6.92,0.9044891595840454,52.6428000011947,182.9936065673828,99.8104248046875,3.059258222579956,False,4.8720221519470215,True,11,0,11,double,2.083333250549108,124.99999503294647,JUMPING,257.38425720214843,179.50297698974612
174,6.96,0.9139063358306885,62.17580000520684,178.02957153320312,97.0682601928711,2.805769205093384,False,6.737173080444336,True,11,0,11,double,2.083333250549108,124.99999503294647,JUMPING,257.38425720214843,175.18713531494143
175,7.0,0.9027049541473389,60.607199993683025,175.57240295410156,95.82366180419922,1.3295063972473145,False,7.216078758239746,True,11,0,11,double,2.083333250549108,124.99999503294647,JUMPING,257.38425720214843,176.8449317932129
176,7.04,0.9011074900627136,40.718400006880984,174.10166931152344,95.54322052001953,0.3395947217941284,False,7.418962001800537,True,11,0,11,double,2.083333250549108,124.99999503294647,JUMPING,257.38425720214843,177.0005928039551
177,7.08,0.8942356705665588,45.18939999979921,176.7354736328125,98.48138427734375,2.941309690475464,False,8.69350814819336,True,11,0,11,double,2.083333250549108,124.99999503294647,JUMPING,257.38425720214843,179.4179626464844
178,7.12,0.853076696395874,47.66480001853779,180.46133422851562,102.12958526611328,3.6483170986175537,False,9.215397834777832,False,12,0,12,double,2.083333250549108,124.99999503294647,JUMPING,257.38425720214843,175.8951126098633
179,7.16,0.8576491475105286,69.2923000024166,183.15365600585938,104.2817153930664,2.152303457260132,False,9.204466819763184,False,12,0,12,double,2.083333250549108,124.99999503294647,JUMPING,257.38425720214843,175.73109283447266
180,7.2,0.8534237146377563,49.680399999488145,188.5260009765625,108.98721313476562,4.708977699279785,False,8.594597816467285,False,12,0,12,double,2.083333250549108,124.99999503294647,JUMPING,257.43812683105466,170.73335723876954
181,7.24,0.853950560092926,69.35549998888746,189.93499755859375,110.27674102783203,1.3179280757904053,False,4.994974136352539,False,12,0,12,double,2.083333250549108,124.99999503294647,JUMPING,257.43812683105466,174.43961334228516
182,7.28,0.8560901880264282,45.79160001594573,188.13430786132812,107.24746704101562,3.128966808319092,False,4.827811241149902,False,12,0,12,double,2.083333250549108,124.99999503294647,JUMPING,257.0752429199219,179.66102981567386
183,7.32,0.8441997766494751,46.97709999163635,184.25303649902344,105.28803253173828,1.9622255563735962,False,5.464995861053467,True,12,0,12,double,2.083333250549108,124.99999503294647,JUMPING,256.5453973388672,182.19339141845705
184,7.36,0.847010612487793,55.804100004024804,177.8087158203125,100.53705596923828,4.755958557128906,False,7.241315841674805,True,12,0,12,double,2.083333250549108,124.99999503294647,JUMPING,256.51567932128904,177.7522689819336
185,7.4,0.8825935125350952,48.58930001500994,173.61056518554688,98.6851577758789,1.925722599029541,False,8.339030265808105,True,12,0,12,double,2.083333250549108,124.99999503294647,JUMPING,256.51567932128904,176.58145446777345
186,7.44,0.8817274570465088,48.47499998868443,170.6067657470703,96.9075698852539,1.7777912616729736,False,8.327465057373047,True,12,0,12,double,2.083333250549108,124.99999503294647,JUMPING,256.51567932128904,178.23064041137698
187,7.48,0.8812391757965088,52.922200004104525,169.8321075439453,96.2271499633789,0.6956071853637695,False,7.807886123657227,True,12,0,12,double,2.083333250549108,124.99999503294647,JUMPING,256.51567932128904,177.44518508911133
188,7.52,0.8749077320098877,60.68900000536814,170.3363037109375,97.0207290649414,0.7947242856025696,False,7.443305969238281,True,12,0,12,double,2.083333250549108,124.99999503294647,JUMPING,256.51567932128904,178.62004470825198
189,7.56,0.8690168857574463,54.67109999153763,173.89205932617188,100.35894012451172,3.39443039894104,False,7.155237674713135,True,12,0,12,double,2.083333250549108,124.99999503294647,JUMPING,256.51567932128904,180.0734375
190,7.6,0.8861290812492371,55.414100002963096,178.76666259765625,103.45023345947266,3.091749906539917,False,6.594690322875977,False,13,0,13,double,2.1186439211822075,127.11863527093244,JUMPING,256.51567932128904,175.90875854492188
191,7.64,0.8583197593688965,54.89599998691119,184.2352294921875,106.97533416748047,3.537447452545166,False,7.494347095489502,False,13,0,13,double,2.1186439211822075,127.11863527093244,JUMPING,256.5453973388672,171.5516098022461
192,7.68,0.824339747428894,59.25849999766797,188.17843627929688,109.0882797241211,2.113180160522461,False,6.839718341827393,False,13,0,13,double,2.1186439211822075,127.11863527093244,JUMPING,256.7745806884766,173.6485939025879
193,7.72,0.8534703254699707,67.04910000553355,190.18539428710938,107.87310028076172,1.2166341543197632,False,4.825173377990723,False,13,0,13,double,2.1186439211822075,127.11863527093244,JUMPING,256.5453973388672,177.39824676513675
194,7.76,0.827442467212677,57.51279997639358,189.21432495117188,106.63616943359375,2.2026400566101074,False,4.636355876922607,False,13,0,13,double,2.1186439211822075,127.11863527093244,JUMPING,256.4338488769531,178.44008789062502
195,7.8,0.8816409707069397,66.52600000961684,185.44943237304688,102.46741485595703,4.307443141937256,False,5.925995349884033,True,13,0,13,double,2.1186439211822075,127.11863527093244,JUMPING,256.2612823486328,180.15909805297852
196,7.84,0.818850576877594,71.55440002679825,179.62136840820312,99.09051513671875,3.3903119564056396,False,7.084105014801025,True,13,0,13,double,2.1186439211822075,127.11863527093244,JUMPING,256.13911804199216,178.83242950439455
197,7.88,0.8398658633232117,50.48420000821352,175.87655639648438,97.83111572265625,1.283206582069397,False,7.617153644561768,True,13,0,13,double,2.1186439211822075,127.11863527093244,JUMPING,256.0851110839844,178.51211929321292
198,7.92,0.8806489109992981,53.615599987097085,172.8406219482422,95.40776824951172,2.438021659851074,False,8.227657318115234,True,13,0,13,double,2.1186439211822075,127.11863527093244,JUMPING,256.0851110839844,176.40909271240236
199,7.96,0.9055253863334656,56.74060000455938,172.24893188476562,95.33802032470703,0.14615686237812042,False,7.6165666580200195,True,13,0,13,double,2.1186439211822075,127.11863527093244,JUMPING,256.0851110839844,179.37592544555665
200,8.0,0.9004141688346863,56.205500004580244,174.32791137695312,97.37267303466797,2.038224458694458,False,5.791102886199951,True,13,0,13,double,2.1186439211822075,127.11863527093244,JUMPING,256.0851110839844,182.08235244750978
201,8.04,0.8039141893386841,58.57549997745082,176.9875030517578,100.32311248779297,2.9947633743286133,False,6.216538429260254,False,14,0,14,double,2.192982741642784,131.57896449856702,JUMPING,256.0851110839844,178.12832946777345
202,8.08,0.779302179813385,49.19939997489564,181.46804809570312,104.35494232177734,4.033266544342041,False,5.3624982833862305,False,14,0,14,double,2.192982741642784,131.57896449856702,JUMPING,256.13911804199216,176.61992492675782
203,8.12,0.8145874738693237,69.38760000048205,186.1072998046875,108.78887176513672,4.441323280334473,False,6.562678337097168,False,14,0,14,double,2.192982741642784,131.57896449856702,JUMPING,256.1597814941406,173.05043029785156
204,8.16,0.8126909732818604,54.19239998445846,188.44131469726562,111.78203582763672,2.995239496231079,False,6.6660308837890625,False,14,0,14,double,2.192982741642784,131.57896449856702,JUMPING,256.2734167480469,170.88563613891603
205,8.2,0.8893010020256042,55.00129997381009,187.75714111328125,109.43437957763672,2.3679211139678955,False,3.517439842224121,False,14,0,14,double,2.192982741642784,131.57896449856702,JUMPING,256.2784155273437,175.63448867797854
206,8.24,0.8944293260574341,46.76850000396371,187.03546142578125,107.71746063232422,1.7379062175750732,False,2.0914206504821777,False,14,0,14,double,2.192982741642784,131.57896449856702,JUMPING,256.22931213378905,175.09940185546876
207,8.28,0.8766838908195496,63.549799990141764,182.23605346679688,102.82125854492188,4.896448612213135,False,3.3354923725128174,True,14,0,14,double,2.192982741642784,131.57896449856702,JUMPING,256.10494445800776,179.52514953613283
208,8.32,0.8908857703208923,51.760899979854,177.5886993408203,98.59198760986328,4.269721508026123,False,4.918837070465088,True,14,0,14,double,2.192982741642784,131.57896449856702,JUMPING,256.10494445800776,175.17078704833986
209,8.36,0.8946864604949951,58.232200011843815,174.48373413085938,96.84456634521484,1.7527086734771729,False,6.353537559509277,True,14,0,14,double,2.192982741642784,131.57896449856702,JUMPING,256.10494445800776,175.75435638427734
210,8.4,0.9038659334182739,60.74879999505356,173.61700439453125,96.0612564086914,0.8413583636283875,False,7.188747882843018,True,14,0,14,double,2.192982741642784,131.57896449856702,JUMPING,256.10494445800776,175.59522094726563
211,8.44,0.906421422958374,53.36710001574829,174.00619506835938,96.6910400390625,0.6438376903533936,False,6.916914463043213,True,14,0,14,double,2.192982741642784,131.57896449856702,JUMPING,256.10494445800776,174.46534423828126
212,8.48,0.8822952508926392,60.454900027252734,175.3040008544922,99.10564422607422,2.4413373470306396,False,7.408820629119873,True,14,0,14,double,2.192982741642784,131.57896449856702,JUMPING,256.10494445800776,178.88720626831056
213,8.52,0.8834024667739868,56.34790001204237,177.67730712890625,102.7121810913086,3.6088082790374756,False,6.90452766418457,False,15,0,15,double,2.1186435198655156,127.11861119193094,JUMPING,256.10494445800776,175.72938079833986
214,8.56,0.7845659255981445,55.51090001245029,182.73118591308594,109.23258209228516,6.562660217285156,False,7.044258117675781,False,15,0,15,double,2.1186435198655156,127.11861119193094,JUMPING,256.218579711914,170.45369110107424
215,8.6,0.8500245809555054,47.58929999661632,188.3663330078125,113.12371063232422,3.891453742980957,False,6.603693962097168,False,15,0,15,double,2.1186435198655156,127.11861119193094,JUMPING,256.2235784912109,168.97674942016602
216,8.64,0.8569790720939636,49.65870000887662,190.02394104003906,115.6756591796875,2.577883005142212,True,5.606471538543701,False,15,0,15,double,2.1186435198655156,127.11861119193094,JUMPING,256.2235784912109,169.32022247314455
217,8.68,0.8753446936607361,56.38650001492351,188.39370727539062,113.45775604248047,2.2187905311584473,False,5.549439430236816,False,15,0,15,double,2.1186435198655156,127.11861119193094,JUMPING,256.1103924560547,175.57132797241212
218,8.72,0.34440770745277405,41.728500014869496,183.6304931640625,109.37469482421875,4.085657119750977,False,5.952848434448242,False,15,0,15,double,2.1186435198655156,127.11861119193094,JUMPING,256.06698272705074,179.7924789428711
219,8.76,0.9027195572853088,53.16589999711141,180.5912322998047,106.82733917236328,2.5735716819763184,False,6.374515056610107,False,15,0,15,double,2.1186435198655156,127.11861119193094,JUMPING,256.06698272705074,178.55796661376954
220,8.8,0.8471945524215698,45.99350001080893,176.1265869140625,103.28571319580078,3.8286192417144775,False,2.027634859085083,True,15,0,15,double,2.1186435198655156,127.11861119193094,JUMPING,256.06698272705074,174.7718490600586
221,8.84,0.5996182560920715,56.13829998765141,172.76983642578125,99.3856430053711,4.145244121551514,False,4.523316383361816,True,15,0,15,double,2.1186435198655156,127.11861119193094,JUMPING,256.06698272705074,174.73082733154297
222,8.88,0.8275312185287476,43.42440000618808,170.85845947265625,96.64493560791016,2.7448320388793945,False,7.561844348907471,True,15,0,15,double,2.1186435198655156,127.11861119193094,JUMPING,256.06698272705074,175.2369354248047
223,8.92,0.8903213143348694,38.13229998922907,170.31680297851562,96.59879302978516,0.059477414935827255,False,8.182247161865234,True,15,0,15,double,2.1186435198655156,127.11861119193094,JUMPING,256.06698272705074,175.55686798095704
224,8.96,0.7977418303489685,50.790100009180605,171.44619750976562,99.5425033569336,2.9547276496887207,False,2.9565818309783936,True,15,0,15,double,2.1186435198655156,127.11861119193094,JUMPING,256.06698272705074,177.27452697753907
225,9.0,0.5187063217163086,68.41340000391938,174.59376525878906,103.21796417236328,3.678776264190674,False,6.723567485809326,False,16,0,16,double,2.1186439211822075,127.11863527093244,JUMPING,256.06698272705074,173.1170654296875
226,9.04,0.6696881055831909,39.22989999409765,176.982666015625,105.1128158569336,1.9028033018112183,False,3.0374741554260254,False,16,0,16,double,2.1186439211822075,127.11863527093244,JUMPING,256.06698272705074,175.72046813964846
227,9.08,0.792198896408081,44.21059999731369,181.37417602539062,108.16951751708984,3.1068966388702393,False,6.429243087768555,False,16,0,16,double,2.1186439211822075,127.11863527093244,JUMPING,256.06698272705074,170.92581024169922
228,9.12,0.8644875288009644,57.67259999993257,185.360107421875,113.2247543334961,5.0572829246521,False,7.2273783683776855,False,16,0,16,double,2.1186439211822075,127.11863527093244,JUMPING,255.90779663085937,168.25512619018556
229,9.16,0.8655352592468262,62.63810000382364,184.5601348876953,109.34695434570312,3.888136625289917,False,5.919458389282227,False,16,0,16,double,2.1186439211822075,127.11863527093244,JUMPING,255.676965637207,175.857666015625
230,9.2,0.8667237758636475,60.149500000989065,180.20550537109375,107.17324829101562,2.4818050861358643,False,6.312076568603516,False,16,0,16,double,2.1186439211822075,127.11863527093244,JUMPING,255.5093481445312,180.77295532226563
231,9.24,0.87430739402771,63.971900002798066,177.19178771972656,105.92078399658203,1.355075716972351,False,6.519687652587891,True,16,0,16,double,2.1186439211822075,127.11863527093244,JUMPING,255.5093481445312,180.99713134765628
232,9.28,0.8466413617134094,60.183500027051196,174.89910888671875,100.52497100830078,5.55436372756958,False,8.162158966064453,True,16,0,16,double,2.1186439211822075,127.11863527093244,JUMPING,255.5093481445312,179.9916961669922
233,9.32,0.7847385406494141,63.53860002127476,172.91806030273438,97.37347412109375,3.1607487201690674,False,8.021076202392578,True,16,0,16,double,2.1186439211822075,127.11863527093244,JUMPING,255.5093481445312,177.85807952880862
234,9.36,0.7416977882385254,62.55279999459162,170.47254943847656,96.11749267578125,1.327323079109192,False,7.229187965393066,True,16,0,16,double,2.1186439211822075,127.11863527093244,JUMPING,255.5093481445312,175.77595825195314
235,9.4,0.8802511096000671,68.23970002005808,170.23712158203125,95.72020721435547,0.42183542251586914,False,7.495973587036133,True,16,0,16,double,2.1186439211822075,127.11863527093244,JUMPING,255.5093481445312,178.92324295043946
236,9.44,0.7781643867492676,60.03419999615289,170.23895263671875,96.58184814453125,0.8884425163269043,False,8.070796966552734,True,16,0,16,double,2.1186439211822075,127.11863527093244,JUMPING,255.5093481445312,178.28743133544924
237,9.48,0.8845670223236084,51.84759999974631,171.65158081054688,98.46395874023438,1.8926182985305786,False,8.90152645111084,False,17,0,17,double,2.118644322499051,127.11865934994307,JUMPING,255.5093481445312,178.53740539550782
238,9.52,0.7594501972198486,57.73260002024472,178.28213500976562,104.93904876708984,6.4772186279296875,False,9.02470588684082,False,17,0,17,double,2.118644322499051,127.11865934994307,JUMPING,255.5093481445312,172.54514465332034
239,9.56,0.7177945375442505,60.74529999750666,184.92803955078125,109.46697235107422,4.552201271057129,False,8.983199119567871,False,17,0,17,double,2.118644322499051,127.11865934994307,JUMPING,255.66076629638673,169.54314804077148
240,9.6,0.5911329388618469,55.63679998158477,189.8207550048828,112.25923919677734,2.798441171646118,False,7.682980060577393,False,17,0,17,double,2.118644322499051,127.11865934994307,JUMPING,255.66076629638673,170.8471321105957
241,9.64,0.7299429178237915,52.58469999535009,192.3558807373047,113.17950439453125,0.9214863777160645,False,6.196950435638428,False,17,0,17,double,2.118644322499051,127.11865934994307,JUMPING,255.62866302490232,172.59953536987305
242,9.68,0.8843339085578918,52.29950000648387,187.17141723632812,109.5257339477539,3.672741651535034,False,7.335231304168701,False,17,0,17,double,2.118644322499051,127.11865934994307,JUMPING,255.6132080078125,179.26340103149417
243,9.72,0.8917722702026367,54.04149999958463,183.15853881835938,106.77953338623047,2.76041841506958,False,7.342347621917725,False,17,0,17,double,2.118644322499051,127.11865934994307,JUMPING,255.53536071777341,178.8943313598633
244,9.76,0.7740088701248169,56.79630002123304,179.31283569335938,102.2757339477539,4.503825664520264,False,8.594721794128418,True,17,0,17,double,2.118644322499051,127.11865934994307,JUMPING,255.53536071777341,177.35771179199222
245,9.8,0.8864403963088989,61.78889999864623,174.40762329101562,98.43646240234375,3.853487491607666,False,9.451794624328613,True,17,0,17,double,2.118644322499051,127.11865934994307,JUMPING,255.53536071777341,175.69297485351564
246,9.84,0.8708573579788208,66.38619999284856,171.49859619140625,96.59591674804688,1.9331209659576416,False,9.237785339355469,True,17,0,17,double,2.118644322499051,127.11865934994307,JUMPING,255.53536071777341,174.26021881103517
247,9.88,0.8631162643432617,69.49230001191609,170.37646484375,95.6934585571289,1.0579842329025269,False,8.777326583862305,True,17,0,17,double,2.118644322499051,127.11865934994307,JUMPING,255.53536071777341,176.13367309570313
248,9.92,0.8852292895317078,44.341999979224056,170.05311584472656,95.3283462524414,0.3674982786178589,False,8.113375663757324,True,17,0,17,double,2.118644322499051,127.11865934994307,JUMPING,255.53536071777341,177.81067123413087
249,9.96,0.8056774139404297,45.71030000806786,170.56991577148438,97.04434967041016,1.727405071258545,False,4.501412868499756,True,17,0,17,double,2.118644322499051,127.11865934994307,JUMPING,255.53536071777341,176.75156707763674
250,10.0,0.9057502746582031,68.0941000173334,173.6537322998047,100.25960540771484,3.2285332679748535,False,7.469901084899902,False,18,0,18,double,2.083333250549108,124.99999503294647,JUMPING,255.53536071777341,176.51930084228516
251,10.04,0.8315551280975342,62.638500006869435,179.45758056640625,104.470458984375,4.212533950805664,False,8.786214828491211,False,18,0,18,double,2.083333250549108,124.99999503294647,JUMPING,255.30668853759767,174.30954895019534
252,10.08,0.7053406238555908,44.619300024351105,186.4048309326172,110.78863525390625,6.321894645690918,False,7.674440860748291,False,18,0,18,double,2.083333250549108,124.99999503294647,JUMPING,255.29625518798827,170.03326034545898
253,10.12,0.6902323365211487,42.43040000437759,191.1766357421875,114.0069808959961,3.23801589012146,False,6.760725498199463,False,18,0,18,double,2.083333250549108,124.99999503294647,JUMPING,255.53112731933595,169.24217376708987
254,10.16,0.8466059565544128,40.37319999770261,191.4239501953125,110.6423568725586,3.3964743614196777,False,5.62094783782959,False,18,0,18,double,2.083333250549108,124.99999503294647,JUMPING,255.58226440429684,174.30530242919923
255,10.2,0.901943027973175,50.360400025965646,187.78155517578125,107.13175201416016,3.5110039710998535,False,5.865484237670898,False,18,0,18,double,2.083333250549108,124.99999503294647,JUMPING,255.58226440429684,179.3951271057129
256,10.24,0.8777154684066772,57.50799999805167,182.4168701171875,102.93887329101562,4.208802700042725,False,7.460082530975342,True,18,0,18,double,2.083333250549108,124.99999503294647,JUMPING,255.58226440429684,177.48412551879883
257,10.28,0.8289768099784851,49.70910001429729,177.07662963867188,98.76505279541016,4.175327301025391,False,8.956588745117188,True,18,0,18,double,2.083333250549108,124.99999503294647,JUMPING,255.58226440429684,176.21685791015628
258,10.32,0.7763798236846924,55.855900020105764,173.4063720703125,96.20944213867188,2.5604538917541504,False,9.279789924621582,True,18,0,18,double,2.083333250549108,124.99999503294647,JUMPING,255.58226440429684,177.37250747680665
259,10.36,0.8029128313064575,40.39910002029501,171.12322998046875,95.56723022460938,0.6440544724464417,False,9.16167163848877,True,18,0,18,double,2.083333250549108,124.99999503294647,JUMPING,255.58226440429684,176.3642860412598
260,10.4,0.8442404270172119,70.55110001238063,170.89466857910156,96.2920913696289,0.9391517043113708,False,9.315079689025879,True,18,0,18,double,2.083333250549108,124.99999503294647,JUMPING,255.58226440429684,178.64562454223633
261,10.44,0.8393293619155884,50.634699990041554,172.54025268554688,99.79984283447266,3.5821304321289062,False,8.96457576751709,True,18,0,18,double,2.083333250549108,124.99999503294647,JUMPING,255.58226440429684,181.5632194519043
262,10.48,0.6105090379714966,58.94990000524558,179.82069396972656,107.5858154296875,7.930241584777832,False,9.073307991027832,False,19,0,19,double,2.049180680274768,122.95084081648608,JUMPING,255.74213836669918,174.84337692260743
263,10.52,0.5206617116928101,46.79980000946671,186.6864013671875,111.13531494140625,3.7393808364868164,False,6.883073329925537,False,19,0,19,double,2.049180680274768,122.95084081648608,JUMPING,255.7429211425781,170.83470306396487
264,10.56,0.8386213183403015,50.59349999646656,189.99603271484375,113.45122528076172,2.3378124237060547,False,6.129990577697754,False,19,0,19,double,2.049180680274768,122.95084081648608,JUMPING,255.7429211425781,171.827742767334
265,10.6,0.8886560797691345,46.31389997666702,189.48590087890625,110.5096664428711,3.058236598968506,False,3.715392827987671,False,19,0,19,double,2.049180680274768,122.95084081648608,JUMPING,255.74213836669918,176.31001281738284
266,10.64,0.8856830596923828,57.315100013511255,188.78343200683594,108.0561752319336,2.4782488346099854,False,2.894108772277832,False,19,0,19,double,2.049180680274768,122.95084081648608,JUMPING,255.69323089599607,177.67012481689454
267,10.68,0.8901432752609253,55.854399979580194,186.68276977539062,104.65524291992188,3.437251091003418,False,4.002854824066162,False,19,0,19,double,2.049180680274768,122.95084081648608,JUMPING,255.69323089599607,179.78182907104494
268,10.72,0.8591180443763733,51.497999986168,181.62635803222656,101.37808990478516,3.334299087524414,False,4.529730319976807,True,19,0,19,double,2.049180680274768,122.95084081648608,JUMPING,255.69323089599607,174.93992233276367
269,10.76,0.8522614240646362,48.117300000740215,177.3377685546875,98.7703628540039,2.608736753463745,False,5.911908149719238,True,19,0,19,double,2.049180680274768,122.95084081648608,JUMPING,255.69323089599607,172.3548568725586
270,10.8,0.8927335143089294,57.51179999788292,174.46185302734375,97.43216705322266,1.338232398033142,False,7.159520626068115,True,19,0,19,double,2.049180680274768,122.95084081648608,JUMPING,255.69323089599607,176.1439956665039
271,10.84,0.895869791507721,44.45280000800267,174.06625366210938,98.22030639648438,0.7898550629615784,False,7.622292518615723,True,19,0,19,double,2.049180680274768,122.95084081648608,JUMPING,255.69323089599607,177.8263900756836
272,10.88,0.8945344686508179,37.706199975218624,175.5677490234375,100.38619232177734,2.1915061473846436,False,7.466270923614502,True,19,0,19,double,2.049180680274768,122.95084081648608,JUMPING,255.69323089599607,180.60591430664064
273,10.92,0.896612286567688,55.98689999897033,176.9471435546875,101.82686614990234,1.4457859992980957,False,8.11288070678711,False,20,0,20,double,2.083333638600222,125.00001831601332,JUMPING,255.69323089599607,179.91280822753907
274,10.96,0.8057259321212769,58.60309998388402,182.3226318359375,107.47137451171875,5.6451520919799805,False,7.780601501464844,False,20,0,20,double,2.083333638600222,125.00001831601332,JUMPING,255.69323089599607,170.7526512145996
275,11.0,0.5689684152603149,62.89260002085939,187.2053985595703,111.2038345336914,3.73370099067688,False,7.518062114715576,False,20,0,20,double,2.083333638600222,125.00001831601332,JUMPING,255.74213836669918,170.4068786621094
276,11.04,0.7017164826393127,78.184300014982,189.50363159179688,112.51113891601562,1.3207459449768066,False,5.740267753601074,False,20,0,20,double,2.083333638600222,125.00001831601332,JUMPING,255.6910012817383,172.59283828735352
277,11.08,0.7186169624328613,143.21149999159388,190.82958984375,113.2146224975586,0.7343705892562866,False,5.03973388671875,False,20,0,20,double,2.083333638600222,125.00001831601332,JUMPING,255.64822967529295,172.23367996215822
278,11.12,0.8560939431190491,58.56949998997152,186.9507293701172,107.45471954345703,5.775390148162842,False,5.772757530212402,False,20,0,20,double,2.083333638600222,125.00001831601332,JUMPING,255.52178985595702,177.21697235107425
279,11.16,0.7954089641571045,48.63100001239218,181.63754272460938,103.35110473632812,4.109184265136719,False,6.574798107147217,True,20,0,20,double,2.083333638600222,125.00001831601332,JUMPING,255.52178985595702,172.99274139404298
280,11.2,0.7889451384544373,58.262100006686524,177.9326171875,101.17972564697266,2.1734089851379395,False,7.637106418609619,True,20,0,20,double,2.083333638600222,125.00001831601332,JUMPING,255.52178985595702,172.80016250610353
281,11.24,0.8448807597160339,41.04959999676794,175.83285522460938,99.73223876953125,1.5201205015182495,False,6.234828472137451,True,20,0,20,double,2.083333638600222,125.00001831601332,JUMPING,255.52178985595702,172.35885162353517
282,11.28,0.8674807548522949,38.37460000067949,176.0578155517578,99.86211395263672,0.13028839230537415,False,7.153410911560059,True,20,0,20,double,2.083333638600222,125.00001831601332,JUMPING,255.52178985595702,173.85631256103517
283,11.32,0.897604763507843,55.62780000036582,176.74046325683594,100.47713470458984,0.6181852221488953,False,7.283938884735107,True,20,0,20,double,2.083333638600222,125.00001831601332,JUMPING,255.52178985595702,173.50699005126955
284,11.36,0.8806828856468201,57.75329997413792,178.4008026123047,101.89215850830078,1.4150581359863281,False,8.0523099899292,True,20,0,20,double,2.083333638600222,125.00001831601332,JUMPING,255.52178985595702,175.3154037475586
285,11.4,0.8501635789871216,55.05209998227656,180.75787353515625,104.8910903930664,3.0083351135253906,False,8.315143585205078,False,21,0,21,double,2.083333638600222,125.00001831601332,JUMPING,255.52178985595702,173.740389251709
286,11.44,0.7872418165206909,47.79809998581186,186.38186645507812,110.06876373291016,5.179308891296387,False,6.982497215270996,False,21,0,21,double,2.083333638600222,125.00001831601332,JUMPING,255.64822967529295,167.60060806274416
287,11.48,0.7882815599441528,43.319900025380775,190.01116943359375,113.0770263671875,3.00903582572937,False,6.905861854553223,False,21,0,21,double,2.083333638600222,125.00001831601332,JUMPING,255.80993865966798,166.64389038085938
288,11.52,0.8472784757614136,38.96949999034405,191.28793334960938,114.78680419921875,1.8339320421218872,False,4.18393087387085,False,21,0,21,double,2.083333638600222,125.00001831601332,JUMPING,255.80993865966798,169.41341094970704
289,11.56,0.4904867112636566,54.10680000204593,189.86463928222656,111.1553726196289,3.6321213245391846,False,3.0672733783721924,False,21,0,21,double,2.083333638600222,125.00001831601332,JUMPING,255.75177795410156,175.62993164062502
290,11.6,0.8750157952308655,54.52790000708774,183.30972290039062,105.8520736694336,5.309301376342773,False,4.423759937286377,True,21,0,21,double,2.083333638600222,125.00001831601332,JUMPING,255.57069732666014,172.64084243774414
291,11.64,0.8846623301506042,49.35830002068542,178.9754638671875,103.15180206298828,2.7079195976257324,False,5.499271869659424,True,21,0,21,double,2.083333638600222,125.00001831601332,JUMPING,255.42848144531249,172.3404724121094
292,11.68,0.890496015548706,53.07819999870844,174.7637939453125,98.82120513916016,4.335267066955566,False,7.838573455810547,True,21,0,21,double,2.083333638600222,125.00001831601332,JUMPING,255.42848144531249,173.45599822998048
293,11.72,0.8743391036987305,64.79450000915676,172.753662109375,96.995849609375,1.856724739074707,False,8.693307876586914,True,21,0,21,double,2.083333638600222,125.00001831601332,JUMPING,255.42848144531249,173.11286087036135
294,11.76,0.8953345417976379,58.93269999069162,172.65603637695312,97.6281509399414,0.663791835308075,False,8.256864547729492,True,21,0,21,double,2.083333638600222,125.00001831601332,JUMPING,255.42848144531249,174.7998794555664
295,11.8,0.9008983373641968,52.43559999507852,174.1400146484375,101.0617904663086,3.448535442352295,False,8.52303409576416,True,21,0,21,double,2.083333638600222,125.00001831601332,JUMPING,255.42848144531249,176.99405517578126
296,11.84,0.84993577003479,53.86419998831116,177.6099853515625,103.03772735595703,1.9759398698806763,False,6.842526912689209,False,22,0,22,double,2.1186435198655156,127.11861119193094,JUMPING,255.42848144531249,176.6070594787598
297,11.88,0.8476772308349609,52.93030000757426,179.62667846679688,104.01153564453125,0.9739760160446167,False,6.799774646759033,False,22,0,22,double,2.1186435198655156,127.11861119193094,JUMPING,255.42848144531249,175.2231300354004
298,11.92,0.742275595664978,62.14880000334233,186.27171325683594,109.25069427490234,5.244928359985352,False,5.324712753295898,False,22,0,22,double,2.1186435198655156,127.11861119193094,JUMPING,255.42848144531249,170.0437423706055
299,11.96,0.7827356457710266,56.30510000628419,189.7120361328125,112.4936294555664,3.2429466247558594,False,4.764642715454102,False,22,0,22,double,2.1186435198655156,127.11861119193094,JUMPING,255.41007019042968,169.4908889770508
300,12.0,0.8532915115356445,59.31480001891032,188.54476928710938,108.99880981445312,3.4950554370880127,False,3.132814884185791,False,22,0,22,double,2.1186435198655156,127.11861119193094,JUMPING,255.13705291748045,179.24407348632815
301,12.04,0.8760638236999512,56.55139998998493,186.36920166015625,106.45586395263672,2.557591676712036,False,5.0524468421936035,False,22,0,22,double,2.1186435198655156,127.11861119193094,JUMPING,254.8720492553711,180.79871978759766
302,12.08,0.8621755242347717,55.16719998558983,184.40875244140625,105.15592193603516,1.3396825790405273,False,6.308176040649414,False,22,0,22,double,2.1186435198655156,127.11861119193094,JUMPING,254.7930209350586,178.59922332763674
303,12.12,0.7952835559844971,47.30430000927299,180.4449462890625,101.931884765625,3.26419734954834,False,7.0101237297058105,True,22,0,22,double,2.1186435198655156,127.11861119193094,JUMPING,254.68632080078123,177.56303024291995
304,12.16,0.8736541271209717,50.55389998597093,177.27102661132812,98.49918365478516,3.4371490478515625,False,7.611464977264404,True,22,0,22,double,2.1186435198655156,127.11861119193094,JUMPING,254.68632080078123,175.01839904785157
305,12.2,0.8599238991737366,61.5811999887228,174.52838134765625,97.68741607666016,0.9255110025405884,False,7.631855487823486,True,22,0,22,double,2.1186435198655156,127.11861119193094,JUMPING,254.68632080078123,175.78986434936525
306,12.24,0.8729225397109985,48.29440001049079,173.24192810058594,98.44792938232422,0.7973730564117432,False,7.670795917510986,True,22,0,22,double,2.1186435198655156,127.11861119193094,JUMPING,254.68632080078123,175.84130935668946
307,12.28,0.7056164741516113,64.57739998586476,175.34925842285156,100.20719146728516,1.7593294382095337,False,6.99224853515625,False,23,0,23,double,2.192982741642784,131.57896449856702,JUMPING,254.68632080078123,178.28789291381838
308,12.32,0.7453665137290955,64.86620000214316,179.22607421875,103.1612548828125,2.954082489013672,False,7.053671836853027,False,23,0,23,double,2.192982741642784,131.57896449856702,JUMPING,254.7930209350586,175.9383499145508
309,12.36,0.6839837431907654,39.64740000083111,184.14578247070312,107.4181137084961,4.271125793457031,False,5.893291473388672,False,23,0,23,double,2.192982741642784,131.57896449856702,JUMPING,255.21169708251952,171.1368606567383
310,12.4,0.633733868598938,37.470700015546754,188.55868530273438,110.0992202758789,2.691347122192383,False,6.803774833679199,False,23,0,23,double,2.192982741642784,131.57896449856702,JUMPING,255.77838409423822,171.8504020690918
311,12.44,0.8509497046470642,52.935400017304346,188.99758911132812,112.40496826171875,2.680591583251953,False,3.747098445892334,False,23,0,23,double,2.192982741642784,131.57896449856702,JUMPING,255.9033306884765,175.3752494812012
312,12.48,0.8781952857971191,52.18179998337291,186.7955780029297,107.82146453857422,4.592577934265137,False,5.5448689460754395,False,23,0,23,double,2.192982741642784,131.57896449856702,JUMPING,255.74536376953125,179.0536849975586
313,12.52,0.8098835945129395,36.729899991769344,182.4135284423828,103.49372100830078,4.355762958526611,False,7.578794002532959,False,23,0,23,double,2.192982741642784,131.57896449856702,JUMPING,255.69810882568356,178.93485794067385
314,12.56,0.8295152187347412,56.66719999862835,179.5740966796875,100.82735443115234,2.670609712600708,False,8.40935230255127,False,23,0,23,double,2.192982741642784,131.57896449856702,JUMPING,255.53188110351562,180.6718276977539
315,12.6,0.8683953285217285,48.11059997882694,175.31982421875,97.55645751953125,3.329143762588501,False,8.34615707397461,True,23,0,23,double,2.192982741642784,131.57896449856702,JUMPING,255.53188110351562,174.47126922607424
316,12.64,0.8881849050521851,45.3177000163123,173.0094451904297,96.12056732177734,1.496434211730957,False,8.459091186523438,True,23,0,23,double,2.192982741642784,131.57896449856702,JUMPING,255.53188110351562,174.38756408691407
317,12.68,0.9097477793693542,42.059600003995,172.63650512695312,95.8366928100586,0.4889352023601532,False,7.533321857452393,True,23,0,23,double,2.192982741642784,131.57896449856702,JUMPING,255.53188110351562,176.69525451660158
318,12.72,0.878783643245697,50.91059999540448,174.06263732910156,99.43962860107422,3.7658746242523193,False,8.38896656036377,True,23,0,23,double,2.192982741642784,131.57896449856702,JUMPING,255.53188110351562,177.9424644470215
319,12.76,0.8800034523010254,51.30659998394549,177.0493927001953,102.04913330078125,2.687638759613037,False,8.072214126586914,False,24,0,24,double,2.1929817383715102,131.57890430229062,JUMPING,255.53188110351562,178.4508888244629
320,12.8,0.8511895537376404,44.19190000044182,179.29833984375,104.92658233642578,2.9329373836517334,False,7.520536422729492,False,24,0,24,double,2.1929817383715102,131.57890430229062,JUMPING,255.69810882568356,177.861629486084
321,12.84,0.8080264329910278,43.473900004755706,183.19125366210938,107.7438735961914,2.8183982372283936,False,8.00914192199707,False,24,0,24,double,2.1929817383715102,131.57890430229062,JUMPING,255.82146057128904,173.6605110168457
322,12.88,0.5930582284927368,44.44500000681728,188.2050018310547,111.60237884521484,3.868401050567627,False,4.5220746994018555,False,24,0,24,double,2.1929817383715102,131.57890430229062,JUMPING,256.1671923828125,173.82400207519532
323,12.92,0.7859609723091125,45.21859998931177,189.49127197265625,111.087890625,0.5257395505905151,False,4.762696266174316,False,24,0,24,double,2.1929817383715102,131.57890430229062,JUMPING,255.86247192382814,177.64064254760743
324,12.96,0.8995267152786255,37.46919997502118,186.25460815429688,109.29647064208984,1.802987813949585,False,5.77340841293335,False,24,0,24,double,2.1929817383715102,131.57890430229062,JUMPING,255.59838897705077,179.17871398925783
325,13.0,0.8621499538421631,48.30289998790249,182.61099243164062,107.10653686523438,2.1926138401031494,False,7.225712776184082,False,24,0,24,double,2.1929817383715102,131.57890430229062,JUMPING,255.57914001464843,176.97259597778321
326,13.04,0.8789845705032349,62.15599999995902,177.93130493164062,102.55615997314453,4.550799369812012,False,8.235148429870605,True,24,0,24,double,2.1929817383715102,131.57890430229062,JUMPING,255.57914001464843,173.02096481323244
327,13.08,0.8907163739204407,48.45599998952821,174.53468322753906,99.29483795166016,3.283043146133423,False,8.430746078491211,True,24,0,24,double,2.1929817383715102,131.57890430229062,JUMPING,255.57914001464843,173.17366333007814
328,13.12,0.8986983299255371,59.45949998567812,172.74234008789062,97.90768432617188,1.4159454107284546,False,8.918657302856445,True,24,0,24,double,2.1929817383715102,131.57890430229062,JUMPING,255.57914001464843,172.64342727661133
329,13.16,0.8977760076522827,52.24920000182465,171.5640869140625,97.61239624023438,0.370358943939209,False,8.493602752685547,True,24,0,24,double,2.1929817383715102,131.57890430229062,JUMPING,255.57914001464843,172.32669219970705
330,13.2,0.9054723978042603,46.22630000812933,174.79847717285156,100.264404296875,2.652794122695923,False,8.878425598144531,True,24,0,24,double,2.1929817383715102,131.57890430229062,JUMPING,255.57914001464843,177.76762695312502
331,13.24,0.8738522529602051,39.27579999435693,179.19479370117188,105.04681396484375,4.79882287979126,False,8.256940841674805,False,25,0,25,double,2.1551727526572564,129.31036515943538,JUMPING,255.57914001464843,174.2150260925293
332,13.28,0.862505316734314,50.23029999574646,184.3079833984375,110.1946029663086,5.156754016876221,False,7.6614203453063965,False,25,0,25,double,2.1551727526572564,129.31036515943538,JUMPING,255.59838897705077,169.9058563232422
333,13.32,0.6856681108474731,47.994199994718656,189.79241943359375,113.16864013671875,2.975869655609131,False,6.31665563583374,False,25,0,25,double,2.1551727526572564,129.31036515943538,JUMPING,255.62639495849612,168.3978042602539
334,13.36,0.805858314037323,39.65059999609366,191.2861328125,115.78423309326172,2.6171350479125977,False,4.886640548706055,False,25,0,25,double,2.1551727526572564,129.31036515943538,JUMPING,255.62639495849612,168.83874588012696
335,13.4,0.8054376840591431,47.32810001587495,192.2462158203125,116.48450469970703,0.7124720811843872,False,4.532803535461426,False,25,0,25,double,2.1551727526572564,129.31036515943538,JUMPING,255.62639495849612,168.3337455749512
336,13.44,0.8714057207107544,56.15869999746792,188.8282470703125,113.03214263916016,3.456413984298706,False,3.8686864376068115,False,25,0,25,double,2.1551727526572564,129.31036515943538,JUMPING,255.62639495849612,174.30539474487307
337,13.48,0.8801311254501343,45.84679999970831,185.94679260253906,110.02020263671875,3.0134403705596924,False,6.011558532714844,False,25,0,25,double,2.1551727526572564,129.31036515943538,JUMPING,255.62639495849612,174.43070068359376
338,13.52,0.8980622291564941,45.76929999166168,179.70343017578125,105.1806869506836,4.873942852020264,False,8.00795841217041,True,25,0,25,double,2.1551727526572564,129.31036515943538,JUMPING,255.62639495849612,171.37031860351564
339,13.56,0.906888484954834,57.35469999490306,176.09402465820312,103.454345703125,1.852189064025879,False,8.777308464050293,True,25,0,25,double,2.1551727526572564,129.31036515943538,JUMPING,255.62639495849612,171.56737899780273
340,13.6,0.9049053192138672,46.98419998749159,174.4395294189453,102.8387451171875,0.7129061222076416,False,9.065826416015625,True,25,0,25,double,2.1551727526572564,129.31036515943538,JUMPING,255.62639495849612,172.02478637695313
341,13.64,0.8805063962936401,60.39330002386123,175.44332885742188,102.4099349975586,0.8634350895881653,False,8.24250316619873,True,25,0,25,double,2.1551727526572564,129.31036515943538,JUMPING,255.62639495849612,173.02764511108398
342,13.68,0.8970876336097717,41.6350000014063,177.33932495117188,103.36407470703125,1.2252105474472046,False,7.7062177658081055,False,26,0,26,double,2.1929817383715102,131.57890430229062,JUMPING,255.62639495849612,174.05855102539064
343,13.72,0.8988088369369507,52.51690000295639,178.97491455078125,104.14312744140625,0.8536093831062317,False,7.795179843902588,False,26,0,26,double,2.1929817383715102,131.57890430229062,JUMPING,255.62639495849612,173.95597152709962
344,13.76,0.8752540349960327,38.363699975889176,184.47467041015625,109.3508529663086,5.212625503540039,False,5.5864057540893555,False,26,0,26,double,2.1929817383715102,131.57890430229062,JUMPING,255.62639495849612,166.73189239501954
345,13.8,0.8789383769035339,47.25329999928363,189.83792114257812,112.45075225830078,3.100867748260498,False,3.636996030807495,False,26,0,26,double,2.1929817383715102,131.57890430229062,JUMPING,255.62639495849612,165.92965240478517
346,13.84,0.8787975907325745,61.11280000186525,191.89361572265625,113.92679595947266,1.4915930032730103,False,3.2083327770233154,False,26,0,26,double,2.1929817383715102,131.57890430229062,JUMPING,255.5289337158203,167.83869018554688
347,13.88,0.9119066596031189,53.65610000444576,190.34130859375,111.44680786132812,2.5196287631988525,False,2.3793842792510986,False,26,0,26,double,2.1929817383715102,131.57890430229062,JUMPING,255.35223541259762,173.89599990844727
348,13.92,0.9018441438674927,55.98139998619445,189.96316528320312,111.4080581665039,0.04728122428059578,False,2.200955390930176,False,26,0,26,double,2.1929817383715102,131.57890430229062,JUMPING,255.193388671875,173.700114440918
349,13.96,0.903159499168396,53.18050002097152,184.0567626953125,107.46147918701172,3.9763858318328857,False,4.652146339416504,True,26,0,26,double,2.1929817383715102,131.57890430229062,JUMPING,255.1176287841797,170.11657943725587
350,14.0,0.9046882390975952,50.652200006879866,178.4608612060547,103.76679229736328,3.7281532287597656,False,7.897078990936279,True,26,0,26,double,2.1929817383715102,131.57890430229062,JUMPING,255.1176287841797,170.11207275390626
351,14.04,0.9075477719306946,45.509499992476776,174.860595703125,101.16397857666016,2.652176856994629,False,8.58315372467041,True,26,0,26,double,2.1929817383715102,131.57890430229062,JUMPING,255.1176287841797,170.2331069946289
352,14.08,0.9081758260726929,59.2391999962274,173.03689575195312,99.980224609375,1.2327227592468262,False,8.580394744873047,True,26,0,26,double,2.1929817383715102,131.57890430229062,JUMPING,255.1176287841797,170.56775131225587
353,14.12,0.9090051054954529,49.88879998563789,172.64077758789062,100.51311492919922,0.7012186050415039,False,8.6432523727417,True,26,0,26,double,2.1929817383715102,131.57890430229062,JUMPING,255.1176287841797,169.95186309814454
354,14.16,0.8711186647415161,55.308799986960366,176.68121337890625,103.23499298095703,2.736058235168457,False,7.707953929901123,False,27,0,27,double,2.1551727526572564,129.31036515943538,JUMPING,255.1176287841797,172.79599990844727
355,14.2,0.8444541096687317,44.758700008969754,181.75100708007812,107.70050048828125,4.465739727020264,False,5.422047138214111,False,27,0,27,double,2.1551727526572564,129.31036515943538,JUMPING,255.1176287841797,169.4677345275879
356,14.24,0.8432187438011169,53.523900016443804,187.88565063476562,111.88518524169922,4.187560558319092,False,4.405606269836426,False,27,0,27,double,2.1551727526572564,129.31036515943538,JUMPING,255.193388671875,167.16644744873048
357,14.28,0.88396155834198,65.55450000450946,191.66822814941406,113.88423919677734,2.02099347114563,False,3.639251232147217,False,27,0,27,double,2.1551727526572564,129.31036515943538,JUMPING,255.37068939208984,167.66329879760744
358,14.32,0.8168660402297974,48.64289998658933,191.26657104492188,113.810302734375,0.4655039310455322,False,3.802438735961914,False,27,0,27,double,2.1551727526572564,129.31036515943538,JUMPING,255.193388671875,168.41035919189454
359,14.36,0.8276606202125549,47.61560002225451,190.30929565429688,113.79352569580078,0.6039623022079468,False,3.8785879611968994,False,27,0,27,double,2.1551727526572564,129.31036515943538,JUMPING,255.05365905761715,168.4856300354004
360,14.4,0.9107359051704407,57.44769997545518,185.92388916015625,108.54888916015625,5.290024757385254,False,4.358719825744629,False,27,0,27,double,2.1551727526572564,129.31036515943538,JUMPING,254.88894958496093,171.32647705078125
361,14.44,0.9014600515365601,59.69999998342246,179.85101318359375,104.54611206054688,4.005397796630859,False,6.992240905761719,True,27,0,27,double,2.1551727526572564,129.31036515943538,JUMPING,254.88894958496093,167.80948486328126
362,14.48,0.9130344986915588,57.29169998085126,176.5809326171875,102.0220947265625,2.5401248931884766,False,6.31969690322876,True,27,0,27,double,2.1551727526572564,129.31036515943538,JUMPING,254.88894958496093,169.07942962646484
363,14.52,0.913138747215271,45.952699991175905,174.40383911132812,100.61649322509766,1.4242534637451172,False,6.250491619110107,True,27,0,27,double,2.1551727526572564,129.31036515943538,JUMPING,254.88894958496093,168.4347640991211
364,14.56,0.9179790616035461,67.90329999057576,174.43992614746094,101.55859375,1.001367211341858,False,7.157804489135742,True,27,0,27,double,2.1551727526572564,129.31036515943538,JUMPING,254.88894958496093,169.85147399902345
365,14.6,0.9059640765190125,75.17940000980161,176.51889038085938,103.69662475585938,2.1467478275299072,False,8.145610809326172,True,27,0,27,double,2.1551727526572564,129.31036515943538,JUMPING,254.88894958496093,170.59683074951172
366,14.64,0.8443851470947266,57.261800015112385,180.09872436523438,107.30335235595703,3.6148221492767334,False,7.7163825035095215,False,28,0,28,double,2.1186435198655156,127.11861119193094,JUMPING,254.88894958496093,167.5258743286133
367,14.68,0.7999252080917358,61.15049999789335,184.44479370117188,111.63492584228516,4.331803798675537,False,6.9966888427734375,False,28,0,28,double,2.1186435198655156,127.11861119193094,JUMPING,254.88894958496093,165.5389389038086
368,14.72,0.7526721358299255,46.79449999821372,188.8395233154297,114.2636489868164,2.650423049926758,False,6.319128036499023,False,28,0,28,double,2.1186435198655156,127.11861119193094,JUMPING,254.88894958496093,165.29097061157228
369,14.76,0.8144989013671875,52.12889998801984,191.07568359375,114.3469467163086,0.09271381795406342,False,5.778055667877197,False,28,0,28,double,2.1186435198655156,127.11861119193094,JUMPING,254.7340783691406,164.81982498168946
370,14.8,0.8863353729248047,65.54139999207109,190.14083862304688,116.13162231445312,3.779322624206543,False,4.583942413330078,False,28,0,28,double,2.1186435198655156,127.11861119193094,JUMPING,254.65017028808592,168.89602355957032
371,14.84,0.8954610824584961,67.7834999805782,186.56593322753906,110.75143432617188,5.433750152587891,False,3.87935209274292,True,28,0,28,double,2.1186435198655156,127.11861119193094,JUMPING,254.6409783935547,170.72076034545898
372,14.88,0.8755692839622498,55.676499992841855,182.2281036376953,106.3766860961914,4.480321407318115,False,5.584329605102539,True,28,0,28,double,2.1186435198655156,127.11861119193094,JUMPING,254.6409783935547,168.22393188476565
373,14.92,0.9143064618110657,49.04089999035932,178.43429565429688,102.71527099609375,3.6718242168426514,False,6.620575904846191,True,28,0,28,double,2.1186435198655156,127.11861119193094,JUMPING,254.6201776123047,170.09101638793948
374,14.96,0.8992177844047546,44.94599997997284,176.62969970703125,100.7971420288086,1.9214311838150024,False,7.137508869171143,True,28,0,28,double,2.1186435198655156,127.11861119193094,JUMPING,254.6201776123047,170.2275848388672
375,15.0,0.8926693797111511,40.20499999751337,175.70913696289062,100.69051361083984,0.2858028709888458,False,6.479935646057129,True,28,0,28,double,2.1186435198655156,127.11861119193094,JUMPING,254.6201776123047,169.96508102416993
376,15.04,0.9162150621414185,43.054699985077605,176.45986938476562,101.655029296875,0.9679597020149231,False,6.62746000289917,True,28,0,28,double,2.1186435198655156,127.11861119193094,JUMPING,254.6201776123047,171.6450164794922
377,15.08,0.8945443034172058,50.890999991679564,178.8525390625,104.36492919921875,2.71053409576416,False,6.237683296203613,False,29,0,29,double,2.1551727526572564,129.31036515943538,JUMPING,254.6201776123047,171.94266738891602
378,15.12,0.902147650718689,44.75499998079613,182.9942626953125,108.5560073852539,4.1914777755737305,False,5.454627990722656,False,29,0,29,double,2.1551727526572564,129.31036515943538,JUMPING,254.6201776123047,168.24840393066407
379,15.16,0.8617326021194458,48.46869999892078,187.83160400390625,112.7230453491211,4.172403812408447,False,5.325069904327393,False,29,0,29,double,2.1551727526572564,129.31036515943538,JUMPING,254.6409783935547,167.34243469238282
380,15.2,0.8720555901527405,57.812899991404265,192.04132080078125,114.55099487304688,1.831385850906372,False,4.790106773376465,False,29,0,29,double,2.1551727526572564,129.31036515943538,JUMPING,254.65017028808592,165.5222465515137
381,15.24,0.7133140563964844,48.674599995138124,191.3978271484375,114.57623291015625,0.292153537273407,False,4.355037212371826,False,29,0,29,double,2.1551727526572564,129.31036515943538,JUMPING,254.65017028808592,168.5026580810547
382,15.28,0.85099858045578,130.60249999398366,189.36712646484375,111.23540496826172,3.3859775066375732,False,3.8033995628356934,False,29,0,29,double,2.1551727526572564,129.31036515943538,JUMPING,254.39277832031246,173.31758346557618
383,15.32,0.925998866558075,42.82420000527054,187.08224487304688,108.4995346069336,2.7552385330200195,False,3.774580478668213,False,29,0,29,double,2.1551727526572564,129.31036515943538,JUMPING,254.22076232910155,173.99982986450198
384,15.36,0.9068032503128052,58.58539999462664,181.93179321289062,105.0675048828125,3.4767444133758545,False,5.22060489654541,True,29,0,29,double,2.1551727526572564,129.31036515943538,JUMPING,254.22076232910155,168.9505485534668
385,15.4,0.9198428988456726,61.417699995217845,178.26901245117188,102.69439697265625,2.3756744861602783,False,5.410157203674316,True,29,0,29,double,2.1551727526572564,129.31036515943538,JUMPING,254.2131268310547,169.45315704345705
386,15.44,0.922816276550293,45.61689999536611,176.24464416503906,101.9288558959961,1.2801415920257568,False,5.538451671600342,True,29,0,29,double,2.1551727526572564,129.31036515943538,JUMPING,254.2131268310547,169.73592834472657
387,15.48,0.9220943450927734,54.700099979527295,175.16650390625,101.87236785888672,0.49249282479286194,False,5.3839545249938965,True,29,0,29,double,2.1551727526572564,129.31036515943538,JUMPING,254.2131268310547,168.49254531860353
388,15.52,0.9127829670906067,38.66689998540096,177.34255981445312,103.84271240234375,2.1404340267181396,False,5.636234283447266,True,29,0,29,double,2.1551727526572564,129.31036515943538,JUMPING,254.2131268310547,173.92442474365237
389,15.56,0.8551517724990845,54.38039998989552,180.2147674560547,107.22676849365234,3.393794298171997,False,6.057804107666016,False,30,0,30,double,2.155171783683246,129.31030702099477,JUMPING,254.2131268310547,169.94405822753907
390,15.6,0.873501181602478,56.68579999473877,182.51123046875,109.18531036376953,1.9595469236373901,False,5.878960132598877,False,30,0,30,double,2.155171783683246,129.31030702099477,JUMPING,254.2131268310547,169.40514450073243
391,15.64,0.6275988817214966,46.963000000687316,188.56732177734375,113.12020111083984,3.944187879562378,False,6.109378337860107,False,30,0,30,double,2.155171783683246,129.31030702099477,JUMPING,254.22076232910155,166.9405174255371
392,15.68,0.8634341359138489,43.74120000284165,192.2201385498047,115.6380615234375,2.5367445945739746,False,5.832674503326416,False,30,0,30,double,2.155171783683246,129.31030702099477,JUMPING,254.2726556396484,165.95043182373047
393,15.72,0.8413822054862976,52.563800010830164,190.12904357910156,115.2283706665039,0.4505837857723236,False,4.790471076965332,False,30,0,30,double,2.155171783683246,129.31030702099477,JUMPING,254.22076232910155,170.45371627807617
394,15.76,0.890764594078064,47.574900003382936,188.18768310546875,112.31365966796875,2.9147846698760986,False,5.3497796058654785,False,30,0,30,double,2.155171783683246,129.31030702099477,JUMPING,254.15546142578125,173.5999938964844
395,15.8,0.8883795738220215,62.26129998685792,183.21127319335938,107.70218658447266,4.624672889709473,False,4.87563419342041,True,30,0,30,double,2.155171783683246,129.31030702099477,JUMPING,254.04089935302733,168.8325523376465
396,15.84,0.8729947805404663,44.148000015411526,179.3363800048828,105.6255874633789,2.195925235748291,False,4.403756141662598,True,30,0,30,double,2.155171783683246,129.31030702099477,JUMPING,253.8926922607422,169.24691543579104
397,15.88,0.8876502513885498,47.10179998073727,176.5058135986328,102.916015625,2.7100436687469482,False,5.178200721740723,True,30,0,30,double,2.155171783683246,129.31030702099477,JUMPING,253.8926922607422,169.87968063354492
398,15.92,0.9185138940811157,61.94610000238754,174.0289764404297,101.17129516601562,2.0219290256500244,False,6.225784778594971,True,30,0,30,double,2.155171783683246,129.31030702099477,JUMPING,253.8926922607422,169.18500518798828
399,15.96,0.9065129160881042,58.17319999914616,172.72671508789062,100.4554214477539,1.0058810710906982,False,6.079820156097412,True,30,0,30,double,2.155171783683246,129.31030702099477,JUMPING,253.8926922607422,169.8947364807129
400,16.0,0.834214448928833,62.99310000031255,175.11715698242188,104.0022964477539,3.6603662967681885,False,6.629870414733887,True,30,0,30,double,2.155171783683246,129.31030702099477,JUMPING,253.8926922607422,175.09022903442383
401,16.04,0.8369651436805725,72.9060000157915,178.41354370117188,108.17660522460938,4.192458152770996,False,6.2550883293151855,False,31,0,31,double,2.1186435198655156,127.11861119193094,JUMPING,253.8926922607422,172.03870086669923
402,16.08,0.7248588800430298,62.83579999580979,182.80572509765625,113.13004302978516,4.954281806945801,False,6.103015899658203,False,31,0,31,double,2.1186435198655156,127.11861119193094,JUMPING,253.9336392211914,167.45837478637696
403,16.12,0.7878419160842896,53.89149999246001,187.9593505859375,117.17501068115234,4.055233478546143,False,5.563232421875,False,31,0,31,double,2.1186435198655156,127.11861119193094,JUMPING,254.04089935302733,166.74957504272462
404,16.16,0.713424563407898,55.47849999857135,190.89236450195312,117.9620590209961,0.8943953514099121,False,5.684882164001465,False,31,0,31,double,2.1186435198655156,127.11861119193094,JUMPING,254.15546142578125,166.84097595214845
405,16.2,0.8120251893997192,48.86020001140423,189.69442749023438,115.3586196899414,2.6368935108184814,False,3.948820114135742,False,31,0,31,double,2.1186435198655156,127.11861119193094,JUMPING,254.19308959960938,172.99676971435548
406,16.24,0.8562669157981873,40.00370000721887,187.0919647216797,110.94275665283203,4.419167995452881,False,3.9182231426239014,False,31,0,31,double,2.1186435198655156,127.11861119193094,JUMPING,254.15546142578125,174.66965560913087
407,16.28,0.76571124792099,54.49229999794625,181.40280151367188,105.8727035522461,5.089770793914795,False,4.463974475860596,True,31,0,31,double,2.1186435198655156,127.11861119193094,JUMPING,254.15546142578125,170.6822479248047
408,16.32,0.7618227601051331,61.15339999087155,177.88095092773438,103.6462631225586,2.2347373962402344,False,0.7077422738075256,True,31,0,31,double,2.1186435198655156,127.11861119193094,JUMPING,254.15546142578125,170.66316375732424
409,16.36,0.831748366355896,67.51910000457428,175.20053100585938,103.25531005859375,0.6642656326293945,False,4.75351095199585,True,31,0,31,double,2.1186435198655156,127.11861119193094,JUMPING,254.15546142578125,168.13760833740236
410,16.4,0.8797620534896851,69.09319999977015,173.809814453125,103.07947540283203,0.20003557205200195,False,2.806413412094116,True,31,0,31,double,2.1186435198655156,127.11861119193094,JUMPING,254.15546142578125,169.83712310791017
411,16.44,0.8574944734573364,61.35020000510849,173.29579162597656,102.86861419677734,0.23710955679416656,False,4.642950534820557,True,31,0,31,double,2.1186435198655156,127.11861119193094,JUMPING,254.15546142578125,170.39348449707032
412,16.48,0.8706964254379272,47.966100013582036,175.05978393554688,103.42354583740234,0.5597701668739319,False,5.40995454788208,True,31,0,31,double,2.1186435198655156,127.11861119193094,JUMPING,254.15546142578125,171.18043365478516
413,16.52,0.774161159992218,67.23929999861866,179.99440002441406,108.51449584960938,5.093927383422852,False,6.67441463470459,False,32,0,32,double,2.1186435198655156,127.11861119193094,JUMPING,254.15546142578125,168.21228332519533
414,16.56,0.8139623999595642,68.74819999211468,182.67413330078125,111.23294830322266,2.7214853763580322,False,7.426486015319824,False,32,0,32,double,2.1186435198655156,127.11861119193094,JUMPING,254.24711029052733,168.46727600097657
415,16.6,0.658442497253418,56.4682999975048,188.96266174316406,114.4896011352539,3.269923210144043,False,7.360772609710693,False,32,0,32,double,2.1186435198655156,127.11861119193094,JUMPING,254.38834899902344,165.8616325378418
416,16.64,0.7430538535118103,53.27660002512857,192.89913940429688,116.40760040283203,1.925037145614624,False,7.07035493850708,False,32,0,32,double,2.1186435198655156,127.11861119193094,JUMPING,254.6091180419922,166.02907638549806
417,16.68,0.7034677267074585,43.417799985036254,192.70794677734375,115.34591674804688,1.1473050117492676,False,6.874352931976318,False,32,0,32,double,2.1186435198655156,127.11861119193094,JUMPING,254.79559173583982,168.06627349853517
418,16.72,0.829035758972168,62.73439998039976,188.29296875,110.61849975585938,4.752139091491699,False,7.950357437133789,False,32,0,32,double,2.1186435198655156,127.11861119193094,JUMPING,254.68087615966795,172.09009552001953
419,16.76,0.8510608077049255,65.0354000099469,183.37974548339844,105.65850067138672,4.9628167152404785,False,8.371235847473145,True,32,0,32,double,2.1186435198655156,127.11861119193094,JUMPING,254.68087615966795,170.39706802368164
420,16.8,0.8697379231452942,54.91870001424104,179.88577270507812,102.42407989501953,3.236856460571289,False,8.433940887451172,True,32,0,32,double,2.1186435198655156,127.11861119193094,JUMPING,254.68087615966795,169.9194435119629
421,16.84,0.8887293934822083,56.97209999198094,177.21450805664062,100.68865966796875,1.75935959815979,False,8.643583297729492,True,32,0,32,double,2.1186435198655156,127.11861119193094,JUMPING,254.68087615966795,170.34536285400392
422,16.88,0.8789353370666504,66.51189998956397,176.87030029296875,100.4198989868164,0.29097312688827515,False,6.792115688323975,True,32,0,32,double,2.1186435198655156,127.11861119193094,JUMPING,254.68087615966795,172.86475830078126
423,16.92,0.8283814787864685,75.46650001313537,177.4964599609375,100.78437042236328,0.44838032126426697,False,6.732170581817627,True,32,0,32,double,2.1186435198655156,127.11861119193094,JUMPING,254.68087615966795,174.18023147583008
424,16.96,0.7636106610298157,51.7149000079371,178.67835998535156,102.85055541992188,2.1826045513153076,False,6.448951244354248,False,33,0,33,double,2.1551735832071017,129.3104149924261,JUMPING,254.68087615966795,176.37452468872073
425,17.0,0.7962334156036377,60.92829999397509,181.8512725830078,106.20978546142578,3.4043161869049072,False,5.819244384765625,False,33,0,33,double,2.1551735832071017,129.3104149924261,JUMPING,254.68087615966795,173.45369033813478
426,17.04,0.8268015384674072,53.83799999253824,186.46957397460938,110.86334991455078,4.6651740074157715,False,6.272388458251953,False,33,0,33,double,2.1551735832071017,129.3104149924261,JUMPING,254.84299041748045,168.89537734985353
427,17.08,0.6253008246421814,59.61659998865798,190.62588500976562,113.40581512451172,2.570780038833618,False,5.555522918701172,False,33,0,33,double,2.1551735832071017,129.3104149924261,JUMPING,254.9427194213867,168.3171371459961
428,17.12,0.8425354957580566,53.005099995061755,190.72186279296875,114.58150482177734,1.2309627532958984,False,4.192436218261719,False,33,0,33,double,2.1551735832071017,129.3104149924261,JUMPING,255.02670532226563,169.9626808166504
429,17.16,0.8756721019744873,44.26410002633929,188.12176513671875,112.63931274414062,2.0296406745910645,False,3.640772581100464,False,33,0,33,double,2.1551735832071017,129.3104149924261,JUMPING,255.01870819091795,177.6761756896973
430,17.2,0.8836907744407654,52.806399995461106,186.13687133789062,110.81259155273438,1.8481875658035278,False,3.7313268184661865,False,33,0,33,double,2.1551735832071017,129.3104149924261,JUMPING,255.01870819091795,177.59078369140627
431,17.24,0.9006093740463257,61.58889998914674,180.87008666992188,105.17296600341797,5.643268585205078,False,3.807802200317383,True,33,0,33,double,2.1551735832071017,129.3104149924261,JUMPING,255.01870819091795,173.62267837524416
432,17.28,0.8151418566703796,52.514600014546886,176.66751098632812,101.562744140625,3.6719746589660645,False,3.3457982540130615,True,33,0,33,double,2.1551735832071017,129.3104149924261,JUMPING,255.01870819091795,173.37910766601564
433,17.32,0.8944418430328369,57.315299985930324,174.34449768066406,98.68344116210938,2.995023012161255,False,5.081672191619873,True,33,0,33,double,2.1551735832071017,129.3104149924261,JUMPING,255.01870819091795,173.87034454345704
434,17.36,0.9001759886741638,60.38180002360605,174.3696746826172,97.88256072998047,1.2418394088745117,False,5.239706993103027,True,33,0,33,double,2.1551735832071017,129.3104149924261,JUMPING,255.01870819091795,174.83696517944338
435,17.4,0.887951135635376,52.972599980421364,175.66342163085938,99.0141830444336,1.2118849754333496,False,5.485509395599365,True,33,0,33,double,2.1551735832071017,129.3104149924261,JUMPING,255.01870819091795,176.64424591064454
436,17.44,0.8554463982582092,59.21639999723993,178.58489990234375,101.58966064453125,2.6939501762390137,False,5.579117774963379,False,34,0,34,double,2.1186435198655156,127.11861119193094,JUMPING,255.01870819091795,178.53680114746095
437,17.48,0.8372318744659424,53.49640001077205,182.00762939453125,105.70431518554688,4.13262939453125,False,5.736507892608643,False,34,0,34,double,2.1186435198655156,127.11861119193094,JUMPING,255.02670532226563,176.40693588256838
438,17.52,0.8541922569274902,60.4919999896083,186.91552734375,109.80245208740234,4.148125648498535,False,4.567319869995117,False,34,0,34,double,2.1186435198655156,127.11861119193094,JUMPING,255.07941680908203,170.33003005981448
439,17.56,0.8411188125610352,53.639199992176145,192.34368896484375,112.49127960205078,2.774219036102295,False,3.344299554824829,False,34,0,34,double,2.1186435198655156,127.11861119193094,JUMPING,255.24254455566404,170.1082962036133
440,17.6,0.8553644418716431,56.28950000391342,191.34515380859375,112.59745025634766,0.5434611439704895,False,2.708188772201538,False,34,0,34,double,2.1186435198655156,127.11861119193094,JUMPING,255.07941680908203,174.99584045410157
441,17.64,0.8528197407722473,63.0218000151217,190.28546142578125,112.4073486328125,0.2400854527950287,False,2.229731321334839,False,34,0,34,double,2.1186435198655156,127.11861119193094,JUMPING,254.956018371582,174.40992126464846
442,17.68,0.8625590205192566,40.52169999340549,184.37503051757812,106.72196197509766,5.713201522827148,False,7.043073654174805,True,34,0,34,double,2.1186435198655156,127.11861119193094,JUMPING,254.956018371582,176.78997039794925
443,17.72,0.8826909065246582,54.726700007449836,178.76620483398438,101.89998626708984,4.827969074249268,False,5.59541130065918,True,34,0,34,double,2.1186435198655156,127.11861119193094,JUMPING,254.956018371582,174.1811378479004
444,17.76,0.8880518674850464,43.57889998937026,174.37191772460938,98.58785247802734,3.3204541206359863,False,5.146575450897217,True,34,0,34,double,2.1186435198655156,127.11861119193094,JUMPING,254.956018371582,174.6176986694336
445,17.8,0.8908562064170837,45.026700012385845,171.9884796142578,97.3841323852539,1.2620325088500977,False,5.698016166687012,True,34,0,34,double,2.1186435198655156,127.11861119193094,JUMPING,254.956018371582,175.83718872070312
446,17.84,0.8801656365394592,44.075700017856434,171.58404541015625,97.86846923828125,0.4843883812427521,False,6.239607334136963,True,34,0,34,double,2.1186435198655156,127.11861119193094,JUMPING,254.956018371582,177.31956024169924
447,17.88,0.8821672201156616,46.47309999563731,174.09915161132812,99.86885833740234,2.030489683151245,False,5.623721599578857,False,35,0,35,double,2.1551735832071017,129.3104149924261,JUMPING,254.956018371582,181.05332641601564
448,17.92,0.8428575992584229,39.88970001228154,177.9154052734375,103.2653579711914,3.4023139476776123,False,6.690460205078125,False,35,0,35,double,2.1551735832071017,129.3104149924261,JUMPING,254.99900695800778,175.7823196411133
449,17.96,0.8404403924942017,41.94840000127442,182.799072265625,106.94599151611328,3.681748151779175,False,6.318566799163818,False,35,0,35,double,2.1551735832071017,129.3104149924261,JUMPING,255.09241363525388,172.80290679931642
450,18.0,0.8371089100837708,61.67299998924136,187.9275360107422,109.5245132446289,2.5785415172576904,False,4.931633949279785,False,35,0,35,double,2.1551735832071017,129.3104149924261,JUMPING,255.14811889648433,169.50729598999024
451,18.04,0.7740557789802551,52.42829999770038,189.61453247070312,110.0667495727539,0.5423771739006042,False,3.991762638092041,False,35,0,35,double,2.1551735832071017,129.3104149924261,JUMPING,255.14811889648433,172.300936126709
452,18.08,0.87321937084198,52.77810001280159,188.70510864257812,106.9068832397461,3.223818778991699,False,2.822173595428467,False,35,0,35,double,2.1551735832071017,129.3104149924261,JUMPING,255.09241363525388,178.47456359863284
453,18.12,0.8645817041397095,50.69580001872964,184.3416748046875,103.83041381835938,3.0765774250030518,False,2.150324821472168,True,35,0,35,double,2.1551735832071017,129.3104149924261,JUMPING,254.88171722412108,180.02656631469728
454,18.16,0.8758866786956787,71.58709998475388,181.25045776367188,102.10418701171875,1.7302191257476807,False,2.289336919784546,True,35,0,35,double,2.1551735832071017,129.3104149924261,JUMPING,254.83438354492188,181.02249298095705
455,18.2,0.880715548992157,48.25440002605319,176.0325164794922,98.77271270751953,3.3321306705474854,False,4.781219005584717,True,35,0,35,double,2.1551735832071017,129.3104149924261,JUMPING,254.83438354492188,175.77154388427735
456,18.24,0.9063911437988281,49.92400002083741,173.11087036132812,97.0738525390625,1.7187392711639404,False,5.534715175628662,True,35,0,35,double,2.1551735832071017,129.3104149924261,JUMPING,254.83438354492188,176.46804046630862
457,18.28,0.908149003982544,76.00600001751445,171.36083984375,96.35865020751953,0.7693250775337219,False,5.59193229675293,True,35,0,35,double,2.1551735832071017,129.3104149924261,JUMPING,254.83438354492188,175.42715606689455
458,18.32,0.8831927180290222,46.30469999392517,172.25828552246094,98.3924331665039,2.0852158069610596,False,5.448651313781738,True,35,0,35,double,2.1551735832071017,129.3104149924261,JUMPING,254.83438354492188,177.56297149658204
459,18.36,0.8262757062911987,55.46340000000782,174.53378295898438,101.02154541015625,2.6673576831817627,False,5.815260887145996,False,36,0,36,double,2.1551727526572564,129.31036515943538,JUMPING,254.83438354492188,177.9594253540039
460,18.4,0.8448817729949951,45.58269999688491,179.05426025390625,104.47920989990234,3.459062099456787,False,6.7420454025268555,False,36,0,36,double,2.1551727526572564,129.31036515943538,JUMPING,254.83438354492188,174.22274703979494
461,18.44,0.814237117767334,43.185699993046,182.20925903320312,106.7392578125,2.2651796340942383,False,6.429240703582764,False,36,0,36,double,2.1551727526572564,129.31036515943538,JUMPING,254.83438354492188,175.79749298095703
462,18.48,0.31832414865493774,52.06069999258034,186.4705810546875,110.34396362304688,3.6047630310058594,False,6.365265846252441,False,36,0,36,double,2.1551727526572564,129.31036515943538,JUMPING,255.00765869140622,172.25930175781252
463,18.52,0.7936331033706665,57.72310000611469,188.72634887695312,110.15994262695312,0.23063190281391144,False,4.538857460021973,False,36,0,36,double,2.1551727526572564,129.31036515943538,JUMPING,255.1443069458008,173.41986083984375
464,18.56,0.8758946657180786,42.918299994198605,187.17184448242188,106.56655883789062,3.609078884124756,False,4.341210842132568,False,36,0,36,double,2.1551727526572564,129.31036515943538,JUMPING,254.9002178955078,177.48343734741212
465,18.6,0.8780262470245361,39.56510001444258,185.85879516601562,104.68570709228516,1.8919066190719604,False,5.583867073059082,False,36,0,36,double,2.1551727526572564,129.31036515943538,JUMPING,254.76705505371092,178.2955047607422
466,18.64,0.8790023326873779,55.829100019764155,179.95816040039062,100.57540893554688,4.114308834075928,False,6.839531898498535,True,36,0,36,double,2.1551727526572564,129.31036515943538,JUMPING,254.76705505371092,173.91965789794924
467,18.68,0.8911823034286499,47.59989999001846,175.5865478515625,97.67691802978516,2.9009907245635986,False,6.48760986328125,True,36,0,36,double,2.1551727526572564,129.31036515943538,JUMPING,254.76705505371092,175.35822143554688
468,18.72,0.8955337405204773,40.26449998491444,173.25741577148438,96.90094757080078,0.7840573191642761,False,7.781311988830566,True,36,0,36,double,2.1551727526572564,129.31036515943538,JUMPING,254.76705505371092,173.3227363586426
469,18.76,0.8864355683326721,52.683399990200996,172.46060180664062,97.13079833984375,0.40814730525016785,False,8.29274845123291,True,36,0,36,double,2.1551727526572564,129.31036515943538,JUMPING,254.76705505371092,175.94236145019534
470,18.8,0.8813838958740234,62.121599999954924,173.30462646484375,99.6559829711914,2.5255513191223145,False,8.302802085876465,True,36,0,36,double,2.1551727526572564,129.31036515943538,JUMPING,254.76705505371092,176.09578170776368
471,18.84,0.8733312487602234,38.685500010615215,174.1395263671875,100.79202270507812,1.1366546154022217,False,8.179911613464355,False,37,0,37,double,2.1551727526572564,129.31036515943538,JUMPING,254.76705505371092,177.95769653320315
472,18.88,0.8293126821517944,53.923600004054606,179.9369354248047,104.988525390625,4.1980791091918945,False,7.377707481384277,False,37,0,37,double,2.1551727526572564,129.31036515943538,JUMPING,254.76705505371092,175.32042236328127
473,18.92,0.754839301109314,49.4810999953188,186.73040771484375,109.02825164794922,4.041975021362305,False,5.612934589385986,False,37,0,37,double,2.1551727526572564,129.31036515943538,JUMPING,254.9381146240234,170.58617248535157
474,18.96,0.7248519659042358,38.53190000518225,190.24240112304688,111.3710708618164,2.3462796211242676,False,5.215275764465332,False,37,0,37,double,2.1551727526572564,129.31036515943538,JUMPING,255.21408142089842,171.07378387451172
475,19.0,0.8219236731529236,45.43960001319647,190.03030395507812,109.23776245117188,2.135474920272827,False,4.585874557495117,False,37,0,37,double,2.1551727526572564,129.31036515943538,JUMPING,255.21408142089842,175.892049407959
476,19.04,0.8436956405639648,41.13100000540726,186.16116333007812,105.8392562866211,3.399513006210327,False,5.207899570465088,False,37,0,37,double,2.1551727526572564,129.31036515943538,JUMPING,255.1585107421875,179.69506912231446
477,19.08,0.8360944986343384,46.76080000353977,180.13442993164062,101.6018295288086,4.237975597381592,False,5.411219596862793,True,37,0,37,double,2.1551727526572564,129.31036515943538,JUMPING,255.1230340576172,179.18701400756837
478,19.12,0.820141613483429,41.2089999881573,175.46839904785156,98.17803192138672,3.432979106903076,False,6.625252723693848,True,37,0,37,double,2.1551727526572564,129.31036515943538,JUMPING,255.1230340576172,178.01666946411135
479,19.16,0.850134551525116,41.949500009650365,172.34530639648438,96.44774627685547,1.7341070175170898,False,7.0724873542785645,True,37,0,37,double,2.1551727526572564,129.31036515943538,JUMPING,255.1230340576172,177.4218460083008
480,19.2,0.897077202796936,58.066500001586974,170.994384765625,95.04581451416016,1.5313658714294434,False,7.899430274963379,True,37,0,37,double,2.1551727526572564,129.31036515943538,JUMPING,255.1230340576172,176.11047668457033
481,19.24,0.9092664122581482,38.62830001162365,171.99624633789062,95.53083038330078,0.9229856133460999,False,7.3105549812316895,True,37,0,37,double,2.1551727526572564,129.31036515943538,JUMPING,255.1230340576172,178.8706901550293
482,19.28,0.90659499168396,51.3980999821797,173.889892578125,98.32915496826172,2.8819963932037354,False,7.706095218658447,True,37,0,37,double,2.1551727526572564,129.31036515943538,JUMPING,255.1230340576172,178.77712402343752
483,19.32,0.8945912718772888,55.9464999823831,177.83648681640625,102.50572967529297,4.20900297164917,False,6.740590572357178,False,38,0,38,double,2.1186435198655156,127.11861119193094,JUMPING,255.1230340576172,177.38685836791993
484,19.36,0.8380861282348633,43.52710000239313,183.650146484375,107.4922103881836,5.008671283721924,False,6.293199062347412,False,38,0,38,double,2.1186435198655156,127.11861119193094,JUMPING,255.33695007324218,174.0161949157715
485,19.4,0.8264412879943848,55.83669999032281,186.97805786132812,110.21823120117188,2.7265946865081787,False,6.497137546539307,False,38,0,38,double,2.1186435198655156,127.11861119193094,JUMPING,255.49197631835938,173.83868026733398
486,19.44,0.7869555950164795,61.01269999635406,190.16180419921875,113.4899673461914,3.271822214126587,False,7.309096813201904,False,38,0,38,double,2.1186435198655156,127.11861119193094,JUMPING,255.62834045410156,170.3618621826172
487,19.48,0.8762457370758057,43.93559999880381,189.02867126464844,109.43386840820312,4.058207988739014,False,5.845359802246094,False,38,0,38,double,2.1186435198655156,127.11861119193094,JUMPING,255.68542053222657,176.11594848632814
488,19.52,0.8651174306869507,47.37430001841858,186.56756591796875,105.32083892822266,4.126009464263916,False,5.704791069030762,False,38,0,38,double,2.1186435198655156,127.11861119193094,JUMPING,255.68542053222657,180.91290588378908
489,19.56,0.8968185782432556,65.68249998963438,184.55322265625,103.00507354736328,2.317086935043335,False,5.680142402648926,False,38,0,38,double,2.1186435198655156,127.11861119193094,JUMPING,255.68542053222657,179.50656051635744
490,19.6,0.8831729292869568,54.4299999892246,178.6495361328125,99.46673583984375,3.547765016555786,False,7.867332935333252,True,38,0,38,double,2.1186435198655156,127.11861119193094,JUMPING,255.68542053222657,176.62459106445314
491,19.64,0.8852784037590027,58.05560000590049,175.08395385742188,98.4566650390625,1.3558847904205322,False,7.93260383605957,True,38,0,38,double,2.1186435198655156,127.11861119193094,JUMPING,255.68542053222657,175.14790115356448
492,19.68,0.7949493527412415,52.28979999083094,172.3905029296875,96.70211791992188,1.7863205671310425,False,5.381656169891357,True,38,0,38,double,2.1186435198655156,127.11861119193094,JUMPING,255.68542053222657,177.7943817138672
493,19.72,0.8884574174880981,46.55030000139959,171.85797119140625,95.98822784423828,0.7148428559303284,False,7.617733955383301,True,38,0,38,double,2.1186435198655156,127.11861119193094,JUMPING,255.68542053222657,178.52795562744143
494,19.76,0.8780079483985901,42.02100000111386,173.1007080078125,98.7894058227539,2.819167137145996,False,8.724626541137695,False,39,0,39,double,2.1551727526572564,129.31036515943538,JUMPING,255.68542053222657,180.47897186279297
495,19.8,0.79803866147995,58.423400012543425,177.0753936767578,102.92110443115234,4.1317138671875,False,8.752290725708008,False,39,0,39,double,2.1551727526572564,129.31036515943538,JUMPING,255.7942904663086,176.15650863647463
496,19.84,0.854290783405304,46.10730000422336,182.61688232421875,107.71060180664062,4.801908016204834,False,8.379500389099121,False,39,0,39,double,2.1551727526572564,129.31036515943538,JUMPING,256.0302813720703,174.29644012451172
497,19.88,0.8374220728874207,53.88039999525063,186.96295166015625,111.43878936767578,3.7283079624176025,False,7.465736389160156,False,39,0,39,double,2.1551727526572564,129.31036515943538,JUMPING,256.2062872314453,171.24253692626954
498,19.92,0.8313184976577759,44.55180000513792,188.94683837890625,111.51114654541016,0.07773541659116745,False,5.435344696044922,False,39,0,39,double,2.1551727526572564,129.31036515943538,JUMPING,256.3602136230469,175.47119903564453
499,19.96,0.8681478500366211,44.0165999752935,189.67959594726562,110.56684112548828,0.9603999853134155,False,4.292550086975098,False,39,0,39,double,2.1551727526572564,129.31036515943538,JUMPING,256.54195800781247,175.99203567504884
500,20.0,0.8767975568771362,54.419899999629706,185.71652221679688,105.272705078125,5.294798374176025,False,6.4575395584106445,False,39,0,39,double,2.1551727526572564,129.31036515943538,JUMPING,256.54195800781247,182.5123001098633
501,20.04,0.8986262083053589,59.83350001042709,180.27548217773438,100.11884307861328,5.171329021453857,False,4.9300079345703125,True,39,0,39,double,2.1551727526572564,129.31036515943538,JUMPING,256.54195800781247,181.20649490356448
502,20.08,0.9033719897270203,49.53479999676347,176.4051055908203,97.24637603759766,2.887190341949463,False,6.339071750640869,True,39,0,39,double,2.1551727526572564,129.31036515943538,JUMPING,256.54195800781247,177.9031967163086
503,20.12,0.9025602340698242,63.42909997329116,173.51345825195312,95.6363296508789,1.6135739088058472,False,5.970269680023193,True,39,0,39,double,2.1551727526572564,129.31036515943538,JUMPING,256.54195800781247,179.60484313964847
504,20.16,0.9036243557929993,42.29969999869354,170.99400329589844,94.17908477783203,1.4641846418380737,False,5.7603888511657715,True,39,0,39,double,2.1551727526572564,129.31036515943538,JUMPING,256.54195800781247,178.5811965942383
505,20.2,0.8715732097625732,50.926500000059605,171.44873046875,94.926025390625,0.8465185761451721,False,5.634128570556641,True,39,0,39,double,2.1551727526572564,129.31036515943538,JUMPING,256.54195800781247,184.87925720214847
506,20.24,0.8379764556884766,62.410600017756224,173.90167236328125,99.77285766601562,4.959314823150635,False,5.571319103240967,False,40,0,40,double,2.1186435198655156,127.11861119193094,JUMPING,256.54195800781247,183.8178535461426
507,20.28,0.6359866857528687,52.963699999963865,177.61485290527344,103.36600494384766,3.623594045639038,False,4.979074478149414,False,40,0,40,double,2.1186435198655156,127.11861119193094,JUMPING,256.54195800781247,178.66301345825198
508,20.32,0.7804434299468994,57.47770000016317,182.9000244140625,107.83257293701172,4.4669976234436035,False,4.11607551574707,False,40,0,40,double,2.1186435198655156,127.11861119193094,JUMPING,256.61493530273435,176.39396133422852
509,20.36,0.6244887113571167,47.94930000207387,187.0457305908203,111.0122299194336,3.196336507797241,False,4.777385711669922,False,40,0,40,double,2.1186435198655156,127.11861119193094,JUMPING,256.6769207763672,174.42120895385744
510,20.4,0.8194620013237,62.48490000143647,185.59323120117188,107.95306396484375,3.060718059539795,False,4.050613880157471,False,40,0,40,double,2.1186435198655156,127.11861119193094,JUMPING,256.66005676269526,183.01351547241214
511,20.44,0.8181350827217102,60.86010002763942,184.32447814941406,106.697265625,1.2775061130523682,False,3.576110601425171,False,40,0,40,double,2.1186435198655156,127.11861119193094,JUMPING,256.6523114013672,184.1058616638184
512,20.48,0.9040048718452454,45.943900011479855,178.73675537109375,100.2505111694336,6.48945951461792,False,3.5752720832824707,True,40,0,40,double,2.1186435198655156,127.11861119193094,JUMPING,256.6523114013672,180.19163513183597
513,20.52,0.9064879417419434,69.79360000696033,175.07179260253906,96.49224853515625,3.783806800842285,False,3.5672969818115234,True,40,0,40,double,2.1186435198655156,127.11861119193094,JUMPING,256.6523114013672,180.1666427612305
514,20.56,0.9034904837608337,60.20599999465048,172.31539916992188,94.284423828125,2.2085869312286377,False,4.2584052085876465,True,40,0,40,double,2.1186435198655156,127.11861119193094,JUMPING,256.6523114013672,181.52970886230472
515,20.6,0.9087997674942017,54.495799995493144,170.80369567871094,93.4388198852539,0.8481675386428833,False,6.200334548950195,True,40,0,40,double,2.1186435198655156,127.11861119193094,JUMPING,256.6523114013672,180.73777465820314
516,20.64,0.8483752608299255,54.865900019649416,169.9417724609375,94.77872467041016,1.3426798582077026,False,4.38217830657959,True,40,0,40,double,2.1186435198655156,127.11861119193094,JUMPING,256.6523114013672,182.62683029174806
517,20.68,0.852837324142456,47.33030000352301,172.165283203125,98.76422119140625,3.985506772994995,False,7.309807777404785,True,40,0,40,double,2.1186435198655156,127.11861119193094,JUMPING,256.6523114013672,183.3609832763672
518,20.72,0.8499541282653809,59.336100006476045,173.46295166015625,99.80638885498047,1.0466480255126953,False,7.983096122741699,False,41,0,41,double,2.1186452589056115,127.11871553433669,JUMPING,256.6523114013672,184.33635711669925
519,20.76,0.6506304144859314,55.19389998516999,181.3067626953125,105.269775390625,5.489739894866943,False,3.279378652572632,False,41,0,41,double,2.1186452589056115,127.11871553433669,JUMPING,256.6523114013672,177.15626220703126
520,20.8,0.7061740159988403,53.019999992102385,187.36215209960938,110.29248809814453,5.053475856781006,False,3.9463489055633545,False,41,0,41,double,2.1186452589056115,127.11871553433669,JUMPING,256.679761352539,174.3723991394043
521,20.84,0.5003846883773804,55.048200010787696,191.21835327148438,112.51099395751953,2.2599217891693115,False,6.279648303985596,False,41,0,41,double,2.1186452589056115,127.11871553433669,JUMPING,256.7775396728515,176.73771972656252
522,20.88,0.6935775279998779,55.184700002428144,190.59088134765625,109.194091796875,3.3819828033447266,False,6.435842990875244,False,41,0,41,double,2.1186452589056115,127.11871553433669,JUMPING,256.7324865722656,178.96697540283205
523,20.92,0.8554008603096008,55.0041000242345,186.72891235351562,104.2684555053711,4.926690101623535,False,5.6324687004089355,False,41,0,41,double,2.1186452589056115,127.11871553433669,JUMPING,256.6677990722656,183.7446472167969
524,20.96,0.8578527569770813,68.62309999996796,180.93771362304688,100.26049041748047,4.019001007080078,False,4.454446792602539,True,41,0,41,double,2.1186452589056115,127.11871553433669,JUMPING,256.55389831542965,183.08913879394532
525,21.0,0.8907408714294434,57.04449999029748,175.97389221191406,98.54125213623047,1.7210034132003784,False,5.030981063842773,True,41,0,41,double,2.1186452589056115,127.11871553433669,JUMPING,256.55389831542965,178.80176391601563
526,21.04,0.9073145389556885,62.58170001092367,172.9091796875,96.63471221923828,1.9065653085708618,False,4.74845027923584,True,41,0,41,double,2.1186452589056115,127.11871553433669,JUMPING,256.55389831542965,179.01001129150393
527,21.08,0.8750792741775513,52.97669998253696,171.57781982421875,95.67538452148438,0.9662184119224548,False,4.829995155334473,True,41,0,41,double,2.1186452589056115,127.11871553433669,JUMPING,256.55389831542965,177.84795837402345
528,21.12,0.8686798810958862,103.71490000397898,173.32557678222656,95.966064453125,0.2976476848125458,False,6.561496734619141,True,41,0,41,double,2.1186452589056115,127.11871553433669,JUMPING,256.55389831542965,181.6244079589844
529,21.16,0.8753114938735962,90.88610002072528,174.93099975585938,96.5578842163086,0.6041395664215088,False,6.863239765167236,True,41,0,41,double,2.1186452589056115,127.11871553433669,JUMPING,256.55389831542965,179.6458564758301
530,21.2,0.8450403213500977,57.01499999850057,177.88894653320312,99.241455078125,2.693232297897339,False,6.104456901550293,False,42,0,42,double,2.1186435198655156,127.11861119193094,JUMPING,256.55389831542965,181.8008399963379
531,21.24,0.6953998804092407,58.033599983900785,181.16549682617188,103.2678451538086,4.04132604598999,False,6.412196159362793,False,42,0,42,double,2.1186435198655156,127.11861119193094,JUMPING,256.55389831542965,176.7666229248047
532,21.28,0.7160763144493103,47.2377999976743,184.9300079345703,109.8564453125,6.604150772094727,False,6.707944393157959,False,42,0,42,double,2.1186435198655156,127.11861119193094,JUMPING,256.6677990722656,172.2314224243164
533,21.32,0.5790915489196777,40.56220001075417,187.7965087890625,112.93084716796875,3.1111841201782227,False,6.386723041534424,False,42,0,42,double,2.1186435198655156,127.11861119193094,JUMPING,256.7533367919922,175.63540344238282
534,21.36,0.6999009847640991,53.29159999382682,187.02015686035156,112.1146011352539,0.9530770778656006,False,3.6492984294891357,False,42,0,42,double,2.1186435198655156,127.11861119193094,JUMPING,256.55389831542965,178.79294357299807
535,21.4,0.8342607021331787,58.63260000478476,184.5583953857422,107.69123077392578,4.437393665313721,False,2.1531424522399902,True,42,0,42,double,2.1186435198655156,127.11861119193094,JUMPING,256.40240600585935,179.95623855590821
536,21.44,0.8564208149909973,51.613300020108,180.01893615722656,102.71613311767578,4.9770827293396,False,2.8467400074005127,True,42,0,42,double,2.1186435198655156,127.11861119193094,JUMPING,256.33373229980464,175.1738166809082
537,21.48,0.875544548034668,56.01380000007339,175.81692504882812,99.76741790771484,2.973823070526123,False,3.7559688091278076,True,42,0,42,double,2.1186435198655156,127.11861119193094,JUMPING,256.33373229980464,176.30343322753907
538,21.52,0.8788750767707825,55.449800012866035,172.6262664794922,97.62581634521484,2.174356698989868,False,4.794223785400391,True,42,0,42,double,2.1186435198655156,127.11861119193094,JUMPING,256.33373229980464,175.77708282470704
539,21.56,0.8755289316177368,51.8236999923829,170.86424255371094,96.41974639892578,1.2543834447860718,False,5.6938886642456055,True,42,0,42,double,2.1186435198655156,127.11861119193094,JUMPING,256.33373229980464,175.7883369445801
540,21.6,0.7609078884124756,70.85620000725612,171.49188232421875,,0.0,False,2.35159969329834,True,42,0,42,double,2.1186435198655156,127.11861119193094,JUMPING,256.33373229980464,175.29905548095704
541,21.64,0.6256098747253418,52.35979999997653,173.713623046875,101.03089141845703,4.623005390167236,False,2.2273545265197754,True,42,0,42,double,2.1186435198655156,127.11861119193094,JUMPING,256.33373229980464,177.63852767944337
542,21.68,0.5115376710891724,56.3970000075642,177.8699951171875,105.95198822021484,4.950873374938965,False,1.5089035034179688,False,43,0,43,double,2.1186435198655156,127.11861119193094,JUMPING,256.33373229980464,172.89443359375002
543,21.72,0.8335126042366028,55.059999984223396,183.43087768554688,110.5892105102539,4.6471781730651855,False,5.4953999519348145,False,43,0,43,double,2.1186435198655156,127.11861119193094,JUMPING,256.40240600585935,168.81011962890625
544,21.76,0.5525548458099365,52.771100017707795,189.31536865234375,113.35894012451172,2.771550416946411,False,5.391928195953369,False,43,0,43,double,2.1186435198655156,127.11861119193094,JUMPING,256.4839840698242,169.88035202026367
545,21.8,0.5602877736091614,58.144799986621365,192.0387725830078,114.44379425048828,1.0850412845611572,False,3.2720799446105957,False,43,0,43,double,2.1186435198655156,127.11861119193094,JUMPING,256.4402169799805,168.38177490234375
546,21.84,0.817165732383728,60.03180000698194,191.10289001464844,111.6806411743164,2.856497287750244,False,1.7335582971572876,False,43,0,43,double,2.1186435198655156,127.11861119193094,JUMPING,256.3256594848633,174.0522232055664
547,21.88,0.8835565447807312,41.786199988564476,186.3905029296875,107.04854583740234,4.632251262664795,False,3.4255638122558594,False,43,0,43,double,2.1186435198655156,127.11861119193094,JUMPING,256.3256594848633,179.44628677368166
548,21.92,0.8583060503005981,52.71360001643188,181.80162048339844,102.95030975341797,4.104992389678955,False,6.592306137084961,True,43,0,43,double,2.1186435198655156,127.11861119193094,JUMPING,256.3256594848633,174.4059768676758
549,21.96,0.8873164653778076,43.8379000115674,178.20407104492188,100.1380615234375,2.8200836181640625,False,8.132043838500977,True,43,0,43,double,2.1186435198655156,127.11861119193094,JUMPING,256.3256594848633,173.42587814331057
550,22.0,0.8816109299659729,52.984400012064725,175.93495178222656,98.32675170898438,1.9563429355621338,False,8.581853866577148,True,43,0,43,double,2.1186435198655156,127.11861119193094,JUMPING,256.3256594848633,173.94817504882815
551,22.04,0.8512751460075378,60.02030000672676,175.10995483398438,100.31343841552734,2.1524360179901123,False,8.151801109313965,True,43,0,43,double,2.1186435198655156,127.11861119193094,JUMPING,256.3256594848633,172.97991790771485
552,22.08,0.82657390832901,56.70850002206862,176.16842651367188,103.30779266357422,3.1875112056732178,False,7.9801201820373535,True,43,0,43,double,2.1186435198655156,127.11861119193094,JUMPING,256.3256594848633,174.53771133422853
553,22.12,0.7975251078605652,41.0725999972783,176.93701171875,104.9112319946289,1.6910505294799805,False,7.769561290740967,True,43,0,43,double,2.1186435198655156,127.11861119193094,JUMPING,256.3256594848633,175.42694625854494
554,22.16,0.7910876870155334,54.10829998436384,180.04275512695312,106.6322021484375,1.7224184274673462,False,7.511417865753174,False,44,0,44,double,2.083333638600222,125.00001831601332,JUMPING,256.3256594848633,176.15918579101563
555,22.2,0.7200584411621094,56.78939999779686,184.28671264648438,112.07628631591797,5.448358058929443,False,6.950236797332764,False,44,0,44,double,2.083333638600222,125.00001831601332,JUMPING,256.3256594848633,165.3837646484375
556,22.24,0.7044274806976318,44.3375000031665,187.29202270507812,114.86883544921875,2.7992401123046875,False,6.954225540161133,False,44,0,44,double,2.083333638600222,125.00001831601332,JUMPING,256.17540771484374,165.7424026489258
557,22.28,0.8055378198623657,43.04980000597425,187.49569702148438,113.00735473632812,1.9173576831817627,False,3.720977306365967,False,44,0,44,double,2.083333638600222,125.00001831601332,JUMPING,256.07041320800784,172.75260314941409
558,22.32,0.8664805293083191,52.63059999560937,186.77113342285156,109.71929168701172,3.2885735034942627,False,3.5305373668670654,False,44,0,44,double,2.083333638600222,125.00001831601332,JUMPING,256.01970458984374,176.94479217529297
559,22.36,0.8715881705284119,56.975999992573634,183.49554443359375,106.19702911376953,3.5522727966308594,False,5.501638889312744,True,44,0,44,double,2.083333638600222,125.00001831601332,JUMPING,255.9690686035156,170.98499298095703
560,22.4,0.8467255234718323,43.143499991856515,180.48422241210938,103.0043716430664,3.202230215072632,False,6.280461311340332,True,44,0,44,double,2.083333638600222,125.00001831601332,JUMPING,255.94276550292966,171.1202606201172
561,22.44,0.8461124897003174,50.04970001755282,178.65682983398438,101.19222259521484,1.847741961479187,False,6.104203224182129,True,44,0,44,double,2.083333638600222,125.00001831601332,JUMPING,255.94276550292966,171.4599151611328
562,22.48,0.852165699005127,47.11679997853935,178.42332458496094,99.99250030517578,1.1998445987701416,False,5.8672308921813965,True,44,0,44,double,2.083333638600222,125.00001831601332,JUMPING,255.94276550292966,171.32676239013674
563,22.52,0.8925539255142212,41.34130000602454,177.9864501953125,99.77169036865234,0.3844989240169525,False,4.655324935913086,True,44,0,44,double,2.083333638600222,125.00001831601332,JUMPING,255.94276550292966,172.72430419921875
564,22.56,0.8397182822227478,58.67420000140555,179.82135009765625,103.40581512451172,3.641340494155884,False,4.721657752990723,True,44,0,44,double,2.083333638600222,125.00001831601332,JUMPING,255.94276550292966,173.18819885253907
565,22.6,0.7080549001693726,43.35490000084974,182.73895263671875,108.5341567993164,5.129197597503662,False,2.3160879611968994,False,45,0,45,double,2.1186435198655156,127.11861119193094,JUMPING,255.94276550292966,167.29353256225588
566,22.64,0.7819405794143677,69.27900001755916,187.6932830810547,113.0549545288086,4.534858226776123,False,1.6379696130752563,False,45,0,45,double,2.1186435198655156,127.11861119193094,JUMPING,255.94444091796873,166.82182464599612
567,22.68,0.5914469361305237,58.60039999242872,192.0513916015625,115.77828216552734,2.723482847213745,False,3.7292490005493164,False,45,0,45,double,2.1186435198655156,127.11861119193094,JUMPING,255.9926141357422,167.76906738281252
568,22.72,0.655872106552124,53.836400009458885,190.84722900390625,119.58445739746094,3.9025278091430664,True,1.0701467990875244,False,45,0,45,double,2.1186435198655156,127.11861119193094,JUMPING,255.9926141357422,168.38355407714846
569,22.76,0.7033146619796753,52.93179998989217,189.21322631835938,118.27655792236328,1.964982032775879,True,0.4887225925922394,False,45,0,45,double,2.1186435198655156,127.11861119193094,JUMPING,255.9926141357422,168.38101959228516
570,22.8,0.8076452016830444,58.82080001174472,185.08929443359375,113.4420166015625,4.869645118713379,False,3.2903032302856445,True,45,0,45,double,2.1186435198655156,127.11861119193094,JUMPING,255.75432067871094,169.74897842407228
571,22.84,0.8229557871818542,53.05489999591373,179.25381469726562,107.2531509399414,6.2737812995910645,False,3.5521085262298584,True,45,0,45,double,2.1186435198655156,127.11861119193094,JUMPING,255.75432067871094,170.64112548828126
572,22.88,0.7814699411392212,67.47940002242103,175.21014404296875,103.97017669677734,3.2935571670532227,False,3.5732975006103516,True,45,0,45,double,2.1186435198655156,127.11861119193094,JUMPING,255.75432067871094,169.7771598815918
573,22.92,0.879034161567688,67.46950000524521,174.35536193847656,101.2197036743164,2.7507569789886475,False,4.1067304611206055,True,45,0,45,double,2.1186435198655156,127.11861119193094,JUMPING,255.75432067871094,170.00122680664063
574,22.96,0.8984365463256836,57.06150000332855,173.97991943359375,100.56310272216797,0.67389976978302,False,4.625349521636963,True,45,0,45,double,2.1186435198655156,127.11861119193094,JUMPING,255.75432067871094,171.30710754394534
575,23.0,0.8982994556427002,51.75679997773841,173.99266052246094,101.4593734741211,0.923491358757019,False,6.029572010040283,True,45,0,45,double,2.1186435198655156,127.11861119193094,JUMPING,255.75432067871094,170.99649047851562
576,23.04,0.6433100700378418,57.390400004806,177.98419189453125,104.25741577148438,2.822988748550415,False,6.176608562469482,True,45,0,45,double,2.1186435198655156,127.11861119193094,JUMPING,255.75432067871094,175.9374938964844
577,23.08,0.7394261360168457,48.004900017986074,181.8521728515625,108.15564727783203,3.9356136322021484,False,5.378826141357422,False,46,0,46,double,2.1186435198655156,127.11861119193094,JUMPING,255.75432067871094,170.6937370300293
578,23.12,0.8427097797393799,42.65719998511486,187.5113525390625,112.21395874023438,4.0640130043029785,False,4.725241661071777,False,46,0,46,double,2.1186435198655156,127.11861119193094,JUMPING,255.77894836425781,167.41251907348635
579,23.16,0.7184817790985107,51.76620002021082,192.02798461914062,115.21783447265625,3.0057663917541504,False,4.477863311767578,False,46,0,46,double,2.1186435198655156,127.11861119193094,JUMPING,256.02431335449216,168.94291992187502
580,23.2,0.7957258224487305,55.96859997604042,190.14463806152344,113.24727630615234,1.9748274087905884,False,2.8529109954833984,False,46,0,46,double,2.1186435198655156,127.11861119193094,JUMPING,256.02431335449216,171.45001220703125
581,23.24,0.8691613674163818,55.49960001371801,188.59515380859375,111.78337860107422,1.4653629064559937,False,2.1072499752044678,False,46,0,46,double,2.1186435198655156,127.11861119193094,JUMPING,255.7995477294922,171.67385253906252
582,23.28,0.8104348182678223,53.47549999714829,184.163818359375,107.323486328125,4.540153503417969,False,3.1927013397216797,True,46,0,46,double,2.1186435198655156,127.11861119193094,JUMPING,255.57344940185544,169.70581665039063
583,23.32,0.8077118396759033,53.73680000775494,179.4212188720703,103.46983337402344,3.853856325149536,False,5.297970771789551,True,46,0,46,double,2.1186435198655156,127.11861119193094,JUMPING,255.5041552734375,171.21842575073242
584,23.36,0.8706838488578796,62.968899990664795,174.59869384765625,100.7608413696289,2.851168632507324,False,2.043139934539795,True,46,0,46,double,2.1186435198655156,127.11861119193094,JUMPING,255.5041552734375,172.709147644043
585,23.4,0.874552309513092,138.36750001064502,171.9346923828125,97.75362396240234,3.021162986755371,False,5.551222801208496,True,46,0,46,double,2.1186435198655156,127.11861119193094,JUMPING,255.5041552734375,173.12127838134768
586,23.44,0.8772931694984436,62.17749998904765,171.46897888183594,98.0394515991211,0.37811553478240967,False,6.7497148513793945,True,46,0,46,double,2.1186435198655156,127.11861119193094,JUMPING,255.5041552734375,173.80356674194337
587,23.48,0.7744659781455994,49.952900008065626,172.08937072753906,100.55449676513672,2.602811098098755,False,3.520611524581909,True,46,0,46,double,2.1186435198655156,127.11861119193094,JUMPING,255.5041552734375,177.03402786254884
588,23.52,0.771558403968811,60.80839998321608,175.7958526611328,102.94441986083984,2.832458019256592,False,2.5359387397766113,False,47,0,47,double,2.1551727526572564,129.31036515943538,JUMPING,255.5041552734375,177.2007751464844
589,23.56,0.6910170316696167,43.35590000846423,180.1884765625,107.501708984375,4.559081554412842,False,5.158581733703613,False,47,0,47,double,2.1551727526572564,129.31036515943538,JUMPING,255.57344940185544,173.55355072021484
590,23.6,0.6155344247817993,50.372199999401346,184.9364013671875,111.68426513671875,4.185603141784668,False,3.1670079231262207,False,47,0,47,double,2.1551727526572564,129.31036515943538,JUMPING,255.7995477294922,169.98984680175784
591,23.64,0.34310683608055115,60.14019998838194,189.07717895507812,113.32466888427734,1.6712204217910767,False,5.607193946838379,False,47,0,47,double,2.1551727526572564,129.31036515943538,JUMPING,256.1009161376953,172.54395294189453
592,23.68,0.501196026802063,54.33819998870604,191.13931274414062,113.0257339477539,0.4604925215244293,False,6.393943786621094,False,47,0,47,double,2.1551727526572564,129.31036515943538,JUMPING,256.1916723632812,172.50394668579102
593,23.72,0.890595555305481,74.44589998340234,187.21701049804688,107.13480377197266,5.890934944152832,False,6.310483455657959,False,47,0,47,double,2.1551727526572564,129.31036515943538,JUMPING,256.1916723632812,179.9153678894043
594,23.76,0.8134820461273193,43.106400000397116,182.92364501953125,104.73736572265625,2.409196138381958,False,1.78742253780365,True,47,0,47,double,2.1551727526572564,129.31036515943538,JUMPING,256.1916723632812,175.9813102722168
595,23.8,0.8267600536346436,39.408399985404685,179.36656188964844,102.80531311035156,2.2226803302764893,False,1.17612886428833,True,47,0,47,double,2.1551727526572564,129.31036515943538,JUMPING,256.1916723632812,174.95787353515627
596,23.84,0.8345170021057129,53.2944000151474,175.6803741455078,99.50048065185547,3.6529412269592285,False,5.0750932693481445,True,47,0,47,double,2.1551727526572564,129.31036515943538,JUMPING,256.1916723632812,174.48746643066409
597,23.88,0.8809860944747925,54.00609999196604,173.69094848632812,98.76455688476562,0.7901908159255981,False,6.467750549316406,True,47,0,47,double,2.1551727526572564,129.31036515943538,JUMPING,256.1916723632812,174.93227691650392
598,23.92,0.8484318256378174,52.07440000958741,174.15789794921875,100.4477767944336,1.6834756135940552,False,6.888820171356201,True,47,0,47,double,2.1551727526572564,129.31036515943538,JUMPING,256.1916723632812,177.1948165893555
599,23.96,0.8502259254455566,53.354700008640066,174.86489868164062,101.922119140625,1.4806721210479736,False,6.9865851402282715,True,47,0,47,double,2.1551727526572564,129.31036515943538,JUMPING,256.1916723632812,177.9440841674805
600,24.0,0.8348250985145569,54.72339998232201,176.93923950195312,104.23834228515625,2.570035696029663,False,5.928030014038086,False,48,0,48,double,2.1551727526572564,129.31036515943538,JUMPING,256.1916723632812,177.95732727050782
601,24.04,0.7628358006477356,55.1465000025928,182.3611297607422,110.20135498046875,5.968453407287598,False,5.780771255493164,False,48,0,48,double,2.1551727526572564,129.31036515943538,JUMPING,256.2625158691406,171.72199096679688
602,24.08,0.6656255722045898,55.62679999275133,187.56146240234375,112.33393096923828,2.1390092372894287,False,5.579267501831055,False,48,0,48,double,2.1551727526572564,129.31036515943538,JUMPING,256.30028167724606,173.10889968872073
603,24.12,0.8594188690185547,52.29300001519732,187.76260375976562,109.90518951416016,2.442701578140259,False,3.4187803268432617,False,48,0,48,double,2.1551727526572564,129.31036515943538,JUMPING,256.35693359375,177.64852294921877
604,24.16,0.86316978931427,53.971000015735626,187.50184631347656,107.8022232055664,2.114302635192871,False,2.026463031768799,False,48,0,48,double,2.1551727526572564,129.31036515943538,JUMPING,256.3112268066406,178.03482208251955
605,24.2,0.8605873584747314,53.315000026486814,182.80242919921875,103.67642974853516,4.141201496124268,False,2.8558359146118164,True,48,0,48,double,2.1551727526572564,129.31036515943538,JUMPING,256.30028167724606,179.15537490844727
606,24.24,0.8599340915679932,51.341299986233935,179.07400512695312,100.97017669677734,2.706336498260498,False,3.3267383575439453,True,48,0,48,double,2.1551727526572564,129.31036515943538,JUMPING,256.30028167724606,179.67870407104493
607,24.28,0.87545245885849,49.190199992153794,174.91082763671875,98.03174591064453,2.946688175201416,False,6.207540035247803,True,48,0,48,double,2.1551727526572564,129.31036515943538,JUMPING,256.30028167724606,178.3177444458008
608,24.32,0.8740254044532776,49.68170000938699,172.86431884765625,96.70337677001953,1.3425335884094238,False,7.941823959350586,True,48,0,48,double,2.1551727526572564,129.31036515943538,JUMPING,256.30028167724606,178.31536102294925
609,24.36,0.8763825297355652,43.29830000642687,172.39273071289062,96.5942611694336,0.11069218069314957,False,7.088980674743652,True,48,0,48,double,2.1551727526572564,129.31036515943538,JUMPING,256.30028167724606,178.7207946777344
610,24.4,0.866818368434906,45.5530000035651,173.7952880859375,99.52447509765625,2.9304003715515137,False,8.191557884216309,True,48,0,48,double,2.1551727526572564,129.31036515943538,JUMPING,256.30028167724606,180.61556549072267
611,24.44,0.8023337721824646,54.788799985544756,177.81863403320312,103.74381256103516,4.22055721282959,False,7.80224084854126,False,49,0,49,double,2.1929817383715102,131.57890430229062,JUMPING,256.30028167724606,176.83888931274416
612,24.48,0.8323445916175842,55.56759997853078,180.39981079101562,106.02508544921875,2.285382032394409,False,7.304750919342041,False,49,0,49,double,2.1929817383715102,131.57890430229062,JUMPING,256.30028167724606,176.43284301757814
613,24.52,0.7846531271934509,52.48179999762215,185.99365234375,110.28463745117188,4.324880599975586,False,6.377114295959473,False,49,0,49,double,2.1929817383715102,131.57890430229062,JUMPING,256.3617016601562,170.07979583740234
614,24.56,0.8497666120529175,55.897600017488,187.69961547851562,109.9003677368164,0.9450826644897461,False,4.890926361083984,False,49,0,49,double,2.1929817383715102,131.57890430229062,JUMPING,256.4393194580078,175.3247947692871
615,24.6,0.8585137724876404,131.9667999923695,185.56826782226562,106.03531646728516,3.8876583576202393,False,5.7790207862854,False,49,0,49,double,2.1929817383715102,131.57890430229062,JUMPING,256.4393194580078,179.68374786376955
616,24.64,0.8759380578994751,215.5831000127364,182.61830139160156,102.5810775756836,3.454873561859131,False,7.239586353302002,False,49,0,49,double,2.1929817383715102,131.57890430229062,JUMPING,256.4182989501953,178.71710205078128
617,24.68,0.8624351620674133,142.79039998655207,179.42083740234375,99.3778305053711,3.2032487392425537,False,7.8226213455200195,True,49,0,49,double,2.1929817383715102,131.57890430229062,JUMPING,256.4182989501953,178.27405395507813
618,24.72,0.8830708265304565,56.549100001575425,176.471435546875,97.03324127197266,2.347374200820923,False,8.508962631225586,True,49,0,49,double,2.1929817383715102,131.57890430229062,JUMPING,256.4182989501953,176.4467239379883
619,24.76,0.884115993976593,101.44600001513027,174.2633514404297,96.09133911132812,0.9419021606445312,False,8.626209259033203,True,49,0,49,double,2.1929817383715102,131.57890430229062,JUMPING,256.4182989501953,177.15239334106448
620,24.8,0.8907686471939087,75.92140001361258,173.5108184814453,96.49555206298828,0.4748479723930359,False,7.864628314971924,True,49,0,49,double,2.1929817383715102,131.57890430229062,JUMPING,256.4182989501953,178.68321380615237
621,24.84,0.8475182056427002,58.84660000447184,173.9267578125,98.72724151611328,2.242349147796631,False,8.060797691345215,True,49,0,49,double,2.1929817383715102,131.57890430229062,JUMPING,256.4182989501953,179.58213348388674
622,24.88,0.7894145250320435,48.23769998620264,176.91107177734375,101.87557983398438,3.1537394523620605,False,8.196874618530273,False,50,0,50,double,2.1929836015903206,131.57901609541923,JUMPING,256.4182989501953,176.8028778076172
623,24.92,0.8279310464859009,65.72569999843836,180.86216735839844,105.19916534423828,3.324166774749756,False,7.816072940826416,False,50,0,50,double,2.1929836015903206,131.57901609541923,JUMPING,256.4182989501953,174.18636627197267
624,24.96,0.6295729279518127,89.68750000349246,185.00634765625,111.02168273925781,5.963275909423828,False,2.3666160106658936,False,50,0,50,double,2.1929836015903206,131.57901609541923,JUMPING,256.50173156738276,170.15713958740236
625,25.0,0.7390505075454712,64.75879999925382,188.17703247070312,111.77447509765625,1.55985426902771,False,5.315210819244385,False,50,0,50,double,2.1929836015903206,131.57901609541923,JUMPING,256.66297912597656,169.53087005615237
626,25.04,0.7580391764640808,48.98380002123304,188.53860473632812,112.23380279541016,0.7663195133209229,False,5.484211444854736,False,50,0,50,double,2.1929836015903206,131.57901609541923,JUMPING,256.66297912597656,172.9256362915039
627,25.08,0.8128584623336792,76.40780002111569,183.98562622070312,110.13648986816406,2.110055446624756,False,1.877143144607544,False,50,0,50,double,2.1929836015903206,131.57901609541923,JUMPING,256.55927734375,174.93017883300783
628,25.12,0.8301917314529419,64.05269997776486,178.3480682373047,104.10696411132812,6.04091215133667,False,0.780961275100708,True,50,0,50,double,2.1929836015903206,131.57901609541923,JUMPING,256.5382568359375,175.82360153198243
629,25.16,0.8436535596847534,67.13310000486672,173.96575927734375,100.2864990234375,3.828453779220581,False,4.524140357971191,True,50,0,50,double,2.1929836015903206,131.57901609541923,JUMPING,256.45728759765626,174.10614395141602
630,25.2,0.8669488430023193,63.147999986540526,172.06727600097656,98.26700592041016,2.0994842052459717,False,7.428469181060791,True,50,0,50,double,2.1929836015903206,131.57901609541923,JUMPING,256.45728759765626,172.7993148803711
631,25.24,0.8767222166061401,64.26539999665692,171.66159057617188,98.70309448242188,0.7460620403289795,False,8.130646705627441,True,50,0,50,double,2.1929836015903206,131.57901609541923,JUMPING,256.45728759765626,175.1187629699707
632,25.28,0.8311296701431274,72.54309998825192,173.2427978515625,102.11284637451172,3.479022264480591,False,7.716738700866699,True,50,0,50,double,2.1929836015903206,131.57901609541923,JUMPING,256.45728759765626,178.26308517456056
633,25.32,0.854438304901123,68.32839999697171,176.52294921875,103.82280731201172,1.7419888973236084,False,8.037882804870605,False,51,0,51,double,2.232143085221878,133.9285851133127,JUMPING,256.45728759765626,176.29828033447268
634,25.36,0.8786883354187012,59.093099989695475,181.36801147460938,108.23184204101562,4.419240474700928,False,6.780847549438477,False,51,0,51,double,2.232143085221878,133.9285851133127,JUMPING,256.45728759765626,173.77156677246094
635,25.4,0.7939130067825317,74.00330001837574,185.859130859375,112.87606048583984,4.670584678649902,False,7.392414093017578,False,51,0,51,double,2.232143085221878,133.9285851133127,JUMPING,256.5382568359375,169.41630630493165
636,25.44,0.6193054914474487,54.02180002420209,187.99069213867188,112.65169525146484,1.2962902784347534,False,5.236846923828125,False,51,0,51,double,2.232143085221878,133.9285851133127,JUMPING,256.5382568359375,172.4752784729004
637,25.48,0.7599126696586609,55.09749997872859,188.9690704345703,111.12152099609375,1.5907118320465088,False,3.9604249000549316,False,51,0,51,double,2.232143085221878,133.9285851133127,JUMPING,256.5382568359375,172.1711067199707
638,25.52,0.8580109477043152,66.38020000536926,185.6265869140625,106.44024658203125,4.682547569274902,False,6.0509867668151855,False,51,0,51,double,2.232143085221878,133.9285851133127,JUMPING,256.45728759765626,179.90386199951175
639,25.56,0.8563216924667358,64.70339998486452,182.94937133789062,103.62181854248047,2.8194210529327393,False,6.796626567840576,False,51,0,51,double,2.232143085221878,133.9285851133127,JUMPING,256.32717712402336,181.7326942443848
640,25.6,0.9056867361068726,64.29139999090694,176.70458984375,99.3078842163086,4.4412007331848145,False,10.46264362335205,True,51,0,51,double,2.232143085221878,133.9285851133127,JUMPING,256.1597952270507,174.61419067382815
641,25.64,0.899024486541748,66.86800002353266,172.53842163085938,96.95572662353516,2.425719738006592,False,12.117623329162598,True,51,0,51,double,2.232143085221878,133.9285851133127,JUMPING,256.10447906494136,175.00954513549806
642,25.68,0.8948130011558533,81.38469999539666,170.92617797851562,97.13623046875,0.7398110628128052,False,12.349505424499512,True,51,0,51,double,2.232143085221878,133.9285851133127,JUMPING,256.10447906494136,175.2282325744629
643,25.72,0.893897294998169,68.60389999928884,172.32461547851562,99.2200927734375,2.2422289848327637,False,11.709156036376953,True,51,0,51,double,2.232143085221878,133.9285851133127,JUMPING,256.10447906494136,180.5088737487793
644,25.76,0.8354079127311707,64.4367000204511,174.97210693359375,101.63693237304688,2.523908853530884,False,10.23689079284668,True,51,0,51,double,2.232143085221878,133.9285851133127,JUMPING,256.10447906494136,179.05621948242188
645,25.8,0.8744168281555176,58.94540000008419,179.35501098632812,105.8369140625,4.204573154449463,False,10.614140510559082,False,52,0,52,double,2.1929836015903206,131.57901609541923,JUMPING,256.10447906494136,175.22803115844727
646,25.84,0.689713716506958,53.76760000945069,185.08575439453125,110.89035034179688,5.066287517547607,False,1.814374327659607,False,52,0,52,double,2.1929836015903206,131.57901609541923,JUMPING,256.10447906494136,168.33322525024414
647,25.88,0.3143656849861145,56.28630000865087,190.08963012695312,114.26177978515625,3.3738062381744385,False,3.626140594482422,True,52,0,52,double,2.1929836015903206,131.57901609541923,JUMPING,256.10447906494136,170.56119689941409
648,25.92,0.5312594175338745,53.633300005458295,193.5528564453125,115.2694320678711,1.0166444778442383,False,5.705050468444824,False,52,0,52,double,2.1929836015903206,131.57901609541923,JUMPING,256.10447906494136,167.06307067871094
649,25.96,0.6326380968093872,61.62160000531003,189.76763916015625,111.16284942626953,4.157649040222168,False,0.7793992161750793,False,52,0,52,double,2.1929836015903206,131.57901609541923,JUMPING,256.10447906494136,180.5292922973633
650,26.0,0.6381739377975464,67.07419999293052,185.21160888671875,108.01839447021484,3.3762993812561035,False,4.952862739562988,True,52,0,52,double,2.1929836015903206,131.57901609541923,JUMPING,255.78943328857423,175.33904495239258
651,26.04,0.8715183138847351,52.3671000264585,179.11277770996094,104.35833740234375,3.6621170043945312,False,7.717240333557129,True,52,0,52,double,2.1929836015903206,131.57901609541923,JUMPING,255.39058044433594,174.9040283203125
652,26.08,0.8778000473976135,42.88090000045486,174.7539520263672,99.577392578125,4.845945358276367,False,9.902731895446777,True,52,0,52,double,2.1929836015903206,131.57901609541923,JUMPING,255.18953613281246,173.7207763671875
653,26.12,0.8663797974586487,68.88690000050701,171.8414764404297,97.3115463256836,2.307180643081665,False,10.271615028381348,True,52,0,52,double,2.1929836015903206,131.57901609541923,JUMPING,255.18953613281246,174.954264831543
654,26.16,0.8783978819847107,53.394599992316216,171.0163116455078,97.0208969116211,0.32410740852355957,False,9.59920883178711,True,52,0,52,double,2.1929836015903206,131.57901609541923,JUMPING,255.18953613281246,177.30406799316407
655,26.2,0.8552988171577454,66.33949998649769,172.35911560058594,100.63219451904297,3.638598680496216,False,8.896273612976074,False,53,0,53,double,2.272726515354456,136.36359092126736,JUMPING,255.18953613281246,180.5190872192383
656,26.24,0.18734405934810638,68.69009998627007,0.0,,0.0,False,0.0,False,53,0,53,unknown,0.0,0.0,JUMPING,,172.39135513305666
657,26.28,0.4868248403072357,48.6842000100296,180.6747589111328,106.75152587890625,6.152119159698486,False,8.351478576660156,False,53,0,53,double,2.272726515354456,136.36359092126736,JUMPING,255.28898986816404,171.7601760864258
658,26.32,0.6789976358413696,51.86399997910485,185.22434997558594,109.9295654296875,3.1795477867126465,False,7.578057289123535,False,53,0,53,double,2.272726515354456,136.36359092126736,JUMPING,255.6977975463867,172.32395629882814
659,26.36,0.465215802192688,59.36059998930432,189.05780029296875,112.07978057861328,2.1550426483154297,False,7.268381118774414,False,53,0,53,double,2.272726515354456,136.36359092126736,JUMPING,255.74313903808593,171.2109817504883
660,26.4,0.8139256238937378,62.392599997110665,187.01759338378906,110.2419662475586,2.131201982498169,False,6.511585235595703,False,53,0,53,double,2.272726515354456,136.36359092126736,JUMPING,255.74313903808593,178.49167556762697
661,26.44,0.8452834486961365,73.15690000541508,183.2196807861328,107.89531707763672,2.453406810760498,False,6.0760579109191895,False,53,0,53,double,2.272726515354456,136.36359092126736,JUMPING,255.6977975463867,179.79556732177736
662,26.48,0.7937947511672974,67.47509998967871,178.91397094726562,106.49247741699219,1.4087644815444946,False,4.793724536895752,True,53,0,53,double,2.272726515354456,136.36359092126736,JUMPING,255.27432678222655,174.8329284667969
663,26.52,0.8392613530158997,63.75789997400716,175.67962646484375,101.51947021484375,5.010946750640869,False,3.5097880363464355,True,53,0,53,double,2.272726515354456,136.36359092126736,JUMPING,254.93424407958983,175.37576980590822
664,26.56,0.8814433813095093,71.17089998791926,173.88189697265625,98.32592010498047,3.218376398086548,False,7.349684715270996,True,53,0,53,double,2.272726515354456,136.36359092126736,JUMPING,254.7246643066406,176.4943672180176
665,26.6,0.8786633014678955,60.385199991287664,173.17567443847656,96.9852066040039,1.3578521013259888,False,8.795867919921875,True,53,0,53,double,2.272726515354456,136.36359092126736,JUMPING,254.7246643066406,176.56002044677737
666,26.64,0.8459057807922363,68.82949999999255,174.29104614257812,98.3746566772461,1.4238879680633545,False,8.452646255493164,True,53,0,53,double,2.272726515354456,136.36359092126736,JUMPING,254.7246643066406,177.6769226074219
667,26.68,0.8067137598991394,62.51150000025518,175.2193603515625,100.04032135009766,1.6657989025115967,False,8.516088485717773,False,54,0,54,double,2.232143085221878,133.9285851133127,JUMPING,254.7246643066406,179.39105682373048
668,26.72,0.7596947550773621,57.97339999116957,179.78607177734375,105.30013275146484,5.338369369506836,False,7.473019123077393,False,54,0,54,double,2.232143085221878,133.9285851133127,JUMPING,254.8400939941406,174.04564361572267
669,26.76,0.7271830439567566,66.93709999672137,184.9676513671875,112.38360595703125,7.093570709228516,False,6.997647285461426,False,54,0,54,double,2.232143085221878,133.9285851133127,JUMPING,255.00084869384764,169.71390686035159
670,26.8,0.8118223547935486,63.20659999619238,187.71835327148438,114.7300796508789,2.4016542434692383,False,5.60250997543335,False,54,0,54,double,2.232143085221878,133.9285851133127,JUMPING,255.20051666259764,172.92744064331055
671,26.84,0.8475244045257568,54.7274999844376,187.19961547851562,111.55773162841797,3.2567033767700195,False,4.006820201873779,False,54,0,54,double,2.232143085221878,133.9285851133127,JUMPING,255.21321502685544,177.1564552307129
672,26.88,0.84935063123703,60.61520002549514,184.14352416992188,106.36553955078125,5.262755870819092,False,5.2647624015808105,False,54,0,54,double,2.232143085221878,133.9285851133127,JUMPING,255.20051666259764,178.6162178039551
673,26.92,0.7887464165687561,64.42989999777637,180.11740112304688,103.34086608886719,3.0561025142669678,False,1.4821611642837524,True,54,0,54,double,2.232143085221878,133.9285851133127,JUMPING,255.00084869384764,174.47494506835938
674,26.96,0.802043080329895,64.17460000375286,176.64129638671875,101.07901763916016,2.684093475341797,False,1.9886009693145752,True,54,0,54,double,2.232143085221878,133.9285851133127,JUMPING,254.89345275878904,172.54839248657228
675,27.0,0.821052074432373,53.167899983236566,174.74490356445312,99.6429214477539,1.4665906429290771,False,4.5932393074035645,True,54,0,54,double,2.232143085221878,133.9285851133127,JUMPING,254.6680798339844,170.45087966918948
676,27.04,0.8702675104141235,48.34809998283163,174.42449951171875,98.4745864868164,1.1683813333511353,False,2.7471415996551514,True,54,0,54,double,2.232143085221878,133.9285851133127,JUMPING,254.6529232788086,174.5678482055664
677,27.08,0.8447414636611938,36.54860000824556,173.93484497070312,98.06070709228516,0.41410768032073975,False,5.850079536437988,True,54,0,54,double,2.232143085221878,133.9285851133127,JUMPING,254.6529232788086,173.93018188476563
678,27.12,0.8395793437957764,33.992099983152,176.8104705810547,101.36294555664062,3.303154945373535,False,7.710113525390625,False,55,0,55,double,2.2321411548670516,133.9284692920231,JUMPING,254.6529232788086,176.55196380615237
679,27.16,0.859424352645874,38.78949998761527,181.96331787109375,106.10750579833984,4.746482849121094,False,8.7983980178833,False,55,0,55,double,2.2321411548670516,133.9284692920231,JUMPING,254.7917034912109,173.83721160888672
680,27.2,0.8268747329711914,29.045100003713742,185.16085815429688,108.81002807617188,2.70725417137146,False,8.418464660644531,False,55,0,55,double,2.2321411548670516,133.9284692920231,JUMPING,255.2141009521484,173.43797988891603
681,27.24,0.7369896173477173,36.51760000502691,188.3614959716797,111.27165985107422,2.5522305965423584,False,4.428501129150391,False,55,0,55,double,2.2321411548670516,133.9284692920231,JUMPING,255.6492233276367,170.0238021850586
682,27.28,0.8162418007850647,37.81030001118779,188.07241821289062,108.94241333007812,2.376797914505005,False,4.819260597229004,False,55,0,55,double,2.2321411548670516,133.9284692920231,JUMPING,255.70726318359374,176.16735153198243
683,27.32,0.8422091007232666,32.53619998577051,187.55905151367188,107.13311004638672,1.80931556224823,False,5.628036975860596,False,55,0,55,double,2.2321411548670516,133.9284692920231,JUMPING,255.72514343261716,176.64891204833987
684,27.36,0.87409907579422,40.0546999881044,183.33529663085938,104.77462005615234,2.434675693511963,False,5.2617926597595215,False,55,0,55,double,2.2321411548670516,133.9284692920231,JUMPING,255.72514343261716,175.4474319458008
685,27.4,0.8903480768203735,41.33659999934025,180.44442749023438,103.23712921142578,1.6076668500900269,False,5.601536273956299,True,55,0,55,double,2.2321411548670516,133.9284692920231,JUMPING,255.72514343261716,175.85733871459962
686,27.44,0.8935731649398804,33.208100008778274,177.17413330078125,100.60511016845703,2.641451597213745,False,6.962568283081055,True,55,0,55,double,2.2321411548670516,133.9284692920231,JUMPING,255.72514343261716,173.9839096069336
687,27.48,0.8824665546417236,41.602499986765906,176.048828125,99.89007568359375,0.7239475250244141,False,7.742276191711426,True,55,0,55,double,2.2321411548670516,133.9284692920231,JUMPING,255.72514343261716,173.92807540893557
688,27.52,0.8736170530319214,43.131799990078434,176.1248779296875,100.1508560180664,0.3198896050453186,False,7.862533092498779,True,55,0,55,double,2.2321411548670516,133.9284692920231,JUMPING,255.72514343261716,176.56092681884766
689,27.56,0.8467071056365967,48.33190000499599,178.63897705078125,103.15291595458984,3.014995813369751,False,7.74446439743042,False,56,0,56,double,2.232143085221878,133.9285851133127,JUMPING,255.72514343261716,175.24051055908205
690,27.6,0.8466636538505554,36.34500000043772,180.37005615234375,104.83258056640625,1.6970950365066528,False,7.720119476318359,False,56,0,56,double,2.232143085221878,133.9285851133127,JUMPING,255.72514343261716,174.72298889160157
691,27.64,0.8347911834716797,42.47879999456927,185.70364379882812,110.2492904663086,5.423770904541016,False,5.529193878173828,False,56,0,56,double,2.232143085221878,133.9285851133127,JUMPING,255.72514343261716,168.0903259277344
692,27.68,0.8339575529098511,33.50180000416003,189.2705078125,113.18585968017578,2.9402830600738525,False,4.712930202484131,False,56,0,56,double,2.232143085221878,133.9285851133127,JUMPING,255.72514343261716,167.5261344909668
693,27.72,0.6120375394821167,36.197800014633685,192.14093017578125,113.9848403930664,0.8148069381713867,False,4.429181098937988,False,56,0,56,double,2.232143085221878,133.9285851133127,JUMPING,255.74613647460933,169.50122833251953
694,27.76,0.8216279745101929,35.56190000381321,187.5983428955078,109.16002655029297,4.90010404586792,False,5.449835300445557,False,56,0,56,double,2.232143085221878,133.9285851133127,JUMPING,255.74613647460933,176.32647857666018
695,27.8,0.8550428748130798,35.33179999794811,181.8070068359375,104.72689056396484,4.43941593170166,False,6.112788677215576,True,56,0,56,double,2.232143085221878,133.9285851133127,JUMPING,255.63293090820312,175.16499633789064
696,27.84,0.8738527297973633,38.42120000626892,177.3792724609375,102.02570343017578,2.7021021842956543,False,6.760619640350342,True,56,0,56,double,2.232143085221878,133.9285851133127,JUMPING,255.55701080322265,172.64632263183594
697,27.88,0.9070513844490051,36.651100002927706,174.575439453125,98.53533935546875,3.5146796703338623,False,6.38757848739624,True,56,0,56,double,2.232143085221878,133.9285851133127,JUMPING,255.55701080322265,175.29587478637697
698,27.92,0.9069284796714783,32.527900009881705,173.1807861328125,96.8143081665039,1.7468719482421875,False,6.616943359375,True,56,0,56,double,2.232143085221878,133.9285851133127,JUMPING,255.55701080322265,173.2970558166504
699,27.96,0.9007658958435059,34.10469999653287,172.4471893310547,96.6913833618164,0.25821107625961304,False,5.966169357299805,True,56,0,56,double,2.232143085221878,133.9285851133127,JUMPING,255.55701080322265,174.732430267334
700,28.0,0.8447633981704712,178.20490000303835,172.84539794921875,99.6378402709961,2.9882330894470215,False,4.3118896484375,True,56,0,56,double,2.232143085221878,133.9285851133127,JUMPING,255.55701080322265,178.06831588745118
701,28.04,0.8408452272415161,55.83170001045801,175.3812255859375,103.06402587890625,3.465940475463867,False,7.275885581970215,False,57,0,57,double,2.2321411548670516,133.9284692920231,JUMPING,255.55701080322265,174.53249969482422
702,28.08,0.8697221279144287,33.13120000530034,180.82876586914062,107.7899169921875,4.732040882110596,False,7.327530384063721,False,57,0,57,double,2.2321411548670516,133.9284692920231,JUMPING,255.63293090820312,171.1498016357422
703,28.12,0.8107847571372986,35.04259997862391,184.3880615234375,111.17181396484375,3.420440196990967,False,2.3467812538146973,False,57,0,57,double,2.2321411548670516,133.9284692920231,JUMPING,255.70906524658204,170.32262802124023
704,28.16,0.852798581123352,36.36650001863018,188.1036376953125,114.92261505126953,3.7523670196533203,False,4.923794746398926,False,57,0,57,double,2.2321411548670516,133.9284692920231,JUMPING,255.81639007568356,168.00903778076173
705,28.2,0.8708411455154419,35.631999984616414,190.00347900390625,116.29483795166016,2.5529234409332275,False,5.018682956695557,False,57,0,57,double,2.2321411548670516,133.9284692920231,JUMPING,256.0743487548828,171.83017654418947
706,28.24,0.8002719283103943,33.290899998974055,187.27389526367188,111.81954193115234,4.4842305183410645,False,3.3342723846435547,False,57,0,57,double,2.2321411548670516,133.9284692920231,JUMPING,255.81639007568356,177.86219177246096
707,28.28,0.8613427877426147,34.80719999060966,183.49130249023438,106.85247802734375,5.0081658363342285,False,2.818122386932373,True,57,0,57,double,2.2321411548670516,133.9284692920231,JUMPING,255.81465057373043,174.99637756347659
708,28.32,0.8126667737960815,33.163600019179285,178.6497802734375,102.4181137084961,4.470634937286377,False,2.2159361839294434,True,57,0,57,double,2.2321411548670516,133.9284692920231,JUMPING,255.81465057373043,172.37281646728516
709,28.36,0.8516994118690491,57.68909998005256,176.23519897460938,100.49237823486328,1.944960355758667,False,5.65217924118042,True,57,0,57,double,2.2321411548670516,133.9284692920231,JUMPING,255.81465057373043,173.95715484619143
710,28.4,0.9053548574447632,103.22509999969043,174.51947021484375,97.59957885742188,3.017669439315796,False,1.7195491790771484,True,57,0,57,double,2.2321411548670516,133.9284692920231,JUMPING,255.81465057373043,176.13854064941407
711,28.44,0.8233205080032349,47.077099996386096,174.99185180664062,101.06843566894531,4.443286418914795,False,3.5236399173736572,True,57,0,57,double,2.2321411548670516,133.9284692920231,JUMPING,255.81465057373043,177.20097656250002
712,28.48,0.8737255930900574,48.267100006341934,176.53231811523438,101.06270599365234,1.0933606624603271,False,3.1398696899414062,False,58,0,58,double,2.1929836015903206,131.57901609541923,JUMPING,255.81465057373043,178.40324554443362
713,28.52,0.8583771586418152,47.00419999426231,178.1731414794922,102.84417724609375,1.8824188709259033,False,5.525868892669678,False,58,0,58,double,2.1929836015903206,131.57901609541923,JUMPING,255.81465057373043,177.87470474243165
714,28.56,0.839982807636261,53.40469998191111,180.57882690429688,104.92788696289062,2.225843906402588,False,5.703084945678711,False,58,0,58,double,2.1929836015903206,131.57901609541923,JUMPING,255.81465057373043,175.5199836730957
715,28.6,0.7776879072189331,50.26190000353381,186.36679077148438,108.16253662109375,3.2437658309936523,False,6.006624698638916,False,58,0,58,double,2.1929836015903206,131.57901609541923,JUMPING,255.92431243896482,171.59817047119142
716,28.64,0.8168112635612488,48.17319998983294,190.05780029296875,110.01537322998047,1.8813985586166382,False,5.761683464050293,False,58,0,58,double,2.1929836015903206,131.57901609541923,JUMPING,255.97558624267577,171.45813598632813
717,28.68,0.8970920443534851,45.794699981343,189.78013610839844,107.88553619384766,2.147885799407959,False,4.1514668464660645,False,58,0,58,double,2.1929836015903206,131.57901609541923,JUMPING,255.92431243896482,175.77309646606446
718,28.72,0.8736240267753601,44.06250000465661,184.3513946533203,102.39862823486328,5.489356517791748,False,3.319058418273926,True,58,0,58,double,2.1929836015903206,131.57901609541923,JUMPING,255.88871795654296,181.11665496826174
719,28.76,0.9001491069793701,47.28979998617433,180.28402709960938,98.35726928710938,4.058985710144043,False,3.202662944793701,True,58,0,58,double,2.1929836015903206,131.57901609541923,JUMPING,255.6912890625,175.37504806518555
720,28.8,0.8949826955795288,40.901999978814274,176.99899291992188,97.70947265625,0.7108737826347351,False,5.562733173370361,True,58,0,58,double,2.1929836015903206,131.57901609541923,JUMPING,255.6574786376953,174.83037719726565
721,28.84,0.9034785628318787,35.71670001838356,174.99661254882812,97.10845184326172,0.6172183752059937,False,6.657862663269043,True,58,0,58,double,2.1929836015903206,131.57901609541923,JUMPING,255.6574786376953,175.25780715942383
722,28.88,0.8712030053138733,36.66959999827668,174.5841522216797,98.16552734375,1.6304576396942139,False,8.122540473937988,True,58,0,58,double,2.1929836015903206,131.57901609541923,JUMPING,255.6574786376953,176.87026824951172
723,28.92,0.8440256714820862,43.974800006253645,176.5088348388672,101.39022064208984,3.4948978424072266,False,8.215686798095703,False,59,0,59,double,2.232143085221878,133.9285851133127,JUMPING,255.6574786376953,179.23789672851564
724,28.96,0.5059528350830078,44.63160000159405,179.91851806640625,104.89768981933594,3.5734167098999023,False,0.7973360419273376,False,59,0,59,double,2.232143085221878,133.9285851133127,JUMPING,255.6912890625,176.58000259399415
725,29.0,0.6048173904418945,42.808700003661215,182.38674926757812,106.46844482421875,1.5724776983261108,False,3.3866186141967773,False,59,0,59,double,2.232143085221878,133.9285851133127,JUMPING,255.9225729370117,177.3419761657715
726,29.04,0.8343151807785034,37.491199997020885,186.83750915527344,110.43059539794922,3.9704458713531494,False,4.406803607940674,False,59,0,59,double,2.232143085221878,133.9285851133127,JUMPING,255.99907623291017,170.48785629272462
727,29.08,0.8795982599258423,49.719000002369285,189.1812286376953,111.7326889038086,1.376183032989502,False,6.881130218505859,False,59,0,59,double,2.232143085221878,133.9285851133127,JUMPING,256.3548236083984,175.03135681152344
728,29.12,0.8791917562484741,43.193899997277185,187.31613159179688,108.08364868164062,3.6966049671173096,False,8.011029243469238,False,59,0,59,double,2.232143085221878,133.9285851133127,JUMPING,256.5163146972656,179.62327270507814
729,29.16,0.8467865586280823,43.51920000044629,182.71807861328125,105.08675384521484,3.0026724338531494,False,9.008892059326172,False,59,0,59,double,2.232143085221878,133.9285851133127,JUMPING,256.5163146972656,178.03609771728517
730,29.2,0.7790589928627014,46.99799997615628,176.949462890625,103.39334869384766,1.7280001640319824,False,3.1779074668884277,True,59,0,59,double,2.232143085221878,133.9285851133127,JUMPING,256.5163146972656,175.6120559692383
731,29.24,0.8216943740844727,42.02300001634285,172.79457092285156,101.95894622802734,1.450893521308899,False,5.827597141265869,True,59,0,59,double,2.232143085221878,133.9285851133127,JUMPING,256.5163146972656,174.4314895629883
732,29.28,0.7614856958389282,47.3340000025928,172.83135986328125,101.58982849121094,2.743170976638794,False,8.462397575378418,True,59,0,59,double,2.232143085221878,133.9285851133127,JUMPING,256.5163146972656,173.53582611083985
733,29.32,0.8353959321975708,41.87210000236519,172.2999725341797,99.07059478759766,3.204359292984009,False,0.6835536956787109,True,59,0,59,double,2.232143085221878,133.9285851133127,JUMPING,256.5163146972656,175.56180267333986
734,29.36,0.7068703174591064,43.12749998643994,173.331298828125,102.57991027832031,4.396695613861084,False,4.9173712730407715,True,59,0,59,double,2.232143085221878,133.9285851133127,JUMPING,256.5163146972656,176.3318916320801
735,29.4,0.6514115929603577,38.14200000488199,175.52587890625,103.8575439453125,1.3297966718673706,False,3.472569227218628,True,59,0,59,double,2.232143085221878,133.9285851133127,JUMPING,256.5163146972656,178.54114837646486
736,29.44,0.7297152280807495,33.168000023579225,177.20050048828125,104.1073989868164,0.4199407994747162,False,7.432924747467041,False,60,0,60,double,2.1551727526572564,129.31036515943538,JUMPING,256.5163146972656,180.02885742187502
737,29.48,0.42912399768829346,39.227799978107214,183.13198852539062,107.7440185546875,3.8745789527893066,False,5.348369121551514,False,60,0,60,double,2.1551727526572564,129.31036515943538,JUMPING,256.5163146972656,171.54127044677736
738,29.52,0.5357612371444702,36.52470000088215,187.07318115234375,109.69198608398438,2.193027973175049,False,6.20308256149292,False,60,0,60,double,2.1551727526572564,129.31036515943538,JUMPING,256.7471997070312,171.89978256225587
739,29.56,0.83033686876297,34.46789999725297,187.12283325195312,107.41284942626953,2.2855417728424072,False,5.6203413009643555,False,60,0,60,double,2.1551727526572564,129.31036515943538,JUMPING,256.7471997070312,177.45172271728518
740,29.6,0.8105391263961792,34.36399999191053,186.7471923828125,106.07210540771484,1.3585975170135498,False,5.705698013305664,False,60,0,60,double,2.1551727526572564,129.31036515943538,JUMPING,256.7471997070312,177.1793411254883
741,29.64,0.7170114517211914,35.302700009197,180.47647094726562,105.23933410644531,0.8904860615730286,False,1.2958165407180786,True,60,0,60,double,2.1551727526572564,129.31036515943538,JUMPING,256.7221234130859,175.81926269531252
742,29.68,0.8397824764251709,34.19979999307543,175.88023376464844,101.09881591796875,4.153151035308838,False,4.897500514984131,True,60,0,60,double,2.1551727526572564,129.31036515943538,JUMPING,256.64357574462883,176.06782684326174
743,29.72,0.8387237787246704,34.479300025850534,173.0824737548828,98.56942749023438,2.55251145362854,False,7.677023410797119,True,60,0,60,double,2.1551727526572564,129.31036515943538,JUMPING,256.64357574462883,176.11771087646486
744,29.76,0.8390132784843445,36.403800011612475,172.27549743652344,96.1949691772461,2.3755710124969482,False,8.952665328979492,True,60,0,60,double,2.1551727526572564,129.31036515943538,JUMPING,256.64357574462883,176.47013015747072
745,29.8,0.859298050403595,36.067600012756884,171.66952514648438,95.14749145507812,1.0476206541061401,False,8.996635437011719,True,60,0,60,double,2.1551727526572564,129.31036515943538,JUMPING,256.64357574462883,176.6006561279297
746,29.84,0.7796013951301575,34.713400003965944,173.02743530273438,98.0617446899414,2.983992576599121,False,3.3936073780059814,True,60,0,60,double,2.1551727526572564,129.31036515943538,JUMPING,256.64357574462883,180.52752990722658
747,29.88,0.7598345279693604,35.25640000589192,173.79452514648438,99.80644989013672,1.7534433603286743,False,8.143766403198242,False,61,0,61,double,2.1551727526572564,129.31036515943538,JUMPING,256.64357574462883,179.1278228759766
748,29.92,0.7117489576339722,52.965100010624155,175.71847534179688,103.18798065185547,3.431101083755493,False,5.414314270019531,False,61,0,61,double,2.1551727526572564,129.31036515943538,JUMPING,256.64357574462883,176.9645980834961
749,29.96,0.6706647872924805,38.489900005515665,180.07769775390625,107.39989471435547,4.230233192443848,False,2.056666851043701,False,61,0,61,double,2.1551727526572564,129.31036515943538,JUMPING,256.64357574462883,174.33984527587893
750,30.0,0.7917136549949646,56.87610001768917,184.6613311767578,111.43509674072266,4.046449661254883,False,6.353097438812256,False,61,0,61,double,2.1551727526572564,129.31036515943538,JUMPING,256.7221234130859,171.6307830810547
751,30.04,0.8398890495300293,42.463599995244294,184.7005157470703,109.99310302734375,1.6480544805526733,False,7.313024520874023,False,61,0,61,double,2.1551727526572564,129.31036515943538,JUMPING,256.7221234130859,174.33570785522463
752,30.08,0.8382445573806763,49.198800028534606,184.10989379882812,108.82196807861328,1.258210301399231,False,7.005589962005615,False,61,0,61,double,2.1551727526572564,129.31036515943538,JUMPING,256.64357574462883,174.348388671875
753,30.12,0.8406631946563721,39.57090000039898,178.1192626953125,104.24956512451172,4.577096462249756,False,3.5873725414276123,True,61,0,61,double,2.1551727526572564,129.31036515943538,JUMPING,256.6347454833984,173.50801391601564
754,30.16,0.8338057994842529,41.64330000639893,173.69381713867188,101.42721557617188,2.8382153511047363,False,8.2838773727417,True,61,0,61,double,2.1551727526572564,129.31036515943538,JUMPING,256.4830334472656,172.30443572998047
755,30.2,0.7519509792327881,46.8525999749545,170.93875122070312,99.2728042602539,2.1551294326782227,False,0.5750167965888977,True,61,0,61,double,2.1551727526572564,129.31036515943538,JUMPING,256.4830334472656,176.71262664794924
756,30.24,0.8127553462982178,36.41170001355931,171.87686157226562,97.08611297607422,2.2551071643829346,False,4.857768535614014,True,61,0,61,double,2.1551727526572564,129.31036515943538,JUMPING,256.4830334472656,177.25602188110352
757,30.28,0.826099157333374,41.23289999552071,172.4497833251953,96.16546630859375,1.0510457754135132,False,9.084870338439941,True,61,0,61,double,2.1551727526572564,129.31036515943538,JUMPING,256.4830334472656,178.52820739746096
758,30.32,0.7446894645690918,40.738799987593666,175.55401611328125,98.9993896484375,2.903308629989624,False,7.613834857940674,True,61,0,61,double,2.1551727526572564,129.31036515943538,JUMPING,256.4830334472656,179.63445129394532
759,30.36,0.7497233152389526,37.08209999604151,179.8491973876953,102.71773529052734,3.8132593631744385,False,5.086112976074219,False,62,0,62,double,2.1551727526572564,129.31036515943538,JUMPING,256.484653930664,177.26192169189454
760,30.4,0.761192798614502,43.420700007118285,181.9335479736328,104.98627471923828,2.3418970108032227,False,3.25018572807312,False,62,0,62,double,2.1551727526572564,129.31036515943538,JUMPING,256.6347454833984,177.30083694458008
761,30.44,0.4944288432598114,36.53520002262667,185.9515380859375,108.25180053710938,3.265833854675293,False,3.3623602390289307,False,62,0,62,double,2.1551727526572564,129.31036515943538,JUMPING,256.8484326171875,171.22571029663087
762,30.48,0.7592841386795044,39.00950000388548,186.92471313476562,108.17398834228516,0.5654230713844299,False,4.905606269836426,False,62,0,62,double,2.1551727526572564,129.31036515943538,JUMPING,256.6347454833984,175.07283172607424
763,30.52,0.8546729683876038,37.89760000654496,184.8046417236328,104.93509674072266,3.2504942417144775,False,5.240138053894043,False,62,0,62,double,2.1551727526572564,129.31036515943538,JUMPING,256.31281127929685,180.59314117431643
764,30.56,0.7648983001708984,39.74690000177361,179.5032196044922,102.8834228515625,2.155710458755493,False,4.454432010650635,True,62,0,62,double,2.1551727526572564,129.31036515943538,JUMPING,256.22947998046874,178.8283172607422
765,30.6,0.8384766578674316,41.097300010733306,175.48899841308594,98.98926544189453,3.9653515815734863,False,7.556886196136475,True,62,0,62,double,2.1551727526572564,129.31036515943538,JUMPING,256.00513946533204,178.5123458862305
766,30.64,0.8660666942596436,38.62579999258742,172.97433471679688,96.5328598022461,2.474642753601074,False,8.349189758300781,True,62,0,62,double,2.1551727526572564,129.31036515943538,JUMPING,256.00513946533204,176.86363830566407
767,30.68,0.8173370957374573,37.823199992999434,171.99267578125,95.56167602539062,0.9711905121803284,False,7.399856090545654,True,62,0,62,double,2.1551727526572564,129.31036515943538,JUMPING,256.00513946533204,178.128035736084
768,30.72,0.8465195894241333,54.37890000757761,171.48385620117188,95.19384002685547,0.49081218242645264,False,7.338136196136475,True,62,0,62,double,2.1551727526572564,129.31036515943538,JUMPING,256.00513946533204,177.49589996337892
769,30.76,0.8360541462898254,55.233500024769455,172.64682006835938,96.42010498046875,1.2296314239501953,False,6.604909896850586,True,62,0,62,double,2.1551727526572564,129.31036515943538,JUMPING,256.00513946533204,178.99475402832033
770,30.8,0.8499222993850708,45.93990001012571,175.09002685546875,99.18209075927734,2.7816483974456787,False,6.6375274658203125,False,63,0,63,double,2.1551727526572564,129.31036515943538,JUMPING,256.00513946533204,180.75703506469728
771,30.84,0.5191505551338196,55.06780001451261,180.2252960205078,104.95105743408203,5.772744178771973,False,5.585859298706055,False,63,0,63,double,2.1551727526572564,129.31036515943538,JUMPING,256.00513946533204,175.78675918579103
772,30.88,0.6937888860702515,55.018499988364056,184.99179077148438,109.44127655029297,4.495903491973877,False,5.6488518714904785,False,63,0,63,double,2.1551727526572564,129.31036515943538,JUMPING,256.0324359130859,170.47554473876954
773,30.92,0.8307925462722778,43.46580000128597,187.53402709960938,110.11510467529297,0.6795280575752258,False,5.299612998962402,False,63,0,63,double,2.1551727526572564,129.31036515943538,JUMPING,256.05650512695314,174.4468055725098
774,30.96,0.8777247071266174,43.6762000026647,186.34039306640625,107.7795181274414,2.394460678100586,False,4.5534844398498535,False,63,0,63,double,2.1551727526572564,129.31036515943538,JUMPING,256.0324359130859,177.57904281616212
775,31.0,0.8814132809638977,43.367200007196516,185.14593505859375,105.92838287353516,1.8619627952575684,False,4.357905864715576,False,63,0,63,double,2.1551727526572564,129.31036515943538,JUMPING,255.73683319091796,177.76622543334963
776,31.04,0.7708374857902527,44.98050000984222,180.20700073242188,105.86229705810547,0.21549946069717407,False,2.529630661010742,False,63,0,63,double,2.1551727526572564,129.31036515943538,JUMPING,255.56904541015626,177.89667587280275
777,31.08,0.8730968832969666,40.00489998725243,175.9569091796875,100.1191177368164,5.761080265045166,False,2.3130850791931152,True,63,0,63,double,2.1551727526572564,129.31036515943538,JUMPING,255.3808999633789,174.9282653808594
778,31.12,0.9017609357833862,37.390499986940995,173.50497436523438,97.69473266601562,2.577881336212158,False,4.208245754241943,True,63,0,63,double,2.1551727526572564,129.31036515943538,JUMPING,255.3808999633789,174.68131256103516
779,31.16,0.9002488255500793,41.1378999997396,171.6707763671875,96.4967269897461,1.2087233066558838,False,5.086788177490234,True,63,0,63,double,2.1551727526572564,129.31036515943538,JUMPING,255.3808999633789,176.68511657714845
780,31.2,0.8984971046447754,40.49559999839403,169.665771484375,96.03228759765625,1.5156611204147339,False,6.299916744232178,True,63,0,63,double,2.1551727526572564,129.31036515943538,JUMPING,255.3808999633789,176.23570709228517
781,31.24,0.750566303730011,41.36790000484325,171.48068237304688,100.13819122314453,4.275748252868652,False,6.487523078918457,True,63,0,63,double,2.1551727526572564,129.31036515943538,JUMPING,255.3808999633789,181.66836700439455
782,31.28,0.3849143087863922,39.09760000533424,176.16815185546875,103.7917709350586,3.7127768993377686,False,6.2946038246154785,False,64,0,64,double,2.1186435198655156,127.11861119193094,JUMPING,255.3808999633789,177.0610092163086
783,31.32,0.7770894765853882,36.830299999564886,181.649169921875,107.97248077392578,4.217833042144775,False,6.264718055725098,False,64,0,64,double,2.1186435198655156,127.11861119193094,JUMPING,255.6366186523437,171.49766387939454
784,31.36,0.5709855556488037,35.8917000121437,186.49960327148438,110.0589599609375,2.088334321975708,False,6.711429119110107,False,64,0,64,double,2.1186435198655156,127.11861119193094,JUMPING,255.82483276367185,171.81838531494142
785,31.4,0.5404590964317322,37.30240001459606,188.26312255859375,108.12242889404297,1.9366247653961182,False,5.256667137145996,False,64,0,64,double,2.1186435198655156,127.11861119193094,JUMPING,255.97381591796875,178.86399307250977
786,31.44,0.8465340733528137,39.48050001054071,186.264892578125,105.34493255615234,2.8021578788757324,False,3.2469162940979004,False,64,0,64,double,2.1186435198655156,127.11861119193094,JUMPING,255.94974670410153,180.33348236083987
787,31.48,0.7755558490753174,40.879499982111156,180.7919921875,102.10868072509766,3.24137020111084,False,5.061721324920654,True,64,0,64,double,2.1186435198655156,127.11861119193094,JUMPING,255.78735870361328,178.88827209472657
788,31.52,0.8442829251289368,39.42689998075366,175.97796630859375,99.04894256591797,3.060183525085449,False,7.694528102874756,True,64,0,64,double,2.1186435198655156,127.11861119193094,JUMPING,255.78735870361328,176.94309692382814
789,31.56,0.8574443459510803,39.003900019451976,173.4214630126953,97.53606414794922,1.5160659551620483,False,8.361329078674316,True,64,0,64,double,2.1186435198655156,127.11861119193094,JUMPING,255.78735870361328,176.35942687988282
790,31.6,0.8707430362701416,41.31589998723939,172.7821044921875,96.5612564086914,1.016330361366272,False,8.25394344329834,True,64,0,64,double,2.1186435198655156,127.11861119193094,JUMPING,255.78735870361328,177.29898223876955
791,31.64,0.8765468001365662,37.698600004659966,173.95947265625,97.38878631591797,0.8603924512863159,False,8.089861869812012,True,64,0,64,double,2.1186435198655156,127.11861119193094,JUMPING,255.78735870361328,178.83195953369142
792,31.68,0.8827475905418396,42.6267999864649,173.70751953125,98.3889389038086,1.0316126346588135,False,8.014875411987305,True,64,0,64,double,2.1186435198655156,127.11861119193094,JUMPING,255.78735870361328,176.76288833618165
793,31.72,0.8390189409255981,33.7454000255093,178.02835083007812,102.7318115234375,4.343221187591553,False,8.091955184936523,False,65,0,65,double,2.1929836015903206,131.57901609541923,JUMPING,255.78735870361328,175.52024383544924
794,31.76,0.8411818742752075,37.49360001529567,182.98394775390625,107.46488189697266,4.733468055725098,False,7.058900833129883,False,65,0,65,double,2.1929836015903206,131.57901609541923,JUMPING,255.85407318115233,172.82528915405274
795,31.8,0.8193808794021606,37.76119998656213,188.0380859375,110.2763671875,2.818070650100708,False,6.3683881759643555,False,65,0,65,double,2.1929836015903206,131.57901609541923,JUMPING,255.8550390625,173.22452087402345
796,31.84,0.6338672041893005,45.40219999034889,188.57989501953125,110.49545288085938,0.5242323875427246,False,4.959381580352783,False,65,0,65,double,2.1929836015903206,131.57901609541923,JUMPING,255.85407318115233,174.4009246826172
797,31.88,0.8366385102272034,38.34379999898374,188.4020538330078,110.4603271484375,0.3593335449695587,False,4.888977527618408,False,65,0,65,double,2.1929836015903206,131.57901609541923,JUMPING,255.6154022216797,175.10095443725587
798,31.92,0.8811639547348022,38.686999992933124,183.52261352539062,105.80438232421875,4.678747653961182,False,3.0333282947540283,True,65,0,65,double,2.1929836015903206,131.57901609541923,JUMPING,255.54329010009764,178.81509094238282
799,31.96,0.8810120820999146,38.415599992731586,180.2404327392578,103.011474609375,2.8047292232513428,False,2.1756393909454346,True,65,0,65,double,2.1929836015903206,131.57901609541923,JUMPING,255.30116210937499,179.1516067504883
800,32.0,0.8529049754142761,44.235500012291595,174.88232421875,99.5377197265625,3.475292444229126,False,4.930674076080322,True,65,0,65,double,2.1929836015903206,131.57901609541923,JUMPING,255.30116210937499,176.30281219482424
801,32.04,0.877974808216095,39.12889998173341,171.3341064453125,97.95870971679688,1.5824859142303467,False,6.368460655212402,True,65,0,65,double,2.1929836015903206,131.57901609541923,JUMPING,255.30116210937499,176.23679809570314
802,32.08,0.8992213010787964,41.454599995631725,170.34771728515625,97.09561157226562,0.884111762046814,False,6.996642589569092,True,65,0,65,double,2.1929836015903206,131.57901609541923,JUMPING,255.30116210937499,177.81615982055666
803,32.12,0.8730096817016602,37.027399986982346,171.72122192382812,98.38011932373047,1.2869471311569214,False,6.745368957519531,True,65,0,65,double,2.1929836015903206,131.57901609541923,JUMPING,255.30116210937499,180.10069580078127
804,32.16,0.8791846632957458,59.469300002092496,172.08384704589844,99.2688217163086,0.929013192653656,False,6.276040077209473,False,66,0,66,double,2.1929817383715102,131.57890430229062,JUMPING,255.30116210937499,179.35125198364258
805,32.2,0.8470861911773682,62.52330000279471,177.57748413085938,104.67606353759766,5.410211086273193,False,5.267693996429443,False,66,0,66,double,2.1929817383715102,131.57890430229062,JUMPING,255.30116210937499,175.89825973510744
806,32.24,0.8530828952789307,74.22660000156611,181.39816284179688,107.41121673583984,2.7414684295654297,False,4.6479973793029785,False,66,0,66,double,2.1929817383715102,131.57890430229062,JUMPING,255.52052429199216,175.62361221313478
807,32.28,0.8533827662467957,53.01940001663752,184.79112243652344,109.67977905273438,2.2844674587249756,False,3.519657850265503,False,66,0,66,double,2.1929817383715102,131.57890430229062,JUMPING,255.52484100341798,176.49057388305667
808,32.32,0.8465862274169922,65.94539998332039,184.05703735351562,106.90383911132812,2.7957801818847656,False,3.8908815383911133,False,66,0,66,double,2.1929817383715102,131.57890430229062,JUMPING,255.52484100341798,180.2255569458008
809,32.36,0.8656653165817261,62.906799983466044,180.1349639892578,103.11019897460938,3.8013839721679688,False,5.111776351928711,True,66,0,66,double,2.1929817383715102,131.57890430229062,JUMPING,255.52052429199216,183.6684280395508
810,32.4,0.8275774717330933,53.07409999659285,177.52171325683594,100.95166778564453,2.1629951000213623,False,5.421178340911865,True,66,0,66,double,2.1929817383715102,131.57890430229062,JUMPING,255.34179962158203,183.81903686523438
811,32.44,0.528506875038147,64.55720000667498,172.6575927734375,97.546142578125,3.4077341556549072,False,6.87352180480957,True,66,0,66,double,2.1929817383715102,131.57890430229062,JUMPING,255.34179962158203,178.09410552978517
812,32.48,0.8879923820495605,80.28910000575706,170.28982543945312,95.864013671875,1.6823034286499023,False,7.579263687133789,True,66,0,66,double,2.1929817383715102,131.57890430229062,JUMPING,255.34179962158203,178.58143157958986
813,32.52,0.8936107158660889,79.24009999260306,168.83749389648438,95.32527923583984,0.538734495639801,False,7.542458534240723,True,66,0,66,double,2.1929817383715102,131.57890430229062,JUMPING,255.34179962158203,178.73950119018556
814,32.56,0.7974443435668945,75.09640001808293,169.87411499023438,97.7148208618164,2.4007675647735596,False,2.0137879848480225,True,66,0,66,double,2.1929817383715102,131.57890430229062,JUMPING,255.34179962158203,179.5973991394043
815,32.6,0.8224222660064697,116.68659999850206,173.53111267089844,100.80583953857422,3.0957682132720947,False,3.474881649017334,False,67,0,67,double,2.232145015580044,133.92870093480263,JUMPING,255.34179962158203,181.58294143676758
816,32.64,0.8258202075958252,174.8708999948576,175.08358764648438,102.3781509399414,1.6178191900253296,False,4.614634037017822,False,67,0,67,double,2.232145015580044,133.92870093480263,JUMPING,255.52052429199216,180.85696258544922
817,32.68,0.8360627889633179,95.98549999645911,181.81871032714844,107.75537872314453,5.377717018127441,False,6.1532392501831055,False,67,0,67,double,2.232145015580044,133.92870093480263,JUMPING,255.54760681152345,175.03640899658205
818,32.72,0.8160829544067383,79.92469999589957,186.06549072265625,110.4010009765625,2.6463215351104736,False,7.239813327789307,False,67,0,67,double,2.232145015580044,133.92870093480263,JUMPING,255.64432373046873,173.96351623535156
819,32.76,0.889725387096405,66.82390000787564,186.0255126953125,108.1156997680664,2.289365768432617,False,5.0858154296875,False,67,0,67,double,2.232145015580044,133.92870093480263,JUMPING,255.67779998779295,180.43774871826173
820,32.8,0.8619450926780701,65.58699999004602,184.32386779785156,104.4463119506836,3.7201380729675293,False,5.355892181396484,False,67,0,67,double,2.232145015580044,133.92870093480263,JUMPING,255.63181396484373,183.12081985473634
821,32.84,0.8565549254417419,83.21010001236573,182.71121215820312,102.03885650634766,2.435703992843628,False,4.948209285736084,False,67,0,67,double,2.232145015580044,133.92870093480263,JUMPING,255.52484100341798,182.9199073791504
822,32.88,0.7066536545753479,55.345900007523596,176.9544677734375,98.64041137695312,3.4114832878112793,False,3.0601449012756348,True,67,0,67,double,2.232145015580044,133.92870093480263,JUMPING,255.4675778198242,177.7521179199219
823,32.92,0.8950232863426208,69.3172000173945,174.08645629882812,96.453857421875,2.2438602447509766,False,5.054561614990234,True,67,0,67,double,2.232145015580044,133.92870093480263,JUMPING,255.28885314941405,178.65432739257815
824,32.96,0.8947409987449646,59.04759999248199,172.16624450683594,95.61905670166016,0.9047839641571045,False,5.988606929779053,True,67,0,67,double,2.232145015580044,133.92870093480263,JUMPING,255.28885314941405,178.94241943359376
825,33.0,0.8282982110977173,65.32719999086112,170.98342895507812,95.32830810546875,0.31692489981651306,False,2.273899793624878,True,67,0,67,double,2.232145015580044,133.92870093480263,JUMPING,255.28885314941405,180.05498275756838
826,33.04,0.8766312003135681,59.17559997760691,173.63229370117188,98.06510162353516,2.7451817989349365,False,5.085536003112793,False,68,0,68,double,2.2321411548670516,133.9284692920231,JUMPING,255.28885314941405,181.8176078796387
827,33.08,0.7876977920532227,62.819399987347424,178.27044677734375,101.96588897705078,3.90242862701416,False,7.586556434631348,False,68,0,68,double,2.2321411548670516,133.9284692920231,JUMPING,255.47647033691408,178.5763122558594
828,33.12,0.7804233431816101,65.1159999833908,183.46978759765625,107.48492431640625,5.522443771362305,False,7.288420677185059,False,68,0,68,double,2.2321411548670516,133.9284692920231,JUMPING,255.55376251220702,173.82657852172852
829,33.16,0.790132999420166,148.37209999677725,186.8070526123047,110.71822357177734,3.2340173721313477,False,7.106088638305664,False,68,0,68,double,2.2321411548670516,133.9284692920231,JUMPING,255.94831512451168,173.8041961669922
830,33.2,0.7788829803466797,301.724999997532,188.1739959716797,108.30443572998047,2.414088249206543,False,4.985222339630127,False,68,0,68,double,2.2321411548670516,133.9284692920231,JUMPING,256.26119018554687,178.64648895263673
831,33.24,0.8924440145492554,502.91439998545684,185.32659912109375,106.605712890625,1.7004586458206177,False,3.8817999362945557,False,68,0,68,double,2.2321411548670516,133.9284692920231,JUMPING,256.26119018554687,181.9207748413086
832,33.28,0.6612670421600342,246.37779998010956,180.67245483398438,101.917236328125,4.71213960647583,False,4.417360782623291,True,68,0,68,double,2.2321411548670516,133.9284692920231,JUMPING,256.15217834472656,182.4172401428223
833,33.32,0.7062575221061707,170.2911999891512,174.86526489257812,98.69680786132812,3.229044198989868,False,6.567294120788574,True,68,0,68,double,2.2321411548670516,133.9284692920231,JUMPING,256.15217834472656,177.32562789916994
834,33.36,0.6184937953948975,127.97870000940748,171.787353515625,96.65679168701172,2.042215585708618,False,6.96931266784668,True,68,0,68,double,2.2321411548670516,133.9284692920231,JUMPING,256.15217834472656,177.27410736083985
835,33.4,0.8405653238296509,64.03829998453148,170.0215301513672,96.54010009765625,0.6776941418647766,False,6.526599407196045,True,68,0,68,double,2.2321411548670516,133.9284692920231,JUMPING,256.15217834472656,178.32323303222657
836,33.44,0.8796408772468567,62.924700003350154,170.34796142578125,95.88480377197266,0.6606941223144531,False,6.134363174438477,True,68,0,68,double,2.2321411548670516,133.9284692920231,JUMPING,256.15217834472656,180.30238037109376
837,33.48,0.8676028251647949,70.95930000650696,170.79818725585938,95.77486419677734,0.1133333072066307,False,6.047097682952881,True,68,0,68,double,2.2321411548670516,133.9284692920231,JUMPING,256.15217834472656,181.03162384033206
838,33.52,0.7162331342697144,66.89919999917038,172.85311889648438,97.81319427490234,2.0823519229888916,False,2.61987042427063,True,68,0,68,double,2.2321411548670516,133.9284692920231,JUMPING,256.15217834472656,181.80042877197266
839,33.56,0.8827505111694336,69.22899998608045,179.86477661132812,102.70508575439453,4.9281511306762695,False,4.454288482666016,False,69,0,69,double,2.1929817383715102,131.57890430229062,JUMPING,256.15217834472656,177.15266189575198
840,33.6,0.8788180947303772,59.58249999093823,184.58468627929688,105.2132339477539,2.5091404914855957,False,5.457656383514404,False,69,0,69,double,2.1929817383715102,131.57890430229062,JUMPING,256.3390301513671,176.7837013244629
841,33.64,0.8692019581794739,68.15499998629093,188.2386474609375,106.40132904052734,1.2081080675125122,False,3.8680222034454346,False,69,0,69,double,2.1929817383715102,131.57890430229062,JUMPING,256.3741772460937,178.59428863525392
842,33.68,0.8937817811965942,49.65890001039952,186.54588317871094,106.57479095458984,0.2865421175956726,False,2.773145914077759,False,69,0,69,double,2.1929817383715102,131.57890430229062,JUMPING,256.3741772460937,181.8817840576172
843,33.72,0.8951974511146545,73.30240000737831,185.26034545898438,106.2708511352539,0.31205642223358154,False,2.323410749435425,False,69,0,69,double,2.1929817383715102,131.57890430229062,JUMPING,256.3390301513671,183.05540161132814
844,33.76,0.871498703956604,54.686799994669855,178.52084350585938,100.5550765991211,5.71580171585083,False,4.975775718688965,True,69,0,69,double,2.1929817383715102,131.57890430229062,JUMPING,256.2749523925781,178.3324142456055
845,33.8,0.8721683025360107,50.33650001860224,174.1038818359375,97.02605438232422,3.529104232788086,False,6.415607452392578,True,69,0,69,double,2.1929817383715102,131.57890430229062,JUMPING,256.2749523925781,177.48749084472658
846,33.84,0.9123412370681763,53.604999993694946,171.043212890625,95.14569091796875,1.9657386541366577,False,6.950593948364258,True,69,0,69,double,2.1929817383715102,131.57890430229062,JUMPING,256.2749523925781,177.4753387451172
847,33.88,0.8967630863189697,54.47130001266487,169.99267578125,94.29186248779297,0.9238072037696838,False,6.572750091552734,True,69,0,69,double,2.1929817383715102,131.57890430229062,JUMPING,256.2749523925781,179.1504318237305
848,33.92,0.9017179608345032,66.07440000516362,170.64984130859375,95.18184661865234,0.9254087805747986,False,6.945138454437256,True,69,0,69,double,2.1929817383715102,131.57890430229062,JUMPING,256.2749523925781,179.49112701416018
849,33.96,0.8836942315101624,60.75779997627251,173.488037109375,97.90641021728516,2.724567413330078,False,7.571946144104004,True,69,0,69,double,2.1929817383715102,131.57890430229062,JUMPING,256.2749523925781,180.28677902221682
850,34.0,0.8549736738204956,55.02279999200255,178.25555419921875,101.846435546875,3.9434120655059814,False,6.6609625816345215,False,70,0,70,double,2.1929817383715102,131.57890430229062,JUMPING,256.2749523925781,179.1829689025879
851,34.04,0.8767549991607666,40.183300006901845,181.45712280273438,103.99230194091797,2.1459343433380127,False,5.964022159576416,False,70,0,70,double,2.1929817383715102,131.57890430229062,JUMPING,256.3390301513671,177.40935821533205
852,34.08,0.8568686842918396,54.07010001363233,187.8007049560547,109.3294448852539,5.354465007781982,False,4.544007301330566,False,70,0,70,double,2.1929817383715102,131.57890430229062,JUMPING,256.5264990234375,171.99187164306642
853,34.12,0.8860080242156982,56.038000009721145,188.69287109375,107.76851654052734,1.5818071365356445,False,4.485626220703125,False,70,0,70,double,2.1929817383715102,131.57890430229062,JUMPING,256.64213928222654,176.68591384887696
854,34.16,0.8805803060531616,89.09409999614581,189.17071533203125,106.46377563476562,1.3120476007461548,False,3.8502180576324463,False,70,0,70,double,2.1929817383715102,131.57890430229062,JUMPING,256.4559240722656,177.32399978637696
855,34.2,0.9066853523254395,150.74569999706,183.92306518554688,101.16519927978516,5.302398681640625,False,3.9958412647247314,True,70,0,70,double,2.1929817383715102,131.57890430229062,JUMPING,256.19977111816405,179.40967941284183
856,34.24,0.8970710039138794,150.65639998647384,178.4755401611328,97.21021270751953,3.9916534423828125,False,5.675320148468018,True,70,0,70,double,2.1929817383715102,131.57890430229062,JUMPING,256.19977111816405,178.357373046875
857,34.28,0.8598109483718872,119.12190000293776,174.95574951171875,94.92278289794922,2.305196762084961,False,6.256961822509766,True,70,0,70,double,2.1929817383715102,131.57890430229062,JUMPING,256.19977111816405,176.392106628418
858,34.32,0.8686684370040894,69.66409998130985,172.06744384765625,93.4776382446289,1.4800392389297485,False,7.0874505043029785,True,70,0,70,double,2.1929817383715102,131.57890430229062,JUMPING,256.19977111816405,176.17675933837893
859,34.36,0.6275240182876587,77.40920002106577,171.27719116210938,94.0867919921875,0.714054524898529,False,7.291337490081787,True,70,0,70,double,2.1929817383715102,131.57890430229062,JUMPING,256.19977111816405,178.46847076416017
860,34.4,0.8305580615997314,67.30389999574982,172.11221313476562,95.45697021484375,1.3756227493286133,False,7.3468194007873535,True,70,0,70,double,2.1929817383715102,131.57890430229062,JUMPING,256.19977111816405,181.62187347412112
861,34.44,0.8605523705482483,65.44469998334534,173.35174560546875,96.37665557861328,0.9261087775230408,False,7.151078701019287,False,71,0,71,double,2.1929836015903206,131.57901609541923,JUMPING,256.19977111816405,180.68531417846683
862,34.48,0.8281727433204651,68.30840001930483,178.18896484375,102.71137237548828,6.3528571128845215,False,6.622790336608887,False,71,0,71,double,2.1929836015903206,131.57901609541923,JUMPING,256.19977111816405,175.92833786010743
863,34.52,0.8765103816986084,64.46619998314418,183.42828369140625,109.32637786865234,6.671264171600342,False,5.795870304107666,False,71,0,71,double,2.1929836015903206,131.57901609541923,JUMPING,256.4559240722656,174.53180313110352
864,34.56,0.8254041075706482,71.84859999688342,187.17837524414062,109.1480484008789,0.5959704518318176,False,5.771644115447998,False,71,0,71,double,2.1929836015903206,131.57901609541923,JUMPING,256.67599121093747,176.7897689819336
865,34.6,0.8524473309516907,72.78419999056496,189.466552734375,108.77057647705078,0.4510539174079895,False,5.876302242279053,False,71,0,71,double,2.1929836015903206,131.57901609541923,JUMPING,256.67599121093747,176.61869964599612
866,34.64,0.8851442337036133,46.395700017455965,188.6865234375,108.30719757080078,0.4997732937335968,False,4.091997146606445,False,71,0,71,double,2.1929836015903206,131.57901609541923,JUMPING,256.6597387695312,179.99147796630862
867,34.68,0.8205634355545044,48.79760000039823,180.3221435546875,104.56544494628906,3.7466342449188232,False,3.498950481414795,False,71,0,71,double,2.1929836015903206,131.57901609541923,JUMPING,256.64735168457025,179.11748352050782
868,34.72,0.8639845252037048,58.33339999662712,174.2418670654297,100.37786865234375,4.295544624328613,False,4.413200378417969,True,71,0,71,double,2.1929836015903206,131.57901609541923,JUMPING,256.64735168457025,178.51712951660159
869,34.76,0.8650604486465454,65.39010000415146,170.63101196289062,96.07694244384766,4.31143856048584,False,6.897042751312256,True,71,0,71,double,2.1929836015903206,131.57901609541923,JUMPING,256.64735168457025,180.84420623779297
870,34.8,0.8872959017753601,71.4107999810949,168.9375762939453,93.30303192138672,2.7786269187927246,False,8.181203842163086,True,71,0,71,double,2.1929836015903206,131.57901609541923,JUMPING,256.64735168457025,180.65429611206056
871,34.84,0.8883397579193115,48.25990000972524,168.24090576171875,92.06133270263672,1.2417514324188232,False,8.629528045654297,True,71,0,71,double,2.1929836015903206,131.57901609541923,JUMPING,256.64735168457025,180.36260375976565
872,34.88,0.8748895525932312,66.42750001628883,171.0960693359375,93.69759368896484,1.6367286443710327,False,7.624965667724609,True,71,0,71,double,2.1929836015903206,131.57901609541923,JUMPING,256.64735168457025,186.08040161132814
873,34.92,0.8820405602455139,62.21239999285899,173.10479736328125,95.08853912353516,1.4205539226531982,False,7.1500630378723145,False,72,0,72,double,2.1551727526572564,129.31036515943538,JUMPING,256.64735168457025,185.17386169433595
874,34.96,0.827532172203064,62.4662000045646,180.1361083984375,101.0898666381836,6.00137186050415,False,6.096928596496582,False,72,0,72,double,2.1551727526572564,129.31036515943538,JUMPING,256.64735168457025,177.48739013671877
875,35.0,0.8377769589424133,68.6347000009846,185.80789184570312,105.1248550415039,4.035440921783447,False,6.034780979156494,False,72,0,72,double,2.1551727526572564,129.31036515943538,JUMPING,256.7395526123047,176.94957580566407
876,35.04,0.8541170358657837,66.14400001126342,190.0913543701172,105.9672622680664,0.8472130298614502,False,5.670421600341797,False,72,0,72,double,2.1551727526572564,129.31036515943538,JUMPING,256.9625036621093,178.33518371582034
877,35.08,0.8274725675582886,46.42779999994673,188.80184936523438,104.64483642578125,1.4095536470413208,False,3.275869607925415,False,72,0,72,double,2.1551727526572564,129.31036515943538,JUMPING,256.9625036621093,182.51260223388672
878,35.12,0.8194335103034973,52.762100007385015,187.0650634765625,103.62744903564453,1.0447276830673218,False,2.383164644241333,False,72,0,72,double,2.1551727526572564,129.31036515943538,JUMPING,256.87667297363276,182.9769584655762
879,35.16,0.8679459691047668,54.43449999438599,181.80343627929688,99.97586059570312,3.6547281742095947,False,2.535076141357422,True,72,0,72,double,2.1551727526572564,129.31036515943538,JUMPING,256.87667297363276,187.20379943847658
880,35.2,0.8824158906936646,50.55380001431331,177.27960205078125,96.95584869384766,3.020278215408325,False,4.561855792999268,True,72,0,72,double,2.1551727526572564,129.31036515943538,JUMPING,256.87667297363276,181.5273590087891
881,35.24,0.8772543668746948,41.44209998776205,173.75840759277344,94.26016998291016,2.8189847469329834,False,5.067670822143555,True,72,0,72,double,2.1551727526572564,129.31036515943538,JUMPING,256.87667297363276,180.70517883300784
882,35.28,0.8747837543487549,32.19130000798032,171.96070861816406,92.5833969116211,1.681367039680481,False,4.231332778930664,True,72,0,72,double,2.1551727526572564,129.31036515943538,JUMPING,256.87667297363276,182.0861625671387
883,35.32,0.8714243173599243,36.824699986027554,170.76870727539062,92.4596176147461,0.5202717781066895,False,4.467761039733887,True,72,0,72,double,2.1551727526572564,129.31036515943538,JUMPING,256.87667297363276,185.1923751831055
884,35.36,0.7843190431594849,39.70150000532158,171.19528198242188,93.39839935302734,1.3191416263580322,False,5.451362133026123,True,72,0,72,double,2.1551727526572564,129.31036515943538,JUMPING,256.87667297363276,187.67471008300782
885,35.4,0.7417885065078735,37.58140001446009,172.87380981445312,95.81844329833984,2.476567506790161,False,5.557127952575684,False,73,0,73,double,2.1186435198655156,127.11861119193094,JUMPING,256.87667297363276,188.0056365966797
886,35.44,0.6039561033248901,33.10689999489114,176.93817138671875,99.79769134521484,3.9855074882507324,False,5.328960418701172,False,73,0,73,double,2.1186435198655156,127.11861119193094,JUMPING,256.87667297363276,184.09568176269534
887,35.48,0.6879726052284241,38.38880002149381,181.82421875,103.27234649658203,3.4809603691101074,False,5.76185417175293,False,73,0,73,double,2.1186435198655156,127.11861119193094,JUMPING,256.9823706054687,178.07994766235353
888,35.52,0.8347121477127075,47.457900014705956,186.84524536132812,105.15048217773438,1.8827208280563354,False,5.747567176818848,False,73,0,73,double,2.1186435198655156,127.11861119193094,JUMPING,257.04734375,177.90888671875
889,35.56,0.7338532209396362,39.74439998273738,186.511962890625,105.61666107177734,0.4661797285079956,False,6.021617889404297,False,73,0,73,double,2.1186435198655156,127.11861119193094,JUMPING,257.04734375,181.4713401794434
890,35.6,0.8576005697250366,39.82410000753589,182.75424194335938,102.25216674804688,3.3955676555633545,False,4.68860387802124,False,73,0,73,double,2.1186435198655156,127.11861119193094,JUMPING,257.04734375,188.24773864746095
891,35.64,0.8313974738121033,33.73900000588037,177.16453552246094,102.23779296875,1.8395565748214722,False,0.41148287057876587,True,73,0,73,double,2.1186435198655156,127.11861119193094,JUMPING,257.04734375,183.57103500366213
892,35.68,0.838600754737854,30.523199995514005,173.89895629882812,96.71491241455078,5.583076000213623,False,4.216552257537842,True,73,0,73,double,2.1186435198655156,127.11861119193094,JUMPING,257.04734375,184.67547454833985
893,35.72,0.862891674041748,34.786099975463,170.644775390625,91.5730209350586,5.143918037414551,False,5.8230671882629395,True,73,0,73,double,2.1186435198655156,127.11861119193094,JUMPING,257.04734375,183.79155197143555
894,35.76,0.8324265480041504,34.372399997664616,168.62594604492188,89.61579132080078,1.9580556154251099,False,6.385970592498779,True,73,0,73,double,2.1186435198655156,127.11861119193094,JUMPING,257.04734375,183.52084045410157
895,35.8,0.8179161548614502,33.30650000134483,167.78286743164062,89.3502197265625,0.7677327394485474,False,6.555966377258301,True,73,0,73,double,2.1186435198655156,127.11861119193094,JUMPING,257.04734375,187.78699951171876
896,35.84,0.7432054877281189,33.23400000226684,168.051025390625,92.42520904541016,3.214139461517334,False,2.343541145324707,True,73,0,73,double,2.1186435198655156,127.11861119193094,JUMPING,257.04734375,189.16893157958987
897,35.88,0.7860798239707947,36.02390000014566,169.52622985839844,95.71981048583984,3.368889570236206,False,4.073699474334717,False,74,0,74,double,2.1551727526572564,129.31036515943538,JUMPING,257.04734375,189.73473434448243
898,35.92,0.5507007837295532,30.816100013908,173.59994506835938,100.75969696044922,5.058454513549805,False,7.261329174041748,False,74,0,74,double,2.1551727526572564,129.31036515943538,JUMPING,257.04734375,182.61847152709962
899,35.96,0.6955350041389465,31.29590000025928,179.3303985595703,105.57975006103516,4.843240737915039,False,7.180490970611572,False,74,0,74,double,2.1551727526572564,129.31036515943538,JUMPING,257.0925616455078,179.07419586181643
900,36.0,0.6593285799026489,39.15779999806546,184.44224548339844,108.0819320678711,2.5047457218170166,False,5.500244140625,False,74,0,74,double,2.1551727526572564,129.31036515943538,JUMPING,257.04734375,177.94913635253909
901,36.04,0.821409285068512,37.73670000373386,184.14849853515625,106.99517822265625,1.155741810798645,False,3.890702724456787,False,74,0,74,double,2.1551727526572564,129.31036515943538,JUMPING,256.94786560058594,183.1706283569336
902,36.08,0.7120835781097412,34.966500010341406,180.8459930419922,102.881103515625,4.148324966430664,False,4.550674915313721,False,74,0,74,double,2.1551727526572564,129.31036515943538,JUMPING,256.7012255859375,188.26324768066408
903,36.12,0.7322967052459717,33.18540001055226,176.96029663085938,99.46887969970703,3.4138083457946777,False,6.814882755279541,True,74,0,74,double,2.1551727526572564,129.31036515943538,JUMPING,256.40143615722656,187.84111328125002
904,36.16,0.7553309798240662,30.871199996909127,173.13235473632812,96.3779296875,3.1006598472595215,False,7.3786396980285645,True,74,0,74,double,2.1551727526572564,129.31036515943538,JUMPING,256.40143615722656,184.5019714355469
905,36.2,0.8512593507766724,36.5647999860812,170.43511962890625,94.24616241455078,2.141202688217163,False,8.62883472442627,True,74,0,74,double,2.1551727526572564,129.31036515943538,JUMPING,256.40143615722656,185.37244949340823
906,36.24,0.840965986251831,32.446199998958036,167.80918884277344,94.57806396484375,0.3432401716709137,False,7.792003154754639,True,74,0,74,double,2.1551727526572564,129.31036515943538,JUMPING,256.40143615722656,183.89738769531252
907,36.28,0.8202944993972778,32.806600007461384,167.83364868164062,94.62023162841797,0.7509026527404785,False,7.09157657623291,True,74,0,74,double,2.1551727526572564,129.31036515943538,JUMPING,256.40143615722656,186.00777435302737
908,36.32,0.5484837889671326,34.971100016264245,169.40518188476562,97.14383697509766,2.672881603240967,False,1.585120677947998,False,75,0,75,double,2.1551727526572564,129.31036515943538,JUMPING,256.40143615722656,184.7436706542969
909,36.36,0.356162428855896,30.524800007697195,172.726318359375,101.47634887695312,4.335201263427734,False,2.2598109245300293,False,75,0,75,double,2.1551727526572564,129.31036515943538,JUMPING,256.5193011474609,183.85278244018556
910,36.4,0.7365965843200684,36.71549999853596,178.71627807617188,105.4903335571289,4.040866374969482,False,5.3183369636535645,False,75,0,75,double,2.1551727526572564,129.31036515943538,JUMPING,256.78881103515624,181.76748046875002
911,36.44,0.6665993928909302,34.80439999839291,184.73130798339844,108.91522979736328,3.4634780883789062,False,7.16986083984375,False,75,0,75,double,2.1551727526572564,129.31036515943538,JUMPING,257.06239746093746,178.3746780395508
912,36.48,0.6825751662254333,34.78860002360307,186.79931640625,108.91400146484375,0.7456446290016174,False,6.5632500648498535,False,75,0,75,double,2.1551727526572564,129.31036515943538,JUMPING,257.20549072265624,179.86803512573243
913,36.52,0.6755942702293396,37.82810000120662,185.4632568359375,106.58487701416016,2.4202418327331543,False,5.480017185211182,False,75,0,75,double,2.1551727526572564,129.31036515943538,JUMPING,257.20549072265624,184.68755950927735
914,36.56,0.6921378374099731,33.739999984391034,179.56076049804688,103.01468658447266,3.5995497703552246,False,6.4173102378845215,True,75,0,75,double,2.1551727526572564,129.31036515943538,JUMPING,257.04643615722654,185.1220642089844
915,36.6,0.740247368812561,36.218699999153614,173.72808837890625,99.25143432617188,3.7939014434814453,False,8.69636058807373,True,75,0,75,double,2.1551727526572564,129.31036515943538,JUMPING,257.04643615722654,184.04292755126954
916,36.64,0.8010881543159485,35.23819998372346,168.92691040039062,94.9666976928711,4.284736633300781,False,9.009910583496094,True,75,0,75,double,2.1551727526572564,129.31036515943538,JUMPING,257.04643615722654,180.48314285278323
917,36.68,0.8525699973106384,34.13769998587668,167.6248321533203,93.9041519165039,1.1303150653839111,False,7.536442756652832,True,75,0,75,double,2.1551727526572564,129.31036515943538,JUMPING,257.04643615722654,181.3010009765625
918,36.72,0.8145327568054199,37.02940000221133,165.86651611328125,94.13867950439453,0.4541769027709961,False,8.582359313964844,True,75,0,75,double,2.1551727526572564,129.31036515943538,JUMPING,257.04643615722654,180.2636413574219
919,36.76,0.7727122902870178,33.80450000986457,166.98757934570312,95.7029800415039,1.5724009275436401,False,3.307697296142578,True,75,0,75,double,2.1551727526572564,129.31036515943538,JUMPING,257.04643615722654,181.06146697998048
920,36.8,0.7111297249794006,32.55689999787137,169.84454345703125,96.86775970458984,1.1654129028320312,False,3.1429061889648438,True,75,0,75,double,2.1551727526572564,129.31036515943538,JUMPING,257.04643615722654,184.82625122070314
921,36.84,0.6050388813018799,41.43710000789724,173.75411987304688,100.18880462646484,3.3312344551086426,False,6.192178249359131,False,76,0,76,double,2.083331957046438,124.99991742278627,JUMPING,257.04643615722654,180.97614212036135
922,36.88,0.7559599876403809,34.713399974862114,179.61477661132812,104.97010040283203,4.796048641204834,False,8.26511287689209,False,76,0,76,double,2.083331957046438,124.99991742278627,JUMPING,257.20549072265624,176.36328735351563
923,36.92,0.7099628448486328,35.33520002383739,184.19927978515625,,0.0,False,3.3326430320739746,False,76,0,76,double,2.083331957046438,124.99991742278627,JUMPING,257.71814819335935,175.65730743408204
924,36.96,0.79298996925354,35.25049999007024,185.2224884033203,110.74249267578125,5.777462482452393,False,0.892098605632782,False,76,0,76,double,2.083331957046438,124.99991742278627,JUMPING,257.71814819335935,180.8395736694336
925,37.0,0.8041195869445801,34.99430001829751,182.36993408203125,109.4052963256836,1.43057382106781,False,3.868804931640625,False,76,0,76,double,2.083331957046438,124.99991742278627,JUMPING,257.64751525878904,183.37619857788087
926,37.04,0.8513388633728027,36.74690000480041,178.09226989746094,105.73661041259766,3.779510498046875,False,6.039262294769287,True,76,0,76,double,2.083331957046438,124.99991742278627,JUMPING,257.45951171875,183.5547203063965
927,37.08,0.8714468479156494,33.885199984069914,174.12185668945312,102.43777465820312,3.3013381958007812,False,7.9824419021606445,True,76,0,76,double,2.083331957046438,124.99991742278627,JUMPING,257.45951171875,179.60214080810547
928,37.12,0.8517156839370728,35.44110001530498,170.10556030273438,99.7946548461914,2.655614137649536,False,9.15898323059082,True,76,0,76,double,2.083331957046438,124.99991742278627,JUMPING,257.45951171875,180.56164474487306
929,37.16,0.8404044508934021,36.34669998427853,168.6472625732422,97.60802459716797,2.2436351776123047,False,8.707481384277344,True,76,0,76,double,2.083331957046438,124.99991742278627,JUMPING,257.45951171875,179.6030471801758
930,37.2,0.7760906219482422,41.07639999710955,167.71847534179688,96.1452865600586,1.6978782415390015,False,4.253786563873291,True,76,0,76,double,2.083331957046438,124.99991742278627,JUMPING,257.45951171875,180.73832855224612
931,37.24,0.8107553124427795,44.42709998693317,169.99102783203125,96.45870971679688,1.3292057514190674,False,0.5213618278503418,True,76,0,76,double,2.083331957046438,124.99991742278627,JUMPING,257.45951171875,182.64123992919923
932,37.28,0.816351056098938,41.51589999673888,173.28720092773438,99.133056640625,3.0737264156341553,False,4.837913513183594,True,76,0,76,double,2.083331957046438,124.99991742278627,JUMPING,257.45951171875,182.39034271240237
933,37.32,0.8504652380943298,36.83739999542013,178.2604522705078,103.1934585571289,4.061985015869141,False,7.155289649963379,False,77,0,77,double,2.083331957046438,124.99991742278627,JUMPING,257.45951171875,177.2014129638672
934,37.36,0.822250485420227,38.86110000894405,183.86907958984375,108.458251953125,5.286310195922852,False,6.244549751281738,False,77,0,77,double,2.083331957046438,124.99991742278627,JUMPING,257.62923217773437,175.78106079101565
935,37.4,0.7943310737609863,43.53639998589642,186.98721313476562,111.263671875,2.834301233291626,False,6.001124382019043,False,77,0,77,double,2.083331957046438,124.99991742278627,JUMPING,257.62923217773437,176.402294921875
936,37.44,0.7018296718597412,47.481499990681186,187.1372833251953,110.80435180664062,0.5168874263763428,False,3.7159323692321777,False,77,0,77,double,2.083331957046438,124.99991742278627,JUMPING,257.5888391113281,181.79737396240236
937,37.48,0.8031032085418701,55.99100000108592,182.820556640625,107.240478515625,3.5798206329345703,False,4.725090503692627,True,77,0,77,double,2.083331957046438,124.99991742278627,JUMPING,257.5888391113281,183.68352584838868
938,37.52,0.8735913038253784,42.4852000141982,177.63125610351562,102.86235809326172,4.378139019012451,False,5.514675617218018,True,77,0,77,double,2.083331957046438,124.99991742278627,JUMPING,257.5888391113281,181.51103591918948
939,37.56,0.8907183408737183,41.5385999949649,174.12109375,100.6126708984375,2.2497360706329346,False,5.558983325958252,True,77,0,77,double,2.083331957046438,124.99991742278627,JUMPING,257.5888391113281,180.3482192993164
940,37.6,0.8959805965423584,44.539399998029694,172.29486083984375,98.60888671875,2.0039610862731934,False,5.817211627960205,True,77,0,77,double,2.083331957046438,124.99991742278627,JUMPING,257.5888391113281,181.13044357299808
941,37.64,0.890547513961792,51.53729999437928,172.05950927734375,97.50732421875,1.1019593477249146,False,5.423755645751953,True,77,0,77,double,2.083331957046438,124.99991742278627,JUMPING,257.5888391113281,181.13516845703126
942,37.68,0.8838620185852051,35.04690001136623,172.42727661132812,97.57038116455078,0.3585846424102783,False,6.58534574508667,True,77,0,77,double,2.083331957046438,124.99991742278627,JUMPING,257.5888391113281,182.21343231201175
943,37.72,0.8710141181945801,36.110299988649786,174.88180541992188,98.00672149658203,0.5781453847885132,False,5.407835006713867,True,77,0,77,double,2.083331957046438,124.99991742278627,JUMPING,257.5888391113281,183.83603973388674
944,37.76,0.8667038083076477,36.292799981310964,177.65255737304688,100.56378936767578,2.6275651454925537,False,4.609612464904785,False,78,0,78,double,2.118646997948562,127.11881987691372,JUMPING,257.5888391113281,180.355428314209
945,37.8,0.828022301197052,34.958999982336536,183.05003356933594,104.48555755615234,3.9226481914520264,False,3.913740873336792,False,78,0,78,double,2.118646997948562,127.11881987691372,JUMPING,257.62923217773437,177.65856018066407
946,37.84,0.8156169056892395,35.03540001111105,187.09686279296875,109.2908706665039,4.820425987243652,False,5.198165416717529,False,78,0,78,double,2.118646997948562,127.11881987691372,JUMPING,257.642763671875,173.81404037475588
947,37.88,0.8511255979537964,34.852400014642626,187.37139892578125,109.83988189697266,0.7610882520675659,False,4.369621276855469,False,78,0,78,double,2.118646997948562,127.11881987691372,JUMPING,257.52789794921875,177.74584045410157
948,37.92,0.8004101514816284,33.19819999160245,185.36968994140625,107.75933074951172,2.143801689147949,False,4.068605422973633,False,78,0,78,double,2.118646997948562,127.11881987691372,JUMPING,257.18154113769526,183.64330978393556
949,37.96,0.6589409708976746,35.746000008657575,180.12890625,102.45388793945312,5.417591571807861,False,4.256880760192871,True,78,0,78,double,2.118646997948562,127.11881987691372,JUMPING,256.7412594604492,181.84803009033206
950,38.0,0.8806464076042175,42.12500000721775,174.97042846679688,98.34827423095703,4.118690490722656,False,6.516616344451904,True,78,0,78,double,2.118646997948562,127.11881987691372,JUMPING,256.37073425292965,179.6868362426758
951,38.04,0.8960803747177124,62.34580001910217,170.7559356689453,95.85260009765625,2.5016913414001465,False,6.197442531585693,True,78,0,78,double,2.118646997948562,127.11881987691372,JUMPING,256.37073425292965,178.90733947753907
952,38.08,0.899954080581665,43.99769997689873,170.1263885498047,95.00357055664062,0.8565675616264343,False,4.713298320770264,True,78,0,78,double,2.118646997948562,127.11881987691372,JUMPING,256.37073425292965,179.62639465332032
953,38.12,0.7925875186920166,36.40610000002198,168.87664794921875,95.19747161865234,0.19592536985874176,False,5.365332126617432,True,78,0,78,double,2.118646997948562,127.11881987691372,JUMPING,256.37073425292965,181.09131011962893
954,38.16,0.6651387214660645,49.57269999431446,169.87451171875,97.13970947265625,1.9432878494262695,False,4.569469928741455,True,78,0,78,double,2.118646997948562,127.11881987691372,JUMPING,256.37073425292965,183.02297363281252
955,38.2,0.6832170486450195,34.2586999759078,172.66140747070312,102.54560089111328,5.441199779510498,False,5.209075927734375,False,79,0,79,double,2.1551727526572564,129.31036515943538,JUMPING,256.37073425292965,180.85151596069338
956,38.24,0.7830089926719666,37.29540001950227,177.20819091796875,106.28553009033203,3.8165500164031982,False,5.930028438568115,False,79,0,79,double,2.1551727526572564,129.31036515943538,JUMPING,256.4980795288086,178.85090103149415
957,38.28,0.8088469505310059,32.82819999731146,182.72360229492188,111.83429718017578,5.607545375823975,False,6.535038948059082,False,79,0,79,double,2.1551727526572564,129.31036515943538,JUMPING,256.7042733764648,175.39315032958984
958,38.32,0.4657975137233734,39.91439999663271,185.47274780273438,113.85757446289062,2.065303325653076,False,6.259658336639404,False,79,0,79,double,2.1551727526572564,129.31036515943538,JUMPING,256.96160766601565,175.38226547241212
959,38.36,0.692615807056427,37.26839998853393,185.8711700439453,111.52767181396484,2.4377458095550537,False,4.678915977478027,False,79,0,79,double,2.1551727526572564,129.31036515943538,JUMPING,256.96160766601565,178.9296630859375
960,38.4,0.8246396780014038,35.53650001413189,185.638671875,108.41712188720703,3.1109273433685303,False,2.231313943862915,False,79,0,79,double,2.1551727526572564,129.31036515943538,JUMPING,256.60106781005857,181.97722167968752
961,38.44,0.8298367857933044,35.034900007303804,180.95126342773438,104.6506576538086,3.76701021194458,False,2.9916205406188965,True,79,0,79,double,2.1551727526572564,129.31036515943538,JUMPING,256.4292758178711,181.27266845703127
962,38.48,0.8635559678077698,36.815800005570054,176.10292053222656,101.05828857421875,3.5960328578948975,False,4.232344150543213,True,79,0,79,double,2.1551727526572564,129.31036515943538,JUMPING,256.4292758178711,175.88192825317384
963,38.52,0.7253783941268921,31.76879999227822,172.5784454345703,98.8571548461914,2.2043659687042236,False,1.7967922687530518,True,79,0,79,double,2.1551727526572564,129.31036515943538,JUMPING,256.4292758178711,175.9511901855469
964,38.56,0.7140343189239502,37.99260000232607,170.74066162109375,98.01214599609375,0.8638739585876465,False,2.3291876316070557,True,79,0,79,double,2.1551727526572564,129.31036515943538,JUMPING,256.4292758178711,178.10013122558595
965,38.6,0.7665582895278931,33.31790000083856,170.6275634765625,98.55130767822266,0.539565920829773,False,3.820495367050171,True,79,0,79,double,2.1551727526572564,129.31036515943538,JUMPING,256.4292758178711,180.02549209594727
966,38.64,0.7180143594741821,36.780099995667115,173.5894775390625,101.62433624267578,3.0740504264831543,False,4.839107513427734,True,79,0,79,double,2.1551727526572564,129.31036515943538,JUMPING,256.4292758178711,182.04863204956055
967,38.68,0.806688666343689,33.41810000711121,178.96087646484375,104.87479400634766,3.250471353530884,False,4.622878551483154,False,80,0,80,double,2.1186435198655156,127.11861119193094,JUMPING,256.4292758178711,180.29375305175782
968,38.72,0.7716148495674133,36.285300011513755,183.80352783203125,108.03704833984375,3.172600030899048,False,5.316531658172607,False,80,0,80,double,2.1186435198655156,127.11861119193094,JUMPING,256.5274447631836,175.26731567382814
969,38.76,0.8033046126365662,33.847999991849065,187.8955078125,112.3573989868164,4.396365642547607,False,5.999969005584717,False,80,0,80,double,2.1186435198655156,127.11861119193094,JUMPING,256.76964599609374,174.23993453979494
970,38.8,0.8019737005233765,33.8564999983646,188.82070922851562,110.54952239990234,1.8148154020309448,False,4.491203784942627,False,80,0,80,double,2.1186435198655156,127.11861119193094,JUMPING,256.8925573730469,178.00258712768556
971,38.84,0.809226393699646,34.55559999565594,186.03514099121094,108.47970581054688,2.071908473968506,False,5.022144317626953,False,80,0,80,double,2.1186435198655156,127.11861119193094,JUMPING,256.8521643066406,181.07873840332033
972,38.88,0.8804574012756348,34.83819999382831,180.3206787109375,105.14977264404297,3.3536393642425537,False,6.109807968139648,False,80,0,80,double,2.1186435198655156,127.11861119193094,JUMPING,256.7577047729492,180.5496017456055
973,38.92,0.845473051071167,32.766299991635606,175.38059997558594,102.4815673828125,2.8653712272644043,False,6.4327712059021,True,80,0,80,double,2.1186435198655156,127.11861119193094,JUMPING,256.7263571166992,177.16658477783204
974,38.96,0.829801619052887,37.58669999660924,171.9019775390625,100.96173095703125,1.942046880722046,False,5.990477561950684,True,80,0,80,double,2.1186435198655156,127.11861119193094,JUMPING,256.7263571166992,178.02299728393555
975,39.0,0.8478790521621704,45.08270000224002,170.02984619140625,98.87288665771484,2.1158030033111572,False,5.892935752868652,True,80,0,80,double,2.1186435198655156,127.11861119193094,JUMPING,256.7263571166992,177.26188812255862
976,39.04,0.737835168838501,56.276699993759394,169.68649291992188,98.9559097290039,0.32619497179985046,False,2.6480941772460938,True,80,0,80,double,2.1186435198655156,127.11861119193094,JUMPING,256.7263571166992,177.42874450683595
977,39.08,0.7511662840843201,42.80629998538643,170.75628662109375,100.54302978515625,1.768047571182251,False,4.336671352386475,True,80,0,80,double,2.1186435198655156,127.11861119193094,JUMPING,256.7263571166992,179.47498855590823
978,39.12,0.8760313987731934,35.14560000621714,174.39114379882812,103.04944610595703,2.5068435668945312,False,2.1793744564056396,True,80,0,80,double,2.1186435198655156,127.11861119193094,JUMPING,256.7263571166992,177.64188461303712
979,39.16,0.8617750406265259,45.266799977980554,179.60784912109375,107.20732879638672,4.157944679260254,False,5.458925724029541,False,81,0,81,double,2.1551727526572564,129.31036515943538,JUMPING,256.7263571166992,174.86255340576173
980,39.2,0.722280740737915,39.96500000357628,184.8540802001953,112.39258575439453,5.207165718078613,False,6.13105583190918,False,81,0,81,double,2.1551727526572564,129.31036515943538,JUMPING,256.7577047729492,171.38808517456056
981,39.24,0.7368319034576416,40.121199999703094,187.71160888671875,113.49295806884766,1.102113127708435,False,6.100954055786133,False,81,0,81,double,2.1551727526572564,129.31036515943538,JUMPING,256.7577047729492,174.63980407714845
982,39.28,0.8893388509750366,40.52509999019094,186.69589233398438,109.35857391357422,4.163424968719482,False,5.069804668426514,False,81,0,81,double,2.1551727526572564,129.31036515943538,JUMPING,256.7263571166992,177.34205169677736
983,39.32,0.7529853582382202,44.05120000592433,182.9473876953125,106.1712646484375,3.242798328399658,False,4.757752418518066,True,81,0,81,double,2.1551727526572564,129.31036515943538,JUMPING,256.6301770019531,180.0431076049805
984,39.36,0.891430139541626,55.66089999047108,177.7438507080078,101.13724517822266,5.0364861488342285,False,6.365597248077393,True,81,0,81,double,2.1551727526572564,129.31036515943538,JUMPING,256.57591369628904,175.71520614624023
985,39.4,0.8916453123092651,49.91279999376275,173.86868286132812,98.20806884765625,2.9314959049224854,False,7.112973690032959,True,81,0,81,double,2.1551727526572564,129.31036515943538,JUMPING,256.57591369628904,175.70047760009766
986,39.44,0.7905346155166626,33.72249999665655,171.97616577148438,96.3214340209961,1.895865797996521,False,7.662939071655273,True,81,0,81,double,2.1551727526572564,129.31036515943538,JUMPING,256.57591369628904,177.83630142211916
987,39.48,0.8577858805656433,39.04289999627508,172.15005493164062,96.52335357666016,0.22953803837299347,False,7.7646260261535645,True,81,0,81,double,2.1551727526572564,129.31036515943538,JUMPING,256.57591369628904,179.74014434814455
988,39.52,0.8610892295837402,34.297100006369874,172.31805419921875,96.97198486328125,0.48324963450431824,False,8.029245376586914,True,81,0,81,double,2.1551727526572564,129.31036515943538,JUMPING,256.57591369628904,179.834977722168
989,39.56,0.8575319647789001,33.80540001671761,174.71322631835938,99.58905792236328,2.625770330429077,False,7.867004871368408,False,82,0,82,double,2.2321411548670516,133.9284692920231,JUMPING,256.57591369628904,180.14685363769533
990,39.6,0.8472126722335815,37.775699980556965,178.32424926757812,102.99420166015625,3.4066600799560547,False,7.134496212005615,False,82,0,82,double,2.2321411548670516,133.9284692920231,JUMPING,256.57591369628904,177.1658462524414
991,39.64,0.8386346101760864,35.30770001816563,182.74383544921875,107.90798950195312,4.915277004241943,False,6.594339847564697,False,82,0,82,double,2.2321411548670516,133.9284692920231,JUMPING,256.6301770019531,174.17972793579102
992,39.68,0.8576351404190063,35.37340002367273,187.20932006835938,112.02140045166016,4.138308525085449,False,6.499191761016846,False,82,0,82,double,2.2321411548670516,133.9284692920231,JUMPING,256.6301770019531,173.22713928222657
993,39.72,0.8501319885253906,33.3534000092186,187.80528259277344,109.553955078125,2.5030429363250732,False,5.721219062805176,False,82,0,82,double,2.2321411548670516,133.9284692920231,JUMPING,256.57591369628904,176.06243057250978
994,39.76,0.8119202256202698,41.86110000591725,185.37136840820312,105.9367904663086,3.664292812347412,False,4.95395040512085,False,82,0,82,double,2.2321411548670516,133.9284692920231,JUMPING,256.4307513427734,184.3317581176758
995,39.8,0.7867668867111206,36.47669998463243,180.50827026367188,101.07233428955078,4.864675998687744,False,5.3672966957092285,True,82,0,82,double,2.2321411548670516,133.9284692920231,JUMPING,256.2023651123047,179.85303802490236
996,39.84,0.8479516506195068,40.23839998990297,177.041748046875,97.61703491210938,3.4576668739318848,False,6.414397716522217,True,82,0,82,double,2.2321411548670516,133.9284692920231,JUMPING,255.85746490478516,175.97576293945315
997,39.88,0.8454263210296631,34.188799996627495,173.85104370117188,95.66275787353516,1.9989054203033447,False,8.284997940063477,True,82,0,82,double,2.2321411548670516,133.9284692920231,JUMPING,255.83356048583985,176.76929168701173
998,39.92,0.6610585451126099,36.465799988945946,171.45486450195312,95.172607421875,1.1733793020248413,False,1.322651982307434,True,82,0,82,double,2.2321411548670516,133.9284692920231,JUMPING,255.83356048583985,175.75892181396486
999,39.96,0.7927951812744141,34.36879999935627,171.0645751953125,95.0660400390625,1.2934904098510742,False,4.390242099761963,True,82,0,82,double,2.2321411548670516,133.9284692920231,JUMPING,255.83356048583985,179.97497863769533
1000,40.0,0.8460798263549805,54.05740000423975,171.68568420410156,97.10527801513672,2.040097951889038,False,6.602830410003662,True,82,0,82,double,2.2321411548670516,133.9284692920231,JUMPING,255.83356048583985,180.22694168090823
1001,40.04,0.7616406679153442,73.88820001506247,174.91604614257812,100.5319595336914,3.427830219268799,False,7.886356353759766,False,83,0,83,double,2.1929800184800334,131.578801108802,JUMPING,255.83356048583985,180.77708435058597
1002,40.08,0.8619621992111206,55.53660000441596,179.80856323242188,104.83212280273438,4.327542304992676,False,7.600181579589844,False,83,0,83,double,2.1929800184800334,131.578801108802,JUMPING,255.9047839355469,176.98767700195313
1003,40.12,0.7999796867370605,70.3487999853678,185.09100341796875,108.06267547607422,3.232175827026367,False,7.376312255859375,False,83,0,83,double,2.1929800184800334,131.578801108802,JUMPING,256.10255615234377,173.7658515930176
1004,40.16,0.7408948540687561,68.36539998766966,187.46737670898438,108.30777740478516,0.7683668732643127,False,4.7788777351379395,False,83,0,83,double,2.1929800184800334,131.578801108802,JUMPING,256.10255615234377,178.30948638916018
1005,40.2,0.7934178113937378,63.94279998494312,185.92227172851562,106.5920639038086,1.7542561292648315,False,4.1077752113342285,False,83,0,83,double,2.1929800184800334,131.578801108802,JUMPING,255.85259704589845,181.07582626342776
1006,40.24,0.8701439499855042,62.68409997574054,182.93167114257812,102.02213287353516,4.570200443267822,False,6.08984899520874,False,83,0,83,double,2.1929800184800334,131.578801108802,JUMPING,255.605703125,181.39877166748047
1007,40.28,0.8423733115196228,68.67830001283437,178.40158081054688,98.7264633178711,3.2959585189819336,False,7.329355716705322,True,83,0,83,double,2.1929800184800334,131.578801108802,JUMPING,255.37172882080077,178.76790924072267
1008,40.32,0.8706293106079102,53.255400009220466,174.2860107421875,96.68902587890625,2.0474743843078613,False,6.37740421295166,True,83,0,83,double,2.1929800184800334,131.578801108802,JUMPING,255.27186889648436,179.4364761352539
1009,40.36,0.9029706716537476,57.333100005052984,171.87521362304688,95.1574478149414,1.5386831760406494,False,7.242472171783447,True,83,0,83,double,2.1929800184800334,131.578801108802,JUMPING,255.27186889648436,179.8748748779297
1010,40.4,0.650858461856842,66.46080000791699,172.03890991210938,95.08141326904297,0.30551865696907043,False,7.103775501251221,True,83,0,83,double,2.1929800184800334,131.578801108802,JUMPING,255.27186889648436,180.29389572143558
1011,40.44,0.8549095988273621,51.51869999826886,173.62094116210938,96.46903228759766,1.3881903886795044,False,8.01634693145752,True,83,0,83,double,2.1929800184800334,131.578801108802,JUMPING,255.27186889648436,182.71000671386722
1012,40.48,0.877864420413971,64.81440001516603,177.22848510742188,99.44840240478516,2.9885613918304443,False,7.641989707946777,False,84,0,84,double,2.1929836015903206,131.57901609541923,JUMPING,255.27186889648436,179.92409591674806
1013,40.52,0.8665857911109924,240.56750000454485,181.7472381591797,103.23147583007812,3.7846107482910156,False,6.697320461273193,False,84,0,84,double,2.1929836015903206,131.57901609541923,JUMPING,255.45851104736326,176.2746223449707
1014,40.56,0.8713821172714233,83.45820000977255,186.24339294433594,106.3909683227539,3.1773550510406494,False,5.537730693817139,False,84,0,84,double,2.1929836015903206,131.57901609541923,JUMPING,255.80893554687498,174.85442962646485
1015,40.6,0.8262873291969299,72.35189998755231,188.5374755859375,106.5619125366211,0.3691314160823822,False,4.036622047424316,False,84,0,84,double,2.1929836015903206,131.57901609541923,JUMPING,256.04095275878905,177.48273239135744
1016,40.64,0.7722639441490173,93.66939999745227,186.20523071289062,104.6790771484375,1.8929431438446045,False,4.616587162017822,False,84,0,84,double,2.1929836015903206,131.57901609541923,JUMPING,256.0854748535156,181.43234100341797
1017,40.68,0.8091434240341187,71.91700002294965,181.08392333984375,101.56301879882812,3.1271183490753174,False,6.640649318695068,False,84,0,84,double,2.1929836015903206,131.57901609541923,JUMPING,255.85259704589845,183.9075004577637
1018,40.72,0.831498384475708,62.72260000696406,176.0523681640625,98.7720718383789,2.8130764961242676,False,7.291830539703369,True,84,0,84,double,2.1929836015903206,131.57901609541923,JUMPING,255.80893554687498,180.71832122802735
1019,40.76,0.8067707419395447,57.17529999674298,171.71107482910156,96.7199935913086,2.0689854621887207,False,7.842483997344971,True,84,0,84,double,2.1929836015903206,131.57901609541923,JUMPING,255.80893554687498,179.56925964355472
1020,40.8,0.8705363273620605,70.73050001054071,169.014892578125,95.1191177368164,1.704906940460205,False,8.550434112548828,True,84,0,84,double,2.1929836015903206,131.57901609541923,JUMPING,255.80893554687498,181.33400802612306
1021,40.84,0.8192817568778992,57.906399975763634,168.53424072265625,95.23468780517578,0.22060029208660126,False,7.700191020965576,True,84,0,84,double,2.1929836015903206,131.57901609541923,JUMPING,255.80893554687498,182.58983688354493
1022,40.88,0.8728865385055542,57.187800004612654,170.45315551757812,96.93257904052734,1.7499899864196777,False,7.218147277832031,True,84,0,84,double,2.1929836015903206,131.57901609541923,JUMPING,255.80893554687498,181.07632141113282
1023,40.92,0.8200302124023438,44.45749998558313,174.22900390625,99.97311401367188,3.041320562362671,False,7.569051265716553,False,85,0,85,double,2.232145015580044,133.92870093480263,JUMPING,255.80893554687498,180.8787994384766
1024,40.96,0.8374636173248291,38.84059999836609,179.37306213378906,103.554931640625,3.587686777114868,False,7.704400062561035,False,85,0,85,double,2.232145015580044,133.92870093480263,JUMPING,256.04095275878905,178.11973571777347
1025,41.0,0.8779709339141846,36.17659999872558,184.550537109375,107.40604400634766,3.8519201278686523,False,6.524166107177734,False,85,0,85,double,2.232145015580044,133.92870093480263,JUMPING,256.23107177734374,176.4430229187012
1026,41.04,0.8549184799194336,168.81309999735095,188.12860107421875,107.99503326416016,0.6226740479469299,False,4.709989547729492,False,85,0,85,double,2.232145015580044,133.92870093480263,JUMPING,256.44985778808586,178.91704101562502
1027,41.08,0.8738689422607422,38.16729999380186,188.49777221679688,106.97266387939453,1.0352832078933716,False,5.895259380340576,False,85,0,85,double,2.232145015580044,133.92870093480263,JUMPING,256.46618164062494,181.56963119506838
1028,41.12,0.8674612045288086,35.14549997635186,184.34487915039062,102.72335052490234,4.259418487548828,False,7.030351161956787,False,85,0,85,double,2.232145015580044,133.92870093480263,JUMPING,256.44985778808586,184.33796005249025
1029,41.16,0.8536970615386963,39.38540001399815,178.88519287109375,99.08757781982422,3.6367781162261963,False,7.149777412414551,True,85,0,85,double,2.232145015580044,133.92870093480263,JUMPING,256.43419311523434,181.6676956176758
1030,41.2,0.8880660533905029,34.23130000010133,174.99734497070312,97.23605346679688,2.114727258682251,False,5.942647457122803,True,85,0,85,double,2.232145015580044,133.92870093480263,JUMPING,256.43419311523434,179.00766983032227
1031,41.24,0.8751116991043091,35.63410000060685,173.47166442871094,96.46402740478516,1.1822489500045776,False,5.28424596786499,True,85,0,85,double,2.232145015580044,133.92870093480263,JUMPING,256.43419311523434,181.02656326293948
1032,41.28,0.8810888528823853,38.233700004639104,171.64230346679688,94.89128875732422,1.5879122018814087,False,6.814013957977295,True,85,0,85,double,2.232145015580044,133.92870093480263,JUMPING,256.43419311523434,180.40405349731446
1033,41.32,0.883012056350708,34.60769998491742,171.61123657226562,94.64263916015625,0.49983012676239014,False,7.8325934410095215,True,85,0,85,double,2.232145015580044,133.92870093480263,JUMPING,256.43419311523434,186.10241470336916
1034,41.36,0.844727635383606,34.102699981303886,173.909912109375,95.60082244873047,0.9677912592887878,False,6.32551383972168,True,85,0,85,double,2.232145015580044,133.92870093480263,JUMPING,256.43419311523434,185.44558868408205
1035,41.4,0.8449241518974304,36.6296999854967,178.25711059570312,99.4030990600586,3.802933931350708,False,5.967229843139648,False,86,0,86,double,2.2321411548670516,133.9284692920231,JUMPING,256.43419311523434,179.1373229980469
1036,41.44,0.6493595838546753,40.79180001281202,182.88522338867188,107.23292541503906,7.829827308654785,False,1.4537795782089233,False,86,0,86,double,2.2321411548670516,133.9284692920231,JUMPING,256.5636193847656,176.0783843994141
1037,41.48,0.7804705500602722,35.35439999541268,186.856689453125,106.70050811767578,1.024826169013977,False,3.519819498062134,False,86,0,86,double,2.2321411548670516,133.9284692920231,JUMPING,256.68097717285156,175.91516189575196
1038,41.52,0.7827354669570923,37.21650000079535,186.80177307128906,106.68600463867188,0.70305335521698,False,4.460831642150879,False,86,0,86,double,2.2321411548670516,133.9284692920231,JUMPING,256.8845263671875,181.01116333007815
1039,41.56,0.7915617227554321,39.067799982149154,182.95651245117188,103.57599639892578,3.112215042114258,False,2.8507049083709717,True,86,0,86,double,2.2321411548670516,133.9284692920231,JUMPING,256.8845263671875,185.3936233520508
1040,41.6,0.8640627264976501,34.65200000209734,177.60194396972656,101.235107421875,2.3433239459991455,False,5.564532279968262,True,86,0,86,double,2.2321411548670516,133.9284692920231,JUMPING,256.68097717285156,182.66905212402347
1041,41.64,0.8545194864273071,34.00169999804348,173.9153594970703,98.92862701416016,2.371551036834717,False,7.200240135192871,True,86,0,86,double,2.2321411548670516,133.9284692920231,JUMPING,256.68097717285156,179.5482032775879
1042,41.68,0.8699091076850891,34.47959999903105,171.21966552734375,96.24441528320312,2.6996841430664062,False,6.938935279846191,True,86,0,86,double,2.2321411548670516,133.9284692920231,JUMPING,256.68097717285156,180.34208450317385
1043,41.72,0.8731828331947327,34.175599983427674,169.63027954101562,94.00997924804688,2.2692508697509766,False,7.637364864349365,True,86,0,86,double,2.2321411548670516,133.9284692920231,JUMPING,256.68097717285156,182.8055114746094
1044,41.76,0.6270685791969299,37.12930000619963,168.56588745117188,96.21570587158203,2.2084929943084717,False,3.2161946296691895,True,86,0,86,double,2.2321411548670516,133.9284692920231,JUMPING,256.68097717285156,185.07572174072268
1045,41.8,0.7509137988090515,34.24020000966266,170.9235382080078,96.8298568725586,1.7848974466323853,False,5.085011959075928,True,86,0,86,double,2.2321411548670516,133.9284692920231,JUMPING,256.68097717285156,185.6482215881348
1046,41.84,0.40027618408203125,36.45959999994375,174.980712890625,99.9612045288086,3.1539440155029297,False,5.255886554718018,False,87,0,87,double,2.1929836015903206,131.57901609541923,JUMPING,256.68097717285156,182.5571571350098
1047,41.88,0.8044795989990234,32.332200004020706,180.19918823242188,103.24315643310547,3.2833926677703857,False,6.863861560821533,False,87,0,87,double,2.1929836015903206,131.57901609541923,JUMPING,257.0174591064453,179.2458190917969
1048,41.92,0.570841908454895,36.954999988665804,184.639892578125,105.88153839111328,2.6523666381835938,False,7.436802864074707,False,87,0,87,double,2.1929836015903206,131.57901609541923,JUMPING,257.19445251464845,176.5925491333008
1049,41.96,0.6875269412994385,34.468600002583116,186.1956787109375,106.15422821044922,0.6702601909637451,False,6.7041120529174805,False,87,0,87,double,2.1929836015903206,131.57901609541923,JUMPING,257.4538903808594,178.42981567382813
1050,42.0,0.8432902097702026,49.46909999125637,183.8203125,103.8125,2.6849193572998047,False,6.296298503875732,False,87,0,87,double,2.1929836015903206,131.57901609541923,JUMPING,257.52348876953124,183.66485290527345
1051,42.04,0.8673553466796875,48.60109998844564,178.73919677734375,101.22479248046875,2.633720874786377,False,5.347407817840576,True,87,0,87,double,2.1929836015903206,131.57901609541923,JUMPING,257.52348876953124,186.6276824951172
1052,42.08,0.8432866930961609,37.88859999622218,173.4996795654297,98.7930908203125,2.515493869781494,False,7.591814041137695,True,87,0,87,double,2.1929836015903206,131.57901609541923,JUMPING,257.44727111816405,183.52553176879886
1053,42.12,0.8647768497467041,40.89919998659752,168.98324584960938,96.64298248291016,2.155747413635254,False,9.048931121826172,True,87,0,87,double,2.1929836015903206,131.57901609541923,JUMPING,257.44727111816405,181.23679962158204
1054,42.16,0.8762550354003906,44.15899998275563,167.38043212890625,94.5443344116211,2.1021625995635986,False,9.66559886932373,True,87,0,87,double,2.1929836015903206,131.57901609541923,JUMPING,257.44727111816405,181.7971893310547
1055,42.2,0.8069024085998535,42.995199997676536,168.09976196289062,94.09671783447266,0.5136021375656128,False,8.607126235961914,True,87,0,87,double,2.1929836015903206,131.57901609541923,JUMPING,257.44727111816405,181.2115303039551
1056,42.24,0.7660344839096069,51.543000008678064,169.50820922851562,94.74430084228516,0.7360987067222595,False,8.48879623413086,True,87,0,87,double,2.1929836015903206,131.57901609541923,JUMPING,257.44727111816405,184.46970291137697
1057,42.28,0.8613788485527039,41.02410000632517,172.37490844726562,95.57462310791016,0.8946481347084045,False,8.982813835144043,True,87,0,87,double,2.1929836015903206,131.57901609541923,JUMPING,257.44727111816405,185.95820922851564
1058,42.32,0.840164065361023,41.38280000188388,176.77432250976562,99.8463134765625,4.28969669342041,False,8.505002975463867,False,88,0,88,double,2.1929836015903206,131.57901609541923,JUMPING,257.44727111816405,182.2171501159668
1059,42.36,0.7672935128211975,42.663700005505234,182.50694274902344,105.14954376220703,5.303530216217041,False,8.353882789611816,False,88,0,88,double,2.1929836015903206,131.57901609541923,JUMPING,257.5825384521484,178.66067199707032
1060,42.4,0.8032602071762085,33.63560000434518,187.4310302734375,107.9482192993164,2.970125198364258,False,8.88690185546875,False,88,0,88,double,2.1929836015903206,131.57901609541923,JUMPING,257.7071337890625,177.35511016845706
1061,42.44,0.7340104579925537,35.800599987851456,188.67465209960938,108.03128051757812,0.3224065899848938,False,7.538015365600586,False,88,0,88,double,2.1929836015903206,131.57901609541923,JUMPING,257.6293688964844,178.24568786621094
1062,42.48,0.8109197616577148,35.84269998827949,185.17588806152344,106.22527313232422,2.274573564529419,False,8.395005226135254,False,88,0,88,double,2.1929836015903206,131.57901609541923,JUMPING,257.5063208007812,183.2104415893555
1063,42.52,0.8326665759086609,35.59119999408722,180.75425720214844,102.26773834228516,3.9768013954162598,False,8.080939292907715,True,88,0,88,double,2.1929836015903206,131.57901609541923,JUMPING,257.3311437988281,185.07110595703128
1064,42.56,0.884770393371582,34.75999998045154,176.96771240234375,99.41613006591797,2.8636770248413086,False,8.615545272827148,True,88,0,88,double,2.1929836015903206,131.57901609541923,JUMPING,257.3311437988281,182.78813934326175
1065,42.6,0.8648205399513245,37.37620002357289,173.16915893554688,95.20787811279297,4.261736869812012,False,9.454911231994629,True,88,0,88,double,2.1929836015903206,131.57901609541923,JUMPING,257.3311437988281,183.22743606567386
1066,42.64,0.8766152858734131,33.243400015635416,172.13897705078125,92.55567169189453,2.652991771697998,False,9.050732612609863,True,88,0,88,double,2.1929836015903206,131.57901609541923,JUMPING,257.3311437988281,181.9915725708008
1067,42.68,0.8328746557235718,37.05670000636019,171.45672607421875,91.7243881225586,0.8343087434768677,False,9.423629760742188,True,88,0,88,double,2.1929836015903206,131.57901609541923,JUMPING,257.3311437988281,183.16615524291993
1068,42.72,0.6748740077018738,37.121000001206994,171.5432891845703,94.24170684814453,2.525495767593384,False,9.73556137084961,True,88,0,88,double,2.1929836015903206,131.57901609541923,JUMPING,257.3311437988281,186.01869277954103
1069,42.76,0.7631064057350159,34.89889999036677,174.5210723876953,97.34557342529297,3.1038668155670166,False,9.936697006225586,False,89,0,89,double,2.1929836015903206,131.57901609541923,JUMPING,257.3311437988281,182.31573486328128
1070,42.8,0.6411083936691284,33.9584999892395,178.65487670898438,101.7238998413086,4.378328323364258,False,8.58503246307373,False,89,0,89,double,2.1929836015903206,131.57901609541923,JUMPING,257.3311437988281,177.600602722168
1071,42.84,0.7133370637893677,41.48680000798777,183.38890075683594,105.8290786743164,4.115918159484863,False,8.024893760681152,False,89,0,89,double,2.1929836015903206,131.57901609541923,JUMPING,257.34265197753905,177.60713195800784
1072,42.88,0.577579915523529,31.706800014944747,186.56747436523438,107.28400421142578,1.4941967725753784,False,7.300102710723877,False,89,0,89,double,2.1929836015903206,131.57901609541923,JUMPING,257.4827642822265,177.5162094116211
1073,42.92,0.6888790130615234,35.5066999909468,186.15841674804688,107.9819107055664,0.9831982254981995,False,5.992552757263184,False,89,0,89,double,2.1929836015903206,131.57901609541923,JUMPING,257.34265197753905,181.42621459960938
1074,42.96,0.8081402778625488,33.38950002216734,183.4151611328125,103.15714263916016,4.824929237365723,False,7.477146148681641,False,89,0,89,double,2.1929836015903206,131.57901609541923,JUMPING,257.3311437988281,182.9810287475586
1075,43.0,0.8804785013198853,35.47360000084154,179.50765991210938,98.89087677001953,4.267333030700684,False,6.801509380340576,True,89,0,89,double,2.1929836015903206,131.57901609541923,JUMPING,257.08500427246094,182.51406250000002
1076,43.04,0.8430408835411072,33.916200016392395,175.36383056640625,96.599365234375,2.3893697261810303,False,7.597305774688721,True,89,0,89,double,2.1929836015903206,131.57901609541923,JUMPING,257.08500427246094,179.35149536132815
1077,43.08,0.8745023608207703,37.73959999671206,173.40174865722656,95.61519622802734,1.5977822542190552,False,8.06910228729248,True,89,0,89,double,2.1929836015903206,131.57901609541923,JUMPING,257.08500427246094,178.7180587768555
1078,43.12,0.8109557032585144,33.883700001752004,172.28372192382812,98.84648132324219,3.5870726108551025,False,0.9015614986419678,True,89,0,89,double,2.1929836015903206,131.57901609541923,JUMPING,257.08500427246094,178.6766342163086
1079,43.16,0.7951387763023376,34.540000022388995,172.40606689453125,97.38805389404297,2.1119978427886963,False,7.061949253082275,True,89,0,89,double,2.1929836015903206,131.57901609541923,JUMPING,257.08500427246094,181.1705505371094
1080,43.2,0.6972309947013855,33.79280000808649,174.4787139892578,100.503662109375,3.128673553466797,False,1.4800454378128052,False,90,0,90,double,2.1929800184800334,131.578801108802,JUMPING,257.08500427246094,184.073836517334
1081,43.24,0.8342533111572266,36.76789999008179,178.6985321044922,103.6550521850586,3.1609368324279785,False,6.446498870849609,False,90,0,90,double,2.1929800184800334,131.578801108802,JUMPING,257.3311437988281,179.86224441528321
1082,43.28,0.6233052015304565,32.94089998234995,184.17298889160156,108.12225341796875,4.539601802825928,False,7.056572914123535,False,90,0,90,double,2.1929800184800334,131.578801108802,JUMPING,257.34265197753905,175.74039993286135
1083,43.32,0.7834284901618958,34.3556999869179,187.70254516601562,110.49118041992188,2.3784573078155518,False,6.639992713928223,False,90,0,90,double,2.1929800184800334,131.578801108802,JUMPING,257.42756713867186,174.854354095459
1084,43.36,0.8062881231307983,36.25049997936003,188.82565307617188,110.2750244140625,0.3526589572429657,False,4.719076156616211,False,90,0,90,double,2.1929800184800334,131.578801108802,JUMPING,257.2965563964844,176.79116210937502
1085,43.4,0.826539158821106,34.68320000683889,187.0137939453125,108.2055435180664,2.087824583053589,False,4.859018325805664,False,90,0,90,double,2.1929800184800334,131.578801108802,JUMPING,256.9691107177734,181.79403381347657
1086,43.44,0.8519632816314697,35.600700008217245,182.83303833007812,102.57018280029297,5.637482643127441,False,5.243884563446045,True,90,0,90,double,2.1929800184800334,131.578801108802,JUMPING,256.77080627441404,182.80317840576174
1087,43.48,0.8726749420166016,35.52159998798743,177.10226440429688,98.62825775146484,3.943171977996826,False,7.464290142059326,True,90,0,90,double,2.1929800184800334,131.578801108802,JUMPING,256.68421875,179.32646942138675
1088,43.52,0.7877169847488403,40.12590000638738,173.07330322265625,96.32357788085938,2.305311918258667,False,6.105236053466797,True,90,0,90,double,2.1929800184800334,131.578801108802,JUMPING,256.68421875,178.49366455078126
1089,43.56,0.7381700277328491,38.593400007812306,170.8216552734375,95.7843017578125,0.5939193964004517,False,1.4515550136566162,True,90,0,90,double,2.1929800184800334,131.578801108802,JUMPING,256.68421875,176.59713134765627
1090,43.6,0.8524199724197388,41.56780001358129,170.6439666748047,95.18387603759766,0.6983008980751038,False,6.386220455169678,True,90,0,90,double,2.1929800184800334,131.578801108802,JUMPING,256.68421875,179.10776519775393
1091,43.64,0.7810083627700806,43.27369999373332,170.50949096679688,97.22625732421875,2.050218343734741,False,8.327286720275879,True,90,0,90,double,2.1929800184800334,131.578801108802,JUMPING,256.68421875,182.82365570068362
1092,43.68,0.8767217397689819,60.07180002052337,172.20489501953125,100.34683990478516,3.120682716369629,False,8.976205825805664,True,90,0,90,double,2.1929800184800334,131.578801108802,JUMPING,256.68421875,179.70840454101565
1093,43.72,0.8888742327690125,44.87220000009984,177.11279296875,103.73908233642578,3.4208688735961914,False,9.146302223205566,False,91,0,91,double,2.1551727526572564,129.31036515943538,JUMPING,256.68421875,175.53869857788087
1094,43.76,0.8463465571403503,42.41799999726936,181.9059295654297,108.65502166748047,4.919460296630859,False,7.871119022369385,False,91,0,91,double,2.1551727526572564,129.31036515943538,JUMPING,256.68421875,171.4534782409668
1095,43.8,0.7456314563751221,50.40599999483675,186.49212646484375,111.10565948486328,2.466120719909668,False,8.224531173706055,False,91,0,91,double,2.1551727526572564,129.31036515943538,JUMPING,256.684951171875,171.57107162475586
1096,43.84,0.8749595880508423,68.72690000454895,187.24118041992188,108.18888092041016,2.917091131210327,False,5.125101566314697,False,91,0,91,double,2.1551727526572564,129.31036515943538,JUMPING,256.4919085693359,177.24800720214844
1097,43.88,0.8323168158531189,77.36280001699924,183.7921142578125,106.61739349365234,1.5851860046386719,False,5.574027061462402,False,91,0,91,double,2.1551727526572564,129.31036515943538,JUMPING,256.3757684326172,180.6172187805176
1098,43.92,0.7514075636863708,74.4262000080198,178.25674438476562,100.9378890991211,5.703539848327637,False,6.249826431274414,True,91,0,91,double,2.1551727526572564,129.31036515943538,JUMPING,256.250657043457,180.74793777465823
1099,43.96,0.7904499173164368,53.88720001792535,173.4449462890625,97.0654067993164,3.8836617469787598,False,8.294736862182617,True,91,0,91,double,2.1551727526572564,129.31036515943538,JUMPING,256.250657043457,177.2594291687012
1100,44.0,0.7606074213981628,63.27050001709722,169.9251708984375,95.11248779296875,1.9529645442962646,False,9.65280818939209,True,91,0,91,double,2.1551727526572564,129.31036515943538,JUMPING,256.250657043457,176.8686149597168
1101,44.04,0.8251548409461975,64.1110000142362,168.27984619140625,95.07977294921875,0.03336932510137558,False,9.583370208740234,True,91,0,91,double,2.1551727526572564,129.31036515943538,JUMPING,256.250657043457,178.66164550781252
1102,44.08,0.7955813407897949,45.83540000021458,168.91726684570312,95.9735336303711,0.974493145942688,False,8.849261283874512,True,91,0,91,double,2.1551727526572564,129.31036515943538,JUMPING,256.250657043457,180.61208267211916
1103,44.12,0.7588416337966919,40.95260001486167,171.6151123046875,99.17594146728516,3.215271472930908,False,6.413776397705078,True,91,0,91,double,2.1551727526572564,129.31036515943538,JUMPING,256.250657043457,179.12480163574222
1104,44.16,0.6327008008956909,37.68929999205284,178.4320831298828,105.4169921875,6.246050834655762,False,3.9031128883361816,False,92,0,92,double,2.1551727526572564,129.31036515943538,JUMPING,256.250657043457,171.97524642944336
1105,44.2,0.7314161658287048,35.58419999899343,184.1136474609375,110.99761199951172,5.58488130569458,False,5.885421276092529,False,92,0,92,double,2.1551727526572564,129.31036515943538,JUMPING,256.31106353759765,171.41093750000002
1106,44.24,0.7965316772460938,37.449900002684444,187.97193908691406,114.3120346069336,3.317478656768799,True,6.15591287612915,False,92,0,92,double,2.1551727526572564,129.31036515943538,JUMPING,256.35478454589844,172.68611907958984
1107,44.28,0.7984008193016052,35.2396999951452,185.60848999023438,108.78252410888672,5.590968608856201,False,3.2659943103790283,False,92,0,92,double,2.1551727526572564,129.31036515943538,JUMPING,256.35478454589844,178.73590087890628
1108,44.32,0.7848166227340698,35.26809997856617,180.6092529296875,105.57107543945312,3.2130017280578613,False,5.240355491638184,True,92,0,92,double,2.1551727526572564,129.31036515943538,JUMPING,256.31106353759765,180.072908782959
1109,44.36,0.8065448999404907,43.90419999253936,177.0518341064453,103.39681243896484,2.1784417629241943,False,6.317293643951416,True,92,0,92,double,2.1551727526572564,129.31036515943538,JUMPING,256.2412020874023,180.8989242553711
1110,44.4,0.8032671213150024,38.00570001476444,173.0243682861328,99.9922103881836,3.428037166595459,False,6.482569694519043,True,92,0,92,double,2.1551727526572564,129.31036515943538,JUMPING,256.2412020874023,176.11074523925782
1111,44.44,0.8077630996704102,36.0567000170704,170.6757049560547,99.25261688232422,0.7555685639381409,False,6.4996256828308105,True,92,0,92,double,2.1551727526572564,129.31036515943538,JUMPING,256.2412020874023,177.9125457763672
1112,44.48,0.8649351000785828,35.803600010694936,169.39303588867188,99.4995346069336,0.39886996150016785,False,6.287912368774414,True,92,0,92,double,2.1551727526572564,129.31036515943538,JUMPING,256.2412020874023,176.82900314331056
1113,44.52,0.7286921143531799,38.08009999920614,170.51962280273438,99.34627532958984,0.1587677001953125,False,6.303456783294678,True,92,0,92,double,2.1551727526572564,129.31036515943538,JUMPING,256.2412020874023,178.5027282714844
1114,44.56,0.8644912242889404,34.22830000636168,174.05511474609375,100.9084701538086,1.8608125448226929,False,6.699117660522461,True,92,0,92,double,2.1551727526572564,129.31036515943538,JUMPING,256.2412020874023,178.949275970459
1115,44.6,0.7811115384101868,38.07429998414591,178.75193786621094,105.31214141845703,4.404145240783691,False,6.826435089111328,False,93,0,93,double,2.1929836015903206,131.57901609541923,JUMPING,256.2412020874023,176.28735351562503
1116,44.64,0.8315454125404358,35.934100014856085,183.56967163085938,109.11065673828125,3.970334053039551,False,6.286656379699707,False,93,0,93,double,2.1929836015903206,131.57901609541923,JUMPING,256.2412020874023,171.27770919799806
1117,44.68,0.8229595422744751,35.113099991576746,186.91485595703125,111.77102661132812,2.70054030418396,False,4.473633766174316,False,93,0,93,double,2.1929836015903206,131.57901609541923,JUMPING,256.2412020874023,174.5269775390625
1118,44.72,0.8654798865318298,34.768100013025105,186.26394653320312,110.6272201538086,1.2508196830749512,False,2.891080141067505,False,93,0,93,double,2.1929836015903206,131.57901609541923,JUMPING,256.0681994628906,177.24885482788088
1119,44.76,0.8724493980407715,37.49240000615828,185.62889099121094,110.05396270751953,0.7746668457984924,False,2.4429636001586914,False,93,0,93,double,2.1929836015903206,131.57901609541923,JUMPING,255.8535336303711,179.04883422851563
1120,44.8,0.7970845699310303,37.855800008401275,179.236572265625,103.11568450927734,6.961187839508057,False,5.973103046417236,True,93,0,93,double,2.1929836015903206,131.57901609541923,JUMPING,255.66742126464842,178.82914810180665
1121,44.84,0.8027170300483704,38.61989997676574,174.73167419433594,99.33150482177734,3.8028852939605713,False,7.891395092010498,True,93,0,93,double,2.1929836015903206,131.57901609541923,JUMPING,255.48297088623048,179.25824813842775
1122,44.88,0.836512565612793,34.90970001439564,170.55630493164062,98.49817657470703,1.0391411781311035,False,8.374755859375,True,93,0,93,double,2.1929836015903206,131.57901609541923,JUMPING,255.3359799194336,177.2216720581055
1123,44.92,0.8533704876899719,35.05599999334663,168.53805541992188,96.9183578491211,1.5820204019546509,False,8.200150489807129,True,93,0,93,double,2.1929836015903206,131.57901609541923,JUMPING,255.3359799194336,178.24164276123048
1124,44.96,0.7446253299713135,34.151800005929545,168.4980010986328,96.34102630615234,0.5952183604240417,False,7.930830955505371,True,93,0,93,double,2.1929836015903206,131.57901609541923,JUMPING,255.3359799194336,180.67367401123047
1125,45.0,0.8412450551986694,37.62799999094568,171.1382293701172,98.90032958984375,2.585773468017578,False,7.486995697021484,False,94,0,94,double,2.2321411548670516,133.9284692920231,JUMPING,255.3359799194336,180.33692321777346
1126,45.04,0.6280672550201416,33.648100012214854,175.27658081054688,102.02682495117188,3.128511428833008,False,7.635290622711182,False,94,0,94,double,2.2321411548670516,133.9284692920231,JUMPING,255.3359799194336,177.488875579834
1127,45.08,0.8500459790229797,38.52789997472428,178.4404296875,103.54058074951172,1.5138012170791626,False,8.01581859588623,False,94,0,94,double,2.2321411548670516,133.9284692920231,JUMPING,255.35759552001952,177.6515609741211
1128,45.12,0.7739905714988708,40.636899997480214,182.76907348632812,107.1170654296875,3.577012777328491,False,7.754184246063232,False,94,0,94,double,2.2321411548670516,133.9284692920231,JUMPING,255.58539093017578,173.3560287475586
1129,45.16,0.8137591481208801,40.35909997764975,185.84674072265625,108.25909423828125,1.1953598260879517,False,4.151514053344727,False,94,0,94,double,2.2321411548670516,133.9284692920231,JUMPING,255.58662689208984,176.80235748291017
1130,45.2,0.47464603185653687,33.71379998861812,184.7196044921875,106.56658172607422,1.6993590593338013,False,4.4119439125061035,False,94,0,94,double,2.2321411548670516,133.9284692920231,JUMPING,255.58539093017578,180.9906188964844
1131,45.24,0.7582659721374512,34.526399977039546,181.73805236816406,102.03732299804688,4.535405158996582,False,6.092971324920654,False,94,0,94,double,2.2321411548670516,133.9284692920231,JUMPING,255.55194671630858,185.4987289428711
1132,45.28,0.7880352735519409,33.37160000228323,177.15475463867188,98.6906967163086,3.350001573562622,False,7.495103359222412,True,94,0,94,double,2.2321411548670516,133.9284692920231,JUMPING,255.4341665649414,180.25974731445314
1133,45.32,0.7765901684761047,36.46870001102798,174.0247802734375,96.71810150146484,1.9902923107147217,False,8.299620628356934,True,94,0,94,double,2.2321411548670516,133.9284692920231,JUMPING,255.0884442138672,179.926286315918
1134,45.36,0.7960736751556396,36.51589999208227,172.48544311523438,96.39838409423828,0.42041605710983276,False,8.25615119934082,True,94,0,94,double,2.2321411548670516,133.9284692920231,JUMPING,255.0884442138672,177.2803176879883
1135,45.4,0.8619409799575806,34.21490002074279,171.9482421875,96.57132720947266,0.19248069822788239,False,7.675412654876709,True,94,0,94,double,2.2321411548670516,133.9284692920231,JUMPING,255.0884442138672,178.04824981689455
1136,45.44,0.8520034551620483,35.390200006077066,171.71798706054688,97.08190155029297,0.5137766599655151,False,7.7704854011535645,True,94,0,94,double,2.2321411548670516,133.9284692920231,JUMPING,255.0884442138672,178.07073287963868
1137,45.48,0.8460357189178467,40.904800000134856,173.27508544921875,98.72307586669922,1.6853405237197876,False,8.593255043029785,False,95,0,95,double,2.1929836015903206,131.57901609541923,JUMPING,255.0884442138672,179.50020751953127
1138,45.52,0.6541249752044678,45.442799979355186,177.63668823242188,104.00785064697266,5.287352085113525,False,8.694670677185059,False,95,0,95,double,2.1929836015903206,131.57901609541923,JUMPING,255.0884442138672,177.3257034301758
1139,45.56,0.8387336730957031,53.56769997160882,182.31021118164062,109.4626235961914,5.462698459625244,False,8.265152931213379,False,95,0,95,double,2.1929836015903206,131.57901609541923,JUMPING,255.37096405029297,171.2887954711914
1140,45.6,0.8520012497901917,51.43699998734519,185.94300842285156,110.66060638427734,1.2177236080169678,False,7.98461389541626,False,95,0,95,double,2.1929836015903206,131.57901609541923,JUMPING,255.5031423950195,171.74904785156252
1141,45.64,0.8114855289459229,47.14619999867864,188.0010223388672,110.35279083251953,0.6174468398094177,False,5.915675640106201,False,95,0,95,double,2.1929836015903206,131.57901609541923,JUMPING,255.58539093017578,175.2277542114258
1142,45.68,0.8518995046615601,56.74859997816384,183.44174194335938,104.76871490478516,5.585148334503174,False,5.682468891143799,True,95,0,95,double,2.1929836015903206,131.57901609541923,JUMPING,255.54394866943358,182.31760635375977
1143,45.72,0.862201452255249,47.49420000007376,178.1469268798828,99.83541107177734,4.9510626792907715,False,6.414413928985596,True,95,0,95,double,2.1929836015903206,131.57901609541923,JUMPING,255.349348449707,181.66448974609378
1144,45.76,0.8675011396408081,44.65699999127537,174.32571411132812,97.26224517822266,2.58634352684021,False,7.1111578941345215,True,95,0,95,double,2.1929836015903206,131.57901609541923,JUMPING,255.349348449707,179.7806037902832
1145,45.8,0.8180311918258667,47.77180001838133,172.012939453125,95.90242767333984,1.371388554573059,False,7.264585494995117,True,95,0,95,double,2.1929836015903206,131.57901609541923,JUMPING,255.349348449707,177.55426025390628
1146,45.84,0.8675121068954468,51.424200006294996,171.73876953125,95.7421875,0.20543938875198364,False,7.068718433380127,True,95,0,95,double,2.1929836015903206,131.57901609541923,JUMPING,255.349348449707,177.3099174499512
1147,45.88,0.8268139958381653,40.589199983514845,173.54306030273438,97.51371002197266,1.795997977256775,False,5.832051753997803,True,95,0,95,double,2.1929836015903206,131.57901609541923,JUMPING,255.349348449707,180.67380828857424
1148,45.92,0.8759058713912964,39.39890000037849,176.34152221679688,100.63251495361328,3.127624273300171,False,6.353854179382324,False,96,0,96,double,2.272730363798799,136.36382182792792,JUMPING,255.349348449707,179.23881988525392
1149,45.96,0.8724169135093689,33.03089999826625,178.33560180664062,102.36278533935547,1.7303396463394165,False,6.716683387756348,False,96,0,96,double,2.272730363798799,136.36382182792792,JUMPING,255.349348449707,178.34263610839847
1150,46.0,0.7575732469558716,40.13049998320639,184.9666748046875,107.36498260498047,5.007592678070068,False,6.707034587860107,False,96,0,96,double,2.272730363798799,136.36382182792792,JUMPING,255.43993988037107,174.4796195983887
1151,46.04,0.7511860132217407,40.92219998710789,189.04348754882812,110.55384063720703,3.209000825881958,False,7.0328369140625,False,96,0,96,double,2.272730363798799,136.36382182792792,JUMPING,255.59246612548827,173.4464309692383
1152,46.08,0.8588489294052124,47.2382000007201,190.31503295898438,111.2806396484375,0.7363383173942566,False,4.872137546539307,False,96,0,96,double,2.272730363798799,136.36382182792792,JUMPING,255.65589385986328,173.65107803344728
1153,46.12,0.8601487874984741,33.64589999546297,185.1103057861328,107.8564453125,3.450590133666992,False,4.8519110679626465,True,96,0,96,double,2.272730363798799,136.36382182792792,JUMPING,255.6335137939453,180.34015426635744
1154,46.16,0.6985988616943359,33.38889998849481,179.5718536376953,103.3375015258789,4.547364711761475,False,6.483745098114014,True,96,0,96,double,2.272730363798799,136.36382182792792,JUMPING,255.60006958007813,177.77512130737307
1155,46.2,0.7535532712936401,38.01530000055209,175.54666137695312,100.28228759765625,3.05532169342041,False,7.220643997192383,True,96,0,96,double,2.272730363798799,136.36382182792792,JUMPING,255.60006958007813,178.46761474609377
1156,46.24,0.8164206743240356,37.70519999670796,171.78466796875,97.681640625,2.612765073776245,False,7.559078693389893,True,96,0,96,double,2.272730363798799,136.36382182792792,JUMPING,255.60006958007813,175.79592361450196
1157,46.28,0.8195274472236633,32.24130001035519,169.97463989257812,96.17061614990234,1.5111780166625977,False,7.959845542907715,True,96,0,96,double,2.272730363798799,136.36382182792792,JUMPING,255.60006958007813,176.46969375610354
1158,46.32,0.8057636022567749,33.23190001538023,169.98753356933594,96.4376220703125,0.3899584710597992,False,8.619044303894043,True,96,0,96,double,2.272730363798799,136.36382182792792,JUMPING,255.60006958007813,179.34773559570314
1159,46.36,0.8087611198425293,37.99310000613332,171.609375,98.84276580810547,2.4144673347473145,False,8.435633659362793,True,96,0,96,double,2.272730363798799,136.36382182792792,JUMPING,255.60006958007813,178.52873611450198
1160,46.4,0.8113343715667725,45.191300014266744,176.1121063232422,102.05633544921875,3.214728832244873,False,8.427845001220703,False,97,0,97,double,2.2321411548670516,133.9284692920231,JUMPING,255.60006958007813,177.21494140625
1161,46.44,0.8545576333999634,39.928400015924126,182.15846252441406,106.53105926513672,4.475708961486816,False,8.165728569030762,False,97,0,97,double,2.2321411548670516,133.9284692920231,JUMPING,255.65671325683593,174.21357421875
1162,46.48,0.8221819400787354,36.498500005109236,187.942626953125,111.20662689208984,4.746313095092773,False,8.352888107299805,False,97,0,97,double,2.2321411548670516,133.9284692920231,JUMPING,255.79227722167965,172.0117530822754
1163,46.52,0.8139062523841858,51.182700000936165,191.36264038085938,113.814208984375,2.688530921936035,False,8.658123970031738,False,97,0,97,double,2.2321411548670516,133.9284692920231,JUMPING,255.9357699584961,171.48771057128909
1164,46.56,0.8345246315002441,34.48860000935383,191.64724731445312,110.70398712158203,3.198005199432373,False,4.736719608306885,False,97,0,97,double,2.2321411548670516,133.9284692920231,JUMPING,256.0800296020508,175.13492660522462
1165,46.6,0.8576915264129639,35.23529999074526,185.35067749023438,104.7774429321289,5.948244571685791,False,6.128895282745361,True,97,0,97,double,2.2321411548670516,133.9284692920231,JUMPING,256.0386935424805,177.2989486694336
1166,46.64,0.7322550415992737,36.98390000499785,179.40859985351562,99.71973419189453,5.145256042480469,False,7.25915002822876,True,97,0,97,double,2.2321411548670516,133.9284692920231,JUMPING,255.92567626953124,175.9114356994629
1167,46.68,0.8419169187545776,34.014000004390255,174.957275390625,96.73847198486328,3.0055813789367676,False,8.234328269958496,True,97,0,97,double,2.2321411548670516,133.9284692920231,JUMPING,255.92567626953124,176.75493240356448
1168,46.72,0.8845832347869873,38.07920002145693,172.56524658203125,95.40938568115234,1.3681124448776245,False,8.17924976348877,True,97,0,97,double,2.2321411548670516,133.9284692920231,JUMPING,255.92567626953124,176.98938903808596
1169,46.76,0.8732311129570007,34.41900000325404,172.013671875,96.05826568603516,0.6489787697792053,False,7.9072136878967285,True,97,0,97,double,2.2321411548670516,133.9284692920231,JUMPING,255.92567626953124,176.87144317626954
1170,46.8,0.8285272121429443,39.51839997898787,174.0272674560547,98.58130645751953,2.534320116043091,False,8.124584197998047,True,97,0,97,double,2.2321411548670516,133.9284692920231,JUMPING,255.92567626953124,178.74889221191407
1171,46.84,0.8671354651451111,35.44320000219159,177.7965850830078,101.755859375,3.1761057376861572,False,7.998072147369385,False,98,0,98,double,2.2321411548670516,133.9284692920231,JUMPING,255.92567626953124,177.79162902832033
1172,46.88,0.8028218150138855,49.79260000982322,181.31301879882812,106.11161041259766,4.3575897216796875,False,8.882245063781738,False,98,0,98,double,2.2321411548670516,133.9284692920231,JUMPING,255.92567626953124,173.2878242492676
1173,46.92,0.7540822625160217,41.925500001525506,185.8720703125,112.05402374267578,5.951849937438965,False,7.562106609344482,False,98,0,98,double,2.2321411548670516,133.9284692920231,JUMPING,255.92567626953124,168.70449371337892
1174,46.96,0.7794035077095032,41.881500015733764,188.09921264648438,115.34747314453125,3.2934494018554688,True,6.53694486618042,False,98,0,98,double,2.2321411548670516,133.9284692920231,JUMPING,255.92567626953124,171.79822692871096
1175,47.0,0.7124150991439819,38.88919999008067,189.09280395507812,116.7961196899414,1.4561493396759033,True,6.199044704437256,False,98,0,98,double,2.2321411548670516,133.9284692920231,JUMPING,255.92567626953124,171.47962875366213
1176,47.04,0.8812001943588257,42.078099999343976,185.85501098632812,110.61782836914062,6.271643161773682,False,6.826102256774902,True,98,0,98,double,2.2321411548670516,133.9284692920231,JUMPING,255.75714599609375,180.250154876709
1177,47.08,0.8609569668769836,36.29760001786053,180.8751220703125,103.30719757080078,7.313867568969727,False,6.320335388183594,True,98,0,98,double,2.2321411548670516,133.9284692920231,JUMPING,255.6475390625,176.28294754028323
1178,47.12,0.7886295914649963,35.78639999614097,175.63917541503906,99.00091552734375,4.32341194152832,False,6.916229248046875,True,98,0,98,double,2.2321411548670516,133.9284692920231,JUMPING,255.60650604248042,174.83147659301758
1179,47.16,0.8599352836608887,35.621299990452826,172.50930786132812,96.91253662109375,2.0889170169830322,False,5.96284818649292,True,98,0,98,double,2.2321411548670516,133.9284692920231,JUMPING,255.60650604248042,173.95203552246096
1180,47.2,0.8705247640609741,38.771199993789196,170.90650939941406,95.74422454833984,1.181639552116394,False,5.969419956207275,True,98,0,98,double,2.2321411548670516,133.9284692920231,JUMPING,255.60650604248042,174.26770477294923
1181,47.24,0.8056254386901855,36.76040002028458,170.9422607421875,97.52234649658203,1.779796838760376,False,5.469867706298828,True,98,0,98,double,2.2321411548670516,133.9284692920231,JUMPING,255.60650604248042,175.48849563598634
1182,47.28,0.8007616996765137,43.38570000254549,171.65957641601562,97.92608642578125,0.40948235988616943,False,5.221940994262695,True,98,0,98,double,2.2321411548670516,133.9284692920231,JUMPING,255.60650604248042,174.32366485595705
1183,47.32,0.8077963590621948,44.287400000030175,175.7843017578125,101.9926528930664,4.094299793243408,False,5.919479846954346,False,99,0,99,double,2.1551727526572564,129.31036515943538,JUMPING,255.60650604248042,176.97853775024416
1184,47.36,0.8437812328338623,38.359400001354516,178.98483276367188,104.32202911376953,2.343167781829834,False,5.767829895019531,False,99,0,99,double,2.1551727526572564,129.31036515943538,JUMPING,255.61996887207027,177.14090423583986
1185,47.4,0.8635047674179077,38.29669998958707,183.6148681640625,111.10860443115234,6.810264587402344,False,5.449071407318115,False,99,0,99,double,2.1551727526572564,129.31036515943538,JUMPING,255.70356933593752,171.49219207763673
1186,47.44,0.8376325368881226,44.52550000860356,188.55413818359375,115.9931640625,4.954349994659424,True,5.6405463218688965,False,99,0,99,double,2.1551727526572564,129.31036515943538,JUMPING,255.81356079101562,167.4662467956543
1187,47.48,0.8359705805778503,42.8542000008747,191.37286376953125,118.2937240600586,2.332651138305664,True,5.60529899597168,False,99,0,99,double,2.1551727526572564,129.31036515943538,JUMPING,255.81356079101562,170.53306579589844
1188,47.52,0.8745095729827881,45.79000000376254,189.06631469726562,112.56854248046875,5.768255710601807,False,2.068786382675171,False,99,0,99,double,2.1551727526572564,129.31036515943538,JUMPING,255.58089843749997,175.54218978881838
1189,47.56,0.8512659668922424,44.890399993164465,184.02755737304688,108.95123291015625,3.624891996383667,False,3.0583202838897705,True,99,0,99,double,2.1551727526572564,129.31036515943538,JUMPING,255.51198669433592,171.02949752807618
1190,47.6,0.8841928839683533,40.46889999881387,180.0211639404297,103.0840072631836,5.9235520362854,False,3.461066484451294,True,99,0,99,double,2.1551727526572564,129.31036515943538,JUMPING,255.51198669433592,171.45379714965821
1191,47.64,0.8788561820983887,41.94150000694208,177.56915283203125,100.3011474609375,2.813065767288208,False,4.489776134490967,True,99,0,99,double,2.1551727526572564,129.31036515943538,JUMPING,255.51198669433592,171.75237121582032
1192,47.68,0.8655939698219299,33.622799994191155,176.40980529785156,99.51850128173828,0.7826483845710754,False,4.933194637298584,True,99,0,99,double,2.1551727526572564,129.31036515943538,JUMPING,255.51198669433592,171.97260284423828
1193,47.72,0.8649927377700806,35.46839999035001,175.7779998779297,99.50667572021484,0.07634561508893967,False,4.685642242431641,True,99,0,99,double,2.1551727526572564,129.31036515943538,JUMPING,255.51198669433592,173.4827865600586
1194,47.76,0.8367921113967896,35.54189999704249,175.65432739257812,99.85578155517578,0.3734154999256134,False,5.5059967041015625,True,99,0,99,double,2.1551727526572564,129.31036515943538,JUMPING,255.51198669433592,174.96291732788086
1195,47.8,0.8591070175170898,36.855499987723306,178.676025390625,103.17385864257812,3.3267321586608887,False,6.496058464050293,False,100,0,100,double,2.1551727526572564,129.31036515943538,JUMPING,255.51198669433592,175.1820495605469
1196,47.84,0.8322534561157227,35.845000005792826,183.34884643554688,108.42949676513672,5.297317028045654,False,6.081898212432861,False,100,0,100,double,2.1551727526572564,129.31036515943538,JUMPING,255.58089843749997,170.88389053344727
1197,47.88,0.7818590402603149,35.06339999148622,187.67787170410156,111.59046173095703,3.1637799739837646,False,6.2867560386657715,False,100,0,100,double,2.1551727526572564,129.31036515943538,JUMPING,255.83446166992184,169.65324707031252
1198,47.92,0.7098857164382935,36.700000026030466,188.15565490722656,111.33779907226562,0.2528260052204132,False,4.288813591003418,False,100,0,100,double,2.1551727526572564,129.31036515943538,JUMPING,255.8986126708984,172.19202880859376
1199,47.96,0.8589885234832764,35.74099999968894,186.30929565429688,107.82703399658203,3.5129828453063965,False,3.92478346824646,False,100,0,100,double,2.1551727526572564,129.31036515943538,JUMPING,255.7483459472656,178.61838302612307
1200,48.0,0.8776726126670837,41.598299983888865,185.35940551757812,105.93343353271484,1.9107149839401245,False,3.598478078842163,False,100,0,100,double,2.1551727526572564,129.31036515943538,JUMPING,255.59024047851562,178.1724479675293
1201,48.04,0.7635670900344849,41.395500011276454,178.3883056640625,100.72940826416016,5.208534240722656,False,5.768884658813477,True,100,0,100,double,2.1551727526572564,129.31036515943538,JUMPING,255.5204196166992,175.87503814697266
1202,48.08,0.778760552406311,45.36930000176653,173.03341674804688,98.3544692993164,2.4099910259246826,False,6.220680236816406,True,100,0,100,double,2.1551727526572564,129.31036515943538,JUMPING,255.5204196166992,174.97527084350588
1203,48.12,0.7875518798828125,39.11479999078438,169.12503051757812,97.47383880615234,0.8807654976844788,False,5.580302715301514,True,100,0,100,double,2.1551727526572564,129.31036515943538,JUMPING,255.5204196166992,175.01928863525393
1204,48.16,0.8311508297920227,38.7648000032641,167.58473205566406,98.14513397216797,1.075383186340332,False,4.217057228088379,True,100,0,100,double,2.1551727526572564,129.31036515943538,JUMPING,255.5204196166992,175.72238998413087
1205,48.2,0.8073117733001709,36.143000004813075,167.11544799804688,99.09513092041016,1.2475049495697021,False,7.653132915496826,True,100,0,100,double,2.1551727526572564,129.31036515943538,JUMPING,255.5204196166992,175.64569244384768
1206,48.24,0.841498851776123,36.44870000425726,170.6751708984375,102.99382781982422,3.9652678966522217,False,2.1602976322174072,False,101,0,101,double,2.1551691536153244,129.31014921691946,JUMPING,255.5204196166992,180.8002555847168
1207,48.28,0.6780951023101807,41.12459998577833,175.69586181640625,106.65518951416016,3.66139554977417,False,7.814990043640137,False,101,0,101,double,2.1551691536153244,129.31014921691946,JUMPING,255.5204196166992,176.95673446655275
1208,48.32,0.7181593179702759,38.71110000181943,179.41600036621094,108.37622833251953,1.7211076021194458,False,9.676922798156738,False,101,0,101,double,2.1551691536153244,129.31014921691946,JUMPING,255.5204196166992,176.92472610473635
1209,48.36,0.8287006616592407,37.82970001338981,185.70428466796875,113.5657958984375,5.214727401733398,False,8.684179306030273,False,101,0,101,double,2.1551691536153244,129.31014921691946,JUMPING,255.59024047851562,173.44255371093752
1210,48.4,0.7135066986083984,40.771600004518405,187.52130126953125,111.62215423583984,1.9742666482925415,False,6.546641826629639,False,101,0,101,double,2.1551691536153244,129.31014921691946,JUMPING,255.72297607421876,178.05540008544924
1211,48.44,0.7812703251838684,41.89239998231642,188.61920166015625,111.84842681884766,0.4284011721611023,False,5.114048004150391,False,101,0,101,double,2.1551691536153244,129.31014921691946,JUMPING,255.7860968017578,177.6967956542969
1212,48.48,0.8914480805397034,38.641099992673844,183.60238647460938,105.63365936279297,6.364550590515137,False,6.848515510559082,False,101,0,101,double,2.1551691536153244,129.31014921691946,JUMPING,255.7860968017578,180.48142242431643
1213,48.52,0.8145683407783508,43.75179999624379,177.21612548828125,100.03018951416016,5.629649639129639,False,7.69602632522583,True,101,0,101,double,2.1551691536153244,129.31014921691946,JUMPING,255.7860968017578,177.95748672485354
1214,48.56,0.7980321645736694,38.74940000241622,172.24276733398438,96.94339752197266,3.132704257965088,False,5.382216453552246,True,101,0,101,double,2.1551691536153244,129.31014921691946,JUMPING,255.7860968017578,177.05281829833987
1215,48.6,0.8330209255218506,36.63019998930395,170.41366577148438,95.32823944091797,1.615841269493103,False,6.467179298400879,True,101,0,101,double,2.1551691536153244,129.31014921691946,JUMPING,255.7860968017578,178.2984085083008
1216,48.64,0.8574341535568237,35.2396999951452,170.80857849121094,94.9378662109375,0.40861746668815613,False,7.382574558258057,True,101,0,101,double,2.1551691536153244,129.31014921691946,JUMPING,255.7860968017578,179.36121368408206
1217,48.68,0.8574170470237732,40.53399999975227,172.18142700195312,97.13285064697266,2.268174409866333,False,8.068808555603027,True,101,0,101,double,2.1551691536153244,129.31014921691946,JUMPING,255.7860968017578,179.6714279174805
1218,48.72,0.8273272514343262,42.657700018025935,173.33233642578125,98.43212890625,1.307726502418518,False,8.427361488342285,False,102,0,102,double,2.1551727526572564,129.31036515943538,JUMPING,255.7860968017578,180.69227142333986
1219,48.76,0.727393388748169,38.39169998536818,178.26904296875,103.8016357421875,5.38503885269165,False,7.431072235107422,False,102,0,102,double,2.1551727526572564,129.31036515943538,JUMPING,255.88694213867186,176.03854598999024
1220,48.8,0.8511740565299988,36.85519998543896,183.3971405029297,109.23162841796875,5.432441711425781,False,7.124858379364014,False,102,0,102,double,2.1551727526572564,129.31036515943538,JUMPING,255.88694213867186,172.6082633972168
1221,48.84,0.8328410983085632,35.91700000106357,186.03256225585938,108.9837417602539,0.2525486946105957,False,5.467774391174316,False,102,0,102,double,2.1551727526572564,129.31036515943538,JUMPING,255.82149108886716,177.47063903808595
1222,48.88,0.8642674684524536,37.4518999888096,185.22735595703125,106.8895034790039,2.1030707359313965,False,4.277985095977783,False,102,0,102,double,2.1551727526572564,129.31036515943538,JUMPING,255.8058447265625,180.2168037414551
1223,48.92,0.8577158451080322,36.17460001260042,184.22210693359375,105.341064453125,1.5562710762023926,False,3.796077013015747,False,102,0,102,double,2.1551727526572564,129.31036515943538,JUMPING,255.82149108886716,180.01088943481446
1224,48.96,0.8091936707496643,36.092800000915304,178.7349090576172,99.9762191772461,5.4043684005737305,False,6.06934928894043,True,102,0,102,double,2.1551727526572564,129.31036515943538,JUMPING,255.82149108886716,180.8967254638672
1225,49.0,0.6909066438674927,35.41149999364279,172.88693237304688,98.2863540649414,1.7234286069869995,False,5.912779331207275,True,102,0,102,double,2.1551727526572564,129.31036515943538,JUMPING,255.82149108886716,177.34366302490236
1226,49.04,0.7538906335830688,40.37840000819415,169.17059326171875,97.6016616821289,0.7175648212432861,False,1.1255680322647095,True,102,0,102,double,2.1551727526572564,129.31036515943538,JUMPING,255.82149108886716,176.93901824951175
1227,49.08,0.8270679712295532,46.019300003536046,167.12432861328125,96.3328628540039,1.3227465152740479,False,7.354603290557861,True,102,0,102,double,2.1551727526572564,129.31036515943538,JUMPING,255.82149108886716,176.6995429992676
1228,49.12,0.7571396231651306,42.17349999817088,166.41903686523438,95.09744262695312,1.3539841175079346,False,6.848740577697754,True,102,0,102,double,2.1551727526572564,129.31036515943538,JUMPING,255.82149108886716,176.27888565063478
1229,49.16,0.7751663327217102,39.50549999717623,168.86618041992188,97.23543548583984,2.1396827697753906,False,4.435887813568115,True,102,0,102,double,2.1551727526572564,129.31036515943538,JUMPING,255.82149108886716,181.15510864257814
1230,49.2,0.8641223311424255,41.59569999319501,173.6396026611328,100.56453704833984,3.337937593460083,False,8.248234748840332,False,103,0,103,double,2.1186435198655156,127.11861119193094,JUMPING,255.82149108886716,177.94988327026368
1231,49.24,0.8433083295822144,50.31039999448694,179.17852783203125,105.43793487548828,4.875130653381348,False,9.77556324005127,False,103,0,103,double,2.1186435198655156,127.11861119193094,JUMPING,255.95973205566406,175.65055999755862
1232,49.28,0.814582347869873,44.52049999963492,184.65777587890625,110.8491439819336,5.43175745010376,False,9.54076099395752,False,103,0,103,double,2.1186435198655156,127.11861119193094,JUMPING,256.07419738769534,172.27693405151368
1233,49.32,0.784813404083252,46.06760002207011,187.23336791992188,109.55008697509766,1.2992252111434937,False,7.683828830718994,False,103,0,103,double,2.1186435198655156,127.11861119193094,JUMPING,256.07419738769534,176.76487731933597
1234,49.36,0.8177101612091064,44.88709999714047,184.6492919921875,106.40656280517578,3.1468019485473633,False,7.292749404907227,False,103,0,103,double,2.1186435198655156,127.11861119193094,JUMPING,255.95973205566406,179.7422088623047
1235,49.4,0.7862505912780762,52.15250002220273,182.95144653320312,104.14981079101562,2.260032892227173,False,7.49746561050415,False,103,0,103,double,2.1186435198655156,127.11861119193094,JUMPING,255.85622619628904,179.55107345581055
1236,49.44,0.8667518496513367,35.12600000249222,178.97958374023438,100.717041015625,3.4362897872924805,False,7.580053329467773,True,103,0,103,double,2.1186435198655156,127.11861119193094,JUMPING,255.84057983398435,182.19167938232422
1237,49.48,0.8534051179885864,34.126299986382946,173.69378662109375,97.07992553710938,3.6575701236724854,False,6.711244106292725,True,103,0,103,double,2.1186435198655156,127.11861119193094,JUMPING,255.84057983398435,178.14840393066407
1238,49.52,0.8734860420227051,35.33479999168776,169.65211486816406,96.29936981201172,0.7949984073638916,False,6.801629543304443,True,103,0,103,double,2.1186435198655156,127.11861119193094,JUMPING,255.84057983398435,177.0482780456543
1239,49.56,0.8597316145896912,34.40169998793863,167.42958068847656,96.86530303955078,0.6540346145629883,False,5.746400356292725,True,103,0,103,double,2.1186435198655156,127.11861119193094,JUMPING,255.84057983398435,178.4109329223633
1240,49.6,0.8836372494697571,37.38990001147613,168.62326049804688,97.29815673828125,0.6180776357650757,False,5.161703586578369,True,103,0,103,double,2.1186435198655156,127.11861119193094,JUMPING,255.84057983398435,179.45395736694337
1241,49.64,0.8668196797370911,36.93510001176037,169.4783172607422,97.65145111083984,0.4177134037017822,False,4.823333740234375,True,103,0,103,double,2.1186435198655156,127.11861119193094,JUMPING,255.84057983398435,181.46832733154298
1242,49.68,0.7881865501403809,31.47670000907965,175.33160400390625,102.42224884033203,4.7735209465026855,False,5.51685094833374,False,104,0,104,double,2.1186435198655156,127.11861119193094,JUMPING,255.84057983398435,177.90880279541017
1243,49.72,0.8078834414482117,37.39549999590963,181.6636962890625,107.51708984375,5.106712818145752,False,6.9033966064453125,False,104,0,104,double,2.1186435198655156,127.11861119193094,JUMPING,255.85622619628904,172.21925354003906
1244,49.76,0.8083689212799072,33.027400000719354,185.82598876953125,111.3250503540039,3.8114781379699707,False,7.445108413696289,False,104,0,104,double,2.1186435198655156,127.11861119193094,JUMPING,255.92811157226564,173.15596389770508
1245,49.8,0.8595740795135498,36.09499998856336,186.84255981445312,112.33139038085938,1.311372995376587,False,4.982446670532227,False,104,0,104,double,2.1186435198655156,127.11861119193094,JUMPING,255.93800842285157,177.71122207641602
1246,49.84,0.6882118582725525,33.19969997392036,184.09414672851562,108.4530258178711,3.9288599491119385,False,3.6216354370117188,False,104,0,104,double,2.1186435198655156,127.11861119193094,JUMPING,255.86586181640627,181.322225189209
1247,49.88,0.7509037852287292,36.06630000285804,181.85702514648438,107.51766204833984,0.9478351473808289,False,3.465787172317505,True,104,0,104,double,2.1186435198655156,127.11861119193094,JUMPING,255.75736358642578,181.2091133117676
1248,49.92,0.8727348446846008,33.20609999354929,177.89703369140625,101.85186767578125,5.709726810455322,False,4.7900824546813965,True,104,0,104,double,2.1186435198655156,127.11861119193094,JUMPING,255.68374206542967,181.49804458618166
1249,49.96,0.8290587663650513,33.36450000642799,173.0025634765625,97.88941192626953,4.030300617218018,False,7.620715618133545,True,104,0,104,double,2.1186435198655156,127.11861119193094,JUMPING,255.68374206542967,177.39641723632815
1250,50.0,0.8429665565490723,41.607300023315474,170.09747314453125,95.9577865600586,1.9521684646606445,False,8.166515350341797,True,104,0,104,double,2.1186435198655156,127.11861119193094,JUMPING,255.68374206542967,177.59555892944337
1251,50.04,0.8510522246360779,37.98779999488033,169.21389770507812,95.60749053955078,0.4166076183319092,False,6.708864212036133,True,104,0,104,double,2.1186435198655156,127.11861119193094,JUMPING,255.68374206542967,177.07732391357425
1252,50.08,0.7470192909240723,41.87420001835562,171.5662078857422,98.7470932006836,3.1780519485473633,False,1.9214632511138916,True,104,0,104,double,2.1186435198655156,127.11861119193094,JUMPING,255.68374206542967,180.4790222167969
1253,50.12,0.7600988149642944,33.72380000655539,175.93887329101562,103.18709564208984,4.462475776672363,False,5.480725288391113,False,105,0,105,double,2.1551727526572564,129.31036515943538,JUMPING,255.68374206542967,177.6726676940918
1254,50.16,0.5889949798583984,36.09909999067895,180.5979461669922,111.40472412109375,8.222687721252441,False,3.494455099105835,False,105,0,105,double,2.1551727526572564,129.31036515943538,JUMPING,255.69938842773436,170.69085845947268
1255,50.2,0.6201775074005127,36.940300022251904,183.54066467285156,115.50279235839844,4.160241603851318,False,3.130901575088501,False,105,0,105,double,2.1551727526572564,129.31036515943538,JUMPING,255.76483947753906,170.68264236450196
1256,50.24,0.8040516972541809,34.63079998618923,188.02447509765625,115.24786376953125,1.30260169506073,False,4.954457759857178,False,105,0,105,double,2.1551727526572564,129.31036515943538,JUMPING,255.8327114868164,168.50445404052735
1257,50.28,0.8484205007553101,46.133600000757724,187.4660186767578,113.27921295166016,2.045501708984375,False,5.765234470367432,False,105,0,105,double,2.1551727526572564,129.31036515943538,JUMPING,255.91231658935547,177.5149673461914
1258,50.32,0.8736071586608887,36.7007999739144,185.581298828125,110.20137786865234,3.0828607082366943,False,5.015127658843994,True,105,0,105,double,2.1551727526572564,129.31036515943538,JUMPING,255.91231658935547,178.6134315490723
1259,50.36,0.8886860013008118,35.47509998315945,183.84701538085938,108.35803985595703,1.8458163738250732,False,5.5102949142456055,True,105,0,105,double,2.1551727526572564,129.31036515943538,JUMPING,255.91231658935547,180.04689254760743
1260,50.4,0.8826218247413635,37.23390001687221,179.10467529296875,104.42765045166016,3.949154853820801,False,7.899228096008301,True,105,0,105,double,2.1551727526572564,129.31036515943538,JUMPING,255.91231658935547,173.71829223632812
1261,50.44,0.8890207409858704,35.15869998955168,176.46914672851562,101.8543472290039,2.573312997817993,False,7.844008922576904,True,105,0,105,double,2.1551727526572564,129.31036515943538,JUMPING,255.91231658935547,173.36484909057617
1262,50.48,0.8998962640762329,34.73050001775846,174.87506103515625,100.8770980834961,1.005157470703125,False,8.44632625579834,True,105,0,105,double,2.1551727526572564,129.31036515943538,JUMPING,255.91231658935547,173.74381332397462
1263,50.52,0.9000399112701416,40.822100010700524,174.4844970703125,101.30081939697266,0.4348738491535187,False,7.7715654373168945,True,105,0,105,double,2.1551727526572564,129.31036515943538,JUMPING,255.91231658935547,174.54535675048828
1264,50.56,0.8689092397689819,38.58680001576431,177.00244140625,104.8434829711914,3.5435686111450195,False,8.02595043182373,True,105,0,105,double,2.1551727526572564,129.31036515943538,JUMPING,255.91231658935547,176.01373825073244
1265,50.6,0.8507286906242371,45.6834000069648,180.91281127929688,108.73323822021484,3.9500937461853027,False,5.964680194854736,False,106,0,106,double,2.118646997948562,127.11881987691372,JUMPING,255.91231658935547,172.19607391357422
1266,50.64,0.8306916356086731,47.22480001510121,186.10316467285156,114.3712387084961,5.655660152435303,False,5.263206958770752,False,106,0,106,double,2.118646997948562,127.11881987691372,JUMPING,255.91231658935547,168.28888015747071
1267,50.68,0.8261904120445251,41.47409999859519,189.66751098632812,117.13036346435547,2.7610111236572266,True,3.456397533416748,False,106,0,106,double,2.118646997948562,127.11881987691372,JUMPING,255.91231658935547,170.26236267089845
1268,50.72,0.8318493366241455,35.98950000014156,188.96432495117188,117.052978515625,0.7467572689056396,False,2.849576234817505,False,106,0,106,double,2.118646997948562,127.11881987691372,JUMPING,255.7570373535156,175.39309158325196
1269,50.76,0.834413468837738,35.855399997672066,188.07586669921875,117.04537200927734,0.5350882411003113,False,2.9839885234832764,False,106,0,106,double,2.118646997948562,127.11881987691372,JUMPING,255.68598815917966,174.9081153869629
1270,50.8,0.8886473178863525,37.473599979421124,182.67446899414062,111.615966796875,5.443816184997559,False,2.8900442123413086,True,106,0,106,double,2.118646997948562,127.11881987691372,JUMPING,255.609963684082,174.43875732421876
1271,50.84,0.8696634769439697,49.176700005773455,177.7239990234375,105.4852066040039,6.13704776763916,False,4.322798728942871,True,106,0,106,double,2.118646997948562,127.11881987691372,JUMPING,255.609963684082,174.56157913208008
1272,50.88,0.8791600465774536,41.33239999646321,174.84849548339844,102.71481323242188,2.8361921310424805,False,6.360054016113281,True,106,0,106,double,2.118646997948562,127.11881987691372,JUMPING,255.609963684082,172.81421966552736
1273,50.92,0.822010338306427,44.68789999373257,174.05520629882812,103.14599609375,0.6768039464950562,False,7.038328647613525,True,106,0,106,double,2.118646997948562,127.11881987691372,JUMPING,255.609963684082,172.68523788452148
1274,50.96,0.8135888576507568,55.59849998098798,173.7235107421875,104.72588348388672,1.5930507183074951,False,5.077616214752197,True,106,0,106,double,2.118646997948562,127.11881987691372,JUMPING,255.609963684082,171.34237213134767
1275,51.0,0.8255394697189331,54.216899996390566,174.21995544433594,105.23389434814453,0.518349826335907,False,6.692603588104248,True,106,0,106,double,2.118646997948562,127.11881987691372,JUMPING,255.609963684082,172.0486038208008
1276,51.04,0.823809802532196,44.02250002021901,177.40480041503906,110.29561614990234,5.151214599609375,False,6.953897953033447,True,106,0,106,double,2.118646997948562,127.11881987691372,JUMPING,255.609963684082,172.7076286315918
1277,51.08,0.8297144770622253,52.18490000697784,182.12612915039062,114.3433837890625,4.067174911499023,False,5.727729320526123,False,107,0,107,double,2.1186435198655156,127.11861119193094,JUMPING,255.609963684082,168.3170280456543
1278,51.12,0.5968521237373352,47.13819999597035,188.04608154296875,119.52474975585938,5.326277732849121,True,5.22922945022583,False,107,0,107,double,2.1186435198655156,127.11861119193094,JUMPING,255.68549468994138,166.71869125366212
1279,51.16,0.7976002097129822,45.03360000671819,190.04617309570312,118.9502944946289,0.8035663366317749,False,3.258225917816162,False,107,0,107,double,2.1186435198655156,127.11861119193094,JUMPING,255.68549468994138,168.2222953796387
1280,51.2,0.8158047199249268,33.542899996973574,191.329833984375,118.3612060546875,0.6332616209983826,False,2.483724355697632,False,107,0,107,double,2.1186435198655156,127.11861119193094,JUMPING,255.59685791015625,169.08087310791018
1281,51.24,0.6919844150543213,37.66709999763407,186.54635620117188,110.80245971679688,7.590035915374756,False,3.7002439498901367,True,107,0,107,double,2.1186435198655156,127.11861119193094,JUMPING,255.3177261352539,172.3908432006836
1282,51.28,0.6559563875198364,36.7541000014171,181.5992431640625,108.34476470947266,2.5495102405548096,False,2.272270679473877,True,107,0,107,double,2.1186435198655156,127.11861119193094,JUMPING,255.20693084716794,170.22981719970704
1283,51.32,0.6409621834754944,36.46720002871007,176.7274932861328,105.83106231689453,2.5168380737304688,False,3.4091436862945557,True,107,0,107,double,2.1186435198655156,127.11861119193094,JUMPING,255.20693084716794,169.50588607788086
1284,51.36,0.7071853876113892,33.9273999852594,173.56204223632812,103.86888885498047,1.9696694612503052,False,4.7191033363342285,True,107,0,107,double,2.1186435198655156,127.11861119193094,JUMPING,255.20693084716794,169.43283081054688
1285,51.4,0.7684053182601929,38.70379997533746,172.73297119140625,102.15267181396484,1.7197366952896118,False,5.793106555938721,True,107,0,107,double,2.1186435198655156,127.11861119193094,JUMPING,255.20693084716794,170.2982147216797
1286,51.44,0.8195311427116394,37.140000000363216,172.60494995117188,101.79296112060547,0.3731541335582733,False,6.430450439453125,True,107,0,107,double,2.1186435198655156,127.11861119193094,JUMPING,255.20693084716794,170.7367141723633
1287,51.48,0.8316167593002319,34.77579998434521,176.0167999267578,103.31743621826172,1.529078483581543,False,6.768484592437744,True,107,0,107,double,2.1186435198655156,127.11861119193094,JUMPING,255.20693084716794,175.72821426391602
1288,51.52,0.8400108814239502,34.13809998892248,179.80059814453125,107.0249252319336,3.7299509048461914,False,5.4717230796813965,False,108,0,108,double,2.1551727526572564,129.31036515943538,JUMPING,255.20693084716794,169.10865173339846
1289,51.56,0.8329171538352966,34.7438000026159,182.23931884765625,109.21923065185547,2.213967800140381,False,4.604190349578857,False,108,0,108,double,2.1551727526572564,129.31036515943538,JUMPING,255.20693084716794,168.87674636840822
1290,51.6,0.8314367532730103,39.2891000083182,186.36427307128906,111.63357543945312,2.41977596282959,False,4.4188690185546875,False,108,0,108,double,2.1551727526572564,129.31036515943538,JUMPING,255.20693084716794,169.1028694152832
1291,51.64,0.8675581216812134,35.262800025520846,188.1636505126953,111.37933349609375,0.5040907859802246,False,2.0784153938293457,False,108,0,108,double,2.1551727526572564,129.31036515943538,JUMPING,255.07628143310546,174.19781341552735
1292,51.68,0.8572937846183777,37.261800025589764,188.693359375,110.99504852294922,0.3843260109424591,False,0.8833114504814148,False,108,0,108,double,2.1551727526572564,129.31036515943538,JUMPING,254.90926849365235,172.99838104248047
1293,51.72,0.8987407684326172,40.127199987182394,187.43785095214844,107.5317611694336,3.465843915939331,False,0.4465721845626831,False,108,0,108,double,2.1551727526572564,129.31036515943538,JUMPING,254.6824462890625,176.50549545288087
1294,51.76,0.867569088935852,40.906399983214214,181.81076049804688,103.09195709228516,4.439979076385498,False,4.759407997131348,True,108,0,108,double,2.1551727526572564,129.31036515943538,JUMPING,254.27172882080077,173.35561752319336
1295,51.8,0.8455116748809814,36.656999989645556,177.1798095703125,100.68872833251953,2.5900590419769287,False,6.400921821594238,True,108,0,108,double,2.1551727526572564,129.31036515943538,JUMPING,254.27172882080077,171.5394744873047
1296,51.84,0.8703979253768921,67.75590000324883,173.860107421875,99.65457916259766,1.7429741621017456,False,7.533262252807617,True,108,0,108,double,2.1551727526572564,129.31036515943538,JUMPING,254.27172882080077,171.06205978393555
1297,51.88,0.8298142552375793,49.379800009774044,172.62884521484375,100.25897979736328,0.9596400856971741,False,7.840235710144043,True,108,0,108,double,2.1551727526572564,129.31036515943538,JUMPING,254.27172882080077,172.60744934082032
1298,51.92,0.8244341611862183,41.46320000290871,173.86663818359375,101.75897216796875,1.602556824684143,False,6.839491844177246,False,109,0,109,double,2.232145015580044,133.92870093480263,JUMPING,254.27172882080077,175.80709381103517
1299,51.96,0.544247567653656,34.77179998299107,177.63583374023438,104.3208999633789,2.585484743118286,False,4.468639373779297,False,109,0,109,double,2.232145015580044,133.92870093480263,JUMPING,254.27172882080077,175.86050262451172
1300,52.0,0.8450701236724854,41.35000001406297,182.82363891601562,108.2913818359375,3.9765095710754395,False,4.882272720336914,False,109,0,109,double,2.232145015580044,133.92870093480263,JUMPING,254.29433593749997,170.53194961547854
1301,52.04,0.8171821236610413,40.33650000928901,189.190673828125,111.51468658447266,3.2257885932922363,False,5.2449235916137695,False,109,0,109,double,2.232145015580044,133.92870093480263,JUMPING,254.75360565185548,168.4854118347168
1302,52.08,0.835971474647522,48.97930001607165,191.40966796875,113.6514663696289,2.178532123565674,False,4.1152191162109375,False,109,0,109,double,2.232145015580044,133.92870093480263,JUMPING,254.9595492553711,168.9044075012207
1303,52.12,0.7294188737869263,41.288399981567636,189.30860900878906,110.86986541748047,2.7850356101989746,False,4.602957248687744,False,109,0,109,double,2.232145015580044,133.92870093480263,JUMPING,254.80388641357422,175.67270736694337
1304,52.16,0.8468482494354248,42.27190001984127,185.6199951171875,106.90267181396484,4.103457450866699,False,4.661476135253906,False,109,0,109,double,2.232145015580044,133.92870093480263,JUMPING,254.59832305908202,175.16275558471682
1305,52.2,0.8323056101799011,36.746199999470264,180.90228271484375,104.62821197509766,2.275254964828491,False,6.606351375579834,True,109,0,109,double,2.232145015580044,133.92870093480263,JUMPING,254.23781127929686,172.86005020141602
1306,52.24,0.8891615867614746,39.64069997891784,176.68939208984375,102.56775665283203,2.0667951107025146,False,7.077173233032227,True,109,0,109,double,2.232145015580044,133.92870093480263,JUMPING,254.21904296875,171.04293365478517
1307,52.28,0.8933009505271912,37.37619999446906,176.18214416503906,101.78823852539062,0.8068210482597351,False,4.934046268463135,True,109,0,109,double,2.232145015580044,133.92870093480263,JUMPING,254.21904296875,172.63761978149415
1308,52.32,0.8555662035942078,35.341400012839586,176.56875610351562,102.2474594116211,0.461002379655838,False,5.569828987121582,True,109,0,109,double,2.232145015580044,133.92870093480263,JUMPING,254.21904296875,172.22974395751953
1309,52.36,0.8497914671897888,40.350700000999495,176.5697021484375,102.12361907958984,0.13423579931259155,False,6.304271697998047,True,109,0,109,double,2.232145015580044,133.92870093480263,JUMPING,254.21904296875,172.21223754882814
1310,52.4,0.8032348155975342,38.57330000028014,179.83700561523438,104.77179718017578,2.6514439582824707,False,4.304621696472168,False,110,0,110,double,2.1929800184800334,131.578801108802,JUMPING,254.21904296875,176.71534576416016
1311,52.44,0.7967777848243713,42.60340001201257,184.0175323486328,108.5997314453125,3.828880786895752,False,4.7947564125061035,False,110,0,110,double,2.1929800184800334,131.578801108802,JUMPING,254.39961791992187,172.1285827636719
1312,52.48,0.7995580434799194,39.90830000839196,187.69491577148438,112.09667205810547,3.501471519470215,False,5.348928928375244,False,110,0,110,double,2.1929800184800334,131.578801108802,JUMPING,254.76059112548825,169.0423522949219
1313,52.52,0.771310031414032,34.19879998546094,190.73391723632812,113.39654541015625,1.3084419965744019,False,4.801642417907715,False,110,0,110,double,2.1929800184800334,131.578801108802,JUMPING,255.27292572021486,169.26701507568362
1314,52.56,0.7960979342460632,39.04669999610633,191.93276977539062,113.63983154296875,0.2585226893424988,False,4.834901809692383,False,110,0,110,double,2.1929800184800334,131.578801108802,JUMPING,255.28929534912112,170.61009902954103
1315,52.6,0.7750539779663086,44.55900000175461,187.01756286621094,109.00202178955078,4.651924133300781,False,5.098349094390869,False,110,0,110,double,2.1929800184800334,131.578801108802,JUMPING,255.25150787353516,176.86838836669924
1316,52.64,0.7967140078544617,43.68040000554174,183.74046325683594,106.63418579101562,2.3717381954193115,False,4.9175615310668945,False,110,0,110,double,2.1929800184800334,131.578801108802,JUMPING,255.20122711181642,175.19143218994142
1317,52.68,0.889029860496521,44.38609999488108,178.0235595703125,102.77294921875,3.87863826751709,False,5.811470985412598,True,110,0,110,double,2.1929800184800334,131.578801108802,JUMPING,255.13006774902345,172.71678466796877
1318,52.72,0.8846758604049683,45.96720001427457,174.98138427734375,100.49410247802734,2.2974462509155273,False,6.079438209533691,True,110,0,110,double,2.1929800184800334,131.578801108802,JUMPING,255.13006774902345,172.4930618286133
1319,52.76,0.8798079490661621,43.0548999866005,173.36151123046875,99.5755844116211,0.9370549321174622,False,5.7996978759765625,True,110,0,110,double,2.1929800184800334,131.578801108802,JUMPING,255.13006774902345,171.44393615722657
1320,52.8,0.831010103225708,42.54480000236072,172.41098022460938,101.37889862060547,1.8053866624832153,False,6.1446533203125,True,110,0,110,double,2.1929800184800334,131.578801108802,JUMPING,255.13006774902345,171.01302337646484
1321,52.84,0.8880988955497742,43.80810001748614,174.25088500976562,103.56314849853516,2.208033800125122,False,7.314242839813232,True,110,0,110,double,2.1929800184800334,131.578801108802,JUMPING,255.13006774902345,176.48987731933596
1322,52.88,0.896604597568512,51.48679998819716,175.50869750976562,104.8976058959961,1.352412462234497,False,7.685961723327637,False,111,0,111,double,2.1929800184800334,131.578801108802,JUMPING,255.13006774902345,176.05510406494142
1323,52.92,0.6769928932189941,46.1768000095617,180.21868896484375,110.30150604248047,5.404694080352783,False,4.830799579620361,False,111,0,111,double,2.1929800184800334,131.578801108802,JUMPING,255.20122711181642,168.4192970275879
1324,52.96,0.7069680690765381,66.70200001099147,185.3182373046875,113.2044677734375,2.9218623638153076,False,4.918723106384277,False,111,0,111,double,2.1929800184800334,131.578801108802,JUMPING,255.41631011962886,167.39198303222656
1325,53.0,0.7892153263092041,51.465900003677234,187.56143188476562,114.9473876953125,1.7437279224395752,False,3.3610966205596924,False,111,0,111,double,2.1929800184800334,131.578801108802,JUMPING,255.5318862915039,169.82562561035158
1326,53.04,0.8628382682800293,51.043599989498034,185.66607666015625,112.68097686767578,2.4072606563568115,False,3.2943058013916016,False,111,0,111,double,2.1929800184800334,131.578801108802,JUMPING,255.5318862915039,174.8761154174805
1327,53.08,0.8576585650444031,49.74900002707727,182.1689453125,108.42928314208984,4.253777503967285,False,2.6754143238067627,True,111,0,111,double,2.1929800184800334,131.578801108802,JUMPING,255.5318862915039,175.16165618896486
1328,53.12,0.8683235049247742,36.077600001590326,179.64688110351562,105.63031005859375,2.805086612701416,False,2.84298038482666,True,111,0,111,double,2.1929800184800334,131.578801108802,JUMPING,255.5318862915039,175.57350158691406
1329,53.16,0.804154634475708,38.4108999860473,176.01177978515625,102.98980712890625,2.7311947345733643,False,2.6012754440307617,True,111,0,111,double,2.1929800184800334,131.578801108802,JUMPING,255.5318862915039,172.86657943725587
1330,53.2,0.8557817935943604,35.57969999383204,174.38778686523438,101.28713989257812,1.721747636795044,False,2.7593977451324463,True,111,0,111,double,2.1929800184800334,131.578801108802,JUMPING,255.5318862915039,170.99426651000977
1331,53.24,0.8796060085296631,36.44729999359697,172.83187866210938,100.68297576904297,0.6089804768562317,False,3.171905279159546,True,111,0,111,double,2.1929800184800334,131.578801108802,JUMPING,255.5318862915039,171.27610626220704
1332,53.28,0.8907186388969421,36.29950000322424,173.12124633789062,102.39107513427734,1.7389556169509888,False,4.260097503662109,True,111,0,111,double,2.1929800184800334,131.578801108802,JUMPING,255.5318862915039,171.49115142822268
1333,53.32,0.8608174324035645,45.26099999202415,174.71365356445312,103.84677124023438,1.4603883028030396,False,5.8793158531188965,False,112,0,112,double,2.232145015580044,133.92870093480263,JUMPING,255.5318862915039,176.6224090576172
1334,53.36,0.766615629196167,164.2221000220161,179.9154510498047,109.32647705078125,5.479750156402588,False,4.548095703125,False,112,0,112,double,2.232145015580044,133.92870093480263,JUMPING,255.58261566162105,168.982674407959
1335,53.4,0.8496414422988892,35.51290000905283,185.70362854003906,112.7365493774414,3.413925886154175,False,5.9068522453308105,False,112,0,112,double,2.232145015580044,133.92870093480263,JUMPING,255.7061596679687,169.13992156982422
1336,53.44,0.8554971218109131,37.50690000015311,189.03173828125,113.1636962890625,0.5570632219314575,False,6.068635940551758,False,112,0,112,double,2.232145015580044,133.92870093480263,JUMPING,255.7951300048828,168.87146759033203
1337,53.48,0.8189622759819031,35.09019999182783,188.3749237060547,110.2555160522461,2.9098317623138428,False,4.480310916900635,False,112,0,112,double,2.232145015580044,133.92870093480263,JUMPING,255.88685241699216,176.66491622924806
1338,53.52,0.8928494453430176,36.02840000530705,185.49989318847656,106.88114166259766,3.3845040798187256,False,4.540684700012207,False,112,0,112,double,2.232145015580044,133.92870093480263,JUMPING,255.8276818847656,178.1820655822754
1339,53.56,0.8548606038093567,41.46820001187734,181.28773498535156,103.77508544921875,3.108959913253784,False,6.698953151702881,True,112,0,112,double,2.232145015580044,133.92870093480263,JUMPING,255.77198120117185,173.03695220947267
1340,53.6,0.8881009817123413,35.19239998422563,178.18353271484375,101.9932632446289,1.7979257106781006,False,7.265805244445801,True,112,0,112,double,2.232145015580044,133.92870093480263,JUMPING,255.77198120117185,173.47261505126954
1341,53.64,0.8758000731468201,36.074900010135025,175.15802001953125,99.67594146728516,2.321918249130249,False,6.491682052612305,True,112,0,112,double,2.232145015580044,133.92870093480263,JUMPING,255.77198120117185,172.5058349609375
1342,53.68,0.8509712219238281,36.178499984089285,173.6771240234375,99.2730484008789,0.4045114517211914,False,5.803936004638672,True,112,0,112,double,2.232145015580044,133.92870093480263,JUMPING,255.77198120117185,172.9575942993164
1343,53.72,0.8685052394866943,34.00149999652058,174.10653686523438,100.40667724609375,1.1348220109939575,False,5.833624839782715,True,112,0,112,double,2.232145015580044,133.92870093480263,JUMPING,255.77198120117185,176.02340621948244
1344,53.76,0.8424157500267029,35.77499999664724,175.52435302734375,103.51227569580078,3.1092212200164795,False,6.060310363769531,True,112,0,112,double,2.232145015580044,133.92870093480263,JUMPING,255.77198120117185,176.21429824829104
1345,53.8,0.716986894607544,38.25529999448918,179.29910278320312,107.55109405517578,4.039275169372559,False,6.575162887573242,False,113,0,113,double,2.1929836015903206,131.57901609541923,JUMPING,255.77198120117185,170.26762466430665
1346,53.84,0.8175079226493835,34.41009999369271,184.4483184814453,111.52374267578125,3.9728612899780273,False,6.380829811096191,False,113,0,113,double,2.1929836015903206,131.57901609541923,JUMPING,255.77198120117185,169.4797019958496
1347,53.88,0.8043083548545837,36.751800013007596,187.3614501953125,113.13233184814453,1.6089130640029907,False,5.8273468017578125,False,113,0,113,double,2.1929836015903206,131.57901609541923,JUMPING,255.77198120117185,169.8004737854004
1348,53.92,0.870455265045166,47.773500002222136,188.11439514160156,111.81195831298828,1.3205524682998657,False,3.264833927154541,False,113,0,113,double,2.1929836015903206,131.57901609541923,JUMPING,255.77198120117185,175.03854904174807
1349,53.96,0.8994348645210266,43.574700015597045,188.38491821289062,111.80926513671875,0.050700243562459946,False,2.1491503715515137,False,113,0,113,double,2.1929836015903206,131.57901609541923,JUMPING,255.54312927246093,174.50211105346682
1350,54.0,0.9000520706176758,53.11100001563318,186.09210205078125,107.29952239990234,4.532984733581543,False,1.5890313386917114,False,113,0,113,double,2.1929836015903206,131.57901609541923,JUMPING,255.27062866210935,177.09999160766603
1351,54.04,0.8811624050140381,39.60449999431148,181.08181762695312,102.333984375,5.013377666473389,False,4.947103977203369,True,113,0,113,double,2.1929836015903206,131.57901609541923,JUMPING,255.14472076416013,173.6873832702637
1352,54.08,0.8847507834434509,39.618699986021966,177.45883178710938,99.83216094970703,2.5026140213012695,False,6.962716102600098,True,113,0,113,double,2.1929836015903206,131.57901609541923,JUMPING,255.14472076416013,174.83268508911135
1353,54.12,0.9062855839729309,51.07539999880828,175.456298828125,97.31572723388672,2.5415585041046143,False,6.040377616882324,True,113,0,113,double,2.1929836015903206,131.57901609541923,JUMPING,255.14472076416013,175.4188980102539
1354,54.16,0.887624979019165,49.710000021150336,174.91387939453125,97.68267059326172,0.7236517667770386,False,6.445135593414307,True,113,0,113,double,2.1929836015903206,131.57901609541923,JUMPING,255.14472076416013,175.0970184326172
1355,54.2,0.8300783634185791,46.874199993908405,177.05577087402344,99.58452606201172,1.9019057750701904,False,7.222263813018799,False,114,0,114,double,2.1929800184800334,131.578801108802,JUMPING,255.14472076416013,177.12389297485353
1356,54.24,0.7833153605461121,44.55310001503676,180.49659729003906,104.28897094726562,4.778875350952148,False,7.7845659255981445,False,114,0,114,double,2.1929800184800334,131.578801108802,JUMPING,255.14472076416013,175.8789909362793
1357,54.28,0.8273314833641052,51.49499999242835,184.72427368164062,109.6350326538086,5.356704235076904,False,7.618556499481201,False,114,0,114,double,2.1929800184800334,131.578801108802,JUMPING,255.16450073242186,173.0493392944336
1358,54.32,0.8070870041847229,51.85270000947639,188.23574829101562,113.34130096435547,3.7112464904785156,False,6.273581027984619,False,114,0,114,double,2.1929800184800334,131.578801108802,JUMPING,255.35444244384763,172.95919723510744
1359,54.36,0.8649260997772217,42.87279999698512,188.60430908203125,112.5011215209961,1.8647428750991821,False,3.9302003383636475,False,114,0,114,double,2.1929800184800334,131.578801108802,JUMPING,255.45024780273434,175.4887222290039
1360,54.4,0.6719115972518921,41.67860001325607,186.0562744140625,107.8034439086914,4.699392795562744,False,4.615710735321045,False,114,0,114,double,2.1929800184800334,131.578801108802,JUMPING,255.35444244384763,180.8509788513184
1361,54.44,0.32309359312057495,40.04150000400841,181.21731567382812,103.91634368896484,3.9208147525787354,False,6.109351634979248,False,114,0,114,double,2.1929800184800334,131.578801108802,JUMPING,255.12356842041015,181.57008438110353
1362,54.48,0.846887469291687,51.001899992115796,176.13748168945312,99.20697021484375,4.780834674835205,False,6.81596565246582,True,114,0,114,double,2.1929800184800334,131.578801108802,JUMPING,255.0618142700195,179.66274185180666
1363,54.52,0.8354308605194092,44.53660000581294,172.75674438476562,97.95205688476562,1.7031853199005127,False,6.5559892654418945,True,114,0,114,double,2.1929800184800334,131.578801108802,JUMPING,255.0420343017578,178.65259857177736
1364,54.56,0.8700236678123474,34.14400000474416,171.10536193847656,97.82723236083984,1.0462379455566406,False,6.300164222717285,True,114,0,114,double,2.1929800184800334,131.578801108802,JUMPING,255.0420343017578,178.77195434570314
1365,54.6,0.8665149807929993,34.250800003064796,170.47714233398438,97.72830963134766,0.5146922469139099,False,6.20540189743042,True,114,0,114,double,2.1929800184800334,131.578801108802,JUMPING,255.0420343017578,180.5848831176758
1366,54.64,0.8556740880012512,34.92289999849163,171.79693603515625,97.56588745117188,0.2531563639640808,False,6.197463035583496,True,114,0,114,double,2.1929800184800334,131.578801108802,JUMPING,255.0420343017578,182.08780746459962
1367,54.68,0.47956639528274536,34.873299999162555,174.685791015625,102.57013702392578,5.009274482727051,False,0.9262523651123047,False,115,0,115,double,2.1929836015903206,131.57901609541923,JUMPING,255.0420343017578,180.0567367553711
1368,54.72,0.8347733020782471,34.218300017528236,179.10330200195312,103.89364624023438,1.5808979272842407,False,5.014543533325195,False,115,0,115,double,2.1929836015903206,131.57901609541923,JUMPING,255.0618142700195,175.9397430419922
1369,54.76,0.8302757143974304,50.53599999519065,184.21383666992188,109.101806640625,5.246609687805176,False,8.5121431350708,False,115,0,115,double,2.1929836015903206,131.57901609541923,JUMPING,255.41681304931637,172.71642379760743
1370,54.8,0.83645099401474,34.46950000943616,188.46588134765625,112.7740478515625,3.6727540493011475,False,7.491352081298828,False,115,0,115,double,2.1929836015903206,131.57901609541923,JUMPING,255.70647705078125,173.2539779663086
1371,54.84,0.83082115650177,37.14790000231005,190.81192016601562,113.9374008178711,1.1633836030960083,False,6.544582366943359,False,115,0,115,double,2.1929836015903206,131.57901609541923,JUMPING,255.72360107421878,174.9130081176758
1372,54.88,0.4247609078884125,34.486599994124845,189.119873046875,112.44820404052734,1.5315616130828857,False,6.882391929626465,False,115,0,115,double,2.1929836015903206,131.57901609541923,JUMPING,255.72360107421878,176.61794433593752
1373,54.92,0.789303183555603,32.97010000096634,184.308349609375,103.6932373046875,8.760411262512207,False,4.3800578117370605,True,115,0,115,double,2.1929836015903206,131.57901609541923,JUMPING,255.41705230712887,183.96081695556643
1374,54.96,0.902025580406189,34.79120001429692,177.79672241210938,97.83403778076172,5.8640899658203125,False,7.101077079772949,True,115,0,115,double,2.1929836015903206,131.57901609541923,JUMPING,255.0618142700195,181.39026184082033
1375,55.0,0.747715950012207,39.89519999595359,172.91639709472656,93.5399169921875,4.301784038543701,False,7.549849510192871,True,115,0,115,double,2.1929836015903206,131.57901609541923,JUMPING,255.0618142700195,179.84691162109377
1376,55.04,0.9017378687858582,34.516299987444654,170.8013916015625,92.09749603271484,1.5794624090194702,False,7.785212516784668,True,115,0,115,double,2.1929836015903206,131.57901609541923,JUMPING,255.0618142700195,180.12284317016602
1377,55.08,0.8525364398956299,35.839300020597875,169.39315795898438,92.50841522216797,0.42799991369247437,False,7.588530540466309,True,115,0,115,double,2.1929836015903206,131.57901609541923,JUMPING,255.0618142700195,182.37996139526368
1378,55.12,0.8456843495368958,34.52289997949265,170.6937255859375,95.84566497802734,3.412895441055298,False,7.629528999328613,True,115,0,115,double,2.1929836015903206,131.57901609541923,JUMPING,255.0618142700195,183.67112197875977
1379,55.16,0.8001153469085693,34.59510000539012,173.86700439453125,98.41905975341797,2.582043409347534,False,6.643875598907471,False,116,0,116,double,2.1929836015903206,131.57901609541923,JUMPING,255.0618142700195,186.16439208984377
1380,55.2,0.8456791043281555,33.779799996409565,177.629150390625,101.8966293334961,3.5087711811065674,False,7.111427307128906,False,116,0,116,double,2.1929836015903206,131.57901609541923,JUMPING,255.41705230712887,180.85577087402345
1381,55.24,0.858135461807251,33.40739998384379,182.37600708007812,104.9398422241211,3.076432943344116,False,8.321451187133789,False,116,0,116,double,2.1929836015903206,131.57901609541923,JUMPING,255.72360107421878,176.29050903320314
1382,55.28,0.88668292760849,33.69779998320155,187.11251831054688,106.10919952392578,1.1785497665405273,False,7.199667453765869,False,116,0,116,double,2.1929836015903206,131.57901609541923,JUMPING,255.9022650146484,178.66818313598634
1383,55.32,0.9134504795074463,37.21790001145564,187.46485900878906,104.86341094970703,1.2482919692993164,False,4.120377063751221,False,116,0,116,double,2.1929836015903206,131.57901609541923,JUMPING,256.1699188232422,180.98861312866214
1384,55.36,0.8924834728240967,32.39239999675192,184.95562744140625,101.80570220947266,3.0694761276245117,False,2.933164358139038,False,116,0,116,double,2.1929836015903206,131.57901609541923,JUMPING,256.1820999145508,185.87749176025392
1385,55.4,0.8774819374084473,38.71270001400262,180.54840087890625,98.5634536743164,3.2469189167022705,False,4.25592041015625,True,116,0,116,double,2.1929836015903206,131.57901609541923,JUMPING,256.1820999145508,187.27024993896487
1386,55.44,0.8980962634086609,34.56850000657141,176.30123901367188,96.34820556640625,2.3074467182159424,False,5.875088691711426,True,116,0,116,double,2.1929836015903206,131.57901609541923,JUMPING,256.1820999145508,183.35713958740237
1387,55.48,0.8617926239967346,34.20190000906587,173.15042114257812,95.99734497070312,0.6949363350868225,False,6.741889953613281,True,116,0,116,double,2.1929836015903206,131.57901609541923,JUMPING,256.1820999145508,181.05821914672853
1388,55.52,0.8594949841499329,32.02949999831617,172.19345092773438,95.23352813720703,0.8941373825073242,False,6.653541564941406,True,116,0,116,double,2.1929836015903206,131.57901609541923,JUMPING,256.1820999145508,180.096549987793
1389,55.56,0.8165334463119507,37.771500006783754,172.07958984375,95.62841796875,0.8375585079193115,False,4.531612396240234,True,116,0,116,double,2.1929836015903206,131.57901609541923,JUMPING,256.1820999145508,182.08763961791993
1390,55.6,0.688944399356842,33.640500012552366,173.11569213867188,98.28951263427734,2.7594659328460693,False,4.673407077789307,True,116,0,116,double,2.1929836015903206,131.57901609541923,JUMPING,256.1820999145508,182.92627716064456
1391,55.64,0.4361516535282135,33.32690001116134,176.56138610839844,102.38442993164062,4.094959259033203,False,1.0147680044174194,False,117,0,117,double,2.1551727526572564,129.31036515943538,JUMPING,256.1820999145508,179.35820922851565
1392,55.68,0.5954868793487549,35.978399973828346,182.02523803710938,106.65750122070312,4.361098289489746,False,3.061293363571167,False,117,0,117,double,2.1551727526572564,129.31036515943538,JUMPING,256.305224609375,177.56997070312502
1393,55.72,0.39351215958595276,32.74059999966994,187.2012939453125,111.76953887939453,5.48173189163208,False,5.047293663024902,False,117,0,117,double,2.1551727526572564,129.31036515943538,JUMPING,256.6755856323242,176.09251708984377
1394,55.76,0.5922068357467651,43.63810000359081,191.08798217773438,114.32858276367188,2.574470281600952,False,5.305521011352539,False,117,0,117,double,2.1551727526572564,129.31036515943538,JUMPING,256.83649475097656,173.23930816650392
1395,55.8,0.8321094512939453,38.047000009100884,190.55810546875,110.9002914428711,3.476317882537842,False,3.192065954208374,False,117,0,117,double,2.1551727526572564,129.31036515943538,JUMPING,256.9080340576172,178.67655029296876
1396,55.84,0.8097872734069824,37.849599990295246,185.65682983398438,108.08040618896484,2.907132625579834,False,2.521517515182495,False,117,0,117,double,2.1551727526572564,129.31036515943538,JUMPING,256.9080340576172,182.5170837402344
1397,55.88,0.8027292490005493,31.394399993587285,182.28660583496094,106.82967376708984,2.0183589458465576,False,1.0916285514831543,False,117,0,117,double,2.1551727526572564,129.31036515943538,JUMPING,256.9080340576172,182.50004730224612
1398,55.92,0.8825045228004456,33.12260002712719,177.90936279296875,102.31073760986328,4.534248352050781,False,5.3358354568481445,True,117,0,117,double,2.1551727526572564,129.31036515943538,JUMPING,256.9080340576172,182.88109283447267
1399,55.96,0.7937432527542114,37.999399995896965,174.47024536132812,98.53933715820312,4.089376926422119,False,5.880269527435303,True,117,0,117,double,2.1551727526572564,129.31036515943538,JUMPING,256.9080340576172,178.8941131591797
1400,56.0,0.7870270609855652,53.53450000984594,172.44717407226562,96.5038833618164,2.0366322994232178,False,4.9104838371276855,True,117,0,117,double,2.1551727526572564,129.31036515943538,JUMPING,256.9080340576172,178.61093902587893
1401,56.04,0.890939474105835,54.28769998252392,172.30014038085938,95.97969818115234,1.4405019283294678,False,7.174860954284668,True,117,0,117,double,2.1551727526572564,129.31036515943538,JUMPING,256.9080340576172,181.72278289794923
1402,56.08,0.8492801189422607,37.56440000142902,175.24520874023438,98.65738677978516,2.7236812114715576,False,7.7723283767700195,False,118,0,118,double,2.1929800184800334,131.578801108802,JUMPING,256.9080340576172,181.39717712402344
1403,56.12,0.8801885843276978,48.4141000197269,179.3922119140625,102.14997100830078,3.538996696472168,False,6.9197468757629395,False,118,0,118,double,2.1929800184800334,131.578801108802,JUMPING,256.9080340576172,177.77982101440432
1404,56.16,0.8975434303283691,42.893400008324534,184.33285522460938,107.8040771484375,5.69046688079834,False,6.309858322143555,False,118,0,118,double,2.1929800184800334,131.578801108802,JUMPING,256.9109362792969,173.24685287475586
1405,56.2,0.8883107900619507,43.708099983632565,187.35205078125,110.75687408447266,3.065709114074707,False,6.303134441375732,False,118,0,118,double,2.1929800184800334,131.578801108802,JUMPING,256.91788513183593,174.2922691345215
1406,56.24,0.8760342001914978,41.51160002220422,189.03347778320312,111.90662384033203,1.161484718322754,False,5.6911420822143555,False,118,0,118,double,2.1929800184800334,131.578801108802,JUMPING,256.9492236328125,174.77739639282228
1407,56.28,0.8956191539764404,45.126099983463064,185.1761474609375,107.3307113647461,4.576517581939697,False,5.731152057647705,False,118,0,118,double,2.1929800184800334,131.578801108802,JUMPING,256.9492236328125,183.63531188964845
1408,56.32,0.8906084895133972,54.482400009874254,180.69422912597656,102.71790313720703,4.61960506439209,False,5.1885600090026855,True,118,0,118,double,2.1929800184800334,131.578801108802,JUMPING,256.8548919677734,183.36879653930666
1409,56.36,0.8722862005233765,48.597199987852946,176.24192810058594,99.47582244873047,3.242403268814087,False,7.871222972869873,True,118,0,118,double,2.1929800184800334,131.578801108802,JUMPING,256.8548919677734,179.2584495544434
1410,56.4,0.8763434886932373,33.4959999890998,173.49581909179688,97.8656234741211,1.610327959060669,False,8.23226547241211,True,118,0,118,double,2.1929800184800334,131.578801108802,JUMPING,256.8548919677734,179.16667098999025
1411,56.44,0.8731068968772888,36.679399985587224,173.12860107421875,97.96649169921875,0.41633445024490356,False,8.020038604736328,True,118,0,118,double,2.1929800184800334,131.578801108802,JUMPING,256.8548919677734,177.66395645141603
1412,56.48,0.8538382649421692,33.94950000802055,173.9130859375,99.30390167236328,1.3551691770553589,False,7.9571380615234375,True,118,0,118,double,2.1929800184800334,131.578801108802,JUMPING,256.8548919677734,181.04265136718752
1413,56.52,0.7955219149589539,38.986200001090765,176.52896118164062,102.14923095703125,2.8608479499816895,False,7.5915632247924805,True,118,0,118,double,2.1929800184800334,131.578801108802,JUMPING,256.8548919677734,178.96697540283205
1414,56.56,0.5922850370407104,31.476300006033853,180.79022216796875,105.3428955078125,3.1937410831451416,False,6.731552600860596,False,119,0,119,double,2.1186435198655156,127.11861119193094,JUMPING,256.8548919677734,176.3217956542969
1415,56.6,0.7179156541824341,40.061899984721094,184.74024963378906,109.19185638427734,3.8580899238586426,False,4.979983329772949,False,119,0,119,double,2.1186435198655156,127.11861119193094,JUMPING,256.8548919677734,170.58858947753907
1416,56.64,0.6439494490623474,34.800699999323115,186.28245544433594,111.61283111572266,2.461655616760254,False,0.8841468691825867,False,119,0,119,double,2.1186435198655156,127.11861119193094,JUMPING,256.8548919677734,172.0006332397461
1417,56.68,0.8289105892181396,35.671700024977326,187.22828674316406,109.88056182861328,1.7422881126403809,False,2.4984843730926514,False,119,0,119,double,2.1186435198655156,127.11861119193094,JUMPING,256.84794311523433,175.67305145263674
1418,56.72,0.8734067678451538,35.36899999016896,186.283935546875,108.90714263916016,1.010740876197815,False,3.646528959274292,False,119,0,119,double,2.1186435198655156,127.11861119193094,JUMPING,256.6823147583008,178.84704895019533
1419,56.76,0.6491929292678833,34.68009998323396,183.63729858398438,104.57637786865234,4.442892551422119,False,1.30324125289917,True,119,0,119,double,2.1186435198655156,127.11861119193094,JUMPING,256.59990081787106,183.7034996032715
1420,56.8,0.7616778612136841,33.13579998211935,179.58448791503906,100.0583267211914,4.519323825836182,False,3.95517897605896,True,119,0,119,double,2.1186435198655156,127.11861119193094,JUMPING,256.19159667968745,186.54676361083986
1421,56.84,0.8899757266044617,38.99709999677725,176.7261505126953,97.2451171875,2.8146066665649414,False,4.616876602172852,True,119,0,119,double,2.1186435198655156,127.11861119193094,JUMPING,256.16543090820306,178.2887908935547
1422,56.88,0.8876158595085144,37.53030000370927,175.81671142578125,96.22821044921875,1.020154356956482,False,4.412491798400879,True,119,0,119,double,2.1186435198655156,127.11861119193094,JUMPING,256.16543090820306,179.15769958496097
1423,56.92,0.9025101661682129,36.50039999047294,175.623046875,96.93758392333984,0.7127814888954163,False,3.8732926845550537,True,119,0,119,double,2.1186435198655156,127.11861119193094,JUMPING,256.16543090820306,181.86357269287112
1424,56.96,0.9052596688270569,33.14529999624938,175.84127807617188,97.41521453857422,0.47871503233909607,False,3.863516092300415,True,119,0,119,double,2.1186435198655156,127.11861119193094,JUMPING,256.16543090820306,181.88695373535157
1425,57.0,0.8346151113510132,39.806900022085756,178.32012939453125,101.66531372070312,4.250747203826904,False,5.035364627838135,False,120,0,120,double,2.1551727526572564,129.31036515943538,JUMPING,256.16543090820306,178.4824272155762
1426,57.04,0.8732503056526184,37.04279998783022,182.32327270507812,106.23485565185547,4.571837902069092,False,5.08042049407959,False,120,0,120,double,2.1551727526572564,129.31036515943538,JUMPING,256.19159667968745,174.05085525512698
1427,57.08,0.8392468094825745,36.06099999160506,186.07077026367188,109.00725555419922,2.7932322025299072,False,5.654524326324463,False,120,0,120,double,2.1551727526572564,129.31036515943538,JUMPING,256.3712597656249,172.92044982910159
1428,57.12,0.7736616134643555,34.75120000075549,187.67898559570312,108.93389129638672,0.08624880760908127,False,6.028462886810303,False,120,0,120,double,2.1551727526572564,129.31036515943538,JUMPING,256.5292770385742,176.43698883056643
1429,57.16,0.767510175704956,37.18390001449734,185.19076538085938,106.67694091796875,2.266433000564575,False,6.065251350402832,False,120,0,120,double,2.1551727526572564,129.31036515943538,JUMPING,256.52463989257814,179.8444778442383
1430,57.2,0.8469416499137878,34.34980000020005,180.70716857910156,103.77981567382812,2.954277753829956,False,3.8874659538269043,False,120,0,120,double,2.1551727526572564,129.31036515943538,JUMPING,256.31969116210934,180.502596282959
1431,57.24,0.8468698263168335,35.31410000869073,177.65036010742188,102.07292938232422,1.739683747291565,False,6.622137069702148,True,120,0,120,double,2.1551727526572564,129.31036515943538,JUMPING,256.1388916015625,180.12659454345706
1432,57.28,0.8464093208312988,37.65780001413077,173.70840454101562,99.14187622070312,2.9333643913269043,False,2.679184675216675,True,120,0,120,double,2.1551727526572564,129.31036515943538,JUMPING,255.90518249511717,176.78750305175782
1433,57.32,0.8426403403282166,35.50779999932274,172.70504760742188,98.08343505859375,1.071485996246338,False,5.069940567016602,True,120,0,120,double,2.1551727526572564,129.31036515943538,JUMPING,255.90518249511717,176.51580963134768
1434,57.36,0.8175325393676758,37.1545999951195,172.83895874023438,99.0246810913086,0.9829899072647095,False,0.9413544535636902,True,120,0,120,double,2.1551727526572564,129.31036515943538,JUMPING,255.90518249511717,176.14665603637698
1435,57.4,0.7689035534858704,35.15059998608194,174.5732421875,101.62674713134766,2.603283405303955,False,5.453463554382324,False,121,0,121,double,2.2321411548670516,133.9284692920231,JUMPING,255.90518249511717,178.69186630249024
1436,57.44,0.7919812202453613,35.10850001475774,177.54859924316406,106.24992370605469,4.631598949432373,False,2.3739566802978516,False,121,0,121,double,2.2321411548670516,133.9284692920231,JUMPING,255.90518249511717,174.2332962036133
1437,57.48,0.8474380970001221,38.32439999678172,180.24501037597656,107.0052490234375,0.8904114365577698,False,4.6733832359313965,False,121,0,121,double,2.2321411548670516,133.9284692920231,JUMPING,255.90518249511717,174.75292434692383
1438,57.52,0.6167314052581787,36.61290000309236,185.74960327148438,110.59027099609375,3.602674961090088,False,7.2038679122924805,False,121,0,121,double,2.2321411548670516,133.9284692920231,JUMPING,255.94870300292968,169.94524993896485
1439,57.56,0.5532171726226807,34.904500003904104,188.79354858398438,111.57463836669922,1.487866997718811,False,7.379134178161621,False,121,0,121,double,2.2321411548670516,133.9284692920231,JUMPING,255.96526489257812,170.48170471191406
1440,57.6,0.8409993648529053,34.62640001089312,188.35598754882812,109.78072357177734,1.8830832242965698,False,5.737507343292236,False,121,0,121,double,2.2321411548670516,133.9284692920231,JUMPING,255.96526489257812,177.65018463134768
1441,57.64,0.8276816010475159,33.530799992149696,184.99044799804688,106.28192138671875,3.631089925765991,False,5.918188095092773,False,121,0,121,double,2.2321411548670516,133.9284692920231,JUMPING,255.94870300292968,180.01724243164065
1442,57.68,0.834047794342041,37.02970000449568,181.38723754882812,103.1412353515625,3.226767063140869,False,1.2645102739334106,True,121,0,121,double,2.2321411548670516,133.9284692920231,JUMPING,255.837265625,176.55621032714845
1443,57.72,0.864199161529541,34.886399982497096,177.80026245117188,100.932861328125,2.218461513519287,False,5.464986324310303,True,121,0,121,double,2.2321411548670516,133.9284692920231,JUMPING,255.56666900634764,174.31184005737305
1444,57.76,0.8298630118370056,42.679699981817976,175.83624267578125,102.0179443359375,1.2906380891799927,False,5.822537422180176,True,121,0,121,double,2.2321411548670516,133.9284692920231,JUMPING,255.48561737060544,173.20035095214845
1445,57.8,0.833187997341156,47.14210002566688,174.62686157226562,100.28522491455078,1.8520506620407104,False,5.785205364227295,True,121,0,121,double,2.2321411548670516,133.9284692920231,JUMPING,255.48561737060544,173.34552154541018
1446,57.84,0.8555763959884644,41.512499999953434,175.46475219726562,101.95909881591797,1.925829291343689,False,6.741061210632324,True,121,0,121,double,2.2321411548670516,133.9284692920231,JUMPING,255.48561737060544,173.90718688964844
1447,57.88,0.6126443147659302,31.92690000287257,176.79188537597656,103.98223114013672,2.2038166522979736,False,2.147268056869507,True,121,0,121,double,2.2321411548670516,133.9284692920231,JUMPING,255.48561737060544,174.74439773559573
1448,57.92,0.8012899160385132,54.40620001172647,178.06259155273438,104.8963623046875,1.0346598625183105,False,6.589369773864746,False,122,0,122,double,2.1929836015903206,131.57901609541923,JUMPING,255.48561737060544,175.22129211425784
1449,57.96,0.8408812284469604,44.18289999011904,182.83978271484375,109.53243255615234,4.643993377685547,False,7.424323081970215,False,122,0,122,double,2.1929836015903206,131.57901609541923,JUMPING,255.48561737060544,167.6481590270996
1450,58.0,0.8391034007072449,46.32210001000203,188.5113983154297,111.8780746459961,2.34963059425354,False,7.342827320098877,False,122,0,122,double,2.1929836015903206,131.57901609541923,JUMPING,255.6095111083984,167.85037231445312
1451,58.04,0.8871059417724609,42.49220000929199,188.9649658203125,113.4317626953125,1.5570600032806396,False,4.761272430419922,False,122,0,122,double,2.1929836015903206,131.57901609541923,JUMPING,255.6576641845703,172.18081665039062
1452,58.08,0.8751615285873413,46.94610001752153,188.7238006591797,110.93846893310547,2.4942543506622314,False,4.049742221832275,False,122,0,122,double,2.1929836015903206,131.57901609541923,JUMPING,255.6623425292969,173.17388992309571
1453,58.12,0.8853928446769714,42.94579999987036,184.06605529785156,108.3004379272461,2.6844146251678467,False,5.164394378662109,True,122,0,122,double,2.1929836015903206,131.57901609541923,JUMPING,255.6576641845703,174.12000808715823
1454,58.16,0.8276796936988831,44.836899993242696,179.57220458984375,104.64797973632812,3.7037854194641113,False,4.586174488067627,True,122,0,122,double,2.1929836015903206,131.57901609541923,JUMPING,255.6576641845703,171.99130096435547
1455,58.2,0.8383061289787292,36.02680002222769,176.62368774414062,102.76111602783203,1.9377440214157104,False,8.088202476501465,True,122,0,122,double,2.1929836015903206,131.57901609541923,JUMPING,255.6576641845703,171.54983062744142
1456,58.24,0.8605040311813354,39.90559998783283,173.71664428710938,100.45654296875,2.305765390396118,False,2.0568466186523438,True,122,0,122,double,2.1929836015903206,131.57901609541923,JUMPING,255.6576641845703,170.99195861816406
1457,58.28,0.7700762748718262,37.97669999767095,173.81451416015625,100.6351089477539,0.4446074664592743,False,5.798985004425049,True,122,0,122,double,2.1929836015903206,131.57901609541923,JUMPING,255.6576641845703,174.15802536010744
1458,58.32,0.7817786931991577,38.89409999828786,175.64279174804688,102.81269073486328,2.1831655502319336,False,7.481202125549316,True,122,0,122,double,2.1929836015903206,131.57901609541923,JUMPING,255.6576641845703,176.54055023193362
1459,58.36,0.8360860347747803,34.283399989362806,177.86444091796875,108.51123809814453,5.730902194976807,False,7.203914165496826,False,123,0,123,double,2.1929836015903206,131.57901609541923,JUMPING,255.6576641845703,174.03125915527346
1460,58.4,0.762184202671051,41.05629998957738,182.88430786132812,111.37432861328125,2.9104835987091064,False,2.5941362380981445,False,123,0,123,double,2.1929836015903206,131.57901609541923,JUMPING,255.6576641845703,170.80785598754883
1461,58.44,0.8169788718223572,38.80919999210164,186.70053100585938,112.5701675415039,1.2209583520889282,False,2.3034071922302246,False,123,0,123,double,2.1929836015903206,131.57901609541923,JUMPING,255.6623425292969,171.83334045410157
1462,58.48,0.6935644149780273,33.886399993207306,190.28024291992188,114.61722564697266,2.0570149421691895,False,3.0936572551727295,False,123,0,123,double,2.1929836015903206,131.57901609541923,JUMPING,255.67542541503906,170.0347625732422
1463,58.52,0.8508442044258118,40.07889999775216,188.39962768554688,109.96846771240234,4.64955997467041,False,3.6813137531280518,False,123,0,123,double,2.1929836015903206,131.57901609541923,JUMPING,255.6623425292969,177.20202560424806
1464,58.56,0.8847327828407288,36.18369999458082,185.10400390625,105.55754852294922,4.4427056312561035,False,3.8331732749938965,False,123,0,123,double,2.1929836015903206,131.57901609541923,JUMPING,255.53960327148434,177.2916473388672
1465,58.6,0.8173477649688721,33.996100013609976,180.54168701171875,101.8545150756836,3.711470603942871,False,4.183980941772461,True,123,0,123,double,2.1929836015903206,131.57901609541923,JUMPING,255.40368408203125,174.8867485046387
1466,58.64,0.7924462556838989,38.307799986796454,177.29232788085938,100.31866455078125,1.540046215057373,False,3.2295610904693604,True,123,0,123,double,2.1929836015903206,131.57901609541923,JUMPING,255.27139404296875,175.720719909668
1467,58.68,0.8846395015716553,33.8220999983605,175.21139526367188,98.17256927490234,2.17751145362854,False,3.355609655380249,True,123,0,123,double,2.1929836015903206,131.57901609541923,JUMPING,255.27139404296875,174.0813446044922
1468,58.72,0.8919323682785034,36.295400001108646,174.7176055908203,99.38468170166016,1.2322168350219727,False,3.097499132156372,True,123,0,123,double,2.1929836015903206,131.57901609541923,JUMPING,255.27139404296875,173.3268653869629
1469,58.76,0.8923209309577942,31.050499994307756,174.52462768554688,99.45419311523438,0.08647789061069489,False,4.222029685974121,True,123,0,123,double,2.1929836015903206,131.57901609541923,JUMPING,255.27139404296875,175.02434082031252
1470,58.8,0.8586604595184326,40.05330000654794,177.760009765625,102.11087799072266,2.656940460205078,False,5.681262016296387,False,124,0,124,double,2.232145015580044,133.92870093480263,JUMPING,255.27139404296875,178.18031158447266
1471,58.84,0.8669006824493408,33.27640000497922,181.7406005859375,106.4465103149414,4.349479675292969,False,5.215005397796631,False,124,0,124,double,2.232145015580044,133.92870093480263,JUMPING,255.30628479003906,172.78721313476564
1472,58.88,0.8643991351127625,35.38549999939278,184.6222686767578,109.00675201416016,2.560431957244873,False,4.713834762573242,False,124,0,124,double,2.232145015580044,133.92870093480263,JUMPING,255.53960327148434,172.71405715942385
1473,58.92,0.8589943051338196,34.82030000304803,188.7838134765625,112.77912139892578,4.112091064453125,False,5.470347881317139,False,124,0,124,double,2.232145015580044,133.92870093480263,JUMPING,255.6587078857422,170.50288696289064
1474,58.96,0.863303542137146,33.9240999892354,189.05052185058594,110.73192596435547,2.122210741043091,False,4.739273548126221,False,124,0,124,double,2.232145015580044,133.92870093480263,JUMPING,255.8047650146484,176.5489929199219
1475,59.0,0.867727518081665,35.999199986690655,187.38479614257812,107.57489776611328,3.1570842266082764,False,3.4694807529449463,False,124,0,124,double,2.232145015580044,133.92870093480263,JUMPING,255.6587078857422,179.33241958618166
1476,59.04,0.855625569820404,36.46530001424253,183.33285522460938,103.51924896240234,4.067931652069092,False,4.864399433135986,False,124,0,124,double,2.232145015580044,133.92870093480263,JUMPING,255.53960327148434,180.5837669372559
1477,59.08,0.8843021392822266,36.4683999796398,179.45870971679688,99.71350860595703,3.8058199882507324,False,5.994104862213135,True,124,0,124,double,2.232145015580044,133.92870093480263,JUMPING,255.46847595214842,178.28318481445314
1478,59.12,0.8129839301109314,33.85509998770431,176.0927734375,98.7762222290039,1.062580943107605,False,1.6811139583587646,True,124,0,124,double,2.232145015580044,133.92870093480263,JUMPING,255.46847595214842,176.3428436279297
1479,59.16,0.8457432389259338,36.657200020272285,174.77687072753906,98.07162475585938,0.7139189839363098,False,2.5824508666992188,True,124,0,124,double,2.232145015580044,133.92870093480263,JUMPING,255.46847595214842,177.69041748046877
1480,59.2,0.768814742565155,38.934199983486906,174.60601806640625,98.5704345703125,0.5459996461868286,False,5.544288158416748,True,124,0,124,double,2.232145015580044,133.92870093480263,JUMPING,255.46847595214842,180.26617584228518
1481,59.24,0.6629951000213623,34.53349997289479,176.68048095703125,99.50313568115234,0.9631826877593994,False,7.264571189880371,False,125,0,125,double,2.2321411548670516,133.9284692920231,JUMPING,255.46847595214842,179.99109191894533
1482,59.28,0.7516999244689941,38.04630000377074,179.92587280273438,104.0097427368164,4.528462886810303,False,7.386368751525879,False,125,0,125,double,2.2321411548670516,133.9284692920231,JUMPING,255.54064697265622,176.61482238769534
1483,59.32,0.6861183047294617,36.93480000947602,182.9532012939453,108.7779769897461,4.774332046508789,False,6.743139266967773,False,125,0,125,double,2.2321411548670516,133.9284692920231,JUMPING,255.66245361328123,173.6924774169922
1484,59.36,0.8167414665222168,35.35069999634288,186.78701782226562,112.85242462158203,4.076675891876221,False,5.99288272857666,False,125,0,125,double,2.2321411548670516,133.9284692920231,JUMPING,255.86325317382813,172.4240432739258
1485,59.4,0.769137978553772,36.84109999448992,188.25465393066406,114.026123046875,1.2647260427474976,False,5.07862663269043,False,125,0,125,double,2.2321411548670516,133.9284692920231,JUMPING,255.99233642578122,175.54358291625977
1486,59.44,0.7511962056159973,34.68989999964833,188.75381469726562,114.01986694335938,0.04901539161801338,False,5.064715385437012,False,125,0,125,double,2.2321411548670516,133.9284692920231,JUMPING,256.1180657958984,175.61996994018557
1487,59.48,0.835178554058075,36.261700006434694,183.44725036621094,106.28323364257812,7.737419128417969,False,6.0974507331848145,False,125,0,125,double,2.2321411548670516,133.9284692920231,JUMPING,256.0935296630859,182.2372917175293
1488,59.52,0.8031103014945984,35.356099979253486,177.93824768066406,100.26061248779297,6.026922702789307,False,6.995060443878174,True,125,0,125,double,2.2321411548670516,133.9284692920231,JUMPING,256.05521484375,179.95487060546876
1489,59.56,0.8206556439399719,41.21980001218617,173.68597412109375,96.48673248291016,3.7816622257232666,False,7.730825901031494,True,125,0,125,double,2.2321411548670516,133.9284692920231,JUMPING,256.05521484375,178.8073196411133
1490,59.6,0.8637815713882446,40.623400011099875,170.83059692382812,94.6185531616211,1.8682022094726562,False,7.312257289886475,True,125,0,125,double,2.2321411548670516,133.9284692920231,JUMPING,256.05521484375,177.77961959838868
1491,59.64,0.8574860692024231,43.22849999880418,169.47265625,94.04143524169922,0.5779539346694946,False,6.81058406829834,True,125,0,125,double,2.2321411548670516,133.9284692920231,JUMPING,256.05521484375,177.78055953979495
1492,59.68,0.865755021572113,36.67739999946207,169.2132568359375,94.5295639038086,0.7170107960700989,False,7.219662666320801,True,125,0,125,double,2.2321411548670516,133.9284692920231,JUMPING,256.05521484375,180.02712860107422
1493,59.72,0.7240692377090454,46.98030001600273,170.29647827148438,97.54973602294922,3.198669910430908,False,7.497227191925049,True,125,0,125,double,2.2321411548670516,133.9284692920231,JUMPING,256.05521484375,182.161190032959
1494,59.76,0.36761850118637085,45.11669999919832,173.933349609375,101.98873901367188,4.500424861907959,False,1.0355759859085083,False,126,0,126,double,2.118646997948562,127.11881987691372,JUMPING,256.0935296630859,179.26873855590821
1495,59.8,0.8250514268875122,51.59720001392998,181.21954345703125,108.9865951538086,6.997949123382568,False,2.773202419281006,False,126,0,126,double,2.118646997948562,127.11881987691372,JUMPING,256.1756286621094,173.88053283691409
1496,59.84,0.8392300605773926,43.06190001079813,185.222412109375,112.09847259521484,3.1182565689086914,False,4.676598072052002,False,126,0,126,double,2.118646997948562,127.11881987691372,JUMPING,256.5335223388672,174.58102416992188
1497,59.88,0.8294181823730469,39.93020000052638,188.50685119628906,112.13147735595703,0.03820781037211418,False,5.624547004699707,False,126,0,126,double,2.118646997948562,127.11881987691372,JUMPING,256.94935791015627,176.6572708129883
1498,59.92,0.8746500015258789,46.2740000220947,184.62628173828125,107.49951934814453,4.635509967803955,False,6.285322189331055,False,126,0,126,double,2.118646997948562,127.11881987691372,JUMPING,256.966533203125,183.64505538940432
1499,59.96,0.8818190097808838,35.02049998496659,181.81289672851562,104.12798309326172,3.3717751502990723,False,6.89644718170166,False,126,0,126,double,2.118646997948562,127.11881987691372,JUMPING,256.966533203125,183.60201110839844
1500,60.0,0.6645205616950989,37.383899994893,177.86563110351562,101.32120513916016,3.033754587173462,False,1.2648587226867676,True,126,0,126,double,2.118646997948562,127.11881987691372,JUMPING,256.966533203125,183.1877655029297
1501,60.04,0.8728334307670593,40.947999979835004,176.013916015625,99.53327178955078,1.8787403106689453,False,7.267097473144531,True,126,0,126,double,2.118646997948562,127.11881987691372,JUMPING,256.966533203125,181.32282104492188
1502,60.08,0.8784090876579285,39.602600008947775,174.28790283203125,98.54080963134766,1.6440298557281494,False,1.5816612243652344,True,126,0,126,double,2.118646997948562,127.11881987691372,JUMPING,256.966533203125,181.31264953613282
1503,60.12,0.841997504234314,38.552300014998764,173.4633331298828,97.32231903076172,1.5212727785110474,False,5.251049518585205,True,126,0,126,double,2.118646997948562,127.11881987691372,JUMPING,256.966533203125,184.52717361450198
1504,60.16,0.8586330413818359,44.28969998843968,174.88214111328125,98.61620330810547,1.5164753198623657,False,6.541114330291748,False,127,0,127,double,2.2321411548670516,133.9284692920231,JUMPING,256.966533203125,185.73803634643556
1505,60.2,0.8496331572532654,36.13480000058189,179.03953552246094,101.83322143554688,3.2340517044067383,False,7.6303205490112305,False,127,0,127,double,2.2321411548670516,133.9284692920231,JUMPING,256.97719909667967,181.71288833618166
1506,60.24,0.8536523580551147,33.015399996656924,182.06048583984375,103.19477081298828,1.366937279701233,False,7.938154697418213,False,127,0,127,double,2.2321411548670516,133.9284692920231,JUMPING,257.1703240966797,180.80430908203127
1507,60.28,0.733916163444519,33.997599995927885,187.07672119140625,105.85659790039062,2.663301706314087,False,7.449113845825195,False,127,0,127,double,2.2321411548670516,133.9284692920231,JUMPING,257.18119140625,176.41689758300782
1508,60.32,0.8092119693756104,38.651399983791634,189.89913940429688,106.98717498779297,1.1358340978622437,False,8.187617301940918,False,127,0,127,double,2.2321411548670516,133.9284692920231,JUMPING,257.20637756347656,177.25586242675783
1509,60.36,0.8352970480918884,33.729199989466,189.76722717285156,105.6561050415039,1.3960448503494263,False,5.669033527374268,False,127,0,127,double,2.2321411548670516,133.9284692920231,JUMPING,257.20637756347656,180.26874389648438
1510,60.4,0.8495017886161804,33.75400000368245,184.77394104003906,100.522216796875,5.1768341064453125,False,6.165017127990723,False,127,0,127,double,2.2321411548670516,133.9284692920231,JUMPING,257.18119140625,186.33510894775392
1511,60.44,0.8603867888450623,34.28759999223985,179.47195434570312,96.14602661132812,4.38018274307251,False,12.115039825439453,True,127,0,127,double,2.2321411548670516,133.9284692920231,JUMPING,257.18119140625,181.99086761474612
1512,60.48,0.8601502776145935,33.3968999912031,176.09902954101562,96.3245620727539,0.43301934003829956,False,9.641366004943848,True,127,0,127,double,2.2321411548670516,133.9284692920231,JUMPING,257.18119140625,180.55984039306642
1513,60.52,0.8425783514976501,33.791599998949096,173.62925720214844,96.41351318359375,0.0890212208032608,False,6.206991672515869,True,127,0,127,double,2.2321411548670516,133.9284692920231,JUMPING,257.18119140625,181.19309234619143
1514,60.56,0.8454118371009827,35.83410001010634,173.29025268554688,96.52840423583984,0.23048974573612213,False,6.187460422515869,True,127,0,127,double,2.2321411548670516,133.9284692920231,JUMPING,257.18119140625,184.92695922851564
1515,60.6,0.7571966648101807,39.75770002580248,174.60037231445312,98.12503814697266,1.6156033277511597,False,4.067281723022461,True,127,0,127,double,2.2321411548670516,133.9284692920231,JUMPING,257.18119140625,184.1757781982422
1516,60.64,0.6951586008071899,44.25140001694672,176.86199951171875,103.27159881591797,5.197996616363525,False,3.605376958847046,False,128,0,128,double,2.1929836015903206,131.57901609541923,JUMPING,257.18119140625,179.13026504516603
1517,60.68,0.8283892273902893,34.19099998427555,180.79568481445312,104.31564331054688,1.2996387481689453,False,5.985263824462891,False,128,0,128,double,2.1929836015903206,131.57901609541923,JUMPING,257.18119140625,176.37658920288087
1518,60.72,0.8376774191856384,36.90119998645969,183.33258056640625,105.84355926513672,1.541320562362671,False,6.499935626983643,False,128,0,128,double,2.1929836015903206,131.57901609541923,JUMPING,257.18119140625,176.16771240234377
1519,60.76,0.6529709100723267,35.363900009542704,185.97776794433594,106.91661834716797,1.239691138267517,False,6.236802577972412,False,128,0,128,double,2.1929836015903206,131.57901609541923,JUMPING,257.18119140625,177.42082214355472
1520,60.8,0.8163497447967529,36.07090000878088,184.31378173828125,108.15424346923828,1.5821852684020996,False,2.755218029022217,False,128,0,128,double,2.1929836015903206,131.57901609541923,JUMPING,257.2251916503906,180.1491279602051
1521,60.84,0.8172218799591064,44.546699995407835,180.2974090576172,102.31753540039062,5.855074882507324,False,1.4416149854660034,False,128,0,128,double,2.1929836015903206,131.57901609541923,JUMPING,256.92363220214844,184.95112915039064
1522,60.88,0.8342774510383606,44.087199989007786,175.8408966064453,98.47327423095703,3.8524043560028076,False,5.698189735412598,True,128,0,128,double,2.1929836015903206,131.57901609541923,JUMPING,256.82905273437495,184.6493492126465
1523,60.92,0.8688110113143921,34.895399992819875,172.00479125976562,96.03145599365234,2.4419991970062256,False,1.8773797750473022,True,128,0,128,double,2.1929836015903206,131.57901609541923,JUMPING,256.8276153564453,181.88943786621095
1524,60.96,0.8841656446456909,37.57459999178536,169.2651824951172,93.91647338867188,2.1165974140167236,False,5.238337993621826,True,128,0,128,double,2.1929836015903206,131.57901609541923,JUMPING,256.8276153564453,182.5346405029297
1525,61.0,0.8272764086723328,35.94850000808947,168.77835083007812,94.20479583740234,0.36449313163757324,False,6.583622932434082,True,128,0,128,double,2.1929836015903206,131.57901609541923,JUMPING,256.8276153564453,181.76821060180666
1526,61.04,0.788535475730896,36.29339998587966,169.7540283203125,94.9304428100586,0.7257282733917236,False,7.2244744300842285,True,128,0,128,double,2.1929836015903206,131.57901609541923,JUMPING,256.8276153564453,185.2582214355469
1527,61.08,0.8327240943908691,37.400700006401166,172.85455322265625,97.80358123779297,2.88070011138916,False,6.68831729888916,False,129,0,129,double,2.1929800184800334,131.578801108802,JUMPING,256.8276153564453,181.68854217529298
1528,61.12,0.8337785601615906,41.53630000655539,175.51632690429688,99.89200592041016,2.0884451866149902,False,6.41195011138916,False,129,0,129,double,2.1929800184800334,131.578801108802,JUMPING,256.8276153564453,181.7874626159668
1529,61.16,0.8530961871147156,34.58619999582879,181.95350646972656,103.41951751708984,3.5368154048919678,False,5.849171161651611,False,129,0,129,double,2.1929800184800334,131.578801108802,JUMPING,257.1152136230469,178.70040969848634
1530,61.2,0.8706918954849243,34.984400001121685,187.8765411376953,105.16114044189453,1.7431964874267578,False,5.315814018249512,False,129,0,129,double,2.1929800184800334,131.578801108802,JUMPING,257.27733642578124,177.6754119873047
1531,61.24,0.8737037181854248,36.09060001326725,191.6723175048828,105.61348724365234,0.47193416953086853,False,5.2106099128723145,False,129,0,129,double,2.1929800184800334,131.578801108802,JUMPING,257.37285217285154,177.9514358520508
1532,61.28,0.8640382289886475,32.05500001786277,190.63360595703125,104.66968536376953,0.9438723921775818,False,4.800047874450684,False,129,0,129,double,2.1929800184800334,131.578801108802,JUMPING,257.39052307128907,182.03773880004886
1533,61.32,0.8962315917015076,39.808400004403666,185.47494506835938,100.5014877319336,4.180118083953857,False,6.930362224578857,False,129,0,129,double,2.1929800184800334,131.578801108802,JUMPING,257.29481933593746,184.6653533935547
1534,61.36,0.8518937230110168,43.18850001436658,178.77593994140625,98.0490951538086,2.4537909030914307,False,8.428255081176758,True,129,0,129,double,2.1929800184800334,131.578801108802,JUMPING,257.1152136230469,182.5217498779297
1535,61.4,0.857516348361969,46.41469998750836,174.31951904296875,96.69966888427734,1.3531156778335571,False,8.522414207458496,True,129,0,129,double,2.1929800184800334,131.578801108802,JUMPING,257.1152136230469,183.40155181884768
1536,61.44,0.8682852983474731,40.26390000944957,171.77731323242188,95.32437896728516,1.3989964723587036,False,8.308550834655762,True,129,0,129,double,2.1929800184800334,131.578801108802,JUMPING,257.1152136230469,180.33014221191408
1537,61.48,0.7769268751144409,46.1607999750413,171.49807739257812,98.19650268554688,3.026414632797241,False,1.2112805843353271,True,129,0,129,double,2.1929800184800334,131.578801108802,JUMPING,257.1152136230469,184.58307495117188
1538,61.52,0.7151039242744446,50.30469998018816,174.05116271972656,97.2980728149414,0.9015034437179565,False,3.530797004699707,False,130,0,130,double,2.1929836015903206,131.57901609541923,JUMPING,257.1152136230469,186.45266876220705
1539,61.56,0.3231213092803955,45.231099997181445,177.59744262695312,103.1307144165039,6.1250762939453125,False,1.9758775234222412,False,130,0,130,double,2.1929836015903206,131.57901609541923,JUMPING,257.1152136230469,182.9309768676758
1540,61.6,0.6610137820243835,47.0144999853801,181.3067626953125,105.0092544555664,1.9539151191711426,False,5.898129940032959,False,130,0,130,double,2.1929836015903206,131.57901609541923,JUMPING,257.14347595214844,178.56252365112306
1541,61.64,0.661774218082428,48.10359998373315,186.4805908203125,107.78369140625,2.900503635406494,False,7.852462291717529,False,130,0,130,double,2.1929836015903206,131.57901609541923,JUMPING,257.36847534179685,178.56687088012697
1542,61.68,0.6339439153671265,43.970200000330806,189.66900634765625,109.4100112915039,1.6727346181869507,False,8.347224235534668,False,130,0,130,double,2.1929836015903206,131.57901609541923,JUMPING,257.5654803466797,178.47566299438478
1543,61.72,0.8464431166648865,34.802200010744855,186.19512939453125,105.9940414428711,3.419370412826538,False,6.05746603012085,False,130,0,130,double,2.1929836015903206,131.57901609541923,JUMPING,257.5226611328125,184.76983795166018
1544,61.76,0.786191463470459,38.09309998177923,181.83526611328125,101.86438751220703,4.139249324798584,False,3.5540246963500977,False,130,0,130,double,2.1929836015903206,131.57901609541923,JUMPING,257.5187976074219,186.38965911865236
1545,61.8,0.8624337911605835,37.6168999937363,177.0,98.7265853881836,3.1403801441192627,False,2.237679958343506,True,130,0,130,double,2.1929836015903206,131.57901609541923,JUMPING,257.4823504638672,185.00407638549805
1546,61.84,0.8693367838859558,37.33679998549633,173.50022888183594,96.16204833984375,2.590959310531616,False,6.122157573699951,True,130,0,130,double,2.1929836015903206,131.57901609541923,JUMPING,257.4823504638672,184.18316345214845
1547,61.88,0.8233071565628052,35.59569999924861,171.92691040039062,94.90377044677734,1.276082992553711,False,6.946686267852783,True,130,0,130,double,2.1929836015903206,131.57901609541923,JUMPING,257.4823504638672,183.72458114624024
1548,61.92,0.8553647994995117,37.06820000661537,169.49685668945312,94.4407730102539,0.62055504322052,False,7.424917221069336,True,130,0,130,double,2.1929836015903206,131.57901609541923,JUMPING,257.4823504638672,182.66374816894532
1549,61.96,0.8107819557189941,37.605199991958216,168.57843017578125,95.66900634765625,1.2503582239151,False,3.128986358642578,True,130,0,130,double,2.1929836015903206,131.57901609541923,JUMPING,257.4823504638672,183.85525817871095
1550,62.0,0.8132281303405762,44.0019000088796,172.4168701171875,99.27468872070312,3.647737503051758,False,5.160325050354004,False,131,0,131,double,2.2321411548670516,133.9284692920231,JUMPING,257.4823504638672,183.93199768066407
1551,62.04,0.7958623766899109,39.94310001144186,175.353759765625,101.44293212890625,2.288968563079834,False,7.761994361877441,False,131,0,131,double,2.2321411548670516,133.9284692920231,JUMPING,257.5187976074219,183.39039001464846
1552,62.08,0.7067219018936157,40.87040000013076,181.771240234375,108.25537109375,6.815597057342529,False,8.034202575683594,False,131,0,131,double,2.2321411548670516,133.9284692920231,JUMPING,257.5505090332031,178.20252609252933
1553,62.12,0.7918232679367065,37.87820000434294,186.33810424804688,109.70050048828125,1.6266670227050781,False,2.0344486236572266,False,131,0,131,double,2.2321411548670516,133.9284692920231,JUMPING,257.73988952636716,178.31424484252932
1554,62.16,0.7538062334060669,34.2899999814108,186.81163024902344,109.1323471069336,0.8616431355476379,False,3.9946672916412354,False,131,0,131,double,2.2321411548670516,133.9284692920231,JUMPING,257.7768493652344,181.3812065124512
1555,62.2,0.8551907539367676,38.6034999974072,182.98626708984375,103.1587905883789,5.973596096038818,False,6.982235908508301,False,131,0,131,double,2.2321411548670516,133.9284692920231,JUMPING,257.7768493652344,186.46231994628909
1556,62.24,0.7905337810516357,37.29659999953583,178.69110107421875,100.73760986328125,2.5292656421661377,False,3.5081381797790527,True,131,0,131,double,2.2321411548670516,133.9284692920231,JUMPING,257.7768493652344,183.18342666625978
1557,62.28,0.8338609933853149,38.793599989730865,174.32308959960938,96.6003189086914,4.16433048248291,False,4.650084495544434,True,131,0,131,double,2.2321411548670516,133.9284692920231,JUMPING,257.7768493652344,182.94131622314455
1558,62.32,0.7788716554641724,37.11720000137575,171.20651245117188,94.52326965332031,2.353023052215576,False,2.5197277069091797,True,131,0,131,double,2.2321411548670516,133.9284692920231,JUMPING,257.7768493652344,179.9701614379883
1559,62.36,0.8068013191223145,43.76480000792071,170.46334838867188,93.82164764404297,0.7016264796257019,False,7.020472049713135,True,131,0,131,double,2.2321411548670516,133.9284692920231,JUMPING,257.7768493652344,180.57479553222657
1560,62.4,0.8040807247161865,38.81599998567253,170.48028564453125,94.85741424560547,1.6798827648162842,False,8.959819793701172,True,131,0,131,double,2.2321411548670516,133.9284692920231,JUMPING,257.7768493652344,181.33316879272462
1561,62.44,0.7545784711837769,34.4512999872677,171.50936889648438,96.47991943359375,1.6717737913131714,False,1.6339085102081299,True,131,0,131,double,2.2321411548670516,133.9284692920231,JUMPING,257.7768493652344,182.77098541259767
1562,62.48,0.6015067100524902,35.1440999947954,174.48004150390625,99.67777252197266,3.203263759613037,False,1.3393573760986328,False,132,0,132,double,2.1551727526572564,129.31036515943538,JUMPING,257.7768493652344,181.59248352050784
1563,62.52,0.77860426902771,39.589199994225055,179.8443145751953,104.34078979492188,4.663889408111572,False,4.455251693725586,False,132,0,132,double,2.1551727526572564,129.31036515943538,JUMPING,257.7768493652344,178.0383888244629
1564,62.56,0.3043085038661957,33.607899997150525,185.38421630859375,107.96678924560547,3.6349637508392334,False,0.8118274211883545,False,132,0,132,double,2.1551727526572564,129.31036515943538,JUMPING,257.80222778320314,174.8036056518555
1565,62.6,0.529434323310852,36.90219999407418,189.5599822998047,109.41390228271484,1.4532928466796875,False,3.7663116455078125,False,132,0,132,double,2.1551727526572564,129.31036515943538,JUMPING,258.01776611328125,175.28508224487305
1566,62.64,0.6407017707824707,39.46369999903254,191.2488250732422,108.73959350585938,0.7543869614601135,False,5.387852668762207,False,132,0,132,double,2.1551727526572564,129.31036515943538,JUMPING,258.09090332031246,178.53821105957033
1567,62.68,0.8136283159255981,36.99079999933019,186.0995635986328,103.62860107421875,5.121560096740723,False,6.032811164855957,False,132,0,132,double,2.1551727526572564,129.31036515943538,JUMPING,257.88309692382813,185.25932083129885
1568,62.72,0.8478491902351379,35.34200001740828,180.54617309570312,99.43985748291016,4.252804756164551,False,2.9964802265167236,True,132,0,132,double,2.1551727526572564,129.31036515943538,JUMPING,257.85771850585934,183.9651306152344
1569,62.76,0.8512802124023438,37.18370001297444,174.87277221679688,96.26202392578125,3.269841194152832,False,5.614293098449707,True,132,0,132,double,2.1551727526572564,129.31036515943538,JUMPING,257.6848229980469,180.98224334716798
1570,62.8,0.8466498851776123,36.227500007953495,171.39669799804688,94.23150634765625,2.153096914291382,False,6.978519916534424,True,132,0,132,double,2.1551727526572564,129.31036515943538,JUMPING,257.6848229980469,179.39607543945314
1571,62.84,0.8498796224594116,35.135299985995516,170.29852294921875,93.90533447265625,0.33072972297668457,False,7.018899917602539,True,132,0,132,double,2.1551727526572564,129.31036515943538,JUMPING,257.6848229980469,180.63607635498047
1572,62.88,0.8471178412437439,34.72559998044744,170.46620178222656,94.09680938720703,0.2022494524717331,False,6.399587631225586,True,132,0,132,double,2.1551727526572564,129.31036515943538,JUMPING,257.6848229980469,181.16129379272462
1573,62.92,0.8818230628967285,36.382899997988716,173.099609375,95.18584442138672,1.1915088891983032,False,6.805412292480469,True,132,0,132,double,2.1551727526572564,129.31036515943538,JUMPING,257.6848229980469,184.63867416381837
1574,62.96,0.8415089249610901,35.42030000244267,178.30624389648438,100.24613189697266,5.062798500061035,False,7.413219928741455,False,133,0,133,double,2.1551727526572564,129.31036515943538,JUMPING,257.6848229980469,179.250594329834
1575,63.0,0.7667744159698486,34.576799982460216,182.76687622070312,105.24236297607422,4.996577262878418,False,4.924996376037598,False,133,0,133,double,2.1551727526572564,129.31036515943538,JUMPING,257.73750244140626,173.83778228759766
1576,63.04,0.7230796217918396,37.27470000740141,185.54254150390625,108.60962677001953,3.5539231300354004,False,2.228893280029297,False,133,0,133,double,2.1551727526572564,129.31036515943538,JUMPING,257.8566674804688,173.66020889282228
1577,63.08,0.8155081272125244,40.89239999302663,186.5336151123047,107.12677001953125,1.7172423601150513,False,1.0743733644485474,False,133,0,133,double,2.1551727526572564,129.31036515943538,JUMPING,257.87625976562504,178.47209625244142
1578,63.12,0.8205455541610718,42.20909997820854,183.83203125,104.909423828125,2.2174344062805176,False,2.9584875106811523,False,133,0,133,double,2.1551727526572564,129.31036515943538,JUMPING,257.7747900390625,183.82035446166995
1579,63.16,0.7829864621162415,41.07619999558665,179.22055053710938,100.45282745361328,4.478757381439209,False,3.956718683242798,True,133,0,133,double,2.1551727526572564,129.31036515943538,JUMPING,257.5616735839844,185.11414184570313
1580,63.2,0.8671244382858276,41.72390000894666,174.6910858154297,97.21501922607422,3.2446601390838623,False,6.498887062072754,True,133,0,133,double,2.1551727526572564,129.31036515943538,JUMPING,257.5616735839844,180.94301757812502
1581,63.24,0.8534871339797974,37.891199986916035,172.3634033203125,95.30907440185547,1.9074336290359497,False,3.297013521194458,True,133,0,133,double,2.1551727526572564,129.31036515943538,JUMPING,257.5616735839844,178.60924377441407
1582,63.28,0.8419582843780518,39.848600019467995,171.41717529296875,95.07343292236328,0.3555164039134979,False,6.676704406738281,True,133,0,133,double,2.1551727526572564,129.31036515943538,JUMPING,257.5616735839844,179.4118865966797
1583,63.32,0.8626267313957214,47.84410001593642,172.0357208251953,95.81771087646484,0.7454211115837097,False,2.7172975540161133,True,133,0,133,double,2.1551727526572564,129.31036515943538,JUMPING,257.5616735839844,181.43350753784182
1584,63.36,0.8411664962768555,44.992599985562265,174.10108947753906,98.47079467773438,2.65669584274292,False,6.101063251495361,True,133,0,133,double,2.1551727526572564,129.31036515943538,JUMPING,257.5616735839844,182.7746276855469
1585,63.4,0.8751293420791626,49.45400002179667,178.15701293945312,102.0785903930664,3.6117963790893555,False,6.929349899291992,False,134,0,134,double,2.1551727526572564,129.31036515943538,JUMPING,257.5616735839844,176.13301849365237
1586,63.44,0.8924769163131714,49.4073000154458,181.03053283691406,103.97722625732422,1.9101972579956055,False,6.592238903045654,False,134,0,134,double,2.1551727526572564,129.31036515943538,JUMPING,257.5616735839844,177.63816680908204
1587,63.48,0.8303189873695374,43.99000000557862,186.60435485839844,108.60345458984375,4.6274638175964355,False,6.348316192626953,False,134,0,134,double,2.1551727526572564,129.31036515943538,JUMPING,257.5616735839844,174.32661895751954
1588,63.52,0.885407567024231,44.483100005891174,187.8179931640625,107.60457611083984,0.9999666810035706,False,3.7786896228790283,False,134,0,134,double,2.1551727526572564,129.31036515943538,JUMPING,257.5616735839844,176.34336395263674
1589,63.56,0.8394293189048767,39.24800001550466,185.69775390625,104.36479949951172,3.2398550510406494,False,3.768688678741455,False,134,0,134,double,2.1551727526572564,129.31036515943538,JUMPING,257.2131604003906,182.21024322509768
1590,63.6,0.8844035267829895,41.47560001001693,183.00411987304688,99.85001373291016,4.523184776306152,False,4.909243106842041,True,134,0,134,double,2.1551727526572564,129.31036515943538,JUMPING,256.9218475341797,183.30176696777346
1591,63.64,0.8737830519676208,35.448000009637326,179.60189819335938,96.8421859741211,3.018191337585449,False,6.40419864654541,True,134,0,134,double,2.1551727526572564,129.31036515943538,JUMPING,256.9129321289063,180.0135078430176
1592,63.68,0.8703106641769409,35.35569997620769,175.5943603515625,95.67496490478516,1.2240959405899048,False,6.667754173278809,True,134,0,134,double,2.1551727526572564,129.31036515943538,JUMPING,256.8888720703125,178.2998016357422
1593,63.72,0.877855658531189,37.37989999353886,173.25814819335938,94.75379180908203,1.0877716541290283,False,6.456335067749023,True,134,0,134,double,2.1551727526572564,129.31036515943538,JUMPING,256.8888720703125,177.67673797607424
1594,63.76,0.8586639165878296,37.80140000162646,172.6571044921875,94.84771728515625,0.2859610915184021,False,7.03894567489624,True,134,0,134,double,2.1551727526572564,129.31036515943538,JUMPING,256.8888720703125,179.25098876953126
1595,63.8,0.8504927754402161,36.0219000140205,172.46530151367188,95.69818115234375,0.8664984703063965,False,7.41500997543335,True,134,0,134,double,2.1551727526572564,129.31036515943538,JUMPING,256.8888720703125,180.26612548828126
1596,63.84,0.86054527759552,36.978399992221966,173.92816162109375,96.83197021484375,1.2348787784576416,False,6.429449558258057,True,134,0,134,double,2.1551727526572564,129.31036515943538,JUMPING,256.8888720703125,183.72947387695314
1597,63.88,0.8135432600975037,37.200699996901676,179.19140625,103.08086395263672,6.37929630279541,False,4.740181922912598,False,135,0,135,double,2.1186435198655156,127.11861119193094,JUMPING,256.8888720703125,178.75888748168947
1598,63.92,0.8251020908355713,40.246999997179955,182.51547241210938,106.41010284423828,3.400628089904785,False,4.17563533782959,False,135,0,135,double,2.1186435198655156,127.11861119193094,JUMPING,256.9137469482422,177.37582244873047
1599,63.96,0.7720674872398376,39.73609997774474,186.02969360351562,109.5916748046875,3.211542844772339,False,4.44121789932251,False,135,0,135,double,2.1186435198655156,127.11861119193094,JUMPING,256.96026489257815,175.5621635437012
1600,64.0,0.8709163665771484,53.08410001453012,186.04867553710938,108.96722412109375,0.7264804244041443,False,3.1281425952911377,False,135,0,135,double,2.1186435198655156,127.11861119193094,JUMPING,256.9137469482422,179.86917648315432
1601,64.04,0.7622633576393127,39.67709999415092,182.64089965820312,105.82645416259766,3.144404411315918,False,3.627129077911377,True,135,0,135,double,2.1186435198655156,127.11861119193094,JUMPING,256.7290948486328,185.64205322265627
1602,64.08,0.849510669708252,40.30669998610392,178.39401245117188,102.3440170288086,3.5295679569244385,False,5.890419006347656,True,135,0,135,double,2.1186435198655156,127.11861119193094,JUMPING,256.4218185424804,182.1851501464844
1603,64.12,0.8633816838264465,39.84149999450892,175.40771484375,100.49533081054688,1.8701717853546143,False,7.020435810089111,True,135,0,135,double,2.1186435198655156,127.11861119193094,JUMPING,256.2382971191406,181.98299560546877
1604,64.16,0.7873069643974304,35.774100018898025,173.06634521484375,97.4891357421875,3.051919937133789,False,5.539931297302246,True,135,0,135,double,2.1186435198655156,127.11861119193094,JUMPING,256.13403686523435,179.4376258850098
1605,64.2,0.8678534030914307,38.65230001974851,171.81771850585938,97.08287811279297,0.8918216824531555,False,7.558206081390381,True,135,0,135,double,2.1186435198655156,127.11861119193094,JUMPING,256.13403686523435,181.36772842407228
1606,64.24,0.819930911064148,38.5600000154227,172.22354125976562,97.52588653564453,0.764470636844635,False,8.348733901977539,True,135,0,135,double,2.1186435198655156,127.11861119193094,JUMPING,256.13403686523435,186.41702651977542
1607,64.28,0.7104707956314087,36.7880999983754,174.4166259765625,98.0611572265625,0.5798269510269165,False,8.779501914978027,False,136,0,136,double,2.1929836015903206,131.57901609541923,JUMPING,256.13403686523435,184.2383514404297
1608,64.32,0.8711111545562744,37.141599983442575,177.3364715576172,101.53881072998047,3.5433242321014404,False,8.226737976074219,False,136,0,136,double,2.1929836015903206,131.57901609541923,JUMPING,256.2382971191406,180.819490814209
1609,64.36,0.8458098769187927,35.25929999887012,181.73988342285156,104.3923110961914,3.0148065090179443,False,7.668650150299072,False,136,0,136,double,2.1929836015903206,131.57901609541923,JUMPING,256.4218185424804,177.60207977294922
1610,64.4,0.7458601593971252,39.15709999273531,187.76930236816406,106.23624420166016,1.8489137887954712,False,6.705224514007568,False,136,0,136,double,2.1929836015903206,131.57901609541923,JUMPING,256.6130700683594,177.34437637329103
1611,64.44,0.775978684425354,34.65180000057444,191.3236083984375,106.63716888427734,0.47922569513320923,False,6.9106621742248535,False,136,0,136,double,2.1929836015903206,131.57901609541923,JUMPING,256.8888720703125,177.41762466430666
1612,64.48,0.7621873021125793,33.87370001291856,186.8956756591797,104.81060028076172,1.995313048362732,False,7.0487847328186035,False,136,0,136,double,2.1929836015903206,131.57901609541923,JUMPING,256.9637768554687,182.34029922485354
1613,64.52,0.8730449676513672,37.36469999421388,182.96224975585938,100.38802337646484,4.428114891052246,False,7.4536848068237305,False,136,0,136,double,2.1929836015903206,131.57901609541923,JUMPING,256.8477520751953,187.6760192871094
1614,64.56,0.7958177924156189,38.41830001329072,178.57833862304688,99.08192443847656,1.6788969039916992,False,3.7794277667999268,True,136,0,136,double,2.1929836015903206,131.57901609541923,JUMPING,256.64674224853513,183.9194175720215
1615,64.6,0.8606438636779785,36.824399983743206,174.94679260253906,95.87751007080078,3.448051691055298,False,1.7827608585357666,True,136,0,136,double,2.1929836015903206,131.57901609541923,JUMPING,256.5642944335937,182.17030410766603
1616,64.64,0.8760395050048828,37.05320000881329,173.0464630126953,94.21106719970703,1.6665356159210205,False,4.398288249969482,True,136,0,136,double,2.1929836015903206,131.57901609541923,JUMPING,256.5642944335937,183.09707794189455
1617,64.68,0.904897153377533,39.17479998199269,171.14111328125,93.57244873046875,0.6694105863571167,False,6.904463291168213,True,136,0,136,double,2.1929836015903206,131.57901609541923,JUMPING,256.5642944335937,181.98967590332032
1618,64.72,0.8963492512702942,34.40100001171231,171.56680297851562,94.04962158203125,0.47727230191230774,False,5.580822944641113,True,136,0,136,double,2.1929836015903206,131.57901609541923,JUMPING,256.5642944335937,184.12611236572266
1619,64.76,0.8716336488723755,34.73280000616796,172.7478790283203,95.543212890625,1.4938247203826904,False,7.205530643463135,True,136,0,136,double,2.1929836015903206,131.57901609541923,JUMPING,256.5642944335937,186.4072578430176
1620,64.8,0.8231035470962524,35.016899986658245,177.69139099121094,100.5942611694336,5.051083087921143,False,7.124302864074707,False,137,0,137,double,2.1551691536153244,129.31014921691946,JUMPING,256.5642944335937,180.91357727050783
1621,64.84,0.9012128114700317,34.40130001399666,182.53781127929688,103.87100982666016,3.2768185138702393,False,7.9282355308532715,False,137,0,137,double,2.1551691536153244,129.31014921691946,JUMPING,256.8760528564453,179.3779899597168
1622,64.88,0.8954271078109741,34.69450000557117,186.00741577148438,105.0416030883789,1.1709976196289062,False,5.96504545211792,False,137,0,137,double,2.1551691536153244,129.31014921691946,JUMPING,257.455673828125,180.60344696044925
1623,64.92,0.8970475792884827,42.99600000376813,188.07015991210938,105.1671142578125,0.1474819779396057,False,5.219562530517578,False,137,0,137,double,2.1551691536153244,129.31014921691946,JUMPING,258.04717895507815,180.57997360229493
1624,64.96,0.8975275158882141,42.7940999798011,183.921142578125,101.18865966796875,4.010371208190918,False,6.838069915771484,False,137,0,137,double,2.1551691536153244,129.31014921691946,JUMPING,258.04717895507815,188.15235977172853
1625,65.0,0.8950327634811401,37.408299976959825,180.9206085205078,98.484130859375,2.717543125152588,False,7.279752254486084,False,137,0,137,double,2.1551691536153244,129.31014921691946,JUMPING,257.9757861328125,187.69710083007814
1626,65.04,0.9065538048744202,43.9827999798581,177.1839141845703,95.91121673583984,2.5766525268554688,False,6.892012119293213,True,137,0,137,double,2.1551691536153244,129.31014921691946,JUMPING,257.85976135253907,187.02556304931642
1627,65.08,0.9070467352867126,46.558600006392226,173.75099182128906,94.37052154541016,1.5408759117126465,False,7.931683540344238,True,137,0,137,double,2.1551691536153244,129.31014921691946,JUMPING,257.85976135253907,183.34906616210938
1628,65.12,0.8842677474021912,41.356700006872416,170.77212524414062,93.20516204833984,1.1841970682144165,False,9.071615219116211,True,137,0,137,double,2.1551691536153244,129.31014921691946,JUMPING,257.85976135253907,183.07920227050784
1629,65.16,0.8837010860443115,45.8228999923449,169.968505859375,93.99395751953125,0.8751644492149353,False,7.479726314544678,True,137,0,137,double,2.1551691536153244,129.31014921691946,JUMPING,257.85976135253907,182.21245040893555
1630,65.2,0.8131679892539978,43.51940000196919,170.48553466796875,95.9937973022461,2.0215227603912354,False,7.62407922744751,True,137,0,137,double,2.1551691536153244,129.31014921691946,JUMPING,257.85976135253907,182.59976501464845
1631,65.24,0.6799398064613342,45.13390001375228,175.30606079101562,101.4915771484375,5.548206329345703,False,7.151731967926025,True,137,0,137,double,2.1551691536153244,129.31014921691946,JUMPING,257.85976135253907,178.47421951293947
1632,65.28,0.4070934057235718,44.878499989863485,182.4346923828125,106.66771697998047,5.177705764770508,False,8.489241600036621,True,137,0,137,double,2.1551691536153244,129.31014921691946,JUMPING,257.85976135253907,175.71088409423828
1633,65.32,0.7296655774116516,38.55090000433847,187.30111694335938,109.5224380493164,2.928395986557007,False,4.922710418701172,True,137,0,137,double,2.1551691536153244,129.31014921691946,JUMPING,257.85976135253907,175.5896064758301
1634,65.36,0.8708401918411255,33.40830001980066,187.59237670898438,107.22686767578125,2.298100709915161,False,5.430778503417969,False,138,0,138,double,2.083331957046438,124.99991742278627,JUMPING,257.85976135253907,180.27004470825196
1635,65.4,0.7862720489501953,34.84300000127405,186.11209106445312,104.22029876708984,3.0172955989837646,False,2.6801371574401855,True,138,0,138,double,2.083331957046438,124.99991742278627,JUMPING,257.7528918457031,183.0929237365723
1636,65.44,0.8399138450622559,38.1725000042934,181.95492553710938,99.83041381835938,4.399501323699951,False,3.2897708415985107,True,138,0,138,double,2.083331957046438,124.99991742278627,JUMPING,257.6935427856445,185.66162414550783
1637,65.48,0.8267560601234436,36.6857000044547,179.52517700195312,97.24442291259766,2.589587926864624,False,5.7357892990112305,True,138,0,138,double,2.083331957046438,124.99991742278627,JUMPING,257.6935427856445,185.92082977294925
1638,65.52,0.7941288948059082,38.40770001988858,175.7315673828125,95.59264373779297,1.7048709392547607,False,5.25842809677124,True,138,0,138,double,2.083331957046438,124.99991742278627,JUMPING,257.6935427856445,182.87776107788088
1639,65.56,0.8637438416481018,44.290299993008375,172.71792602539062,95.3354263305664,0.5889185070991516,False,6.278632640838623,True,138,0,138,double,2.083331957046438,124.99991742278627,JUMPING,257.6935427856445,179.73762664794924
1640,65.6,0.8861157894134521,39.124200004152954,171.12171936035156,95.26972198486328,0.23845593631267548,False,7.160397052764893,True,138,0,138,double,2.083331957046438,124.99991742278627,JUMPING,257.6935427856445,179.59329528808595
1641,65.64,0.814077615737915,45.25140000623651,173.43670654296875,98.20844268798828,2.944950580596924,False,7.1746087074279785,True,138,0,138,double,2.083331957046438,124.99991742278627,JUMPING,257.6935427856445,183.49286880493165
1642,65.68,0.7894576191902161,38.31869998248294,175.47689819335938,99.79463958740234,1.5863947868347168,False,6.867542266845703,False,139,0,139,double,2.1929836015903206,131.57901609541923,JUMPING,257.6935427856445,183.85246353149415
1643,65.72,0.806831955909729,36.32440001820214,180.91903686523438,104.9576644897461,5.163764476776123,False,7.736668586730957,False,139,0,139,double,2.1929836015903206,131.57901609541923,JUMPING,257.7528918457031,175.79287719726562
1644,65.76,0.8157029151916504,41.71469999710098,185.8988037109375,107.83582305908203,2.8836631774902344,False,8.311604499816895,False,139,0,139,double,2.1929836015903206,131.57901609541923,JUMPING,257.85976135253907,175.41962814331055
1645,65.8,0.8478218913078308,36.98929998790845,188.45849609375,107.6063003540039,0.24718482792377472,False,5.944374084472656,False,139,0,139,double,2.1929836015903206,131.57901609541923,JUMPING,258.1951007080078,177.65493469238282
1646,65.84,0.869863748550415,37.47169999405742,189.51300048828125,107.1169204711914,0.5068486332893372,False,5.155439853668213,False,139,0,139,double,2.1929836015903206,131.57901609541923,JUMPING,258.0953173828125,177.20274734497073
1647,65.88,0.8618206977844238,35.892500018235296,184.63458251953125,102.82007598876953,4.3985395431518555,False,2.662651777267456,False,139,0,139,double,2.1929836015903206,131.57901609541923,JUMPING,257.36226074218746,184.71112518310548
1648,65.92,0.8751122355461121,36.418699979549274,178.26235961914062,98.8221206665039,4.023907661437988,False,3.7517409324645996,True,139,0,139,double,2.1929836015903206,131.57901609541923,JUMPING,256.8616775512695,180.1792144775391
1649,65.96,0.8119231462478638,34.522200003266335,173.82101440429688,96.61762237548828,2.2455806732177734,False,3.1542232036590576,True,139,0,139,double,2.1929836015903206,131.57901609541923,JUMPING,256.82533569335936,177.30833129882814
1650,66.0,0.8343591690063477,40.131499990820885,171.02716064453125,95.67826080322266,0.9960845112800598,False,2.981727361679077,True,139,0,139,double,2.1929836015903206,131.57901609541923,JUMPING,256.82533569335936,177.7266052246094
1651,66.04,0.8740024566650391,41.490100004011765,170.29306030273438,95.85171508789062,0.4791455864906311,False,5.57261848449707,True,139,0,139,double,2.1929836015903206,131.57901609541923,JUMPING,256.82533569335936,178.82981109619143
1652,66.08,0.8150909543037415,41.173099976731464,170.2457275390625,97.80797576904297,1.967294692993164,False,7.85206413269043,True,139,0,139,double,2.1929836015903206,131.57901609541923,JUMPING,256.82533569335936,182.3460563659668
1653,66.12,0.8261198401451111,43.36800001328811,173.46337890625,101.25200653076172,3.4445672035217285,False,7.738347053527832,False,140,0,140,double,2.2321411548670516,133.9284692920231,JUMPING,256.82533569335936,179.7401695251465
1654,66.16,0.7920046448707581,34.852399985538796,179.22601318359375,105.01373291015625,3.762190818786621,False,5.831472873687744,False,140,0,140,double,2.2321411548670516,133.9284692920231,JUMPING,256.8616775512695,175.90106277465821
1655,66.2,0.8113083839416504,37.319399998523295,182.5185546875,106.9256591796875,1.9160394668579102,False,5.025638580322266,False,140,0,140,double,2.2321411548670516,133.9284692920231,JUMPING,256.9210266113281,175.7339630126953
1656,66.24,0.8506214618682861,34.62190000573173,186.97573852539062,112.2410659790039,5.321944236755371,True,3.9372591972351074,False,140,0,140,double,2.2321411548670516,133.9284692920231,JUMPING,256.98721008300777,171.52807769775393
1657,66.28,0.8595072031021118,35.22170000360347,187.40347290039062,109.11861419677734,3.1700241565704346,False,3.183880567550659,False,140,0,140,double,2.2321411548670516,133.9284692920231,JUMPING,257.01632843017575,176.55241699218752
1658,66.32,0.8695236444473267,36.550399992847815,187.1979522705078,106.81238555908203,2.322326421737671,False,3.01926589012146,False,140,0,140,double,2.2321411548670516,133.9284692920231,JUMPING,256.6593115234375,175.5318588256836
1659,66.36,0.8812735676765442,40.241000009700656,181.50469970703125,101.54907989501953,5.2703657150268555,False,3.7865219116210938,True,140,0,140,double,2.2321411548670516,133.9284692920231,JUMPING,256.33097900390624,184.20770263671878
1660,66.4,0.860755443572998,33.935500017832965,177.88328552246094,98.4623031616211,3.0907628536224365,False,4.116390228271484,True,140,0,140,double,2.2321411548670516,133.9284692920231,JUMPING,256.1671890258789,183.36532211303714
1661,66.44,0.8329166173934937,38.872200006153435,174.15916442871094,96.71044921875,1.752978801727295,False,1.5328631401062012,True,140,0,140,double,2.2321411548670516,133.9284692920231,JUMPING,256.13084716796874,176.43084564208985
1662,66.48,0.8596256375312805,35.88119999039918,172.0123291015625,95.91231536865234,0.8679201602935791,False,3.8724772930145264,True,140,0,140,double,2.2321411548670516,133.9284692920231,JUMPING,256.13084716796874,176.21568298339847
1663,66.52,0.8564698100090027,35.58789999806322,171.26377868652344,96.8979263305664,1.1792559623718262,False,5.293911457061768,True,140,0,140,double,2.2321411548670516,133.9284692920231,JUMPING,256.13084716796874,175.96565017700198
1664,66.56,0.879833459854126,35.846799990395084,171.64593505859375,97.15816497802734,0.2976430654525757,False,6.705382823944092,True,140,0,140,double,2.2321411548670516,133.9284692920231,JUMPING,256.13084716796874,178.82050399780275
1665,66.6,0.8846795558929443,32.81460001016967,174.505859375,99.3189697265625,2.162666082382202,False,6.856919288635254,True,140,0,140,double,2.2321411548670516,133.9284692920231,JUMPING,256.13084716796874,181.11589126586915
1666,66.64,0.7747166156768799,36.637699988204986,178.23715209960938,103.01837921142578,3.7160918712615967,False,7.899518966674805,False,141,0,141,double,2.1186435198655156,127.11861119193094,JUMPING,256.13084716796874,176.27150878906252
1667,66.68,0.696580171585083,39.9526999972295,182.74722290039062,107.59014892578125,4.5773844718933105,False,8.515277862548828,False,141,0,141,double,2.1186435198655156,127.11861119193094,JUMPING,256.2364166259765,171.6308921813965
1668,66.72,0.7276149392127991,45.07240001112223,187.26962280273438,112.19144439697266,4.73908805847168,True,7.876949310302734,False,141,0,141,double,2.1186435198655156,127.11861119193094,JUMPING,256.38728393554686,168.8813789367676
1669,66.76,0.718230128288269,38.05770000326447,188.75900268554688,110.3829345703125,1.808519959449768,False,6.6848344802856445,False,141,0,141,double,2.1186435198655156,127.11861119193094,JUMPING,256.6156613159179,176.27095489501954
1670,66.8,0.8580225706100464,45.22430000361055,185.28271484375,105.95735931396484,4.426681041717529,False,7.457984924316406,False,141,0,141,double,2.1186435198655156,127.11861119193094,JUMPING,256.6156613159179,177.07985839843752
1671,66.84,0.8147745132446289,45.91010001604445,179.62879943847656,100.93904876708984,5.0343122482299805,False,8.663475036621094,False,141,0,141,double,2.1186435198655156,127.11861119193094,JUMPING,256.6156613159179,178.4854232788086
1672,66.88,0.8192916512489319,43.88420001487248,175.65426635742188,98.1698226928711,2.7791337966918945,False,9.10696792602539,True,141,0,141,double,2.1186435198655156,127.11861119193094,JUMPING,256.6156613159179,179.98311920166017
1673,66.92,0.86360764503479,39.83470000093803,173.97964477539062,96.17975616455078,1.9911704063415527,False,8.370092391967773,True,141,0,141,double,2.1186435198655156,127.11861119193094,JUMPING,256.6156613159179,176.7769958496094
1674,66.96,0.8622431755065918,46.91609999281354,173.25149536132812,95.28155517578125,0.8994991779327393,False,8.263164520263672,True,141,0,141,double,2.1186435198655156,127.11861119193094,JUMPING,256.6156613159179,176.93437728881838
1675,67.0,0.8271310925483704,48.39420001371764,174.9688720703125,97.91645050048828,2.639146089553833,False,7.2842793464660645,True,141,0,141,double,2.1186435198655156,127.11861119193094,JUMPING,256.6156613159179,175.6991180419922
1676,67.04,0.8093962073326111,41.45200000493787,177.61471557617188,101.79830169677734,3.88285493850708,False,7.576591968536377,False,142,0,142,double,2.232145015580044,133.92870093480263,JUMPING,256.6156613159179,175.98680725097657
1677,67.08,0.7954131364822388,33.24449999490753,179.6439208984375,104.16290283203125,2.364929437637329,False,7.748523235321045,False,142,0,142,double,2.232145015580044,133.92870093480263,JUMPING,256.6156613159179,176.2305290222168
1678,67.12,0.40195831656455994,42.80940000899136,184.45066833496094,109.94490814208984,5.8017754554748535,False,5.455928802490234,False,142,0,142,double,2.232145015580044,133.92870093480263,JUMPING,256.6156613159179,169.51470642089845
1679,67.16,0.5391190052032471,47.6636000094004,187.6426239013672,112.95358276367188,3.048922538757324,False,6.998671054840088,False,142,0,142,double,2.232145015580044,133.92870093480263,JUMPING,256.6156613159179,168.1518081665039
1680,67.2,0.5128419399261475,40.70390001288615,189.24404907226562,115.2574691772461,2.3039326667785645,True,6.144588947296143,False,142,0,142,double,2.232145015580044,133.92870093480263,JUMPING,256.38728393554686,169.40862731933595
1681,67.24,0.8270479440689087,40.184800018323585,185.09774780273438,109.0848159790039,6.1745829582214355,False,6.61724853515625,False,142,0,142,double,2.232145015580044,133.92870093480263,JUMPING,256.2364166259765,178.848828125
1682,67.28,0.8387352228164673,34.67249998357147,179.52880859375,103.59854125976562,5.489198207855225,False,5.6783342361450195,True,142,0,142,double,2.232145015580044,133.92870093480263,JUMPING,256.0379983520508,178.49319458007815
1683,67.32,0.8472393751144409,36.409899999853224,175.99502563476562,100.49371337890625,3.10756516456604,False,5.025060176849365,True,142,0,142,double,2.232145015580044,133.92870093480263,JUMPING,255.83732421874998,178.35887527465823
1684,67.36,0.8426675200462341,36.90810000989586,172.66015625,97.90547943115234,2.644274950027466,False,6.052915096282959,True,142,0,142,double,2.232145015580044,133.92870093480263,JUMPING,255.83732421874998,175.15197982788087
1685,67.4,0.8612629175186157,36.7885000014212,171.42208862304688,98.48989868164062,1.0641664266586304,False,5.858791828155518,True,142,0,142,double,2.232145015580044,133.92870093480263,JUMPING,255.83732421874998,175.61112442016602
1686,67.44,0.8357481956481934,34.64900000835769,171.8772430419922,99.14752197265625,0.6576376557350159,False,6.4899187088012695,True,142,0,142,double,2.232145015580044,133.92870093480263,JUMPING,255.83732421874998,175.2546684265137
1687,67.48,0.8441652655601501,38.417200004914775,171.9831085205078,99.63671875,0.6209920644760132,False,6.048262596130371,True,142,0,142,double,2.232145015580044,133.92870093480263,JUMPING,255.83732421874998,175.76256408691407
1688,67.52,0.67922043800354,36.10550001030788,175.0454559326172,103.0084228515625,3.4063611030578613,False,4.029425621032715,False,143,0,143,double,2.3148190664570936,138.88914398742563,JUMPING,255.83732421874998,174.86629638671877
1689,67.56,0.6344699859619141,35.14710001763888,179.04315185546875,107.81814575195312,4.83508825302124,False,1.2119481563568115,False,143,0,143,double,2.3148190664570936,138.88914398742563,JUMPING,255.83732421874998,172.5185661315918
1690,67.6,0.31318390369415283,34.28389999317005,184.36288452148438,111.7750015258789,3.9569218158721924,False,1.7050950527191162,False,143,0,143,double,2.3148190664570936,138.88914398742563,JUMPING,255.96679351806637,171.41017379760743
1691,67.64,0.668181836605072,34.94519999367185,187.10699462890625,112.88492584228516,1.1752246618270874,False,3.998769998550415,False,143,0,143,double,2.3148190664570936,138.88914398742563,JUMPING,255.96679351806637,172.56694793701172
1692,67.68,0.6727744340896606,33.46340000280179,187.38308715820312,110.40298461914062,2.5172014236450195,False,1.6768747568130493,False,143,0,143,double,2.3148190664570936,138.88914398742563,JUMPING,255.7127587890625,177.6345413208008
1693,67.72,0.8327971696853638,38.21599998627789,184.31390380859375,106.5417709350586,3.867046594619751,False,2.74078106880188,False,143,0,143,double,2.3148190664570936,138.88914398742563,JUMPING,255.58760314941406,179.93182525634768
1694,67.76,0.8494992256164551,34.08109999145381,179.7078857421875,101.08881378173828,5.455427646636963,False,6.574329376220703,True,143,0,143,double,2.3148190664570936,138.88914398742563,JUMPING,255.57604919433592,176.88336868286135
1695,67.8,0.8800948858261108,39.427699986845255,175.92257690429688,97.70781707763672,3.386171579360962,False,8.268924713134766,True,143,0,143,double,2.3148190664570936,138.88914398742563,JUMPING,255.50014739990235,176.49132919311526
1696,67.84,0.8824245929718018,36.49239998776466,173.4986572265625,95.87403106689453,1.8449881076812744,False,8.130388259887695,True,143,0,143,double,2.3148190664570936,138.88914398742563,JUMPING,255.50014739990235,177.00328674316407
1697,67.88,0.8422639966011047,33.89059999608435,172.06845092773438,95.62255096435547,0.49653956294059753,False,6.7816009521484375,True,143,0,143,double,2.3148190664570936,138.88914398742563,JUMPING,255.50014739990235,178.32798309326174
1698,67.92,0.8598878383636475,38.587700022617355,171.58709716796875,95.49842071533203,0.18046732246875763,False,6.793174743652344,True,143,0,143,double,2.3148190664570936,138.88914398742563,JUMPING,255.50014739990235,178.983650970459
1699,67.96,0.7819706201553345,35.2679000061471,173.57305908203125,98.11608123779297,2.7106761932373047,False,7.992067337036133,False,144,0,144,double,2.1929836015903206,131.57901609541923,JUMPING,255.50014739990235,183.10522689819337
1700,68.0,0.8367636203765869,41.07889998704195,175.78424072265625,99.87689971923828,1.823550820350647,False,8.959823608398438,False,144,0,144,double,2.1929836015903206,131.57901609541923,JUMPING,255.57604919433592,182.25274200439455
1701,68.04,0.7389572858810425,39.11919999518432,181.00204467773438,105.7654037475586,5.890370845794678,False,7.492295742034912,False,144,0,144,double,2.1929836015903206,131.57901609541923,JUMPING,255.5985427856445,174.31572570800782
1702,68.08,0.773783266544342,40.1236999896355,185.4459228515625,109.04122161865234,3.2760398387908936,False,7.210587024688721,False,144,0,144,double,2.1929836015903206,131.57901609541923,JUMPING,255.7127587890625,174.60344848632815
1703,68.12,0.6914424300193787,35.351900005480275,186.20199584960938,109.65219116210938,0.7602981328964233,False,5.8719072341918945,False,144,0,144,double,2.1929836015903206,131.57901609541923,JUMPING,256.07105865478513,178.08476486206055
1704,68.16,0.8420614004135132,34.87129998393357,186.99603271484375,108.0238265991211,1.6325387954711914,False,5.7027740478515625,False,144,0,144,double,2.1929836015903206,131.57901609541923,JUMPING,256.27808502197263,178.11350860595704
1705,68.2,0.810558021068573,34.25910000805743,181.35926818847656,102.437744140625,5.586114406585693,False,6.555946350097656,False,144,0,144,double,2.1929836015903206,131.57901609541923,JUMPING,255.82221923828126,185.81953430175784
1706,68.24,0.8342667818069458,36.8908999953419,176.87600708007812,99.2210464477539,3.217839002609253,False,2.9695332050323486,True,144,0,144,double,2.1929836015903206,131.57901609541923,JUMPING,255.5985427856445,183.72648620605472
1707,68.28,0.8713657855987549,35.01310001593083,173.53041076660156,96.78629302978516,2.6459155082702637,False,5.670614242553711,True,144,0,144,double,2.1929836015903206,131.57901609541923,JUMPING,255.5985427856445,180.9416915893555
1708,68.32,0.874917209148407,36.02410000166856,171.35006713867188,94.6812973022461,2.240654945373535,False,8.036382675170898,True,144,0,144,double,2.1929836015903206,131.57901609541923,JUMPING,255.5985427856445,177.32138977050784
1709,68.36,0.8994709253311157,33.70659999200143,172.5233154296875,94.72069549560547,0.5452485084533691,False,7.210984706878662,True,144,0,144,double,2.1929836015903206,131.57901609541923,JUMPING,255.5985427856445,181.2385452270508
1710,68.4,0.864762008190155,35.05049998057075,173.25393676757812,96.01119995117188,1.43020761013031,False,7.364020347595215,True,144,0,144,double,2.1929836015903206,131.57901609541923,JUMPING,255.5985427856445,182.2703323364258
1711,68.44,0.8081661462783813,37.21249999944121,174.97303771972656,99.2239990234375,3.224557399749756,False,8.532002449035645,False,145,0,145,double,2.1551727526572564,129.31036515943538,JUMPING,255.5985427856445,181.18669738769532
1712,68.48,0.8396389484405518,44.2011000122875,178.01026916503906,103.01443481445312,3.794090986251831,False,9.167390823364258,False,145,0,145,double,2.1551727526572564,129.31036515943538,JUMPING,255.59973297119137,177.64052505493166
1713,68.52,0.5629250407218933,53.84570002206601,181.98556518554688,107.47695922851562,4.466000556945801,False,8.695138931274414,False,145,0,145,double,2.1551727526572564,129.31036515943538,JUMPING,255.9312219238281,173.93614044189454
1714,68.56,0.5631951093673706,45.50060001201928,186.18882751464844,110.19620513916016,2.732858657836914,False,8.211520195007324,False,145,0,145,double,2.1551727526572564,129.31036515943538,JUMPING,256.27808502197263,174.32297668457034
1715,68.6,0.584496796131134,39.557899988722056,188.91751098632812,111.3437271118164,1.1653929948806763,False,7.6099534034729,False,145,0,145,double,2.1551727526572564,129.31036515943538,JUMPING,256.6155334472656,176.30425567626955
1716,68.64,0.8523706197738647,49.870000017108396,184.33563232421875,106.95834350585938,4.387262344360352,False,7.367188930511475,False,145,0,145,double,2.1551727526572564,129.31036515943538,JUMPING,256.6155334472656,181.69084167480472
1717,68.68,0.8744893074035645,40.376099990680814,180.22430419921875,100.99624633789062,5.962769508361816,False,8.795502662658691,False,145,0,145,double,2.1551727526572564,129.31036515943538,JUMPING,256.6155334472656,182.29457778930666
1718,68.72,0.8805282711982727,44.94870000053197,177.547607421875,97.72125244140625,3.2752857208251953,False,8.910354614257812,True,145,0,145,double,2.1551727526572564,129.31036515943538,JUMPING,256.6155334472656,182.83207321166995
1719,68.76,0.8685770034790039,50.82900001434609,174.55108642578125,94.83856964111328,2.893624782562256,False,8.987167358398438,True,145,0,145,double,2.1551727526572564,129.31036515943538,JUMPING,256.6155334472656,179.88161392211916
1720,68.8,0.8975812196731567,58.20939998375252,172.0875244140625,95.49764251708984,1.1097888946533203,False,8.78662109375,True,145,0,145,double,2.1551727526572564,129.31036515943538,JUMPING,256.6155334472656,177.08408813476564
1721,68.84,0.8780773878097534,46.93460001726635,172.63485717773438,96.17508697509766,0.9767360687255859,False,7.9163289070129395,True,145,0,145,double,2.1551727526572564,129.31036515943538,JUMPING,256.6155334472656,179.5159851074219
1722,68.88,0.8815926909446716,47.39670001436025,172.87374877929688,96.94554901123047,0.9206741452217102,False,7.3296051025390625,True,145,0,145,double,2.1551727526572564,129.31036515943538,JUMPING,256.6155334472656,179.71816482543946
1723,68.92,0.7488921284675598,35.219999990658835,176.71621704101562,100.91912841796875,4.1061272621154785,False,7.515981197357178,False,146,0,146,double,2.1929836015903206,131.57901609541923,JUMPING,256.6155334472656,180.99735794067385
1724,68.96,0.7274597883224487,38.41479998663999,179.03904724121094,103.14253997802734,2.224092960357666,False,7.566115856170654,False,146,0,146,double,2.1929836015903206,131.57901609541923,JUMPING,256.6155334472656,179.78312988281252
1725,69.0,0.6178587675094604,36.60580000723712,184.57704162597656,109.09639739990234,5.9793267250061035,False,6.3322906494140625,False,146,0,146,double,2.1929836015903206,131.57901609541923,JUMPING,256.6440795898437,172.5955322265625
1726,69.04,0.7957676649093628,37.286900012986735,187.52627563476562,109.0396499633789,0.06284341216087341,False,5.554896354675293,False,146,0,146,double,2.1929836015903206,131.57901609541923,JUMPING,256.65189361572266,176.13098754882813
1727,69.08,0.8339868783950806,35.92140000546351,189.1490936279297,108.11151123046875,0.9311705827713013,False,5.309340953826904,False,146,0,146,double,2.1929836015903206,131.57901609541923,JUMPING,256.65189361572266,176.21110916137698
1728,69.12,0.8862993717193604,36.19530002470128,183.5606689453125,103.05286407470703,5.070230960845947,False,7.006361961364746,False,146,0,146,double,2.1929836015903206,131.57901609541923,JUMPING,256.6155334472656,183.38304672241213
1729,69.16,0.893284022808075,39.47119999793358,179.90625,100.14273834228516,2.9181690216064453,False,7.5945048332214355,False,146,0,146,double,2.1929836015903206,131.57901609541923,JUMPING,256.6155334472656,183.0862518310547
1730,69.2,0.9115877151489258,34.70910000032745,176.15472412109375,97.18832397460938,2.9605751037597656,False,8.237371444702148,False,146,0,146,double,2.1929836015903206,131.57901609541923,JUMPING,256.6155334472656,182.23735046386722
1731,69.24,0.8999308943748474,34.34189999825321,172.20135498046875,95.97168731689453,1.2242416143417358,False,8.936328887939453,True,146,0,146,double,2.1929836015903206,131.57901609541923,JUMPING,256.6155334472656,179.33714447021487
1732,69.28,0.9117539525032043,33.696800004690886,170.88858032226562,95.57408905029297,0.5344669222831726,False,8.766797065734863,True,146,0,146,double,2.1929836015903206,131.57901609541923,JUMPING,256.6155334472656,177.62387466430667
1733,69.32,0.8856930136680603,36.59970001899637,171.9124298095703,97.50332641601562,1.9477218389511108,False,8.51423168182373,True,146,0,146,double,2.1929836015903206,131.57901609541923,JUMPING,256.6155334472656,178.36380157470705
1734,69.36,0.8751320242881775,35.37210001377389,174.1343994140625,100.48651123046875,2.9882395267486572,False,8.976849555969238,True,146,0,146,double,2.1929836015903206,131.57901609541923,JUMPING,256.6155334472656,178.01913681030274
1735,69.4,0.600601077079773,34.550199983641505,178.56033325195312,104.72335052490234,4.238080024719238,False,8.432147979736328,False,147,0,147,double,2.1186435198655156,127.11861119193094,JUMPING,256.6155334472656,174.24519653320314
1736,69.44,0.839989185333252,35.03450000425801,183.09579467773438,108.8050308227539,4.081867694854736,False,7.977956771850586,False,147,0,147,double,2.1186435198655156,127.11861119193094,JUMPING,256.6155334472656,169.64968872070312
1737,69.48,0.36532044410705566,31.622299982700497,188.26266479492188,112.78441619873047,4.019351005554199,False,1.6122246980667114,False,147,0,147,double,2.1186435198655156,127.11861119193094,JUMPING,256.6108184814453,168.55892028808594
1738,69.52,0.7695465087890625,36.3175000238698,191.36573791503906,112.52139282226562,1.1552119255065918,False,4.803507328033447,False,147,0,147,double,2.1186435198655156,127.11861119193094,JUMPING,256.60392456054683,169.4479705810547
1739,69.56,0.8647334575653076,36.22190002351999,188.32945251464844,110.44561767578125,2.1548891067504883,False,5.800537109375,False,147,0,147,double,2.1186435198655156,127.11861119193094,JUMPING,256.50782897949216,176.7657752990723
1740,69.6,0.8609826564788818,33.99799999897368,184.92648315429688,107.7740707397461,2.8033814430236816,False,6.901793956756592,False,147,0,147,double,2.1186435198655156,127.11861119193094,JUMPING,256.25865081787106,175.94246215820314
1741,69.64,0.8487120866775513,36.2295999948401,179.849853515625,102.53515625,5.267731666564941,False,7.0803937911987305,True,147,0,147,double,2.1186435198655156,127.11861119193094,JUMPING,255.97716674804684,175.77936553955078
1742,69.68,0.9133337736129761,32.68319999915548,175.47799682617188,99.19342041015625,3.358027935028076,False,9.053893089294434,True,147,0,147,double,2.1186435198655156,127.11861119193094,JUMPING,255.97716674804684,174.11075134277345
1743,69.72,0.9145088791847229,37.16560002067126,173.13832092285156,97.4445571899414,1.7665036916732788,False,9.457148551940918,True,147,0,147,double,2.1186435198655156,127.11861119193094,JUMPING,255.97716674804684,174.0432014465332
1744,69.76,0.9172123074531555,36.70860000420362,172.02987670898438,96.91519165039062,0.5953329205513,False,9.012564659118652,True,147,0,147,double,2.1186435198655156,127.11861119193094,JUMPING,255.97716674804684,173.11079635620118
1745,69.8,0.9169127345085144,44.57410000031814,173.4163818359375,99.20075225830078,2.290632724761963,False,7.947751522064209,True,147,0,147,double,2.1186435198655156,127.11861119193094,JUMPING,255.97716674804684,176.75332946777345
1746,69.84,0.9037666916847229,35.729800001718104,176.15602111816406,102.50601196289062,3.3142917156219482,False,7.9113593101501465,False,148,0,148,double,2.1551727526572564,129.31036515943538,JUMPING,255.97716674804684,175.32719497680665
1747,69.88,0.7864532470703125,35.35429999465123,181.16705322265625,107.14950561523438,4.645612716674805,False,6.181553363800049,False,148,0,148,double,2.1551727526572564,129.31036515943538,JUMPING,255.97716674804684,170.6801498413086
1748,69.92,0.8003935217857361,35.882399999536574,186.12628173828125,111.9161148071289,4.766656875610352,False,6.256134986877441,False,148,0,148,double,2.1551727526572564,129.31036515943538,JUMPING,255.97716674804684,165.89204635620118
1749,69.96,0.8526772260665894,33.554699999513105,192.30145263671875,114.03766632080078,2.127298593521118,False,6.188298225402832,False,148,0,148,double,2.1551727526572564,129.31036515943538,JUMPING,256.03441925048827,168.34607391357423
1750,70.0,0.871793806552887,46.67010001139715,195.8727264404297,114.8238754272461,0.7865239977836609,False,6.240316390991211,False,148,0,148,double,2.1551727526572564,129.31036515943538,JUMPING,255.79470428466794,167.94194107055665
1751,70.04,0.8665616512298584,37.88279998116195,191.98782348632812,109.76570892333984,5.058845043182373,False,5.383376598358154,False,148,0,148,double,2.1551727526572564,129.31036515943538,JUMPING,255.5861340332031,177.05280151367188
1752,70.08,0.9046359658241272,37.87279999232851,188.22927856445312,106.55411529541016,3.211777687072754,False,6.887742519378662,False,148,0,148,double,2.1551727526572564,129.31036515943538,JUMPING,255.5198956298828,173.0912925720215
1753,70.12,0.836581289768219,36.345800006529316,183.5487518310547,105.21453857421875,1.3818366527557373,False,0.9707710146903992,True,148,0,148,double,2.1551727526572564,129.31036515943538,JUMPING,255.51559265136717,171.92351608276368
1754,70.16,0.8395904302597046,34.9675000179559,180.38507080078125,105.15128326416016,0.1259135752916336,False,3.8487050533294678,True,148,0,148,double,2.1551727526572564,129.31036515943538,JUMPING,255.51559265136717,172.69386520385743
1755,70.2,0.9068692922592163,37.26240000105463,177.56591796875,103.7188949584961,1.433915138244629,False,3.1746268272399902,True,148,0,148,double,2.1551727526572564,129.31036515943538,JUMPING,255.51559265136717,170.48111724853516
1756,70.24,0.9008575081825256,38.60010000062175,175.6404571533203,103.29952239990234,0.9301037788391113,False,6.20874547958374,True,148,0,148,double,2.1551727526572564,129.31036515943538,JUMPING,255.51559265136717,171.4036361694336
1757,70.28,0.9115477800369263,44.1444999887608,174.7269287109375,102.64336395263672,0.7604957222938538,False,7.320760250091553,True,148,0,148,double,2.1551727526572564,129.31036515943538,JUMPING,255.51559265136717,171.57418518066407
1758,70.32,0.8745454549789429,41.88979999162257,174.99298095703125,104.2754135131836,1.7780747413635254,False,8.370453834533691,True,148,0,148,double,2.1551727526572564,129.31036515943538,JUMPING,255.51559265136717,172.18022918701172
1759,70.36,0.8206907510757446,48.17120000370778,179.10694885253906,108.3116226196289,4.156577110290527,False,2.394566297531128,False,149,0,149,double,2.083331957046438,124.99991742278627,JUMPING,255.51559265136717,167.57950134277345
1760,70.4,0.839447021484375,57.45560000650585,183.9622802734375,112.63912200927734,4.349875450134277,False,2.241715669631958,False,149,0,149,double,2.083331957046438,124.99991742278627,JUMPING,255.51559265136717,166.4914520263672
1761,70.44,0.8588670492172241,60.8924999833107,187.08883666992188,114.89392852783203,2.261493444442749,False,4.524037837982178,False,149,0,149,double,2.083331957046438,124.99991742278627,JUMPING,255.38675964355468,166.13324203491212
1762,70.48,0.8590483665466309,46.30330001236871,188.60426330566406,114.6811752319336,0.2197800725698471,False,4.3417887687683105,False,149,0,149,double,2.083331957046438,124.99991742278627,JUMPING,255.07999999999998,167.22457275390627
1763,70.52,0.8872764110565186,52.96440000529401,186.95188903808594,109.91034698486328,4.770974636077881,False,5.805471420288086,False,149,0,149,double,2.083331957046438,124.99991742278627,JUMPING,254.96179626464843,173.73622665405276
1764,70.56,0.8936695456504822,43.78910001832992,184.82333374023438,107.5177230834961,2.423689603805542,False,6.937538146972656,True,149,0,149,double,2.083331957046438,124.99991742278627,JUMPING,254.78174102783203,172.38082275390627
1765,70.6,0.892612636089325,35.64899999764748,183.156005859375,106.14846801757812,1.40855872631073,False,7.153928279876709,True,149,0,149,double,2.083331957046438,124.99991742278627,JUMPING,254.76729858398437,172.4927932739258
1766,70.64,0.8958410620689392,35.29510000953451,180.07440185546875,104.34296417236328,1.8093286752700806,False,7.488959312438965,True,149,0,149,double,2.083331957046438,124.99991742278627,JUMPING,254.76729858398437,169.068620300293
1767,70.68,0.8893186450004578,34.90339999552816,177.20965576171875,104.06805419921875,0.5188944935798645,False,7.9650750160217285,True,149,0,149,double,2.083331957046438,124.99991742278627,JUMPING,254.76729858398437,169.1482131958008
1768,70.72,0.9002422094345093,36.04350000387058,176.25648498535156,103.15180206298828,0.930643618106842,False,6.497838973999023,True,149,0,149,double,2.083331957046438,124.99991742278627,JUMPING,254.76729858398437,169.51239013671875
1769,70.76,0.877127468585968,34.38779999851249,178.36886596679688,104.27725219726562,1.1401318311691284,False,6.762799263000488,True,149,0,149,double,2.083331957046438,124.99991742278627,JUMPING,254.76729858398437,173.65726318359376
1770,70.8,0.8687074184417725,36.64919998846017,179.68312072753906,105.4206771850586,1.1792235374450684,False,7.387462139129639,False,150,0,150,double,2.1186435198655156,127.11861119193094,JUMPING,254.76729858398437,172.44709701538088
1771,70.84,0.7356677651405334,36.89799999119714,181.713134765625,108.7484359741211,3.3980772495269775,False,7.397545337677002,False,150,0,150,double,2.1186435198655156,127.11861119193094,JUMPING,254.76729858398437,169.9985076904297
1772,70.88,0.7664490342140198,34.208199998829514,185.31326293945312,112.53382110595703,3.810612440109253,False,6.261293411254883,False,150,0,150,double,2.1186435198655156,127.11861119193094,JUMPING,254.76729858398437,167.23321685791018
1773,70.92,0.84434974193573,39.435199985746294,187.81321716308594,115.0589370727539,2.555598497390747,False,5.255398273468018,False,150,0,150,double,2.1186435198655156,127.11861119193094,JUMPING,254.64561248779296,167.15254135131838
1774,70.96,0.847070038318634,38.199500006157905,186.7928466796875,113.58734130859375,1.4942923784255981,False,5.655375003814697,False,150,0,150,double,2.1186435198655156,127.11861119193094,JUMPING,254.38447113037108,173.26780853271487
1775,71.0,0.903886079788208,37.35689999302849,183.45542907714844,108.81478881835938,4.77315616607666,False,7.133832931518555,False,150,0,150,double,2.1186435198655156,127.11861119193094,JUMPING,253.81977600097653,173.36455535888672
1776,71.04,0.885715901851654,34.54839999903925,180.982177734375,105.9319839477539,2.9070889949798584,False,7.698034763336182,False,150,0,150,double,2.1186435198655156,127.11861119193094,JUMPING,253.44148437499996,172.9936981201172
1777,71.08,0.7810194492340088,39.565400016726926,179.10205078125,105.06549072265625,0.8928705453872681,False,6.789035797119141,True,150,0,150,double,2.1186435198655156,127.11861119193094,JUMPING,253.44148437499996,180.00611419677736
1778,71.12,0.8847602009773254,36.832099984167144,175.72866821289062,103.69680786132812,1.4202790260314941,False,7.204801082611084,True,150,0,150,double,2.1186435198655156,127.11861119193094,JUMPING,253.44148437499996,172.15265197753908
1779,71.16,0.8954802751541138,37.675100000342354,174.2332000732422,102.05213165283203,1.8061866760253906,False,7.240122318267822,True,150,0,150,double,2.1186435198655156,127.11861119193094,JUMPING,253.44148437499996,172.28969879150392
1780,71.2,0.8892518281936646,54.87379999249242,174.13412475585938,103.69342041015625,1.6502500772476196,False,8.129733085632324,True,150,0,150,double,2.1186435198655156,127.11861119193094,JUMPING,253.44148437499996,172.6644584655762
1781,71.24,0.8741071820259094,34.04999998747371,175.790283203125,105.1294174194336,1.4401378631591797,False,8.573199272155762,False,151,0,151,double,2.1551727526572564,129.31036515943538,JUMPING,253.44148437499996,178.80901489257815
1782,71.28,0.8534637689590454,38.61660000984557,178.99383544921875,108.98663330078125,3.91849422454834,False,8.61221694946289,False,151,0,151,double,2.1551727526572564,129.31036515943538,JUMPING,253.5267236328125,175.74501571655276
1783,71.32,0.7915747761726379,37.0182000042405,182.6848907470703,112.30756378173828,3.3226590156555176,False,9.333757400512695,False,151,0,151,double,2.1551727526572564,129.31036515943538,JUMPING,253.89122833251952,170.34160308837892
1784,71.36,0.7804033756256104,45.677100017201155,187.18716430664062,114.99880981445312,2.720710039138794,False,6.651867389678955,False,151,0,151,double,2.1551727526572564,129.31036515943538,JUMPING,254.4938818359375,169.81840820312502
1785,71.4,0.7225879430770874,41.39169998234138,190.21075439453125,116.1279296875,1.3092089891433716,False,5.579505920410156,False,151,0,151,double,2.1551727526572564,129.31036515943538,JUMPING,254.6876788330078,168.52857360839846
1786,71.44,0.826907217502594,42.44910000124946,188.03189086914062,112.02802276611328,4.100200653076172,False,6.320769309997559,False,151,0,151,double,2.1551727526572564,129.31036515943538,JUMPING,254.39077484130857,176.97065734863284
1787,71.48,0.8200118541717529,38.910500006750226,185.175537109375,110.34442138671875,1.6856791973114014,False,2.8973004817962646,False,151,0,151,double,2.1551727526572564,129.31036515943538,JUMPING,254.22669494628906,172.9876892089844
1788,71.52,0.8252789974212646,36.461500014411286,180.61029052734375,106.39579772949219,4.09124755859375,False,5.591141223907471,True,151,0,151,double,2.1551727526572564,129.31036515943538,JUMPING,253.86872955322264,172.50592727661135
1789,71.56,0.8670284152030945,35.85360001306981,177.9711456298828,103.95470428466797,2.738677740097046,False,3.1240577697753906,True,151,0,151,double,2.1551727526572564,129.31036515943538,JUMPING,253.86872955322264,174.31323318481446
1790,71.6,0.8574100732803345,36.8284999858588,176.16009521484375,100.87521362304688,3.1715891361236572,False,6.706384181976318,True,151,0,151,double,2.1551727526572564,129.31036515943538,JUMPING,253.86872955322264,173.3618362426758
1791,71.64,0.8887744545936584,36.728400009451434,174.53311157226562,100.13082885742188,1.1978628635406494,False,8.61616325378418,True,151,0,151,double,2.1551727526572564,129.31036515943538,JUMPING,253.86872955322264,173.1948959350586
1792,71.68,0.8489755988121033,36.01750000962056,175.09979248046875,100.73790740966797,0.7519733309745789,False,8.620527267456055,True,151,0,151,double,2.1551727526572564,129.31036515943538,JUMPING,253.86872955322264,177.57698669433594
1793,71.72,0.7838463187217712,35.87160000461154,179.02606201171875,104.25122833251953,3.5638768672943115,False,8.587727546691895,False,152,0,152,double,2.1551727526572564,129.31036515943538,JUMPING,254.0186004638672,175.7579315185547
1794,71.76,0.8041571378707886,36.17740000481717,181.96511840820312,106.48238372802734,2.2589786052703857,False,8.42731761932373,False,152,0,152,double,2.1551727526572564,129.31036515943538,JUMPING,254.35702667236328,175.51920318603516
1795,71.8,0.8069419264793396,32.99939999124035,187.20123291015625,111.46233367919922,4.981703758239746,False,8.598323822021484,False,152,0,152,double,2.1551727526572564,129.31036515943538,JUMPING,254.7507473754883,168.3371780395508
1796,71.84,0.8654763102531433,42.78180000255816,188.8416290283203,111.59982299804688,0.21880440413951874,False,6.587170124053955,False,152,0,152,double,2.1551727526572564,129.31036515943538,JUMPING,254.76513031005857,171.09488220214845
1797,71.88,0.8463495373725891,34.131000022171065,189.73818969726562,111.382568359375,0.588902473449707,False,5.43415641784668,False,152,0,152,double,2.1551727526572564,129.31036515943538,JUMPING,254.8055142211914,170.76820220947266
1798,71.92,0.8290727734565735,37.67079999670386,187.71664428710938,108.70758819580078,2.6836907863616943,False,6.226647853851318,False,152,0,152,double,2.1551727526572564,129.31036515943538,JUMPING,254.83831756591798,175.5807861328125
1799,71.96,0.8336734771728516,34.2780000064522,182.3050537109375,104.3050537109375,4.407537937164307,False,6.776519775390625,False,152,0,152,double,2.1551727526572564,129.31036515943538,JUMPING,254.83831756591798,177.36887359619143
1800,72.0,0.8730440139770508,50.03679997753352,177.99874877929688,101.73554229736328,2.7122323513031006,False,7.533110618591309,False,152,0,152,double,2.1551727526572564,129.31036515943538,JUMPING,254.83831756591798,178.3829528808594
1801,72.04,0.8598790168762207,58.316800015745685,173.91812133789062,98.54547882080078,3.236382007598877,False,8.097654342651367,True,152,0,152,double,2.1551727526572564,129.31036515943538,JUMPING,254.83831756591798,174.08099212646485
1802,72.08,0.8403467535972595,52.62669999501668,171.32278442382812,96.9218978881836,1.6610593795776367,False,8.335345268249512,True,152,0,152,double,2.1551727526572564,129.31036515943538,JUMPING,254.83831756591798,174.34885864257814
1803,72.12,0.8151411414146423,57.130000001052395,170.960693359375,97.83775329589844,1.2909172773361206,False,4.140056610107422,True,152,0,152,double,2.1551727526572564,129.31036515943538,JUMPING,254.83831756591798,174.96358032226564
1804,72.16,0.8286734819412231,50.304100004723296,174.35772705078125,100.67855834960938,3.3585896492004395,False,5.8314433097839355,False,153,0,153,double,2.155165554585413,129.30993327512476,JUMPING,254.83831756591798,178.10555267333987
1805,72.2,0.5865281820297241,49.413700005970895,178.60238647460938,105.3160171508789,4.640483856201172,False,2.6068921089172363,False,153,0,153,double,2.155165554585413,129.30993327512476,JUMPING,254.90224884033202,173.6182388305664
1806,72.24,0.4942432641983032,44.67740000109188,181.44923400878906,107.81786346435547,2.5060811042785645,False,1.007961392402649,False,153,0,153,double,2.155165554585413,129.30993327512476,JUMPING,255.0975491333008,173.5015350341797
1807,72.28,0.620452880859375,40.66949998377822,186.17391967773438,110.3746337890625,2.5889949798583984,False,4.050833702087402,False,153,0,153,double,2.155165554585413,129.30993327512476,JUMPING,255.31162994384766,170.1495948791504
1808,72.32,0.5019886493682861,43.13740000361577,189.639892578125,113.35675048828125,3.0024211406707764,False,2.065659523010254,False,153,0,153,double,2.155165554585413,129.30993327512476,JUMPING,255.47053222656248,171.21427993774415
1809,72.36,0.8091425895690918,40.98670001258142,185.70289611816406,108.8213119506836,4.633447170257568,False,5.7282023429870605,False,153,0,153,double,2.155165554585413,129.30993327512476,JUMPING,255.5615283203125,179.18156738281252
1810,72.4,0.7979030609130859,38.58689998742193,181.15121459960938,104.978759765625,3.8930211067199707,False,6.09196662902832,False,153,0,153,double,2.155165554585413,129.30993327512476,JUMPING,255.5615283203125,179.08351974487306
1811,72.44,0.7752487659454346,38.93049998441711,176.44869995117188,100.89261627197266,4.0958333015441895,False,2.4954702854156494,True,153,0,153,double,2.155165554585413,129.30993327512476,JUMPING,255.5615283203125,178.77099761962893
1812,72.48,0.8516566753387451,38.75710000284016,174.25631713867188,98.3841323852539,2.5110368728637695,False,5.905152320861816,True,153,0,153,double,2.155165554585413,129.30993327512476,JUMPING,255.5615283203125,177.42928161621094
1813,72.52,0.8670697212219238,36.99870000127703,172.80694580078125,96.9968032836914,1.390722393989563,False,7.01033878326416,True,153,0,153,double,2.155165554585413,129.30993327512476,JUMPING,255.5615283203125,176.0798782348633
1814,72.56,0.8882414102554321,39.2213000159245,172.9940643310547,97.2248306274414,0.22862204909324646,False,6.955557346343994,True,153,0,153,double,2.155165554585413,129.30993327512476,JUMPING,255.5615283203125,176.85792312622073
1815,72.6,0.8700695037841797,35.987600014777854,173.53036499023438,99.7564926147461,2.551085948944092,False,6.556107521057129,True,153,0,153,double,2.155165554585413,129.30993327512476,JUMPING,255.5615283203125,176.90173110961916
1816,72.64,0.5532544851303101,36.07170001487248,176.98260498046875,103.5835189819336,3.835303544998169,False,6.576535224914551,False,154,0,154,double,2.1929836015903206,131.57901609541923,JUMPING,255.5615283203125,176.83450012207032
1817,72.68,0.8235834836959839,37.303099990822375,181.78509521484375,109.7977523803711,6.214252471923828,False,4.905691146850586,False,154,0,154,double,2.1929836015903206,131.57901609541923,JUMPING,255.66734954833984,171.39558792114258
1818,72.72,0.796369194984436,35.35010002087802,184.768310546875,113.7008056640625,3.923988103866577,False,4.384785175323486,False,154,0,154,double,2.1929836015903206,131.57901609541923,JUMPING,255.72001525878903,171.27301788330078
1819,72.76,0.6590000987052917,35.42939998442307,187.87330627441406,116.5156021118164,2.841902017593384,False,4.8470587730407715,False,154,0,154,double,2.1929836015903206,131.57901609541923,JUMPING,255.77384368896483,170.5159538269043
1820,72.8,0.7680140733718872,37.119600019650534,189.138427734375,115.43072509765625,1.2084271907806396,False,4.215692043304443,False,154,0,154,double,2.1929836015903206,131.57901609541923,JUMPING,255.72001525878903,174.0898880004883
1821,72.84,0.8587832450866699,34.18749998672865,185.9010467529297,109.78907012939453,5.641806602478027,False,4.609730243682861,False,154,0,154,double,2.1929836015903206,131.57901609541923,JUMPING,255.69368927001952,182.51220779418946
1822,72.88,0.8863924741744995,34.55989999929443,182.1148681640625,104.4140396118164,5.437772750854492,False,4.609708786010742,False,154,0,154,double,2.1929836015903206,131.57901609541923,JUMPING,255.58786804199218,178.7916847229004
1823,72.92,0.898935079574585,35.75380000984296,179.54788208007812,101.5518798828125,2.9037630558013916,False,3.7640938758850098,True,154,0,154,double,2.1929836015903206,131.57901609541923,JUMPING,255.58786804199218,178.3688705444336
1824,72.96,0.8902184963226318,35.68790000281297,177.27908325195312,100.12506866455078,1.6336113214492798,False,6.851688385009766,True,154,0,154,double,2.1929836015903206,131.57901609541923,JUMPING,255.58786804199218,171.72860412597657
