frame_idx,timestamp,hip_y,head_y,head_move_px,head_drop_event,ankle_distance,is_airborne,jump_count,single_count,double_count,jump_type,freq_hz,spm,state
0,0.0,182.67333984375,111.47421264648438,0.0,False,17.531475067138672,False,0,0,0,unknown,0.0,0.0,IDLE
1,0.04,182.41738891601562,111.29785919189453,0.3229164183139801,False,17.855941772460938,False,0,0,0,unknown,0.0,0.0,IDLE
2,0.08,182.40237426757812,111.45821380615234,0.506217360496521,False,18.138547897338867,False,0,0,0,unknown,0.0,0.0,IDLE
3,0.12,182.50582885742188,111.36843872070312,0.18797671794891357,False,17.8385009765625,False,0,0,0,unknown,0.0,0.0,IDLE
4,0.16,182.6773681640625,111.43305206298828,0.11096890270709991,False,17.570110321044922,False,0,0,0,double,0.0,0.0,IDLE
5,0.2,182.61056518554688,111.4192123413086,0.15764449536800385,False,17.820932388305664,False,0,0,0,double,0.0,0.0,IDLE
6,0.24,182.56002807617188,111.49500274658203,0.08134129643440247,False,17.921403884887695,False,0,0,0,double,0.0,0.0,IDLE
7,0.28,182.55471801757812,111.3075180053711,0.19060228765010834,False,17.96381187438965,False,0,0,0,double,0.0,0.0,IDLE
8,0.32,182.82228088378906,111.66219329833984,0.36731868982315063,False,17.85148811340332,False,0,0,0,double,0.0,0.0,IDLE
9,0.36,182.73440551757812,111.64342498779297,0.05343073979020119,False,17.465824127197266,False,0,0,0,double,0.0,0.0,IDLE
10,0.4,182.7493896484375,111.6048812866211,0.04381496086716652,False,17.328025817871094,False,0,0,0,double,0.0,0.0,IDLE
11,0.44,182.87252807617188,111.73336791992188,0.20114128291606903,False,17.42544937133789,False,0,0,0,double,0.0,0.0,IDLE
12,0.48,183.01858520507812,111.85639190673828,0.14057782292366028,False,17.5007381439209,False,0,0,0,double,0.0,0.0,IDLE
13,0.52,182.81483459472656,112.15618133544922,0.3311038911342621,False,17.317733764648438,False,0,0,0,double,0.0,0.0,IDLE
14,0.56,182.3270263671875,112.30191802978516,0.1634155958890915,False,17.211772918701172,False,0,0,0,double,0.0,0.0,IDLE
15,0.6,182.16946411132812,112.42755126953125,0.13479940593242645,False,17.641414642333984,False,0,0,0,double,0.0,0.0,IDLE
16,0.64,183.10035705566406,112.17144012451172,0.397754967212677,False,17.421098709106445,False,0,0,0,double,0.0,0.0,IDLE
17,0.68,182.70468139648438,112.02986907958984,0.20791840553283691,False,17.20154571533203,False,0,0,0,double,0.0,0.0,IDLE
18,0.72,182.84310913085938,111.81612396240234,0.22162069380283356,False,17.55393409729004,False,0,0,0,double,0.0,0.0,IDLE
19,0.76,182.76321411132812,111.5157470703125,0.3294956684112549,False,17.609663009643555,False,0,0,0,double,0.0,0.0,IDLE
20,0.8,182.78958129882812,110.5386962890625,0.9780130386352539,False,17.949569702148438,False,0,0,0,double,0.0,0.0,IDLE
21,0.84,182.28741455078125,109.35726165771484,1.182084560394287,False,18.0555362701416,False,0,0,0,double,0.0,0.0,IDLE
22,0.88,181.40237426757812,108.04861450195312,1.319810390472412,False,18.256019592285156,False,0,0,0,double,0.0,0.0,IDLE
23,0.92,180.72323608398438,106.85137176513672,1.2176191806793213,False,17.953989028930664,False,0,0,0,double,0.0,0.0,IDLE
24,0.96,180.517822265625,106.12030029296875,0.8108136653900146,False,17.90264320373535,False,0,0,0,double,0.0,0.0,IDLE
25,1.0,179.36465454101562,105.65689849853516,0.4691506028175354,False,17.800443649291992,False,0,0,0,double,0.0,0.0,IDLE
26,1.04,178.64678955078125,105.06603240966797,0.7372823357582092,False,17.982364654541016,False,0,0,0,double,0.0,0.0,IDLE
27,1.08,178.0984344482422,104.49724578857422,0.6326143741607666,False,18.498241424560547,False,0,0,0,double,0.0,0.0,IDLE
28,1.12,176.894287109375,103.7864761352539,0.7174688577651978,False,19.021839141845703,False,0,0,0,double,0.0,0.0,IDLE
29,1.16,176.30148315429688,103.6103286743164,0.21082258224487305,False,19.610462188720703,False,0,0,0,double,0.0,0.0,IDLE
30,1.2,176.60501098632812,104.10070037841797,0.5324206948280334,False,19.577468872070312,False,0,0,0,double,0.0,0.0,IDLE
31,1.24,177.88485717773438,105.6876220703125,1.608060359954834,False,19.415491104125977,False,0,0,0,double,0.0,0.0,IDLE
32,1.28,181.41558837890625,108.27291107177734,2.604004144668579,False,19.20682144165039,False,0,0,0,double,0.0,0.0,IDLE
33,1.32,185.0718994140625,111.56197357177734,3.293788194656372,False,18.198745727539062,False,0,0,0,double,0.0,0.0,IDLE
34,1.36,189.17971801757812,114.00138092041016,2.4454634189605713,False,16.3563175201416,False,0,0,0,double,0.0,0.0,IDLE
35,1.4,190.60308837890625,114.69225311279297,0.697100818157196,False,15.58808708190918,False,0,0,0,double,0.0,0.0,IDLE
36,1.44,187.6075439453125,112.06558990478516,2.6286802291870117,False,15.757895469665527,False,0,0,0,double,0.0,0.0,IDLE
37,1.48,182.6397247314453,106.7707290649414,5.301080226898193,False,17.177669525146484,False,0,0,0,double,0.0,0.0,IDLE
38,1.52,176.94863891601562,101.8853988647461,4.885721206665039,False,17.501867294311523,True,0,0,0,double,0.0,0.0,IDLE
39,1.56,170.09950256347656,97.25699615478516,4.632474899291992,False,17.11503028869629,True,0,0,0,double,0.0,0.0,IDLE
40,1.6,165.47598266601562,93.9196548461914,3.3374602794647217,False,15.30395221710205,True,0,0,0,double,0.0,0.0,IDLE
41,1.64,163.04693603515625,91.70382690429688,2.2553491592407227,False,12.761446952819824,True,0,0,0,double,0.0,0.0,IDLE
42,1.68,162.24502563476562,90.7026596069336,1.0203486680984497,False,11.248619079589844,True,0,0,0,double,0.0,0.0,IDLE
43,1.72,162.6634521484375,91.0455551147461,0.49814844131469727,False,10.547430038452148,True,0,0,0,double,0.0,0.0,IDLE
44,1.76,164.57765197753906,92.9242172241211,1.9259439706802368,False,9.222644805908203,True,0,0,0,double,0.0,0.0,IDLE
45,1.8,168.2944793701172,95.7390365600586,2.8207786083221436,False,8.478219032287598,True,0,0,0,double,0.0,0.0,IDLE
46,1.84,174.20697021484375,100.1487808227539,4.4308600425720215,False,8.810965538024902,True,0,0,0,double,0.0,0.0,IDLE
47,1.88,181.55621337890625,107.4557113647461,7.314910411834717,False,9.424090385437012,False,1,0,1,double,0.0,0.0,JUMPING
48,1.92,184.82032775878906,110.70560455322266,3.254565715789795,False,8.337603569030762,False,1,0,1,double,0.0,0.0,JUMPING
49,1.96,185.94424438476562,112.07535552978516,1.3708584308624268,False,7.40761661529541,False,1,0,1,double,0.0,0.0,JUMPING
50,2.0,183.64064025878906,109.14905548095703,2.9326395988464355,False,7.878780841827393,False,1,0,1,double,0.0,0.0,JUMPING
51,2.04,178.41818237304688,104.48735809326172,4.66225528717041,False,9.075822830200195,False,1,0,1,double,0.0,0.0,JUMPING
52,2.08,172.60342407226562,99.84475708007812,4.6426191329956055,False,8.864118576049805,True,1,0,1,double,0.0,0.0,JUMPING
53,2.12,167.97938537597656,95.0676040649414,4.777257442474365,False,8.519296646118164,True,1,0,1,double,0.0,0.0,JUMPING
54,2.16,166.0338134765625,92.30841064453125,2.7593178749084473,False,8.304559707641602,True,1,0,1,double,0.0,0.0,JUMPING
55,2.2,165.04098510742188,91.62569427490234,0.7116717100143433,False,7.274174213409424,True,1,0,1,double,0.0,0.0,JUMPING
56,2.24,165.90391540527344,93.1252670288086,1.4996278285980225,False,6.33912467956543,True,1,0,1,double,0.0,0.0,JUMPING
57,2.28,166.8113555908203,94.38121795654297,1.2604845762252808,False,6.05938720703125,True,1,0,1,double,0.0,0.0,JUMPING
58,2.32,168.69232177734375,96.88980865478516,2.5102763175964355,False,6.726715564727783,True,1,0,1,double,0.0,0.0,JUMPING
59,2.36,172.01495361328125,100.94064331054688,4.053048133850098,False,7.538666725158691,True,1,0,1,double,0.0,0.0,JUMPING
60,2.4,177.23236083984375,105.97113037109375,5.050028324127197,False,8.067878723144531,True,1,0,1,double,0.0,0.0,JUMPING
61,2.44,182.50332641601562,110.1170654296875,4.170961856842041,False,8.320812225341797,False,2,0,2,double,1.7857140880458429,107.14284528275057,JUMPING
62,2.48,185.13961791992188,111.765380859375,1.6484261751174927,False,7.569657802581787,False,2,0,2,double,1.7857140880458429,107.14284528275057,JUMPING
63,2.52,180.45333862304688,106.86627960205078,4.9107747077941895,False,6.181554794311523,True,2,0,2,double,1.7857140880458429,107.14284528275057,JUMPING
64,2.56,175.76885986328125,102.2142105102539,4.65714693069458,False,6.251657009124756,True,2,0,2,double,1.7857140880458429,107.14284528275057,JUMPING
65,2.6,172.74285888671875,99.4516372680664,2.763960599899292,False,6.718406677246094,True,2,0,2,double,1.7857140880458429,107.14284528275057,JUMPING
66,2.64,168.07745361328125,96.56329345703125,2.8950672149658203,False,6.7297844886779785,True,2,0,2,double,1.7857140880458429,107.14284528275057,JUMPING
67,2.68,165.02740478515625,94.83032989501953,1.7738429307937622,False,7.053715705871582,True,2,0,2,double,1.7857140880458429,107.14284528275057,JUMPING
68,2.72,164.11837768554688,94.30767059326172,0.8529933094978333,False,7.979437828063965,True,2,0,2,double,1.7857140880458429,107.14284528275057,JUMPING
69,2.76,164.8777313232422,95.0680160522461,1.1579475402832031,False,8.264778137207031,True,2,0,2,double,1.7857140880458429,107.14284528275057,JUMPING
70,2.8,166.44174194335938,96.87450408935547,1.9074689149856567,False,8.409756660461426,True,2,0,2,double,1.7857140880458429,107.14284528275057,JUMPING
71,2.84,169.65777587890625,100.04375457763672,3.1769492626190186,False,7.652334213256836,True,2,0,2,double,1.7857140880458429,107.14284528275057,JUMPING
72,2.88,178.08456420898438,106.1756820678711,6.149810791015625,False,7.6581549644470215,True,2,0,2,double,1.7857140880458429,107.14284528275057,JUMPING
73,2.92,182.71084594726562,109.73474884033203,3.5664918422698975,False,7.987452030181885,False,3,0,3,double,1.9230767731835974,115.38460639101584,JUMPING
74,2.96,184.96823120117188,111.40314483642578,1.6748549938201904,False,8.215283393859863,False,3,0,3,double,1.9230767731835974,115.38460639101584,JUMPING
75,3.0,184.38816833496094,111.40303802490234,1.1460494995117188,False,5.659542560577393,False,3,0,3,double,1.9230767731835974,115.38460639101584,JUMPING
76,3.04,180.0128173828125,107.23064422607422,4.1746907234191895,False,5.108421325683594,False,3,0,3,double,1.9230767731835974,115.38460639101584,JUMPING
77,3.08,175.58609008789062,102.69491577148438,4.538881301879883,False,5.491122245788574,True,3,0,3,double,1.9230767731835974,115.38460639101584,JUMPING
78,3.12,171.62692260742188,98.63540649414062,4.060225963592529,False,6.07135009765625,True,3,0,3,double,1.9230767731835974,115.38460639101584,JUMPING
79,3.16,169.2288818359375,96.3014144897461,2.3342058658599854,False,6.971950531005859,True,3,0,3,double,1.9230767731835974,115.38460639101584,JUMPING
80,3.2,169.0729217529297,95.86614990234375,0.44078853726387024,False,7.746428489685059,True,3,0,3,double,1.9230767731835974,115.38460639101584,JUMPING
81,3.24,169.83367919921875,97.33484649658203,1.4807562828063965,False,7.646749973297119,True,3,0,3,double,1.9230767731835974,115.38460639101584,JUMPING
82,3.28,172.50473022460938,100.60192108154297,3.267085552215576,False,7.41796875,True,3,0,3,double,1.9230767731835974,115.38460639101584,JUMPING
83,3.32,174.50950622558594,102.55108642578125,1.9560539722442627,False,6.529757499694824,True,3,0,3,double,1.9230767731835974,115.38460639101584,JUMPING
84,3.36,178.17431640625,106.05646514892578,3.5055112838745117,False,7.164662837982178,True,3,0,3,double,1.9230767731835974,115.38460639101584,JUMPING
85,3.4,181.94937133789062,110.01705169677734,3.960914134979248,False,7.344676494598389,False,4,0,4,double,1.973684003107127,118.42104018642762,JUMPING
86,3.44,181.71026611328125,109.62265014648438,0.3997794985771179,False,6.917520523071289,False,4,0,4,double,1.973684003107127,118.42104018642762,JUMPING
87,3.48,177.885986328125,105.54779052734375,4.074864387512207,False,5.951263904571533,False,4,0,4,double,1.973684003107127,118.42104018642762,JUMPING
88,3.52,173.15634155273438,101.41471099853516,4.143133640289307,False,6.253227710723877,True,4,0,4,double,1.973684003107127,118.42104018642762,JUMPING
89,3.56,169.19085693359375,97.0736083984375,4.341856479644775,False,5.424057960510254,True,4,0,4,double,1.973684003107127,118.42104018642762,JUMPING
90,3.6,166.96937561035156,95.03731536865234,2.0391266345977783,False,5.267005920410156,True,4,0,4,double,1.973684003107127,118.42104018642762,JUMPING
91,3.64,165.49749755859375,93.14586639404297,1.9041565656661987,False,6.541784286499023,True,4,0,4,double,1.973684003107127,118.42104018642762,JUMPING
92,3.68,164.23361206054688,92.31082153320312,0.846978485584259,False,6.862368583679199,True,4,0,4,double,1.973684003107127,118.42104018642762,JUMPING
93,3.72,164.70401000976562,92.81903839111328,0.5613041520118713,False,7.029209613800049,True,4,0,4,double,1.973684003107127,118.42104018642762,JUMPING
94,3.76,165.60337829589844,94.44415283203125,1.6446629762649536,False,7.432231903076172,True,4,0,4,double,1.973684003107127,118.42104018642762,JUMPING
95,3.8,171.87261962890625,99.42315673828125,4.979215145111084,False,8.351548194885254,True,4,0,4,double,1.973684003107127,118.42104018642762,JUMPING
96,3.84,175.70510864257812,102.55281829833984,3.130276679992676,False,8.912199020385742,False,5,0,5,double,2.0408164109353604,122.44898465612162,JUMPING
97,3.88,182.16513061523438,107.22003936767578,4.668842792510986,False,8.797224044799805,False,5,0,5,double,2.0408164109353604,122.44898465612162,JUMPING
98,3.92,183.79052734375,107.72455596923828,0.5170596241950989,False,6.945940971374512,False,5,0,5,double,2.0408164109353604,122.44898465612162,JUMPING
99,3.96,181.05825805664062,104.77910614013672,2.945465087890625,False,5.661828994750977,False,5,0,5,double,2.0408164109353604,122.44898465612162,JUMPING
100,4.0,177.51162719726562,100.9798355102539,3.7993156909942627,False,4.668826103210449,True,5,0,5,double,2.0408164109353604,122.44898465612162,JUMPING
101,4.04,172.4221649169922,97.6674575805664,3.3197672367095947,False,5.112255096435547,True,5,0,5,double,2.0408164109353604,122.44898465612162,JUMPING
102,4.08,169.7568359375,95.94127655029297,1.7262839078903198,False,5.501498699188232,True,5,0,5,double,2.0408164109353604,122.44898465612162,JUMPING
103,4.12,168.00265502929688,94.41736602783203,1.529845118522644,False,6.421004295349121,True,5,0,5,double,2.0408164109353604,122.44898465612162,JUMPING
104,4.16,167.1929473876953,93.95389556884766,0.4638882577419281,False,7.0278778076171875,True,5,0,5,double,2.0408164109353604,122.44898465612162,JUMPING
105,4.2,167.4479522705078,94.75572967529297,0.8258945941925049,False,7.18154764175415,True,5,0,5,double,2.0408164109353604,122.44898465612162,JUMPING
106,4.24,170.26803588867188,98.67807006835938,3.926406145095825,False,7.69127082824707,True,5,0,5,double,2.0408164109353604,122.44898465612162,JUMPING
107,4.28,172.26634216308594,100.97490692138672,2.297616720199585,False,8.023515701293945,True,5,0,5,double,2.0408164109353604,122.44898465612162,JUMPING
108,4.32,179.95166015625,106.88763427734375,5.924033164978027,False,7.826025009155273,False,6,0,6,double,2.049180304842334,122.95081829054003,JUMPING
109,4.36,184.0845947265625,109.84610748291016,2.968233823776245,False,8.06280517578125,False,6,0,6,double,2.049180304842334,122.95081829054003,JUMPING
110,4.4,183.88003540039062,109.21066284179688,0.6827788352966309,False,4.758668422698975,False,6,0,6,double,2.049180304842334,122.95081829054003,JUMPING
111,4.44,180.31869506835938,105.6514663696289,3.5695865154266357,False,3.7861568927764893,False,6,0,6,double,2.049180304842334,122.95081829054003,JUMPING
112,4.48,175.20083618164062,101.5296859741211,4.121876239776611,False,4.584280967712402,True,6,0,6,double,2.049180304842334,122.95081829054003,JUMPING
113,4.52,170.0198974609375,98.04327392578125,3.5093305110931396,False,5.918715476989746,True,6,0,6,double,2.049180304842334,122.95081829054003,JUMPING
114,4.56,166.19857788085938,95.396484375,2.647911310195923,False,7.202615737915039,True,6,0,6,double,2.049180304842334,122.95081829054003,JUMPING
115,4.6,164.05581665039062,94.24633026123047,1.2558536529541016,False,7.65352725982666,True,6,0,6,double,2.049180304842334,122.95081829054003,JUMPING
116,4.64,164.430419921875,94.48992919921875,0.519568145275116,False,8.13519287109375,True,6,0,6,double,2.049180304842334,122.95081829054003,JUMPING
117,4.68,166.14573669433594,95.94140625,1.454481840133667,False,8.508456230163574,True,6,0,6,double,2.049180304842334,122.95081829054003,JUMPING
118,4.72,169.40951538085938,98.9604263305664,3.0193939208984375,False,8.916790962219238,True,6,0,6,double,2.049180304842334,122.95081829054003,JUMPING
119,4.76,174.1315460205078,103.2793197631836,4.322200298309326,False,8.778581619262695,True,6,0,6,double,2.049180304842334,122.95081829054003,JUMPING
120,4.8,179.72581481933594,108.43292999267578,5.159852027893066,False,8.922585487365723,False,7,0,7,double,2.1186439211822075,127.11863527093244,JUMPING
121,4.84,184.26083374023438,111.97492218017578,3.543835401535034,False,8.585302352905273,False,7,0,7,double,2.1186439211822075,127.11863527093244,JUMPING
122,4.88,186.22201538085938,113.40087890625,1.4451168775558472,False,8.764899253845215,False,7,0,7,double,2.1186439211822075,127.11863527093244,JUMPING
123,4.92,183.1942596435547,109.3725357055664,4.036308288574219,False,6.545011043548584,False,7,0,7,double,2.1186439211822075,127.11863527093244,JUMPING
124,4.96,178.00900268554688,104.5260009765625,4.848601818084717,False,6.0935258865356445,True,7,0,7,double,2.1186439211822075,127.11863527093244,JUMPING
125,5.0,173.23117065429688,99.7791976928711,4.747922420501709,False,4.146799564361572,True,7,0,7,double,2.1186439211822075,127.11863527093244,JUMPING
126,5.04,168.57623291015625,96.3028793334961,3.4805476665496826,False,5.310618877410889,True,7,0,7,double,2.1186439211822075,127.11863527093244,JUMPING
127,5.08,166.4066619873047,94.12100219726562,2.188344717025757,False,6.598328590393066,True,7,0,7,double,2.1186439211822075,127.11863527093244,JUMPING
128,5.12,166.25051879882812,93.47672271728516,0.6704294085502625,False,6.977952003479004,True,7,0,7,double,2.1186439211822075,127.11863527093244,JUMPING
129,5.16,167.38641357421875,94.34561920166016,0.9565598368644714,False,7.846362590789795,True,7,0,7,double,2.1186439211822075,127.11863527093244,JUMPING
130,5.2,169.5934295654297,96.87186431884766,2.527777910232544,False,8.379762649536133,True,7,0,7,double,2.1186439211822075,127.11863527093244,JUMPING
131,5.24,172.8470916748047,100.53951263427734,3.67521333694458,False,8.685906410217285,True,7,0,7,double,2.1186439211822075,127.11863527093244,JUMPING
132,5.28,175.10682678222656,102.6605453491211,2.1240365505218506,False,8.159648895263672,True,7,0,7,double,2.1186439211822075,127.11863527093244,JUMPING
133,5.32,181.52725219726562,107.66512298583984,5.028351783752441,False,7.771022319793701,False,8,0,8,double,2.083333250549108,124.99999503294647,JUMPING
134,5.36,184.43370056152344,109.56792449951172,1.9533580541610718,False,6.443519115447998,False,8,0,8,double,2.083333250549108,124.99999503294647,JUMPING
135,5.4,182.53341674804688,107.7332763671875,1.8773112297058105,False,4.89456033706665,False,8,0,8,double,2.083333250549108,124.99999503294647,JUMPING
136,5.44,181.32647705078125,106.15887451171875,1.6143535375595093,False,3.709554672241211,False,8,0,8,double,2.083333250549108,124.99999503294647,JUMPING
137,5.48,177.80606079101562,102.74005889892578,3.4487693309783936,False,3.9098892211914062,True,8,0,8,double,2.083333250549108,124.99999503294647,JUMPING
138,5.52,171.55062866210938,98.29681396484375,4.4669294357299805,False,5.381463527679443,True,8,0,8,double,2.083333250549108,124.99999503294647,JUMPING
139,5.56,167.4412078857422,95.50736236572266,2.8165555000305176,False,6.390534400939941,True,8,0,8,double,2.083333250549108,124.99999503294647,JUMPING
140,5.6,165.9937744140625,94.7255859375,0.7879433631896973,False,6.710667133331299,True,8,0,8,double,2.083333250549108,124.99999503294647,JUMPING
141,5.64,165.85784912109375,94.53316497802734,0.24552181363105774,False,6.953968524932861,True,8,0,8,double,2.083333250549108,124.99999503294647,JUMPING
142,5.68,168.559814453125,96.85205841064453,2.32694935798645,False,6.808527946472168,True,8,0,8,double,2.083333250549108,124.99999503294647,JUMPING
143,5.72,170.32675170898438,98.39685821533203,1.5803155899047852,False,7.347761631011963,True,8,0,8,double,2.083333250549108,124.99999503294647,JUMPING
144,5.76,176.52896118164062,103.45407104492188,5.060065746307373,False,7.751786231994629,True,8,0,8,double,2.083333250549108,124.99999503294647,JUMPING
145,5.8,181.8253936767578,107.70780181884766,4.334869384765625,False,8.510595321655273,False,9,0,9,double,2.083333250549108,124.99999503294647,JUMPING
146,5.84,183.5191650390625,108.67840576171875,0.9799982905387878,False,7.726769924163818,False,9,0,9,double,2.083333250549108,124.99999503294647,JUMPING
147,5.88,181.21771240234375,106.2421875,2.4363481998443604,False,5.126580715179443,False,9,0,9,double,2.083333250549108,124.99999503294647,JUMPING
148,5.92,177.00735473632812,102.1726303100586,4.087294578552246,False,4.340373516082764,True,9,0,9,double,2.083333250549108,124.99999503294647,JUMPING
149,5.96,173.0541534423828,98.39717864990234,3.7763819694519043,False,5.85964822769165,True,9,0,9,double,2.083333250549108,124.99999503294647,JUMPING
150,6.0,169.64639282226562,95.22191619873047,3.180420398712158,False,6.841284275054932,True,9,0,9,double,2.083333250549108,124.99999503294647,JUMPING
151,6.04,168.10794067382812,93.60626983642578,1.6156516075134277,False,7.831803321838379,True,9,0,9,double,2.083333250549108,124.99999503294647,JUMPING
152,6.08,167.83567810058594,93.69795989990234,0.15028372406959534,False,8.08476734161377,True,9,0,9,double,2.083333250549108,124.99999503294647,JUMPING
153,6.12,168.91390991210938,94.7879638671875,1.0902211666107178,False,8.36715030670166,True,9,0,9,double,2.083333250549108,124.99999503294647,JUMPING
154,6.16,170.74472045898438,97.2833480834961,2.495405912399292,False,8.548983573913574,True,9,0,9,double,2.083333250549108,124.99999503294647,JUMPING
155,6.2,174.69830322265625,101.48555755615234,4.214486598968506,False,8.756104469299316,True,9,0,9,double,2.083333250549108,124.99999503294647,JUMPING
156,6.24,179.6982421875,106.21347045898438,4.729663372039795,False,8.373820304870605,False,10,0,10,double,2.0833335092498344,125.00001055499007,JUMPING
157,6.28,182.2790985107422,108.42547607421875,2.2125918865203857,False,7.771737575531006,False,10,0,10,double,2.0833335092498344,125.00001055499007,JUMPING
158,6.32,183.2952117919922,108.19852447509766,0.22700881958007812,False,4.625724792480469,False,10,0,10,double,2.0833335092498344,125.00001055499007,JUMPING
159,6.36,180.16917419433594,104.98311614990234,3.2211339473724365,False,3.6611111164093018,False,10,0,10,double,2.0833335092498344,125.00001055499007,JUMPING
160,6.4,178.18389892578125,102.80862426757812,2.1754069328308105,False,3.2112696170806885,False,10,0,10,double,2.0833335092498344,125.00001055499007,JUMPING
161,6.44,171.96299743652344,98.59871673583984,4.2100138664245605,False,5.200047016143799,True,10,0,10,double,2.0833335092498344,125.00001055499007,JUMPING
162,6.48,167.732177734375,95.8265151977539,2.7762131690979004,False,6.230380058288574,True,10,0,10,double,2.0833335092498344,125.00001055499007,JUMPING
163,6.52,165.89553833007812,94.48004913330078,1.3470195531845093,False,6.752833843231201,True,10,0,10,double,2.0833335092498344,125.00001055499007,JUMPING
164,6.56,165.9539794921875,94.5975341796875,0.21260924637317657,False,7.318528175354004,True,10,0,10,double,2.0833335092498344,125.00001055499007,JUMPING
165,6.6,167.781005859375,96.50836181640625,1.9611068964004517,False,7.464038848876953,True,10,0,10,double,2.0833335092498344,125.00001055499007,JUMPING
166,6.64,171.3872833251953,99.87720489501953,3.3955917358398438,False,7.503212928771973,True,10,0,10,double,2.0833335092498344,125.00001055499007,JUMPING
167,6.68,176.2994384765625,103.68766021728516,3.8311047554016113,False,7.145934581756592,True,10,0,10,double,2.0833335092498344,125.00001055499007,JUMPING
168,6.72,178.9597930908203,105.93585968017578,2.248199939727783,False,7.505648136138916,False,11,0,11,double,2.083333638600222,125.00001831601332,JUMPING
169,6.76,183.104736328125,108.5125732421875,2.577190637588501,False,5.966863632202148,False,11,0,11,double,2.083333638600222,125.00001831601332,JUMPING
170,6.8,182.83717346191406,107.26702880859375,1.2694593667984009,False,3.9810357093811035,False,11,0,11,double,2.083333638600222,125.00001831601332,JUMPING
171,6.84,179.08375549316406,104.0645980834961,3.20512318611145,False,3.6998472213745117,False,11,0,11,double,2.083333638600222,125.00001831601332,JUMPING
172,6.88,176.65509033203125,102.14437866210938,1.9228150844573975,False,3.6068758964538574,True,11,0,11,double,2.083333638600222,125.00001831601332,JUMPING
173,6.92,173.654541015625,99.89789581298828,2.29573655128479,False,4.6782732009887695,True,11,0,11,double,2.083333638600222,125.00001831601332,JUMPING
174,6.96,169.77438354492188,97.1181869506836,2.8036844730377197,False,6.541921138763428,True,11,0,11,double,2.083333638600222,125.00001831601332,JUMPING
175,7.0,168.44232177734375,96.08812713623047,1.05547297000885,False,7.199150085449219,True,11,0,11,double,2.083333638600222,125.00001831601332,JUMPING
176,7.04,168.12831115722656,95.69292449951172,0.41244834661483765,False,7.385249137878418,True,11,0,11,double,2.083333638600222,125.00001831601332,JUMPING
177,7.08,170.64181518554688,98.5947494506836,2.9958841800689697,False,7.652778625488281,True,11,0,11,double,2.083333638600222,125.00001831601332,JUMPING
178,7.12,174.59967041015625,102.5756607055664,3.9851152896881104,False,7.554065227508545,True,11,0,11,double,2.083333638600222,125.00001831601332,JUMPING
179,7.16,176.98690795898438,104.9163818359375,2.3409740924835205,False,7.827761173248291,False,12,0,12,double,2.118644322499051,127.11865934994307,JUMPING
180,7.2,182.39718627929688,108.78502655029297,3.869185209274292,False,8.418814659118652,False,12,0,12,double,2.118644322499051,127.11865934994307,JUMPING
181,7.24,183.95774841308594,109.446533203125,0.7155306339263916,False,6.179347991943359,False,12,0,12,double,2.118644322499051,127.11865934994307,JUMPING
182,7.28,181.01528930664062,106.77619171142578,2.6863303184509277,False,5.082971572875977,False,12,0,12,double,2.118644322499051,127.11865934994307,JUMPING
183,7.32,176.29263305664062,102.88555145263672,3.9041025638580322,False,5.801914691925049,True,12,0,12,double,2.118644322499051,127.11865934994307,JUMPING
184,7.36,170.80313110351562,98.69921112060547,4.195230484008789,False,7.1125617027282715,True,12,0,12,double,2.118644322499051,127.11865934994307,JUMPING
185,7.4,167.06524658203125,95.61212158203125,3.12524151802063,False,7.933627605438232,True,12,0,12,double,2.118644322499051,127.11865934994307,JUMPING
186,7.44,165.26705932617188,93.8686294555664,1.7937531471252441,False,8.313982009887695,True,12,0,12,double,2.118644322499051,127.11865934994307,JUMPING
187,7.48,165.10525512695312,93.82477569580078,0.6475666165351868,False,8.093892097473145,True,12,0,12,double,2.118644322499051,127.11865934994307,JUMPING
188,7.52,167.1595916748047,95.41155242919922,1.6216952800750732,False,7.852496147155762,True,12,0,12,double,2.118644322499051,127.11865934994307,JUMPING
189,7.56,170.0302734375,98.3288803100586,2.9217731952667236,False,7.254022598266602,True,12,0,12,double,2.118644322499051,127.11865934994307,JUMPING
190,7.6,173.79998779296875,102.29424285888672,3.9691901206970215,False,6.35728645324707,True,12,0,12,double,2.118644322499051,127.11865934994307,JUMPING
191,7.64,178.94241333007812,106.58999633789062,4.300236225128174,False,7.345506191253662,False,13,0,13,double,2.1551727526572564,129.31036515943538,JUMPING
192,7.68,182.12564086914062,109.03726959228516,2.4486091136932373,False,7.68306827545166,False,13,0,13,double,2.1551727526572564,129.31036515943538,JUMPING
193,7.72,183.37612915039062,108.2208480834961,0.8284984827041626,False,4.15864896774292,False,13,0,13,double,2.1551727526572564,129.31036515943538,JUMPING
194,7.76,180.45159912109375,104.83966827392578,3.3830511569976807,False,2.7578952312469482,False,13,0,13,double,2.1551727526572564,129.31036515943538,JUMPING
195,7.8,176.11114501953125,100.60061645507812,4.2477874755859375,False,4.00707483291626,True,13,0,13,double,2.1551727526572564,129.31036515943538,JUMPING
196,7.84,171.64334106445312,97.30575561523438,3.300766706466675,False,5.954983234405518,True,13,0,13,double,2.1551727526572564,129.31036515943538,JUMPING
197,7.88,169.34896850585938,95.5163803100586,1.7990034818649292,False,6.768371105194092,True,13,0,13,double,2.1551727526572564,129.31036515943538,JUMPING
198,7.92,167.87481689453125,94.24921417236328,1.2675023078918457,False,7.762574672698975,True,13,0,13,double,2.1551727526572564,129.31036515943538,JUMPING
199,7.96,167.6608428955078,94.5406494140625,0.29200083017349243,False,7.38007926940918,True,13,0,13,double,2.1551727526572564,129.31036515943538,JUMPING
200,8.0,168.95596313476562,96.51388549804688,1.9737224578857422,False,7.24802827835083,True,13,0,13,double,2.1551727526572564,129.31036515943538,JUMPING
201,8.04,171.45428466796875,99.93354034423828,3.4278175830841064,False,6.138155937194824,True,13,0,13,double,2.1551727526572564,129.31036515943538,JUMPING
202,8.08,175.92868041992188,104.36331176757812,4.43353796005249,False,5.819952011108398,True,13,0,13,double,2.1551727526572564,129.31036515943538,JUMPING
203,8.12,180.86004638671875,108.3681411743164,4.005955219268799,False,7.3671979904174805,False,14,0,14,double,2.1551727526572564,129.31036515943538,JUMPING
204,8.16,183.54153442382812,109.97219848632812,1.6122103929519653,False,7.137221813201904,False,14,0,14,double,2.1551727526572564,129.31036515943538,JUMPING
205,8.2,182.79226684570312,107.73150634765625,2.2498581409454346,False,3.1715493202209473,False,14,0,14,double,2.1551727526572564,129.31036515943538,JUMPING
206,8.24,181.76934814453125,106.0668716430664,1.674359679222107,False,1.2454626560211182,False,14,0,14,double,2.1551727526572564,129.31036515943538,JUMPING
207,8.28,176.05477905273438,101.51128387451172,4.561488151550293,False,2.930742025375366,True,14,0,14,double,2.1551727526572564,129.31036515943538,JUMPING
208,8.32,171.01727294921875,97.95111083984375,3.5602035522460938,False,4.418144702911377,True,14,0,14,double,2.1551727526572564,129.31036515943538,JUMPING
209,8.36,168.29684448242188,96.32466888427734,1.62648344039917,False,5.197363376617432,True,14,0,14,double,2.1551727526572564,129.31036515943538,JUMPING
210,8.4,167.5614013671875,96.103271484375,0.36113423109054565,False,5.367586612701416,True,14,0,14,double,2.1551727526572564,129.31036515943538,JUMPING
211,8.44,168.0748748779297,97.16388702392578,1.07890784740448,False,5.260910987854004,True,14,0,14,double,2.1551727526572564,129.31036515943538,JUMPING
212,8.48,169.98825073242188,99.67960357666016,2.5190584659576416,False,6.0976948738098145,True,14,0,14,double,2.1551727526572564,129.31036515943538,JUMPING
213,8.52,173.1614227294922,103.18643188476562,3.5129752159118652,False,5.5312628746032715,True,14,0,14,double,2.1551727526572564,129.31036515943538,JUMPING
214,8.56,178.68069458007812,107.6005859375,4.427257537841797,False,5.84303092956543,True,14,0,14,double,2.1551727526572564,129.31036515943538,JUMPING
215,8.6,183.38198852539062,111.3688735961914,3.7961585521698,False,6.360367298126221,False,15,0,15,double,2.1186435198655156,127.11861119193094,JUMPING
216,8.64,185.03475952148438,111.92838287353516,0.6104519367218018,False,4.928521156311035,False,15,0,15,double,2.1186435198655156,127.11861119193094,JUMPING
217,8.68,182.80899047851562,111.24014282226562,0.688245415687561,False,3.6524977684020996,False,15,0,15,double,2.1186435198655156,127.11861119193094,JUMPING
218,8.72,177.70285034179688,106.81595611572266,4.426644802093506,False,3.768597364425659,True,15,0,15,double,2.1186435198655156,127.11861119193094,JUMPING
219,8.76,174.47512817382812,104.32808685302734,2.4881086349487305,False,3.9041616916656494,True,15,0,15,double,2.1186435198655156,127.11861119193094,JUMPING
220,8.8,170.30130004882812,101.22958374023438,3.1059627532958984,False,4.675973892211914,True,15,0,15,double,2.1186435198655156,127.11861119193094,JUMPING
221,8.84,166.21270751953125,97.697509765625,3.535977602005005,False,6.328685283660889,True,15,0,15,double,2.1186435198655156,127.11861119193094,JUMPING
222,8.88,164.44012451171875,95.79522705078125,1.902319073677063,False,7.607011318206787,True,15,0,15,double,2.1186435198655156,127.11861119193094,JUMPING
223,8.92,164.8600616455078,96.3494644165039,0.5544702410697937,False,7.358648777008057,True,15,0,15,double,2.1186435198655156,127.11861119193094,JUMPING
224,8.96,167.4115447998047,98.7900619506836,2.4423089027404785,False,7.419846534729004,True,15,0,15,double,2.1186435198655156,127.11861119193094,JUMPING
225,9.0,171.13522338867188,102.26187896728516,3.4941155910491943,False,6.852612495422363,True,15,0,15,double,2.1186435198655156,127.11861119193094,JUMPING
226,9.04,173.59970092773438,104.38846588134766,2.1270885467529297,False,6.875580310821533,True,15,0,15,double,2.1186435198655156,127.11861119193094,JUMPING
227,9.08,177.76295471191406,107.94729614257812,3.558830499649048,False,6.978186130523682,False,16,0,16,double,2.1186439211822075,127.11863527093244,JUMPING
228,9.12,181.87881469726562,110.56932830810547,2.6220667362213135,False,7.104716777801514,False,16,0,16,double,2.1186439211822075,127.11863527093244,JUMPING
229,9.16,178.44253540039062,107.72686004638672,2.9584267139434814,False,5.172173976898193,False,16,0,16,double,2.1186439211822075,127.11863527093244,JUMPING
230,9.2,173.82501220703125,104.2586898803711,3.4737870693206787,False,4.3993096351623535,True,16,0,16,double,2.1186439211822075,127.11863527093244,JUMPING
231,9.24,170.94775390625,102.1690673828125,2.0929529666900635,False,4.186839580535889,True,16,0,16,double,2.1186439211822075,127.11863527093244,JUMPING
232,9.28,168.6378173828125,98.64302825927734,3.5403127670288086,False,5.844076633453369,True,16,0,16,double,2.1186439211822075,127.11863527093244,JUMPING
233,9.32,165.5130157470703,95.98934173583984,2.6613337993621826,False,6.552765369415283,True,16,0,16,double,2.1186439211822075,127.11863527093244,JUMPING
234,9.36,164.37648010253906,94.2966537475586,1.7025628089904785,False,7.325860023498535,True,16,0,16,double,2.1186439211822075,127.11863527093244,JUMPING
235,9.4,164.12130737304688,94.18981170654297,0.1073220893740654,False,7.772264003753662,True,16,0,16,double,2.1186439211822075,127.11863527093244,JUMPING
236,9.44,165.41738891601562,94.97074127197266,0.8000022172927856,False,7.144185543060303,True,16,0,16,double,2.1186439211822075,127.11863527093244,JUMPING
237,9.48,167.868896484375,97.33324432373047,2.3626444339752197,False,7.7833662033081055,True,16,0,16,double,2.1186439211822075,127.11863527093244,JUMPING
238,9.52,174.77581787109375,103.88983154296875,6.567508697509766,False,8.571407318115234,True,16,0,16,double,2.1186439211822075,127.11863527093244,JUMPING
239,9.56,181.2562713623047,109.33405303955078,5.4491753578186035,False,8.16960334777832,False,17,0,17,double,2.083332862498138,124.99997174988829,JUMPING
240,9.6,184.45498657226562,111.97522735595703,2.677711009979248,False,7.678537845611572,False,17,0,17,double,2.083332862498138,124.99997174988829,JUMPING
241,9.64,185.42501831054688,111.67076873779297,0.43647852540016174,False,6.916405200958252,False,17,0,17,double,2.083332862498138,124.99997174988829,JUMPING
242,9.68,179.60635375976562,106.80630493164062,4.864489555358887,False,7.104780673980713,False,17,0,17,double,2.083332862498138,124.99997174988829,JUMPING
243,9.72,175.74093627929688,103.22154998779297,3.585214376449585,False,7.023772716522217,False,17,0,17,double,2.083332862498138,124.99997174988829,JUMPING
244,9.76,172.020263671875,99.93915557861328,3.284377098083496,False,7.224877834320068,True,17,0,17,double,2.083332862498138,124.99997174988829,JUMPING
245,9.8,167.85870361328125,96.9442367553711,3.0019445419311523,False,8.29616928100586,True,17,0,17,double,2.083332862498138,124.99997174988829,JUMPING
246,9.84,165.82655334472656,94.97406005859375,2.0254640579223633,False,8.11690616607666,True,17,0,17,double,2.083332862498138,124.99997174988829,JUMPING
247,9.88,165.82557678222656,94.85263061523438,0.1356702446937561,False,8.119258880615234,True,17,0,17,double,2.083332862498138,124.99997174988829,JUMPING
248,9.92,166.41915893554688,95.16580963134766,0.3139093518257141,False,8.015507698059082,True,17,0,17,double,2.083332862498138,124.99997174988829,JUMPING
249,9.96,168.1264190673828,97.1622543334961,2.015284299850464,False,7.624828815460205,True,17,0,17,double,2.083332862498138,124.99997174988829,JUMPING
250,10.0,171.46112060546875,100.3945541381836,3.239572763442993,False,7.838397979736328,True,17,0,17,double,2.083332862498138,124.99997174988829,JUMPING
251,10.04,176.54217529296875,104.8698959350586,4.477036952972412,False,7.978310585021973,False,18,0,18,double,2.083333250549108,124.99999503294647,JUMPING
252,10.08,181.65106201171875,108.606689453125,3.7540199756622314,False,6.906482219696045,False,18,0,18,double,2.083333250549108,124.99999503294647,JUMPING
253,10.12,183.78736877441406,110.3448486328125,1.7427942752838135,False,6.107804775238037,False,18,0,18,double,2.083333250549108,124.99999503294647,JUMPING
254,10.16,182.4600372314453,108.78864288330078,1.5577282905578613,False,4.754948139190674,False,18,0,18,double,2.083333250549108,124.99999503294647,JUMPING
255,10.2,177.83282470703125,105.23693084716797,3.559023380279541,False,4.369255542755127,True,18,0,18,double,2.083333250549108,124.99999503294647,JUMPING
256,10.24,173.69581604003906,101.646240234375,3.596189260482788,False,5.6470160484313965,True,18,0,18,double,2.083333250549108,124.99999503294647,JUMPING
257,10.28,169.5672607421875,98.31742095947266,3.3359150886535645,False,7.668288707733154,True,18,0,18,double,2.083333250549108,124.99999503294647,JUMPING
258,10.32,167.1369171142578,96.03990936279297,2.278285026550293,False,8.030951499938965,True,18,0,18,double,2.083333250549108,124.99999503294647,JUMPING
259,10.36,166.03359985351562,95.0089340209961,1.0316892862319946,False,8.34636402130127,True,18,0,18,double,2.083333250549108,124.99999503294647,JUMPING
260,10.4,167.10520935058594,95.81819915771484,0.8394358158111572,False,7.777891159057617,True,18,0,18,double,2.083333250549108,124.99999503294647,JUMPING
261,10.44,169.34027099609375,97.93212127685547,2.118262767791748,False,7.852263450622559,True,18,0,18,double,2.083333250549108,124.99999503294647,JUMPING
262,10.48,175.92845153808594,103.7917251586914,5.859610557556152,False,7.7818827629089355,True,18,0,18,double,2.083333250549108,124.99999503294647,JUMPING
263,10.52,181.8944091796875,108.70510864257812,4.919661998748779,False,6.6390767097473145,False,19,0,19,double,2.083332862498138,124.99997174988829,JUMPING
264,10.56,185.25543212890625,111.27783966064453,2.603649139404297,False,5.7864837646484375,False,19,0,19,double,2.083332862498138,124.99997174988829,JUMPING
265,10.6,184.75408935546875,109.87686920166016,1.5616322755813599,False,3.8061773777008057,False,19,0,19,double,2.083332862498138,124.99997174988829,JUMPING
266,10.64,183.81146240234375,108.28884887695312,1.596283197402954,False,3.310732841491699,False,19,0,19,double,2.083332862498138,124.99997174988829,JUMPING
267,10.68,179.69393920898438,104.5601806640625,3.729566812515259,False,2.7584633827209473,False,19,0,19,double,2.083332862498138,124.99997174988829,JUMPING
268,10.72,174.1235809326172,101.13162994384766,3.444580316543579,False,4.097555160522461,True,19,0,19,double,2.083332862498138,124.99997174988829,JUMPING
269,10.76,169.427978515625,98.36966705322266,2.7829415798187256,False,5.30333137512207,True,19,0,19,double,2.083332862498138,124.99997174988829,JUMPING
270,10.8,166.83828735351562,96.94727325439453,1.4401365518569946,False,6.641512870788574,True,19,0,19,double,2.083332862498138,124.99997174988829,JUMPING
271,10.84,167.6766357421875,97.8719482421875,0.9247280955314636,False,7.011684417724609,True,19,0,19,double,2.083332862498138,124.99997174988829,JUMPING
272,10.88,170.478271484375,100.55951690673828,2.6902554035186768,False,7.337346076965332,True,19,0,19,double,2.083332862498138,124.99997174988829,JUMPING
273,10.92,172.05014038085938,102.10189056396484,1.5431169271469116,False,7.230572700500488,True,19,0,19,double,2.083332862498138,124.99997174988829,JUMPING
274,10.96,178.0472412109375,107.08988189697266,4.992177963256836,False,7.146352291107178,True,19,0,19,double,2.083332862498138,124.99997174988829,JUMPING
275,11.0,182.8699951171875,110.6860122680664,3.597014904022217,False,7.470966815948486,False,20,0,20,double,2.083333638600222,125.00001831601332,JUMPING
276,11.04,183.78802490234375,110.69202423095703,0.09979064017534256,False,4.597433090209961,False,20,0,20,double,2.083333638600222,125.00001831601332,JUMPING
277,11.08,183.73883056640625,110.29737091064453,0.40264713764190674,False,3.0108602046966553,False,20,0,20,double,2.083333638600222,125.00001831601332,JUMPING
278,11.12,178.65289306640625,105.9773178100586,4.334696292877197,False,4.484110355377197,True,20,0,20,double,2.083333638600222,125.00001831601332,JUMPING
279,11.16,173.00650024414062,102.28399658203125,3.6933631896972656,False,6.44354772567749,True,20,0,20,double,2.083333638600222,125.00001831601332,JUMPING
280,11.2,170.25552368164062,100.29229736328125,1.9917811155319214,False,7.317141532897949,True,20,0,20,double,2.083333638600222,125.00001831601332,JUMPING
281,11.24,168.8219757080078,99.1313705444336,1.1861368417739868,False,7.163181781768799,True,20,0,20,double,2.083333638600222,125.00001831601332,JUMPING
282,11.28,169.62454223632812,99.2327880859375,0.2267151027917862,False,6.973984241485596,True,20,0,20,double,2.083333638600222,125.00001831601332,JUMPING
283,11.32,170.53048706054688,99.9358901977539,0.7071555852890015,False,6.7507243156433105,True,20,0,20,double,2.083333638600222,125.00001831601332,JUMPING
284,11.36,172.48895263671875,101.8435287475586,1.9077602624893188,False,7.147562503814697,True,20,0,20,double,2.083333638600222,125.00001831601332,JUMPING
285,11.4,176.01422119140625,105.18228149414062,3.3450469970703125,False,7.304245471954346,True,20,0,20,double,2.083333638600222,125.00001831601332,JUMPING
286,11.44,181.93911743164062,110.5405502319336,5.362887859344482,False,7.2936110496521,False,21,0,21,double,2.118644322499051,127.11865934994307,JUMPING
287,11.48,184.93789672851562,113.49264526367188,2.9598886966705322,False,7.417506694793701,False,21,0,21,double,2.118644322499051,127.11865934994307,JUMPING
288,11.52,185.5131072998047,113.36385345458984,0.1298457235097885,False,4.449004650115967,False,21,0,21,double,2.118644322499051,127.11865934994307,JUMPING
289,11.56,183.435791015625,110.23538970947266,3.141895294189453,False,3.0289406776428223,False,21,0,21,double,2.118644322499051,127.11865934994307,JUMPING
290,11.6,176.23805236816406,104.5053939819336,5.730004787445068,False,4.397886276245117,True,21,0,21,double,2.118644322499051,127.11865934994307,JUMPING
291,11.64,171.50625610351562,101.0884017944336,3.4175946712493896,False,5.542485237121582,True,21,0,21,double,2.118644322499051,127.11865934994307,JUMPING
292,11.68,167.68893432617188,97.71209716796875,3.376448154449463,False,6.926688194274902,True,21,0,21,double,2.118644322499051,127.11865934994307,JUMPING
293,11.72,166.04345703125,96.34235382080078,1.3698333501815796,False,7.987209796905518,True,21,0,21,double,2.118644322499051,127.11865934994307,JUMPING
294,11.76,166.51510620117188,96.90829467773438,0.5700270533561707,False,7.793673992156982,True,21,0,21,double,2.118644322499051,127.11865934994307,JUMPING
295,11.8,169.06173706054688,99.02079010009766,2.1159920692443848,False,7.500358581542969,True,21,0,21,double,2.118644322499051,127.11865934994307,JUMPING
296,11.84,172.22689819335938,102.3021011352539,3.2813448905944824,False,6.247117519378662,True,21,0,21,double,2.118644322499051,127.11865934994307,JUMPING
297,11.88,174.25347900390625,104.21611785888672,1.9205249547958374,False,5.7635884284973145,True,21,0,21,double,2.118644322499051,127.11865934994307,JUMPING
298,11.92,180.1838836669922,108.1637954711914,3.9512946605682373,False,5.13296365737915,False,22,0,22,double,2.118644322499051,127.11865934994307,JUMPING
299,11.96,183.56431579589844,110.59527587890625,2.4335944652557373,False,4.759138584136963,False,22,0,22,double,2.118644322499051,127.11865934994307,JUMPING
300,12.0,181.94631958007812,108.0230712890625,2.5771706104278564,False,2.5749802589416504,False,22,0,22,double,2.118644322499051,127.11865934994307,JUMPING
301,12.04,178.40443420410156,104.39835357666016,3.6251871585845947,False,2.6220221519470215,False,22,0,22,double,2.118644322499051,127.11865934994307,JUMPING
302,12.08,176.3211669921875,102.10332489013672,2.303290843963623,False,3.1644105911254883,True,22,0,22,double,2.118644322499051,127.11865934994307,JUMPING
303,12.12,172.99258422851562,99.7601318359375,2.348313331604004,False,3.9103686809539795,True,22,0,22,double,2.118644322499051,127.11865934994307,JUMPING
304,12.16,168.52896118164062,97.58295440673828,2.178415298461914,False,6.620884418487549,True,22,0,22,double,2.118644322499051,127.11865934994307,JUMPING
305,12.2,166.12661743164062,97.1409912109375,0.4467133581638336,False,8.154121398925781,True,22,0,22,double,2.118644322499051,127.11865934994307,JUMPING
306,12.24,166.3565216064453,98.20502471923828,1.0647053718566895,False,8.820993423461914,True,22,0,22,double,2.118644322499051,127.11865934994307,JUMPING
307,12.28,169.42471313476562,100.3709716796875,2.1659512519836426,False,8.668755531311035,True,22,0,22,double,2.118644322499051,127.11865934994307,JUMPING
308,12.32,173.2881317138672,103.87169647216797,3.5022058486938477,False,8.699932098388672,True,22,0,22,double,2.118644322499051,127.11865934994307,JUMPING
309,12.36,179.18553161621094,107.80764770507812,3.9372620582580566,False,7.958280086517334,False,23,0,23,double,2.1551727526572564,129.31036515943538,JUMPING
310,12.4,184.09539794921875,110.16019439697266,2.3534185886383057,False,5.724458694458008,False,23,0,23,double,2.1551727526572564,129.31036515943538,JUMPING
311,12.44,184.0281219482422,109.47866821289062,0.68430095911026,False,3.061704397201538,False,23,0,23,double,2.1551727526572564,129.31036515943538,JUMPING
312,12.48,180.93409729003906,106.29561614990234,3.1916563510894775,False,3.6508610248565674,False,23,0,23,double,2.1551727526572564,129.31036515943538,JUMPING
313,12.52,176.9449920654297,102.62661743164062,3.6721229553222656,False,5.226241588592529,False,23,0,23,double,2.1551727526572564,129.31036515943538,JUMPING
314,12.56,175.35719299316406,100.52095794677734,2.1078062057495117,False,6.0224432945251465,False,23,0,23,double,2.1551727526572564,129.31036515943538,JUMPING
315,12.6,171.79969787597656,97.38190460205078,3.1549975872039795,False,7.065632343292236,True,23,0,23,double,2.1551727526572564,129.31036515943538,JUMPING
316,12.64,169.7228546142578,95.6452407836914,1.8051100969314575,False,7.925846576690674,True,23,0,23,double,2.1551727526572564,129.31036515943538,JUMPING
317,12.68,169.04971313476562,95.6209716796875,0.1301138997077942,False,7.298803806304932,True,23,0,23,double,2.1551727526572564,129.31036515943538,JUMPING
318,12.72,170.92645263671875,97.55693817138672,2.031646728515625,False,7.8978681564331055,True,23,0,23,double,2.1551727526572564,129.31036515943538,JUMPING
319,12.76,173.5494384765625,100.38665771484375,2.8508269786834717,False,7.602953910827637,True,23,0,23,double,2.1551727526572564,129.31036515943538,JUMPING
320,12.8,174.90411376953125,101.93717193603516,1.5750067234039307,False,6.708297252655029,True,23,0,23,double,2.1551727526572564,129.31036515943538,JUMPING
321,12.84,178.9123077392578,105.28610229492188,3.363905191421509,False,6.301019191741943,False,24,0,24,double,2.1551727526572564,129.31036515943538,JUMPING
322,12.88,183.3694305419922,108.52880859375,3.2465929985046387,False,3.8036298751831055,False,24,0,24,double,2.1551727526572564,129.31036515943538,JUMPING
323,12.92,183.54739379882812,107.63116455078125,0.9145105481147766,False,2.718961238861084,False,24,0,24,double,2.1551727526572564,129.31036515943538,JUMPING
324,12.96,179.1619415283203,104.53417205810547,3.110006093978882,False,3.702296495437622,False,24,0,24,double,2.1551727526572564,129.31036515943538,JUMPING
325,13.0,175.72991943359375,101.49407196044922,3.050614356994629,False,4.409804821014404,True,24,0,24,double,2.1551727526572564,129.31036515943538,JUMPING
326,13.04,171.74822998046875,98.84891510009766,2.6986751556396484,False,6.7531538009643555,True,24,0,24,double,2.1551727526572564,129.31036515943538,JUMPING
327,13.08,169.20803833007812,97.4756851196289,1.3851779699325562,False,7.42809534072876,True,24,0,24,double,2.1551727526572564,129.31036515943538,JUMPING
328,13.12,168.58218383789062,97.43222045898438,0.044732466340065,False,7.38493537902832,True,24,0,24,double,2.1551727526572564,129.31036515943538,JUMPING
329,13.16,168.7042236328125,97.55844116210938,0.13810418546199799,False,7.3700785636901855,True,24,0,24,double,2.1551727526572564,129.31036515943538,JUMPING
330,13.2,170.98739624023438,100.704833984375,3.151704788208008,False,7.629987716674805,True,24,0,24,double,2.1551727526572564,129.31036515943538,JUMPING
331,13.24,174.8822021484375,105.0774154663086,4.3735575675964355,False,7.406766891479492,False,25,0,25,double,2.232143085221878,133.9285851133127,JUMPING
332,13.28,179.2401123046875,109.75067138671875,4.674267292022705,False,7.323536396026611,False,25,0,25,double,2.232143085221878,133.9285851133127,JUMPING
333,13.32,183.3031005859375,112.9696273803711,3.2328224182128906,False,6.681542873382568,False,25,0,25,double,2.232143085221878,133.9285851133127,JUMPING
334,13.36,184.61807250976562,113.41332244873047,0.473629891872406,False,3.7339210510253906,False,25,0,25,double,2.232143085221878,133.9285851133127,JUMPING
335,13.4,184.71490478515625,113.17032623291016,0.24786551296710968,False,2.1117262840270996,False,25,0,25,double,2.232143085221878,133.9285851133127,JUMPING
336,13.44,182.06106567382812,109.5467300415039,3.6347720623016357,False,3.537122964859009,False,25,0,25,double,2.232143085221878,133.9285851133127,JUMPING
337,13.48,178.83316040039062,105.73260498046875,3.834129571914673,False,4.7953715324401855,False,25,0,25,double,2.232143085221878,133.9285851133127,JUMPING
338,13.52,172.9995574951172,101.51433563232422,4.218891620635986,False,6.251373767852783,True,25,0,25,double,2.232143085221878,133.9285851133127,JUMPING
339,13.56,169.98641967773438,99.00565338134766,2.5087227821350098,False,7.475013256072998,True,25,0,25,double,2.232143085221878,133.9285851133127,JUMPING
340,13.6,168.560302734375,98.0085678100586,1.0005215406417847,False,8.247323036193848,True,25,0,25,double,2.232143085221878,133.9285851133127,JUMPING
341,13.64,169.8428497314453,99.1446762084961,1.1864490509033203,False,8.059219360351562,True,25,0,25,double,2.232143085221878,133.9285851133127,JUMPING
342,13.68,172.5579833984375,102.08050537109375,2.9469540119171143,False,7.139307975769043,True,25,0,25,double,2.232143085221878,133.9285851133127,JUMPING
343,13.72,174.11021423339844,103.87805938720703,1.7995882034301758,False,6.811518669128418,True,25,0,25,double,2.232143085221878,133.9285851133127,JUMPING
344,13.76,180.0032958984375,109.32608795166016,5.44869327545166,False,5.633591651916504,False,26,0,26,double,2.155171783683246,129.31030702099477,JUMPING
345,13.8,185.0513916015625,112.816162109375,3.490165948867798,False,4.122251510620117,False,26,0,26,double,2.155171783683246,129.31030702099477,JUMPING
346,13.84,185.92344665527344,113.0259017944336,0.2700297236442566,False,3.053196668624878,False,26,0,26,double,2.155171783683246,129.31030702099477,JUMPING
347,13.88,182.96401977539062,110.5810546875,2.4449167251586914,False,3.083420515060425,False,26,0,26,double,2.155171783683246,129.31030702099477,JUMPING
348,13.92,180.8128662109375,108.80095672607422,1.7833694219589233,False,3.4971401691436768,False,26,0,26,double,2.155171783683246,129.31030702099477,JUMPING
349,13.96,175.441650390625,105.0372085571289,3.841831684112549,False,5.054404258728027,True,26,0,26,double,2.155171783683246,129.31030702099477,JUMPING
350,14.0,171.63406372070312,102.26798248291016,2.7778477668762207,False,7.100408554077148,True,26,0,26,double,2.155171783683246,129.31030702099477,JUMPING
351,14.04,169.5819549560547,100.90948486328125,1.394780158996582,False,7.661542892456055,True,26,0,26,double,2.155171783683246,129.31030702099477,JUMPING
352,14.08,168.8598175048828,100.5661849975586,0.380877286195755,False,8.302728652954102,True,26,0,26,double,2.155171783683246,129.31030702099477,JUMPING
353,14.12,169.97409057617188,101.0072250366211,0.6476063132286072,False,7.585328102111816,True,26,0,26,double,2.155171783683246,129.31030702099477,JUMPING
354,14.16,173.6335906982422,104.07266235351562,3.1297895908355713,False,7.220250129699707,True,26,0,26,double,2.155171783683246,129.31030702099477,JUMPING
355,14.2,178.11257934570312,108.29589080810547,4.225991725921631,False,5.63702392578125,True,26,0,26,double,2.155171783683246,129.31030702099477,JUMPING
356,14.24,182.74273681640625,112.4659652709961,4.170356273651123,False,6.00076961517334,False,27,0,27,double,2.1551727526572564,129.31036515943538,JUMPING
357,14.28,185.83145141601562,114.49500274658203,2.042546510696411,False,5.0316386222839355,False,27,0,27,double,2.1551727526572564,129.31036515943538,JUMPING
358,14.32,184.56503295898438,113.17993927001953,1.3165762424468994,False,4.159948348999023,False,27,0,27,double,2.1551727526572564,129.31036515943538,JUMPING
359,14.36,183.46661376953125,112.16272735595703,1.0208697319030762,False,3.8702304363250732,False,27,0,27,double,2.1551727526572564,129.31036515943538,JUMPING
360,14.4,177.92333984375,107.76834869384766,4.394621849060059,False,4.082305908203125,True,27,0,27,double,2.1551727526572564,129.31036515943538,JUMPING
361,14.44,172.8389434814453,103.99517822265625,3.779500961303711,False,6.211753845214844,True,27,0,27,double,2.1551727526572564,129.31036515943538,JUMPING
362,14.48,170.56866455078125,101.85089874267578,2.163900375366211,False,7.018066883087158,True,27,0,27,double,2.1551727526572564,129.31036515943538,JUMPING
363,14.52,169.29818725585938,100.83456420898438,1.0166783332824707,False,7.309183120727539,True,27,0,27,double,2.1551727526572564,129.31036515943538,JUMPING
364,14.56,170.11932373046875,101.98406982421875,1.1548583507537842,False,7.211605072021484,True,27,0,27,double,2.1551727526572564,129.31036515943538,JUMPING
365,14.6,172.0239715576172,104.37637329101562,2.39768385887146,False,6.756678104400635,True,27,0,27,double,2.1551727526572564,129.31036515943538,JUMPING
366,14.64,175.42330932617188,107.50955963134766,3.1392111778259277,False,6.209015846252441,True,27,0,27,double,2.1551727526572564,129.31036515943538,JUMPING
367,14.68,179.676513671875,111.5758285522461,4.081307411193848,False,5.96728515625,True,27,0,27,double,2.1551727526572564,129.31036515943538,JUMPING
368,14.72,184.03662109375,114.54510498046875,2.9694480895996094,False,5.695727348327637,False,28,0,28,double,2.1186435198655156,127.11861119193094,JUMPING
369,14.76,184.87652587890625,114.45092010498047,0.2418205440044403,False,3.8669650554656982,False,28,0,28,double,2.1186435198655156,127.11861119193094,JUMPING
370,14.8,182.99667358398438,112.26592254638672,2.233985662460327,False,2.9955999851226807,False,28,0,28,double,2.1186435198655156,127.11861119193094,JUMPING
371,14.84,178.88278198242188,108.6818618774414,3.5846405029296875,False,4.394141674041748,True,28,0,28,double,2.1186435198655156,127.11861119193094,JUMPING
372,14.88,174.108642578125,105.20220947265625,3.4876976013183594,False,5.659286975860596,True,28,0,28,double,2.1186435198655156,127.11861119193094,JUMPING
373,14.92,170.6881561279297,102.41104125976562,2.7917191982269287,False,6.9528679847717285,True,28,0,28,double,2.1186435198655156,127.11861119193094,JUMPING
374,14.96,169.0396728515625,100.94817352294922,1.4660509824752808,False,6.776203632354736,True,28,0,28,double,2.1186435198655156,127.11861119193094,JUMPING
375,15.0,169.2183837890625,101.2038345336914,0.26847562193870544,False,6.297182559967041,True,28,0,28,double,2.1186435198655156,127.11861119193094,JUMPING
376,15.04,170.30592346191406,102.44003295898438,1.2369067668914795,False,6.062501907348633,True,28,0,28,double,2.1186435198655156,127.11861119193094,JUMPING
377,15.08,173.25003051757812,105.23128509521484,2.7921135425567627,False,6.2679219245910645,True,28,0,28,double,2.1186435198655156,127.11861119193094,JUMPING
378,15.12,177.47882080078125,109.1540298461914,3.9227981567382812,False,6.282155513763428,False,29,0,29,double,2.192982741642784,131.57896449856702,JUMPING
379,15.16,182.37571716308594,113.21353912353516,4.060727596282959,False,5.859617710113525,False,29,0,29,double,2.192982741642784,131.57896449856702,JUMPING
380,15.2,185.7971954345703,114.93187713623047,1.7211228609085083,False,3.7753541469573975,False,29,0,29,double,2.192982741642784,131.57896449856702,JUMPING
381,15.24,185.07830810546875,113.9909896850586,0.9462374448776245,False,2.176492929458618,False,29,0,29,double,2.192982741642784,131.57896449856702,JUMPING
382,15.28,181.85035705566406,110.8647689819336,3.133951187133789,False,2.252401113510132,False,29,0,29,double,2.192982741642784,131.57896449856702,JUMPING
383,15.32,179.26187133789062,108.8095474243164,2.0552446842193604,False,3.31503963470459,False,29,0,29,double,2.192982741642784,131.57896449856702,JUMPING
384,15.36,174.52308654785156,105.3563003540039,3.46197772026062,False,5.323489665985107,True,29,0,29,double,2.192982741642784,131.57896449856702,JUMPING
385,15.4,171.71331787109375,102.5984878540039,2.7826099395751953,False,5.958893775939941,True,29,0,29,double,2.192982741642784,131.57896449856702,JUMPING
386,15.44,170.64691162109375,101.6561508178711,1.0850825309753418,False,6.39202356338501,True,29,0,29,double,2.192982741642784,131.57896449856702,JUMPING
387,15.48,169.96969604492188,101.11139678955078,0.5991515517234802,False,6.598508358001709,True,29,0,29,double,2.192982741642784,131.57896449856702,JUMPING
388,15.52,172.30218505859375,103.55059051513672,2.524327039718628,False,6.078584671020508,True,29,0,29,double,2.192982741642784,131.57896449856702,JUMPING
389,15.56,176.2071533203125,107.02307891845703,3.481281042098999,False,5.309959888458252,True,29,0,29,double,2.192982741642784,131.57896449856702,JUMPING
390,15.6,178.8192901611328,109.05834197998047,2.035414457321167,False,5.428720951080322,False,30,0,30,double,2.1186435198655156,127.11861119193094,JUMPING
391,15.64,184.05374145507812,113.21475219726562,4.156602382659912,False,4.410894393920898,False,30,0,30,double,2.1186435198655156,127.11861119193094,JUMPING
392,15.68,186.58367919921875,115.62726593017578,2.416490316390991,False,2.638489007949829,False,30,0,30,double,2.1186435198655156,127.11861119193094,JUMPING
393,15.72,183.4873046875,113.10030364990234,2.526968240737915,False,2.392490863800049,False,30,0,30,double,2.1186435198655156,127.11861119193094,JUMPING
394,15.76,181.4119873046875,109.28863525390625,3.8160274028778076,False,2.2318432331085205,False,30,0,30,double,2.1186435198655156,127.11861119193094,JUMPING
395,15.8,175.66519165039062,104.6494140625,4.639597415924072,False,2.9658923149108887,True,30,0,30,double,2.1186435198655156,127.11861119193094,JUMPING
396,15.84,171.86349487304688,102.62459564208984,2.026651620864868,False,4.505330562591553,True,30,0,30,double,2.1186435198655156,127.11861119193094,JUMPING
397,15.88,169.38601684570312,100.49092864990234,2.1599321365356445,False,5.2115325927734375,True,30,0,30,double,2.1186435198655156,127.11861119193094,JUMPING
398,15.92,168.068115234375,99.06526947021484,1.449847936630249,False,5.47844123840332,True,30,0,30,double,2.1186435198655156,127.11861119193094,JUMPING
399,15.96,168.23178100585938,99.1027603149414,0.5266961455345154,False,5.840181350708008,True,30,0,30,double,2.1186435198655156,127.11861119193094,JUMPING
400,16.0,170.800048828125,101.607421875,2.5141806602478027,False,5.147469520568848,True,30,0,30,double,2.1186435198655156,127.11861119193094,JUMPING
401,16.04,174.26004028320312,105.32708740234375,3.738013744354248,False,5.108433246612549,True,30,0,30,double,2.1186435198655156,127.11861119193094,JUMPING
402,16.08,179.3326416015625,110.1531753540039,4.829075813293457,False,5.009697914123535,False,31,0,31,double,2.1551727526572564,129.31036515943538,JUMPING
403,16.12,183.594970703125,113.45890045166016,3.3057260513305664,False,4.959287166595459,False,31,0,31,double,2.1551727526572564,129.31036515943538,JUMPING
404,16.16,185.83938598632812,114.89110565185547,1.4499157667160034,False,4.64259672164917,False,31,0,31,double,2.1551727526572564,129.31036515943538,JUMPING
405,16.2,182.58921813964844,111.85003662109375,3.0464344024658203,False,4.133004665374756,False,31,0,31,double,2.1551727526572564,129.31036515943538,JUMPING
406,16.24,178.11636352539062,107.95693969726562,3.893097162246704,False,3.956284284591675,True,31,0,31,double,2.1551727526572564,129.31036515943538,JUMPING
407,16.28,172.43508911132812,104.46007537841797,3.4973642826080322,False,5.823516368865967,True,31,0,31,double,2.1551727526572564,129.31036515943538,JUMPING
408,16.32,169.15969848632812,101.67198944091797,2.7888405323028564,False,6.783890724182129,True,31,0,31,double,2.1551727526572564,129.31036515943538,JUMPING
409,16.36,167.7001953125,100.3308334350586,1.3487441539764404,False,7.210211277008057,True,31,0,31,double,2.1551727526572564,129.31036515943538,JUMPING
410,16.4,167.90269470214844,100.20592498779297,0.12740851938724518,False,7.000673770904541,True,31,0,31,double,2.1551727526572564,129.31036515943538,JUMPING
411,16.44,168.34063720703125,100.4100570678711,0.2053210586309433,False,7.096587657928467,True,31,0,31,double,2.1551727526572564,129.31036515943538,JUMPING
412,16.48,170.6419219970703,102.16373443603516,1.7543025016784668,False,7.112710475921631,True,31,0,31,double,2.1551727526572564,129.31036515943538,JUMPING
413,16.52,176.13197326660156,106.72454071044922,4.560908794403076,False,7.699780464172363,True,31,0,31,double,2.1551727526572564,129.31036515943538,JUMPING
414,16.56,179.1861114501953,109.4444580078125,2.720829725265503,False,7.828977108001709,False,32,0,32,double,2.1551727526572564,129.31036515943538,JUMPING
415,16.6,184.34707641601562,112.88997650146484,3.4461772441864014,False,6.373433589935303,False,32,0,32,double,2.1551727526572564,129.31036515943538,JUMPING
416,16.64,186.80877685546875,114.6561279296875,1.7704172134399414,False,5.050544738769531,False,32,0,32,double,2.1551727526572564,129.31036515943538,JUMPING
417,16.68,185.99392700195312,113.75909423828125,0.8997405767440796,False,2.8385019302368164,False,32,0,32,double,2.1551727526572564,129.31036515943538,JUMPING
418,16.72,180.69393920898438,108.61251068115234,5.148124694824219,False,5.344183921813965,False,32,0,32,double,2.1551727526572564,129.31036515943538,JUMPING
419,16.76,175.46160888671875,103.9874038696289,4.626336097717285,False,6.3949127197265625,True,32,0,32,double,2.1551727526572564,129.31036515943538,JUMPING
420,16.8,172.70741271972656,101.20133209228516,2.7992684841156006,False,7.393179416656494,True,32,0,32,double,2.1551727526572564,129.31036515943538,JUMPING
421,16.84,170.9310302734375,98.91313934326172,2.288489818572998,False,8.132970809936523,True,32,0,32,double,2.1551727526572564,129.31036515943538,JUMPING
422,16.88,170.68826293945312,97.95327758789062,1.0153805017471313,False,7.368743896484375,True,32,0,32,double,2.1551727526572564,129.31036515943538,JUMPING
423,16.92,171.72073364257812,98.31124114990234,0.5704765915870667,False,7.073487281799316,True,32,0,32,double,2.1551727526572564,129.31036515943538,JUMPING
424,16.96,174.2501220703125,100.55025482177734,2.340078353881836,False,7.686802387237549,True,32,0,32,double,2.1551727526572564,129.31036515943538,JUMPING
425,17.0,177.65765380859375,104.4596939086914,3.9128878116607666,False,6.6066575050354,True,32,0,32,double,2.1551727526572564,129.31036515943538,JUMPING
426,17.04,182.35336303710938,109.09337615966797,4.638801574707031,False,6.070208549499512,False,33,0,33,double,2.155171783683246,129.31030702099477,JUMPING
427,17.08,185.76254272460938,111.71172332763672,2.651918649673462,False,4.532756328582764,False,33,0,33,double,2.155171783683246,129.31030702099477,JUMPING
428,17.12,185.76361083984375,111.23261260986328,0.567254900932312,False,2.541698455810547,False,33,0,33,double,2.155171783683246,129.31030702099477,JUMPING
429,17.16,182.38487243652344,109.00686645507812,2.227499008178711,False,1.76629638671875,False,33,0,33,double,2.155171783683246,129.31030702099477,JUMPING
430,17.2,180.40899658203125,106.99263763427734,2.0142412185668945,False,1.461239218711853,False,33,0,33,double,2.155171783683246,129.31030702099477,JUMPING
431,17.24,173.87155151367188,102.23731231689453,4.756058692932129,False,2.396970510482788,True,33,0,33,double,2.155171783683246,129.31030702099477,JUMPING
432,17.28,170.43624877929688,99.50262451171875,2.7346904277801514,False,3.3970720767974854,True,33,0,33,double,2.155171783683246,129.31030702099477,JUMPING
433,17.32,168.0524444580078,96.925537109375,2.743295907974243,False,4.849396228790283,True,33,0,33,double,2.155171783683246,129.31030702099477,JUMPING
434,17.36,168.01441955566406,96.6728286743164,0.4467003345489502,False,6.0076093673706055,True,33,0,33,double,2.155171783683246,129.31030702099477,JUMPING
435,17.4,169.32421875,98.37276458740234,1.7573045492172241,False,5.831085205078125,True,33,0,33,double,2.155171783683246,129.31030702099477,JUMPING
436,17.44,172.2122802734375,100.8492202758789,2.524447202682495,False,6.087426662445068,True,33,0,33,double,2.155171783683246,129.31030702099477,JUMPING
437,17.48,176.07516479492188,104.9034194946289,4.089758396148682,False,5.603241920471191,False,34,0,34,double,2.118644322499051,127.11865934994307,JUMPING
438,17.52,180.6619873046875,109.17371368408203,4.284526824951172,False,5.3102898597717285,False,34,0,34,double,2.118644322499051,127.11865934994307,JUMPING
439,17.56,184.69268798828125,111.60762786865234,2.4388835430145264,False,3.9609761238098145,False,34,0,34,double,2.118644322499051,127.11865934994307,JUMPING
440,17.6,184.08059692382812,111.72162628173828,0.9329250454902649,False,1.8834941387176514,False,34,0,34,double,2.118644322499051,127.11865934994307,JUMPING
441,17.64,183.05123901367188,111.4105224609375,0.3781045973300934,False,1.645190954208374,False,34,0,34,double,2.118644322499051,127.11865934994307,JUMPING
442,17.68,176.064453125,105.67593383789062,5.734949588775635,False,2.60605788230896,True,34,0,34,double,2.118644322499051,127.11865934994307,JUMPING
443,17.72,170.9918670654297,101.22775268554688,4.448990821838379,False,4.483675003051758,True,34,0,34,double,2.118644322499051,127.11865934994307,JUMPING
444,17.76,167.9862518310547,98.45641326904297,2.782970666885376,False,5.511990070343018,True,34,0,34,double,2.118644322499051,127.11865934994307,JUMPING
445,17.8,166.40826416015625,97.11109161376953,1.3690255880355835,False,5.950878620147705,True,34,0,34,double,2.118644322499051,127.11865934994307,JUMPING
446,17.84,166.95529174804688,97.5240478515625,0.5670182704925537,False,6.8364410400390625,True,34,0,34,double,2.118644322499051,127.11865934994307,JUMPING
447,17.88,168.917724609375,99.68453216552734,2.1766655445098877,False,7.021417617797852,True,34,0,34,double,2.118644322499051,127.11865934994307,JUMPING
448,17.92,172.47998046875,102.9465103149414,3.282073974609375,False,7.108156204223633,False,35,0,35,double,2.1551727526572564,129.31036515943538,JUMPING
449,17.96,177.6904296875,106.82970428466797,3.886056900024414,False,6.890476703643799,False,35,0,35,double,2.1551727526572564,129.31036515943538,JUMPING
450,18.0,182.4888916015625,109.74018096923828,2.9126875400543213,False,6.743391036987305,False,35,0,35,double,2.1551727526572564,129.31036515943538,JUMPING
451,18.04,183.89279174804688,109.8154067993164,0.47539567947387695,False,5.090188026428223,False,35,0,35,double,2.1551727526572564,129.31036515943538,JUMPING
452,18.08,181.885986328125,106.86258697509766,2.9664454460144043,False,3.825110673904419,False,35,0,35,double,2.1551727526572564,129.31036515943538,JUMPING
453,18.12,176.880859375,103.52100372314453,3.3511788845062256,False,3.613454580307007,True,35,0,35,double,2.1551727526572564,129.31036515943538,JUMPING
454,18.16,173.70925903320312,101.5892333984375,1.9420579671859741,False,3.8254170417785645,True,35,0,35,double,2.1551727526572564,129.31036515943538,JUMPING
455,18.2,169.48158264160156,98.13556671142578,3.4615349769592285,False,4.199188232421875,True,35,0,35,double,2.1551727526572564,129.31036515943538,JUMPING
456,18.24,167.34239196777344,96.44696044921875,1.7142672538757324,False,5.263564109802246,True,35,0,35,double,2.1551727526572564,129.31036515943538,JUMPING
457,18.28,166.92111206054688,95.58187103271484,0.8704133033752441,False,5.451257705688477,True,35,0,35,double,2.1551727526572564,129.31036515943538,JUMPING
458,18.32,168.60494995117188,97.53338623046875,1.953900933265686,False,5.657045841217041,True,35,0,35,double,2.1551727526572564,129.31036515943538,JUMPING
459,18.36,170.82528686523438,100.71688079833984,3.1856179237365723,False,6.0103631019592285,True,35,0,35,double,2.1551727526572564,129.31036515943538,JUMPING
460,18.4,175.31524658203125,105.03850555419922,4.333320140838623,False,6.371377944946289,False,36,0,36,double,2.1551727526572564,129.31036515943538,JUMPING
461,18.44,178.29302978515625,107.45187377929688,2.4249982833862305,False,5.886033058166504,False,36,0,36,double,2.1551727526572564,129.31036515943538,JUMPING
462,18.48,182.33697509765625,110.50057983398438,3.049405574798584,False,6.416040897369385,False,36,0,36,double,2.1551727526572564,129.31036515943538,JUMPING
463,18.52,182.9574737548828,109.94904327392578,0.5525493621826172,False,3.435391664505005,False,36,0,36,double,2.1551727526572564,129.31036515943538,JUMPING
464,18.56,179.141357421875,106.9906005859375,3.0061872005462646,False,2.7417566776275635,False,36,0,36,double,2.1551727526572564,129.31036515943538,JUMPING
465,18.6,176.72567749023438,105.12478637695312,1.944899559020996,False,3.345817804336548,True,36,0,36,double,2.1551727526572564,129.31036515943538,JUMPING
466,18.64,171.6095428466797,100.7785873413086,4.404275894165039,False,4.465490818023682,True,36,0,36,double,2.1551727526572564,129.31036515943538,JUMPING
467,18.68,168.61505126953125,97.7298812866211,3.0844573974609375,False,5.027103424072266,True,36,0,36,double,2.1551727526572564,129.31036515943538,JUMPING
468,18.72,167.93450927734375,96.3168716430664,1.4236876964569092,False,5.920957565307617,True,36,0,36,double,2.1551727526572564,129.31036515943538,JUMPING
469,18.76,168.2919921875,96.6090087890625,0.29609212279319763,False,6.293676376342773,True,36,0,36,double,2.1551727526572564,129.31036515943538,JUMPING
470,18.8,170.05523681640625,98.43350982666016,1.8261739015579224,False,7.172477722167969,True,36,0,36,double,2.1551727526572564,129.31036515943538,JUMPING
471,18.84,171.54733276367188,99.64522552490234,1.2117843627929688,False,7.58482027053833,True,36,0,36,double,2.1551727526572564,129.31036515943538,JUMPING
472,18.88,176.8253936767578,104.5447006225586,4.90759801864624,False,6.847049236297607,True,36,0,36,double,2.1551727526572564,129.31036515943538,JUMPING
473,18.92,181.95819091796875,108.65900421142578,4.118150234222412,False,6.0911688804626465,False,37,0,37,double,2.1186435198655156,127.11861119193094,JUMPING
474,18.96,184.16859436035156,110.9027099609375,2.248136520385742,False,5.591818809509277,False,37,0,37,double,2.1186435198655156,127.11861119193094,JUMPING
475,19.0,183.31875610351562,108.88858032226562,2.050413131713867,False,3.1519365310668945,False,37,0,37,double,2.1186435198655156,127.11861119193094,JUMPING
476,19.04,178.58746337890625,104.90298461914062,3.9856021404266357,False,3.9689321517944336,False,37,0,37,double,2.1186435198655156,127.11861119193094,JUMPING
477,19.08,172.70925903320312,101.0934066772461,3.810213804244995,False,3.818833351135254,True,37,0,37,double,2.1186435198655156,127.11861119193094,JUMPING
478,19.12,168.93417358398438,98.18952178955078,2.934746026992798,False,4.2263875007629395,True,37,0,37,double,2.1186435198655156,127.11861119193094,JUMPING
479,19.16,167.23431396484375,96.5193862915039,1.6741145849227905,False,4.570760726928711,True,37,0,37,double,2.1186435198655156,127.11861119193094,JUMPING
480,19.2,166.31039428710938,95.21175384521484,1.3198490142822266,False,6.1145100593566895,True,37,0,37,double,2.1186435198655156,127.11861119193094,JUMPING
481,19.24,166.8354949951172,95.86943817138672,0.8643317818641663,False,6.64971399307251,True,37,0,37,double,2.1186435198655156,127.11861119193094,JUMPING
482,19.28,168.93878173828125,98.04904174804688,2.20379376411438,False,7.487250804901123,True,37,0,37,double,2.1186435198655156,127.11861119193094,JUMPING
483,19.32,172.60739135742188,101.39299774169922,3.3719918727874756,False,7.691211700439453,True,37,0,37,double,2.1186435198655156,127.11861119193094,JUMPING
484,19.36,177.63778686523438,105.9533920288086,4.606910705566406,False,7.513754367828369,False,38,0,38,double,2.1551727526572564,129.31036515943538,JUMPING
485,19.4,180.39268493652344,108.32508087158203,2.3814055919647217,False,6.489989280700684,False,38,0,38,double,2.1551727526572564,129.31036515943538,JUMPING
486,19.44,183.9950408935547,110.63680267333984,2.3131325244903564,False,6.030712604522705,False,38,0,38,double,2.1551727526572564,129.31036515943538,JUMPING
487,19.48,181.8759765625,107.73883056640625,2.9050378799438477,False,4.100244998931885,False,38,0,38,double,2.1551727526572564,129.31036515943538,JUMPING
488,19.52,176.8741455078125,103.6836166381836,4.055215835571289,False,4.249647617340088,True,38,0,38,double,2.1551727526572564,129.31036515943538,JUMPING
489,19.56,173.8360595703125,101.2223129272461,2.4768869876861572,False,5.011495113372803,True,38,0,38,double,2.1551727526572564,129.31036515943538,JUMPING
490,19.6,169.82591247558594,97.3584213256836,3.8874552249908447,False,6.387691974639893,True,38,0,38,double,2.1551727526572564,129.31036515943538,JUMPING
491,19.64,167.75274658203125,94.91077423095703,2.4947476387023926,False,7.289803981781006,True,38,0,38,double,2.1551727526572564,129.31036515943538,JUMPING
492,19.68,166.51095581054688,94.3212890625,0.6075142621994019,False,7.971393585205078,True,38,0,38,double,2.1551727526572564,129.31036515943538,JUMPING
493,19.72,167.1505126953125,94.79682159423828,0.5816482305526733,False,7.890793800354004,True,38,0,38,double,2.1551727526572564,129.31036515943538,JUMPING
494,19.76,169.64007568359375,97.3076400756836,2.5306954383850098,False,8.501449584960938,True,38,0,38,double,2.1551727526572564,129.31036515943538,JUMPING
495,19.8,172.65087890625,100.87594604492188,3.575129508972168,False,7.969974040985107,False,39,0,39,double,2.1551727526572564,129.31036515943538,JUMPING
496,19.84,177.40109252929688,105.31399536132812,4.4381561279296875,False,8.109854698181152,False,39,0,39,double,2.1551727526572564,129.31036515943538,JUMPING
497,19.88,182.4005889892578,108.12589263916016,2.8137118816375732,False,6.509440898895264,False,39,0,39,double,2.1551727526572564,129.31036515943538,JUMPING
498,19.92,183.02151489257812,107.55635833740234,0.6682823896408081,False,2.3414885997772217,False,39,0,39,double,2.1551727526572564,129.31036515943538,JUMPING
499,19.96,182.79261779785156,106.93169403076172,0.6252198815345764,False,0.13594898581504822,False,39,0,39,double,2.1551727526572564,129.31036515943538,JUMPING
500,20.0,177.65313720703125,102.37763214111328,4.558802127838135,False,2.2931716442108154,True,39,0,39,double,2.1551727526572564,129.31036515943538,JUMPING
501,20.04,172.42901611328125,98.3786849975586,4.000216484069824,False,3.0399837493896484,True,39,0,39,double,2.1551727526572564,129.31036515943538,JUMPING
502,20.08,168.14385986328125,95.01844024658203,3.36120867729187,False,5.028544902801514,True,39,0,39,double,2.1551727526572564,129.31036515943538,JUMPING
503,20.12,166.29595947265625,93.1028060913086,1.9247891902923584,False,5.8362274169921875,True,39,0,39,double,2.1551727526572564,129.31036515943538,JUMPING
504,20.16,165.10586547851562,92.38180541992188,0.7213925123214722,False,5.729036808013916,True,39,0,39,double,2.1551727526572564,129.31036515943538,JUMPING
505,20.2,166.65045166015625,94.1232681274414,1.7483550310134888,False,5.739204406738281,True,39,0,39,double,2.1551727526572564,129.31036515943538,JUMPING
506,20.24,169.8797607421875,97.19927215576172,3.0999646186828613,False,6.16434907913208,True,39,0,39,double,2.1551727526572564,129.31036515943538,JUMPING
507,20.28,174.31387329101562,101.40779876708984,4.213995456695557,False,5.089437961578369,False,40,0,40,double,2.1186435198655156,127.11861119193094,JUMPING
508,20.32,179.93646240234375,106.0589828491211,4.659862995147705,False,3.940622568130493,False,40,0,40,double,2.1186435198655156,127.11861119193094,JUMPING
509,20.36,184.12744140625,108.30191040039062,2.244225025177002,False,2.8722379207611084,False,40,0,40,double,2.1186435198655156,127.11861119193094,JUMPING
510,20.4,180.19091796875,104.69345092773438,3.6084611415863037,False,2.3779213428497314,False,40,0,40,double,2.1186435198655156,127.11861119193094,JUMPING
511,20.44,177.83831787109375,102.30716705322266,2.3891794681549072,False,2.455127716064453,False,40,0,40,double,2.1186435198655156,127.11861119193094,JUMPING
512,20.48,171.7049560546875,98.21236419677734,4.103163719177246,False,2.9429421424865723,True,40,0,40,double,2.1186435198655156,127.11861119193094,JUMPING
513,20.52,168.35379028320312,95.88848114013672,2.3316009044647217,False,3.6185972690582275,True,40,0,40,double,2.1186435198655156,127.11861119193094,JUMPING
514,20.56,166.27105712890625,94.15604400634766,1.739452600479126,False,5.067204475402832,True,40,0,40,double,2.1186435198655156,127.11861119193094,JUMPING
515,20.6,165.8023223876953,93.6103286743164,0.5940460562705994,False,6.5224995613098145,True,40,0,40,double,2.1186435198655156,127.11861119193094,JUMPING
516,20.64,166.4224853515625,94.43130493164062,0.8218398690223694,False,6.706879615783691,True,40,0,40,double,2.1186435198655156,127.11861119193094,JUMPING
517,20.68,168.67111206054688,96.41192626953125,1.9980136156082153,False,8.116933822631836,True,40,0,40,double,2.1186435198655156,127.11861119193094,JUMPING
518,20.72,170.0147247314453,97.7041015625,1.3055267333984375,False,8.700407981872559,True,40,0,40,double,2.1186435198655156,127.11861119193094,JUMPING
519,20.76,175.36241149902344,102.49160766601562,4.789285659790039,False,9.075285911560059,False,41,0,41,double,2.1186435198655156,127.11861119193094,JUMPING
520,20.8,180.79263305664062,106.36306762695312,3.8714635372161865,False,8.694771766662598,False,41,0,41,double,2.1186435198655156,127.11861119193094,JUMPING
521,20.84,183.4740753173828,107.3973617553711,1.0378923416137695,False,6.929874420166016,False,41,0,41,double,2.1186435198655156,127.11861119193094,JUMPING
522,20.88,181.912841796875,105.78890228271484,1.6086311340332031,False,4.979027271270752,False,41,0,41,double,2.1186435198655156,127.11861119193094,JUMPING
523,20.92,177.56710815429688,102.44251251220703,3.3485312461853027,False,4.408364772796631,True,41,0,41,double,2.1186435198655156,127.11861119193094,JUMPING
524,20.96,172.83412170410156,99.0305404663086,3.4121899604797363,False,4.301052570343018,True,41,0,41,double,2.1186435198655156,127.11861119193094,JUMPING
525,21.0,169.5410919189453,96.45137786865234,2.586012840270996,False,4.848938941955566,True,41,0,41,double,2.1186435198655156,127.11861119193094,JUMPING
526,21.04,167.49058532714844,95.07735443115234,1.3836591243743896,False,4.770748615264893,True,41,0,41,double,2.1186435198655156,127.11861119193094,JUMPING
527,21.08,167.0109100341797,94.6276626586914,0.4576190114021301,False,4.638917922973633,True,41,0,41,double,2.1186435198655156,127.11861119193094,JUMPING
528,21.12,168.27984619140625,95.68133544921875,1.0712703466415405,False,4.521475791931152,True,41,0,41,double,2.1186435198655156,127.11861119193094,JUMPING
529,21.16,169.21730041503906,96.59722900390625,0.921009361743927,False,4.7663679122924805,True,41,0,41,double,2.1186435198655156,127.11861119193094,JUMPING
530,21.2,171.55709838867188,99.24356842041016,2.6605732440948486,False,4.39168119430542,True,41,0,41,double,2.1186435198655156,127.11861119193094,JUMPING
531,21.24,175.33055114746094,102.5675048828125,3.324251890182495,False,3.8134984970092773,True,41,0,41,double,2.1186435198655156,127.11861119193094,JUMPING
532,21.28,180.0733642578125,107.14632415771484,4.581610202789307,False,3.9145333766937256,False,42,0,42,double,2.1186435198655156,127.11861119193094,JUMPING
533,21.32,181.99176025390625,108.95147705078125,1.8058642148971558,False,2.67136549949646,False,42,0,42,double,2.1186435198655156,127.11861119193094,JUMPING
534,21.36,179.9549560546875,106.7572021484375,2.2084403038024902,False,2.0187299251556396,False,42,0,42,double,2.1186435198655156,127.11861119193094,JUMPING
535,21.4,175.23074340820312,102.92469024658203,3.8526766300201416,False,2.3159446716308594,True,42,0,42,double,2.1186435198655156,127.11861119193094,JUMPING
536,21.44,170.80328369140625,99.42233276367188,3.513706684112549,False,3.429049015045166,True,42,0,42,double,2.1186435198655156,127.11861119193094,JUMPING
537,21.48,167.68023681640625,96.96443939208984,2.458975076675415,False,4.840056419372559,True,42,0,42,double,2.1186435198655156,127.11861119193094,JUMPING
538,21.52,166.51406860351562,95.78809356689453,1.18336021900177,False,5.684956073760986,True,42,0,42,double,2.1186435198655156,127.11861119193094,JUMPING
539,21.56,166.31307983398438,95.51239013671875,0.2766057252883911,False,6.023853302001953,True,42,0,42,double,2.1186435198655156,127.11861119193094,JUMPING
540,21.6,167.18496704101562,97.6802978515625,2.1735596656799316,False,6.3436431884765625,True,42,0,42,double,2.1186435198655156,127.11861119193094,JUMPING
541,21.64,170.43856811523438,100.96935272216797,3.294874668121338,False,6.660317897796631,True,42,0,42,double,2.1186435198655156,127.11861119193094,JUMPING
542,21.68,175.21060180664062,105.4084701538086,4.4460835456848145,False,6.808906555175781,True,42,0,42,double,2.1186435198655156,127.11861119193094,JUMPING
543,21.72,180.00973510742188,109.60073852539062,4.192631244659424,False,6.226097583770752,True,42,0,42,double,2.1186435198655156,127.11861119193094,JUMPING
544,21.76,184.2137451171875,111.51654815673828,1.9169504642486572,False,5.4282426834106445,False,43,0,43,double,2.083333638600222,125.00001831601332,JUMPING
545,21.8,185.63336181640625,112.11090850830078,0.5949760675430298,False,5.2199201583862305,False,43,0,43,double,2.083333638600222,125.00001831601332,JUMPING
546,21.84,184.05181884765625,110.0063247680664,2.127061367034912,False,3.291250467300415,False,43,0,43,double,2.083333638600222,125.00001831601332,JUMPING
547,21.88,178.0830535888672,104.70372772216797,5.30415678024292,False,3.679917335510254,True,43,0,43,double,2.083333638600222,125.00001831601332,JUMPING
548,21.92,172.89773559570312,100.5014877319336,4.204969882965088,False,5.143870830535889,True,43,0,43,double,2.083333638600222,125.00001831601332,JUMPING
549,21.96,169.8547821044922,98.13683319091797,2.385392665863037,False,6.843912124633789,True,43,0,43,double,2.083333638600222,125.00001831601332,JUMPING
550,22.0,168.7982177734375,97.25395965576172,0.8921344876289368,False,7.522719383239746,True,43,0,43,double,2.083333638600222,125.00001831601332,JUMPING
551,22.04,169.41221618652344,97.91266632080078,0.7021693587303162,False,7.915347099304199,True,43,0,43,double,2.083333638600222,125.00001831601332,JUMPING
552,22.08,171.12576293945312,99.8458023071289,1.9436290264129639,False,7.4073662757873535,True,43,0,43,double,2.083333638600222,125.00001831601332,JUMPING
553,22.12,172.60293579101562,101.09952545166016,1.2554067373275757,False,7.033902645111084,True,43,0,43,double,2.083333638600222,125.00001831601332,JUMPING
554,22.16,175.34005737304688,103.84941864013672,2.7637124061584473,False,7.501250743865967,True,43,0,43,double,2.083333638600222,125.00001831601332,JUMPING
555,22.2,180.77703857421875,109.07315826416016,5.224919319152832,False,6.886325836181641,False,44,0,44,double,2.083331957046438,124.99991742278627,JUMPING
556,22.24,183.8980712890625,111.8541259765625,2.781855821609497,False,6.385263442993164,False,44,0,44,double,2.083331957046438,124.99991742278627,JUMPING
557,22.28,183.48431396484375,110.39212799072266,1.598740816116333,False,2.905404567718506,False,44,0,44,double,2.083331957046438,124.99991742278627,JUMPING
558,22.32,181.58534240722656,106.65804290771484,3.734119176864624,False,2.108576774597168,True,44,0,44,double,2.083331957046438,124.99991742278627,JUMPING
559,22.36,175.79261779785156,103.1061019897461,3.5562939643859863,False,2.474332332611084,True,44,0,44,double,2.083331957046438,124.99991742278627,JUMPING
560,22.4,171.34393310546875,100.55874633789062,2.592463970184326,False,4.670633792877197,True,44,0,44,double,2.083331957046438,124.99991742278627,JUMPING
561,22.44,169.1871337890625,99.39579010009766,1.2177748680114746,False,6.07448148727417,True,44,0,44,double,2.083331957046438,124.99991742278627,JUMPING
562,22.48,168.40306091308594,98.86258697509766,0.534385085105896,False,6.843104839324951,True,44,0,44,double,2.083331957046438,124.99991742278627,JUMPING
563,22.52,169.24769592285156,99.66824340820312,0.8093069791793823,False,6.607930660247803,True,44,0,44,double,2.083331957046438,124.99991742278627,JUMPING
564,22.56,173.15652465820312,103.64348602294922,3.975299119949341,False,6.022475719451904,True,44,0,44,double,2.083331957046438,124.99991742278627,JUMPING
565,22.6,178.154052734375,108.3934097290039,4.751740455627441,False,5.3397417068481445,True,44,0,44,double,2.083331957046438,124.99991742278627,JUMPING
566,22.64,183.0791778564453,112.3131103515625,3.9215152263641357,False,5.437104225158691,False,45,0,45,double,2.1186452589056115,127.11871553433669,JUMPING
567,22.68,186.2681884765625,113.82669830322266,1.5135899782180786,False,4.6453680992126465,False,45,0,45,double,2.1186452589056115,127.11871553433669,JUMPING
568,22.72,185.30322265625,112.12044525146484,1.7067126035690308,False,2.4200806617736816,False,45,0,45,double,2.1186452589056115,127.11871553433669,JUMPING
569,22.76,184.38955688476562,110.7550277709961,1.3674132823944092,False,1.5828722715377808,False,45,0,45,double,2.1186452589056115,127.11871553433669,JUMPING
570,22.8,178.60025024414062,106.0815200805664,4.67395544052124,False,2.6061198711395264,True,45,0,45,double,2.1186452589056115,127.11871553433669,JUMPING
571,22.84,172.58843994140625,102.07806396484375,4.0035719871521,False,4.717487812042236,True,45,0,45,double,2.1186452589056115,127.11871553433669,JUMPING
572,22.88,169.54220581054688,100.25041961669922,1.828155517578125,False,6.3659868240356445,True,45,0,45,double,2.1186452589056115,127.11871553433669,JUMPING
573,22.92,168.5087127685547,98.72295379638672,1.528557300567627,False,7.108200550079346,True,45,0,45,double,2.1186452589056115,127.11871553433669,JUMPING
574,22.96,168.621337890625,98.16928100585938,0.5554602146148682,False,6.588200569152832,True,45,0,45,double,2.1186452589056115,127.11871553433669,JUMPING
575,23.0,169.55731201171875,99.4073257446289,1.3576757907867432,False,6.455851078033447,True,45,0,45,double,2.1186452589056115,127.11871553433669,JUMPING
576,23.04,172.70001220703125,102.74676513671875,3.346126079559326,False,5.838029861450195,True,45,0,45,double,2.1186452589056115,127.11871553433669,JUMPING
577,23.08,177.7703857421875,107.6336898803711,4.887068271636963,False,5.2936272621154785,True,45,0,45,double,2.1186452589056115,127.11871553433669,JUMPING
578,23.12,182.43057250976562,111.94188690185547,4.31179141998291,False,5.075185775756836,False,46,0,46,double,2.1186435198655156,127.11861119193094,JUMPING
579,23.16,184.67666625976562,113.34644317626953,1.408492922782898,False,4.4044342041015625,False,46,0,46,double,2.1186435198655156,127.11861119193094,JUMPING
580,23.2,183.38766479492188,111.3802719116211,1.9758814573287964,False,2.269324779510498,False,46,0,46,double,2.1186435198655156,127.11861119193094,JUMPING
581,23.24,182.30972290039062,110.00997924804688,1.3884164094924927,False,1.760708212852478,False,46,0,46,double,2.1186435198655156,127.11861119193094,JUMPING
582,23.28,176.6021728515625,105.1077651977539,4.910986423492432,False,1.6486209630966187,True,46,0,46,double,2.1186435198655156,127.11861119193094,JUMPING
583,23.32,170.80145263671875,100.5181655883789,4.5926923751831055,False,3.1541085243225098,True,46,0,46,double,2.1186435198655156,127.11861119193094,JUMPING
584,23.36,167.06597900390625,97.33956909179688,3.196387767791748,False,5.019751071929932,True,46,0,46,double,2.1186435198655156,127.11861119193094,JUMPING
585,23.4,165.56362915039062,95.91690063476562,1.4226685762405396,False,6.020998001098633,True,46,0,46,double,2.1186435198655156,127.11861119193094,JUMPING
586,23.44,166.2825927734375,96.6089096069336,0.696933388710022,False,6.274969577789307,True,46,0,46,double,2.1186435198655156,127.11861119193094,JUMPING
587,23.48,168.56973266601562,99.28008270263672,2.6800572872161865,False,6.559365272521973,True,46,0,46,double,2.1186435198655156,127.11861119193094,JUMPING
588,23.52,172.24684143066406,101.88668060302734,2.606785297393799,False,6.522559642791748,True,46,0,46,double,2.1186435198655156,127.11861119193094,JUMPING
589,23.56,177.19326782226562,105.7298812866211,3.849191427230835,False,7.010695934295654,True,46,0,46,double,2.1186435198655156,127.11861119193094,JUMPING
590,23.6,181.8271484375,108.87606048583984,3.1470565795898438,False,7.447599411010742,False,47,0,47,double,2.1551727526572564,129.31036515943538,JUMPING
591,23.64,184.01661682128906,109.77680206298828,0.9050490856170654,False,5.878031253814697,False,47,0,47,double,2.1551727526572564,129.31036515943538,JUMPING
592,23.68,185.05465698242188,110.03563690185547,0.41017821431159973,False,4.845815658569336,False,47,0,47,double,2.1551727526572564,129.31036515943538,JUMPING
593,23.72,179.41136169433594,105.43731689453125,4.599123001098633,False,3.8224945068359375,False,47,0,47,double,2.1551727526572564,129.31036515943538,JUMPING
594,23.76,173.90225219726562,101.632568359375,3.821688175201416,False,4.126254081726074,True,47,0,47,double,2.1551727526572564,129.31036515943538,JUMPING
595,23.8,170.79721069335938,99.29794311523438,2.334763765335083,False,4.400407791137695,True,47,0,47,double,2.1551727526572564,129.31036515943538,JUMPING
596,23.84,168.69406127929688,97.3282470703125,1.9808233976364136,False,5.686655521392822,True,47,0,47,double,2.1551727526572564,129.31036515943538,JUMPING
597,23.88,168.43763732910156,97.12915802001953,0.5224242806434631,False,6.762261390686035,True,47,0,47,double,2.1551727526572564,129.31036515943538,JUMPING
598,23.92,169.52862548828125,98.32337188720703,1.2570356130599976,False,7.664700984954834,True,47,0,47,double,2.1551727526572564,129.31036515943538,JUMPING
599,23.96,170.7181854248047,99.47589111328125,1.1638069152832031,False,7.336795330047607,True,47,0,47,double,2.1551727526572564,129.31036515943538,JUMPING
600,24.0,172.65264892578125,101.8593521118164,2.407545804977417,False,6.650542259216309,True,47,0,47,double,2.1551727526572564,129.31036515943538,JUMPING
601,24.04,179.3253631591797,107.2987289428711,5.442474842071533,False,6.044900894165039,False,48,0,48,double,2.1929817383715102,131.57890430229062,JUMPING
602,24.08,182.84017944335938,109.4227294921875,2.1249330043792725,False,4.629456043243408,False,48,0,48,double,2.1929817383715102,131.57890430229062,JUMPING
603,24.12,181.48776245117188,107.52923583984375,1.902642011642456,False,2.820502996444702,False,48,0,48,double,2.1929817383715102,131.57890430229062,JUMPING
604,24.16,180.13681030273438,106.19539642333984,1.3507641553878784,False,1.8802939653396606,False,48,0,48,double,2.1929817383715102,131.57890430229062,JUMPING
605,24.2,174.72897338867188,102.17657470703125,4.033299446105957,False,3.596189022064209,True,48,0,48,double,2.1929817383715102,131.57890430229062,JUMPING
606,24.24,171.40585327148438,99.91934967041016,2.2731049060821533,False,5.12787389755249,True,48,0,48,double,2.1929817383715102,131.57890430229062,JUMPING
607,24.28,168.11764526367188,97.43036651611328,2.5245840549468994,False,7.2075605392456055,True,48,0,48,double,2.1929817383715102,131.57890430229062,JUMPING
608,24.32,166.37149047851562,96.3000259399414,1.1353816986083984,False,8.294978141784668,True,48,0,48,double,2.1929817383715102,131.57890430229062,JUMPING
609,24.36,166.55755615234375,96.5058364868164,0.2286415696144104,False,8.177801132202148,True,48,0,48,double,2.1929817383715102,131.57890430229062,JUMPING
610,24.4,169.43258666992188,99.43133544921875,2.9274795055389404,False,8.159954071044922,True,48,0,48,double,2.1929817383715102,131.57890430229062,JUMPING
611,24.44,173.51416015625,103.48050689697266,4.050118446350098,False,7.385278224945068,True,48,0,48,double,2.1929817383715102,131.57890430229062,JUMPING
612,24.48,176.14932250976562,105.63106536865234,2.1601996421813965,False,6.704159259796143,False,49,0,49,double,2.1929836015903206,131.57901609541923,JUMPING
613,24.52,182.11810302734375,109.29674530029297,3.6683754920959473,False,5.991231441497803,False,49,0,49,double,2.1929836015903206,131.57901609541923,JUMPING
614,24.56,182.30227661132812,108.80944061279297,0.5619884133338928,False,3.930990695953369,False,49,0,49,double,2.1929836015903206,131.57901609541923,JUMPING
615,24.6,178.52609252929688,105.69219970703125,3.117274284362793,False,3.3413193225860596,False,49,0,49,double,2.1929836015903206,131.57901609541923,JUMPING
616,24.64,174.88027954101562,102.29013061523438,3.4023847579956055,False,4.08819580078125,True,49,0,49,double,2.1929836015903206,131.57901609541923,JUMPING
617,24.68,171.11207580566406,99.03397369384766,3.2727527618408203,False,5.632333755493164,True,49,0,49,double,2.1929836015903206,131.57901609541923,JUMPING
618,24.72,168.54629516601562,96.8409423828125,2.197629690170288,False,7.892299652099609,True,49,0,49,double,2.1929836015903206,131.57901609541923,JUMPING
619,24.76,167.35940551757812,96.07401275634766,0.7674123048782349,False,8.710533142089844,True,49,0,49,double,2.1929836015903206,131.57901609541923,JUMPING
620,24.8,167.93780517578125,96.27787017822266,0.5450798273086548,False,7.899947166442871,True,49,0,49,double,2.1929836015903206,131.57901609541923,JUMPING
621,24.84,169.38742065429688,98.38470458984375,2.110586404800415,False,7.775813579559326,True,49,0,49,double,2.1929836015903206,131.57901609541923,JUMPING
622,24.88,172.47525024414062,101.5094223022461,3.1296000480651855,False,7.269705295562744,True,49,0,49,double,2.1929836015903206,131.57901609541923,JUMPING
623,24.92,176.8453369140625,105.5029525756836,3.9955520629882812,False,6.426666259765625,False,50,0,50,double,2.1929817383715102,131.57890430229062,JUMPING
624,24.96,181.61766052246094,108.7603759765625,3.2575886249542236,False,6.825987815856934,False,50,0,50,double,2.1929817383715102,131.57890430229062,JUMPING
625,25.0,183.73806762695312,110.25531768798828,1.4979722499847412,False,6.839025497436523,False,50,0,50,double,2.1929817383715102,131.57890430229062,JUMPING
626,25.04,183.41043090820312,109.95685577392578,0.46712735295295715,False,3.927304744720459,False,50,0,50,double,2.1929817383715102,131.57890430229062,JUMPING
627,25.08,177.44345092773438,104.99370574951172,4.963237285614014,False,5.327615261077881,True,50,0,50,double,2.1929817383715102,131.57890430229062,JUMPING
628,25.12,172.3118133544922,100.98023223876953,4.015429496765137,False,5.781622409820557,True,50,0,50,double,2.1929817383715102,131.57890430229062,JUMPING
629,25.16,168.89877319335938,98.3071517944336,2.6963963508605957,False,6.745868682861328,True,50,0,50,double,2.1929817383715102,131.57890430229062,JUMPING
630,25.2,167.2820587158203,96.48551177978516,1.8547013998031616,False,6.430405616760254,True,50,0,50,double,2.1929817383715102,131.57890430229062,JUMPING
631,25.24,167.85400390625,96.86800384521484,0.5613138675689697,False,6.127943515777588,True,50,0,50,double,2.1929817383715102,131.57890430229062,JUMPING
632,25.28,169.57333374023438,98.85873413085938,2.0440614223480225,False,6.482317924499512,True,50,0,50,double,2.1929817383715102,131.57890430229062,JUMPING
633,25.32,173.0625762939453,102.24626922607422,3.422097682952881,False,6.696436882019043,True,50,0,50,double,2.1929817383715102,131.57890430229062,JUMPING
634,25.36,177.99703979492188,106.71202850341797,4.466227054595947,False,6.902446269989014,True,50,0,50,double,2.1929817383715102,131.57890430229062,JUMPING
635,25.4,182.3263702392578,110.04637908935547,3.3583085536956787,False,7.229513168334961,False,51,0,51,double,2.1929836015903206,131.57901609541923,JUMPING
636,25.44,183.95797729492188,110.49066162109375,0.4818366765975952,False,4.2646942138671875,False,51,0,51,double,2.1929836015903206,131.57901609541923,JUMPING
637,25.48,184.30462646484375,110.20947265625,0.29879269003868103,False,2.2711222171783447,False,51,0,51,double,2.1929836015903206,131.57901609541923,JUMPING
638,25.52,178.74911499023438,105.77752685546875,4.441071510314941,False,2.357489585876465,True,51,0,51,double,2.1929836015903206,131.57901609541923,JUMPING
639,25.56,175.14515686035156,103.10236358642578,2.678367853164673,False,2.7032854557037354,True,51,0,51,double,2.1929836015903206,131.57901609541923,JUMPING
640,25.6,169.8288116455078,99.40869140625,3.7634787559509277,False,7.210996150970459,True,51,0,51,double,2.1929836015903206,131.57901609541923,JUMPING
641,25.64,166.94093322753906,97.4687271118164,1.9696922302246094,False,10.0675687789917,True,51,0,51,double,2.1929836015903206,131.57901609541923,JUMPING
642,25.68,166.06556701660156,96.96622467041016,0.8548463582992554,False,11.551009178161621,True,51,0,51,double,2.1929836015903206,131.57901609541923,JUMPING
643,25.72,167.20639038085938,98.45986938476562,1.6278494596481323,False,11.77118968963623,True,51,0,51,double,2.1929836015903206,131.57901609541923,JUMPING
644,25.76,170.46026611328125,101.1258544921875,2.7576615810394287,False,11.807581901550293,True,51,0,51,double,2.1929836015903206,131.57901609541923,JUMPING
645,25.8,175.25881958007812,105.1336441040039,4.031271457672119,False,11.12258529663086,False,52,0,52,double,2.272728516543888,136.3637109926333,JUMPING
646,25.84,180.2349395751953,109.15802764892578,4.070827484130859,False,9.983019828796387,False,52,0,52,double,2.272728516543888,136.3637109926333,JUMPING
647,25.88,183.6123046875,111.4887924194336,2.3533403873443604,False,9.276101112365723,False,52,0,52,double,2.272728516543888,136.3637109926333,JUMPING
648,25.92,185.2821044921875,112.25765228271484,0.7984176278114319,False,8.119941711425781,False,52,0,52,double,2.272728516543888,136.3637109926333,JUMPING
649,25.96,179.718994140625,108.18707275390625,4.109600067138672,False,6.009666442871094,False,52,0,52,double,2.272728516543888,136.3637109926333,JUMPING
650,26.0,174.67160034179688,103.8536605834961,4.335041046142578,False,5.536425590515137,True,52,0,52,double,2.272728516543888,136.3637109926333,JUMPING
651,26.04,170.35601806640625,100.28372192382812,3.5699453353881836,False,6.960229396820068,True,52,0,52,double,2.272728516543888,136.3637109926333,JUMPING
652,26.08,167.34902954101562,97.71349334716797,2.665945053100586,False,8.409638404846191,True,52,0,52,double,2.272728516543888,136.3637109926333,JUMPING
653,26.12,166.44732666015625,96.5836410522461,1.1448999643325806,False,9.62551498413086,True,52,0,52,double,2.272728516543888,136.3637109926333,JUMPING
654,26.16,166.76019287109375,97.13671875,0.754732072353363,False,9.128715515136719,True,52,0,52,double,2.272728516543888,136.3637109926333,JUMPING
655,26.2,168.81503295898438,99.04642486572266,1.913711428642273,False,8.544771194458008,True,52,0,52,double,2.272728516543888,136.3637109926333,JUMPING
656,26.24,174.87339782714844,104.85669708251953,5.815464019775391,False,8.227344512939453,False,53,0,53,double,2.272728516543888,136.3637109926333,JUMPING
657,26.28,180.18089294433594,108.45894622802734,3.602720260620117,False,7.613861560821533,False,53,0,53,double,2.272728516543888,136.3637109926333,JUMPING
658,26.32,182.94247436523438,110.263427734375,1.813409686088562,False,7.472160816192627,False,53,0,53,double,2.272728516543888,136.3637109926333,JUMPING
659,26.36,184.275634765625,111.09017181396484,0.8447328805923462,False,7.370238304138184,False,53,0,53,double,2.272728516543888,136.3637109926333,JUMPING
660,26.4,180.60398864746094,107.92932891845703,3.1643550395965576,False,6.601480007171631,False,53,0,53,double,2.272728516543888,136.3637109926333,JUMPING
661,26.44,176.82598876953125,104.26398468017578,3.6656699180603027,False,6.100469589233398,True,53,0,53,double,2.272728516543888,136.3637109926333,JUMPING
662,26.48,172.041259765625,100.8785400390625,3.3857126235961914,False,6.123559474945068,True,53,0,53,double,2.272728516543888,136.3637109926333,JUMPING
663,26.52,168.68527221679688,98.16790771484375,2.7106375694274902,False,7.623129367828369,True,53,0,53,double,2.272728516543888,136.3637109926333,JUMPING
664,26.56,167.25311279296875,97.04151153564453,1.1269049644470215,False,8.538470268249512,True,53,0,53,double,2.272728516543888,136.3637109926333,JUMPING
665,26.6,167.00880432128906,96.69818878173828,0.343354195356369,False,8.9277982711792,True,53,0,53,double,2.272728516543888,136.3637109926333,JUMPING
666,26.64,168.16720581054688,97.35107421875,0.696058452129364,False,8.602965354919434,True,53,0,53,double,2.272728516543888,136.3637109926333,JUMPING
667,26.68,170.61456298828125,99.55242156982422,2.204162120819092,False,9.029080390930176,True,53,0,53,double,2.272728516543888,136.3637109926333,JUMPING
668,26.72,176.63470458984375,105.0113525390625,5.459916591644287,False,8.513087272644043,True,53,0,53,double,2.272728516543888,136.3637109926333,JUMPING
669,26.76,181.83261108398438,110.26143646240234,5.2509989738464355,False,7.557436943054199,False,54,0,54,double,2.1929817383715102,131.57890430229062,JUMPING
670,26.8,183.64231872558594,110.90857696533203,0.6938007473945618,False,5.694316864013672,False,54,0,54,double,2.1929817383715102,131.57890430229062,JUMPING
671,26.84,182.1761474609375,107.9791259765625,2.943791389465332,False,3.3022396564483643,False,54,0,54,double,2.1929817383715102,131.57890430229062,JUMPING
672,26.88,177.8498992919922,104.40325927734375,3.5758681297302246,False,3.85139799118042,True,54,0,54,double,2.1929817383715102,131.57890430229062,JUMPING
673,26.92,173.5889892578125,101.28164672851562,3.1216297149658203,False,4.345667839050293,True,54,0,54,double,2.1929817383715102,131.57890430229062,JUMPING
674,26.96,169.98391723632812,99.57574462890625,1.7697703838348389,False,6.23366117477417,True,54,0,54,double,2.1929817383715102,131.57890430229062,JUMPING
675,27.0,168.01730346679688,99.2576675415039,0.5923861265182495,False,7.452926158905029,True,54,0,54,double,2.1929817383715102,131.57890430229062,JUMPING
676,27.04,168.50607299804688,98.38024139404297,0.9276275634765625,False,7.435598850250244,True,54,0,54,double,2.1929817383715102,131.57890430229062,JUMPING
677,27.08,169.21542358398438,98.1548080444336,0.394927442073822,False,7.480865955352783,True,54,0,54,double,2.1929817383715102,131.57890430229062,JUMPING
678,27.12,172.88134765625,101.4103775024414,3.2616536617279053,False,8.08968734741211,True,54,0,54,double,2.1929817383715102,131.57890430229062,JUMPING
679,27.16,177.57247924804688,105.615966796875,4.206910610198975,False,8.825624465942383,False,55,0,55,double,2.232143085221878,133.9285851133127,JUMPING
680,27.2,179.87969970703125,108.12222290039062,2.5081419944763184,False,9.290891647338867,False,55,0,55,double,2.232143085221878,133.9285851133127,JUMPING
681,27.24,183.12660217285156,110.62006378173828,2.5020835399627686,False,9.635015487670898,False,55,0,55,double,2.232143085221878,133.9285851133127,JUMPING
682,27.28,182.2576141357422,108.7093276977539,1.911117434501648,False,7.210897445678711,False,55,0,55,double,2.232143085221878,133.9285851133127,JUMPING
683,27.32,181.646484375,107.15948486328125,1.5512664318084717,False,6.532954692840576,False,55,0,55,double,2.232143085221878,133.9285851133127,JUMPING
684,27.36,176.43997192382812,103.1761245727539,4.0115647315979,False,6.410451889038086,True,55,0,55,double,2.232143085221878,133.9285851133127,JUMPING
685,27.4,173.40208435058594,100.78695678710938,2.3955764770507812,False,6.5229387283325195,True,55,0,55,double,2.232143085221878,133.9285851133127,JUMPING
686,27.44,170.8837890625,98.8695068359375,1.9174505472183228,False,7.268829345703125,True,55,0,55,double,2.232143085221878,133.9285851133127,JUMPING
687,27.48,170.25924682617188,98.3052978515625,0.5690090656280518,False,7.875637054443359,True,55,0,55,double,2.232143085221878,133.9285851133127,JUMPING
688,27.52,171.50067138671875,99.2109375,0.9088463187217712,False,8.029505729675293,True,55,0,55,double,2.232143085221878,133.9285851133127,JUMPING
689,27.56,174.00442504882812,102.41316986083984,3.2022547721862793,False,7.984512805938721,True,55,0,55,double,2.232143085221878,133.9285851133127,JUMPING
690,27.6,175.4873046875,104.32923126220703,1.9190188646316528,False,8.245466232299805,True,55,0,55,double,2.232143085221878,133.9285851133127,JUMPING
691,27.64,180.87112426757812,109.80047607421875,5.47587776184082,False,8.15331745147705,False,56,0,56,double,2.232143085221878,133.9285851133127,JUMPING
692,27.68,183.9017791748047,112.63287353515625,2.832397937774658,False,8.128172874450684,False,56,0,56,double,2.232143085221878,133.9285851133127,JUMPING
693,27.72,185.3852081298828,113.211181640625,0.5859852433204651,False,6.194761276245117,False,56,0,56,double,2.232143085221878,133.9285851133127,JUMPING
694,27.76,179.8326416015625,108.86368560791016,4.348653316497803,False,5.216394424438477,False,56,0,56,double,2.232143085221878,133.9285851133127,JUMPING
695,27.8,173.89718627929688,104.7964096069336,4.06852912902832,False,3.9276342391967773,True,56,0,56,double,2.232143085221878,133.9285851133127,JUMPING
696,27.84,170.34396362304688,102.16683959960938,2.6449501514434814,False,4.134011268615723,True,56,0,56,double,2.232143085221878,133.9285851133127,JUMPING
697,27.88,167.80490112304688,98.86566925048828,3.323965072631836,False,5.809446334838867,True,56,0,56,double,2.232143085221878,133.9285851133127,JUMPING
698,27.92,166.77894592285156,97.36740112304688,1.515114665031433,False,6.838894844055176,True,56,0,56,double,2.232143085221878,133.9285851133127,JUMPING
699,27.96,166.84054565429688,97.02339935302734,0.42646387219429016,False,6.571157932281494,True,56,0,56,double,2.232143085221878,133.9285851133127,JUMPING
700,28.0,169.02285766601562,99.38208770751953,2.407038927078247,False,7.002474784851074,True,56,0,56,double,2.232143085221878,133.9285851133127,JUMPING
701,28.04,172.30117797851562,102.98001098632812,3.658390998840332,False,7.266017913818359,True,56,0,56,double,2.232143085221878,133.9285851133127,JUMPING
702,28.08,177.25021362304688,107.5323486328125,4.556617736816406,False,7.395096778869629,False,57,0,57,double,2.1929817383715102,131.57890430229062,JUMPING
703,28.12,179.83493041992188,110.03448486328125,2.5023579597473145,False,7.598161697387695,False,57,0,57,double,2.1929817383715102,131.57890430229062,JUMPING
704,28.16,183.20809936523438,111.76895141601562,1.7344802618026733,False,7.1790056228637695,False,57,0,57,double,2.1929817383715102,131.57890430229062,JUMPING
705,28.2,184.36294555664062,111.07134246826172,0.7023869156837463,False,5.130247116088867,False,57,0,57,double,2.1929817383715102,131.57890430229062,JUMPING
706,28.24,179.51348876953125,105.78759765625,5.288628101348877,False,5.289311408996582,False,57,0,57,double,2.1929817383715102,131.57890430229062,JUMPING
707,28.28,174.18128967285156,101.4135971069336,4.37947416305542,False,4.87363338470459,True,57,0,57,double,2.1929817383715102,131.57890430229062,JUMPING
708,28.32,169.46656799316406,98.45931243896484,2.955738067626953,False,5.984475612640381,True,57,0,57,double,2.1929817383715102,131.57890430229062,JUMPING
709,28.36,166.84414672851562,96.3305435180664,2.1287972927093506,False,7.147195339202881,True,57,0,57,double,2.1929817383715102,131.57890430229062,JUMPING
710,28.4,166.07501220703125,95.38525390625,0.9493921995162964,False,7.499476909637451,True,57,0,57,double,2.1929817383715102,131.57890430229062,JUMPING
711,28.44,167.37796020507812,96.8710708618164,1.507941484451294,False,6.335038185119629,True,57,0,57,double,2.1929817383715102,131.57890430229062,JUMPING
712,28.48,170.46885681152344,99.16696166992188,2.296832323074341,False,5.759673118591309,True,57,0,57,double,2.1929817383715102,131.57890430229062,JUMPING
713,28.52,172.41204833984375,100.9390640258789,1.775045394897461,False,5.033346652984619,True,57,0,57,double,2.1929817383715102,131.57890430229062,JUMPING
714,28.56,176.1092987060547,104.0154037475586,3.110269546508789,False,4.14153528213501,False,58,0,58,double,2.1551727526572564,129.31036515943538,JUMPING
715,28.6,181.28970336914062,107.27298736572266,3.265524387359619,False,3.981395721435547,False,58,0,58,double,2.1551727526572564,129.31036515943538,JUMPING
716,28.64,183.797119140625,108.87406158447266,1.6054952144622803,False,4.1387763023376465,False,58,0,58,double,2.1551727526572564,129.31036515943538,JUMPING
717,28.68,182.65780639648438,106.739990234375,2.136070966720581,False,2.1601364612579346,False,58,0,58,double,2.1551727526572564,129.31036515943538,JUMPING
718,28.72,175.84873962402344,101.7086410522461,5.031355381011963,False,2.479249954223633,True,58,0,58,double,2.1551727526572564,129.31036515943538,JUMPING
719,28.76,170.86196899414062,97.97032928466797,3.7385356426239014,False,4.609709739685059,True,58,0,58,double,2.1551727526572564,129.31036515943538,JUMPING
720,28.8,168.27171325683594,95.94332122802734,2.0334599018096924,False,6.8510870933532715,True,58,0,58,double,2.1551727526572564,129.31036515943538,JUMPING
721,28.84,166.92066955566406,95.01693725585938,1.0473994016647339,False,7.47186279296875,True,58,0,58,double,2.1551727526572564,129.31036515943538,JUMPING
722,28.88,167.42369079589844,95.91313934326172,0.926243782043457,False,7.846521377563477,True,58,0,58,double,2.1551727526572564,129.31036515943538,JUMPING
723,28.92,169.98941040039062,97.9438247680664,2.0338058471679688,False,8.023576736450195,True,58,0,58,double,2.1551727526572564,129.31036515943538,JUMPING
724,28.96,173.86846923828125,101.83455657958984,3.8926033973693848,False,7.745748043060303,True,58,0,58,double,2.1551727526572564,129.31036515943538,JUMPING
725,29.0,176.18905639648438,104.20035552978516,2.3661179542541504,False,7.026087760925293,False,59,0,59,double,2.232143085221878,133.9285851133127,JUMPING
726,29.04,181.59127807617188,108.09485626220703,3.8949177265167236,False,7.69863748550415,False,59,0,59,double,2.232143085221878,133.9285851133127,JUMPING
727,29.08,182.70730590820312,108.896484375,0.9416633248329163,False,6.592922210693359,False,59,0,59,double,2.232143085221878,133.9285851133127,JUMPING
728,29.12,179.7080841064453,106.00406646728516,2.8933000564575195,False,6.972297191619873,False,59,0,59,double,2.232143085221878,133.9285851133127,JUMPING
729,29.16,176.08871459960938,102.7358169555664,3.348907947540283,False,7.443624019622803,True,59,0,59,double,2.232143085221878,133.9285851133127,JUMPING
730,29.2,170.41307067871094,99.68184661865234,3.0613086223602295,False,7.429988861083984,True,59,0,59,double,2.232143085221878,133.9285851133127,JUMPING
731,29.24,167.51510620117188,98.0356674194336,1.674660325050354,False,6.785053253173828,True,59,0,59,double,2.232143085221878,133.9285851133127,JUMPING
732,29.28,164.98416137695312,96.42827606201172,1.6382545232772827,False,6.801311016082764,True,59,0,59,double,2.232143085221878,133.9285851133127,JUMPING
733,29.32,164.1864013671875,95.46060180664062,0.9913067817687988,False,6.339500427246094,True,59,0,59,double,2.232143085221878,133.9285851133127,JUMPING
734,29.36,165.64028930664062,97.51630401611328,2.0805344581604004,False,6.7291741371154785,True,59,0,59,double,2.232143085221878,133.9285851133127,JUMPING
735,29.4,168.71926879882812,100.4681625366211,2.9554953575134277,False,6.0331525802612305,True,59,0,59,double,2.232143085221878,133.9285851133127,JUMPING
736,29.44,170.75474548339844,102.18386840820312,1.7235379219055176,False,5.752663612365723,True,59,0,59,double,2.232143085221878,133.9285851133127,JUMPING
737,29.48,176.91696166992188,107.25201416015625,5.078221321105957,False,6.113730430603027,False,60,0,60,double,2.1551727526572564,129.31036515943538,JUMPING
738,29.52,180.23463439941406,110.034912109375,2.784823417663574,False,6.538761138916016,False,60,0,60,double,2.1551727526572564,129.31036515943538,JUMPING
739,29.56,179.82839965820312,108.78839111328125,1.3201258182525635,False,4.4920477867126465,False,60,0,60,double,2.1551727526572564,129.31036515943538,JUMPING
740,29.6,179.21847534179688,107.63851165771484,1.193010687828064,False,3.0525848865509033,False,60,0,60,double,2.1551727526572564,129.31036515943538,JUMPING
741,29.64,173.9065704345703,103.134521484375,4.515930652618408,False,4.978503227233887,True,60,0,60,double,2.1551727526572564,129.31036515943538,JUMPING
742,29.68,168.97705078125,98.89507293701172,4.2459492683410645,False,6.522527694702148,True,60,0,60,double,2.1551727526572564,129.31036515943538,JUMPING
743,29.72,166.6270751953125,96.94976806640625,1.9462898969650269,False,7.105129718780518,True,60,0,60,double,2.1551727526572564,129.31036515943538,JUMPING
744,29.76,164.95321655273438,95.47704315185547,1.5084631443023682,False,7.617073059082031,True,60,0,60,double,2.1551727526572564,129.31036515943538,JUMPING
745,29.8,164.32989501953125,95.0071792602539,0.4762958288192749,False,8.285314559936523,True,60,0,60,double,2.1551727526572564,129.31036515943538,JUMPING
746,29.84,166.52920532226562,97.6015396118164,2.6105761528015137,False,8.14641284942627,True,60,0,60,double,2.1551727526572564,129.31036515943538,JUMPING
747,29.88,167.95306396484375,99.17938995361328,1.5808080434799194,False,8.69119930267334,True,60,0,60,double,2.1551727526572564,129.31036515943538,JUMPING
748,29.92,171.27284240722656,102.24075317382812,3.066814661026001,False,7.62058687210083,True,60,0,60,double,2.1551727526572564,129.31036515943538,JUMPING
749,29.96,175.8245849609375,106.22539520263672,4.000026702880859,False,7.264153003692627,False,61,0,61,double,2.1551727526572564,129.31036515943538,JUMPING
750,30.0,180.96109008789062,109.42569732666016,3.217113733291626,False,6.8738484382629395,False,61,0,61,double,2.1551727526572564,129.31036515943538,JUMPING
751,30.04,180.10296630859375,109.1410903930664,0.6792393326759338,False,5.971706390380859,False,61,0,61,double,2.1551727526572564,129.31036515943538,JUMPING
752,30.08,179.29464721679688,109.08428955078125,0.19713446497917175,False,5.418652057647705,False,61,0,61,double,2.1551727526572564,129.31036515943538,JUMPING
753,30.12,173.02049255371094,103.41839599609375,5.667398929595947,False,5.332710266113281,True,61,0,61,double,2.1551727526572564,129.31036515943538,JUMPING
754,30.16,168.05892944335938,98.83407592773438,4.584794521331787,False,5.914201736450195,True,61,0,61,double,2.1551727526572564,129.31036515943538,JUMPING
755,30.2,165.66331481933594,96.33690643310547,2.5276219844818115,False,5.995906352996826,True,61,0,61,double,2.1551727526572564,129.31036515943538,JUMPING
756,30.24,164.15768432617188,95.1386489868164,1.290165901184082,False,7.012689590454102,True,61,0,61,double,2.1551727526572564,129.31036515943538,JUMPING
757,30.28,164.05322265625,95.09344482421875,0.27610260248184204,False,7.080069541931152,True,61,0,61,double,2.1551727526572564,129.31036515943538,JUMPING
758,30.32,168.06686401367188,98.5395736694336,3.4589905738830566,False,7.564427852630615,True,61,0,61,double,2.1551727526572564,129.31036515943538,JUMPING
759,30.36,173.0489044189453,102.7628402709961,4.2260918617248535,False,7.48055362701416,True,61,0,61,double,2.1551727526572564,129.31036515943538,JUMPING
760,30.4,176.0261688232422,105.2020492553711,2.44388747215271,False,6.95157527923584,False,62,0,62,double,2.1551727526572564,129.31036515943538,JUMPING
761,30.44,181.31317138671875,108.40316009521484,3.207948684692383,False,5.401334762573242,False,62,0,62,double,2.1551727526572564,129.31036515943538,JUMPING
762,30.48,181.35409545898438,107.72313690185547,0.7236201763153076,False,3.2939958572387695,False,62,0,62,double,2.1551727526572564,129.31036515943538,JUMPING
763,30.52,178.3607177734375,104.74613189697266,3.0076241493225098,False,2.2785651683807373,False,62,0,62,double,2.1551727526572564,129.31036515943538,JUMPING
764,30.56,174.368896484375,101.38922119140625,3.4825053215026855,False,3.6404736042022705,True,62,0,62,double,2.1551727526572564,129.31036515943538,JUMPING
765,30.6,170.3223419189453,98.427978515625,2.9612553119659424,False,4.973461151123047,True,62,0,62,double,2.1551727526572564,129.31036515943538,JUMPING
766,30.64,167.58950805664062,96.20508575439453,2.2323684692382812,False,6.7585129737854,True,62,0,62,double,2.1551727526572564,129.31036515943538,JUMPING
767,30.68,166.75405883789062,95.6307601928711,0.5857614874839783,False,7.038010597229004,True,62,0,62,double,2.1551727526572564,129.31036515943538,JUMPING
768,30.72,166.67416381835938,95.16787719726562,0.6402626037597656,False,7.3551836013793945,True,62,0,62,double,2.1551727526572564,129.31036515943538,JUMPING
769,30.76,168.09617614746094,96.09613037109375,0.9301607012748718,False,6.91542911529541,True,62,0,62,double,2.1551727526572564,129.31036515943538,JUMPING
770,30.8,170.64108276367188,98.8506088256836,2.760357618331909,False,6.500882625579834,True,62,0,62,double,2.1551727526572564,129.31036515943538,JUMPING
771,30.84,177.02639770507812,104.89762115478516,6.050455570220947,False,5.352718353271484,False,63,0,63,double,2.1929817383715102,131.57890430229062,JUMPING
772,30.88,181.60183715820312,108.77718353271484,3.8833041191101074,False,4.722739219665527,False,63,0,63,double,2.1929817383715102,131.57890430229062,JUMPING
773,30.92,182.3370819091797,109.7029037475586,0.9558212161064148,False,2.739724636077881,False,63,0,63,double,2.1929817383715102,131.57890430229062,JUMPING
774,30.96,179.74537658691406,107.0439453125,2.7013440132141113,False,2.050407648086548,False,63,0,63,double,2.1929817383715102,131.57890430229062,JUMPING
775,31.0,178.05584716796875,105.25796508789062,1.808396339416504,False,2.1868398189544678,False,63,0,63,double,2.1929817383715102,131.57890430229062,JUMPING
776,31.04,174.08993530273438,101.62532806396484,3.6438872814178467,False,3.376194953918457,True,63,0,63,double,2.1929817383715102,131.57890430229062,JUMPING
777,31.08,168.43072509765625,97.65692138671875,3.9961745738983154,False,5.053699016571045,True,63,0,63,double,2.1929817383715102,131.57890430229062,JUMPING
778,31.12,165.94004821777344,95.67530059814453,1.9970394372940063,False,5.354945182800293,True,63,0,63,double,2.1929817383715102,131.57890430229062,JUMPING
779,31.16,164.64654541015625,95.09488677978516,0.5813623070716858,False,5.52703857421875,True,63,0,63,double,2.1929817383715102,131.57890430229062,JUMPING
780,31.2,164.09030151367188,95.2689437866211,0.42302677035331726,False,5.552067756652832,True,63,0,63,double,2.1929817383715102,131.57890430229062,JUMPING
781,31.24,167.0543212890625,99.32412719726562,4.1424174308776855,False,5.295605182647705,True,63,0,63,double,2.1929817383715102,131.57890430229062,JUMPING
782,31.28,171.66136169433594,103.8191146850586,4.529986381530762,False,5.194281578063965,True,63,0,63,double,2.1929817383715102,131.57890430229062,JUMPING
783,31.32,177.19985961914062,108.415771484375,4.597238540649414,False,6.111067771911621,False,64,0,64,double,2.1551727526572564,129.31036515943538,JUMPING
784,31.36,182.1898956298828,110.09149932861328,1.6807957887649536,False,5.8368024826049805,False,64,0,64,double,2.1551727526572564,129.31036515943538,JUMPING
785,31.4,181.92808532714844,108.41473388671875,1.7229546308517456,False,3.814418077468872,False,64,0,64,double,2.1551727526572564,129.31036515943538,JUMPING
786,31.44,177.64418029785156,105.02388763427734,3.3933420181274414,False,3.764235496520996,False,64,0,64,double,2.1551727526572564,129.31036515943538,JUMPING
787,31.48,172.78285217285156,101.40673828125,3.61735463142395,False,4.840248107910156,True,64,0,64,double,2.1551727526572564,129.31036515943538,JUMPING
788,31.52,168.737060546875,98.69071197509766,2.726412057876587,False,5.43977689743042,True,64,0,64,double,2.1551727526572564,129.31036515943538,JUMPING
789,31.56,166.48756408691406,97.21024322509766,1.483367919921875,False,5.521797180175781,True,64,0,64,double,2.1551727526572564,129.31036515943538,JUMPING
790,31.6,165.3873291015625,96.387939453125,0.8324267864227295,False,6.482032299041748,True,64,0,64,double,2.1551727526572564,129.31036515943538,JUMPING
791,31.64,166.0004425048828,97.3309555053711,0.982837975025177,False,6.051887035369873,True,64,0,64,double,2.1551727526572564,129.31036515943538,JUMPING
792,31.68,166.56719970703125,98.2891616821289,1.0159903764724731,False,6.283761024475098,True,64,0,64,double,2.1551727526572564,129.31036515943538,JUMPING
793,31.72,171.779052734375,102.8769760131836,4.587840557098389,False,6.82658576965332,True,64,0,64,double,2.1551727526572564,129.31036515943538,JUMPING
794,31.76,177.3743896484375,107.49555206298828,4.619171142578125,False,6.48670768737793,False,65,0,65,double,2.1929817383715102,131.57890430229062,JUMPING
795,31.8,182.1308135986328,110.33441162109375,2.858546257019043,False,6.213024616241455,False,65,0,65,double,2.1929817383715102,131.57890430229062,JUMPING
796,31.84,182.1376953125,110.72283172607422,0.5535600781440735,False,4.460180282592773,False,65,0,65,double,2.1929817383715102,131.57890430229062,JUMPING
797,31.88,181.71934509277344,111.60897827148438,0.9471197724342346,False,3.829192638397217,False,65,0,65,double,2.1929817383715102,131.57890430229062,JUMPING
798,31.92,175.0097198486328,105.98849487304688,5.624636173248291,False,4.146893501281738,True,65,0,65,double,2.1929817383715102,131.57890430229062,JUMPING
799,31.96,171.16915893554688,102.04095458984375,3.9587130546569824,False,4.164756774902344,True,65,0,65,double,2.1929817383715102,131.57890430229062,JUMPING
800,32.0,166.93414306640625,97.98699951171875,4.107641696929932,False,4.1482343673706055,True,65,0,65,double,2.1929817383715102,131.57890430229062,JUMPING
801,32.04,164.82345581054688,95.96321868896484,2.0679914951324463,False,4.652370929718018,True,65,0,65,double,2.1929817383715102,131.57890430229062,JUMPING
802,32.08,164.46559143066406,95.2598648071289,0.7254029512405396,False,5.187995433807373,True,65,0,65,double,2.1929817383715102,131.57890430229062,JUMPING
803,32.12,166.85047912597656,97.52444458007812,2.290714740753174,False,5.657243251800537,True,65,0,65,double,2.1929817383715102,131.57890430229062,JUMPING
804,32.16,167.936767578125,99.11150360107422,1.5924091339111328,False,5.3047776222229,True,65,0,65,double,2.1929817383715102,131.57890430229062,JUMPING
805,32.2,174.85104370117188,104.52978515625,5.419247150421143,False,5.072307586669922,False,66,0,66,double,2.2321411548670516,133.9284692920231,JUMPING
806,32.24,178.74087524414062,107.34295654296875,2.813920497894287,False,5.16785192489624,False,66,0,66,double,2.2321411548670516,133.9284692920231,JUMPING
807,32.28,181.01864624023438,110.19640350341797,2.878350019454956,False,2.236121892929077,False,66,0,66,double,2.2321411548670516,133.9284692920231,JUMPING
808,32.32,178.6869354248047,107.48492431640625,2.7115440368652344,False,2.484971284866333,False,66,0,66,double,2.2321411548670516,133.9284692920231,JUMPING
809,32.36,174.3560333251953,103.52672576904297,3.960418939590454,False,3.6367385387420654,True,66,0,66,double,2.2321411548670516,133.9284692920231,JUMPING
810,32.4,171.77667236328125,101.06970977783203,2.457955837249756,False,4.350100517272949,True,66,0,66,double,2.2321411548670516,133.9284692920231,JUMPING
811,32.44,166.62477111816406,97.39917755126953,3.6800670623779297,False,5.166916370391846,True,66,0,66,double,2.2321411548670516,133.9284692920231,JUMPING
812,32.48,164.06478881835938,95.8299331665039,1.5714540481567383,False,6.7645440101623535,True,66,0,66,double,2.2321411548670516,133.9284692920231,JUMPING
813,32.52,162.70358276367188,95.206787109375,0.6244869232177734,False,7.060423851013184,True,66,0,66,double,2.2321411548670516,133.9284692920231,JUMPING
814,32.56,164.79696655273438,97.08777618408203,1.8867329359054565,False,7.711520671844482,True,66,0,66,double,2.2321411548670516,133.9284692920231,JUMPING
815,32.6,168.71380615234375,99.91536712646484,2.827747106552124,False,7.206104755401611,True,66,0,66,double,2.2321411548670516,133.9284692920231,JUMPING
816,32.64,171.654052734375,102.01641082763672,2.11415696144104,False,7.1138458251953125,False,67,0,67,double,2.232143085221878,133.9285851133127,JUMPING
817,32.68,178.20205688476562,107.0456771850586,5.030284404754639,False,6.793569087982178,False,67,0,67,double,2.232143085221878,133.9285851133127,JUMPING
818,32.72,181.69833374023438,109.75830841064453,2.712904214859009,False,6.485022068023682,False,67,0,67,double,2.232143085221878,133.9285851133127,JUMPING
819,32.76,180.3670654296875,107.5806884765625,2.1780102252960205,False,5.18773889541626,False,67,0,67,double,2.232143085221878,133.9285851133127,JUMPING
820,32.8,177.6611785888672,104.01876068115234,3.6301145553588867,False,5.753533363342285,False,67,0,67,double,2.232143085221878,133.9285851133127,JUMPING
821,32.84,175.69467163085938,101.8959732055664,2.1780498027801514,False,5.886216640472412,True,67,0,67,double,2.232143085221878,133.9285851133127,JUMPING
822,32.88,169.97567749023438,98.37088775634766,3.5527584552764893,False,5.968408584594727,True,67,0,67,double,2.232143085221878,133.9285851133127,JUMPING
823,32.92,166.63621520996094,96.08240509033203,2.3450231552124023,False,5.939870357513428,True,67,0,67,double,2.232143085221878,133.9285851133127,JUMPING
824,32.96,164.93002319335938,95.22180938720703,0.8951451182365417,False,5.764052391052246,True,67,0,67,double,2.232143085221878,133.9285851133127,JUMPING
825,33.0,164.80300903320312,95.2716293334961,0.1526748389005661,False,6.389318943023682,True,67,0,67,double,2.232143085221878,133.9285851133127,JUMPING
826,33.04,168.3456268310547,97.98785400390625,2.726534605026245,False,6.263360500335693,True,67,0,67,double,2.232143085221878,133.9285851133127,JUMPING
827,33.08,173.3499298095703,102.1239013671875,4.144664764404297,False,6.489111423492432,False,68,0,68,double,2.2321411548670516,133.9284692920231,JUMPING
828,33.12,179.19558715820312,106.6323013305664,4.508738994598389,False,7.142218589782715,False,68,0,68,double,2.2321411548670516,133.9284692920231,JUMPING
829,33.16,182.12875366210938,108.71065521240234,2.078376531600952,False,7.7280073165893555,False,68,0,68,double,2.2321411548670516,133.9284692920231,JUMPING
830,33.2,181.8767547607422,106.7435073852539,1.9786406755447388,False,3.990015983581543,False,68,0,68,double,2.2321411548670516,133.9284692920231,JUMPING
831,33.24,177.83712768554688,102.79940032958984,3.944317102432251,False,3.1408047676086426,False,68,0,68,double,2.2321411548670516,133.9284692920231,JUMPING
832,33.28,172.13290405273438,99.02046966552734,3.7809038162231445,False,3.862151861190796,True,68,0,68,double,2.2321411548670516,133.9284692920231,JUMPING
833,33.32,167.42620849609375,96.17611694335938,2.8443713188171387,False,4.69490909576416,True,68,0,68,double,2.2321411548670516,133.9284692920231,JUMPING
834,33.36,164.77700805664062,94.22186279296875,1.9548461437225342,False,5.810762882232666,True,68,0,68,double,2.2321411548670516,133.9284692920231,JUMPING
835,33.4,163.957763671875,93.50366973876953,0.7880721092224121,False,5.903645992279053,True,68,0,68,double,2.2321411548670516,133.9284692920231,JUMPING
836,33.44,164.83924865722656,94.45840454101562,1.0086573362350464,False,6.897495269775391,True,68,0,68,double,2.2321411548670516,133.9284692920231,JUMPING
837,33.48,165.86648559570312,95.30098724365234,0.8553115129470825,False,6.876670837402344,True,68,0,68,double,2.2321411548670516,133.9284692920231,JUMPING
838,33.52,167.84825134277344,97.1343994140625,1.8407912254333496,False,6.272180080413818,True,68,0,68,double,2.2321411548670516,133.9284692920231,JUMPING
839,33.56,175.1919403076172,102.5916748046875,5.464552402496338,False,6.61112642288208,True,68,0,68,double,2.2321411548670516,133.9284692920231,JUMPING
840,33.6,178.80067443847656,105.80175018310547,3.21860408782959,False,5.875033378601074,False,69,0,69,double,2.1929836015903206,131.57901609541923,JUMPING
841,33.64,181.97576904296875,106.55148315429688,0.749754011631012,False,3.6171352863311768,False,69,0,69,double,2.1929836015903206,131.57901609541923,JUMPING
842,33.68,179.65969848632812,103.96435546875,2.587149143218994,False,2.48555850982666,False,69,0,69,double,2.1929836015903206,131.57901609541923,JUMPING
843,33.72,177.42312622070312,102.19216918945312,1.7783989906311035,False,2.144411325454712,False,69,0,69,double,2.1929836015903206,131.57901609541923,JUMPING
844,33.76,170.8340606689453,98.37203216552734,3.8210301399230957,False,4.911626815795898,True,69,0,69,double,2.1929836015903206,131.57901609541923,JUMPING
845,33.8,167.3460693359375,96.2757568359375,2.0997722148895264,False,6.390374183654785,True,69,0,69,double,2.1929836015903206,131.57901609541923,JUMPING
846,33.84,164.709716796875,94.44579315185547,1.8725844621658325,False,7.625145435333252,True,69,0,69,double,2.1929836015903206,131.57901609541923,JUMPING
847,33.88,164.5289306640625,94.35672760009766,0.19532419741153717,False,7.762429714202881,True,69,0,69,double,2.1929836015903206,131.57901609541923,JUMPING
848,33.92,165.865234375,95.71562957763672,1.4082494974136353,False,7.185503005981445,True,69,0,69,double,2.1929836015903206,131.57901609541923,JUMPING
849,33.96,169.4048614501953,98.32776641845703,2.6232542991638184,False,7.562541961669922,True,69,0,69,double,2.1929836015903206,131.57901609541923,JUMPING
850,34.0,174.15582275390625,102.15641021728516,3.8286447525024414,False,6.494431018829346,True,69,0,69,double,2.1929836015903206,131.57901609541923,JUMPING
851,34.04,176.71096801757812,104.44611358642578,2.291454553604126,False,5.925584316253662,True,69,0,69,double,2.1929836015903206,131.57901609541923,JUMPING
852,34.08,181.5767364501953,107.586181640625,3.1443889141082764,False,3.372814416885376,False,70,0,70,double,2.155170953134788,129.3102571880873,JUMPING
853,34.12,181.58456420898438,106.8561019897461,0.7520588040351868,False,1.075150489807129,False,70,0,70,double,2.155170953134788,129.3102571880873,JUMPING
854,34.16,181.22373962402344,105.95904541015625,0.9246578216552734,False,0.6427767872810364,False,70,0,70,double,2.155170953134788,129.3102571880873,JUMPING
855,34.2,175.21963500976562,101.14556884765625,4.816241264343262,False,1.5595488548278809,True,70,0,70,double,2.155170953134788,129.3102571880873,JUMPING
856,34.24,169.37852478027344,97.12408447265625,4.024593830108643,False,3.4313836097717285,True,70,0,70,double,2.155170953134788,129.3102571880873,JUMPING
857,34.28,166.47940063476562,94.32930755615234,2.8082621097564697,False,4.829470157623291,True,70,0,70,double,2.155170953134788,129.3102571880873,JUMPING
858,34.32,165.58111572265625,92.78729248046875,1.5435400009155273,False,6.368929862976074,True,70,0,70,double,2.155170953134788,129.3102571880873,JUMPING
859,34.36,166.2615966796875,93.45758819580078,0.6741213202476501,False,6.5658392906188965,True,70,0,70,double,2.155170953134788,129.3102571880873,JUMPING
860,34.4,168.09437561035156,95.32918548583984,1.92449152469635,False,7.011345386505127,True,70,0,70,double,2.155170953134788,129.3102571880873,JUMPING
861,34.44,169.2398223876953,96.4389877319336,1.1552948951721191,False,7.349387168884277,True,70,0,70,double,2.155170953134788,129.3102571880873,JUMPING
862,34.48,174.9193115234375,101.50997161865234,5.080400466918945,False,7.238690376281738,True,70,0,70,double,2.155170953134788,129.3102571880873,JUMPING
863,34.52,180.342041015625,106.265380859375,4.755771636962891,False,6.023928642272949,False,71,0,71,double,2.1551727526572564,129.31036515943538,JUMPING
864,34.56,182.7499237060547,107.10428619384766,0.8743036985397339,False,3.7768352031707764,False,71,0,71,double,2.1551727526572564,129.31036515943538,JUMPING
865,34.6,183.86045837402344,107.12185668945312,0.041950471699237823,False,3.1910805702209473,False,71,0,71,double,2.1551727526572564,129.31036515943538,JUMPING
866,34.64,180.9416046142578,104.70455169677734,2.424515724182129,False,2.326925277709961,False,71,0,71,double,2.1551727526572564,129.31036515943538,JUMPING
867,34.68,172.44253540039062,99.44949340820312,5.256072521209717,False,4.133156776428223,True,71,0,71,double,2.1551727526572564,129.31036515943538,JUMPING
868,34.72,167.07470703125,95.228515625,4.221521377563477,False,6.004798889160156,True,71,0,71,double,2.1551727526572564,129.31036515943538,JUMPING
869,34.76,164.2532958984375,92.59786987304688,2.784674644470215,False,7.717997074127197,True,71,0,71,double,2.1551727526572564,129.31036515943538,JUMPING
870,34.8,163.94332885742188,91.322265625,1.3770112991333008,False,7.482276916503906,True,71,0,71,double,2.1551727526572564,129.31036515943538,JUMPING
871,34.84,164.34915161132812,91.26959228515625,0.22538062930107117,False,6.755390644073486,True,71,0,71,double,2.1551727526572564,129.31036515943538,JUMPING
872,34.88,167.4263458251953,93.7900619506836,2.5674350261688232,False,6.443539142608643,True,71,0,71,double,2.1551727526572564,129.31036515943538,JUMPING
873,34.92,169.06610107421875,95.43011474609375,1.649452567100525,False,6.42371129989624,True,71,0,71,double,2.1551727526572564,129.31036515943538,JUMPING
874,34.96,175.9296112060547,100.78226470947266,5.352171897888184,False,6.2019524574279785,False,72,0,72,double,2.1551727526572564,129.31036515943538,JUMPING
875,35.0,181.4126739501953,104.39266967773438,3.6115620136260986,False,5.973430156707764,False,72,0,72,double,2.1551727526572564,129.31036515943538,JUMPING
876,35.04,184.19039916992188,105.75897979736328,1.3663159608840942,False,5.690223693847656,False,72,0,72,double,2.1551727526572564,129.31036515943538,JUMPING
877,35.08,179.64053344726562,102.88262939453125,2.8798248767852783,False,3.3675365447998047,False,72,0,72,double,2.1551727526572564,129.31036515943538,JUMPING
878,35.12,176.44195556640625,100.99268341064453,1.8900338411331177,False,2.291745901107788,False,72,0,72,double,2.1551727526572564,129.31036515943538,JUMPING
879,35.16,172.5343780517578,97.74072265625,3.3043856620788574,False,2.616469621658325,True,72,0,72,double,2.1551727526572564,129.31036515943538,JUMPING
880,35.2,167.39080810546875,94.45636749267578,3.2853305339813232,False,2.8371036052703857,True,72,0,72,double,2.1551727526572564,129.31036515943538,JUMPING
881,35.24,164.57086181640625,91.96822357177734,2.4966886043548584,False,4.167901992797852,True,72,0,72,double,2.1551727526572564,129.31036515943538,JUMPING
882,35.28,163.77056884765625,90.36639404296875,1.6019327640533447,False,4.7808661460876465,True,72,0,72,double,2.1551727526572564,129.31036515943538,JUMPING
883,35.32,164.07403564453125,90.3134994506836,0.23093922436237335,False,5.2688307762146,True,72,0,72,double,2.1551727526572564,129.31036515943538,JUMPING
884,35.36,165.489990234375,91.43115234375,1.1209222078323364,False,5.510472297668457,True,72,0,72,double,2.1551727526572564,129.31036515943538,JUMPING
885,35.4,168.52212524414062,94.2139663696289,2.7980170249938965,False,5.460964679718018,True,72,0,72,double,2.1551727526572564,129.31036515943538,JUMPING
886,35.44,172.691162109375,98.24358367919922,4.081841468811035,False,4.7679948806762695,True,72,0,72,double,2.1551727526572564,129.31036515943538,JUMPING
887,35.48,177.56927490234375,102.5490951538086,4.315354824066162,False,3.108447551727295,False,73,0,73,double,2.0833353201567206,125.00011920940324,JUMPING
888,35.52,180.92770385742188,105.05973052978516,2.531700849533081,False,1.4829790592193604,False,73,0,73,double,2.0833353201567206,125.00011920940324,JUMPING
889,35.56,179.05279541015625,103.7786636352539,1.3147958517074585,False,0.5852149128913879,False,73,0,73,double,2.0833353201567206,125.00011920940324,JUMPING
890,35.6,173.97027587890625,99.60015869140625,4.217260837554932,False,1.5517573356628418,False,73,0,73,double,2.0833353201567206,125.00011920940324,JUMPING
891,35.64,168.59359741210938,95.15409088134766,4.4517903327941895,False,2.44062876701355,True,73,0,73,double,2.0833353201567206,125.00011920940324,JUMPING
892,35.68,163.6307830810547,91.798583984375,3.360015869140625,False,3.8961799144744873,True,73,0,73,double,2.0833353201567206,125.00011920940324,JUMPING
893,35.72,160.9302978515625,89.2940673828125,2.5092556476593018,False,5.144102573394775,True,73,0,73,double,2.0833353201567206,125.00011920940324,JUMPING
894,35.76,160.29010009765625,87.97030639648438,1.372825264930725,False,6.440698146820068,True,73,0,73,double,2.0833353201567206,125.00011920940324,JUMPING
895,35.8,161.07003784179688,88.5280532836914,0.5921632647514343,False,6.650224208831787,True,73,0,73,double,2.0833353201567206,125.00011920940324,JUMPING
896,35.84,162.92637634277344,90.48342895507812,1.9781771898269653,False,6.536595821380615,True,73,0,73,double,2.0833353201567206,125.00011920940324,JUMPING
897,35.88,166.15098571777344,93.3359603881836,2.8587448596954346,False,6.140289306640625,True,73,0,73,double,2.0833353201567206,125.00011920940324,JUMPING
898,35.92,170.91070556640625,98.5768051147461,5.2426934242248535,False,6.472551345825195,False,74,0,74,double,2.1551727526572564,129.31036515943538,JUMPING
899,35.96,176.6097412109375,102.98876953125,4.412497520446777,False,5.53275728225708,False,74,0,74,double,2.1551727526572564,129.31036515943538,JUMPING
900,36.0,181.13967895507812,104.85868072509766,1.8776414394378662,False,4.575985431671143,False,74,0,74,double,2.1551727526572564,129.31036515943538,JUMPING
901,36.04,178.70401000976562,104.03387451171875,0.8254733085632324,False,2.4848103523254395,False,74,0,74,double,2.1551727526572564,129.31036515943538,JUMPING
902,36.08,173.3870086669922,99.64470672607422,4.434961795806885,False,3.2499852180480957,True,74,0,74,double,2.1551727526572564,129.31036515943538,JUMPING
903,36.12,167.7540283203125,94.79711151123047,4.852941513061523,False,5.008172512054443,True,74,0,74,double,2.1551727526572564,129.31036515943538,JUMPING
904,36.16,163.26553344726562,92.2774658203125,2.6160686016082764,False,6.009336948394775,True,74,0,74,double,2.1551727526572564,129.31036515943538,JUMPING
905,36.2,160.68118286132812,89.98905181884766,2.322004795074463,False,6.534449577331543,True,74,0,74,double,2.1551727526572564,129.31036515943538,JUMPING
906,36.24,160.0846710205078,89.3643569946289,0.625037670135498,False,6.986262321472168,True,74,0,74,double,2.1551727526572564,129.31036515943538,JUMPING
907,36.28,160.6302490234375,90.8183822631836,1.4961042404174805,False,7.219614505767822,True,74,0,74,double,2.1551727526572564,129.31036515943538,JUMPING
908,36.32,163.76773071289062,93.16119384765625,2.3528406620025635,False,7.596803188323975,True,74,0,74,double,2.1551727526572564,129.31036515943538,JUMPING
909,36.36,167.52841186523438,96.81209564208984,3.6856789588928223,False,7.455327987670898,True,74,0,74,double,2.1551727526572564,129.31036515943538,JUMPING
910,36.4,173.32284545898438,100.896728515625,4.095825672149658,False,7.664315223693848,False,75,0,75,double,2.1551727526572564,129.31036515943538,JUMPING
911,36.44,179.5816650390625,105.43065643310547,4.555111885070801,False,7.303483009338379,False,75,0,75,double,2.1551727526572564,129.31036515943538,JUMPING
912,36.48,180.63400268554688,105.00141143798828,0.5602982640266418,False,5.793644428253174,False,75,0,75,double,2.1551727526572564,129.31036515943538,JUMPING
913,36.52,176.75088500976562,101.5721435546875,3.4293148517608643,False,5.050260543823242,False,75,0,75,double,2.1551727526572564,129.31036515943538,JUMPING
914,36.56,172.1610107421875,97.80050659179688,3.773679494857788,False,6.046189308166504,True,75,0,75,double,2.1551727526572564,129.31036515943538,JUMPING
915,36.6,166.66354370117188,94.81999969482422,3.0070712566375732,False,7.53806734085083,True,75,0,75,double,2.1551727526572564,129.31036515943538,JUMPING
916,36.64,162.75216674804688,92.22863006591797,2.599512815475464,False,8.527806282043457,True,75,0,75,double,2.1551727526572564,129.31036515943538,JUMPING
917,36.68,161.16680908203125,92.19998168945312,0.10540086776018143,False,8.475071907043457,True,75,0,75,double,2.1551727526572564,129.31036515943538,JUMPING
918,36.72,161.17178344726562,91.57928466796875,0.6348366737365723,False,8.704130172729492,True,75,0,75,double,2.1551727526572564,129.31036515943538,JUMPING
919,36.76,162.31997680664062,92.6928482055664,1.120121717453003,False,7.8805108070373535,True,75,0,75,double,2.1551727526572564,129.31036515943538,JUMPING
920,36.8,165.41380310058594,95.20697021484375,2.5212409496307373,False,7.641746520996094,True,75,0,75,double,2.1551727526572564,129.31036515943538,JUMPING
921,36.84,169.42987060546875,99.13141632080078,3.9255154132843018,False,7.602359771728516,True,75,0,75,double,2.1551727526572564,129.31036515943538,JUMPING
922,36.88,174.84579467773438,103.53863525390625,4.408082008361816,False,8.194503784179688,False,76,0,76,double,2.1186435198655156,127.11861119193094,JUMPING
923,36.92,179.57205200195312,105.8101577758789,2.295907735824585,False,8.386438369750977,False,76,0,76,double,2.1186435198655156,127.11861119193094,JUMPING
924,36.96,179.02435302734375,105.107177734375,0.7145872116088867,False,6.7075018882751465,False,76,0,76,double,2.1186435198655156,127.11861119193094,JUMPING
925,37.0,175.7334442138672,102.09296417236328,3.014618396759033,False,5.7453203201293945,False,76,0,76,double,2.1186435198655156,127.11861119193094,JUMPING
926,37.04,171.0203399658203,97.7730484008789,4.323643207550049,False,6.353625774383545,True,76,0,76,double,2.1186435198655156,127.11861119193094,JUMPING
927,37.08,166.54086303710938,94.5189437866211,3.255436420440674,False,7.608597755432129,True,76,0,76,double,2.1186435198655156,127.11861119193094,JUMPING
928,37.12,163.81005859375,91.91022491455078,2.6251325607299805,False,8.515393257141113,True,76,0,76,double,2.1186435198655156,127.11861119193094,JUMPING
929,37.16,162.43539428710938,90.81649017333984,1.0939552783966064,False,8.980810165405273,True,76,0,76,double,2.1186435198655156,127.11861119193094,JUMPING
930,37.2,162.63949584960938,91.4579849243164,0.6469423174858093,False,8.454765319824219,True,76,0,76,double,2.1186435198655156,127.11861119193094,JUMPING
931,37.24,164.8719482421875,93.36901092529297,1.9508113861083984,False,7.546998023986816,True,76,0,76,double,2.1186435198655156,127.11861119193094,JUMPING
932,37.28,168.97166442871094,96.69168090820312,3.3444128036499023,False,7.507814884185791,True,76,0,76,double,2.1186435198655156,127.11861119193094,JUMPING
933,37.32,173.8695526123047,101.1831283569336,4.491478443145752,False,6.614887714385986,True,76,0,76,double,2.1186435198655156,127.11861119193094,JUMPING
934,37.36,179.31988525390625,105.4257583618164,4.242776393890381,False,6.477108955383301,False,77,0,77,double,2.083331957046438,124.99991742278627,JUMPING
935,37.4,182.19773864746094,106.44950103759766,1.0324528217315674,False,6.030411243438721,False,77,0,77,double,2.083331957046438,124.99991742278627,JUMPING
936,37.44,180.27603149414062,104.36727142333984,2.094322681427002,False,4.94434928894043,False,77,0,77,double,2.083331957046438,124.99991742278627,JUMPING
937,37.48,175.2933349609375,100.3381118774414,4.0294952392578125,False,5.494421005249023,True,77,0,77,double,2.083331957046438,124.99991742278627,JUMPING
938,37.52,170.71051025390625,96.7286376953125,3.609480619430542,False,5.471496105194092,True,77,0,77,double,2.083331957046438,124.99991742278627,JUMPING
939,37.56,167.13827514648438,93.78618621826172,2.9448609352111816,False,5.692788124084473,True,77,0,77,double,2.083331957046438,124.99991742278627,JUMPING
940,37.6,165.25900268554688,91.9632568359375,1.8541191816329956,False,6.05059814453125,True,77,0,77,double,2.083331957046438,124.99991742278627,JUMPING
941,37.64,164.78118896484375,91.975830078125,0.05974855646491051,False,6.011590957641602,True,77,0,77,double,2.083331957046438,124.99991742278627,JUMPING
942,37.68,165.81851196289062,93.16006469726562,1.2106213569641113,False,5.940799713134766,True,77,0,77,double,2.083331957046438,124.99991742278627,JUMPING
943,37.72,167.97860717773438,95.72274017333984,2.5638890266418457,False,5.487573623657227,True,77,0,77,double,2.083331957046438,124.99991742278627,JUMPING
944,37.76,171.58856201171875,99.99826049804688,4.281904220581055,False,5.0622358322143555,True,77,0,77,double,2.083331957046438,124.99991742278627,JUMPING
945,37.8,176.58908081054688,104.72158813476562,4.725156784057617,False,4.952068328857422,False,78,0,78,double,2.1551727526572564,129.31036515943538,JUMPING
946,37.84,182.08892822265625,108.15485382080078,3.4343886375427246,False,4.401704788208008,False,78,0,78,double,2.1551727526572564,129.31036515943538,JUMPING
947,37.88,182.24130249023438,107.46844482421875,0.706379771232605,False,1.9455617666244507,False,78,0,78,double,2.1551727526572564,129.31036515943538,JUMPING
948,37.92,177.837158203125,104.71694946289062,2.7970130443573,False,2.8720176219940186,False,78,0,78,double,2.1551727526572564,129.31036515943538,JUMPING
949,37.96,171.6533203125,101.1850357055664,3.5623691082000732,False,4.048453330993652,True,78,0,78,double,2.1551727526572564,129.31036515943538,JUMPING
950,38.0,166.64511108398438,97.96353149414062,3.2228164672851562,False,5.8422932624816895,True,78,0,78,double,2.1551727526572564,129.31036515943538,JUMPING
951,38.04,163.43399047851562,95.76493072509766,2.2015652656555176,False,6.430545806884766,True,78,0,78,double,2.1551727526572564,129.31036515943538,JUMPING
952,38.08,162.4736328125,94.7911148071289,0.9746097922325134,False,6.803472518920898,True,78,0,78,double,2.1551727526572564,129.31036515943538,JUMPING
953,38.12,163.27822875976562,95.13021850585938,0.3575344383716583,False,6.594285488128662,True,78,0,78,double,2.1551727526572564,129.31036515943538,JUMPING
954,38.16,165.1715545654297,96.9867935180664,1.857625961303711,False,7.0798540115356445,True,78,0,78,double,2.1551727526572564,129.31036515943538,JUMPING
955,38.2,168.66920471191406,99.71184539794922,2.7250778675079346,False,6.4035491943359375,True,78,0,78,double,2.1551727526572564,129.31036515943538,JUMPING
956,38.24,173.8699493408203,104.01700592041016,4.306340217590332,False,5.508584976196289,False,79,0,79,double,2.1551691536153244,129.31014921691946,JUMPING
957,38.28,179.33395385742188,107.54671478271484,3.5401175022125244,False,5.39768123626709,False,79,0,79,double,2.1551691536153244,129.31014921691946,JUMPING
958,38.32,181.59288024902344,108.6554946899414,1.1089314222335815,False,3.758854627609253,False,79,0,79,double,2.1551691536153244,129.31014921691946,JUMPING
959,38.36,179.7994384765625,106.67850494384766,2.0291688442230225,False,2.0243008136749268,False,79,0,79,double,2.1551691536153244,129.31014921691946,JUMPING
960,38.4,176.59571838378906,103.11248016357422,3.5660347938537598,False,3.0860400199890137,True,79,0,79,double,2.1551691536153244,129.31014921691946,JUMPING
961,38.44,171.57598876953125,99.21310424804688,3.9057865142822266,False,3.452218770980835,True,79,0,79,double,2.1551691536153244,129.31014921691946,JUMPING
962,38.48,166.79550170898438,95.95745086669922,3.2639055252075195,False,4.761422157287598,True,79,0,79,double,2.1551691536153244,129.31014921691946,JUMPING
963,38.52,164.63169860839844,94.29244232177734,1.6747773885726929,False,5.377305030822754,True,79,0,79,double,2.1551691536153244,129.31014921691946,JUMPING
964,38.56,164.55230712890625,93.91223907470703,0.38302621245384216,False,5.8512396812438965,True,79,0,79,double,2.1551691536153244,129.31014921691946,JUMPING
965,38.6,165.62274169921875,95.00914764404297,1.148630142211914,False,5.474074363708496,True,79,0,79,double,2.1551691536153244,129.31014921691946,JUMPING
966,38.64,167.8485107421875,97.7313461303711,2.7229161262512207,False,5.226015090942383,True,79,0,79,double,2.1551691536153244,129.31014921691946,JUMPING
967,38.68,172.2142333984375,101.5882339477539,3.863203525543213,False,4.848254680633545,True,79,0,79,double,2.1551691536153244,129.31014921691946,JUMPING
968,38.72,177.08865356445312,106.01043701171875,4.423272132873535,False,5.136434555053711,False,80,0,80,double,2.1551727526572564,129.31036515943538,JUMPING
969,38.76,181.32244873046875,108.55477905273438,2.54901385307312,False,4.4444899559021,False,80,0,80,double,2.1551727526572564,129.31036515943538,JUMPING
970,38.8,181.20791625976562,107.04791259765625,1.5082902908325195,False,2.709399700164795,False,80,0,80,double,2.1551727526572564,129.31036515943538,JUMPING
971,38.84,177.6199188232422,103.43175506591797,3.6198835372924805,False,3.723788022994995,False,80,0,80,double,2.1551727526572564,129.31036515943538,JUMPING
972,38.88,172.58804321289062,99.26785278320312,4.17976188659668,False,5.091529369354248,True,80,0,80,double,2.1551727526572564,129.31036515943538,JUMPING
973,38.92,168.1473388671875,95.81403350830078,3.4692986011505127,False,6.142570495605469,True,80,0,80,double,2.1551727526572564,129.31036515943538,JUMPING
974,38.96,165.2713623046875,93.78109741210938,2.1273982524871826,False,6.318606376647949,True,80,0,80,double,2.1551727526572564,129.31036515943538,JUMPING
975,39.0,163.75234985351562,93.50863647460938,1.2129802703857422,False,6.577572822570801,True,80,0,80,double,2.1551727526572564,129.31036515943538,JUMPING
976,39.04,164.3703155517578,94.9253158569336,1.688210129737854,False,6.996904373168945,True,80,0,80,double,2.1551727526572564,129.31036515943538,JUMPING
977,39.08,166.5813751220703,97.61205291748047,2.775264024734497,False,7.049315929412842,True,80,0,80,double,2.1551727526572564,129.31036515943538,JUMPING
978,39.12,171.0573272705078,101.4228744506836,3.8260209560394287,False,6.396144390106201,True,80,0,80,double,2.1551727526572564,129.31036515943538,JUMPING
979,39.16,175.887451171875,106.11724853515625,4.698827743530273,False,6.849747657775879,True,80,0,80,double,2.1551727526572564,129.31036515943538,JUMPING
980,39.2,181.59393310546875,109.31912231445312,3.2021992206573486,False,6.95665979385376,False,81,0,81,double,2.1551727526572564,129.31036515943538,JUMPING
981,39.24,183.13641357421875,110.13353729248047,0.9534161686897278,False,4.180877208709717,False,81,0,81,double,2.1551727526572564,129.31036515943538,JUMPING
982,39.28,181.22523498535156,107.2563705444336,2.8968257904052734,False,3.9167861938476562,False,81,0,81,double,2.1551727526572564,129.31036515943538,JUMPING
983,39.32,177.737060546875,103.6008529663086,3.664975166320801,False,4.223970890045166,True,81,0,81,double,2.1551727526572564,129.31036515943538,JUMPING
984,39.36,172.01824951171875,98.68360137939453,4.924077987670898,False,5.109136581420898,True,81,0,81,double,2.1551727526572564,129.31036515943538,JUMPING
985,39.4,169.21116638183594,96.04254150390625,2.6413536071777344,False,6.050039291381836,True,81,0,81,double,2.1551727526572564,129.31036515943538,JUMPING
986,39.44,167.79376220703125,95.14737701416016,0.8996458053588867,False,6.678516387939453,True,81,0,81,double,2.1551727526572564,129.31036515943538,JUMPING
987,39.48,168.58840942382812,96.3616943359375,1.247639536857605,False,7.317663192749023,True,81,0,81,double,2.1551727526572564,129.31036515943538,JUMPING
988,39.52,169.67660522460938,97.2790298461914,0.9336825609207153,False,7.704183101654053,True,81,0,81,double,2.1551727526572564,129.31036515943538,JUMPING
989,39.56,171.61277770996094,99.51522064208984,2.2408065795898438,False,6.787441730499268,True,81,0,81,double,2.1551727526572564,129.31036515943538,JUMPING
990,39.6,175.2698974609375,103.44673919677734,3.950352191925049,False,6.351010799407959,True,81,0,81,double,2.1551727526572564,129.31036515943538,JUMPING
991,39.64,179.8709716796875,107.7144775390625,4.272565841674805,False,6.3174824714660645,False,82,0,82,double,2.1929836015903206,131.57901609541923,JUMPING
992,39.68,183.25326538085938,109.53632354736328,1.8238029479980469,False,4.3874688148498535,False,82,0,82,double,2.1929836015903206,131.57901609541923,JUMPING
993,39.72,182.2025146484375,108.00141143798828,1.5507972240447998,False,1.6856998205184937,False,82,0,82,double,2.1929836015903206,131.57901609541923,JUMPING
994,39.76,178.53981018066406,104.16973876953125,3.8386104106903076,False,2.190800666809082,False,82,0,82,double,2.1929836015903206,131.57901609541923,JUMPING
995,39.8,173.63528442382812,100.28022003173828,3.895482301712036,False,3.6108946800231934,True,82,0,82,double,2.1929836015903206,131.57901609541923,JUMPING
996,39.84,168.13735961914062,96.9721908569336,3.311493158340454,False,5.3284220695495605,True,82,0,82,double,2.1929836015903206,131.57901609541923,JUMPING
997,39.88,165.76345825195312,94.69525146484375,2.276940107345581,False,5.561494827270508,True,82,0,82,double,2.1929836015903206,131.57901609541923,JUMPING
998,39.92,164.72860717773438,93.94678497314453,0.7785524129867554,False,6.363579273223877,True,82,0,82,double,2.1929836015903206,131.57901609541923,JUMPING
999,39.96,165.0506591796875,94.75641632080078,0.8155766129493713,False,6.9939470291137695,True,82,0,82,double,2.1929836015903206,131.57901609541923,JUMPING
1000,40.0,167.71780395507812,97.16736602783203,2.4247395992279053,False,7.195478439331055,True,82,0,82,double,2.1929836015903206,131.57901609541923,JUMPING
1001,40.04,171.1915283203125,100.79366302490234,3.626298666000366,False,7.049028396606445,True,82,0,82,double,2.1929836015903206,131.57901609541923,JUMPING
1002,40.08,176.10574340820312,105.08670806884766,4.314645767211914,False,7.297936916351318,False,83,0,83,double,2.1929800184800334,131.578801108802,JUMPING
1003,40.12,180.7093505859375,108.0870361328125,3.022462844848633,False,6.852743148803711,False,83,0,83,double,2.1929800184800334,131.578801108802,JUMPING
1004,40.16,181.9216766357422,107.6550064086914,0.4428621828556061,False,4.5562262535095215,False,83,0,83,double,2.1929800184800334,131.578801108802,JUMPING
1005,40.2,179.45758056640625,104.67650604248047,2.9792909622192383,False,3.0030553340911865,False,83,0,83,double,2.1929800184800334,131.578801108802,JUMPING
1006,40.24,175.24098205566406,100.55279541015625,4.124325752258301,False,3.996419668197632,True,83,0,83,double,2.1929800184800334,131.578801108802,JUMPING
1007,40.28,169.97177124023438,97.1689682006836,3.3840832710266113,False,5.023343563079834,True,83,0,83,double,2.1929800184800334,131.578801108802,JUMPING
1008,40.32,167.22817993164062,94.57085418701172,2.616028308868408,False,5.54051399230957,True,83,0,83,double,2.1929800184800334,131.578801108802,JUMPING
1009,40.36,166.23544311523438,93.39691925048828,1.2231061458587646,False,6.343587875366211,True,83,0,83,double,2.1929800184800334,131.578801108802,JUMPING
1010,40.4,166.65328979492188,93.92138671875,0.5251002907752991,False,6.71467399597168,True,83,0,83,double,2.1929800184800334,131.578801108802,JUMPING
1011,40.44,168.30894470214844,95.63410186767578,1.731082558631897,False,6.594793319702148,True,83,0,83,double,2.1929800184800334,131.578801108802,JUMPING
1012,40.48,171.65499877929688,98.95632934570312,3.323899507522583,False,6.3762712478637695,True,83,0,83,double,2.1929800184800334,131.578801108802,JUMPING
1013,40.52,175.89718627929688,102.95909881591797,4.0034942626953125,False,6.375600337982178,False,84,0,84,double,2.1929836015903206,131.57901609541923,JUMPING
1014,40.56,180.6240997314453,106.7068099975586,3.7510292530059814,False,6.091887950897217,False,84,0,84,double,2.1929836015903206,131.57901609541923,JUMPING
1015,40.6,181.68421936035156,106.94991302490234,0.3131469190120697,False,3.228301525115967,False,84,0,84,double,2.1929836015903206,131.57901609541923,JUMPING
1016,40.64,178.80459594726562,104.98522186279297,1.9648598432540894,False,2.4581687450408936,False,84,0,84,double,2.1929836015903206,131.57901609541923,JUMPING
1017,40.68,174.09915161132812,101.89016723632812,3.09549617767334,False,3.1857354640960693,True,84,0,84,double,2.1929836015903206,131.57901609541923,JUMPING
1018,40.72,169.54385375976562,98.7886734008789,3.1020917892456055,False,4.620054244995117,True,84,0,84,double,2.1929836015903206,131.57901609541923,JUMPING
1019,40.76,165.51109313964844,96.41754150390625,2.3798816204071045,False,4.863735675811768,True,84,0,84,double,2.1929836015903206,131.57901609541923,JUMPING
1020,40.8,164.3328857421875,95.1703109741211,1.2591469287872314,False,5.602382659912109,True,84,0,84,double,2.1929836015903206,131.57901609541923,JUMPING
1021,40.84,164.43203735351562,95.3217544555664,0.41047435998916626,False,6.521477699279785,True,84,0,84,double,2.1929836015903206,131.57901609541923,JUMPING
1022,40.88,166.59353637695312,96.782470703125,1.474795937538147,False,7.479617118835449,True,84,0,84,double,2.1929836015903206,131.57901609541923,JUMPING
1023,40.92,170.59738159179688,99.7435073852539,2.97348690032959,False,7.319723606109619,True,84,0,84,double,2.1929836015903206,131.57901609541923,JUMPING
1024,40.96,175.936767578125,103.49691009521484,3.7736399173736572,False,5.3294453620910645,False,85,0,85,double,2.232145015580044,133.92870093480263,JUMPING
1025,41.0,181.10064697265625,106.8363265991211,3.342196226119995,False,4.460177421569824,False,85,0,85,double,2.232145015580044,133.92870093480263,JUMPING
1026,41.04,183.2063751220703,107.2733383178711,0.4458421766757965,False,4.126314163208008,False,85,0,85,double,2.232145015580044,133.92870093480263,JUMPING
1027,41.08,180.73135375976562,105.40753173828125,1.8823796510696411,False,2.659587860107422,False,85,0,85,double,2.232145015580044,133.92870093480263,JUMPING
1028,41.12,175.83590698242188,101.55045318603516,3.857093095779419,False,4.408001899719238,False,85,0,85,double,2.232145015580044,133.92870093480263,JUMPING
1029,41.16,169.89141845703125,97.6076889038086,3.9439260959625244,False,5.873569965362549,True,85,0,85,double,2.232145015580044,133.92870093480263,JUMPING
1030,41.2,166.249755859375,94.28272247314453,3.4185757637023926,False,5.581226348876953,True,85,0,85,double,2.232145015580044,133.92870093480263,JUMPING
1031,41.24,165.1005401611328,92.7089614868164,1.7740025520324707,False,5.892216205596924,True,85,0,85,double,2.232145015580044,133.92870093480263,JUMPING
1032,41.28,165.06471252441406,92.50665283203125,0.843713641166687,False,6.417685508728027,True,85,0,85,double,2.232145015580044,133.92870093480263,JUMPING
1033,41.32,165.92015075683594,93.6601333618164,1.2279962301254272,False,7.13734245300293,True,85,0,85,double,2.232145015580044,133.92870093480263,JUMPING
1034,41.36,169.1865234375,95.72134399414062,2.068737268447876,False,6.946996688842773,True,85,0,85,double,2.232145015580044,133.92870093480263,JUMPING
1035,41.4,173.06689453125,99.419677734375,3.702646493911743,False,7.281708717346191,False,86,0,86,double,2.272726515354456,136.36359092126736,JUMPING
1036,41.44,178.51797485351562,103.6501693725586,4.235190391540527,False,7.16025447845459,False,86,0,86,double,2.272726515354456,136.36359092126736,JUMPING
1037,41.48,181.71722412109375,105.43790435791016,1.7937887907028198,False,6.109405040740967,False,86,0,86,double,2.272726515354456,136.36359092126736,JUMPING
1038,41.52,180.41574096679688,104.24261474609375,1.223044991493225,False,3.9729247093200684,False,86,0,86,double,2.272726515354456,136.36359092126736,JUMPING
1039,41.56,175.463623046875,100.54541778564453,3.697463035583496,False,4.092380046844482,True,86,0,86,double,2.272726515354456,136.36359092126736,JUMPING
1040,41.6,170.92672729492188,97.25741577148438,3.322401762008667,False,4.468186378479004,True,86,0,86,double,2.272726515354456,136.36359092126736,JUMPING
1041,41.64,166.97434997558594,93.58053588867188,3.6852149963378906,False,5.268847942352295,True,86,0,86,double,2.272726515354456,136.36359092126736,JUMPING
1042,41.68,164.86953735351562,91.0538330078125,2.536898136138916,False,4.880838871002197,True,86,0,86,double,2.272726515354456,136.36359092126736,JUMPING
1043,41.72,163.8802490234375,90.44864654541016,0.709746778011322,False,5.7826032638549805,True,86,0,86,double,2.272726515354456,136.36359092126736,JUMPING
1044,41.76,164.05059814453125,91.49573516845703,1.1646907329559326,False,6.011957168579102,True,86,0,86,double,2.272726515354456,136.36359092126736,JUMPING
1045,41.8,166.90882873535156,94.01465606689453,2.5403249263763428,False,6.513338088989258,True,86,0,86,double,2.272726515354456,136.36359092126736,JUMPING
1046,41.84,170.75221252441406,98.20589447021484,4.24619197845459,False,7.195104122161865,True,86,0,86,double,2.272726515354456,136.36359092126736,JUMPING
1047,41.88,175.41891479492188,102.59552001953125,4.39628267288208,False,7.073980331420898,False,87,0,87,double,2.2321411548670516,133.9284692920231,JUMPING
1048,41.92,180.205078125,105.50570678710938,2.9101898670196533,False,6.625613689422607,False,87,0,87,double,2.2321411548670516,133.9284692920231,JUMPING
1049,41.96,180.36062622070312,105.3095474243164,0.21277126669883728,False,4.697710990905762,False,87,0,87,double,2.2321411548670516,133.9284692920231,JUMPING
1050,42.0,176.2436981201172,102.57025909423828,2.7392890453338623,False,4.164055824279785,False,87,0,87,double,2.2321411548670516,133.9284692920231,JUMPING
1051,42.04,171.446533203125,98.7863998413086,3.82344126701355,False,5.073686122894287,True,87,0,87,double,2.2321411548670516,133.9284692920231,JUMPING
1052,42.08,166.40057373046875,95.10611724853516,3.6804358959198,False,7.146854877471924,True,87,0,87,double,2.2321411548670516,133.9284692920231,JUMPING
1053,42.12,163.05690002441406,91.97179412841797,3.1348185539245605,False,9.403913497924805,True,87,0,87,double,2.2321411548670516,133.9284692920231,JUMPING
1054,42.16,161.1024627685547,90.6298828125,1.348958134651184,False,10.107357025146484,True,87,0,87,double,2.2321411548670516,133.9284692920231,JUMPING
1055,42.2,161.15847778320312,90.75106811523438,0.149509459733963,False,10.271038055419922,True,87,0,87,double,2.2321411548670516,133.9284692920231,JUMPING
1056,42.24,162.9014892578125,92.2973403930664,1.5511876344680786,False,9.855749130249023,True,87,0,87,double,2.2321411548670516,133.9284692920231,JUMPING
1057,42.28,165.50393676757812,94.7534408569336,2.471673011779785,False,10.18739128112793,True,87,0,87,double,2.2321411548670516,133.9284692920231,JUMPING
1058,42.32,170.48135375976562,98.8900375366211,4.153918266296387,False,10.147600173950195,True,87,0,87,double,2.2321411548670516,133.9284692920231,JUMPING
1059,42.36,176.77200317382812,103.708984375,4.818949222564697,False,10.18504810333252,False,88,0,88,double,2.1929836015903206,131.57901609541923,JUMPING
1060,42.4,181.6337890625,107.09159088134766,3.3953330516815186,False,10.645331382751465,False,88,0,88,double,2.1929836015903206,131.57901609541923,JUMPING
1061,42.44,181.16641235351562,106.9677505493164,0.162388876080513,False,9.164633750915527,False,88,0,88,double,2.1929836015903206,131.57901609541923,JUMPING
1062,42.48,176.95065307617188,103.78243255615234,3.185411214828491,False,8.169992446899414,False,88,0,88,double,2.1929836015903206,131.57901609541923,JUMPING
1063,42.52,172.9796142578125,99.16413116455078,4.620908737182617,False,7.427450180053711,True,88,0,88,double,2.1929836015903206,131.57901609541923,JUMPING
1064,42.56,168.3114013671875,94.70245361328125,4.467376232147217,False,7.989912986755371,True,88,0,88,double,2.1929836015903206,131.57901609541923,JUMPING
1065,42.6,165.447998046875,91.93448638916016,2.769667625427246,False,8.09012508392334,True,88,0,88,double,2.1929836015903206,131.57901609541923,JUMPING
1066,42.64,164.26983642578125,90.76648712158203,1.1895555257797241,False,8.19711971282959,True,88,0,88,double,2.1929836015903206,131.57901609541923,JUMPING
1067,42.68,164.94729614257812,91.31771850585938,0.5687825679779053,False,8.788241386413574,True,88,0,88,double,2.1929836015903206,131.57901609541923,JUMPING
1068,42.72,166.13037109375,93.44853973388672,2.1393516063690186,False,9.603934288024902,True,88,0,88,double,2.1929836015903206,131.57901609541923,JUMPING
1069,42.76,169.6392822265625,96.8831558227539,3.4346256256103516,False,9.396775245666504,True,88,0,88,double,2.1929836015903206,131.57901609541923,JUMPING
1070,42.8,174.95095825195312,101.3774642944336,4.495730876922607,False,8.893777847290039,False,89,0,89,double,2.1929836015903206,131.57901609541923,JUMPING
1071,42.84,179.22201538085938,105.73828125,4.361620903015137,False,8.972389221191406,False,89,0,89,double,2.1929836015903206,131.57901609541923,JUMPING
1072,42.88,181.8363800048828,107.0396957397461,1.3423943519592285,False,7.383533954620361,False,89,0,89,double,2.1929836015903206,131.57901609541923,JUMPING
1073,42.92,179.99435424804688,105.33393096923828,1.874469518661499,False,5.32588529586792,False,89,0,89,double,2.1929836015903206,131.57901609541923,JUMPING
1074,42.96,176.50836181640625,101.73888397216797,3.6053028106689453,False,5.955716609954834,True,89,0,89,double,2.1929836015903206,131.57901609541923,JUMPING
1075,43.0,171.9413299560547,98.39789581298828,3.3514161109924316,False,6.6093854904174805,True,89,0,89,double,2.1929836015903206,131.57901609541923,JUMPING
1076,43.04,168.12191772460938,95.551513671875,2.861088752746582,False,7.420277118682861,True,89,0,89,double,2.1929836015903206,131.57901609541923,JUMPING
1077,43.08,166.30191040039062,94.07193756103516,1.48261559009552,False,8.084704399108887,True,89,0,89,double,2.1929836015903206,131.57901609541923,JUMPING
1078,43.12,166.68136596679688,93.65191650390625,0.4295145273208618,False,8.188057899475098,True,89,0,89,double,2.1929836015903206,131.57901609541923,JUMPING
1079,43.16,167.0457763671875,95.0926513671875,1.499426007270813,False,7.7141265869140625,True,89,0,89,double,2.1929836015903206,131.57901609541923,JUMPING
1080,43.2,169.3251953125,98.2368392944336,3.144306182861328,False,8.348512649536133,True,89,0,89,double,2.1929836015903206,131.57901609541923,JUMPING
1081,43.24,173.68115234375,102.1142349243164,3.878176212310791,False,8.076248168945312,True,89,0,89,double,2.1929836015903206,131.57901609541923,JUMPING
1082,43.28,178.1094970703125,106.21147918701172,4.115926742553711,False,8.127060890197754,False,90,0,90,double,2.1551727526572564,129.31036515943538,JUMPING
1083,43.32,180.93399047851562,108.4205322265625,2.227233648300171,False,8.089496612548828,False,90,0,90,double,2.1551727526572564,129.31036515943538,JUMPING
1084,43.36,181.2685546875,108.48187255859375,1.0581682920455933,False,5.321335792541504,False,90,0,90,double,2.1551727526572564,129.31036515943538,JUMPING
1085,43.4,177.82827758789062,106.7326889038086,1.94864022731781,False,4.314483165740967,False,90,0,90,double,2.1551727526572564,129.31036515943538,JUMPING
1086,43.44,173.66995239257812,101.7349853515625,5.007011413574219,False,4.33992338180542,True,90,0,90,double,2.1551727526572564,129.31036515943538,JUMPING
1087,43.48,169.10678100585938,97.63153076171875,4.127859115600586,False,5.118312358856201,True,90,0,90,double,2.1551727526572564,129.31036515943538,JUMPING
1088,43.52,165.80528259277344,95.20365142822266,2.4443540573120117,False,6.4554443359375,True,90,0,90,double,2.1551727526572564,129.31036515943538,JUMPING
1089,43.56,164.89974975585938,94.00556182861328,1.2075992822647095,False,7.707469940185547,True,90,0,90,double,2.1551727526572564,129.31036515943538,JUMPING
1090,43.6,165.12460327148438,94.12061309814453,0.16281500458717346,False,7.929439544677734,True,90,0,90,double,2.1551727526572564,129.31036515943538,JUMPING
1091,43.64,166.88674926757812,96.00775146484375,1.8904956579208374,False,7.720208168029785,True,90,0,90,double,2.1551727526572564,129.31036515943538,JUMPING
1092,43.68,170.03744506835938,99.1936264038086,3.192230224609375,False,7.552490711212158,True,90,0,90,double,2.1551727526572564,129.31036515943538,JUMPING
1093,43.72,174.05718994140625,103.55175018310547,4.35926628112793,False,8.007405281066895,True,90,0,90,double,2.1551727526572564,129.31036515943538,JUMPING
1094,43.76,179.18951416015625,107.62191772460938,4.0709357261657715,False,7.16350793838501,False,91,0,91,double,2.118646997948562,127.11881987691372,JUMPING
1095,43.8,182.25234985351562,109.0591812133789,1.4377400875091553,False,6.788917064666748,False,91,0,91,double,2.118646997948562,127.11881987691372,JUMPING
1096,43.84,180.7091522216797,107.0379867553711,2.0438027381896973,False,5.542320728302002,False,91,0,91,double,2.118646997948562,127.11881987691372,JUMPING
1097,43.88,176.37820434570312,103.04998779296875,3.9955005645751953,False,4.642404556274414,False,91,0,91,double,2.118646997948562,127.11881987691372,JUMPING
1098,43.92,171.13888549804688,99.54903411865234,3.502960681915283,False,5.412522315979004,True,91,0,91,double,2.118646997948562,127.11881987691372,JUMPING
1099,43.96,166.52340698242188,96.55545043945312,2.9938313961029053,False,7.699944019317627,True,91,0,91,double,2.118646997948562,127.11881987691372,JUMPING
1100,44.0,164.1415252685547,94.60013580322266,1.967580795288086,False,8.626022338867188,True,91,0,91,double,2.118646997948562,127.11881987691372,JUMPING
1101,44.04,163.91807556152344,94.42703247070312,0.20631729066371918,False,8.901450157165527,True,91,0,91,double,2.118646997948562,127.11881987691372,JUMPING
1102,44.08,164.85142517089844,95.88054656982422,1.4715207815170288,False,8.114133834838867,True,91,0,91,double,2.118646997948562,127.11881987691372,JUMPING
1103,44.12,167.53915405273438,98.60994720458984,2.73122239112854,False,7.705794334411621,True,91,0,91,double,2.118646997948562,127.11881987691372,JUMPING
1104,44.16,174.85455322265625,105.3859634399414,6.777834415435791,False,7.319371223449707,True,91,0,91,double,2.118646997948562,127.11881987691372,JUMPING
1105,44.2,180.68997192382812,109.6050796508789,4.225840091705322,False,7.0416975021362305,False,92,0,92,double,2.1551727526572564,129.31036515943538,JUMPING
1106,44.24,183.560791015625,111.29702758789062,1.6933196783065796,False,6.787458419799805,False,92,0,92,double,2.1551727526572564,129.31036515943538,JUMPING
1107,44.28,178.61524963378906,106.83468627929688,4.530858039855957,False,4.106642723083496,False,92,0,92,double,2.1551727526572564,129.31036515943538,JUMPING
1108,44.32,173.2700958251953,102.38626861572266,4.498472690582275,False,3.348557949066162,True,92,0,92,double,2.1551727526572564,129.31036515943538,JUMPING
1109,44.36,169.936767578125,99.60210418701172,2.8102686405181885,False,3.009706497192383,True,92,0,92,double,2.1551727526572564,129.31036515943538,JUMPING
1110,44.4,165.5224609375,96.14849853515625,3.4697062969207764,False,4.736007213592529,True,92,0,92,double,2.1551727526572564,129.31036515943538,JUMPING
1111,44.44,163.4461669921875,94.34365844726562,1.8051533699035645,False,5.286705017089844,True,92,0,92,double,2.1551727526572564,129.31036515943538,JUMPING
1112,44.48,162.94430541992188,93.82772064208984,0.5267577767372131,False,5.638735294342041,True,92,0,92,double,2.1551727526572564,129.31036515943538,JUMPING
1113,44.52,163.890625,94.70218658447266,0.8749529719352722,False,6.77178955078125,True,92,0,92,double,2.1551727526572564,129.31036515943538,JUMPING
1114,44.56,168.69004821777344,98.62520599365234,3.923475742340088,False,6.698567867279053,True,92,0,92,double,2.1551727526572564,129.31036515943538,JUMPING
1115,44.6,174.58737182617188,103.6812744140625,5.056550025939941,False,7.138505458831787,False,93,0,93,double,2.232145015580044,133.92870093480263,JUMPING
1116,44.64,180.61105346679688,108.02416229248047,4.343596458435059,False,7.180570125579834,False,93,0,93,double,2.232145015580044,133.92870093480263,JUMPING
1117,44.68,183.19418334960938,110.04317474365234,2.0698230266571045,False,5.599573135375977,False,93,0,93,double,2.232145015580044,133.92870093480263,JUMPING
1118,44.72,180.81796264648438,107.58223724365234,2.4613208770751953,False,2.638986110687256,False,93,0,93,double,2.232145015580044,133.92870093480263,JUMPING
1119,44.76,179.01837158203125,106.35269927978516,1.2337424755096436,False,1.099389672279358,False,93,0,93,double,2.232145015580044,133.92870093480263,JUMPING
1120,44.8,171.5800018310547,100.73654174804688,5.618801593780518,False,3.2963874340057373,True,93,0,93,double,2.232145015580044,133.92870093480263,JUMPING
1121,44.84,167.32791137695312,97.45392608642578,3.2857038974761963,False,4.749204635620117,True,93,0,93,double,2.232145015580044,133.92870093480263,JUMPING
1122,44.88,164.75103759765625,95.5064468383789,1.9477174282073975,False,5.9175028800964355,True,93,0,93,double,2.232145015580044,133.92870093480263,JUMPING
1123,44.92,163.38558959960938,94.32889556884766,1.1897785663604736,False,6.662657737731934,True,93,0,93,double,2.232145015580044,133.92870093480263,JUMPING
1124,44.96,164.15518188476562,94.95852661132812,0.8308219909667969,False,7.015328407287598,True,93,0,93,double,2.232145015580044,133.92870093480263,JUMPING
1125,45.0,167.33470153808594,97.49224090576172,2.5390639305114746,False,6.370087623596191,True,93,0,93,double,2.232145015580044,133.92870093480263,JUMPING
1126,45.04,172.12254333496094,101.19390869140625,3.702435255050659,False,6.56658935546875,True,93,0,93,double,2.232145015580044,133.92870093480263,JUMPING
1127,45.08,174.4142608642578,103.29634857177734,2.1030168533325195,False,6.568601608276367,False,94,0,94,double,2.1929800184800334,131.578801108802,JUMPING
1128,45.12,177.78350830078125,106.51424407958984,3.2184696197509766,False,7.992952346801758,False,94,0,94,double,2.1929800184800334,131.578801108802,JUMPING
1129,45.16,180.15858459472656,106.53485107421875,0.0569731630384922,False,5.16170597076416,False,94,0,94,double,2.1929800184800334,131.578801108802,JUMPING
1130,45.2,177.7611083984375,104.11702728271484,2.4221670627593994,False,5.3063178062438965,False,94,0,94,double,2.1929800184800334,131.578801108802,JUMPING
1131,45.24,173.47705078125,100.68836212158203,3.428670644760132,False,5.409031391143799,True,94,0,94,double,2.1929800184800334,131.578801108802,JUMPING
1132,45.28,168.77073669433594,97.73584747314453,2.953651189804077,False,5.9471025466918945,True,94,0,94,double,2.1929800184800334,131.578801108802,JUMPING
1133,45.32,165.7995147705078,96.19623565673828,1.5417652130126953,False,6.146069526672363,True,94,0,94,double,2.1929800184800334,131.578801108802,JUMPING
1134,45.36,164.77040100097656,95.20178985595703,1.000590205192566,False,6.297042369842529,True,94,0,94,double,2.1929800184800334,131.578801108802,JUMPING
1135,45.4,164.96444702148438,95.2337646484375,0.17549152672290802,False,6.218381881713867,True,94,0,94,double,2.1929800184800334,131.578801108802,JUMPING
1136,45.44,165.29888916015625,95.50985717773438,0.28443124890327454,False,6.390052318572998,True,94,0,94,double,2.1929800184800334,131.578801108802,JUMPING
1137,45.48,166.98675537109375,97.4759292602539,1.9662636518478394,False,7.509448528289795,True,94,0,94,double,2.1929800184800334,131.578801108802,JUMPING
1138,45.52,172.54461669921875,103.08673095703125,5.6110968589782715,False,8.282846450805664,True,94,0,94,double,2.1929800184800334,131.578801108802,JUMPING
1139,45.56,178.7583465576172,107.13919067382812,4.059603214263916,False,8.358652114868164,False,95,0,95,double,2.1929800184800334,131.578801108802,JUMPING
1140,45.6,182.1583251953125,109.2535171508789,2.132483720779419,False,7.974895000457764,False,95,0,95,double,2.1929800184800334,131.578801108802,JUMPING
1141,45.64,182.69601440429688,108.66590118408203,0.5885719060897827,False,5.4859795570373535,False,95,0,95,double,2.1929800184800334,131.578801108802,JUMPING
1142,45.68,177.1932373046875,103.7125473022461,4.958283424377441,False,5.428967475891113,False,95,0,95,double,2.1929800184800334,131.578801108802,JUMPING
1143,45.72,171.37530517578125,99.50698852539062,4.210196495056152,False,5.695579528808594,True,95,0,95,double,2.1929800184800334,131.578801108802,JUMPING
1144,45.76,168.22488403320312,97.14435577392578,2.363020896911621,False,6.230525970458984,True,95,0,95,double,2.1929800184800334,131.578801108802,JUMPING
1145,45.8,165.65713500976562,95.4730453491211,1.7018402814865112,False,6.192953109741211,True,95,0,95,double,2.1929800184800334,131.578801108802,JUMPING
1146,45.84,165.1763153076172,95.28856658935547,0.2043096423149109,False,6.68198823928833,True,95,0,95,double,2.1929800184800334,131.578801108802,JUMPING
1147,45.88,167.03912353515625,97.20116424560547,1.9157469272613525,False,6.744965076446533,True,95,0,95,double,2.1929800184800334,131.578801108802,JUMPING
1148,45.92,170.76527404785156,100.5222396850586,3.3214118480682373,False,7.17901611328125,True,95,0,95,double,2.1929800184800334,131.578801108802,JUMPING
1149,45.96,173.13365173339844,102.3954849243164,1.875802993774414,False,7.322957992553711,True,95,0,95,double,2.1929800184800334,131.578801108802,JUMPING
1150,46.0,178.83160400390625,107.22900390625,4.833521842956543,False,7.146068572998047,False,96,0,96,double,2.2321411548670516,133.9284692920231,JUMPING
1151,46.04,182.106689453125,109.81668853759766,2.5877182483673096,False,6.9950761795043945,False,96,0,96,double,2.2321411548670516,133.9284692920231,JUMPING
1152,46.08,183.4139404296875,110.5241470336914,0.7550715804100037,False,4.152558326721191,False,96,0,96,double,2.2321411548670516,133.9284692920231,JUMPING
1153,46.12,178.01568603515625,105.86397552490234,4.672646522521973,False,4.165543079376221,True,96,0,96,double,2.2321411548670516,133.9284692920231,JUMPING
1154,46.16,171.73977661132812,101.40140533447266,4.464498043060303,False,5.362447261810303,True,96,0,96,double,2.2321411548670516,133.9284692920231,JUMPING
1155,46.2,167.96359252929688,98.6476058959961,2.7538979053497314,False,6.13224983215332,True,96,0,96,double,2.2321411548670516,133.9284692920231,JUMPING
1156,46.24,165.05844116210938,96.50320434570312,2.144465684890747,False,7.029839992523193,True,96,0,96,double,2.2321411548670516,133.9284692920231,JUMPING
1157,46.28,163.63621520996094,94.7418441772461,1.7616738080978394,False,7.214235782623291,True,96,0,96,double,2.2321411548670516,133.9284692920231,JUMPING
1158,46.32,165.20742797851562,95.6754379272461,0.9715279340744019,False,7.9095916748046875,True,96,0,96,double,2.2321411548670516,133.9284692920231,JUMPING
1159,46.36,168.1324462890625,98.07543182373047,2.417660713195801,False,7.706229209899902,True,96,0,96,double,2.2321411548670516,133.9284692920231,JUMPING
1160,46.4,172.49533081054688,101.92498016357422,3.855220079421997,False,7.389583587646484,True,96,0,96,double,2.2321411548670516,133.9284692920231,JUMPING
1161,46.44,177.71090698242188,106.4502944946289,4.52534818649292,False,7.72574520111084,False,97,0,97,double,2.232145015580044,133.92870093480263,JUMPING
1162,46.48,182.96493530273438,109.12874603271484,2.682539939880371,False,7.711784362792969,False,97,0,97,double,2.232145015580044,133.92870093480263,JUMPING
1163,46.52,185.3967742919922,110.18016815185547,1.0541359186172485,False,7.927948951721191,False,97,0,97,double,2.232145015580044,133.92870093480263,JUMPING
1164,46.56,183.23440551757812,108.53421020507812,1.6980981826782227,False,5.157169818878174,False,97,0,97,double,2.232145015580044,133.92870093480263,JUMPING
1165,46.6,176.5714111328125,103.49507904052734,5.059082984924316,False,5.523199558258057,True,97,0,97,double,2.232145015580044,133.92870093480263,JUMPING
1166,46.64,170.64797973632812,99.1113052368164,4.396876811981201,False,5.910895347595215,True,97,0,97,double,2.232145015580044,133.92870093480263,JUMPING
1167,46.68,166.88702392578125,96.40383911132812,2.7175955772399902,False,6.178821086883545,True,97,0,97,double,2.232145015580044,133.92870093480263,JUMPING
1168,46.72,165.47341918945312,95.46764373779297,0.9405903220176697,False,7.3092546463012695,True,97,0,97,double,2.232145015580044,133.92870093480263,JUMPING
1169,46.76,165.91629028320312,96.32884979248047,0.8638793230056763,False,7.412965297698975,True,97,0,97,double,2.232145015580044,133.92870093480263,JUMPING
1170,46.8,168.35305786132812,98.62408447265625,2.2962915897369385,False,7.600139141082764,True,97,0,97,double,2.232145015580044,133.92870093480263,JUMPING
1171,46.84,171.3287353515625,101.58944702148438,2.965510368347168,False,7.5027947425842285,True,97,0,97,double,2.232145015580044,133.92870093480263,JUMPING
1172,46.88,175.79180908203125,106.0501937866211,4.476377010345459,False,8.0112886428833,True,97,0,97,double,2.232145015580044,133.92870093480263,JUMPING
1173,46.92,180.78103637695312,109.9601058959961,3.9100093841552734,False,7.968893527984619,False,98,0,98,double,2.1551727526572564,129.31036515943538,JUMPING
1174,46.96,182.50689697265625,110.3863525390625,0.5102666020393372,False,6.039113998413086,False,98,0,98,double,2.1551727526572564,129.31036515943538,JUMPING
1175,47.0,183.29226684570312,110.2082290649414,0.24924318492412567,False,4.768308639526367,False,98,0,98,double,2.1551727526572564,129.31036515943538,JUMPING
1176,47.04,178.053955078125,105.24560546875,4.980461120605469,False,5.004202365875244,True,98,0,98,double,2.1551727526572564,129.31036515943538,JUMPING
1177,47.08,172.8109130859375,100.71186065673828,4.540261268615723,False,5.818202018737793,True,98,0,98,double,2.1551727526572564,129.31036515943538,JUMPING
1178,47.12,167.8713836669922,97.2703628540039,3.4438607692718506,False,6.119393825531006,True,98,0,98,double,2.1551727526572564,129.31036515943538,JUMPING
1179,47.16,165.10311889648438,95.398681640625,1.8846807479858398,False,6.759601593017578,True,98,0,98,double,2.1551727526572564,129.31036515943538,JUMPING
1180,47.2,164.39627075195312,94.92617797851562,0.47750306129455566,False,7.034728527069092,True,98,0,98,double,2.1551727526572564,129.31036515943538,JUMPING
1181,47.24,165.87887573242188,96.4702377319336,1.5440789461135864,False,7.089697360992432,True,98,0,98,double,2.1551727526572564,129.31036515943538,JUMPING
1182,47.28,166.77987670898438,97.4890365600586,1.0198463201522827,False,6.573750972747803,True,98,0,98,double,2.1551727526572564,129.31036515943538,JUMPING
1183,47.32,171.20574951171875,102.16825103759766,4.681402683258057,False,7.125459671020508,True,98,0,98,double,2.1551727526572564,129.31036515943538,JUMPING
1184,47.36,173.89443969726562,104.77619171142578,2.6098761558532715,False,6.816885948181152,True,98,0,98,double,2.1551727526572564,129.31036515943538,JUMPING
1185,47.4,178.59957885742188,108.91885375976562,4.142670154571533,False,6.373022079467773,False,99,0,99,double,2.1551727526572564,129.31036515943538,JUMPING
1186,47.44,182.71990966796875,111.51739501953125,2.6087167263031006,False,4.389449119567871,False,99,0,99,double,2.1551727526572564,129.31036515943538,JUMPING
1187,47.48,184.4466094970703,112.31087493896484,0.798224151134491,False,3.3564679622650146,False,99,0,99,double,2.1551727526572564,129.31036515943538,JUMPING
1188,47.52,179.80970764160156,107.80167388916016,4.511458873748779,False,6.1013264656066895,True,99,0,99,double,2.1551727526572564,129.31036515943538,JUMPING
1189,47.56,174.40121459960938,103.60834503173828,4.193819999694824,False,5.367902755737305,True,99,0,99,double,2.1551727526572564,129.31036515943538,JUMPING
1190,47.6,170.455322265625,99.7713394165039,3.8380136489868164,False,5.108633995056152,True,99,0,99,double,2.1551727526572564,129.31036515943538,JUMPING
1191,47.64,168.1968231201172,97.15375518798828,2.6182773113250732,False,5.734179973602295,True,99,0,99,double,2.1551727526572564,129.31036515943538,JUMPING
1192,47.68,167.4921875,96.89830780029297,0.25888577103614807,False,5.927271366119385,True,99,0,99,double,2.1551727526572564,129.31036515943538,JUMPING
1193,47.72,167.5391845703125,97.22081756591797,0.34895187616348267,False,6.077952861785889,True,99,0,99,double,2.1551727526572564,129.31036515943538,JUMPING
1194,47.76,168.51806640625,98.310302734375,1.105527639389038,False,5.999349594116211,True,99,0,99,double,2.1551727526572564,129.31036515943538,JUMPING
1195,47.8,173.3472442626953,102.803955078125,4.503597736358643,False,6.224761962890625,True,99,0,99,double,2.1551727526572564,129.31036515943538,JUMPING
1196,47.84,178.63372802734375,107.75552368164062,4.953179836273193,False,5.720056533813477,False,100,0,100,double,2.1929836015903206,131.57901609541923,JUMPING
1197,47.88,183.14764404296875,111.27227020263672,3.5173850059509277,False,4.3546857833862305,False,100,0,100,double,2.1929836015903206,131.57901609541923,JUMPING
1198,47.92,182.84231567382812,111.0654525756836,0.20932865142822266,False,2.860508680343628,False,100,0,100,double,2.1929836015903206,131.57901609541923,JUMPING
1199,47.96,178.5384521484375,107.5989990234375,3.4664878845214844,False,2.7679965496063232,False,100,0,100,double,2.1929836015903206,131.57901609541923,JUMPING
1200,48.0,175.8828887939453,105.36653900146484,2.232487916946411,False,2.254211187362671,False,100,0,100,double,2.1929836015903206,131.57901609541923,JUMPING
1201,48.04,168.9459991455078,100.28047943115234,5.086113929748535,False,3.7300398349761963,True,100,0,100,double,2.1929836015903206,131.57901609541923,JUMPING
1202,48.08,164.740966796875,96.74007415771484,3.541698455810547,False,4.776057243347168,True,100,0,100,double,2.1929836015903206,131.57901609541923,JUMPING
1203,48.12,162.49038696289062,95.07904052734375,1.666489839553833,False,5.662790298461914,True,100,0,100,double,2.1929836015903206,131.57901609541923,JUMPING
1204,48.16,162.96376037597656,94.583251953125,0.7506672739982605,False,6.2440185546875,True,100,0,100,double,2.1929836015903206,131.57901609541923,JUMPING
1205,48.2,163.49594116210938,94.45650482177734,0.33122503757476807,False,6.657641410827637,True,100,0,100,double,2.1929836015903206,131.57901609541923,JUMPING
1206,48.24,166.85397338867188,97.18338775634766,2.776491165161133,False,7.098306655883789,True,100,0,100,double,2.1929836015903206,131.57901609541923,JUMPING
1207,48.28,171.38494873046875,100.87481689453125,3.7130205631256104,False,7.661755561828613,True,100,0,100,double,2.1929836015903206,131.57901609541923,JUMPING
1208,48.32,173.93106079101562,103.04354095458984,2.184260368347168,False,8.092923164367676,False,101,0,101,double,2.1551727526572564,129.31036515943538,JUMPING
1209,48.36,179.821044921875,108.1982421875,5.162008285522461,False,7.4451212882995605,False,101,0,101,double,2.1551727526572564,129.31036515943538,JUMPING
1210,48.4,180.3585205078125,107.41766357421875,0.806929349899292,False,6.248816013336182,False,101,0,101,double,2.1551727526572564,129.31036515943538,JUMPING
1211,48.44,180.30088806152344,107.5118637084961,0.2816900312900543,False,4.339578628540039,False,101,0,101,double,2.1551727526572564,129.31036515943538,JUMPING
1212,48.48,174.77426147460938,102.39511108398438,5.118016719818115,False,5.597442150115967,True,101,0,101,double,2.1551727526572564,129.31036515943538,JUMPING
1213,48.52,169.39395141601562,97.75841522216797,4.642826080322266,False,7.448221683502197,True,101,0,101,double,2.1551727526572564,129.31036515943538,JUMPING
1214,48.56,166.34246826171875,94.89177703857422,2.8771448135375977,False,8.102461814880371,True,101,0,101,double,2.1551727526572564,129.31036515943538,JUMPING
1215,48.6,165.17581176757812,93.63485717773438,1.2666085958480835,False,7.977109432220459,True,101,0,101,double,2.1551727526572564,129.31036515943538,JUMPING
1216,48.64,165.6710205078125,94.05331420898438,0.42418864369392395,False,7.858559608459473,True,101,0,101,double,2.1551727526572564,129.31036515943538,JUMPING
1217,48.68,168.02752685546875,96.36780548095703,2.314504861831665,False,7.934511184692383,True,101,0,101,double,2.1551727526572564,129.31036515943538,JUMPING
1218,48.72,169.43850708007812,97.989990234375,1.629512071609497,False,8.392568588256836,True,101,0,101,double,2.1551727526572564,129.31036515943538,JUMPING
1219,48.76,175.12646484375,103.2821273803711,5.292173385620117,False,7.781289100646973,False,102,0,102,double,2.1551727526572564,129.31036515943538,JUMPING
1220,48.8,180.3256072998047,108.5087890625,5.227426052093506,False,6.680156707763672,False,102,0,102,double,2.1551727526572564,129.31036515943538,JUMPING
1221,48.84,181.87060546875,108.93075561523438,0.4287068247795105,False,3.5139195919036865,False,102,0,102,double,2.1551727526572564,129.31036515943538,JUMPING
1222,48.88,179.30735778808594,105.87863159179688,3.0675387382507324,False,1.7893409729003906,False,102,0,102,double,2.1551727526572564,129.31036515943538,JUMPING
1223,48.92,177.27471923828125,103.56485748291016,2.3161096572875977,False,1.5919045209884644,False,102,0,102,double,2.1551727526572564,129.31036515943538,JUMPING
1224,48.96,169.98423767089844,98.84435272216797,4.721588611602783,False,3.606762647628784,True,102,0,102,double,2.1551727526572564,129.31036515943538,JUMPING
1225,49.0,165.32579040527344,94.99845123291016,3.8484647274017334,False,5.932107448577881,True,102,0,102,double,2.1551727526572564,129.31036515943538,JUMPING
1226,49.04,163.0676727294922,93.10586547851562,1.8949165344238281,False,7.420483589172363,True,102,0,102,double,2.1551727526572564,129.31036515943538,JUMPING
1227,49.08,162.12701416015625,92.86325073242188,0.39834725856781006,False,7.816278457641602,True,102,0,102,double,2.1551727526572564,129.31036515943538,JUMPING
1228,49.12,162.51480102539062,93.08467864990234,0.2350301891565323,False,7.7185163497924805,True,102,0,102,double,2.1551727526572564,129.31036515943538,JUMPING
1229,49.16,165.5004119873047,96.29161834716797,3.218234062194824,False,7.688817977905273,True,102,0,102,double,2.1551727526572564,129.31036515943538,JUMPING
1230,49.2,170.3865509033203,100.76219940185547,4.471441268920898,False,8.15068531036377,False,103,0,103,double,2.1929800184800334,131.578801108802,JUMPING
1231,49.24,176.01071166992188,105.79878997802734,5.041018962860107,False,8.536705017089844,False,103,0,103,double,2.1929800184800334,131.578801108802,JUMPING
1232,49.28,181.01283264160156,109.18603515625,3.3877899646759033,False,8.271185874938965,False,103,0,103,double,2.1929800184800334,131.578801108802,JUMPING
1233,49.32,182.00148010253906,108.4831771850586,0.7135329246520996,False,5.861073970794678,False,103,0,103,double,2.1929800184800334,131.578801108802,JUMPING
1234,49.36,178.7713165283203,105.3298110961914,3.1628901958465576,False,5.46397066116333,False,103,0,103,double,2.1929800184800334,131.578801108802,JUMPING
1235,49.4,176.3017578125,103.33899688720703,2.010091543197632,False,5.359211444854736,False,103,0,103,double,2.1929800184800334,131.578801108802,JUMPING
1236,49.44,171.7677001953125,100.19573211669922,3.149744987487793,False,5.184139251708984,True,103,0,103,double,2.1929800184800334,131.578801108802,JUMPING
1237,49.48,166.2605438232422,96.6468734741211,3.5508081912994385,False,5.145783424377441,True,103,0,103,double,2.1929800184800334,131.578801108802,JUMPING
1238,49.52,162.9189453125,95.01065826416016,1.6375113725662231,False,6.289827823638916,True,103,0,103,double,2.1929800184800334,131.578801108802,JUMPING
1239,49.56,162.5181884765625,94.67987060546875,0.34548625349998474,False,6.300062656402588,True,103,0,103,double,2.1929800184800334,131.578801108802,JUMPING
1240,49.6,164.60247802734375,96.16155242919922,1.4958444833755493,False,6.684567928314209,True,103,0,103,double,2.1929800184800334,131.578801108802,JUMPING
1241,49.64,166.08853149414062,97.26346588134766,1.1085388660430908,False,6.503856658935547,True,103,0,103,double,2.1929800184800334,131.578801108802,JUMPING
1242,49.68,172.16986083984375,102.53728485107422,5.273929119110107,False,6.285032272338867,True,103,0,103,double,2.1929800184800334,131.578801108802,JUMPING
1243,49.72,178.69552612304688,107.38726806640625,4.852839946746826,False,6.892740249633789,False,104,0,104,double,2.1551727526572564,129.31036515943538,JUMPING
1244,49.76,181.89642333984375,109.9989013671875,2.611837387084961,False,7.4275102615356445,False,104,0,104,double,2.1551727526572564,129.31036515943538,JUMPING
1245,49.8,179.94590759277344,107.70572662353516,2.3670132160186768,False,4.2749714851379395,False,104,0,104,double,2.1551727526572564,129.31036515943538,JUMPING
1246,49.84,175.87391662597656,103.79409790039062,3.9272959232330322,False,4.160797595977783,False,104,0,104,double,2.1551727526572564,129.31036515943538,JUMPING
1247,49.88,173.30645751953125,101.3907241821289,2.4154539108276367,False,4.504340648651123,True,104,0,104,double,2.1551727526572564,129.31036515943538,JUMPING
1248,49.92,169.71502685546875,98.78768920898438,2.6242330074310303,False,4.760343074798584,True,104,0,104,double,2.1551727526572564,129.31036515943538,JUMPING
1249,49.96,166.28854370117188,96.4113998413086,2.4036126136779785,False,6.130692005157471,True,104,0,104,double,2.1551727526572564,129.31036515943538,JUMPING
1250,50.0,164.67457580566406,95.2530288696289,1.1833789348602295,False,6.598092079162598,True,104,0,104,double,2.1551727526572564,129.31036515943538,JUMPING
1251,50.04,164.48886108398438,95.49854278564453,0.33178937435150146,False,6.986937046051025,True,104,0,104,double,2.1551727526572564,129.31036515943538,JUMPING
1252,50.08,167.21719360351562,98.67520904541016,3.2170157432556152,False,6.876660346984863,True,104,0,104,double,2.1551727526572564,129.31036515943538,JUMPING
1253,50.12,171.74261474609375,102.78849029541016,4.128692626953125,False,7.225497245788574,True,104,0,104,double,2.1551727526572564,129.31036515943538,JUMPING
1254,50.16,177.54795837402344,107.79754638671875,5.00982141494751,False,7.938403606414795,False,105,0,105,double,2.1551727526572564,129.31036515943538,JUMPING
1255,50.2,180.5059814453125,110.32979583740234,2.5431854724884033,False,8.172661781311035,False,105,0,105,double,2.1551727526572564,129.31036515943538,JUMPING
1256,50.24,183.91818237304688,112.4261474609375,2.1635940074920654,False,7.492384433746338,False,105,0,105,double,2.1551727526572564,129.31036515943538,JUMPING
1257,50.28,180.56265258789062,109.16674041748047,3.259753465652466,False,5.3115153312683105,False,105,0,105,double,2.1551727526572564,129.31036515943538,JUMPING
1258,50.32,175.3852996826172,105.98192596435547,3.248248815536499,False,5.654892921447754,True,105,0,105,double,2.1551727526572564,129.31036515943538,JUMPING
1259,50.36,172.41578674316406,103.45325469970703,2.5401339530944824,False,6.382576942443848,True,105,0,105,double,2.1551727526572564,129.31036515943538,JUMPING
1260,50.4,168.72470092773438,99.22930145263672,4.2241339683532715,False,8.202817916870117,True,105,0,105,double,2.1551727526572564,129.31036515943538,JUMPING
1261,50.44,167.21470642089844,97.17412567138672,2.058253288269043,False,8.519113540649414,True,105,0,105,double,2.1551727526572564,129.31036515943538,JUMPING
1262,50.48,166.88897705078125,96.3885498046875,0.7879747748374939,False,8.438349723815918,True,105,0,105,double,2.1551727526572564,129.31036515943538,JUMPING
1263,50.52,167.7824249267578,97.46199798583984,1.074300765991211,False,8.321435928344727,True,105,0,105,double,2.1551727526572564,129.31036515943538,JUMPING
1264,50.56,171.02386474609375,101.6777114868164,4.218374252319336,False,8.044234275817871,True,105,0,105,double,2.1551727526572564,129.31036515943538,JUMPING
1265,50.6,176.11561584472656,106.47940826416016,4.8018364906311035,False,7.311952590942383,False,106,0,106,double,2.1929836015903206,131.57901609541923,JUMPING
1266,50.64,181.50125122070312,110.80847930908203,4.329878807067871,False,6.339184284210205,False,106,0,106,double,2.1929836015903206,131.57901609541923,JUMPING
1267,50.68,184.2787628173828,112.3205795288086,1.518258810043335,False,4.887233257293701,False,106,0,106,double,2.1929836015903206,131.57901609541923,JUMPING
1268,50.72,183.05459594726562,110.23583984375,2.1218411922454834,False,3.3692681789398193,False,106,0,106,double,2.1929836015903206,131.57901609541923,JUMPING
1269,50.76,181.80044555664062,108.57501983642578,1.663722276687622,False,3.365363836288452,False,106,0,106,double,2.1929836015903206,131.57901609541923,JUMPING
1270,50.8,175.43701171875,103.99627685546875,4.5789289474487305,False,4.05532693862915,True,106,0,106,double,2.1929836015903206,131.57901609541923,JUMPING
1271,50.84,170.55752563476562,101.02432250976562,2.9734203815460205,False,5.168474197387695,True,106,0,106,double,2.1929836015903206,131.57901609541923,JUMPING
1272,50.88,167.96995544433594,99.21355438232422,1.8118293285369873,False,6.2514777183532715,True,106,0,106,double,2.1929836015903206,131.57901609541923,JUMPING
1273,50.92,166.5345458984375,98.61444091796875,0.6300561428070068,False,7.030738353729248,True,106,0,106,double,2.1929836015903206,131.57901609541923,JUMPING
1274,50.96,167.68637084960938,99.71207427978516,1.1594587564468384,False,7.372594356536865,True,106,0,106,double,2.1929836015903206,131.57901609541923,JUMPING
1275,51.0,168.77320861816406,100.51248168945312,0.8140328526496887,False,7.309773921966553,True,106,0,106,double,2.1929836015903206,131.57901609541923,JUMPING
1276,51.04,172.380126953125,105.11138916015625,4.606766700744629,False,7.145915985107422,True,106,0,106,double,2.1929836015903206,131.57901609541923,JUMPING
1277,51.08,177.8286590576172,110.03317260742188,4.933509349822998,False,6.260716915130615,True,106,0,106,double,2.1929836015903206,131.57901609541923,JUMPING
1278,51.12,182.88900756835938,113.1145248413086,3.0852267742156982,False,5.59470796585083,False,107,0,107,double,2.1186435198655156,127.11861119193094,JUMPING
1279,51.16,184.35470581054688,113.48155975341797,0.37002575397491455,False,3.309643030166626,False,107,0,107,double,2.1186435198655156,127.11861119193094,JUMPING
1280,51.2,184.15240478515625,113.11447143554688,0.3674663007259369,False,1.5379483699798584,False,107,0,107,double,2.1186435198655156,127.11861119193094,JUMPING
1281,51.24,179.05029296875,108.2746810913086,4.839798450469971,False,2.26008939743042,True,107,0,107,double,2.1186435198655156,127.11861119193094,JUMPING
1282,51.28,174.00787353515625,104.03685760498047,4.239920616149902,False,3.503065347671509,True,107,0,107,double,2.1186435198655156,127.11861119193094,JUMPING
1283,51.32,170.39605712890625,100.71383666992188,3.3233463764190674,False,5.078052997589111,True,107,0,107,double,2.1186435198655156,127.11861119193094,JUMPING
1284,51.36,168.5485076904297,99.120849609375,1.597758173942566,False,5.579502582550049,True,107,0,107,double,2.1186435198655156,127.11861119193094,JUMPING
1285,51.4,168.73626708984375,98.73917388916016,0.5576743483543396,False,6.697360038757324,True,107,0,107,double,2.1186435198655156,127.11861119193094,JUMPING
1286,51.44,169.00726318359375,98.9192123413086,0.21337299048900604,False,7.456223964691162,True,107,0,107,double,2.1186435198655156,127.11861119193094,JUMPING
1287,51.48,171.77059936523438,102.4759750366211,3.5830905437469482,False,6.933919906616211,True,107,0,107,double,2.1186435198655156,127.11861119193094,JUMPING
1288,51.52,175.82533264160156,107.3670654296875,4.9659104347229,False,6.542086124420166,True,107,0,107,double,2.1186435198655156,127.11861119193094,JUMPING
1289,51.56,178.318603515625,110.06542205810547,2.7359158992767334,False,6.145793914794922,True,107,0,107,double,2.1186435198655156,127.11861119193094,JUMPING
1290,51.6,182.19003295898438,112.51660919189453,2.479370355606079,False,5.6993513107299805,False,108,0,108,double,2.0833353201567206,125.00011920940324,JUMPING
1291,51.64,182.59481811523438,111.7506103515625,0.7713013887405396,False,2.7519662380218506,False,108,0,108,double,2.0833353201567206,125.00011920940324,JUMPING
1292,51.68,182.5072479248047,110.98141479492188,0.772042989730835,False,1.4687405824661255,False,108,0,108,double,2.0833353201567206,125.00011920940324,JUMPING
1293,51.72,179.4759521484375,107.94051361083984,3.0519917011260986,False,1.983649492263794,True,108,0,108,double,2.0833353201567206,125.00011920940324,JUMPING
1294,51.76,174.26895141601562,103.31168365478516,4.699343681335449,False,4.192999362945557,True,108,0,108,double,2.0833353201567206,125.00011920940324,JUMPING
1295,51.8,170.8238067626953,100.3770980834961,3.016390323638916,False,5.286215305328369,True,108,0,108,double,2.0833353201567206,125.00011920940324,JUMPING
1296,51.84,169.44090270996094,99.3077392578125,1.392694354057312,False,6.723837375640869,True,108,0,108,double,2.0833353201567206,125.00011920940324,JUMPING
1297,51.88,169.46987915039062,99.81216430664062,0.8392524123191833,False,7.44720458984375,True,108,0,108,double,2.0833353201567206,125.00011920940324,JUMPING
1298,51.92,171.43624877929688,101.60892486572266,1.8448073863983154,False,7.3991193771362305,True,108,0,108,double,2.0833353201567206,125.00011920940324,JUMPING
1299,51.96,174.83224487304688,104.59783935546875,3.0162837505340576,False,7.004807949066162,True,108,0,108,double,2.0833353201567206,125.00011920940324,JUMPING
1300,52.0,179.86175537109375,108.83133697509766,4.234516620635986,False,6.554692268371582,False,109,0,109,double,2.1929836015903206,131.57901609541923,JUMPING
1301,52.04,184.4820556640625,112.07784271240234,3.2493159770965576,False,5.846927165985107,False,109,0,109,double,2.1929836015903206,131.57901609541923,JUMPING
1302,52.08,186.11477661132812,112.5888900756836,0.5134081840515137,False,3.767176628112793,False,109,0,109,double,2.1929836015903206,131.57901609541923,JUMPING
1303,52.12,183.18331909179688,109.78266143798828,2.8200886249542236,False,3.059920310974121,False,109,0,109,double,2.1929836015903206,131.57901609541923,JUMPING
1304,52.16,178.56289672851562,106.32784271240234,3.4999990463256836,False,3.849069118499756,True,109,0,109,double,2.1929836015903206,131.57901609541923,JUMPING
1305,52.2,174.14959716796875,103.58354949951172,2.751033067703247,False,4.083172798156738,True,109,0,109,double,2.1929836015903206,131.57901609541923,JUMPING
1306,52.24,170.8127899169922,101.04159545898438,2.5433104038238525,False,4.431555271148682,True,109,0,109,double,2.1929836015903206,131.57901609541923,JUMPING
1307,52.28,169.09713745117188,99.92120361328125,1.1204116344451904,False,4.879749298095703,True,109,0,109,double,2.1929836015903206,131.57901609541923,JUMPING
1308,52.32,169.315185546875,100.0563735961914,0.2510446608066559,False,5.1111555099487305,True,109,0,109,double,2.1929836015903206,131.57901609541923,JUMPING
1309,52.36,169.91099548339844,100.24020385742188,0.24464435875415802,False,5.213177680969238,True,109,0,109,double,2.1929836015903206,131.57901609541923,JUMPING
1310,52.4,173.56710815429688,103.56124877929688,3.324124813079834,False,5.361478805541992,True,109,0,109,double,2.1929836015903206,131.57901609541923,JUMPING
1311,52.44,178.30831909179688,108.3327407836914,4.771528720855713,False,6.0173845291137695,False,110,0,110,double,2.1929836015903206,131.57901609541923,JUMPING
1312,52.48,182.5627899169922,112.2009506225586,3.8689589500427246,False,5.904046535491943,False,110,0,110,double,2.1929836015903206,131.57901609541923,JUMPING
1313,52.52,184.42333984375,113.618408203125,1.4740177392959595,False,4.863218784332275,False,110,0,110,double,2.1929836015903206,131.57901609541923,JUMPING
1314,52.56,185.04554748535156,113.956787109375,0.3572806417942047,False,4.683333396911621,False,110,0,110,double,2.1929836015903206,131.57901609541923,JUMPING
1315,52.6,179.53256225585938,109.1277847290039,4.829187393188477,False,4.400869846343994,False,110,0,110,double,2.1929836015903206,131.57901609541923,JUMPING
1316,52.64,176.179443359375,106.3908920288086,2.73732328414917,False,4.331558704376221,True,110,0,110,double,2.1929836015903206,131.57901609541923,JUMPING
1317,52.68,171.39401245117188,102.39739990234375,4.017193794250488,False,5.628921031951904,True,110,0,110,double,2.1929836015903206,131.57901609541923,JUMPING
1318,52.72,168.31292724609375,100.32550048828125,2.1105425357818604,False,6.452349662780762,True,110,0,110,double,2.1929836015903206,131.57901609541923,JUMPING
1319,52.76,167.16680908203125,99.5163345336914,0.8486102819442749,False,7.209969520568848,True,110,0,110,double,2.1929836015903206,131.57901609541923,JUMPING
1320,52.8,167.14303588867188,99.38899993896484,0.15081261098384857,False,7.247485637664795,True,110,0,110,double,2.1929836015903206,131.57901609541923,JUMPING
1321,52.84,170.01324462890625,102.5961685180664,3.232635021209717,False,6.943702697753906,True,110,0,110,double,2.1929836015903206,131.57901609541923,JUMPING
1322,52.88,171.59657287597656,104.68329620361328,2.0969083309173584,False,6.981528282165527,True,110,0,110,double,2.1929836015903206,131.57901609541923,JUMPING
1323,52.92,177.45945739746094,109.83236694335938,5.1525654792785645,False,6.4094648361206055,False,111,0,111,double,2.1551727526572564,129.31036515943538,JUMPING
1324,52.96,182.46923828125,112.86588287353516,3.0439069271087646,False,3.7718446254730225,False,111,0,111,double,2.1551727526572564,129.31036515943538,JUMPING
1325,53.0,183.4124755859375,112.64025115966797,0.3084593713283539,False,1.6423430442810059,False,111,0,111,double,2.1551727526572564,129.31036515943538,JUMPING
1326,53.04,180.4251251220703,109.73949432373047,2.919203758239746,False,1.480777382850647,False,111,0,111,double,2.1551727526572564,129.31036515943538,JUMPING
1327,53.08,174.5250244140625,106.5895767211914,3.160034656524658,False,3.059858798980713,True,111,0,111,double,2.1551727526572564,129.31036515943538,JUMPING
1328,53.12,171.46546936035156,104.5327377319336,2.0578627586364746,False,4.394219398498535,True,111,0,111,double,2.1551727526572564,129.31036515943538,JUMPING
1329,53.16,169.14175415039062,102.5148696899414,2.081312656402588,False,5.186471939086914,True,111,0,111,double,2.1551727526572564,129.31036515943538,JUMPING
1330,53.2,167.82591247558594,101.55060577392578,1.0164153575897217,False,5.716532230377197,True,111,0,111,double,2.1551727526572564,129.31036515943538,JUMPING
1331,53.24,167.29129028320312,101.1797103881836,0.39086005091667175,False,5.858878135681152,True,111,0,111,double,2.1551727526572564,129.31036515943538,JUMPING
1332,53.28,168.10760498046875,101.94644927978516,0.7667890191078186,False,5.862412929534912,True,111,0,111,double,2.1551727526572564,129.31036515943538,JUMPING
1333,53.32,170.57662963867188,103.71936798095703,1.7731239795684814,False,6.066656112670898,True,111,0,111,double,2.1551727526572564,129.31036515943538,JUMPING
1334,53.36,176.77267456054688,109.31023406982422,5.592498302459717,False,6.0088067054748535,True,111,0,111,double,2.1551727526572564,129.31036515943538,JUMPING
1335,53.4,182.4306640625,112.94087982177734,3.6351213455200195,False,5.86826229095459,False,112,0,112,double,2.1929800184800334,131.578801108802,JUMPING
1336,53.44,184.4554443359375,113.26519775390625,0.5126399397850037,False,3.0464441776275635,False,112,0,112,double,2.1929800184800334,131.578801108802,JUMPING
1337,53.48,182.44650268554688,110.5777359008789,2.7458856105804443,False,2.185333251953125,False,112,0,112,double,2.1929800184800334,131.578801108802,JUMPING
1338,53.52,178.4549560546875,107.01165008544922,3.580622434616089,False,3.0322420597076416,True,112,0,112,double,2.1929800184800334,131.578801108802,JUMPING
1339,53.56,173.1623992919922,103.68946075439453,3.3262248039245605,False,4.411252498626709,True,112,0,112,double,2.1929800184800334,131.578801108802,JUMPING
1340,53.6,170.26718139648438,101.98196411132812,1.7121179103851318,False,5.360610008239746,True,112,0,112,double,2.1929800184800334,131.578801108802,JUMPING
1341,53.64,168.59466552734375,99.6861801147461,2.2969579696655273,False,5.965702533721924,True,112,0,112,double,2.1929800184800334,131.578801108802,JUMPING
1342,53.68,168.2903594970703,99.17727661132812,0.5597107410430908,False,5.657912731170654,True,112,0,112,double,2.1929800184800334,131.578801108802,JUMPING
1343,53.72,169.36053466796875,100.50992584228516,1.3376017808914185,False,6.505349159240723,True,112,0,112,double,2.1929800184800334,131.578801108802,JUMPING
1344,53.76,171.98997497558594,103.16092681884766,2.6751770973205566,False,6.614806175231934,True,112,0,112,double,2.1929800184800334,131.578801108802,JUMPING
1345,53.8,176.0482635498047,106.827392578125,3.6792185306549072,False,6.3647003173828125,False,113,0,113,double,2.272726515354456,136.36359092126736,JUMPING
1346,53.84,180.98977661132812,110.43121337890625,3.608924150466919,False,6.244764804840088,False,113,0,113,double,2.272726515354456,136.36359092126736,JUMPING
1347,53.88,183.38742065429688,112.47332763671875,2.0421297550201416,False,6.392147541046143,False,113,0,113,double,2.272726515354456,136.36359092126736,JUMPING
1348,53.92,183.05001831054688,110.75287628173828,1.7626372575759888,False,4.228183269500732,False,113,0,113,double,2.272726515354456,136.36359092126736,JUMPING
1349,53.96,182.80581665039062,109.57572174072266,1.1847468614578247,False,3.433912754058838,False,113,0,113,double,2.272726515354456,136.36359092126736,JUMPING
1350,54.0,179.08177185058594,106.5497817993164,3.048527479171753,False,3.628056764602661,False,113,0,113,double,2.272726515354456,136.36359092126736,JUMPING
1351,54.04,173.15045166015625,101.87244415283203,4.683598041534424,False,4.168093681335449,True,113,0,113,double,2.272726515354456,136.36359092126736,JUMPING
1352,54.08,169.66502380371094,99.3998794555664,2.472686767578125,False,4.718650817871094,True,113,0,113,double,2.272726515354456,136.36359092126736,JUMPING
1353,54.12,167.85671997070312,97.50969696044922,1.890190601348877,False,5.723751068115234,True,113,0,113,double,2.272726515354456,136.36359092126736,JUMPING
1354,54.16,168.28890991210938,97.84294891357422,0.6308954954147339,False,6.648726940155029,True,113,0,113,double,2.272726515354456,136.36359092126736,JUMPING
1355,54.2,170.89859008789062,99.15731048583984,1.3185571432113647,False,6.801772117614746,True,113,0,113,double,2.272726515354456,136.36359092126736,JUMPING
1356,54.24,174.59689331054688,102.52764892578125,3.3791253566741943,False,6.73729944229126,False,114,0,114,double,2.2321411548670516,133.9284692920231,JUMPING
1357,54.28,179.53558349609375,106.55025482177734,4.022636413574219,False,6.606865406036377,False,114,0,114,double,2.2321411548670516,133.9284692920231,JUMPING
1358,54.32,183.19717407226562,108.78585815429688,2.2362866401672363,False,5.950136184692383,False,114,0,114,double,2.2321411548670516,133.9284692920231,JUMPING
1359,54.36,183.0335693359375,107.9818115234375,0.8057880997657776,False,3.5773119926452637,False,114,0,114,double,2.2321411548670516,133.9284692920231,JUMPING
1360,54.4,179.59275817871094,105.31060028076172,2.672320604324341,False,2.7495410442352295,False,114,0,114,double,2.2321411548670516,133.9284692920231,JUMPING
1361,54.44,175.796630859375,102.3896713256836,2.9399404525756836,False,4.551254749298096,True,114,0,114,double,2.2321411548670516,133.9284692920231,JUMPING
1362,54.48,171.6821746826172,98.53194427490234,3.8595895767211914,False,4.751194953918457,True,114,0,114,double,2.2321411548670516,133.9284692920231,JUMPING
1363,54.52,168.93792724609375,96.3076400756836,2.281292676925659,False,4.631739139556885,True,114,0,114,double,2.2321411548670516,133.9284692920231,JUMPING
1364,54.56,167.44155883789062,94.76123809814453,1.6381051540374756,False,5.085517883300781,True,114,0,114,double,2.2321411548670516,133.9284692920231,JUMPING
1365,54.6,167.03785705566406,95.50121307373047,0.8567274808883667,False,5.628776550292969,True,114,0,114,double,2.2321411548670516,133.9284692920231,JUMPING
1366,54.64,168.91537475585938,96.00466918945312,0.530823826789856,False,5.488231658935547,True,114,0,114,double,2.2321411548670516,133.9284692920231,JUMPING
1367,54.68,172.04483032226562,98.5084228515625,2.519148349761963,False,5.866892337799072,True,114,0,114,double,2.2321411548670516,133.9284692920231,JUMPING
1368,54.72,176.42465209960938,102.08931732177734,3.581406354904175,False,6.834685325622559,False,115,0,115,double,2.1929800184800334,131.578801108802,JUMPING
1369,54.76,180.54116821289062,106.4328384399414,4.381214141845703,False,7.474698066711426,False,115,0,115,double,2.1929800184800334,131.578801108802,JUMPING
1370,54.8,183.48777770996094,108.7744369506836,2.3427913188934326,False,5.924082279205322,False,115,0,115,double,2.1929800184800334,131.578801108802,JUMPING
1371,54.84,184.46798706054688,109.73542022705078,0.9655394554138184,False,4.867007732391357,False,115,0,115,double,2.1929800184800334,131.578801108802,JUMPING
1372,54.88,182.88760375976562,108.1459732055664,1.5915828943252563,False,3.6365532875061035,False,115,0,115,double,2.1929800184800334,131.578801108802,JUMPING
1373,54.92,175.53250122070312,101.82904815673828,6.3289337158203125,False,4.930284023284912,True,115,0,115,double,2.1929800184800334,131.578801108802,JUMPING
1374,54.96,169.2109375,96.80072021484375,5.0726213455200195,False,6.347013473510742,True,115,0,115,double,2.1929800184800334,131.578801108802,JUMPING
1375,55.0,164.951171875,93.12129974365234,3.6944007873535156,False,7.405666351318359,True,115,0,115,double,2.1929800184800334,131.578801108802,JUMPING
1376,55.04,163.32937622070312,91.2730712890625,1.8644206523895264,False,7.8856987953186035,True,115,0,115,double,2.1929800184800334,131.578801108802,JUMPING
1377,55.08,163.8486328125,91.01455688476562,0.2676314413547516,False,7.51977014541626,True,115,0,115,double,2.1929800184800334,131.578801108802,JUMPING
1378,55.12,166.27005004882812,92.54666137695312,1.5324426889419556,False,7.191057205200195,True,115,0,115,double,2.1929800184800334,131.578801108802,JUMPING
1379,55.16,169.1922149658203,95.3025894165039,2.7576382160186768,False,6.024622917175293,True,115,0,115,double,2.1929800184800334,131.578801108802,JUMPING
1380,55.2,173.56842041015625,99.7309341430664,4.4287800788879395,False,6.083789348602295,False,116,0,116,double,2.1929800184800334,131.578801108802,JUMPING
1381,55.24,178.4065704345703,103.95391845703125,4.223377227783203,False,5.815712928771973,False,116,0,116,double,2.1929800184800334,131.578801108802,JUMPING
1382,55.28,182.56617736816406,106.29025268554688,2.3544106483459473,False,3.9669361114501953,False,116,0,116,double,2.1929800184800334,131.578801108802,JUMPING
1383,55.32,181.8202667236328,105.42554473876953,0.867340087890625,False,2.690624475479126,False,116,0,116,double,2.1929800184800334,131.578801108802,JUMPING
1384,55.36,177.61578369140625,102.54059600830078,2.8854146003723145,False,2.8777594566345215,False,116,0,116,double,2.1929800184800334,131.578801108802,JUMPING
1385,55.4,172.05532836914062,99.17537689208984,3.3658597469329834,False,4.190359115600586,True,116,0,116,double,2.1929800184800334,131.578801108802,JUMPING
1386,55.44,168.31378173828125,96.57030487060547,2.642557382583618,False,5.057320594787598,True,116,0,116,double,2.1929800184800334,131.578801108802,JUMPING
1387,55.48,166.13470458984375,94.968994140625,1.7973220348358154,False,6.206761360168457,True,116,0,116,double,2.1929800184800334,131.578801108802,JUMPING
1388,55.52,166.08795166015625,94.52848052978516,0.7926592230796814,False,6.969803333282471,True,116,0,116,double,2.1929800184800334,131.578801108802,JUMPING
1389,55.56,167.312255859375,95.31317138671875,1.1572593450546265,False,7.543569564819336,True,116,0,116,double,2.1929800184800334,131.578801108802,JUMPING
1390,55.6,169.4897003173828,97.9634017944336,2.7233996391296387,False,6.831087112426758,True,116,0,116,double,2.1929800184800334,131.578801108802,JUMPING
1391,55.64,173.4111328125,101.61153411865234,3.6579082012176514,False,6.804715156555176,True,116,0,116,double,2.1929800184800334,131.578801108802,JUMPING
1392,55.68,178.02174377441406,106.03186798095703,4.463191032409668,False,5.563994407653809,False,117,0,117,double,2.1929836015903206,131.57901609541923,JUMPING
1393,55.72,182.04254150390625,108.9163589477539,2.9403839111328125,False,2.7207887172698975,False,117,0,117,double,2.1929836015903206,131.57901609541923,JUMPING
1394,55.76,184.09701538085938,110.19403076171875,1.2826919555664062,False,0.9850974082946777,False,117,0,117,double,2.1929836015903206,131.57901609541923,JUMPING
1395,55.8,183.5255889892578,108.60650634765625,1.6343294382095337,False,1.3184285163879395,False,117,0,117,double,2.1929836015903206,131.57901609541923,JUMPING
1396,55.84,178.68988037109375,103.0472183227539,5.567789554595947,False,2.314199209213257,True,117,0,117,double,2.1929836015903206,131.57901609541923,JUMPING
1397,55.88,175.966064453125,99.9508285522461,3.097618579864502,False,3.809265613555908,True,117,0,117,double,2.1929836015903206,131.57901609541923,JUMPING
1398,55.92,171.85025024414062,97.14737701416016,2.8034636974334717,False,5.562803268432617,True,117,0,117,double,2.1929836015903206,131.57901609541923,JUMPING
1399,55.96,168.87481689453125,94.68036651611328,2.4825894832611084,False,6.570587635040283,True,117,0,117,double,2.1929836015903206,131.57901609541923,JUMPING
1400,56.0,167.41050720214844,93.4017105102539,1.27903151512146,False,7.476628303527832,True,117,0,117,double,2.1929836015903206,131.57901609541923,JUMPING
1401,56.04,167.5177764892578,93.58011627197266,0.2616860270500183,False,7.611177921295166,True,117,0,117,double,2.1929836015903206,131.57901609541923,JUMPING
1402,56.08,170.6497802734375,97.25028228759766,3.797374963760376,False,7.149714946746826,True,117,0,117,double,2.1929836015903206,131.57901609541923,JUMPING
1403,56.12,175.6273193359375,102.12661743164062,4.946904182434082,False,6.386838912963867,False,118,0,118,double,2.1551727526572564,129.31036515943538,JUMPING
1404,56.16,180.14828491210938,106.6246109008789,4.5169806480407715,False,5.440529823303223,False,118,0,118,double,2.1551727526572564,129.31036515943538,JUMPING
1405,56.2,182.68463134765625,108.46202850341797,1.851946473121643,False,3.56424617767334,False,118,0,118,double,2.1551727526572564,129.31036515943538,JUMPING
1406,56.24,183.66928100585938,109.01996612548828,0.5587106943130493,False,2.5958545207977295,False,118,0,118,double,2.1551727526572564,129.31036515943538,JUMPING
1407,56.28,178.33767700195312,105.301025390625,3.718949556350708,False,2.4541895389556885,False,118,0,118,double,2.1551727526572564,129.31036515943538,JUMPING
1408,56.32,172.46884155273438,101.4285888671875,3.8724708557128906,False,4.79938268661499,True,118,0,118,double,2.1551727526572564,129.31036515943538,JUMPING
1409,56.36,168.5572052001953,99.0229263305664,2.4064552783966064,False,4.975347518920898,True,118,0,118,double,2.1551727526572564,129.31036515943538,JUMPING
1410,56.4,166.48599243164062,97.5621109008789,1.4609142541885376,False,5.288168907165527,True,118,0,118,double,2.1551727526572564,129.31036515943538,JUMPING
1411,56.44,166.26144409179688,97.72509002685547,0.4989348351955414,False,6.219339370727539,True,118,0,118,double,2.1551727526572564,129.31036515943538,JUMPING
1412,56.48,167.72132873535156,99.1827163696289,1.5986177921295166,False,6.845070838928223,True,118,0,118,double,2.1551727526572564,129.31036515943538,JUMPING
1413,56.52,170.92977905273438,101.99796295166016,2.8508806228637695,False,6.724488735198975,True,118,0,118,double,2.1551727526572564,129.31036515943538,JUMPING
1414,56.56,175.2832489013672,105.3645248413086,3.3665788173675537,False,6.719818115234375,True,118,0,118,double,2.1551727526572564,129.31036515943538,JUMPING
1415,56.6,180.36520385742188,109.12728881835938,3.785158157348633,False,6.624338150024414,False,119,0,119,double,2.118646997948562,127.11881987691372,JUMPING
1416,56.64,182.57070922851562,110.6141586303711,1.5077558755874634,False,6.6032304763793945,False,119,0,119,double,2.118646997948562,127.11881987691372,JUMPING
1417,56.68,182.76974487304688,109.23690795898438,1.384536623954773,False,4.8643927574157715,False,119,0,119,double,2.118646997948562,127.11881987691372,JUMPING
1418,56.72,179.40536499023438,105.95731353759766,3.2830593585968018,False,3.6298587322235107,False,119,0,119,double,2.118646997948562,127.11881987691372,JUMPING
1419,56.76,175.33377075195312,102.7175064086914,3.246770143508911,False,4.983448028564453,True,119,0,119,double,2.118646997948562,127.11881987691372,JUMPING
1420,56.8,171.37490844726562,99.58968353271484,3.1522340774536133,False,5.367187023162842,True,119,0,119,double,2.118646997948562,127.11881987691372,JUMPING
1421,56.84,168.65170288085938,97.5146484375,2.081413745880127,False,5.341518402099609,True,119,0,119,double,2.118646997948562,127.11881987691372,JUMPING
1422,56.88,167.64346313476562,96.77557373046875,0.8873090147972107,False,5.702630996704102,True,119,0,119,double,2.118646997948562,127.11881987691372,JUMPING
1423,56.92,168.86856079101562,97.64690399169922,0.8724052906036377,False,4.843828201293945,True,119,0,119,double,2.118646997948562,127.11881987691372,JUMPING
1424,56.96,169.54373168945312,98.21431732177734,0.591670572757721,False,4.893585205078125,True,119,0,119,double,2.118646997948562,127.11881987691372,JUMPING
1425,57.0,172.8751983642578,101.89395904541016,3.683675765991211,False,4.68123197555542,True,119,0,119,double,2.118646997948562,127.11881987691372,JUMPING
1426,57.04,177.08917236328125,106.2240982055664,4.33561372756958,False,4.031132221221924,False,120,0,120,double,2.1551727526572564,129.31036515943538,JUMPING
1427,57.08,180.8198699951172,108.76834869384766,2.544506549835205,False,3.5646350383758545,False,120,0,120,double,2.1551727526572564,129.31036515943538,JUMPING
1428,57.12,181.32064819335938,108.67721557617188,0.15811653435230255,False,2.354656934738159,False,120,0,120,double,2.1551727526572564,129.31036515943538,JUMPING
1429,57.16,178.06166076660156,105.92528533935547,2.7758288383483887,False,2.9463284015655518,False,120,0,120,double,2.1551727526572564,129.31036515943538,JUMPING
1430,57.2,173.5255126953125,102.82958984375,3.096573829650879,False,4.543970584869385,False,120,0,120,double,2.1551727526572564,129.31036515943538,JUMPING
1431,57.24,170.88006591796875,100.9028091430664,1.9294410943984985,False,5.511541366577148,True,120,0,120,double,2.1551727526572564,129.31036515943538,JUMPING
1432,57.28,166.938232421875,98.51007080078125,2.415705680847168,False,6.927982807159424,True,120,0,120,double,2.1551727526572564,129.31036515943538,JUMPING
1433,57.32,166.128662109375,97.88175201416016,0.6353285312652588,False,6.714972972869873,True,120,0,120,double,2.1551727526572564,129.31036515943538,JUMPING
1434,57.36,167.017578125,98.6065902709961,0.7627664804458618,False,6.794195652008057,True,120,0,120,double,2.1551727526572564,129.31036515943538,JUMPING
1435,57.4,169.65377807617188,101.09191131591797,2.4855411052703857,False,6.760263919830322,True,120,0,120,double,2.1551727526572564,129.31036515943538,JUMPING
1436,57.44,173.61215209960938,104.91033935546875,3.8190839290618896,False,6.2177042961120605,True,120,0,120,double,2.1551727526572564,129.31036515943538,JUMPING
1437,57.48,176.10723876953125,106.9543685913086,2.054421901702881,False,6.046492099761963,False,121,0,121,double,2.1929836015903206,131.57901609541923,JUMPING
1438,57.52,181.62548828125,111.2643814086914,4.3819122314453125,False,4.81874942779541,False,121,0,121,double,2.1929836015903206,131.57901609541923,JUMPING
1439,57.56,183.85659790039062,111.86853790283203,0.8627706170082092,False,3.069448232650757,False,121,0,121,double,2.1929836015903206,131.57901609541923,JUMPING
1440,57.6,182.14871215820312,109.33271026611328,2.622112512588501,False,2.7828407287597656,False,121,0,121,double,2.1929836015903206,131.57901609541923,JUMPING
1441,57.64,178.1209716796875,106.02701568603516,3.332082509994507,False,3.9322993755340576,False,121,0,121,double,2.1929836015903206,131.57901609541923,JUMPING
1442,57.68,173.84454345703125,102.95730590820312,3.073843240737915,False,4.818403244018555,True,121,0,121,double,2.1929836015903206,131.57901609541923,JUMPING
1443,57.72,170.81900024414062,100.9859848022461,1.9723024368286133,False,5.180530071258545,True,121,0,121,double,2.1929836015903206,131.57901609541923,JUMPING
1444,57.76,168.86154174804688,99.61011505126953,1.3940067291259766,False,5.436061859130859,True,121,0,121,double,2.1929836015903206,131.57901609541923,JUMPING
1445,57.8,167.89112854003906,99.07938385009766,0.6064738631248474,False,5.216462135314941,True,121,0,121,double,2.1929836015903206,131.57901609541923,JUMPING
1446,57.84,168.45948791503906,99.3804702758789,0.34928345680236816,False,6.0656352043151855,True,121,0,121,double,2.1929836015903206,131.57901609541923,JUMPING
1447,57.88,171.83001708984375,102.54874420166016,3.1685383319854736,False,5.904538154602051,True,121,0,121,double,2.1929836015903206,131.57901609541923,JUMPING
1448,57.92,173.81712341308594,104.41199493408203,1.86710524559021,False,6.258587837219238,True,121,0,121,double,2.1929836015903206,131.57901609541923,JUMPING
1449,57.96,179.27557373046875,109.6025161743164,5.190719127655029,False,5.282836437225342,False,122,0,122,double,2.1929836015903206,131.57901609541923,JUMPING
1450,58.0,182.63037109375,112.352783203125,2.750521421432495,False,4.897580623626709,False,122,0,122,double,2.1929836015903206,131.57901609541923,JUMPING
1451,58.04,182.84075927734375,111.5025405883789,0.8518858551979065,False,3.0865468978881836,False,122,0,122,double,2.1929836015903206,131.57901609541923,JUMPING
1452,58.08,182.72576904296875,110.5439224243164,1.0034047365188599,False,2.0479941368103027,False,122,0,122,double,2.1929836015903206,131.57901609541923,JUMPING
1453,58.12,177.63919067382812,105.99858856201172,4.598526954650879,False,4.229184150695801,True,122,0,122,double,2.1929836015903206,131.57901609541923,JUMPING
1454,58.16,172.32363891601562,102.20376586914062,3.8294949531555176,False,5.227967739105225,True,122,0,122,double,2.1929836015903206,131.57901609541923,JUMPING
1455,58.2,169.31906127929688,100.12976837158203,2.0954105854034424,False,6.4371724128723145,True,122,0,122,double,2.1929836015903206,131.57901609541923,JUMPING
1456,58.24,167.86416625976562,98.9363021850586,1.2087985277175903,False,7.233303070068359,True,122,0,122,double,2.1929836015903206,131.57901609541923,JUMPING
1457,58.28,168.86961364746094,99.60638427734375,0.6704886555671692,False,7.583445072174072,True,122,0,122,double,2.1929836015903206,131.57901609541923,JUMPING
1458,58.32,171.37384033203125,101.59688568115234,2.010993480682373,False,7.996143817901611,True,122,0,122,double,2.1929836015903206,131.57901609541923,JUMPING
1459,58.36,174.87881469726562,105.3371353149414,3.7411727905273438,False,7.294215202331543,True,122,0,122,double,2.1929836015903206,131.57901609541923,JUMPING
1460,58.4,179.39981079101562,109.4061279296875,4.076696395874023,False,5.806216716766357,False,123,0,123,double,2.1929800184800334,131.578801108802,JUMPING
1461,58.44,181.820556640625,111.482666015625,2.0765621662139893,False,4.963343143463135,False,123,0,123,double,2.1929800184800334,131.578801108802,JUMPING
1462,58.48,184.26332092285156,112.79471588134766,1.312788963317871,False,4.3959059715271,False,123,0,123,double,2.1929800184800334,131.578801108802,JUMPING
1463,58.52,181.75369262695312,109.04712677001953,3.7484943866729736,False,2.5847411155700684,False,123,0,123,double,2.1929800184800334,131.578801108802,JUMPING
1464,58.56,177.2481689453125,104.82830810546875,4.22081995010376,False,4.448166847229004,True,123,0,123,double,2.1929800184800334,131.578801108802,JUMPING
1465,58.6,172.54150390625,101.41020965576172,3.421456813812256,False,5.478497505187988,True,123,0,123,double,2.1929800184800334,131.578801108802,JUMPING
1466,58.64,169.94412231445312,99.61019134521484,1.8000186681747437,False,5.982589244842529,True,123,0,123,double,2.1929800184800334,131.578801108802,JUMPING
1467,58.68,168.70208740234375,97.66837310791016,1.9615243673324585,False,5.965485095977783,True,123,0,123,double,2.1929800184800334,131.578801108802,JUMPING
1468,58.72,168.96002197265625,97.61044311523438,0.08487184345722198,False,5.7376227378845215,True,123,0,123,double,2.1929800184800334,131.578801108802,JUMPING
1469,58.76,169.453125,97.92057037353516,0.32684576511383057,False,5.244414329528809,True,123,0,123,double,2.1929800184800334,131.578801108802,JUMPING
1470,58.8,173.05850219726562,101.70159149169922,3.794053077697754,False,5.439794540405273,True,123,0,123,double,2.1929800184800334,131.578801108802,JUMPING
1471,58.84,177.47744750976562,106.20081329345703,4.49936056137085,False,5.160119533538818,False,124,0,124,double,2.2321411548670516,133.9284692920231,JUMPING
1472,58.88,179.59312438964844,108.63064575195312,2.4323272705078125,False,5.012094497680664,False,124,0,124,double,2.2321411548670516,133.9284692920231,JUMPING
1473,58.92,183.7808837890625,110.412353515625,1.8100451231002808,False,4.413941860198975,False,124,0,124,double,2.2321411548670516,133.9284692920231,JUMPING
1474,58.96,182.91452026367188,108.73514556884766,1.684952974319458,False,3.794262409210205,False,124,0,124,double,2.2321411548670516,133.9284692920231,JUMPING
1475,59.0,179.68490600585938,105.0788803100586,3.6678097248077393,False,3.0326263904571533,False,124,0,124,double,2.2321411548670516,133.9284692920231,JUMPING
1476,59.04,174.9846649169922,101.53807830810547,3.548165798187256,False,4.3020853996276855,True,124,0,124,double,2.2321411548670516,133.9284692920231,JUMPING
1477,59.08,171.64500427246094,98.56281280517578,2.9753665924072266,False,4.896913528442383,True,124,0,124,double,2.2321411548670516,133.9284692920231,JUMPING
1478,59.12,169.2457275390625,96.82442474365234,1.7499465942382812,False,5.824766159057617,True,124,0,124,double,2.2321411548670516,133.9284692920231,JUMPING
1479,59.16,168.38186645507812,96.10833740234375,0.75555819272995,False,6.297607421875,True,124,0,124,double,2.2321411548670516,133.9284692920231,JUMPING
1480,59.2,169.19456481933594,96.82621002197266,0.7204304337501526,False,6.875497817993164,True,124,0,124,double,2.2321411548670516,133.9284692920231,JUMPING
1481,59.24,171.4429931640625,98.55838775634766,1.7605514526367188,False,7.095297813415527,True,124,0,124,double,2.2321411548670516,133.9284692920231,JUMPING
1482,59.28,175.12709045410156,102.12654876708984,3.5857737064361572,False,6.572981834411621,False,125,0,125,double,2.232145015580044,133.92870093480263,JUMPING
1483,59.32,179.50479125976562,105.86992645263672,3.7443559169769287,False,6.389194965362549,False,125,0,125,double,2.232145015580044,133.92870093480263,JUMPING
1484,59.36,183.22052001953125,108.6426010131836,2.8043694496154785,False,5.749222755432129,False,125,0,125,double,2.232145015580044,133.92870093480263,JUMPING
1485,59.4,184.0173797607422,108.75872802734375,0.2792785167694092,False,3.3522086143493652,False,125,0,125,double,2.232145015580044,133.92870093480263,JUMPING
1486,59.44,183.6764678955078,108.69012451171875,0.2929736077785492,False,2.8744351863861084,False,125,0,125,double,2.232145015580044,133.92870093480263,JUMPING
1487,59.48,176.75704956054688,103.85486602783203,4.8418707847595215,False,4.080252647399902,True,125,0,125,double,2.232145015580044,133.92870093480263,JUMPING
1488,59.52,170.26422119140625,99.77433013916016,4.080824851989746,False,6.18623161315918,True,125,0,125,double,2.232145015580044,133.92870093480263,JUMPING
1489,59.56,166.04168701171875,96.76732635498047,3.010902166366577,False,7.2420501708984375,True,125,0,125,double,2.232145015580044,133.92870093480263,JUMPING
1490,59.6,164.88626098632812,95.18347930908203,1.6106135845184326,False,7.35294246673584,True,125,0,125,double,2.232145015580044,133.92870093480263,JUMPING
1491,59.64,164.73545837402344,94.76416015625,0.523491621017456,False,7.333693981170654,True,125,0,125,double,2.232145015580044,133.92870093480263,JUMPING
1492,59.68,166.05873107910156,95.15010833740234,0.4814881682395935,False,7.625088691711426,True,125,0,125,double,2.232145015580044,133.92870093480263,JUMPING
1493,59.72,168.0453643798828,96.81890869140625,1.7154971361160278,False,8.363287925720215,True,125,0,125,double,2.232145015580044,133.92870093480263,JUMPING
1494,59.76,171.47483825683594,99.9273681640625,3.223569393157959,False,8.204891204833984,True,125,0,125,double,2.232145015580044,133.92870093480263,JUMPING
1495,59.8,177.9302978515625,105.42073822021484,5.526339054107666,False,6.532613277435303,False,126,0,126,double,2.1551727526572564,129.31036515943538,JUMPING
1496,59.84,181.61383056640625,108.2856674194336,2.8682546615600586,False,5.363562107086182,False,126,0,126,double,2.1551727526572564,129.31036515943538,JUMPING
1497,59.88,183.32278442382812,108.10401153564453,0.18948200345039368,False,3.190804958343506,False,126,0,126,double,2.1551727526572564,129.31036515943538,JUMPING
1498,59.92,177.83447265625,103.04405975341797,5.066057205200195,False,4.221765518188477,False,126,0,126,double,2.1551727526572564,129.31036515943538,JUMPING
1499,59.96,174.36044311523438,99.7892074584961,3.255038022994995,False,5.520987033843994,False,126,0,126,double,2.1551727526572564,129.31036515943538,JUMPING
1500,60.0,170.64962768554688,96.66812896728516,3.1213676929473877,False,6.3873820304870605,True,126,0,126,double,2.1551727526572564,129.31036515943538,JUMPING
1501,60.04,166.6618194580078,93.918701171875,2.8834104537963867,False,7.369729995727539,True,126,0,126,double,2.1551727526572564,129.31036515943538,JUMPING
1502,60.08,165.304931640625,93.17154693603516,1.1834981441497803,False,8.320341110229492,True,126,0,126,double,2.1551727526572564,129.31036515943538,JUMPING
1503,60.12,165.94595336914062,93.8266372680664,1.0298815965652466,False,8.302393913269043,True,126,0,126,double,2.1551727526572564,129.31036515943538,JUMPING
1504,60.16,168.52560424804688,96.48278045654297,2.699249267578125,False,7.273493766784668,True,126,0,126,double,2.1551727526572564,129.31036515943538,JUMPING
1505,60.2,173.48782348632812,100.02050018310547,3.5410871505737305,False,7.180012226104736,False,127,0,127,double,2.2321411548670516,133.9284692920231,JUMPING
1506,60.24,176.269287109375,101.97732543945312,1.9568265676498413,False,6.980512619018555,False,127,0,127,double,2.2321411548670516,133.9284692920231,JUMPING
1507,60.28,180.9237823486328,105.40435791015625,3.4292402267456055,False,4.157325744628906,False,127,0,127,double,2.2321411548670516,133.9284692920231,JUMPING
1508,60.32,183.379150390625,106.93075561523438,1.5319098234176636,False,3.609078884124756,False,127,0,127,double,2.2321411548670516,133.9284692920231,JUMPING
1509,60.36,182.45748901367188,106.04379272460938,0.9619361758232117,False,1.749815821647644,False,127,0,127,double,2.2321411548670516,133.9284692920231,JUMPING
1510,60.4,177.64947509765625,100.6772689819336,5.380408763885498,False,3.7222774028778076,True,127,0,127,double,2.2321411548670516,133.9284692920231,JUMPING
1511,60.44,171.65438842773438,96.82563018798828,3.8517191410064697,False,4.674283027648926,True,127,0,127,double,2.2321411548670516,133.9284692920231,JUMPING
1512,60.48,168.01943969726562,93.74105834960938,3.088007688522339,False,6.204237461090088,True,127,0,127,double,2.2321411548670516,133.9284692920231,JUMPING
1513,60.52,166.68948364257812,92.18628692626953,1.5600910186767578,False,6.553598880767822,True,127,0,127,double,2.2321411548670516,133.9284692920231,JUMPING
1514,60.56,166.97067260742188,92.69326782226562,0.5076000094413757,False,7.017977237701416,True,127,0,127,double,2.2321411548670516,133.9284692920231,JUMPING
1515,60.6,168.99978637695312,94.5005874633789,1.8076953887939453,False,6.793224334716797,True,127,0,127,double,2.2321411548670516,133.9284692920231,JUMPING
1516,60.64,172.12460327148438,97.63758087158203,3.1384825706481934,False,6.995384693145752,True,127,0,127,double,2.2321411548670516,133.9284692920231,JUMPING
1517,60.68,176.64508056640625,101.9301528930664,4.292667865753174,False,6.3978986740112305,True,127,0,127,double,2.2321411548670516,133.9284692920231,JUMPING
1518,60.72,179.32179260253906,104.27098846435547,2.342115879058838,False,5.817473411560059,False,128,0,128,double,2.1551727526572564,129.31036515943538,JUMPING
1519,60.76,180.51715087890625,104.76531982421875,0.49990251660346985,False,4.318159103393555,False,128,0,128,double,2.1551727526572564,129.31036515943538,JUMPING
1520,60.8,177.50335693359375,102.69844818115234,2.118479013442993,False,2.880581855773926,False,128,0,128,double,2.1551727526572564,129.31036515943538,JUMPING
1521,60.84,174.2532501220703,99.14090728759766,3.588792085647583,False,3.557708978652954,True,128,0,128,double,2.1551727526572564,129.31036515943538,JUMPING
1522,60.88,169.54342651367188,96.18600463867188,3.01784610748291,False,4.973882675170898,True,128,0,128,double,2.1551727526572564,129.31036515943538,JUMPING
1523,60.92,165.732666015625,93.8875961303711,2.303189992904663,False,5.79146146774292,True,128,0,128,double,2.1551727526572564,129.31036515943538,JUMPING
1524,60.96,163.66543579101562,92.68790435791016,1.2000350952148438,False,6.213685035705566,True,128,0,128,double,2.1551727526572564,129.31036515943538,JUMPING
1525,61.0,164.30322265625,93.21952056884766,0.5333235859870911,False,6.6690168380737305,True,128,0,128,double,2.1551727526572564,129.31036515943538,JUMPING
1526,61.04,166.20697021484375,94.66207885742188,1.4445147514343262,False,6.191979885101318,True,128,0,128,double,2.1551727526572564,129.31036515943538,JUMPING
1527,61.08,169.93511962890625,97.4354248046875,2.7832138538360596,False,6.782181739807129,True,128,0,128,double,2.1551727526572564,129.31036515943538,JUMPING
1528,61.12,171.945068359375,99.12305450439453,1.6888233423233032,False,7.1184611320495605,False,129,0,129,double,2.1929836015903206,131.57901609541923,JUMPING
1529,61.16,178.48431396484375,103.51016998291016,4.391643524169922,False,6.517010688781738,False,129,0,129,double,2.1929836015903206,131.57901609541923,JUMPING
1530,61.2,182.56008911132812,104.77738189697266,1.2674922943115234,False,4.066097259521484,False,129,0,129,double,2.1929836015903206,131.57901609541923,JUMPING
1531,61.24,184.1622314453125,105.1382064819336,0.3609587848186493,False,2.6090495586395264,False,129,0,129,double,2.1929836015903206,131.57901609541923,JUMPING
1532,61.28,181.40554809570312,103.36849212646484,1.786539912223816,False,2.022479295730591,False,129,0,129,double,2.1929836015903206,131.57901609541923,JUMPING
1533,61.32,175.0682373046875,98.5843276977539,4.797070503234863,False,3.145521402359009,True,129,0,129,double,2.1929836015903206,131.57901609541923,JUMPING
1534,61.36,169.72537231445312,94.82845306396484,3.7799997329711914,False,5.412207126617432,True,129,0,129,double,2.1929836015903206,131.57901609541923,JUMPING
1535,61.4,166.72567749023438,92.9894027709961,1.86273193359375,False,6.673574447631836,True,129,0,129,double,2.1929836015903206,131.57901609541923,JUMPING
1536,61.44,165.49850463867188,91.41106414794922,1.5967735052108765,False,8.12669563293457,True,129,0,129,double,2.1929836015903206,131.57901609541923,JUMPING
1537,61.48,166.55718994140625,91.94355010986328,0.585697591304779,False,8.033811569213867,True,129,0,129,double,2.1929836015903206,131.57901609541923,JUMPING
1538,61.52,169.14669799804688,94.4342269897461,2.5014071464538574,False,7.499831199645996,True,129,0,129,double,2.1929836015903206,131.57901609541923,JUMPING
1539,61.56,172.82659912109375,99.48914337158203,5.056119918823242,False,6.158098220825195,True,129,0,129,double,2.1929836015903206,131.57901609541923,JUMPING
1540,61.6,177.72573852539062,104.04547119140625,4.613722324371338,False,6.8231682777404785,False,130,0,130,double,2.1551727526572564,129.31036515943538,JUMPING
1541,61.64,182.14190673828125,106.58748626708984,2.576207399368286,False,5.759792804718018,False,130,0,130,double,2.1551727526572564,129.31036515943538,JUMPING
1542,61.68,184.18902587890625,107.5726547241211,1.072615623474121,False,5.061529159545898,False,130,0,130,double,2.1551727526572564,129.31036515943538,JUMPING
1543,61.72,179.58120727539062,104.1603775024414,3.5578298568725586,False,4.584340572357178,False,130,0,130,double,2.1551727526572564,129.31036515943538,JUMPING
1544,61.76,174.57289123535156,100.460693359375,3.6997077465057373,False,5.375046253204346,True,130,0,130,double,2.1551727526572564,129.31036515943538,JUMPING
1545,61.8,168.85797119140625,95.97714233398438,4.492588520050049,False,6.073782920837402,True,130,0,130,double,2.1551727526572564,129.31036515943538,JUMPING
1546,61.84,165.55995178222656,94.27136993408203,1.7080841064453125,False,7.944281578063965,True,130,0,130,double,2.1551727526572564,129.31036515943538,JUMPING
1547,61.88,163.78060913085938,94.0231704711914,0.24827657639980316,False,7.693787097930908,True,130,0,130,double,2.1551727526572564,129.31036515943538,JUMPING
1548,61.92,162.60211181640625,93.2742691040039,0.8707231879234314,False,8.038507461547852,True,130,0,130,double,2.1551727526572564,129.31036515943538,JUMPING
1549,61.96,162.567626953125,93.55609130859375,0.37495091557502747,False,8.4026460647583,True,130,0,130,double,2.1551727526572564,129.31036515943538,JUMPING
1550,62.0,167.51942443847656,96.4293212890625,2.884744167327881,False,8.090078353881836,True,130,0,130,double,2.1551727526572564,129.31036515943538,JUMPING
1551,62.04,170.51980590820312,98.04168701171875,1.6253323554992676,False,7.64193058013916,True,130,0,130,double,2.1551727526572564,129.31036515943538,JUMPING
1552,62.08,177.03482055664062,103.34119415283203,5.299690246582031,False,6.773950099945068,False,131,0,131,double,2.1929800184800334,131.578801108802,JUMPING
1553,62.12,181.3515625,105.14273834228516,1.8102558851242065,False,4.610631465911865,False,131,0,131,double,2.1929800184800334,131.578801108802,JUMPING
1554,62.16,180.2556610107422,103.8779067993164,1.2653958797454834,False,2.605884313583374,False,131,0,131,double,2.1929800184800334,131.578801108802,JUMPING
1555,62.2,176.41156005859375,100.5920181274414,3.2893149852752686,False,3.0063560009002686,False,131,0,131,double,2.1929800184800334,131.578801108802,JUMPING
1556,62.24,171.5695037841797,97.51678466796875,3.0752334594726562,False,5.288026809692383,True,131,0,131,double,2.1929800184800334,131.578801108802,JUMPING
1557,62.28,167.2230224609375,94.8034439086914,2.7159368991851807,False,7.067267894744873,True,131,0,131,double,2.1929800184800334,131.578801108802,JUMPING
1558,62.32,164.84439086914062,93.01589965820312,1.837973713874817,False,7.892436504364014,True,131,0,131,double,2.1929800184800334,131.578801108802,JUMPING
1559,62.36,164.0062255859375,92.34273529052734,0.7036296725273132,False,8.773204803466797,True,131,0,131,double,2.1929800184800334,131.578801108802,JUMPING
1560,62.4,164.032470703125,93.30841064453125,0.966788113117218,False,9.228447914123535,True,131,0,131,double,2.1929800184800334,131.578801108802,JUMPING
1561,62.44,166.24893188476562,95.71807098388672,2.411081075668335,False,9.139838218688965,True,131,0,131,double,2.1929800184800334,131.578801108802,JUMPING
1562,62.48,169.929931640625,99.5013198852539,3.7866337299346924,False,8.695867538452148,True,131,0,131,double,2.1929800184800334,131.578801108802,JUMPING
1563,62.52,175.85330200195312,104.13595581054688,4.63555908203125,False,7.747763156890869,True,131,0,131,double,2.1929800184800334,131.578801108802,JUMPING
1564,62.56,181.748779296875,107.55795288085938,3.440049409866333,False,5.713602066040039,False,132,0,132,double,2.1186435198655156,127.11861119193094,JUMPING
1565,62.6,184.957275390625,109.29327392578125,1.757875919342041,False,4.500943183898926,False,132,0,132,double,2.1186435198655156,127.11861119193094,JUMPING
1566,62.64,185.3988800048828,108.4631576538086,0.8829023241996765,False,3.5669844150543213,False,132,0,132,double,2.1186435198655156,127.11861119193094,JUMPING
1567,62.68,178.57662963867188,103.89994049072266,4.575160503387451,False,4.286776065826416,False,132,0,132,double,2.1186435198655156,127.11861119193094,JUMPING
1568,62.72,172.86294555664062,99.67318725585938,4.247610569000244,False,4.261805534362793,True,132,0,132,double,2.1186435198655156,127.11861119193094,JUMPING
1569,62.76,168.24237060546875,96.23110961914062,3.4637327194213867,False,5.0272345542907715,True,132,0,132,double,2.1186435198655156,127.11861119193094,JUMPING
1570,62.8,165.94036865234375,94.66764068603516,1.5703603029251099,False,5.207759380340576,True,132,0,132,double,2.1186435198655156,127.11861119193094,JUMPING
1571,62.84,165.39321899414062,94.1627426147461,0.5312418341636658,False,5.205982208251953,True,132,0,132,double,2.1186435198655156,127.11861119193094,JUMPING
1572,62.88,165.8770751953125,94.0803451538086,0.20348694920539856,False,5.962550640106201,True,132,0,132,double,2.1186435198655156,127.11861119193094,JUMPING
1573,62.92,167.26083374023438,95.117919921875,1.052596092224121,False,6.063652515411377,True,132,0,132,double,2.1186435198655156,127.11861119193094,JUMPING
1574,62.96,172.32135009765625,100.14754486083984,5.040683269500732,False,6.645096778869629,True,132,0,132,double,2.1186435198655156,127.11861119193094,JUMPING
1575,63.0,178.076171875,104.97705078125,4.830183029174805,False,6.625887393951416,False,133,0,133,double,2.1929836015903206,131.57901609541923,JUMPING
1576,63.04,181.04296875,107.51342010498047,2.5379066467285156,False,6.4221720695495605,False,133,0,133,double,2.1929836015903206,131.57901609541923,JUMPING
1577,63.08,180.5266571044922,106.6715316772461,0.8738219738006592,False,3.687265157699585,False,133,0,133,double,2.1929836015903206,131.57901609541923,JUMPING
1578,63.12,176.7139892578125,103.63077545166016,3.0467052459716797,False,2.8689608573913574,False,133,0,133,double,2.1929836015903206,131.57901609541923,JUMPING
1579,63.16,171.96168518066406,100.16888427734375,3.465632438659668,False,4.318645000457764,True,133,0,133,double,2.1929836015903206,131.57901609541923,JUMPING
1580,63.2,168.1226806640625,97.32648468017578,2.842651128768921,False,6.231990337371826,True,133,0,133,double,2.1929836015903206,131.57901609541923,JUMPING
1581,63.24,165.763427734375,95.6630630493164,1.6690808534622192,False,7.227941036224365,True,133,0,133,double,2.1929836015903206,131.57901609541923,JUMPING
1582,63.28,165.58981323242188,95.15142822265625,0.5117037892341614,False,7.59095573425293,True,133,0,133,double,2.1929836015903206,131.57901609541923,JUMPING
1583,63.32,167.21279907226562,96.01593780517578,0.8900781869888306,False,7.128866672515869,True,133,0,133,double,2.1929836015903206,131.57901609541923,JUMPING
1584,63.36,169.1840057373047,98.38048553466797,2.3676440715789795,False,6.436260223388672,True,133,0,133,double,2.1929836015903206,131.57901609541923,JUMPING
1585,63.4,173.44522094726562,102.06822967529297,3.691315174102783,False,5.5977277755737305,True,133,0,133,double,2.1929836015903206,131.57901609541923,JUMPING
1586,63.44,176.3408203125,104.25035858154297,2.18320894241333,False,4.935664176940918,True,133,0,133,double,2.1929836015903206,131.57901609541923,JUMPING
1587,63.48,181.11090087890625,107.14974212646484,2.9021575450897217,False,3.310333490371704,True,133,0,133,double,2.1929836015903206,131.57901609541923,JUMPING
1588,63.52,181.8047332763672,106.64012908935547,0.5631938576698303,False,2.2909815311431885,False,134,0,134,double,2.083331957046438,124.99991742278627,JUMPING
1589,63.56,178.51885986328125,103.6204833984375,3.021618604660034,False,2.326802968978882,True,134,0,134,double,2.083331957046438,124.99991742278627,JUMPING
1590,63.6,176.42385864257812,99.91963958740234,3.704075813293457,False,3.6939332485198975,True,134,0,134,double,2.083331957046438,124.99991742278627,JUMPING
1591,63.64,171.80624389648438,96.98351287841797,2.938249349594116,False,4.905506610870361,True,134,0,134,double,2.083331957046438,124.99991742278627,JUMPING
1592,63.68,168.49581909179688,94.90558624267578,2.1266236305236816,False,4.684349536895752,True,134,0,134,double,2.083331957046438,124.99991742278627,JUMPING
1593,63.72,167.61912536621094,93.84575653076172,1.3567715883255005,False,5.188933849334717,True,134,0,134,double,2.083331957046438,124.99991742278627,JUMPING
1594,63.76,168.40213012695312,94.14034271240234,0.3553815484046936,False,5.663371562957764,True,134,0,134,double,2.083331957046438,124.99991742278627,JUMPING
1595,63.8,169.015869140625,94.45543670654297,0.3965429663658142,False,6.3029327392578125,True,134,0,134,double,2.083331957046438,124.99991742278627,JUMPING
1596,63.84,170.26419067382812,96.34615325927734,1.8928308486938477,False,6.175323963165283,True,134,0,134,double,2.083331957046438,124.99991742278627,JUMPING
1597,63.88,176.0449981689453,101.8641586303711,5.539206504821777,False,4.452958106994629,False,135,0,135,double,2.1929800184800334,131.578801108802,JUMPING
1598,63.92,179.44100952148438,105.07477569580078,3.2198572158813477,False,3.591116189956665,False,135,0,135,double,2.1929800184800334,131.578801108802,JUMPING
1599,63.96,182.12966918945312,106.33245849609375,1.266044020652771,False,2.662172317504883,False,135,0,135,double,2.1929800184800334,131.578801108802,JUMPING
1600,64.0,180.61282348632812,103.91448974609375,2.422353982925415,False,2.7697529792785645,False,135,0,135,double,2.1929800184800334,131.578801108802,JUMPING
1601,64.04,177.3629150390625,100.49685668945312,3.4181315898895264,False,2.4274096488952637,False,135,0,135,double,2.1929800184800334,131.578801108802,JUMPING
1602,64.08,171.59451293945312,97.37024688720703,3.1573216915130615,False,3.624856472015381,True,135,0,135,double,2.1929800184800334,131.578801108802,JUMPING
1603,64.12,168.31748962402344,95.5055923461914,1.8661812543869019,False,4.896166801452637,True,135,0,135,double,2.1929800184800334,131.578801108802,JUMPING
1604,64.16,165.24008178710938,93.54034423828125,1.9655683040618896,False,5.799323081970215,True,135,0,135,double,2.1929800184800334,131.578801108802,JUMPING
1605,64.2,164.71304321289062,92.49394989013672,1.3106125593185425,False,7.518101215362549,True,135,0,135,double,2.1929800184800334,131.578801108802,JUMPING
1606,64.24,165.78598022460938,93.18985748291016,0.8963900804519653,False,8.773868560791016,True,135,0,135,double,2.1929800184800334,131.578801108802,JUMPING
1607,64.28,168.2486114501953,95.2377700805664,2.198230743408203,False,8.702742576599121,True,135,0,135,double,2.1929800184800334,131.578801108802,JUMPING
1608,64.32,171.46165466308594,98.97247314453125,3.8665969371795654,False,7.735522270202637,False,136,0,136,double,2.232145015580044,133.92870093480263,JUMPING
1609,64.36,176.0373077392578,103.21776580810547,4.321136474609375,False,7.547391891479492,False,136,0,136,double,2.232145015580044,133.92870093480263,JUMPING
1610,64.4,180.36204528808594,105.83342742919922,2.6181728839874268,False,6.301795482635498,False,136,0,136,double,2.232145015580044,133.92870093480263,JUMPING
1611,64.44,182.8998260498047,107.09204864501953,1.260010004043579,False,5.292413711547852,False,136,0,136,double,2.232145015580044,133.92870093480263,JUMPING
1612,64.48,178.55462646484375,103.84381866455078,3.256378650665283,False,4.934805870056152,False,136,0,136,double,2.232145015580044,133.92870093480263,JUMPING
1613,64.52,173.9228515625,99.7684555053711,4.082331657409668,False,4.811779975891113,False,136,0,136,double,2.232145015580044,133.92870093480263,JUMPING
1614,64.56,169.474609375,96.58980560302734,3.1875650882720947,False,5.6909942626953125,True,136,0,136,double,2.232145015580044,133.92870093480263,JUMPING
1615,64.6,166.31027221679688,94.44196319580078,2.1515936851501465,False,6.811783790588379,True,136,0,136,double,2.232145015580044,133.92870093480263,JUMPING
1616,64.64,164.63717651367188,93.1143569946289,1.3376545906066895,False,7.217850208282471,True,136,0,136,double,2.232145015580044,133.92870093480263,JUMPING
1617,64.68,164.05084228515625,92.92671966552734,0.18800434470176697,False,7.6042160987854,True,136,0,136,double,2.232145015580044,133.92870093480263,JUMPING
1618,64.72,164.94346618652344,93.76336669921875,0.839130699634552,False,8.223494529724121,True,136,0,136,double,2.232145015580044,133.92870093480263,JUMPING
1619,64.76,166.70657348632812,95.40508270263672,1.6475193500518799,False,8.011126518249512,True,136,0,136,double,2.232145015580044,133.92870093480263,JUMPING
1620,64.8,172.04725646972656,100.3387680053711,4.93444299697876,False,7.751025676727295,True,136,0,136,double,2.232145015580044,133.92870093480263,JUMPING
1621,64.84,177.27001953125,103.99393463134766,3.65621280670166,False,8.349294662475586,False,137,0,137,double,2.1929873280374403,131.57923968224642,JUMPING
1622,64.88,179.76217651367188,104.84130859375,0.8511084914207458,False,5.12418794631958,False,137,0,137,double,2.1929873280374403,131.57923968224642,JUMPING
1623,64.92,180.400634765625,104.94510650634766,0.11451827734708786,False,3.619140863418579,False,137,0,137,double,2.1929873280374403,131.57923968224642,JUMPING
1624,64.96,175.44215393066406,100.67303466796875,4.286037445068359,False,5.656181335449219,False,137,0,137,double,2.1929873280374403,131.57923968224642,JUMPING
1625,65.0,172.45184326171875,98.0111083984375,2.667691707611084,False,6.877869129180908,False,137,0,137,double,2.1929873280374403,131.57923968224642,JUMPING
1626,65.04,169.41241455078125,95.6516342163086,2.3780272006988525,False,8.027334213256836,True,137,0,137,double,2.1929873280374403,131.57923968224642,JUMPING
1627,65.08,166.64129638671875,93.47742462158203,2.1746554374694824,False,8.93359088897705,True,137,0,137,double,2.1929873280374403,131.57923968224642,JUMPING
1628,65.12,165.10845947265625,92.69296264648438,0.8269928693771362,False,9.504019737243652,True,137,0,137,double,2.1929873280374403,131.57923968224642,JUMPING
1629,65.16,164.68585205078125,93.54793548583984,0.9021918177604675,False,9.718610763549805,True,137,0,137,double,2.1929873280374403,131.57923968224642,JUMPING
1630,65.2,166.33139038085938,96.0498046875,2.538372039794922,False,9.695446014404297,True,137,0,137,double,2.1929873280374403,131.57923968224642,JUMPING
1631,65.24,172.17649841308594,101.6070556640625,5.562381267547607,False,9.39278793334961,True,137,0,137,double,2.1929873280374403,131.57923968224642,JUMPING
1632,65.28,178.43064880371094,106.4639892578125,4.8569512367248535,False,8.00752067565918,False,138,0,138,double,2.1929836015903206,131.57901609541923,JUMPING
1633,65.32,182.16497802734375,108.3836669921875,1.9216336011886597,False,5.652575969696045,False,138,0,138,double,2.1929836015903206,131.57901609541923,JUMPING
1634,65.36,180.88589477539062,106.5255126953125,1.8583842515945435,False,4.138115406036377,False,138,0,138,double,2.1929836015903206,131.57901609541923,JUMPING
1635,65.4,177.558349609375,103.06526947021484,3.475170373916626,False,4.080458164215088,False,138,0,138,double,2.1929836015903206,131.57901609541923,JUMPING
1636,65.44,172.95806884765625,99.5167465209961,3.572425127029419,False,4.90219259262085,True,138,0,138,double,2.1929836015903206,131.57901609541923,JUMPING
1637,65.48,170.24942016601562,97.60501861572266,1.9163404703140259,False,5.242489814758301,True,138,0,138,double,2.1929836015903206,131.57901609541923,JUMPING
1638,65.52,166.87954711914062,96.03540802001953,1.603991985321045,False,5.645761489868164,True,138,0,138,double,2.1929836015903206,131.57901609541923,JUMPING
1639,65.56,165.295166015625,95.61901092529297,0.4237063527107239,False,6.820361137390137,True,138,0,138,double,2.1929836015903206,131.57901609541923,JUMPING
1640,65.6,164.56509399414062,95.5234375,0.1481599509716034,False,7.946496963500977,True,138,0,138,double,2.1929836015903206,131.57901609541923,JUMPING
1641,65.64,167.81219482421875,98.1684341430664,2.694338321685791,False,7.89254093170166,True,138,0,138,double,2.1929836015903206,131.57901609541923,JUMPING
1642,65.68,169.8382110595703,100.01538848876953,1.8520020246505737,False,7.703862190246582,True,138,0,138,double,2.1929836015903206,131.57901609541923,JUMPING
1643,65.72,176.19094848632812,105.06375885009766,5.060701847076416,False,7.376274585723877,False,139,0,139,double,2.272726515354456,136.36359092126736,JUMPING
1644,65.76,181.7343292236328,108.24922943115234,3.1898374557495117,False,7.264448642730713,False,139,0,139,double,2.272726515354456,136.36359092126736,JUMPING
1645,65.8,183.139404296875,108.38775634765625,0.13853074610233307,False,4.492412090301514,False,139,0,139,double,2.272726515354456,136.36359092126736,JUMPING
1646,65.84,183.58004760742188,107.98709106445312,0.4166969954967499,False,2.9213058948516846,False,139,0,139,double,2.272726515354456,136.36359092126736,JUMPING
1647,65.88,177.15501403808594,103.42514038085938,4.591607093811035,False,2.9861555099487305,False,139,0,139,double,2.272726515354456,136.36359092126736,JUMPING
1648,65.92,170.91087341308594,99.2493667602539,4.236230373382568,False,3.9649863243103027,True,139,0,139,double,2.272726515354456,136.36359092126736,JUMPING
1649,65.96,167.40672302246094,96.47821807861328,2.784114360809326,False,4.949549674987793,True,139,0,139,double,2.272726515354456,136.36359092126736,JUMPING
1650,66.0,165.51150512695312,95.19725799560547,1.2893614768981934,False,5.450580596923828,True,139,0,139,double,2.272726515354456,136.36359092126736,JUMPING
1651,66.04,165.9624786376953,95.61151885986328,0.5252152681350708,False,6.860866069793701,True,139,0,139,double,2.272726515354456,136.36359092126736,JUMPING
1652,66.08,167.45339965820312,97.78621673583984,2.1920549869537354,False,7.689720630645752,True,139,0,139,double,2.272726515354456,136.36359092126736,JUMPING
1653,66.12,170.80421447753906,100.9200668334961,3.150686025619507,False,6.8603949546813965,True,139,0,139,double,2.272726515354456,136.36359092126736,JUMPING
1654,66.16,175.41404724121094,105.18196868896484,4.261914253234863,False,4.4263482093811035,True,139,0,139,double,2.272726515354456,136.36359092126736,JUMPING
1655,66.2,178.0361328125,107.3145751953125,2.1326513290405273,False,3.429611921310425,False,140,0,140,double,2.1551762132858343,129.31057279715006,JUMPING
1656,66.24,181.54925537109375,108.83223724365234,1.5216975212097168,False,1.8703871965408325,False,140,0,140,double,2.1551762132858343,129.31057279715006,JUMPING
1657,66.28,180.62127685546875,107.10318756103516,1.7518874406814575,False,1.0805630683898926,False,140,0,140,double,2.1551762132858343,129.31057279715006,JUMPING
1658,66.32,179.5567626953125,105.92623901367188,1.2028990983963013,False,1.2593803405761719,False,140,0,140,double,2.1551762132858343,129.31057279715006,JUMPING
1659,66.36,173.80160522460938,101.763916015625,4.1634521484375,False,1.1918185949325562,True,140,0,140,double,2.1551762132858343,129.31057279715006,JUMPING
1660,66.4,170.38748168945312,99.1850357055664,2.5792970657348633,False,2.5343236923217773,True,140,0,140,double,2.1551762132858343,129.31057279715006,JUMPING
1661,66.44,167.65444946289062,96.97808074951172,2.2318713665008545,False,4.834366798400879,True,140,0,140,double,2.1551762132858343,129.31057279715006,JUMPING
1662,66.48,166.11837768554688,95.61211395263672,1.4063349962234497,False,6.5243682861328125,True,140,0,140,double,2.1551762132858343,129.31057279715006,JUMPING
1663,66.52,166.40272521972656,95.60617065429688,0.23431305587291718,False,7.634634971618652,True,140,0,140,double,2.1551762132858343,129.31057279715006,JUMPING
1664,66.56,167.44058227539062,96.79510498046875,1.1967015266418457,False,7.807326316833496,True,140,0,140,double,2.1551762132858343,129.31057279715006,JUMPING
1665,66.6,169.89373779296875,99.48758697509766,2.700556755065918,False,7.719374656677246,True,140,0,140,double,2.1551762132858343,129.31057279715006,JUMPING
1666,66.64,173.1524200439453,102.8758773803711,3.3883211612701416,False,7.546281814575195,True,140,0,140,double,2.1551762132858343,129.31057279715006,JUMPING
1667,66.68,178.0286865234375,107.21733856201172,4.342938423156738,False,7.8412652015686035,False,141,0,141,double,2.1186435198655156,127.11861119193094,JUMPING
1668,66.72,182.89230346679688,109.68473052978516,2.4738593101501465,False,7.492779731750488,False,141,0,141,double,2.1186435198655156,127.11861119193094,JUMPING
1669,66.76,183.79473876953125,108.4354476928711,1.28794527053833,False,5.412542343139648,False,141,0,141,double,2.1186435198655156,127.11861119193094,JUMPING
1670,66.8,177.38967895507812,103.87750244140625,4.568024158477783,False,6.6369500160217285,False,141,0,141,double,2.1186435198655156,127.11861119193094,JUMPING
1671,66.84,171.99169921875,99.48621368408203,4.393567085266113,False,7.364376544952393,True,141,0,141,double,2.1186435198655156,127.11861119193094,JUMPING
1672,66.88,168.76007080078125,96.8887710571289,2.597712278366089,False,8.013188362121582,True,141,0,141,double,2.1186435198655156,127.11861119193094,JUMPING
1673,66.92,166.8624267578125,95.7712631225586,1.146964430809021,False,6.266115188598633,True,141,0,141,double,2.1186435198655156,127.11861119193094,JUMPING
1674,66.96,166.09405517578125,95.47345733642578,0.33107835054397583,False,5.2228922843933105,True,141,0,141,double,2.1186435198655156,127.11861119193094,JUMPING
1675,67.0,168.39596557617188,97.5169448852539,2.0435354709625244,False,6.864282131195068,True,141,0,141,double,2.1186435198655156,127.11861119193094,JUMPING
1676,67.04,171.9303741455078,101.27938079833984,3.7642178535461426,False,7.6389265060424805,True,141,0,141,double,2.1186435198655156,127.11861119193094,JUMPING
1677,67.08,174.00314331054688,103.51436614990234,2.2356386184692383,False,7.7923359870910645,True,141,0,141,double,2.1186435198655156,127.11861119193094,JUMPING
1678,67.12,179.80311584472656,108.86930084228516,5.378800868988037,False,7.983083248138428,False,142,0,142,double,2.1929762920577556,131.57857752346533,JUMPING
1679,67.16,183.26686096191406,111.8756103515625,3.019824743270874,False,8.09630012512207,False,142,0,142,double,2.1929762920577556,131.57857752346533,JUMPING
1680,67.2,184.44525146484375,111.96163940429688,0.13560929894447327,False,6.391633033752441,False,142,0,142,double,2.1929762920577556,131.57857752346533,JUMPING
1681,67.24,178.80538940429688,107.0224380493164,4.944398880004883,False,5.122593879699707,False,142,0,142,double,2.1929762920577556,131.57857752346533,JUMPING
1682,67.28,173.34634399414062,102.4237289428711,4.624798774719238,False,4.792590141296387,True,142,0,142,double,2.1929762920577556,131.57857752346533,JUMPING
1683,67.32,170.13027954101562,99.71088409423828,2.7144572734832764,False,4.559915065765381,True,142,0,142,double,2.1929762920577556,131.57857752346533,JUMPING
1684,67.36,166.35797119140625,97.0224838256836,2.7138831615448,False,5.889035224914551,True,142,0,142,double,2.1929762920577556,131.57857752346533,JUMPING
1685,67.4,164.74545288085938,96.03106689453125,1.1349831819534302,False,6.437123775482178,True,142,0,142,double,2.1929762920577556,131.57857752346533,JUMPING
1686,67.44,165.62417602539062,96.36573028564453,0.4565926492214203,False,6.76742696762085,True,142,0,142,double,2.1929762920577556,131.57857752346533,JUMPING
1687,67.48,166.621337890625,97.1720962524414,0.8369653820991516,False,7.694716453552246,True,142,0,142,double,2.1929762920577556,131.57857752346533,JUMPING
1688,67.52,170.7652587890625,100.89849853515625,3.7386581897735596,False,8.269392967224121,True,142,0,142,double,2.1929762920577556,131.57857752346533,JUMPING
1689,67.56,176.42681884765625,106.10009002685547,5.215103626251221,False,8.911901473999023,True,142,0,142,double,2.1929762920577556,131.57857752346533,JUMPING
1690,67.6,181.7159423828125,109.6850814819336,3.5850067138671875,False,7.81070613861084,False,143,0,143,double,2.1551727526572564,129.31036515943538,JUMPING
1691,67.64,184.08807373046875,110.72036743164062,1.0435301065444946,False,4.001795291900635,False,143,0,143,double,2.1551727526572564,129.31036515943538,JUMPING
1692,67.68,180.8419952392578,108.05538177490234,2.66514253616333,False,1.4797642230987549,False,143,0,143,double,2.1551727526572564,129.31036515943538,JUMPING
1693,67.72,176.9959259033203,104.59302520751953,3.463829755783081,False,2.6075897216796875,True,143,0,143,double,2.1551727526572564,129.31036515943538,JUMPING
1694,67.76,172.2756805419922,100.4457015991211,4.147844314575195,False,3.769711971282959,True,143,0,143,double,2.1551727526572564,129.31036515943538,JUMPING
1695,67.8,168.70004272460938,97.29666900634766,3.163494110107422,False,6.114162445068359,True,143,0,143,double,2.1551727526572564,129.31036515943538,JUMPING
1696,67.84,166.7041015625,95.28827667236328,2.0493102073669434,False,7.362054824829102,True,143,0,143,double,2.1551727526572564,129.31036515943538,JUMPING
1697,67.88,166.56011962890625,94.8777084350586,0.6723411083221436,False,8.037187576293945,True,143,0,143,double,2.1551727526572564,129.31036515943538,JUMPING
1698,67.92,166.68362426757812,94.9068603515625,0.3250783681869507,False,8.220382690429688,True,143,0,143,double,2.1551727526572564,129.31036515943538,JUMPING
1699,67.96,169.7793731689453,97.89603424072266,3.074202537536621,False,8.51700210571289,True,143,0,143,double,2.1551727526572564,129.31036515943538,JUMPING
1700,68.0,171.81861877441406,99.7603988647461,1.8817296028137207,False,8.442778587341309,False,144,0,144,double,2.1929836015903206,131.57901609541923,JUMPING
1701,68.04,177.12954711914062,105.0731430053711,5.327306747436523,False,8.776741981506348,False,144,0,144,double,2.1929836015903206,131.57901609541923,JUMPING
1702,68.08,181.5636749267578,108.03961181640625,2.9745609760284424,False,7.098345756530762,False,144,0,144,double,2.1929836015903206,131.57901609541923,JUMPING
1703,68.12,181.09451293945312,107.62865447998047,0.4162249267101288,False,4.605112075805664,False,144,0,144,double,2.1929836015903206,131.57901609541923,JUMPING
1704,68.16,180.54315185546875,106.7445297241211,0.8928630948066711,False,3.615285634994507,False,144,0,144,double,2.1929836015903206,131.57901609541923,JUMPING
1705,68.2,174.3777618408203,102.03002166748047,4.714651107788086,False,5.709329128265381,True,144,0,144,double,2.1929836015903206,131.57901609541923,JUMPING
1706,68.24,170.61837768554688,99.21722412109375,2.8129968643188477,False,7.247465133666992,True,144,0,144,double,2.1929836015903206,131.57901609541923,JUMPING
1707,68.28,167.10757446289062,96.68009185791016,2.540853977203369,False,7.885099411010742,True,144,0,144,double,2.1929836015903206,131.57901609541923,JUMPING
1708,68.32,164.21560668945312,94.82218170166016,1.9866864681243896,False,8.73819351196289,True,144,0,144,double,2.1929836015903206,131.57901609541923,JUMPING
1709,68.36,163.52957153320312,94.9689712524414,0.9295556545257568,False,8.353485107421875,True,144,0,144,double,2.1929836015903206,131.57901609541923,JUMPING
1710,68.4,165.10638427734375,96.54288482666016,1.6979581117630005,False,8.03450870513916,True,144,0,144,double,2.1929836015903206,131.57901609541923,JUMPING
1711,68.44,168.77886962890625,99.3094253540039,2.794067144393921,False,8.364339828491211,True,144,0,144,double,2.1929836015903206,131.57901609541923,JUMPING
1712,68.48,172.86041259765625,103.6023178100586,4.3072028160095215,False,8.539198875427246,False,145,0,145,double,2.1929762920577556,131.57857752346533,JUMPING
1713,68.52,177.85409545898438,107.20381927490234,3.6015517711639404,False,9.249485969543457,False,145,0,145,double,2.1929762920577556,131.57857752346533,JUMPING
1714,68.56,181.1682586669922,108.5696792602539,1.3670278787612915,False,7.913825988769531,False,145,0,145,double,2.1929762920577556,131.57857752346533,JUMPING
1715,68.6,182.92428588867188,108.88007354736328,0.34751033782958984,False,6.6082916259765625,False,145,0,145,double,2.1929762920577556,131.57857752346533,JUMPING
1716,68.64,177.05812072753906,103.9366455078125,4.969918251037598,False,6.546557426452637,False,145,0,145,double,2.1929762920577556,131.57857752346533,JUMPING
1717,68.68,172.6710205078125,99.2811508178711,4.659884929656982,False,6.7757673263549805,True,145,0,145,double,2.1929762920577556,131.57857752346533,JUMPING
1718,68.72,170.0599822998047,96.7634048461914,2.5270895957946777,False,7.340464115142822,True,145,0,145,double,2.1929762920577556,131.57857752346533,JUMPING
1719,68.76,166.25350952148438,94.9056396484375,1.861074686050415,False,7.7051100730896,True,145,0,145,double,2.1929762920577556,131.57857752346533,JUMPING
1720,68.8,163.87350463867188,93.65625,1.2508151531219482,False,8.791393280029297,True,145,0,145,double,2.1929762920577556,131.57857752346533,JUMPING
1721,68.84,165.2622833251953,94.57345581054688,1.0026262998580933,False,8.409039497375488,True,145,0,145,double,2.1929762920577556,131.57857752346533,JUMPING
1722,68.88,166.2451171875,95.3573989868164,0.8165079355239868,False,7.843544006347656,True,145,0,145,double,2.1929762920577556,131.57857752346533,JUMPING
1723,68.92,170.91786193847656,99.94702911376953,4.630027770996094,False,7.412729263305664,True,145,0,145,double,2.1929762920577556,131.57857752346533,JUMPING
1724,68.96,173.96856689453125,102.69080352783203,2.7485852241516113,False,7.520548343658447,True,145,0,145,double,2.1929762920577556,131.57857752346533,JUMPING
1725,69.0,180.11392211914062,107.39299774169922,4.722755432128906,False,5.358365535736084,False,146,0,146,double,2.1551727526572564,129.31036515943538,JUMPING
1726,69.04,182.57489013671875,108.29740142822266,0.9080027341842651,False,2.1383793354034424,False,146,0,146,double,2.1551727526572564,129.31036515943538,JUMPING
1727,69.08,183.42318725585938,108.37908935546875,0.14728721976280212,False,0.8095105886459351,False,146,0,146,double,2.1551727526572564,129.31036515943538,JUMPING
1728,69.12,176.92413330078125,103.56583404541016,4.844394683837891,False,3.900869846343994,False,146,0,146,double,2.1551727526572564,129.31036515943538,JUMPING
1729,69.16,173.18084716796875,100.63719940185547,2.9299116134643555,False,6.168056011199951,True,146,0,146,double,2.1551727526572564,129.31036515943538,JUMPING
1730,69.2,169.4151611328125,97.78116607666016,2.857171058654785,False,8.026680946350098,True,146,0,146,double,2.1551727526572564,129.31036515943538,JUMPING
1731,69.24,165.95114135742188,95.62427520751953,2.169933557510376,False,9.178716659545898,True,146,0,146,double,2.1551727526572564,129.31036515943538,JUMPING
1732,69.28,165.14581298828125,95.04996490478516,0.7257020473480225,False,9.695741653442383,True,146,0,146,double,2.1551727526572564,129.31036515943538,JUMPING
1733,69.32,166.62538146972656,96.85897064208984,1.8113718032836914,False,9.185172080993652,True,146,0,146,double,2.1551727526572564,129.31036515943538,JUMPING
1734,69.36,169.54005432128906,99.73941802978516,2.8809611797332764,False,9.153413772583008,True,146,0,146,double,2.1551727526572564,129.31036515943538,JUMPING
1735,69.4,173.2020721435547,103.87594604492188,4.141148090362549,False,8.7886381149292,True,146,0,146,double,2.1551727526572564,129.31036515943538,JUMPING
1736,69.44,178.6409912109375,108.28060150146484,4.405115127563477,False,8.146851539611816,False,147,0,147,double,2.1551727526572564,129.31036515943538,JUMPING
1737,69.48,183.37667846679688,111.23006439208984,2.9495456218719482,False,6.2427568435668945,False,147,0,147,double,2.1551727526572564,129.31036515943538,JUMPING
1738,69.52,185.55914306640625,112.4635009765625,1.2334390878677368,False,5.743654251098633,False,147,0,147,double,2.1551727526572564,129.31036515943538,JUMPING
1739,69.56,181.69662475585938,108.39114379882812,4.092326641082764,False,4.93972635269165,False,147,0,147,double,2.1551727526572564,129.31036515943538,JUMPING
1740,69.6,177.434326171875,103.78426361083984,4.623780250549316,False,5.344023704528809,True,147,0,147,double,2.1551727526572564,129.31036515943538,JUMPING
1741,69.64,171.8035888671875,100.4165267944336,3.3937771320343018,False,6.351511478424072,True,147,0,147,double,2.1551727526572564,129.31036515943538,JUMPING
1742,69.68,167.9957275390625,98.53433990478516,1.9226999282836914,False,7.662914276123047,True,147,0,147,double,2.1551727526572564,129.31036515943538,JUMPING
1743,69.72,167.06051635742188,97.5418472290039,1.0044476985931396,False,8.15066909790039,True,147,0,147,double,2.1551727526572564,129.31036515943538,JUMPING
1744,69.76,166.99118041992188,97.38358306884766,0.2750103175640106,False,8.042223930358887,True,147,0,147,double,2.1551727526572564,129.31036515943538,JUMPING
1745,69.8,168.81170654296875,99.53730010986328,2.155885934829712,False,7.420822620391846,True,147,0,147,double,2.1551727526572564,129.31036515943538,JUMPING
1746,69.84,172.26788330078125,103.0360336303711,3.4993579387664795,False,7.353916168212891,True,147,0,147,double,2.1551727526572564,129.31036515943538,JUMPING
1747,69.88,176.87832641601562,107.59098052978516,4.554953575134277,False,6.579775333404541,True,147,0,147,double,2.1551727526572564,129.31036515943538,JUMPING
1748,69.92,181.5093994140625,112.02120208740234,4.431641578674316,False,6.628055572509766,False,148,0,148,double,2.1551727526572564,129.31036515943538,JUMPING
1749,69.96,185.04635620117188,114.0315170288086,2.011939764022827,True,4.955469131469727,False,148,0,148,double,2.1551727526572564,129.31036515943538,JUMPING
1750,70.0,186.79959106445312,114.843017578125,0.8193881511688232,True,4.026507377624512,False,148,0,148,double,2.1551727526572564,129.31036515943538,JUMPING
1751,70.04,183.09896850585938,110.02112579345703,4.829146862030029,False,4.1932244300842285,False,148,0,148,double,2.1551727526572564,129.31036515943538,JUMPING
1752,70.08,179.46102905273438,105.45934295654297,4.571399211883545,False,4.512259006500244,True,148,0,148,double,2.1551727526572564,129.31036515943538,JUMPING
1753,70.12,175.08847045898438,102.3000259399414,3.160696268081665,False,5.402749061584473,True,148,0,148,double,2.1551727526572564,129.31036515943538,JUMPING
1754,70.16,172.54037475585938,100.8934555053711,1.435696005821228,False,5.51404333114624,True,148,0,148,double,2.1551727526572564,129.31036515943538,JUMPING
1755,70.2,169.74411010742188,98.76898193359375,2.145376682281494,False,6.536818504333496,True,148,0,148,double,2.1551727526572564,129.31036515943538,JUMPING
1756,70.24,168.6925048828125,98.145751953125,0.7289180159568787,False,7.068401336669922,True,148,0,148,double,2.1551727526572564,129.31036515943538,JUMPING
1757,70.28,168.38528442382812,97.88396453857422,0.33346980810165405,False,7.471199989318848,True,148,0,148,double,2.1551727526572564,129.31036515943538,JUMPING
1758,70.32,169.57962036132812,99.32971954345703,1.53818678855896,False,7.6507768630981445,True,148,0,148,double,2.1551727526572564,129.31036515943538,JUMPING
1759,70.36,174.84228515625,104.7574234008789,5.429232597351074,False,7.358688831329346,True,148,0,148,double,2.1551727526572564,129.31036515943538,JUMPING
1760,70.4,180.5050811767578,110.3661880493164,5.620629787445068,False,6.026065826416016,False,149,0,149,double,2.083331957046438,124.99991742278627,JUMPING
1761,70.44,183.388671875,113.31525421142578,2.9512929916381836,False,5.9675469398498535,False,149,0,149,double,2.083331957046438,124.99991742278627,JUMPING
1762,70.48,184.6241455078125,112.76590728759766,0.5635229349136353,False,4.315322399139404,False,149,0,149,double,2.083331957046438,124.99991742278627,JUMPING
1763,70.52,182.34117126464844,109.6578140258789,3.1142091751098633,False,3.2989768981933594,False,149,0,149,double,2.083331957046438,124.99991742278627,JUMPING
1764,70.56,178.7749786376953,106.24735260009766,3.4230942726135254,False,4.254663944244385,True,149,0,149,double,2.083331957046438,124.99991742278627,JUMPING
1765,70.6,176.51068115234375,104.30289459228516,1.9493796825408936,False,5.454792499542236,True,149,0,149,double,2.083331957046438,124.99991742278627,JUMPING
1766,70.64,172.9925537109375,102.0693588256836,2.2336080074310303,False,6.118984222412109,True,149,0,149,double,2.083331957046438,124.99991742278627,JUMPING
1767,70.68,170.66326904296875,100.75799560546875,1.3121685981750488,False,7.923640727996826,True,149,0,149,double,2.083331957046438,124.99991742278627,JUMPING
1768,70.72,170.40225219726562,100.2673110961914,0.4942900240421295,False,8.266833305358887,True,149,0,149,double,2.083331957046438,124.99991742278627,JUMPING
1769,70.76,173.20376586914062,102.40967559814453,2.166271448135376,False,7.534632682800293,True,149,0,149,double,2.083331957046438,124.99991742278627,JUMPING
1770,70.8,174.9908447265625,103.8929214477539,1.4898806810379028,False,6.976933479309082,True,149,0,149,double,2.083331957046438,124.99991742278627,JUMPING
1771,70.84,177.59835815429688,106.875244140625,3.0273361206054688,False,7.541474342346191,True,149,0,149,double,2.083331957046438,124.99991742278627,JUMPING
1772,70.88,180.8594970703125,110.9267349243164,4.054286003112793,False,7.864881992340088,False,150,0,150,double,2.0833386832778618,125.0003209966717,JUMPING
1773,70.92,184.11203002929688,113.04721069335938,2.122932195663452,False,5.641119480133057,False,150,0,150,double,2.0833386832778618,125.0003209966717,JUMPING
1774,70.96,182.28939819335938,111.55069732666016,1.5114589929580688,False,4.904345989227295,False,150,0,150,double,2.0833386832778618,125.0003209966717,JUMPING
1775,71.0,177.65878295898438,108.1170425415039,3.434246063232422,False,4.898717403411865,True,150,0,150,double,2.0833386832778618,125.0003209966717,JUMPING
1776,71.04,174.39337158203125,105.82952117919922,2.3111214637756348,False,5.078368663787842,True,150,0,150,double,2.0833386832778618,125.0003209966717,JUMPING
1777,71.08,171.09222412109375,102.83959197998047,2.993691921234131,False,5.814464092254639,True,150,0,150,double,2.0833386832778618,125.0003209966717,JUMPING
1778,71.12,168.32644653320312,100.4376449584961,2.4033219814300537,False,6.443222999572754,True,150,0,150,double,2.0833386832778618,125.0003209966717,JUMPING
1779,71.16,167.73367309570312,99.0891342163086,1.3603150844573975,False,7.087981700897217,True,150,0,150,double,2.0833386832778618,125.0003209966717,JUMPING
1780,71.2,168.48480224609375,99.3132553100586,0.228604257106781,False,7.316542148590088,True,150,0,150,double,2.0833386832778618,125.0003209966717,JUMPING
1781,71.24,170.8169403076172,101.45943450927734,2.1471922397613525,False,7.685749530792236,True,150,0,150,double,2.0833386832778618,125.0003209966717,JUMPING
1782,71.28,174.75070190429688,105.23294067382812,3.7938594818115234,False,8.266496658325195,True,150,0,150,double,2.0833386832778618,125.0003209966717,JUMPING
1783,71.32,179.546875,109.15570831298828,3.95694637298584,False,8.00576114654541,False,151,0,151,double,2.1551727526572564,129.31036515943538,JUMPING
1784,71.36,183.0498046875,111.08514404296875,1.9493365287780762,False,6.142061710357666,False,151,0,151,double,2.1551727526572564,129.31036515943538,JUMPING
1785,71.4,184.52777099609375,111.85894012451172,0.7988606691360474,False,5.120619773864746,False,151,0,151,double,2.1551727526572564,129.31036515943538,JUMPING
1786,71.44,180.95013427734375,108.0958251953125,3.7631683349609375,False,4.788374423980713,False,151,0,151,double,2.1551727526572564,129.31036515943538,JUMPING
1787,71.48,176.112548828125,104.50200653076172,3.5953428745269775,False,6.349791049957275,True,151,0,151,double,2.1551727526572564,129.31036515943538,JUMPING
1788,71.52,171.1141357421875,101.62535858154297,2.9568190574645996,False,7.906800746917725,True,151,0,151,double,2.1551727526572564,129.31036515943538,JUMPING
1789,71.56,168.44418334960938,99.52163696289062,2.3600096702575684,False,8.402395248413086,True,151,0,151,double,2.1551727526572564,129.31036515943538,JUMPING
1790,71.6,167.4100341796875,98.82369995117188,0.822915256023407,False,8.578375816345215,True,151,0,151,double,2.1551727526572564,129.31036515943538,JUMPING
1791,71.64,167.2271728515625,98.55327606201172,0.7452665567398071,False,9.000643730163574,True,151,0,151,double,2.1551727526572564,129.31036515943538,JUMPING
1792,71.68,168.3153839111328,99.8619155883789,1.4441243410110474,False,8.657259941101074,True,151,0,151,double,2.1551727526572564,129.31036515943538,JUMPING
1793,71.72,173.28619384765625,103.42333221435547,3.592818021774292,False,8.477522850036621,False,152,0,152,double,2.1929836015903206,131.57901609541923,JUMPING
1794,71.76,176.169189453125,105.56148529052734,2.140622138977051,False,8.51025390625,False,152,0,152,double,2.1929836015903206,131.57901609541923,JUMPING
1795,71.8,181.65899658203125,110.22100830078125,4.668454647064209,False,8.029874801635742,False,152,0,152,double,2.1929836015903206,131.57901609541923,JUMPING
1796,71.84,183.03656005859375,111.2064437866211,1.1244813203811646,False,4.974212169647217,False,152,0,152,double,2.1929836015903206,131.57901609541923,JUMPING
1797,71.88,183.30471801757812,111.5380630493164,0.45095959305763245,False,3.458545446395874,False,152,0,152,double,2.1929836015903206,131.57901609541923,JUMPING
1798,71.92,181.12783813476562,108.54824829101562,3.0361826419830322,False,3.6065146923065186,False,152,0,152,double,2.1929836015903206,131.57901609541923,JUMPING
1799,71.96,175.25013732910156,104.37261199951172,4.225272178649902,False,5.901739120483398,True,152,0,152,double,2.1929836015903206,131.57901609541923,JUMPING
1800,72.0,171.75772094726562,100.11187744140625,4.280465126037598,False,7.157948017120361,True,152,0,152,double,2.1929836015903206,131.57901609541923,JUMPING
1801,72.04,168.21182250976562,97.40840911865234,2.79168701171875,False,8.114152908325195,True,152,0,152,double,2.1929836015903206,131.57901609541923,JUMPING
1802,72.08,166.43121337890625,96.21527862548828,1.236001968383789,False,8.274823188781738,True,152,0,152,double,2.1929836015903206,131.57901609541923,JUMPING
1803,72.12,166.55335998535156,96.66339111328125,0.6056195497512817,False,8.043861389160156,True,152,0,152,double,2.1929836015903206,131.57901609541923,JUMPING
1804,72.16,170.25108337402344,100.57221221923828,3.933116912841797,False,7.556572914123535,True,152,0,152,double,2.1929836015903206,131.57901609541923,JUMPING
1805,72.2,175.2197265625,105.25115966796875,4.686603546142578,False,7.6894683837890625,False,153,0,153,double,2.1929836015903206,131.57901609541923,JUMPING
1806,72.24,177.89346313476562,107.7670669555664,2.525756597518921,False,7.709600925445557,False,153,0,153,double,2.1929836015903206,131.57901609541923,JUMPING
1807,72.28,181.4320526123047,110.34053802490234,2.581636667251587,False,7.020672798156738,False,153,0,153,double,2.1929836015903206,131.57901609541923,JUMPING
1808,72.32,183.63909912109375,111.0546875,0.729662299156189,False,5.45233678817749,False,153,0,153,double,2.1929836015903206,131.57901609541923,JUMPING
1809,72.36,178.53604125976562,107.37493896484375,3.7404589653015137,False,5.343049049377441,False,153,0,153,double,2.1929836015903206,131.57901609541923,JUMPING
1810,72.4,174.1678466796875,103.36327362060547,4.023808479309082,False,5.96433687210083,True,153,0,153,double,2.1929836015903206,131.57901609541923,JUMPING
1811,72.44,169.98965454101562,99.95535278320312,3.4383785724639893,False,6.452070713043213,True,153,0,153,double,2.1929836015903206,131.57901609541923,JUMPING
1812,72.48,167.970947265625,98.47516632080078,1.50809645652771,False,6.931026935577393,True,153,0,153,double,2.1929836015903206,131.57901609541923,JUMPING
1813,72.52,166.24710083007812,97.29608154296875,1.192368984222412,False,6.910133361816406,True,153,0,153,double,2.1929836015903206,131.57901609541923,JUMPING
1814,72.56,166.21292114257812,97.54923248291016,0.28899645805358887,False,6.812571048736572,True,153,0,153,double,2.1929836015903206,131.57901609541923,JUMPING
1815,72.6,167.6668701171875,99.32247161865234,1.7998634576797485,False,5.997931957244873,True,153,0,153,double,2.1929836015903206,131.57901609541923,JUMPING
1816,72.64,172.2839813232422,103.3726577758789,4.055067539215088,False,5.493209362030029,True,153,0,153,double,2.1929836015903206,131.57901609541923,JUMPING
1817,72.68,177.12725830078125,107.42501068115234,4.0857038497924805,False,5.104901313781738,False,154,0,154,double,2.1929836015903206,131.57901609541923,JUMPING
1818,72.72,180.0848388671875,109.48722076416016,2.081697463989258,False,5.018440246582031,False,154,0,154,double,2.1929836015903206,131.57901609541923,JUMPING
1819,72.76,183.29098510742188,110.78887176513672,1.301693320274353,False,4.138293743133545,False,154,0,154,double,2.1929836015903206,131.57901609541923,JUMPING
1820,72.8,183.6800537109375,110.0289077758789,0.8946918249130249,False,3.020630121231079,False,154,0,154,double,2.1929836015903206,131.57901609541923,JUMPING
1821,72.84,178.0615234375,105.10710906982422,4.973078727722168,False,2.639305353164673,False,154,0,154,double,2.1929836015903206,131.57901609541923,JUMPING
1822,72.88,173.23599243164062,101.4725341796875,3.680481433868408,False,3.424286127090454,True,154,0,154,double,2.1929836015903206,131.57901609541923,JUMPING
1823,72.92,170.78053283691406,99.93412017822266,1.5557866096496582,False,4.4768218994140625,True,154,0,154,double,2.1929836015903206,131.57901609541923,JUMPING
1824,72.96,168.54849243164062,99.3038558959961,0.7552843689918518,False,6.247485637664795,True,154,0,154,double,2.1929836015903206,131.57901609541923,JUMPING
