frame_idx,timestamp,hip_y,head_y,head_move_px,head_drop_event,ankle_distance,is_airborne,jump_count,single_count,double_count,jump_type,freq_hz,spm,state
0,0.0,194.5974884033203,102.1340103149414,0.0,False,14.677719116210938,False,0,0,0,unknown,0.0,0.0,IDLE
1,0.04,194.92425537109375,102.3533706665039,0.22323943674564362,False,14.226713180541992,False,0,0,0,unknown,0.0,0.0,IDLE
2,0.08,194.37130737304688,101.79784393310547,0.6560363173484802,False,13.916275024414062,False,0,0,0,unknown,0.0,0.0,IDLE
3,0.12,195.228515625,102.2013168334961,0.4432293176651001,False,15.544502258300781,False,0,0,0,unknown,0.0,0.0,IDLE
4,0.16,196.76712036132812,104.44835662841797,2.2547717094421387,False,15.183037757873535,False,0,0,0,double,0.0,0.0,IDLE
5,0.2,199.63125610351562,107.79761505126953,3.350210189819336,False,14.641063690185547,False,0,0,0,double,0.0,0.0,IDLE
6,0.24,204.5100555419922,111.8991928100586,4.106419086456299,False,15.343017578125,False,0,0,0,double,0.0,0.0,IDLE
7,0.28,209.1951904296875,115.41381072998047,3.523332118988037,False,15.25721549987793,False,0,0,0,double,0.0,0.0,IDLE
8,0.32,211.690185546875,116.55486297607422,1.1530979871749878,False,15.415775299072266,False,0,0,0,double,0.0,0.0,IDLE
9,0.36,211.04931640625,114.75235748291016,1.8198175430297852,False,14.782490730285645,False,0,0,0,double,0.0,0.0,IDLE
10,0.4,207.0,110.88602447509766,3.86649227142334,False,15.612195014953613,False,0,0,0,double,0.0,0.0,IDLE
11,0.44,202.43063354492188,107.03582763671875,3.860358476638794,False,16.079254150390625,True,0,0,0,double,0.0,0.0,IDLE
12,0.48,198.35073852539062,103.89666748046875,3.1393203735351562,False,15.544034957885742,True,0,0,0,double,0.0,0.0,IDLE
13,0.52,196.4483642578125,101.948486328125,1.94821298122406,False,15.658506393432617,True,0,0,0,double,0.0,0.0,IDLE
14,0.56,195.83224487304688,101.87371063232422,0.1293676644563675,False,15.227010726928711,True,0,0,0,double,0.0,0.0,IDLE
15,0.6,197.30462646484375,103.6044921875,1.7343568801879883,False,15.806694984436035,True,0,0,0,double,0.0,0.0,IDLE
16,0.64,199.95761108398438,106.95670318603516,3.3547470569610596,False,15.896547317504883,True,0,0,0,double,0.0,0.0,IDLE
17,0.68,204.02862548828125,111.26570892333984,4.3090996742248535,False,15.277108192443848,True,0,0,0,double,0.0,0.0,IDLE
18,0.72,207.42556762695312,114.654541015625,3.3941919803619385,False,14.600210189819336,False,1,0,1,double,0.0,0.0,JUMPING
19,0.76,207.86514282226562,115.1941146850586,0.5455881357192993,False,14.593510627746582,False,1,0,1,double,0.0,0.0,JUMPING
20,0.8,205.89312744140625,112.5689468383789,2.627659797668457,False,15.170811653137207,False,1,0,1,double,0.0,0.0,JUMPING
21,0.84,201.96942138671875,108.66809844970703,3.9030685424804688,False,15.550712585449219,True,1,0,1,double,0.0,0.0,JUMPING
22,0.88,198.47586059570312,105.09859466552734,3.5768518447875977,False,15.967198371887207,True,1,0,1,double,0.0,0.0,JUMPING
23,0.92,195.5372314453125,102.470703125,2.632505416870117,False,16.20758628845215,True,1,0,1,double,0.0,0.0,JUMPING
24,0.96,194.27301025390625,101.54021453857422,0.9596437215805054,False,16.07554817199707,True,1,0,1,double,0.0,0.0,JUMPING
25,1.0,194.732666015625,102.4854736328125,0.9474467039108276,False,16.06583595275879,True,1,0,1,double,0.0,0.0,JUMPING
26,1.04,197.51280212402344,104.72418212890625,2.2406222820281982,False,15.162541389465332,True,1,0,1,double,0.0,0.0,JUMPING
27,1.08,201.21340942382812,108.59050750732422,3.8966264724731445,False,15.21060562133789,False,2,0,2,double,2.7777776673988104,166.66666004392863,JUMPING
28,1.12,203.32635498046875,110.5750961303711,2.0199499130249023,False,14.782716751098633,False,2,0,2,double,2.7777776673988104,166.66666004392863,JUMPING
29,1.16,206.65492248535156,113.3193588256836,2.805356025695801,False,14.093794822692871,False,2,0,2,double,2.7777776673988104,166.66666004392863,JUMPING
30,1.2,207.50582885742188,112.53983306884766,0.8640846610069275,False,15.219711303710938,False,2,0,2,double,2.7777776673988104,166.66666004392863,JUMPING
31,1.24,205.5029296875,109.78289031982422,2.761388063430786,False,16.808204650878906,False,2,0,2,double,2.7777776673988104,166.66666004392863,JUMPING
32,1.28,204.3297119140625,108.03453826904297,1.7493726015090942,False,17.10814666748047,False,2,0,2,double,2.7777776673988104,166.66666004392863,JUMPING
33,1.32,199.8973388671875,104.73429107666016,3.3045952320098877,False,15.690459251403809,True,2,0,2,double,2.7777776673988104,166.66666004392863,JUMPING
34,1.36,197.42330932617188,103.0221176147461,1.7218031883239746,False,14.986503601074219,True,2,0,2,double,2.7777776673988104,166.66666004392863,JUMPING
35,1.4,196.77467346191406,103.22480010986328,0.22445163130760193,False,15.432252883911133,True,2,0,2,double,2.7777776673988104,166.66666004392863,JUMPING
36,1.44,196.69622802734375,103.55602264404297,0.3326564133167267,False,14.945469856262207,True,2,0,2,double,2.7777776673988104,166.66666004392863,JUMPING
37,1.48,198.623291015625,105.8333740234375,2.279266834259033,False,14.868143081665039,True,2,0,2,double,2.7777776673988104,166.66666004392863,JUMPING
38,1.52,204.7221221923828,111.05902862548828,5.225656032562256,False,14.810816764831543,False,3,0,3,double,2.500000149011621,150.00000894069726,JUMPING
39,1.56,208.75839233398438,113.91180419921875,2.858189344406128,False,14.032648086547852,False,3,0,3,double,2.500000149011621,150.00000894069726,JUMPING
40,1.6,208.94815063476562,113.31246185302734,0.6594663262367249,False,14.408129692077637,False,3,0,3,double,2.500000149011621,150.00000894069726,JUMPING
41,1.64,205.80735778808594,110.43709564208984,2.8756771087646484,False,14.7322359085083,False,3,0,3,double,2.500000149011621,150.00000894069726,JUMPING
42,1.68,203.84524536132812,108.63272857666016,1.8072278499603271,False,14.390141487121582,True,3,0,3,double,2.500000149011621,150.00000894069726,JUMPING
43,1.72,200.83843994140625,106.1280517578125,2.511309862136841,False,14.488483428955078,True,3,0,3,double,2.500000149011621,150.00000894069726,JUMPING
44,1.76,197.3448028564453,103.20450592041016,2.9385435581207275,False,14.517073631286621,True,3,0,3,double,2.500000149011621,150.00000894069726,JUMPING
45,1.8,196.04470825195312,102.5994644165039,0.6269145011901855,False,14.669178009033203,True,3,0,3,double,2.500000149011621,150.00000894069726,JUMPING
46,1.84,197.17965698242188,103.9327163696289,1.33342707157135,False,14.625638008117676,True,3,0,3,double,2.500000149011621,150.00000894069726,JUMPING
47,1.88,199.77871704101562,106.8737564086914,2.9416892528533936,False,15.746000289916992,True,3,0,3,double,2.500000149011621,150.00000894069726,JUMPING
48,1.92,204.28683471679688,110.66513061523438,3.7935891151428223,False,15.568624496459961,False,4,0,4,double,2.500000149011621,150.00000894069726,JUMPING
49,1.96,207.201171875,113.2642593383789,2.59968638420105,False,14.600186347961426,False,4,0,4,double,2.500000149011621,150.00000894069726,JUMPING
50,2.0,207.75363159179688,113.0322494506836,0.24571318924427032,False,15.23632526397705,False,4,0,4,double,2.500000149011621,150.00000894069726,JUMPING
51,2.04,205.38931274414062,110.46475982666016,2.5731406211853027,False,15.657163619995117,False,4,0,4,double,2.500000149011621,150.00000894069726,JUMPING
52,2.08,201.08924865722656,107.1366958618164,3.328064203262329,False,16.436140060424805,True,4,0,4,double,2.500000149011621,150.00000894069726,JUMPING
53,2.12,198.47906494140625,103.79022979736328,3.350006580352783,False,16.27857780456543,True,4,0,4,double,2.500000149011621,150.00000894069726,JUMPING
54,2.16,196.5190887451172,101.83773040771484,1.967720866203308,False,16.15801239013672,True,4,0,4,double,2.500000149011621,150.00000894069726,JUMPING
55,2.2,195.71136474609375,100.86054229736328,0.9941208958625793,False,15.49618911743164,True,4,0,4,double,2.500000149011621,150.00000894069726,JUMPING
56,2.24,195.49026489257812,101.23397827148438,0.3740236163139343,False,15.393468856811523,True,4,0,4,double,2.500000149011621,150.00000894069726,JUMPING
57,2.28,197.85324096679688,105.1484375,3.919224739074707,False,15.830068588256836,True,4,0,4,double,2.500000149011621,150.00000894069726,JUMPING
58,2.32,202.30160522460938,109.285400390625,4.152787685394287,False,15.878823280334473,False,5,0,5,double,2.500000149011621,150.00000894069726,JUMPING
59,2.36,205.41595458984375,112.1664047241211,2.9007420539855957,False,15.86906623840332,False,5,0,5,double,2.500000149011621,150.00000894069726,JUMPING
60,2.4,206.22805786132812,112.1114273071289,0.25718092918395996,False,15.925702095031738,False,5,0,5,double,2.500000149011621,150.00000894069726,JUMPING
61,2.44,206.56207275390625,111.88031768798828,0.32450544834136963,False,15.726399421691895,False,5,0,5,double,2.500000149011621,150.00000894069726,JUMPING
62,2.48,204.7091064453125,109.3026123046875,2.6763432025909424,False,16.756494522094727,False,5,0,5,double,2.500000149011621,150.00000894069726,JUMPING
63,2.52,199.810546875,105.51336669921875,3.999023914337158,False,17.02863883972168,True,5,0,5,double,2.500000149011621,150.00000894069726,JUMPING
64,2.56,196.83187866210938,103.1357192993164,2.602592706680298,False,17.315040588378906,True,5,0,5,double,2.500000149011621,150.00000894069726,JUMPING
65,2.6,195.61590576171875,102.99319458007812,0.7871049642562866,False,16.84993553161621,True,5,0,5,double,2.500000149011621,150.00000894069726,JUMPING
66,2.64,195.7960205078125,103.2437744140625,0.3002190887928009,False,16.990116119384766,True,5,0,5,double,2.500000149011621,150.00000894069726,JUMPING
67,2.68,197.6797332763672,104.89944458007812,1.6592905521392822,False,17.141456604003906,True,5,0,5,double,2.500000149011621,150.00000894069726,JUMPING
68,2.72,201.1472625732422,108.4046401977539,3.514853000640869,False,16.51148796081543,False,6,0,6,double,2.4999999627470975,149.99999776482585,JUMPING
69,2.76,205.6397247314453,112.21826171875,3.901665687561035,False,15.381477355957031,False,6,0,6,double,2.4999999627470975,149.99999776482585,JUMPING
70,2.8,206.5568389892578,112.47759246826172,0.3494409918785095,False,15.062586784362793,False,6,0,6,double,2.4999999627470975,149.99999776482585,JUMPING
71,2.84,204.30087280273438,110.75777435302734,1.7266441583633423,False,15.869363784790039,False,6,0,6,double,2.4999999627470975,149.99999776482585,JUMPING
72,2.88,201.10317993164062,107.6127700805664,3.15282940864563,False,14.542244911193848,False,6,0,6,double,2.4999999627470975,149.99999776482585,JUMPING
73,2.92,197.58602905273438,105.13690948486328,2.476942777633667,False,15.980395317077637,True,6,0,6,double,2.4999999627470975,149.99999776482585,JUMPING
74,2.96,196.42259216308594,103.97257232666016,1.166998267173767,False,17.263671875,True,6,0,6,double,2.4999999627470975,149.99999776482585,JUMPING
75,3.0,197.3017120361328,104.64995574951172,0.7282054424285889,False,16.725753784179688,True,6,0,6,double,2.4999999627470975,149.99999776482585,JUMPING
76,3.04,199.51255798339844,106.85546875,2.2340457439422607,False,16.933551788330078,False,7,0,7,double,2.5510204748802527,153.06122849281516,JUMPING
77,3.08,203.62548828125,110.62183380126953,3.7788257598876953,False,16.9799861907959,False,7,0,7,double,2.5510204748802527,153.06122849281516,JUMPING
78,3.12,205.6099395751953,112.69197845458984,2.083327054977417,False,17.39420509338379,False,7,0,7,double,2.5510204748802527,153.06122849281516,JUMPING
79,3.16,207.0105743408203,113.30719757080078,0.651347279548645,False,16.466096878051758,False,7,0,7,double,2.5510204748802527,153.06122849281516,JUMPING
80,3.2,205.07980346679688,111.24951171875,2.0740387439727783,False,17.75713539123535,False,7,0,7,double,2.5510204748802527,153.06122849281516,JUMPING
81,3.24,202.73532104492188,108.00253295898438,3.2508022785186768,False,18.134557723999023,True,7,0,7,double,2.5510204748802527,153.06122849281516,JUMPING
82,3.28,200.22557067871094,105.2507095336914,2.777061700820923,False,18.178646087646484,True,7,0,7,double,2.5510204748802527,153.06122849281516,JUMPING
83,3.32,198.2431640625,103.71752166748047,1.5377187728881836,False,17.07351303100586,True,7,0,7,double,2.5510204748802527,153.06122849281516,JUMPING
84,3.36,197.6581268310547,103.5804214477539,0.1508392095565796,False,17.393648147583008,True,7,0,7,double,2.5510204748802527,153.06122849281516,JUMPING
85,3.4,197.2341766357422,103.67816162109375,0.18430840969085693,False,18.122262954711914,True,7,0,7,double,2.5510204748802527,153.06122849281516,JUMPING
86,3.44,198.48187255859375,105.43447875976562,1.7900404930114746,False,18.23896598815918,True,7,0,7,double,2.5510204748802527,153.06122849281516,JUMPING
87,3.48,201.39971923828125,108.79119110107422,3.3944480419158936,False,17.231731414794922,False,8,0,8,double,2.551020280935531,153.06121685613186,JUMPING
88,3.52,205.59429931640625,112.16536712646484,3.376352310180664,False,15.216205596923828,False,8,0,8,double,2.551020280935531,153.06121685613186,JUMPING
89,3.56,207.45413208007812,113.56597900390625,1.4035007953643799,False,14.445112228393555,False,8,0,8,double,2.551020280935531,153.06121685613186,JUMPING
90,3.6,206.45437622070312,112.6554946899414,0.9118942618370056,False,14.270181655883789,False,8,0,8,double,2.551020280935531,153.06121685613186,JUMPING
91,3.64,202.00396728515625,108.39127349853516,4.265707492828369,False,16.570425033569336,False,8,0,8,double,2.551020280935531,153.06121685613186,JUMPING
92,3.68,199.1591796875,105.8525161743164,2.5471205711364746,False,17.323421478271484,True,8,0,8,double,2.551020280935531,153.06121685613186,JUMPING
93,3.72,197.12216186523438,104.54605865478516,1.7653555870056152,False,17.91599464416504,True,8,0,8,double,2.551020280935531,153.06121685613186,JUMPING
94,3.76,196.79925537109375,105.08770751953125,1.3772833347320557,False,17.74769401550293,True,8,0,8,double,2.551020280935531,153.06121685613186,JUMPING
95,3.8,197.00064086914062,105.37593841552734,0.6599092483520508,False,17.065595626831055,True,8,0,8,double,2.551020280935531,153.06121685613186,JUMPING
96,3.84,201.8360595703125,109.86492919921875,4.580504417419434,False,16.452171325683594,False,9,0,9,double,2.604166644030354,156.24999864182124,JUMPING
97,3.88,205.90438842773438,112.9382553100586,3.097613573074341,False,14.546302795410156,False,9,0,9,double,2.604166644030354,156.24999864182124,JUMPING
98,3.92,206.65357971191406,113.02204132080078,0.2014201134443283,False,15.104791641235352,False,9,0,9,double,2.604166644030354,156.24999864182124,JUMPING
99,3.96,205.11593627929688,110.66903686523438,2.3849761486053467,False,16.200475692749023,False,9,0,9,double,2.604166644030354,156.24999864182124,JUMPING
100,4.0,203.78128051757812,109.20893096923828,1.479938268661499,False,17.334579467773438,True,9,0,9,double,2.604166644030354,156.24999864182124,JUMPING
101,4.04,200.66897583007812,106.7313232421875,2.4870688915252686,False,16.901046752929688,True,9,0,9,double,2.604166644030354,156.24999864182124,JUMPING
102,4.08,197.51551818847656,104.3061294555664,2.4420695304870605,False,16.89949607849121,True,9,0,9,double,2.604166644030354,156.24999864182124,JUMPING
103,4.12,196.04827880859375,103.07511138916016,1.253095269203186,False,16.919254302978516,True,9,0,9,double,2.604166644030354,156.24999864182124,JUMPING
104,4.16,195.76947021484375,103.24048614501953,0.21617434918880463,False,17.45871925354004,True,9,0,9,double,2.604166644030354,156.24999864182124,JUMPING
105,4.2,200.24203491210938,107.25595092773438,4.030255317687988,False,18.237464904785156,True,9,0,9,double,2.604166644030354,156.24999864182124,JUMPING
106,4.24,204.61122131347656,111.25109100341797,4.001525402069092,False,16.909412384033203,False,10,0,10,double,2.6041668461403003,156.250010768418,JUMPING
107,4.28,207.54519653320312,113.26339721679688,2.022338390350342,False,16.49938201904297,False,10,0,10,double,2.6041668461403003,156.250010768418,JUMPING
108,4.32,207.04425048828125,111.97354888916016,1.2923935651779175,False,16.5734920501709,False,10,0,10,double,2.6041668461403003,156.250010768418,JUMPING
109,4.36,206.44122314453125,111.00555419921875,0.96807861328125,False,16.26958656311035,False,10,0,10,double,2.6041668461403003,156.250010768418,JUMPING
110,4.4,202.39569091796875,107.04376220703125,3.962233304977417,False,17.65969467163086,True,10,0,10,double,2.6041668461403003,156.250010768418,JUMPING
111,4.44,199.42738342285156,104.1151351928711,2.929044723510742,False,18.300764083862305,True,10,0,10,double,2.6041668461403003,156.250010768418,JUMPING
112,4.48,198.04095458984375,102.8061294555664,1.337312936782837,False,18.754304885864258,True,10,0,10,double,2.6041668461403003,156.250010768418,JUMPING
113,4.52,197.8220977783203,103.47762298583984,0.7426955699920654,False,18.20756721496582,True,10,0,10,double,2.6041668461403003,156.250010768418,JUMPING
114,4.56,199.56536865234375,106.07291412353516,2.6126344203948975,False,17.803115844726562,True,10,0,10,double,2.6041668461403003,156.250010768418,JUMPING
115,4.6,203.50991821289062,109.59039306640625,3.530702590942383,False,17.723806381225586,False,11,0,11,double,2.6595745591515088,159.57447354909053,JUMPING
116,4.64,207.56777954101562,112.5645751953125,2.9764275550842285,False,16.518634796142578,False,11,0,11,double,2.6595745591515088,159.57447354909053,JUMPING
117,4.68,209.68679809570312,114.04095458984375,1.4765759706497192,False,15.785652160644531,False,11,0,11,double,2.6595745591515088,159.57447354909053,JUMPING
118,4.72,206.97547912597656,111.08453369140625,2.9602179527282715,False,15.650808334350586,False,11,0,11,double,2.6595745591515088,159.57447354909053,JUMPING
119,4.76,201.8303680419922,107.41122436523438,3.6809041500091553,False,16.391714096069336,True,11,0,11,double,2.6595745591515088,159.57447354909053,JUMPING
120,4.8,198.538330078125,103.8874740600586,3.524250030517578,False,18.207218170166016,True,11,0,11,double,2.6595745591515088,159.57447354909053,JUMPING
121,4.84,196.60540771484375,101.93677520751953,1.951345682144165,False,19.450292587280273,True,11,0,11,double,2.6595745591515088,159.57447354909053,JUMPING
122,4.88,195.62347412109375,101.72344207763672,0.2217462658882141,False,19.46384620666504,True,11,0,11,double,2.6595745591515088,159.57447354909053,JUMPING
123,4.92,196.64447021484375,103.35985565185547,1.6365022659301758,False,18.503721237182617,True,11,0,11,double,2.6595745591515088,159.57447354909053,JUMPING
124,4.96,199.22952270507812,106.34249114990234,3.0071589946746826,False,18.30876922607422,True,11,0,11,double,2.6595745591515088,159.57447354909053,JUMPING
125,5.0,203.1610107421875,110.14669036865234,3.8498051166534424,False,17.072912216186523,False,12,0,12,double,2.551020280935531,153.06121685613186,JUMPING
126,5.04,206.73219299316406,112.66909790039062,2.5774569511413574,False,16.03205108642578,False,12,0,12,double,2.551020280935531,153.06121685613186,JUMPING
127,5.08,208.60049438476562,113.8119125366211,1.199573278427124,False,15.563187599182129,False,12,0,12,double,2.551020280935531,153.06121685613186,JUMPING
128,5.12,206.01644897460938,110.60909271240234,3.304673433303833,False,15.809590339660645,False,12,0,12,double,2.551020280935531,153.06121685613186,JUMPING
129,5.16,201.42950439453125,106.70966339111328,3.93690824508667,False,16.454378128051758,True,12,0,12,double,2.551020280935531,153.06121685613186,JUMPING
130,5.2,198.1373291015625,103.69727325439453,3.0374505519866943,False,17.016193389892578,True,12,0,12,double,2.551020280935531,153.06121685613186,JUMPING
131,5.24,195.97500610351562,101.8505859375,1.8969980478286743,False,17.861858367919922,True,12,0,12,double,2.551020280935531,153.06121685613186,JUMPING
132,5.28,195.95510864257812,102.25440216064453,0.5418264865875244,False,17.11151123046875,True,12,0,12,double,2.551020280935531,153.06121685613186,JUMPING
133,5.32,196.333251953125,102.64054107666016,0.39512285590171814,False,17.240577697753906,True,12,0,12,double,2.551020280935531,153.06121685613186,JUMPING
134,5.36,197.82354736328125,104.64168548583984,2.0278708934783936,False,15.998199462890625,True,12,0,12,double,2.551020280935531,153.06121685613186,JUMPING
135,5.4,203.07763671875,109.85889434814453,5.225869178771973,False,15.564559936523438,False,13,0,13,double,2.604166644030354,156.24999864182124,JUMPING
136,5.44,206.4305877685547,112.76371002197266,2.913977861404419,False,15.345041275024414,False,13,0,13,double,2.604166644030354,156.24999864182124,JUMPING
137,5.48,206.59156799316406,112.05989837646484,0.722934365272522,False,15.726072311401367,False,13,0,13,double,2.604166644030354,156.24999864182124,JUMPING
138,5.52,203.69776916503906,109.42089080810547,2.6411051750183105,False,16.650781631469727,False,13,0,13,double,2.604166644030354,156.24999864182124,JUMPING
139,5.56,201.72140502929688,107.66747283935547,1.7542897462844849,False,16.53262710571289,True,13,0,13,double,2.604166644030354,156.24999864182124,JUMPING
140,5.6,198.24423217773438,104.5754165649414,3.104031801223755,False,16.421167373657227,True,13,0,13,double,2.604166644030354,156.24999864182124,JUMPING
141,5.64,196.39974975585938,103.05760955810547,1.559193730354309,False,16.066936492919922,True,13,0,13,double,2.604166644030354,156.24999864182124,JUMPING
142,5.68,195.95498657226562,102.39522552490234,0.6624996066093445,False,16.421791076660156,True,13,0,13,double,2.604166644030354,156.24999864182124,JUMPING
143,5.72,197.59104919433594,104.81710052490234,2.4269297122955322,False,16.248409271240234,True,13,0,13,double,2.604166644030354,156.24999864182124,JUMPING
144,5.76,201.341552734375,108.63788604736328,3.8280088901519775,False,16.638959884643555,True,13,0,13,double,2.604166644030354,156.24999864182124,JUMPING
145,5.8,205.50975036621094,112.64028930664062,4.011934280395508,False,16.0673770904541,False,14,0,14,double,2.5510200869908393,153.06120521945036,JUMPING
146,5.84,207.95526123046875,114.66547393798828,2.0268261432647705,False,15.756360054016113,False,14,0,14,double,2.5510200869908393,153.06120521945036,JUMPING
147,5.88,207.6665802001953,113.07669830322266,1.5984677076339722,False,15.721385955810547,False,14,0,14,double,2.5510200869908393,153.06120521945036,JUMPING
148,5.92,206.83702087402344,111.80919647216797,1.2806289196014404,False,15.985787391662598,False,14,0,14,double,2.5510200869908393,153.06120521945036,JUMPING
149,5.96,202.33901977539062,107.24498748779297,4.566146373748779,False,16.21791648864746,True,14,0,14,double,2.5510200869908393,153.06120521945036,JUMPING
150,6.0,198.723388671875,104.16870880126953,3.079240322113037,False,16.80287742614746,True,14,0,14,double,2.5510200869908393,153.06120521945036,JUMPING
151,6.04,196.5991973876953,102.84114837646484,1.3288360834121704,False,17.59298324584961,True,14,0,14,double,2.5510200869908393,153.06120521945036,JUMPING
152,6.08,197.48281860351562,103.4822769165039,0.6756465435028076,False,16.456035614013672,True,14,0,14,double,2.5510200869908393,153.06120521945036,JUMPING
153,6.12,199.13539123535156,105.8309097290039,2.349900007247925,False,15.89030647277832,True,14,0,14,double,2.5510200869908393,153.06120521945036,JUMPING
154,6.16,200.07582092285156,107.39510345458984,1.5642646551132202,False,15.564488410949707,True,14,0,14,double,2.5510200869908393,153.06120521945036,JUMPING
155,6.2,203.08941650390625,110.34912872314453,2.9759979248046875,False,15.625360488891602,False,15,0,15,double,2.551020280935531,153.06121685613186,JUMPING
156,6.24,206.9161834716797,111.78741455078125,1.6690031290054321,False,14.81045913696289,False,15,0,15,double,2.551020280935531,153.06121685613186,JUMPING
157,6.28,208.7572479248047,112.49077606201172,0.8751162886619568,False,14.182377815246582,False,15,0,15,double,2.551020280935531,153.06121685613186,JUMPING
158,6.32,204.71539306640625,108.60391998291016,3.9627773761749268,False,14.879098892211914,False,15,0,15,double,2.551020280935531,153.06121685613186,JUMPING
159,6.36,200.62631225585938,104.77039337158203,3.882742404937744,False,14.20612621307373,True,15,0,15,double,2.551020280935531,153.06121685613186,JUMPING
160,6.4,197.9476318359375,102.77526092529297,1.9957036972045898,False,13.808693885803223,True,15,0,15,double,2.551020280935531,153.06121685613186,JUMPING
161,6.44,196.72422790527344,101.83089447021484,1.0322893857955933,False,13.709274291992188,True,15,0,15,double,2.551020280935531,153.06121685613186,JUMPING
162,6.48,197.26873779296875,102.78539276123047,0.9578133225440979,False,14.520751953125,True,15,0,15,double,2.551020280935531,153.06121685613186,JUMPING
163,6.52,199.42205810546875,105.8908462524414,3.1103689670562744,False,15.71092414855957,True,15,0,15,double,2.551020280935531,153.06121685613186,JUMPING
164,6.56,203.4498291015625,109.5113754272461,3.623194694519043,False,15.329438209533691,False,16,0,16,double,2.551020280935531,153.06121685613186,JUMPING
165,6.6,206.7178192138672,112.15371704101562,2.644122838973999,False,14.338892936706543,False,16,0,16,double,2.551020280935531,153.06121685613186,JUMPING
166,6.64,207.20077514648438,112.55712890625,0.7078980803489685,False,14.259469032287598,False,16,0,16,double,2.551020280935531,153.06121685613186,JUMPING
167,6.68,206.87454223632812,112.20156860351562,0.566034197807312,False,14.15893268585205,False,16,0,16,double,2.551020280935531,153.06121685613186,JUMPING
168,6.72,202.51840209960938,108.41305541992188,3.8750569820404053,False,14.903721809387207,False,16,0,16,double,2.551020280935531,153.06121685613186,JUMPING
169,6.76,198.6616973876953,105.06414031982422,3.4065425395965576,False,16.751354217529297,True,16,0,16,double,2.551020280935531,153.06121685613186,JUMPING
170,6.8,196.72145080566406,103.41759490966797,1.6555854082107544,False,17.417421340942383,True,16,0,16,double,2.551020280935531,153.06121685613186,JUMPING
171,6.84,196.46778869628906,103.4886474609375,0.392749160528183,False,17.70028305053711,True,16,0,16,double,2.551020280935531,153.06121685613186,JUMPING
172,6.88,197.21519470214844,105.45218658447266,2.0085396766662598,False,16.38703727722168,True,16,0,16,double,2.551020280935531,153.06121685613186,JUMPING
173,6.92,200.3907928466797,108.93383026123047,3.503699779510498,False,15.868951797485352,True,16,0,16,double,2.551020280935531,153.06121685613186,JUMPING
174,6.96,204.24606323242188,112.65845489501953,3.743396759033203,False,15.226163864135742,False,17,0,17,double,2.551020280935531,153.06121685613186,JUMPING
175,7.0,206.73805236816406,114.58834838867188,1.94722318649292,False,15.2105131149292,False,17,0,17,double,2.551020280935531,153.06121685613186,JUMPING
176,7.04,208.0855255126953,115.22750091552734,0.6401670575141907,False,14.251879692077637,False,17,0,17,double,2.551020280935531,153.06121685613186,JUMPING
177,7.08,204.09368896484375,111.53540802001953,3.7053470611572266,False,14.863614082336426,False,17,0,17,double,2.551020280935531,153.06121685613186,JUMPING
178,7.12,199.2340087890625,107.76089477539062,3.7995059490203857,False,15.562267303466797,True,17,0,17,double,2.551020280935531,153.06121685613186,JUMPING
179,7.16,196.41314697265625,105.05318450927734,2.717954397201538,False,16.4119873046875,True,17,0,17,double,2.551020280935531,153.06121685613186,JUMPING
180,7.2,194.6458282470703,104.54424285888672,0.5212608575820923,False,16.37419891357422,True,17,0,17,double,2.551020280935531,153.06121685613186,JUMPING
181,7.24,194.8025360107422,105.6195297241211,1.0841683149337769,False,17.50343132019043,True,17,0,17,double,2.551020280935531,153.06121685613186,JUMPING
182,7.28,197.14817810058594,108.50397491455078,2.9248461723327637,False,17.309825897216797,True,17,0,17,double,2.551020280935531,153.06121685613186,JUMPING
183,7.32,201.5018310546875,112.10330200195312,3.6055798530578613,False,16.994495391845703,True,17,0,17,double,2.551020280935531,153.06121685613186,JUMPING
184,7.36,205.3006134033203,114.84221649169922,2.745124340057373,False,16.069652557373047,False,18,0,18,double,2.551020280935531,153.06121685613186,JUMPING
185,7.4,206.28550720214844,115.17120361328125,0.3297400176525116,False,15.865885734558105,False,18,0,18,double,2.551020280935531,153.06121685613186,JUMPING
186,7.44,204.42919921875,112.98123168945312,2.2071821689605713,False,16.2244873046875,False,18,0,18,double,2.551020280935531,153.06121685613186,JUMPING
187,7.48,203.4060516357422,111.6698989868164,1.3403722047805786,False,16.231409072875977,False,18,0,18,double,2.551020280935531,153.06121685613186,JUMPING
188,7.52,200.4342498779297,108.76302337646484,2.9086010456085205,False,16.53476905822754,True,18,0,18,double,2.551020280935531,153.06121685613186,JUMPING
189,7.56,196.67022705078125,105.79070281982422,2.9906325340270996,False,17.79035186767578,True,18,0,18,double,2.551020280935531,153.06121685613186,JUMPING
190,7.6,195.1148223876953,104.87726593017578,0.9142815470695496,False,17.45548439025879,True,18,0,18,double,2.551020280935531,153.06121685613186,JUMPING
191,7.64,195.32369995117188,106.00027465820312,1.1392446756362915,False,16.936349868774414,True,18,0,18,double,2.551020280935531,153.06121685613186,JUMPING
192,7.68,197.70877075195312,108.93875122070312,2.9386181831359863,False,17.628271102905273,True,18,0,18,double,2.551020280935531,153.06121685613186,JUMPING
193,7.72,199.12155151367188,110.77328491210938,1.8349682092666626,False,17.99229621887207,True,18,0,18,double,2.551020280935531,153.06121685613186,JUMPING
194,7.76,204.16366577148438,114.12061309814453,3.34844970703125,False,16.494352340698242,False,19,0,19,double,2.551020280935531,153.06121685613186,JUMPING
195,7.8,205.1707763671875,114.49468994140625,0.3749489486217499,False,16.204418182373047,False,19,0,19,double,2.551020280935531,153.06121685613186,JUMPING
196,7.84,203.51412963867188,112.58435821533203,1.9161255359649658,False,17.191373825073242,False,19,0,19,double,2.551020280935531,153.06121685613186,JUMPING
197,7.88,200.19741821289062,109.42191314697266,3.1633121967315674,False,18.237749099731445,True,19,0,19,double,2.551020280935531,153.06121685613186,JUMPING
198,7.92,197.5043182373047,106.69751739501953,2.7248620986938477,False,19.652935028076172,True,19,0,19,double,2.551020280935531,153.06121685613186,JUMPING
199,7.96,195.3335418701172,105.13082122802734,1.5667002201080322,False,20.13965606689453,True,19,0,19,double,2.551020280935531,153.06121685613186,JUMPING
200,8.0,194.75308227539062,105.0994873046875,0.3460564911365509,False,18.865325927734375,True,19,0,19,double,2.551020280935531,153.06121685613186,JUMPING
201,8.04,194.56163024902344,105.29438018798828,0.2955136001110077,False,18.780710220336914,True,19,0,19,double,2.551020280935531,153.06121685613186,JUMPING
202,8.08,196.39932250976562,107.04561614990234,1.7961678504943848,False,18.404247283935547,True,19,0,19,double,2.551020280935531,153.06121685613186,JUMPING
203,8.12,199.77415466308594,109.62091064453125,2.644601821899414,False,18.392253875732422,False,20,0,20,double,2.604166644030354,156.24999864182124,JUMPING
204,8.16,204.914306640625,112.3698501586914,2.932927370071411,False,17.388145446777344,False,20,0,20,double,2.604166644030354,156.24999864182124,JUMPING
205,8.2,206.51516723632812,111.99320220947266,0.7841407060623169,False,17.203933715820312,False,20,0,20,double,2.604166644030354,156.24999864182124,JUMPING
206,8.24,207.11669921875,111.4224853515625,0.6340808868408203,False,17.59722900390625,False,20,0,20,double,2.604166644030354,156.24999864182124,JUMPING
207,8.28,202.551025390625,107.8817138671875,3.5409603118896484,False,16.36686134338379,False,20,0,20,double,2.604166644030354,156.24999864182124,JUMPING
208,8.32,199.84912109375,105.51870727539062,2.3682148456573486,False,15.615621566772461,True,20,0,20,double,2.604166644030354,156.24999864182124,JUMPING
209,8.36,197.23330688476562,103.86682891845703,1.6531705856323242,False,14.972352027893066,True,20,0,20,double,2.604166644030354,156.24999864182124,JUMPING
210,8.4,196.76889038085938,104.4298095703125,0.5860416293144226,False,14.480765342712402,True,20,0,20,double,2.604166644030354,156.24999864182124,JUMPING
211,8.44,196.84884643554688,105.12870025634766,0.6990999579429626,False,13.96597957611084,True,20,0,20,double,2.604166644030354,156.24999864182124,JUMPING
212,8.48,201.02565002441406,109.51607513427734,4.405889511108398,False,14.110620498657227,False,21,0,21,double,2.604167250360286,156.25003502161718,JUMPING
213,8.52,204.8873748779297,112.8458480834961,3.3488781452178955,False,14.587671279907227,False,21,0,21,double,2.604167250360286,156.25003502161718,JUMPING
214,8.56,206.9517364501953,114.581298828125,1.7680354118347168,False,14.780451774597168,False,21,0,21,double,2.604167250360286,156.25003502161718,JUMPING
215,8.6,207.59535217285156,114.13593292236328,0.6140920519828796,False,14.964430809020996,False,21,0,21,double,2.604167250360286,156.25003502161718,JUMPING
216,8.64,204.16346740722656,109.85192108154297,4.380926132202148,False,15.450277328491211,False,21,0,21,double,2.604167250360286,156.25003502161718,JUMPING
217,8.68,201.65420532226562,107.1841812133789,2.7685017585754395,False,16.099966049194336,True,21,0,21,double,2.604167250360286,156.25003502161718,JUMPING
218,8.72,197.83004760742188,104.61454010009766,2.731343984603882,False,16.23381805419922,True,21,0,21,double,2.604167250360286,156.25003502161718,JUMPING
219,8.76,195.8792724609375,103.32599639892578,1.3987418413162231,False,15.909332275390625,True,21,0,21,double,2.604167250360286,156.25003502161718,JUMPING
220,8.8,196.22088623046875,105.08074951171875,1.8724970817565918,False,16.609851837158203,True,21,0,21,double,2.604167250360286,156.25003502161718,JUMPING
221,8.84,196.87530517578125,106.6106948852539,1.5832806825637817,False,16.895408630371094,True,21,0,21,double,2.604167250360286,156.25003502161718,JUMPING
222,8.88,199.49154663085938,109.40702056884766,2.7963263988494873,False,17.365365982055664,True,21,0,21,double,2.604167250360286,156.25003502161718,JUMPING
223,8.92,203.370849609375,112.51749420166016,3.113107681274414,False,15.995187759399414,False,22,0,22,double,2.551020280935531,153.06121685613186,JUMPING
224,8.96,204.10882568359375,112.2276611328125,0.2962435185909271,False,16.16257095336914,False,22,0,22,double,2.551020280935531,153.06121685613186,JUMPING
225,9.0,202.4385223388672,109.75727081298828,2.471006155014038,False,16.46828269958496,True,22,0,22,double,2.551020280935531,153.06121685613186,JUMPING
226,9.04,199.52523803710938,106.85639190673828,2.9056551456451416,False,16.523719787597656,True,22,0,22,double,2.551020280935531,153.06121685613186,JUMPING
227,9.08,197.29678344726562,104.40249633789062,2.4813759326934814,False,15.894187927246094,True,22,0,22,double,2.551020280935531,153.06121685613186,JUMPING
228,9.12,195.7506103515625,103.9656982421875,0.487430602312088,False,14.555790901184082,True,22,0,22,double,2.551020280935531,153.06121685613186,JUMPING
229,9.16,196.6162109375,105.1362075805664,1.1915980577468872,False,15.091263771057129,True,22,0,22,double,2.551020280935531,153.06121685613186,JUMPING
230,9.2,198.15676879882812,107.3222885131836,2.191073417663574,False,15.300350189208984,True,22,0,22,double,2.551020280935531,153.06121685613186,JUMPING
231,9.24,202.14822387695312,111.1953353881836,3.8960208892822266,False,14.457911491394043,False,23,0,23,double,2.659574980755305,159.57449884531832,JUMPING
232,9.28,205.87689208984375,113.7381591796875,2.566103935241699,False,13.82709789276123,False,23,0,23,double,2.659574980755305,159.57449884531832,JUMPING
233,9.32,207.93972778320312,114.94596099853516,1.212175726890564,False,13.59798812866211,False,23,0,23,double,2.659574980755305,159.57449884531832,JUMPING
234,9.36,205.55410766601562,111.98201751708984,2.9689090251922607,False,14.8810396194458,False,23,0,23,double,2.659574980755305,159.57449884531832,JUMPING
235,9.4,203.93698120117188,109.98822021484375,1.9937973022460938,False,15.662454605102539,False,23,0,23,double,2.659574980755305,159.57449884531832,JUMPING
236,9.44,199.1490478515625,106.0566177368164,3.9414288997650146,False,16.264772415161133,True,23,0,23,double,2.659574980755305,159.57449884531832,JUMPING
237,9.48,196.08355712890625,103.94855499267578,2.110316753387451,False,17.08908462524414,True,23,0,23,double,2.659574980755305,159.57449884531832,JUMPING
238,9.52,194.6447296142578,103.1231460571289,0.8429586291313171,False,17.67367172241211,True,23,0,23,double,2.659574980755305,159.57449884531832,JUMPING
239,9.56,195.8711395263672,105.32483673095703,2.23152232170105,False,17.35558319091797,True,23,0,23,double,2.659574980755305,159.57449884531832,JUMPING
240,9.6,198.4580078125,108.96012115478516,3.644033193588257,False,17.38751983642578,False,24,0,24,double,2.7173910789994715,163.0434647399683,JUMPING
241,9.64,202.84469604492188,112.97760009765625,4.021175861358643,False,16.444780349731445,False,24,0,24,double,2.7173910789994715,163.0434647399683,JUMPING
242,9.68,204.8586883544922,114.94213104248047,1.9742727279663086,False,15.883087158203125,False,24,0,24,double,2.7173910789994715,163.0434647399683,JUMPING
243,9.72,204.8257598876953,114.32196044921875,0.6885601878166199,False,16.041322708129883,False,24,0,24,double,2.7173910789994715,163.0434647399683,JUMPING
244,9.76,202.577880859375,111.77139282226562,2.6618897914886475,False,16.18194580078125,False,24,0,24,double,2.7173910789994715,163.0434647399683,JUMPING
245,9.8,199.40380859375,108.7654037475586,3.0672714710235596,False,17.443815231323242,True,24,0,24,double,2.7173910789994715,163.0434647399683,JUMPING
246,9.84,197.71209716796875,106.967041015625,1.8234105110168457,False,18.09663200378418,True,24,0,24,double,2.7173910789994715,163.0434647399683,JUMPING
247,9.88,196.59837341308594,106.19535064697266,0.8010863065719604,False,18.261810302734375,True,24,0,24,double,2.7173910789994715,163.0434647399683,JUMPING
248,9.92,197.11614990234375,107.19617462158203,1.0030200481414795,False,17.848522186279297,True,24,0,24,double,2.7173910789994715,163.0434647399683,JUMPING
249,9.96,198.87271118164062,109.86588287353516,2.6910173892974854,False,17.792699813842773,True,24,0,24,double,2.7173910789994715,163.0434647399683,JUMPING
250,10.0,202.71360778808594,113.33406829833984,3.522512197494507,False,17.515247344970703,False,25,0,25,double,2.6595743483496608,159.57446090097966,JUMPING
251,10.04,206.18838500976562,115.74378204345703,2.4420580863952637,False,15.924612998962402,False,25,0,25,double,2.6595743483496608,159.57446090097966,JUMPING
252,10.08,206.95570373535156,115.85018157958984,0.27184736728668213,False,14.802526473999023,False,25,0,25,double,2.6595743483496608,159.57446090097966,JUMPING
253,10.12,207.14334106445312,115.5147476196289,0.3406611680984497,False,14.586790084838867,False,25,0,25,double,2.6595743483496608,159.57446090097966,JUMPING
254,10.16,203.57847595214844,111.14227294921875,4.3939924240112305,False,15.137930870056152,False,25,0,25,double,2.6595743483496608,159.57446090097966,JUMPING
255,10.2,199.77667236328125,107.36995697021484,3.7731714248657227,False,16.769723892211914,True,25,0,25,double,2.6595743483496608,159.57446090097966,JUMPING
256,10.24,196.28965759277344,105.350830078125,2.044002056121826,False,17.51651954650879,True,25,0,25,double,2.6595743483496608,159.57446090097966,JUMPING
257,10.28,194.6678009033203,105.04632568359375,0.31207820773124695,False,17.857179641723633,True,25,0,25,double,2.6595743483496608,159.57446090097966,JUMPING
258,10.32,195.5198974609375,106.5686264038086,1.5259673595428467,False,17.42980194091797,True,25,0,25,double,2.6595743483496608,159.57446090097966,JUMPING
259,10.36,198.86195373535156,109.79833984375,3.2328388690948486,False,17.47898292541504,True,25,0,25,double,2.6595743483496608,159.57446090097966,JUMPING
260,10.4,203.511474609375,113.2513198852539,3.4587714672088623,False,16.502885818481445,False,26,0,26,double,2.604166644030354,156.24999864182124,JUMPING
261,10.44,206.64837646484375,115.42111206054688,2.187037706375122,False,15.88332748413086,False,26,0,26,double,2.604166644030354,156.24999864182124,JUMPING
262,10.48,206.7529754638672,114.62825775146484,0.8059940934181213,False,16.917463302612305,False,26,0,26,double,2.604166644030354,156.24999864182124,JUMPING
263,10.52,204.50616455078125,111.8441390991211,2.785198450088501,False,18.295209884643555,False,26,0,26,double,2.604166644030354,156.24999864182124,JUMPING
264,10.56,200.00350952148438,108.61013793945312,3.242582321166992,False,17.453617095947266,True,26,0,26,double,2.604166644030354,156.24999864182124,JUMPING
265,10.6,197.55491638183594,106.8820571899414,1.7382197380065918,False,17.26317024230957,True,26,0,26,double,2.604166644030354,156.24999864182124,JUMPING
266,10.64,195.85658264160156,105.61132049560547,1.3205909729003906,False,17.626976013183594,True,26,0,26,double,2.604166644030354,156.24999864182124,JUMPING
267,10.68,196.150390625,106.19695281982422,0.5912473797798157,False,18.670242309570312,True,26,0,26,double,2.604166644030354,156.24999864182124,JUMPING
268,10.72,198.41195678710938,108.4541244506836,2.2604446411132812,False,20.175901412963867,True,26,0,26,double,2.604166644030354,156.24999864182124,JUMPING
269,10.76,202.483642578125,112.2357406616211,3.783674478530884,False,18.88690948486328,True,26,0,26,double,2.604166644030354,156.24999864182124,JUMPING
270,10.8,206.18251037597656,115.36638641357422,3.130647897720337,False,17.524843215942383,False,27,0,27,double,2.6595743483496608,159.57446090097966,JUMPING
271,10.84,206.99432373046875,115.88826751708984,0.5392994284629822,False,17.143442153930664,False,27,0,27,double,2.6595743483496608,159.57446090097966,JUMPING
272,10.88,205.00677490234375,113.73558807373047,2.1738898754119873,False,18.076213836669922,True,27,0,27,double,2.6595743483496608,159.57446090097966,JUMPING
273,10.92,201.37881469726562,110.7616195678711,2.9814014434814453,False,18.247827529907227,True,27,0,27,double,2.6595743483496608,159.57446090097966,JUMPING
274,10.96,199.19927978515625,107.8333740234375,2.944188117980957,False,18.016340255737305,True,27,0,27,double,2.6595743483496608,159.57446090097966,JUMPING
275,11.0,197.8258514404297,106.4801254272461,1.3533037900924683,False,17.75508689880371,True,27,0,27,double,2.6595743483496608,159.57446090097966,JUMPING
276,11.04,197.01547241210938,106.3736343383789,0.2717638909816742,False,16.785642623901367,True,27,0,27,double,2.6595743483496608,159.57446090097966,JUMPING
277,11.08,197.95526123046875,108.03878021240234,1.6805996894836426,False,17.136554718017578,True,27,0,27,double,2.6595743483496608,159.57446090097966,JUMPING
278,11.12,198.03561401367188,109.13082885742188,1.0920532941818237,False,17.229585647583008,True,27,0,27,double,2.6595743483496608,159.57446090097966,JUMPING
279,11.16,203.03573608398438,113.30277252197266,4.171998977661133,False,16.14468765258789,False,28,0,28,double,2.604166644030354,156.24999864182124,JUMPING
280,11.2,205.97216796875,115.6099853515625,2.32812237739563,False,15.58604621887207,False,28,0,28,double,2.604166644030354,156.24999864182124,JUMPING
281,11.24,205.14370727539062,114.58039093017578,1.111327886581421,False,16.39626693725586,False,28,0,28,double,2.604166644030354,156.24999864182124,JUMPING
282,11.28,202.2511749267578,111.70362091064453,2.882704019546509,False,16.520883560180664,True,28,0,28,double,2.604166644030354,156.24999864182124,JUMPING
283,11.32,199.68496704101562,108.65637969970703,3.0659451484680176,False,16.91242027282715,True,28,0,28,double,2.604166644030354,156.24999864182124,JUMPING
284,11.36,198.0716552734375,106.93013763427734,1.729142189025879,False,17.568326950073242,True,28,0,28,double,2.604166644030354,156.24999864182124,JUMPING
285,11.4,196.32620239257812,105.72594451904297,1.2091957330703735,False,17.630765914916992,True,28,0,28,double,2.604166644030354,156.24999864182124,JUMPING
286,11.44,197.35244750976562,107.3559799194336,1.6343603134155273,False,16.671751022338867,True,28,0,28,double,2.604166644030354,156.24999864182124,JUMPING
287,11.48,199.66880798339844,110.3388442993164,2.983074188232422,False,15.847819328308105,False,29,0,29,double,2.65957561316125,159.574536789675,JUMPING
288,11.52,203.58392333984375,113.8148193359375,3.477572441101074,False,14.697484970092773,False,29,0,29,double,2.65957561316125,159.574536789675,JUMPING
289,11.56,206.23190307617188,115.502197265625,1.6894783973693848,False,14.656826972961426,False,29,0,29,double,2.65957561316125,159.574536789675,JUMPING
290,11.6,207.61318969726562,116.0934829711914,0.6034177541732788,False,14.527203559875488,False,29,0,29,double,2.65957561316125,159.574536789675,JUMPING
291,11.64,206.07241821289062,114.95037841796875,1.1486438512802124,False,15.38492202758789,False,29,0,29,double,2.65957561316125,159.574536789675,JUMPING
292,11.68,201.46435546875,111.47293853759766,3.5066075325012207,False,17.009382247924805,False,29,0,29,double,2.65957561316125,159.574536789675,JUMPING
293,11.72,198.57919311523438,109.33675384521484,2.1502461433410645,False,17.90179443359375,True,29,0,29,double,2.65957561316125,159.574536789675,JUMPING
294,11.76,197.15573120117188,108.5346450805664,0.8067776560783386,False,18.222116470336914,True,29,0,29,double,2.65957561316125,159.574536789675,JUMPING
295,11.8,196.53614807128906,108.42645263671875,0.130132794380188,False,18.03380012512207,True,29,0,29,double,2.65957561316125,159.574536789675,JUMPING
296,11.84,197.944580078125,109.55941772460938,1.1341314315795898,False,17.74579429626465,True,29,0,29,double,2.65957561316125,159.574536789675,JUMPING
297,11.88,202.721435546875,113.8762435913086,4.335597038269043,False,16.134077072143555,False,30,0,30,double,2.6595743483496608,159.57446090097966,JUMPING
298,11.92,205.2255401611328,116.0026626586914,2.1268720626831055,False,15.001241683959961,False,30,0,30,double,2.6595743483496608,159.57446090097966,JUMPING
299,11.96,205.124267578125,115.34280395507812,0.6602775454521179,False,15.616850852966309,False,30,0,30,double,2.6595743483496608,159.57446090097966,JUMPING
300,12.0,203.04144287109375,112.76317596435547,2.5935678482055664,False,16.983112335205078,True,30,0,30,double,2.6595743483496608,159.57446090097966,JUMPING
301,12.04,200.52532958984375,110.25821685791016,2.5050601959228516,False,17.199462890625,True,30,0,30,double,2.6595743483496608,159.57446090097966,JUMPING
302,12.08,198.2914581298828,108.52239227294922,1.740468144416809,False,16.810508728027344,True,30,0,30,double,2.6595743483496608,159.57446090097966,JUMPING
303,12.12,197.14797973632812,108.3473892211914,0.2178485244512558,False,15.979094505310059,True,30,0,30,double,2.6595743483496608,159.57446090097966,JUMPING
304,12.16,196.97756958007812,108.38201904296875,0.1278197169303894,False,15.047478675842285,True,30,0,30,double,2.6595743483496608,159.57446090097966,JUMPING
305,12.2,198.94140625,111.74687957763672,3.36562442779541,False,15.517644882202148,True,30,0,30,double,2.6595743483496608,159.57446090097966,JUMPING
306,12.24,202.9801025390625,115.41452026367188,3.67000675201416,False,15.048257827758789,False,31,0,31,double,2.7173910789994715,163.0434647399683,JUMPING
307,12.28,205.39004516601562,117.41535186767578,2.000849723815918,False,15.114668846130371,False,31,0,31,double,2.7173910789994715,163.0434647399683,JUMPING
308,12.32,207.09744262695312,118.15247344970703,0.7372688055038452,False,15.297381401062012,False,31,0,31,double,2.7173910789994715,163.0434647399683,JUMPING
309,12.36,205.0565185546875,114.93854522705078,3.213951349258423,False,16.160076141357422,False,31,0,31,double,2.7173910789994715,163.0434647399683,JUMPING
310,12.4,202.15101623535156,111.63360595703125,3.3053030967712402,False,15.891605377197266,True,31,0,31,double,2.7173910789994715,163.0434647399683,JUMPING
311,12.44,199.47177124023438,109.05657958984375,2.588421583175659,False,16.256074905395508,True,31,0,31,double,2.7173910789994715,163.0434647399683,JUMPING
312,12.48,197.97381591796875,108.201171875,0.8554240465164185,False,16.39849853515625,True,31,0,31,double,2.7173910789994715,163.0434647399683,JUMPING
313,12.52,198.1678009033203,109.1005630493164,0.8995333313941956,False,15.816027641296387,True,31,0,31,double,2.7173910789994715,163.0434647399683,JUMPING
314,12.56,200.80287170410156,111.64456176757812,2.5439987182617188,False,14.645344734191895,True,31,0,31,double,2.7173910789994715,163.0434647399683,JUMPING
315,12.6,202.48001098632812,113.17636108398438,1.5329569578170776,False,13.862407684326172,False,32,0,32,double,2.7777774374426563,166.66664624655937,JUMPING
316,12.64,206.6421356201172,115.48542022705078,2.309377670288086,False,14.309845924377441,False,32,0,32,double,2.7777774374426563,166.66664624655937,JUMPING
317,12.68,206.7501220703125,114.74004364013672,0.7535905838012695,False,15.016385078430176,False,32,0,32,double,2.7777774374426563,166.66664624655937,JUMPING
318,12.72,207.14532470703125,114.10628509521484,0.6568774580955505,False,14.955738067626953,False,32,0,32,double,2.7777774374426563,166.66664624655937,JUMPING
319,12.76,203.31512451171875,109.83411407470703,4.280555248260498,False,16.045421600341797,True,32,0,32,double,2.7777774374426563,166.66664624655937,JUMPING
320,12.8,199.8220672607422,106.74185943603516,3.096362352371216,False,17.627817153930664,True,32,0,32,double,2.7777774374426563,166.66664624655937,JUMPING
321,12.84,197.6536102294922,105.15746307373047,1.5845935344696045,False,18.60343360900879,True,32,0,32,double,2.7777774374426563,166.66664624655937,JUMPING
322,12.88,197.02645874023438,104.64444732666016,0.5464897751808167,False,18.598623275756836,True,32,0,32,double,2.7777774374426563,166.66664624655937,JUMPING
323,12.92,199.8094482421875,107.37149047851562,2.7277719974517822,False,18.624542236328125,True,32,0,32,double,2.7777774374426563,166.66664624655937,JUMPING
324,12.96,200.5413055419922,109.2298812866211,1.8586562871932983,False,18.0518798828125,True,32,0,32,double,2.7777774374426563,166.66664624655937,JUMPING
325,13.0,203.09568786621094,112.01592254638672,2.786348581314087,False,16.527477264404297,False,33,0,33,double,2.7173910789994715,163.0434647399683,JUMPING
326,13.04,205.7029266357422,113.05162811279297,1.0527002811431885,False,14.962691307067871,False,33,0,33,double,2.7173910789994715,163.0434647399683,JUMPING
327,13.08,204.8818817138672,111.2538070678711,1.8051259517669678,False,15.914366722106934,False,33,0,33,double,2.7173910789994715,163.0434647399683,JUMPING
328,13.12,202.37835693359375,108.44086456298828,2.8133654594421387,False,16.671945571899414,True,33,0,33,double,2.7173910789994715,163.0434647399683,JUMPING
329,13.16,200.35543823242188,106.8024673461914,1.6411713361740112,False,16.973188400268555,True,33,0,33,double,2.7173910789994715,163.0434647399683,JUMPING
330,13.2,197.94667053222656,105.36014556884766,1.4449888467788696,False,16.741456985473633,True,33,0,33,double,2.7173910789994715,163.0434647399683,JUMPING
331,13.24,197.11294555664062,105.43547821044922,0.14933082461357117,False,15.926966667175293,True,33,0,33,double,2.7173910789994715,163.0434647399683,JUMPING
332,13.28,198.48831176757812,107.10991668701172,1.6805685758590698,False,14.197431564331055,True,33,0,33,double,2.7173910789994715,163.0434647399683,JUMPING
333,13.32,201.25103759765625,110.35678100585938,3.248204469680786,False,14.27355670928955,False,34,0,34,double,2.7173910789994715,163.0434647399683,JUMPING
334,13.36,204.74656677246094,113.48440551757812,3.1277248859405518,False,13.904257774353027,False,34,0,34,double,2.7173910789994715,163.0434647399683,JUMPING
335,13.4,206.43014526367188,114.4283218383789,0.946628749370575,False,13.779173851013184,False,34,0,34,double,2.7173910789994715,163.0434647399683,JUMPING
336,13.44,205.89950561523438,113.1473617553711,1.2816604375839233,False,14.204612731933594,False,34,0,34,double,2.7173910789994715,163.0434647399683,JUMPING
337,13.48,202.75460815429688,110.6448745727539,2.5057239532470703,False,15.222073554992676,False,34,0,34,double,2.7173910789994715,163.0434647399683,JUMPING
338,13.52,199.86451721191406,108.05875396728516,2.5870323181152344,False,16.406124114990234,True,34,0,34,double,2.7173910789994715,163.0434647399683,JUMPING
339,13.56,198.0123291015625,106.5279312133789,1.5362623929977417,False,16.157962799072266,True,34,0,34,double,2.7173910789994715,163.0434647399683,JUMPING
340,13.6,197.634765625,106.21312713623047,0.3545365035533905,False,16.28510856628418,True,34,0,34,double,2.7173910789994715,163.0434647399683,JUMPING
341,13.64,199.31869506835938,107.64116668701172,1.4330167770385742,False,17.08761215209961,True,34,0,34,double,2.7173910789994715,163.0434647399683,JUMPING
342,13.68,202.4772186279297,110.6327896118164,2.9992783069610596,False,16.034343719482422,False,35,0,35,double,2.7777774374426563,166.66664624655937,JUMPING
343,13.72,206.01129150390625,113.59481811523438,2.965797185897827,False,15.36699104309082,False,35,0,35,double,2.7777774374426563,166.66664624655937,JUMPING
344,13.76,206.80288696289062,114.4526596069336,0.8610599637031555,False,13.724891662597656,False,35,0,35,double,2.7777774374426563,166.66664624655937,JUMPING
345,13.8,205.33718872070312,112.8889389038086,1.5672458410263062,False,14.470800399780273,False,35,0,35,double,2.7777774374426563,166.66664624655937,JUMPING
346,13.84,201.8861083984375,109.66668701171875,3.227262258529663,False,16.066404342651367,False,35,0,35,double,2.7777774374426563,166.66664624655937,JUMPING
347,13.88,198.7706756591797,106.73987579345703,2.9387834072113037,False,15.711722373962402,True,35,0,35,double,2.7777774374426563,166.66664624655937,JUMPING
348,13.92,196.7311553955078,104.79440307617188,1.958270788192749,False,16.141151428222656,True,35,0,35,double,2.7777774374426563,166.66664624655937,JUMPING
349,13.96,195.54246520996094,104.66925048828125,0.1843520998954773,False,15.642960548400879,True,35,0,35,double,2.7777774374426563,166.66664624655937,JUMPING
350,14.0,196.16964721679688,106.35650634765625,1.697450876235962,False,16.073333740234375,True,35,0,35,double,2.7777774374426563,166.66664624655937,JUMPING
351,14.04,199.31158447265625,109.1526870727539,2.799508810043335,False,15.63453197479248,False,36,0,36,double,2.7777774374426563,166.66664624655937,JUMPING
352,14.08,203.69334411621094,112.84146118164062,3.6934573650360107,False,15.206876754760742,False,36,0,36,double,2.7777774374426563,166.66664624655937,JUMPING
353,14.12,206.18885803222656,114.9490966796875,2.1076388359069824,False,14.828108787536621,False,36,0,36,double,2.7777774374426563,166.66664624655937,JUMPING
354,14.16,206.88760375976562,115.1427001953125,0.2225845456123352,False,14.724228858947754,False,36,0,36,double,2.7777774374426563,166.66664624655937,JUMPING
355,14.2,206.76795959472656,114.7601318359375,0.4474623501300812,False,14.641703605651855,False,36,0,36,double,2.7777774374426563,166.66664624655937,JUMPING
356,14.24,205.0646514892578,112.48636627197266,2.2821896076202393,False,14.821969032287598,False,36,0,36,double,2.7777774374426563,166.66664624655937,JUMPING
357,14.28,200.68077087402344,108.7723388671875,3.7178547382354736,False,15.928167343139648,True,36,0,36,double,2.7777774374426563,166.66664624655937,JUMPING
358,14.32,198.00875854492188,106.71308135986328,2.0615761280059814,False,16.71551513671875,True,36,0,36,double,2.7777774374426563,166.66664624655937,JUMPING
359,14.36,196.23330688476562,105.7928466796875,0.9258490204811096,False,16.400781631469727,True,36,0,36,double,2.7777774374426563,166.66664624655937,JUMPING
360,14.4,197.5750732421875,108.06880950927734,2.343038558959961,False,15.383439064025879,True,36,0,36,double,2.7777774374426563,166.66664624655937,JUMPING
361,14.44,201.2867889404297,111.25501251220703,3.2314109802246094,False,14.690857887268066,False,37,0,37,double,2.7173923994005196,163.0435439640312,JUMPING
362,14.48,205.10891723632812,113.37274169921875,2.1200082302093506,False,14.673212051391602,False,37,0,37,double,2.7173923994005196,163.0435439640312,JUMPING
363,14.52,206.014892578125,113.41846466064453,0.07938534021377563,False,14.508332252502441,False,37,0,37,double,2.7173923994005196,163.0435439640312,JUMPING
364,14.56,206.366943359375,113.22985076904297,0.19504953920841217,False,14.376508712768555,False,37,0,37,double,2.7173923994005196,163.0435439640312,JUMPING
365,14.6,203.35513305664062,109.78815460205078,3.441793203353882,False,14.567553520202637,False,37,0,37,double,2.7173923994005196,163.0435439640312,JUMPING
366,14.64,200.2325897216797,107.02413177490234,2.7640230655670166,False,15.228630065917969,True,37,0,37,double,2.7173923994005196,163.0435439640312,JUMPING
367,14.68,197.7836456298828,105.98568725585938,1.0491483211517334,False,15.67654037475586,True,37,0,37,double,2.7173923994005196,163.0435439640312,JUMPING
368,14.72,196.5831298828125,105.6634521484375,0.33174198865890503,False,15.711447715759277,True,37,0,37,double,2.7173923994005196,163.0435439640312,JUMPING
369,14.76,198.38165283203125,108.14820098876953,2.5874626636505127,False,15.418701171875,True,37,0,37,double,2.7173923994005196,163.0435439640312,JUMPING
370,14.8,199.60122680664062,109.71800994873047,1.6137726306915283,False,15.185260772705078,True,37,0,37,double,2.7173923994005196,163.0435439640312,JUMPING
371,14.84,203.88909912109375,112.55345916748047,2.8512935638427734,False,14.555951118469238,False,38,0,38,double,2.7173910789994715,163.0434647399683,JUMPING
372,14.88,204.48171997070312,112.756103515625,0.3252284526824951,False,14.96251106262207,False,38,0,38,double,2.7173910789994715,163.0434647399683,JUMPING
373,14.92,202.704345703125,110.82373046875,1.935766577720642,False,16.033315658569336,False,38,0,38,double,2.7173910789994715,163.0434647399683,JUMPING
374,14.96,200.26451110839844,108.25469207763672,2.5692198276519775,False,15.942290306091309,True,38,0,38,double,2.7173910789994715,163.0434647399683,JUMPING
375,15.0,197.68804931640625,106.03518676757812,2.2308735847473145,False,17.227144241333008,True,38,0,38,double,2.7173910789994715,163.0434647399683,JUMPING
376,15.04,195.92880249023438,105.1443862915039,0.9066228270530701,False,18.336122512817383,True,38,0,38,double,2.7173910789994715,163.0434647399683,JUMPING
377,15.08,196.04611206054688,105.81048583984375,0.6739550232887268,False,18.54747772216797,True,38,0,38,double,2.7173910789994715,163.0434647399683,JUMPING
378,15.12,197.81219482421875,108.20137786865234,2.393707513809204,False,17.56385612487793,True,38,0,38,double,2.7173910789994715,163.0434647399683,JUMPING
379,15.16,198.9629669189453,109.70305633544922,1.5049819946289062,False,16.91509246826172,True,38,0,38,double,2.7173910789994715,163.0434647399683,JUMPING
380,15.2,202.59878540039062,112.19608306884766,2.4971866607666016,False,15.357403755187988,False,39,0,39,double,2.6595743483496608,159.57446090097966,JUMPING
381,15.24,204.57452392578125,113.36090087890625,1.1737343072891235,False,14.69322681427002,False,39,0,39,double,2.6595743483496608,159.57446090097966,JUMPING
382,15.28,205.5492401123047,113.91754150390625,0.6463903188705444,False,14.167105674743652,False,39,0,39,double,2.6595743483496608,159.57446090097966,JUMPING
383,15.32,203.86288452148438,112.2861099243164,1.6375540494918823,False,15.039569854736328,False,39,0,39,double,2.6595743483496608,159.57446090097966,JUMPING
384,15.36,200.57498168945312,109.04788970947266,3.239875555038452,False,16.312570571899414,True,39,0,39,double,2.6595743483496608,159.57446090097966,JUMPING
385,15.4,198.4859161376953,107.31319427490234,1.736782193183899,False,16.652883529663086,True,39,0,39,double,2.6595743483496608,159.57446090097966,JUMPING
386,15.44,198.30859375,107.6893081665039,0.4086526036262512,False,14.317763328552246,True,39,0,39,double,2.6595743483496608,159.57446090097966,JUMPING
387,15.48,199.08615112304688,109.49246978759766,1.8060028553009033,False,14.877941131591797,True,39,0,39,double,2.6595743483496608,159.57446090097966,JUMPING
388,15.52,202.49319458007812,112.59124755859375,3.1080141067504883,False,14.36331558227539,False,40,0,40,double,2.7173910789994715,163.0434647399683,JUMPING
389,15.56,204.4108428955078,114.3889389038086,1.7979425191879272,False,14.275182723999023,False,40,0,40,double,2.7173910789994715,163.0434647399683,JUMPING
390,15.6,205.1588134765625,114.20092010498047,0.1912563592195511,False,14.128222465515137,False,40,0,40,double,2.7173910789994715,163.0434647399683,JUMPING
391,15.64,204.51339721679688,111.68077850341797,2.5272154808044434,False,14.520783424377441,False,40,0,40,double,2.7173910789994715,163.0434647399683,JUMPING
392,15.68,203.85726928710938,110.24483489990234,1.436081886291504,False,14.866735458374023,False,40,0,40,double,2.7173910789994715,163.0434647399683,JUMPING
393,15.72,200.228515625,107.1969985961914,3.0713016986846924,False,14.78542709350586,True,40,0,40,double,2.7173910789994715,163.0434647399683,JUMPING
394,15.76,198.41929626464844,105.5378646850586,1.6727657318115234,False,15.169014930725098,True,40,0,40,double,2.7173910789994715,163.0434647399683,JUMPING
395,15.8,197.17245483398438,106.0015869140625,0.5585607290267944,False,15.022241592407227,True,40,0,40,double,2.7173910789994715,163.0434647399683,JUMPING
396,15.84,196.55596923828125,106.61139678955078,0.6523404717445374,False,14.853899002075195,True,40,0,40,double,2.7173910789994715,163.0434647399683,JUMPING
397,15.88,200.9002685546875,110.61343383789062,4.043302059173584,False,14.818580627441406,False,41,0,41,double,2.7173910789994715,163.0434647399683,JUMPING
398,15.92,204.62252807617188,113.72086334228516,3.1332805156707764,False,14.96048355102539,False,41,0,41,double,2.7173910789994715,163.0434647399683,JUMPING
399,15.96,205.27459716796875,114.12481689453125,0.46494603157043457,False,14.990306854248047,False,41,0,41,double,2.7173910789994715,163.0434647399683,JUMPING
400,16.0,205.64698791503906,114.04753875732422,0.09199079871177673,False,14.902054786682129,False,41,0,41,double,2.7173910789994715,163.0434647399683,JUMPING
401,16.04,203.45947265625,112.03812408447266,2.044689893722534,False,16.05704689025879,False,41,0,41,double,2.7173910789994715,163.0434647399683,JUMPING
402,16.08,199.98390197753906,108.43058013916016,3.6262831687927246,False,15.897518157958984,True,41,0,41,double,2.7173910789994715,163.0434647399683,JUMPING
403,16.12,197.97158813476562,106.3931655883789,2.044393301010132,False,15.236061096191406,True,41,0,41,double,2.7173910789994715,163.0434647399683,JUMPING
404,16.16,197.8104248046875,106.47003936767578,0.17387674748897552,False,15.617549896240234,True,41,0,41,double,2.7173910789994715,163.0434647399683,JUMPING
405,16.2,199.3419647216797,108.18767547607422,1.7337307929992676,False,15.597552299499512,True,41,0,41,double,2.7173910789994715,163.0434647399683,JUMPING
406,16.24,202.085205078125,111.38899993896484,3.2038753032684326,False,15.297979354858398,False,42,0,42,double,2.7777774374426563,166.66664624655937,JUMPING
407,16.28,203.83328247070312,113.18645477294922,1.7975095510482788,False,15.41629409790039,False,42,0,42,double,2.7777774374426563,166.66664624655937,JUMPING
408,16.32,205.8923797607422,113.71686553955078,0.6566715836524963,False,15.233185768127441,False,42,0,42,double,2.7777774374426563,166.66664624655937,JUMPING
409,16.36,206.61276245117188,113.79085540771484,0.2669878900051117,False,15.146775245666504,False,42,0,42,double,2.7777774374426563,166.66664624655937,JUMPING
410,16.4,203.38162231445312,110.2030029296875,3.610755681991577,False,15.30286979675293,False,42,0,42,double,2.7777774374426563,166.66664624655937,JUMPING
411,16.44,200.595703125,107.2900161743164,2.9316513538360596,False,15.203866958618164,True,42,0,42,double,2.7777774374426563,166.66664624655937,JUMPING
412,16.48,198.46051025390625,105.7204360961914,1.5700666904449463,False,15.513006210327148,True,42,0,42,double,2.7777774374426563,166.66664624655937,JUMPING
413,16.52,197.8599853515625,105.97124481201172,0.25190427899360657,False,15.96453857421875,True,42,0,42,double,2.7777774374426563,166.66664624655937,JUMPING
414,16.56,198.66253662109375,107.95221710205078,1.988910436630249,False,15.840974807739258,True,42,0,42,double,2.7777774374426563,166.66664624655937,JUMPING
415,16.6,201.32984924316406,111.34246826171875,3.3915579319000244,False,16.502819061279297,True,42,0,42,double,2.7777774374426563,166.66664624655937,JUMPING
416,16.64,205.234375,114.53609466552734,3.1936285495758057,False,15.640902519226074,False,43,0,43,double,2.7777790471365336,166.666742828192,JUMPING
417,16.68,207.33285522460938,115.5878677368164,1.0517735481262207,False,15.69726276397705,False,43,0,43,double,2.7777790471365336,166.666742828192,JUMPING
418,16.72,206.67416381835938,113.68331146240234,1.9047034978866577,False,15.779074668884277,False,43,0,43,double,2.7777790471365336,166.666742828192,JUMPING
419,16.76,203.8663330078125,110.8123779296875,2.872466802597046,False,16.375131607055664,False,43,0,43,double,2.7777790471365336,166.666742828192,JUMPING
420,16.8,201.39686584472656,108.06761932373047,2.744760036468506,False,16.60530662536621,True,43,0,43,double,2.7777790471365336,166.666742828192,JUMPING
421,16.84,198.36929321289062,106.38943481445312,1.70365309715271,False,16.926158905029297,True,43,0,43,double,2.7777790471365336,166.666742828192,JUMPING
422,16.88,197.63905334472656,106.2472915649414,0.14259041845798492,False,17.204118728637695,True,43,0,43,double,2.7777790471365336,166.666742828192,JUMPING
423,16.92,198.24502563476562,108.04084014892578,1.8249156475067139,False,18.019235610961914,True,43,0,43,double,2.7777790471365336,166.666742828192,JUMPING
424,16.96,200.47271728515625,111.67444610595703,3.6336069107055664,False,17.869173049926758,True,43,0,43,double,2.7777790471365336,166.666742828192,JUMPING
425,17.0,203.87779235839844,114.92365264892578,3.270416736602783,False,16.562458038330078,False,44,0,44,double,2.7777774374426563,166.66664624655937,JUMPING
426,17.04,206.647705078125,116.51214599609375,1.588562250137329,False,16.051477432250977,False,44,0,44,double,2.7777774374426563,166.66664624655937,JUMPING
427,17.08,206.78485107421875,115.05821990966797,1.4676513671875,False,16.477283477783203,False,44,0,44,double,2.7777774374426563,166.66664624655937,JUMPING
428,17.12,204.5504608154297,112.1103286743164,2.9527244567871094,False,16.480979919433594,False,44,0,44,double,2.7777774374426563,166.66664624655937,JUMPING
429,17.16,201.73004150390625,109.026611328125,3.0885324478149414,False,15.463380813598633,True,44,0,44,double,2.7777774374426563,166.66664624655937,JUMPING
430,17.2,199.2782745361328,106.90560913085938,2.121041774749756,False,15.330711364746094,True,44,0,44,double,2.7777774374426563,166.66664624655937,JUMPING
431,17.24,197.50704956054688,106.3805160522461,0.6171749234199524,False,15.258304595947266,True,44,0,44,double,2.7777774374426563,166.66664624655937,JUMPING
432,17.28,198.4687042236328,107.15900421142578,0.8286383748054504,False,14.583134651184082,True,44,0,44,double,2.7777774374426563,166.66664624655937,JUMPING
433,17.32,200.808349609375,109.62628173828125,2.509455919265747,False,14.95131778717041,True,44,0,44,double,2.7777774374426563,166.66664624655937,JUMPING
434,17.36,204.31617736816406,112.935546875,3.3790183067321777,False,14.673929214477539,False,45,0,45,double,2.7173910789994715,163.0434647399683,JUMPING
435,17.4,207.25750732421875,115.1210708618164,2.2769293785095215,False,14.65286922454834,False,45,0,45,double,2.7173910789994715,163.0434647399683,JUMPING
436,17.44,207.12521362304688,114.88580322265625,0.2379857450723648,False,14.861709594726562,False,45,0,45,double,2.7173910789994715,163.0434647399683,JUMPING
437,17.48,204.92007446289062,112.4355239868164,2.4571421146392822,False,15.378349304199219,False,45,0,45,double,2.7173910789994715,163.0434647399683,JUMPING
438,17.52,202.08106994628906,109.27493286132812,3.167783737182617,False,15.240202903747559,False,45,0,45,double,2.7173910789994715,163.0434647399683,JUMPING
439,17.56,199.2622528076172,106.55675506591797,2.7264389991760254,False,15.140716552734375,True,45,0,45,double,2.7173910789994715,163.0434647399683,JUMPING
440,17.6,197.56121826171875,105.07073974609375,1.5536894798278809,False,15.344242095947266,True,45,0,45,double,2.7173910789994715,163.0434647399683,JUMPING
441,17.64,197.23233032226562,105.06958770751953,0.5675594806671143,False,15.463886260986328,True,45,0,45,double,2.7173910789994715,163.0434647399683,JUMPING
442,17.68,198.5257568359375,107.42581176757812,2.39621901512146,False,15.434523582458496,True,45,0,45,double,2.7173910789994715,163.0434647399683,JUMPING
443,17.72,201.82833862304688,111.26622772216797,3.8931939601898193,False,15.05056381225586,False,46,0,46,double,2.7173923994005196,163.0435439640312,JUMPING
444,17.76,205.8691864013672,114.06330108642578,2.834940195083618,False,13.944836616516113,False,46,0,46,double,2.7173923994005196,163.0435439640312,JUMPING
445,17.8,207.35769653320312,114.82157135009766,0.7662469744682312,False,13.445015907287598,False,46,0,46,double,2.7173923994005196,163.0435439640312,JUMPING
446,17.84,206.07101440429688,113.0046157836914,1.8247451782226562,False,15.026729583740234,False,46,0,46,double,2.7173923994005196,163.0435439640312,JUMPING
447,17.88,203.7052459716797,110.29451751708984,2.7176077365875244,False,15.354165077209473,False,46,0,46,double,2.7173923994005196,163.0435439640312,JUMPING
448,17.92,200.9297637939453,107.5294418334961,2.7760303020477295,False,14.208235740661621,True,46,0,46,double,2.7173923994005196,163.0435439640312,JUMPING
449,17.96,198.08554077148438,105.63681030273438,1.8930394649505615,False,15.422325134277344,True,46,0,46,double,2.7173923994005196,163.0435439640312,JUMPING
450,18.0,197.71530151367188,105.47650146484375,0.181509867310524,False,15.98263931274414,True,46,0,46,double,2.7173923994005196,163.0435439640312,JUMPING
451,18.04,199.322998046875,106.95211029052734,1.4841320514678955,False,15.322376251220703,True,46,0,46,double,2.7173923994005196,163.0435439640312,JUMPING
452,18.08,202.3036346435547,110.27912139892578,3.3343710899353027,False,15.7111234664917,False,47,0,47,double,2.7173910789994715,163.0434647399683,JUMPING
453,18.12,206.11367797851562,113.67964935302734,3.4005634784698486,False,15.361047744750977,False,47,0,47,double,2.7173910789994715,163.0434647399683,JUMPING
454,18.16,208.35723876953125,115.50432586669922,1.8254574537277222,False,15.188714981079102,False,47,0,47,double,2.7173910789994715,163.0434647399683,JUMPING
455,18.2,208.2381591796875,114.54146575927734,0.9652449488639832,False,16.056306838989258,False,47,0,47,double,2.7173910789994715,163.0434647399683,JUMPING
456,18.24,205.16152954101562,111.6307601928711,2.926941394805908,False,17.04316520690918,False,47,0,47,double,2.7173910789994715,163.0434647399683,JUMPING
457,18.28,201.34356689453125,108.3136215209961,3.3204643726348877,False,17.150836944580078,True,47,0,47,double,2.7173910789994715,163.0434647399683,JUMPING
458,18.32,198.4065399169922,105.8659439086914,2.447723150253296,False,17.005775451660156,True,47,0,47,double,2.7173910789994715,163.0434647399683,JUMPING
459,18.36,197.31460571289062,105.20599365234375,0.6600313186645508,False,16.383617401123047,True,47,0,47,double,2.7173910789994715,163.0434647399683,JUMPING
460,18.4,198.34609985351562,106.21553802490234,1.0208289623260498,False,15.919060707092285,True,47,0,47,double,2.7173910789994715,163.0434647399683,JUMPING
461,18.44,200.263427734375,108.97859954833984,2.7936558723449707,False,16.348670959472656,True,47,0,47,double,2.7173910789994715,163.0434647399683,JUMPING
462,18.48,203.65481567382812,112.8404769897461,3.8620121479034424,False,15.928589820861816,False,48,0,48,double,2.7173910789994715,163.0434647399683,JUMPING
463,18.52,206.4762725830078,115.43170166015625,2.628284454345703,False,15.44790267944336,False,48,0,48,double,2.7173910789994715,163.0434647399683,JUMPING
464,18.56,206.97421264648438,115.95821380615234,0.8672357797622681,False,15.16030502319336,False,48,0,48,double,2.7173910789994715,163.0434647399683,JUMPING
465,18.6,204.7532501220703,113.7106704711914,2.424539566040039,False,16.472063064575195,False,48,0,48,double,2.7173910789994715,163.0434647399683,JUMPING
466,18.64,202.08407592773438,110.18423461914062,3.602996826171875,False,16.912559509277344,True,48,0,48,double,2.7173910789994715,163.0434647399683,JUMPING
467,18.68,198.63497924804688,107.041259765625,3.2233288288116455,False,17.119823455810547,True,48,0,48,double,2.7173910789994715,163.0434647399683,JUMPING
468,18.72,196.7158203125,105.54708862304688,1.502738118171692,False,17.2469539642334,True,48,0,48,double,2.7173910789994715,163.0434647399683,JUMPING
469,18.76,196.92091369628906,105.52642059326172,0.23506413400173187,False,17.038818359375,True,48,0,48,double,2.7173910789994715,163.0434647399683,JUMPING
470,18.8,196.797119140625,105.97159576416016,0.46016475558280945,False,16.98151969909668,True,48,0,48,double,2.7173910789994715,163.0434647399683,JUMPING
471,18.84,200.58950805664062,109.73242950439453,3.761868953704834,False,16.989229202270508,True,48,0,48,double,2.7173910789994715,163.0434647399683,JUMPING
472,18.88,204.93873596191406,113.2256851196289,3.4934160709381104,False,16.14842987060547,False,49,0,49,double,2.65957561316125,159.574536789675,JUMPING
473,18.92,206.89959716796875,114.65313720703125,1.4323925971984863,False,15.810890197753906,False,49,0,49,double,2.65957561316125,159.574536789675,JUMPING
474,18.96,205.91778564453125,113.61261749267578,1.047950267791748,False,17.329593658447266,False,49,0,49,double,2.65957561316125,159.574536789675,JUMPING
475,19.0,203.89669799804688,111.11827850341797,2.5109806060791016,False,17.795848846435547,False,49,0,49,double,2.65957561316125,159.574536789675,JUMPING
476,19.04,200.56838989257812,108.48247528076172,2.6374008655548096,False,17.702951431274414,True,49,0,49,double,2.65957561316125,159.574536789675,JUMPING
477,19.08,197.96365356445312,106.73260498046875,1.7498719692230225,False,17.092864990234375,True,49,0,49,double,2.65957561316125,159.574536789675,JUMPING
478,19.12,196.77967834472656,106.68082427978516,0.19440095126628876,False,17.062070846557617,True,49,0,49,double,2.65957561316125,159.574536789675,JUMPING
479,19.16,197.4742889404297,108.37096405029297,1.696374773979187,False,16.63237953186035,True,49,0,49,double,2.65957561316125,159.574536789675,JUMPING
480,19.2,200.28729248046875,111.67435455322266,3.3036632537841797,False,16.11314582824707,True,49,0,49,double,2.65957561316125,159.574536789675,JUMPING
481,19.24,204.11334228515625,114.52906036376953,2.871443510055542,False,15.263343811035156,False,50,0,50,double,2.65957561316125,159.574536789675,JUMPING
482,19.28,206.62026977539062,115.93158721923828,1.4089961051940918,False,14.654803276062012,False,50,0,50,double,2.65957561316125,159.574536789675,JUMPING
483,19.32,206.0109100341797,114.6922378540039,1.242917776107788,False,14.263188362121582,False,50,0,50,double,2.65957561316125,159.574536789675,JUMPING
484,19.36,205.36520385742188,113.8170166015625,0.8802019953727722,False,14.830839157104492,False,50,0,50,double,2.65957561316125,159.574536789675,JUMPING
485,19.4,201.4980926513672,110.0442123413086,3.7728278636932373,False,14.963987350463867,True,50,0,50,double,2.65957561316125,159.574536789675,JUMPING
486,19.44,198.46359252929688,107.50296783447266,2.5414533615112305,False,16.221012115478516,True,50,0,50,double,2.65957561316125,159.574536789675,JUMPING
487,19.48,197.0892333984375,106.24243927001953,1.2608442306518555,False,16.650087356567383,True,50,0,50,double,2.65957561316125,159.574536789675,JUMPING
488,19.52,198.35800170898438,107.31795501708984,1.0765440464019775,False,16.92308235168457,True,50,0,50,double,2.65957561316125,159.574536789675,JUMPING
489,19.56,200.75894165039062,109.9293212890625,2.6198136806488037,False,16.67510223388672,False,51,0,51,double,2.7173910789994715,163.0434647399683,JUMPING
490,19.6,202.06289672851562,111.54269409179688,1.6161857843399048,False,16.773834228515625,False,51,0,51,double,2.7173910789994715,163.0434647399683,JUMPING
491,19.64,205.91839599609375,114.02942657470703,2.488637924194336,False,15.892478942871094,False,51,0,51,double,2.7173910789994715,163.0434647399683,JUMPING
492,19.68,207.84945678710938,115.4471435546875,1.4184010028839111,False,15.47939395904541,False,51,0,51,double,2.7173910789994715,163.0434647399683,JUMPING
493,19.72,204.620361328125,112.3541030883789,3.127716541290283,False,16.390539169311523,False,51,0,51,double,2.7173910789994715,163.0434647399683,JUMPING
494,19.76,202.5708770751953,110.40777587890625,1.978536605834961,False,17.088943481445312,False,51,0,51,double,2.7173910789994715,163.0434647399683,JUMPING
495,19.8,199.12319946289062,107.94147491455078,2.4663009643554688,False,16.103469848632812,True,51,0,51,double,2.7173910789994715,163.0434647399683,JUMPING
496,19.84,196.38003540039062,106.57122802734375,1.4278723001480103,False,16.122356414794922,True,51,0,51,double,2.7173910789994715,163.0434647399683,JUMPING
497,19.88,195.06126403808594,106.1948013305664,0.3767549693584442,False,15.73617172241211,True,51,0,51,double,2.7173910789994715,163.0434647399683,JUMPING
498,19.92,198.628662109375,108.88958740234375,2.7145254611968994,False,15.889636039733887,True,51,0,51,double,2.7173910789994715,163.0434647399683,JUMPING
499,19.96,202.48660278320312,112.75680541992188,3.8728373050689697,False,15.621115684509277,False,52,0,52,double,2.65957561316125,159.574536789675,JUMPING
500,20.0,206.66265869140625,115.42691802978516,2.672511577606201,False,14.86370849609375,False,52,0,52,double,2.65957561316125,159.574536789675,JUMPING
501,20.04,207.76072692871094,115.526611328125,0.17353127896785736,False,15.293781280517578,False,52,0,52,double,2.65957561316125,159.574536789675,JUMPING
502,20.08,204.84693908691406,113.223388671875,2.307710647583008,False,15.180987358093262,False,52,0,52,double,2.65957561316125,159.574536789675,JUMPING
503,20.12,202.92892456054688,111.76502227783203,1.460608720779419,False,15.310203552246094,False,52,0,52,double,2.65957561316125,159.574536789675,JUMPING
504,20.16,199.0568084716797,108.13297271728516,3.7204389572143555,False,15.494860649108887,True,52,0,52,double,2.65957561316125,159.574536789675,JUMPING
505,20.2,196.486572265625,106.15872955322266,2.0311930179595947,False,15.80614185333252,True,52,0,52,double,2.65957561316125,159.574536789675,JUMPING
506,20.24,196.11004638671875,106.09371185302734,0.2586337924003601,False,16.21578598022461,True,52,0,52,double,2.65957561316125,159.574536789675,JUMPING
507,20.28,197.549560546875,108.0534896850586,1.9616611003875732,False,15.427201271057129,True,52,0,52,double,2.65957561316125,159.574536789675,JUMPING
508,20.32,200.8935546875,111.43927001953125,3.385875940322876,False,15.729809761047363,True,52,0,52,double,2.65957561316125,159.574536789675,JUMPING
509,20.36,202.5896453857422,113.2491226196289,1.8101112842559814,False,16.02548599243164,False,53,0,53,double,2.65957287273766,159.5743723642596,JUMPING
510,20.4,205.96533203125,115.03524017333984,1.7897309064865112,False,15.040637016296387,False,53,0,53,double,2.65957287273766,159.5743723642596,JUMPING
511,20.44,205.68914794921875,113.81949615478516,1.2167571783065796,False,15.00265121459961,False,53,0,53,double,2.65957287273766,159.5743723642596,JUMPING
512,20.48,203.88458251953125,111.41008758544922,2.4235475063323975,False,16.0903263092041,False,53,0,53,double,2.65957287273766,159.5743723642596,JUMPING
513,20.52,201.04754638671875,108.53104400634766,2.879063844680786,False,14.96929931640625,True,53,0,53,double,2.65957287273766,159.5743723642596,JUMPING
514,20.56,198.33514404296875,106.60147857666016,1.9373732805252075,False,15.7205228805542,True,53,0,53,double,2.65957287273766,159.5743723642596,JUMPING
515,20.6,196.92434692382812,106.13665008544922,0.5189387798309326,False,14.816414833068848,True,53,0,53,double,2.65957287273766,159.5743723642596,JUMPING
516,20.64,197.26657104492188,107.38845825195312,1.2957180738449097,False,14.05643367767334,True,53,0,53,double,2.65957287273766,159.5743723642596,JUMPING
517,20.68,197.6886749267578,108.331787109375,0.9741101264953613,False,13.61970329284668,True,53,0,53,double,2.65957287273766,159.5743723642596,JUMPING
518,20.72,202.5888671875,112.33524322509766,4.0151143074035645,False,13.513452529907227,False,54,0,54,double,2.7173910789994715,163.0434647399683,JUMPING
519,20.76,206.04666137695312,114.39163970947266,2.0663771629333496,False,13.665192604064941,False,54,0,54,double,2.7173910789994715,163.0434647399683,JUMPING
520,20.8,207.64234924316406,115.57937622070312,1.2072358131408691,False,13.415328025817871,False,54,0,54,double,2.7173910789994715,163.0434647399683,JUMPING
521,20.84,205.40524291992188,112.2005615234375,3.3790385723114014,False,14.183479309082031,False,54,0,54,double,2.7173910789994715,163.0434647399683,JUMPING
522,20.88,203.15440368652344,110.00098419189453,2.1998751163482666,False,14.344121932983398,False,54,0,54,double,2.7173910789994715,163.0434647399683,JUMPING
523,20.92,199.09295654296875,106.6300048828125,3.3766226768493652,False,15.175594329833984,True,54,0,54,double,2.7173910789994715,163.0434647399683,JUMPING
524,20.96,196.88414001464844,104.70850372314453,1.9220490455627441,False,15.284832000732422,True,54,0,54,double,2.7173910789994715,163.0434647399683,JUMPING
525,21.0,196.56063842773438,104.81925201416016,0.11233500391244888,False,15.253189086914062,True,54,0,54,double,2.7173910789994715,163.0434647399683,JUMPING
526,21.04,196.4248504638672,105.3966064453125,0.5826223492622375,False,14.415017127990723,True,54,0,54,double,2.7173910789994715,163.0434647399683,JUMPING
527,21.08,200.44500732421875,109.79360961914062,4.397322654724121,False,14.720108985900879,False,55,0,55,double,2.7173910789994715,163.0434647399683,JUMPING
528,21.12,205.0675048828125,113.40776824951172,3.614222764968872,False,14.688128471374512,False,55,0,55,double,2.7173910789994715,163.0434647399683,JUMPING
529,21.16,207.30703735351562,114.73516082763672,1.38914954662323,False,13.829511642456055,False,55,0,55,double,2.7173910789994715,163.0434647399683,JUMPING
530,21.2,206.23358154296875,112.87865447998047,2.0283045768737793,False,13.872842788696289,False,55,0,55,double,2.7173910789994715,163.0434647399683,JUMPING
531,21.24,202.82559204101562,110.10242462158203,2.9171228408813477,False,15.293696403503418,False,55,0,55,double,2.7173910789994715,163.0434647399683,JUMPING
532,21.28,199.44961547851562,107.77703857421875,2.418994903564453,False,16.235239028930664,True,55,0,55,double,2.7173910789994715,163.0434647399683,JUMPING
533,21.32,196.368408203125,105.92388153076172,1.8908501863479614,False,17.304519653320312,True,55,0,55,double,2.7173910789994715,163.0434647399683,JUMPING
534,21.36,194.91830444335938,105.15801239013672,0.7925969362258911,False,17.750953674316406,True,55,0,55,double,2.7173910789994715,163.0434647399683,JUMPING
535,21.4,195.55557250976562,106.52967071533203,1.385805368423462,False,17.05156707763672,True,55,0,55,double,2.7173910789994715,163.0434647399683,JUMPING
536,21.44,198.14697265625,109.45716094970703,2.9279463291168213,False,17.44099998474121,True,55,0,55,double,2.7173910789994715,163.0434647399683,JUMPING
537,21.48,199.735107421875,111.06954193115234,1.6125108003616333,False,17.76153564453125,True,55,0,55,double,2.7173910789994715,163.0434647399683,JUMPING
538,21.52,205.01126098632812,114.8584976196289,3.7890095710754395,False,16.39423179626465,False,56,0,56,double,2.551019117267822,153.06114703606931,JUMPING
539,21.56,208.034423828125,116.7642593383789,1.9057729244232178,False,15.815555572509766,False,56,0,56,double,2.551019117267822,153.06114703606931,JUMPING
540,21.6,206.30908203125,114.1522445678711,2.639650821685791,False,16.542617797851562,False,56,0,56,double,2.551019117267822,153.06114703606931,JUMPING
541,21.64,202.9462890625,110.5821533203125,3.5919229984283447,False,17.56610107421875,False,56,0,56,double,2.551019117267822,153.06114703606931,JUMPING
542,21.68,200.7057342529297,108.48577117919922,2.1086583137512207,False,17.931076049804688,True,56,0,56,double,2.551019117267822,153.06114703606931,JUMPING
543,21.72,197.4742431640625,106.32877349853516,2.160304069519043,False,19.250947952270508,True,56,0,56,double,2.551019117267822,153.06114703606931,JUMPING
544,21.76,196.07354736328125,105.9957046508789,0.33748915791511536,False,20.17298126220703,True,56,0,56,double,2.551019117267822,153.06114703606931,JUMPING
545,21.8,195.15606689453125,106.06958770751953,0.07490846514701843,False,19.795394897460938,True,56,0,56,double,2.551019117267822,153.06114703606931,JUMPING
546,21.84,198.58355712890625,109.72286224365234,3.6554784774780273,False,19.633529663085938,True,56,0,56,double,2.551019117267822,153.06114703606931,JUMPING
547,21.88,203.10194396972656,113.99029541015625,4.272761344909668,False,17.97488784790039,True,56,0,56,double,2.551019117267822,153.06114703606931,JUMPING
548,21.92,205.60086059570312,116.1488265991211,2.1733109951019287,False,17.025114059448242,False,57,0,57,double,2.551019117267822,153.06114703606931,JUMPING
549,21.96,206.79989624023438,116.0036392211914,0.4482300579547882,False,16.17180061340332,False,57,0,57,double,2.551019117267822,153.06114703606931,JUMPING
550,22.0,205.19137573242188,113.31627655029297,2.755350351333618,False,15.929019927978516,False,57,0,57,double,2.551019117267822,153.06114703606931,JUMPING
551,22.04,204.16903686523438,111.36089324951172,2.0053815841674805,False,15.670533180236816,False,57,0,57,double,2.551019117267822,153.06114703606931,JUMPING
552,22.08,199.04986572265625,107.39942169189453,4.036148548126221,False,16.525930404663086,True,57,0,57,double,2.551019117267822,153.06114703606931,JUMPING
553,22.12,195.44821166992188,105.50206756591797,1.962032437324524,False,17.525224685668945,True,57,0,57,double,2.551019117267822,153.06114703606931,JUMPING
554,22.16,193.74160766601562,104.596923828125,0.9363974928855896,False,17.550264358520508,True,57,0,57,double,2.551019117267822,153.06114703606931,JUMPING
555,22.2,193.37225341796875,105.31851959228516,0.7478647828102112,False,16.742334365844727,True,57,0,57,double,2.551019117267822,153.06114703606931,JUMPING
556,22.24,196.9470672607422,109.924560546875,4.607274532318115,False,16.809221267700195,True,57,0,57,double,2.551019117267822,153.06114703606931,JUMPING
557,22.28,202.04415893554688,114.24588012695312,4.339936256408691,False,16.210773468017578,False,58,0,58,double,2.604166644030354,156.24999864182124,JUMPING
558,22.32,206.26849365234375,116.8477554321289,2.6959686279296875,False,15.528325080871582,False,58,0,58,double,2.604166644030354,156.24999864182124,JUMPING
559,22.36,206.3189239501953,116.15179443359375,0.7142469882965088,False,15.463852882385254,False,58,0,58,double,2.604166644030354,156.24999864182124,JUMPING
560,22.4,203.74459838867188,113.23526763916016,2.936591625213623,False,16.8657283782959,False,58,0,58,double,2.604166644030354,156.24999864182124,JUMPING
561,22.44,199.89456176757812,109.74371337890625,3.540255308151245,False,17.911027908325195,True,58,0,58,double,2.604166644030354,156.24999864182124,JUMPING
562,22.48,197.49630737304688,106.94268035888672,2.8562541007995605,False,19.2581787109375,True,58,0,58,double,2.604166644030354,156.24999864182124,JUMPING
563,22.52,196.50430297851562,105.59940338134766,1.4739253520965576,False,19.43416404724121,True,58,0,58,double,2.604166644030354,156.24999864182124,JUMPING
564,22.56,196.49917602539062,105.77530670166016,0.3534983694553375,False,19.269821166992188,True,58,0,58,double,2.604166644030354,156.24999864182124,JUMPING
565,22.6,197.97830200195312,107.75846099853516,1.9879844188690186,False,18.147733688354492,True,58,0,58,double,2.604166644030354,156.24999864182124,JUMPING
566,22.64,198.95977783203125,108.8076171875,1.0557247400283813,False,17.372303009033203,True,58,0,58,double,2.604166644030354,156.24999864182124,JUMPING
567,22.68,204.1403045654297,113.25638580322266,4.450135231018066,False,17.09571647644043,False,59,0,59,double,2.551019117267822,153.06114703606931,JUMPING
568,22.72,207.3736572265625,115.9254150390625,2.6750643253326416,False,17.364831924438477,False,59,0,59,double,2.551019117267822,153.06114703606931,JUMPING
569,22.76,206.49188232421875,114.5790786743164,1.3640320301055908,False,17.005573272705078,False,59,0,59,double,2.551019117267822,153.06114703606931,JUMPING
570,22.8,204.14773559570312,111.31670379638672,3.271024227142334,False,17.709365844726562,False,59,0,59,double,2.551019117267822,153.06114703606931,JUMPING
571,22.84,200.43020629882812,107.95230102539062,3.377474069595337,False,18.708293914794922,True,59,0,59,double,2.551019117267822,153.06114703606931,JUMPING
572,22.88,197.5908203125,105.69174194335938,2.268887996673584,False,18.156612396240234,True,59,0,59,double,2.551019117267822,153.06114703606931,JUMPING
573,22.92,196.1663360595703,104.6080093383789,1.084123134613037,False,17.930862426757812,True,59,0,59,double,2.551019117267822,153.06114703606931,JUMPING
574,22.96,196.26730346679688,105.664794921875,1.0645705461502075,False,17.42082405090332,True,59,0,59,double,2.551019117267822,153.06114703606931,JUMPING
575,23.0,196.93878173828125,106.66109466552734,0.9963871836662292,False,17.174503326416016,True,59,0,59,double,2.551019117267822,153.06114703606931,JUMPING
576,23.04,199.3504638671875,108.94110107421875,2.280667781829834,False,17.63957405090332,True,59,0,59,double,2.551019117267822,153.06114703606931,JUMPING
577,23.08,205.08914184570312,113.61743927001953,4.67641019821167,False,16.659320831298828,False,60,0,60,double,2.4999999627470975,149.99999776482585,JUMPING
578,23.12,206.2978515625,115.20745849609375,1.5923144817352295,False,16.26726531982422,False,60,0,60,double,2.4999999627470975,149.99999776482585,JUMPING
579,23.16,205.475830078125,113.40763092041016,1.801877737045288,False,16.672607421875,False,60,0,60,double,2.4999999627470975,149.99999776482585,JUMPING
580,23.2,202.56280517578125,110.07110595703125,3.336613655090332,False,16.447734832763672,False,60,0,60,double,2.4999999627470975,149.99999776482585,JUMPING
581,23.24,200.94845581054688,108.14945220947266,1.9227495193481445,False,16.83950424194336,True,60,0,60,double,2.4999999627470975,149.99999776482585,JUMPING
582,23.28,198.29684448242188,106.0949935913086,2.066962718963623,False,15.294855117797852,True,60,0,60,double,2.4999999627470975,149.99999776482585,JUMPING
583,23.32,196.94517517089844,105.66806030273438,0.45565328001976013,False,15.022037506103516,True,60,0,60,double,2.4999999627470975,149.99999776482585,JUMPING
584,23.36,198.02349853515625,106.9729995727539,1.408939003944397,False,14.8051118850708,True,60,0,60,double,2.4999999627470975,149.99999776482585,JUMPING
585,23.4,198.53689575195312,107.7538833618164,0.8156763911247253,False,14.751201629638672,True,60,0,60,double,2.4999999627470975,149.99999776482585,JUMPING
586,23.44,203.16433715820312,111.9218521118164,4.169790744781494,False,15.444596290588379,False,61,0,61,double,2.604166644030354,156.24999864182124,JUMPING
587,23.48,206.74920654296875,114.68551635742188,2.7638661861419678,False,15.288778305053711,False,61,0,61,double,2.604166644030354,156.24999864182124,JUMPING
588,23.52,206.700439453125,114.48272705078125,0.23622052371501923,False,16.475019454956055,False,61,0,61,double,2.604166644030354,156.24999864182124,JUMPING
589,23.56,204.66383361816406,112.13521575927734,2.3509626388549805,False,17.364925384521484,False,61,0,61,double,2.604166644030354,156.24999864182124,JUMPING
590,23.6,201.61383056640625,109.2740249633789,2.8655800819396973,False,18.166854858398438,True,61,0,61,double,2.604166644030354,156.24999864182124,JUMPING
591,23.64,198.84536743164062,107.10334014892578,2.17421293258667,False,18.43328857421875,True,61,0,61,double,2.604166644030354,156.24999864182124,JUMPING
592,23.68,197.8421630859375,106.40423583984375,0.7177274823188782,False,18.134323120117188,True,61,0,61,double,2.604166644030354,156.24999864182124,JUMPING
593,23.72,197.2296142578125,106.18209075927734,0.23844526708126068,False,17.570966720581055,True,61,0,61,double,2.604166644030354,156.24999864182124,JUMPING
594,23.76,199.82957458496094,108.89539337158203,2.715333938598633,False,17.72535514831543,True,61,0,61,double,2.604166644030354,156.24999864182124,JUMPING
595,23.8,202.55575561523438,112.73245239257812,3.8585073947906494,False,17.21150016784668,False,62,0,62,double,2.65957561316125,159.574536789675,JUMPING
596,23.84,206.26942443847656,115.72432708740234,3.0050251483917236,False,16.22682762145996,False,62,0,62,double,2.65957561316125,159.574536789675,JUMPING
597,23.88,207.35308837890625,116.02400970458984,0.326236754655838,False,15.460834503173828,False,62,0,62,double,2.65957561316125,159.574536789675,JUMPING
598,23.92,205.36312866210938,113.59927368164062,2.429842948913574,False,16.578554153442383,False,62,0,62,double,2.65957561316125,159.574536789675,JUMPING
599,23.96,203.45477294921875,110.34955596923828,3.2522969245910645,False,17.24540138244629,True,62,0,62,double,2.65957561316125,159.574536789675,JUMPING
600,24.0,200.55712890625,107.44506072998047,2.904883861541748,False,18.08328628540039,True,62,0,62,double,2.65957561316125,159.574536789675,JUMPING
601,24.04,198.40835571289062,105.98876953125,1.4688587188720703,False,17.964136123657227,True,62,0,62,double,2.65957561316125,159.574536789675,JUMPING
602,24.08,197.49484252929688,106.07937622070312,0.19228681921958923,False,18.08561897277832,True,62,0,62,double,2.65957561316125,159.574536789675,JUMPING
603,24.12,197.09397888183594,106.35037231445312,0.4066843092441559,False,17.6092586517334,True,62,0,62,double,2.65957561316125,159.574536789675,JUMPING
604,24.16,199.73159790039062,110.10356903076172,3.766785144805908,False,16.452068328857422,True,62,0,62,double,2.65957561316125,159.574536789675,JUMPING
605,24.2,203.97592163085938,114.0033950805664,3.9127213954925537,False,15.556936264038086,False,63,0,63,double,2.604166644030354,156.24999864182124,JUMPING
606,24.24,206.71836853027344,116.11431121826172,2.137214422225952,False,14.441132545471191,False,63,0,63,double,2.604166644030354,156.24999864182124,JUMPING
607,24.28,205.84725952148438,115.17830657958984,0.9365645051002502,False,13.78466510772705,False,63,0,63,double,2.604166644030354,156.24999864182124,JUMPING
608,24.32,205.00027465820312,114.24369049072266,0.9348031282424927,False,13.840188026428223,False,63,0,63,double,2.604166644030354,156.24999864182124,JUMPING
609,24.36,203.09115600585938,111.56088256835938,2.6868507862091064,False,14.821592330932617,False,63,0,63,double,2.604166644030354,156.24999864182124,JUMPING
610,24.4,199.24334716796875,107.84832763671875,3.7204833030700684,False,15.276046752929688,True,63,0,63,double,2.604166644030354,156.24999864182124,JUMPING
611,24.44,196.79254150390625,106.21011352539062,1.6929104328155518,False,16.574739456176758,True,63,0,63,double,2.604166644030354,156.24999864182124,JUMPING
612,24.48,196.2356719970703,106.57770538330078,0.39680910110473633,False,17.62074851989746,True,63,0,63,double,2.604166644030354,156.24999864182124,JUMPING
613,24.52,197.638671875,108.58658599853516,2.0200302600860596,False,17.031957626342773,True,63,0,63,double,2.604166644030354,156.24999864182124,JUMPING
614,24.56,201.1220703125,111.80550384521484,3.222194194793701,False,17.078123092651367,False,64,0,64,double,2.65957561316125,159.574536789675,JUMPING
615,24.6,205.28543090820312,114.52283477783203,2.7236640453338623,False,16.4659481048584,False,64,0,64,double,2.65957561316125,159.574536789675,JUMPING
616,24.64,207.44287109375,115.6331787109375,1.1153547763824463,False,16.169328689575195,False,64,0,64,double,2.65957561316125,159.574536789675,JUMPING
617,24.68,208.4416961669922,115.451904296875,0.19081151485443115,False,15.932271957397461,False,64,0,64,double,2.65957561316125,159.574536789675,JUMPING
618,24.72,203.0115966796875,111.4518051147461,4.000608444213867,False,16.097698211669922,False,64,0,64,double,2.65957561316125,159.574536789675,JUMPING
619,24.76,198.01947021484375,108.29964447021484,3.152479410171509,False,15.979191780090332,True,64,0,64,double,2.65957561316125,159.574536789675,JUMPING
620,24.8,195.72532653808594,106.43697357177734,1.8639470338821411,False,16.002033233642578,True,64,0,64,double,2.65957561316125,159.574536789675,JUMPING
621,24.84,194.91769409179688,105.76619720458984,0.6753009557723999,False,16.27920150756836,True,64,0,64,double,2.65957561316125,159.574536789675,JUMPING
622,24.88,196.86737060546875,107.881103515625,2.1154685020446777,False,16.995410919189453,True,64,0,64,double,2.65957561316125,159.574536789675,JUMPING
623,24.92,198.5255126953125,109.17401885986328,1.294005274772644,False,17.6840877532959,True,64,0,64,double,2.65957561316125,159.574536789675,JUMPING
624,24.96,201.3690643310547,111.86580657958984,2.692465305328369,False,17.813480377197266,True,64,0,64,double,2.65957561316125,159.574536789675,JUMPING
625,25.0,204.10252380371094,113.9041976928711,2.0685575008392334,False,16.117294311523438,False,65,0,65,double,2.604166644030354,156.24999864182124,JUMPING
626,25.04,206.24014282226562,115.0484848022461,1.1773746013641357,False,15.75454330444336,False,65,0,65,double,2.604166644030354,156.24999864182124,JUMPING
627,25.08,205.17337036132812,113.5172348022461,1.5315730571746826,False,16.655635833740234,False,65,0,65,double,2.604166644030354,156.24999864182124,JUMPING
628,25.12,203.0089111328125,110.2499008178711,3.2676122188568115,False,17.4699764251709,False,65,0,65,double,2.604166644030354,156.24999864182124,JUMPING
629,25.16,199.8970947265625,107.4959716796875,2.7552082538604736,False,17.307907104492188,True,65,0,65,double,2.604166644030354,156.24999864182124,JUMPING
630,25.2,198.15228271484375,106.23465728759766,1.4154460430145264,False,16.63182258605957,True,65,0,65,double,2.604166644030354,156.24999864182124,JUMPING
631,25.24,198.25674438476562,107.14217376708984,1.0552603006362915,False,17.19227409362793,True,65,0,65,double,2.604166644030354,156.24999864182124,JUMPING
632,25.28,200.23956298828125,109.9349365234375,2.876373291015625,False,17.089908599853516,True,65,0,65,double,2.604166644030354,156.24999864182124,JUMPING
633,25.32,204.04945373535156,113.30801391601562,3.4311275482177734,False,15.83371353149414,False,66,0,66,double,2.65957561316125,159.574536789675,JUMPING
634,25.36,207.36019897460938,115.13504791259766,1.8535937070846558,False,13.7086181640625,False,66,0,66,double,2.65957561316125,159.574536789675,JUMPING
635,25.4,207.2089080810547,114.40625762939453,0.7393680214881897,False,13.754393577575684,False,66,0,66,double,2.65957561316125,159.574536789675,JUMPING
636,25.44,205.01832580566406,111.43450927734375,2.971890687942505,False,14.88621711730957,False,66,0,66,double,2.65957561316125,159.574536789675,JUMPING
637,25.48,200.4305419921875,108.60625457763672,2.829164505004883,False,15.043872833251953,True,66,0,66,double,2.65957561316125,159.574536789675,JUMPING
638,25.52,197.678955078125,106.97589111328125,1.6342499256134033,False,15.33287525177002,True,66,0,66,double,2.65957561316125,159.574536789675,JUMPING
639,25.56,196.02603149414062,105.715576171875,1.2685638666152954,False,15.923091888427734,True,66,0,66,double,2.65957561316125,159.574536789675,JUMPING
640,25.6,195.65936279296875,106.31158447265625,0.820065975189209,False,15.683573722839355,True,66,0,66,double,2.65957561316125,159.574536789675,JUMPING
641,25.64,197.20187377929688,108.79364013671875,2.4942877292633057,False,16.007617950439453,True,66,0,66,double,2.65957561316125,159.574536789675,JUMPING
642,25.68,198.56304931640625,110.38070678710938,1.5886160135269165,False,16.730093002319336,True,66,0,66,double,2.65957561316125,159.574536789675,JUMPING
643,25.72,204.91354370117188,114.6529541015625,4.272596836090088,False,15.742560386657715,False,67,0,67,double,2.604166644030354,156.24999864182124,JUMPING
644,25.76,208.3038330078125,116.2129898071289,1.5604374408721924,False,15.225126266479492,False,67,0,67,double,2.604166644030354,156.24999864182124,JUMPING
645,25.8,208.009033203125,115.12593841552734,1.0892318487167358,False,15.75156307220459,False,67,0,67,double,2.604166644030354,156.24999864182124,JUMPING
646,25.84,205.55642700195312,112.32711791992188,2.7998414039611816,False,16.29487419128418,True,67,0,67,double,2.604166644030354,156.24999864182124,JUMPING
647,25.88,202.07333374023438,108.99939727783203,3.33290433883667,False,15.157565116882324,True,67,0,67,double,2.604166644030354,156.24999864182124,JUMPING
648,25.92,198.8175506591797,106.88738250732422,2.125230550765991,False,15.445923805236816,True,67,0,67,double,2.604166644030354,156.24999864182124,JUMPING
649,25.96,197.24002075195312,105.79541778564453,1.106228232383728,False,15.781415939331055,True,67,0,67,double,2.604166644030354,156.24999864182124,JUMPING
650,26.0,197.61129760742188,107.1884994506836,1.5008071660995483,False,15.83948040008545,True,67,0,67,double,2.604166644030354,156.24999864182124,JUMPING
651,26.04,199.4789276123047,110.03607940673828,2.860400438308716,False,16.412336349487305,True,67,0,67,double,2.604166644030354,156.24999864182124,JUMPING
652,26.08,200.578125,111.86611938476562,1.8373398780822754,False,16.555997848510742,True,67,0,67,double,2.604166644030354,156.24999864182124,JUMPING
653,26.12,203.310791015625,114.62066650390625,2.7827532291412354,False,15.842219352722168,False,68,0,68,double,2.604166644030354,156.24999864182124,JUMPING
654,26.16,205.80679321289062,115.53903198242188,0.943455696105957,False,15.602384567260742,False,68,0,68,double,2.604166644030354,156.24999864182124,JUMPING
655,26.2,205.42007446289062,113.53140258789062,2.008338689804077,False,16.273195266723633,False,68,0,68,double,2.604166644030354,156.24999864182124,JUMPING
656,26.24,202.99969482421875,110.1571044921875,3.388430595397949,False,16.32390785217285,False,68,0,68,double,2.604166644030354,156.24999864182124,JUMPING
657,26.28,199.84457397460938,107.2967529296875,2.865597724914551,False,16.282133102416992,True,68,0,68,double,2.604166644030354,156.24999864182124,JUMPING
658,26.32,197.48196411132812,105.72882080078125,1.5679551362991333,False,16.28767204284668,True,68,0,68,double,2.604166644030354,156.24999864182124,JUMPING
659,26.36,196.5220947265625,105.90938568115234,0.19170038402080536,False,16.035192489624023,True,68,0,68,double,2.604166644030354,156.24999864182124,JUMPING
660,26.4,196.34225463867188,106.2211685180664,0.3169749677181244,False,15.585943222045898,True,68,0,68,double,2.604166644030354,156.24999864182124,JUMPING
661,26.44,197.80291748046875,108.37823486328125,2.157214403152466,False,16.21515655517578,True,68,0,68,double,2.604166644030354,156.24999864182124,JUMPING
662,26.48,201.12942504882812,111.5467758178711,3.1687140464782715,False,16.26364517211914,False,69,0,69,double,2.604166644030354,156.24999864182124,JUMPING
663,26.52,205.83016967773438,115.82588958740234,4.289900779724121,False,15.43038558959961,False,69,0,69,double,2.604166644030354,156.24999864182124,JUMPING
664,26.56,206.40380859375,116.5527572631836,0.9208855032920837,False,15.612764358520508,False,69,0,69,double,2.604166644030354,156.24999864182124,JUMPING
665,26.6,206.65237426757812,116.45978546142578,0.24235078692436218,False,15.806190490722656,False,69,0,69,double,2.604166644030354,156.24999864182124,JUMPING
666,26.64,202.9959716796875,112.45083618164062,4.0987749099731445,False,15.512042045593262,False,69,0,69,double,2.604166644030354,156.24999864182124,JUMPING
667,26.68,199.1737060546875,108.927978515625,3.544968605041504,False,15.53187084197998,True,69,0,69,double,2.604166644030354,156.24999864182124,JUMPING
668,26.72,196.78775024414062,107.03036499023438,1.923416256904602,False,16.227479934692383,True,69,0,69,double,2.604166644030354,156.24999864182124,JUMPING
669,26.76,196.07460021972656,106.83556365966797,0.22505752742290497,False,16.828779220581055,True,69,0,69,double,2.604166644030354,156.24999864182124,JUMPING
670,26.8,196.07662963867188,107.04212188720703,0.26351526379585266,False,17.139406204223633,True,69,0,69,double,2.604166644030354,156.24999864182124,JUMPING
671,26.84,198.01217651367188,108.94451141357422,1.905121922492981,False,17.008804321289062,True,69,0,69,double,2.604166644030354,156.24999864182124,JUMPING
672,26.88,203.35784912109375,113.83443450927734,4.896795749664307,False,16.497587203979492,False,70,0,70,double,2.65957561316125,159.574536789675,JUMPING
673,26.92,206.32525634765625,116.80916595458984,2.9761929512023926,False,15.716859817504883,False,70,0,70,double,2.65957561316125,159.574536789675,JUMPING
674,26.96,206.5784912109375,116.1217041015625,0.691304087638855,False,16.25126838684082,False,70,0,70,double,2.65957561316125,159.574536789675,JUMPING
675,27.0,206.457275390625,115.53436279296875,0.587889552116394,False,16.599266052246094,False,70,0,70,double,2.65957561316125,159.574536789675,JUMPING
676,27.04,201.7796630859375,111.31951904296875,4.224922180175781,False,16.224058151245117,True,70,0,70,double,2.65957561316125,159.574536789675,JUMPING
677,27.08,199.07861328125,108.96895599365234,2.3598499298095703,False,16.87613868713379,True,70,0,70,double,2.65957561316125,159.574536789675,JUMPING
678,27.12,196.93414306640625,107.43598175048828,1.5336123704910278,False,17.047765731811523,True,70,0,70,double,2.65957561316125,159.574536789675,JUMPING
679,27.16,196.82626342773438,107.80033111572266,0.36434945464134216,False,16.691600799560547,True,70,0,70,double,2.65957561316125,159.574536789675,JUMPING
680,27.2,198.7450408935547,110.04293060302734,2.2544608116149902,False,16.922019958496094,True,70,0,70,double,2.65957561316125,159.574536789675,JUMPING
681,27.24,199.62533569335938,111.54834747314453,1.5150620937347412,False,16.908143997192383,True,70,0,70,double,2.65957561316125,159.574536789675,JUMPING
682,27.28,204.91256713867188,115.75220489501953,4.209906578063965,False,16.59294891357422,False,71,0,71,double,2.551019117267822,153.06114703606931,JUMPING
683,27.32,207.54017639160156,118.01309967041016,2.2619316577911377,False,15.963422775268555,False,71,0,71,double,2.551019117267822,153.06114703606931,JUMPING
684,27.36,206.07371520996094,116.10083770751953,1.9352443218231201,False,16.578271865844727,False,71,0,71,double,2.551019117267822,153.06114703606931,JUMPING
685,27.4,204.8584442138672,114.6867446899414,1.4253897666931152,False,16.931079864501953,False,71,0,71,double,2.551019117267822,153.06114703606931,JUMPING
686,27.44,199.97024536132812,110.81409454345703,3.8732221126556396,False,17.241588592529297,True,71,0,71,double,2.551019117267822,153.06114703606931,JUMPING
687,27.48,196.713134765625,108.40103912353516,2.413189649581909,False,17.423992156982422,True,71,0,71,double,2.551019117267822,153.06114703606931,JUMPING
688,27.52,195.9296875,107.5672836303711,0.8337920904159546,False,17.161731719970703,True,71,0,71,double,2.551019117267822,153.06114703606931,JUMPING
689,27.56,195.49462890625,107.5694580078125,0.002508678939193487,False,16.670143127441406,True,71,0,71,double,2.551019117267822,153.06114703606931,JUMPING
690,27.6,196.5343017578125,108.90008544921875,1.333295464515686,False,16.3402099609375,True,71,0,71,double,2.551019117267822,153.06114703606931,JUMPING
691,27.64,201.60891723632812,113.77494049072266,4.9033379554748535,False,16.17432403564453,False,72,0,72,double,2.604166644030354,156.24999864182124,JUMPING
692,27.68,206.44400024414062,117.00518035888672,3.237682580947876,False,15.686755180358887,False,72,0,72,double,2.604166644030354,156.24999864182124,JUMPING
693,27.72,207.4701690673828,117.02816772460938,0.09824710339307785,False,15.017641067504883,False,72,0,72,double,2.604166644030354,156.24999864182124,JUMPING
694,27.76,205.66514587402344,114.56356048583984,2.4889607429504395,False,15.700109481811523,False,72,0,72,double,2.604166644030354,156.24999864182124,JUMPING
695,27.8,201.33676147460938,111.1641616821289,3.4465441703796387,False,16.65180206298828,True,72,0,72,double,2.604166644030354,156.24999864182124,JUMPING
696,27.84,197.52264404296875,108.6700439453125,2.4994704723358154,False,17.662946701049805,True,72,0,72,double,2.604166644030354,156.24999864182124,JUMPING
697,27.88,195.02630615234375,107.38055419921875,1.3003500699996948,False,18.024559020996094,True,72,0,72,double,2.604166644030354,156.24999864182124,JUMPING
698,27.92,194.22412109375,106.90301513671875,0.4792287051677704,False,17.783763885498047,True,72,0,72,double,2.604166644030354,156.24999864182124,JUMPING
699,27.96,196.083740234375,109.17608642578125,2.2879180908203125,False,17.81182861328125,True,72,0,72,double,2.604166644030354,156.24999864182124,JUMPING
700,28.0,200.06605529785156,112.74117279052734,3.5789079666137695,False,17.269969940185547,True,72,0,72,double,2.604166644030354,156.24999864182124,JUMPING
701,28.04,202.488525390625,114.82245635986328,2.0825774669647217,False,17.050817489624023,False,73,0,73,double,2.604166644030354,156.24999864182124,JUMPING
702,28.08,206.08889770507812,116.5713119506836,1.7578407526016235,False,16.01214027404785,False,73,0,73,double,2.604166644030354,156.24999864182124,JUMPING
703,28.12,205.80264282226562,115.32000732421875,1.264227271080017,False,16.406478881835938,False,73,0,73,double,2.604166644030354,156.24999864182124,JUMPING
704,28.16,205.37313842773438,114.30538940429688,1.0180727243423462,False,16.94026756286621,False,73,0,73,double,2.604166644030354,156.24999864182124,JUMPING
705,28.2,202.49563598632812,111.65912628173828,2.653956174850464,False,17.21941375732422,True,73,0,73,double,2.604166644030354,156.24999864182124,JUMPING
706,28.24,199.82542419433594,108.85564422607422,2.8116214275360107,False,17.531208038330078,True,73,0,73,double,2.604166644030354,156.24999864182124,JUMPING
707,28.28,197.34707641601562,107.05899810791016,1.8037161827087402,False,17.971473693847656,True,73,0,73,double,2.604166644030354,156.24999864182124,JUMPING
708,28.32,196.04550170898438,106.46839141845703,0.6161887049674988,False,17.651613235473633,True,73,0,73,double,2.604166644030354,156.24999864182124,JUMPING
709,28.36,198.61940002441406,109.26800537109375,2.8040459156036377,False,17.186784744262695,True,73,0,73,double,2.604166644030354,156.24999864182124,JUMPING
710,28.4,202.27401733398438,113.10103607177734,3.8330533504486084,False,17.2676944732666,False,74,0,74,double,2.604166644030354,156.24999864182124,JUMPING
711,28.44,206.92202758789062,116.565673828125,3.4649739265441895,False,16.482004165649414,False,74,0,74,double,2.604166644030354,156.24999864182124,JUMPING
712,28.48,208.6392364501953,117.94197845458984,1.381439208984375,False,16.020336151123047,False,74,0,74,double,2.604166644030354,156.24999864182124,JUMPING
713,28.52,209.2939453125,118.25655364990234,0.3810434341430664,False,15.762491226196289,False,74,0,74,double,2.604166644030354,156.24999864182124,JUMPING
714,28.56,205.12721252441406,113.9924545288086,4.264164447784424,False,15.937047004699707,False,74,0,74,double,2.604166644030354,156.24999864182124,JUMPING
715,28.6,202.2203369140625,111.67266845703125,2.319863796234131,False,16.561256408691406,True,74,0,74,double,2.604166644030354,156.24999864182124,JUMPING
716,28.64,198.71359252929688,109.04022216796875,2.632568597793579,False,17.07081413269043,True,74,0,74,double,2.604166644030354,156.24999864182124,JUMPING
717,28.68,196.109130859375,107.2847900390625,1.7557291984558105,False,17.18226432800293,True,74,0,74,double,2.604166644030354,156.24999864182124,JUMPING
718,28.72,196.443115234375,108.39661407470703,1.1118831634521484,False,16.652257919311523,True,74,0,74,double,2.604166644030354,156.24999864182124,JUMPING
719,28.76,199.2001953125,111.13541412353516,2.7433900833129883,False,16.293498992919922,True,74,0,74,double,2.604166644030354,156.24999864182124,JUMPING
720,28.8,200.18325805664062,112.79749298095703,1.6648104190826416,False,16.059350967407227,True,74,0,74,double,2.604166644030354,156.24999864182124,JUMPING
721,28.84,204.94161987304688,115.977783203125,3.1802926063537598,False,15.097128868103027,False,75,0,75,double,2.551019117267822,153.06114703606931,JUMPING
722,28.88,206.92335510253906,116.61241912841797,0.6357342600822449,False,15.387409210205078,False,75,0,75,double,2.551019117267822,153.06114703606931,JUMPING
723,28.92,205.41726684570312,114.5977554321289,2.039569616317749,False,15.743474960327148,False,75,0,75,double,2.551019117267822,153.06114703606931,JUMPING
724,28.96,204.14175415039062,113.4314193725586,1.1845148801803589,False,16.399703979492188,False,75,0,75,double,2.551019117267822,153.06114703606931,JUMPING
725,29.0,200.83811950683594,110.88809204101562,2.543412923812866,False,17.224044799804688,True,75,0,75,double,2.551019117267822,153.06114703606931,JUMPING
726,29.04,197.5153350830078,108.66068267822266,2.2342641353607178,False,16.978981018066406,True,75,0,75,double,2.551019117267822,153.06114703606931,JUMPING
727,29.08,196.50489807128906,108.62677764892578,0.03425373509526253,False,17.584203720092773,True,75,0,75,double,2.551019117267822,153.06114703606931,JUMPING
728,29.12,197.64712524414062,110.2509536743164,1.6242609024047852,False,18.122718811035156,True,75,0,75,double,2.551019117267822,153.06114703606931,JUMPING
729,29.16,201.24313354492188,113.31438446044922,3.0794527530670166,False,18.716798782348633,True,75,0,75,double,2.551019117267822,153.06114703606931,JUMPING
730,29.2,206.09591674804688,116.7305908203125,3.417888879776001,False,17.413728713989258,False,76,0,76,double,2.604166644030354,156.24999864182124,JUMPING
731,29.24,208.26272583007812,118.22151947021484,1.513655662536621,False,16.423242568969727,False,76,0,76,double,2.604166644030354,156.24999864182124,JUMPING
732,29.28,207.44970703125,116.8428726196289,1.4045424461364746,False,16.967975616455078,False,76,0,76,double,2.604166644030354,156.24999864182124,JUMPING
733,29.32,206.88697814941406,115.71295928955078,1.149338960647583,False,17.20380973815918,False,76,0,76,double,2.604166644030354,156.24999864182124,JUMPING
734,29.36,201.46310424804688,111.77835845947266,3.9648616313934326,False,16.7613525390625,True,76,0,76,double,2.604166644030354,156.24999864182124,JUMPING
735,29.4,198.0018310546875,109.09005737304688,2.7918195724487305,False,17.07372283935547,True,76,0,76,double,2.604166644030354,156.24999864182124,JUMPING
736,29.44,196.5767822265625,107.77481842041016,1.3949823379516602,False,17.684677124023438,True,76,0,76,double,2.604166644030354,156.24999864182124,JUMPING
737,29.48,196.53567504882812,108.25435638427734,1.0069602727890015,False,16.58734893798828,True,76,0,76,double,2.604166644030354,156.24999864182124,JUMPING
738,29.52,198.43458557128906,110.64562225341797,2.4709181785583496,False,16.181798934936523,True,76,0,76,double,2.604166644030354,156.24999864182124,JUMPING
739,29.56,202.771728515625,114.16165924072266,3.532766580581665,False,16.092592239379883,False,77,0,77,double,2.604166644030354,156.24999864182124,JUMPING
740,29.6,207.38003540039062,117.41681671142578,3.2759971618652344,False,16.030244827270508,False,77,0,77,double,2.604166644030354,156.24999864182124,JUMPING
741,29.64,209.63912963867188,118.85277557373047,1.4381903409957886,False,15.656439781188965,False,77,0,77,double,2.604166644030354,156.24999864182124,JUMPING
742,29.68,207.64413452148438,116.50125885009766,2.3516948223114014,False,16.382904052734375,False,77,0,77,double,2.604166644030354,156.24999864182124,JUMPING
743,29.72,202.99493408203125,113.06485748291016,3.4392006397247314,False,16.849550247192383,False,77,0,77,double,2.604166644030354,156.24999864182124,JUMPING
744,29.76,198.2974853515625,110.27838897705078,2.789308547973633,False,16.755590438842773,True,77,0,77,double,2.604166644030354,156.24999864182124,JUMPING
745,29.8,195.37710571289062,108.4894027709961,1.805458903312683,False,15.967735290527344,True,77,0,77,double,2.604166644030354,156.24999864182124,JUMPING
746,29.84,194.3406982421875,107.6709976196289,0.8195792436599731,False,15.58692455291748,True,77,0,77,double,2.604166644030354,156.24999864182124,JUMPING
747,29.88,196.15966796875,109.40335845947266,1.7357194423675537,False,15.53217887878418,True,77,0,77,double,2.604166644030354,156.24999864182124,JUMPING
748,29.92,199.80801391601562,112.72015380859375,3.3215107917785645,False,16.989158630371094,True,77,0,77,double,2.604166644030354,156.24999864182124,JUMPING
749,29.96,205.09271240234375,116.30028533935547,3.5809102058410645,False,17.053508758544922,False,78,0,78,double,2.6041690693517756,156.25014416110653,JUMPING
750,30.0,208.06298828125,118.05123901367188,1.7535830736160278,False,16.49448585510254,False,78,0,78,double,2.6041690693517756,156.25014416110653,JUMPING
751,30.04,209.15707397460938,118.76483917236328,0.7295566201210022,False,16.08513641357422,False,78,0,78,double,2.6041690693517756,156.25014416110653,JUMPING
752,30.08,204.6986083984375,114.81362915039062,3.958625555038452,False,16.01788902282715,False,78,0,78,double,2.6041690693517756,156.25014416110653,JUMPING
753,30.12,200.04864501953125,110.95901489257812,3.8576745986938477,False,17.204696655273438,True,78,0,78,double,2.6041690693517756,156.25014416110653,JUMPING
754,30.16,196.82992553710938,108.17603302001953,2.788813591003418,False,16.995431900024414,True,78,0,78,double,2.6041690693517756,156.25014416110653,JUMPING
755,30.2,195.41949462890625,106.80880737304688,1.3743491172790527,False,17.126476287841797,True,78,0,78,double,2.6041690693517756,156.25014416110653,JUMPING
756,30.24,194.83985900878906,106.3235092163086,0.5787632465362549,False,17.649871826171875,True,78,0,78,double,2.6041690693517756,156.25014416110653,JUMPING
757,30.28,197.07220458984375,109.07422637939453,2.798583507537842,False,17.690221786499023,True,78,0,78,double,2.6041690693517756,156.25014416110653,JUMPING
758,30.32,201.95010375976562,113.00800323486328,3.9572949409484863,False,17.3275203704834,False,79,0,79,double,2.604166644030354,156.24999864182124,JUMPING
759,30.36,207.30780029296875,116.79068756103516,3.7827303409576416,False,16.543533325195312,False,79,0,79,double,2.604166644030354,156.24999864182124,JUMPING
760,30.4,210.28643798828125,118.78630828857422,1.9967106580734253,False,16.25043487548828,False,79,0,79,double,2.604166644030354,156.24999864182124,JUMPING
761,30.44,210.75216674804688,118.90824127197266,0.1561332494020462,False,15.77495002746582,False,79,0,79,double,2.604166644030354,156.24999864182124,JUMPING
762,30.48,206.20254516601562,114.8876724243164,4.032672882080078,False,16.556230545043945,False,79,0,79,double,2.604166644030354,156.24999864182124,JUMPING
763,30.52,202.0582275390625,111.00656127929688,3.9013493061065674,False,17.059911727905273,True,79,0,79,double,2.604166644030354,156.24999864182124,JUMPING
764,30.56,199.88946533203125,108.74199676513672,2.2746920585632324,False,17.391220092773438,True,79,0,79,double,2.604166644030354,156.24999864182124,JUMPING
765,30.6,197.7047119140625,107.40995025634766,1.3353174924850464,False,17.967510223388672,True,79,0,79,double,2.604166644030354,156.24999864182124,JUMPING
766,30.64,196.81021118164062,107.50251007080078,0.09725283831357956,False,18.064577102661133,True,79,0,79,double,2.604166644030354,156.24999864182124,JUMPING
767,30.68,199.2554931640625,110.7245101928711,3.2222237586975098,False,18.242048263549805,True,79,0,79,double,2.604166644030354,156.24999864182124,JUMPING
768,30.72,203.51385498046875,114.47457122802734,3.760796546936035,False,17.60088539123535,False,80,0,80,double,2.65957561316125,159.574536789675,JUMPING
769,30.76,205.97117614746094,116.60265350341797,2.137460947036743,False,17.283023834228516,False,80,0,80,double,2.65957561316125,159.574536789675,JUMPING
770,30.8,207.95889282226562,118.2243881225586,1.6476399898529053,False,16.461572647094727,False,80,0,80,double,2.65957561316125,159.574536789675,JUMPING
771,30.84,208.47000122070312,117.33074951171875,0.924060046672821,False,16.345190048217773,False,80,0,80,double,2.65957561316125,159.574536789675,JUMPING
772,30.88,203.67449951171875,112.8227310180664,4.530132293701172,False,16.910320281982422,False,80,0,80,double,2.65957561316125,159.574536789675,JUMPING
773,30.92,199.8515625,109.0514907836914,3.789557456970215,False,18.273618698120117,True,80,0,80,double,2.65957561316125,159.574536789675,JUMPING
774,30.96,198.22506713867188,107.1502914428711,1.9021397829055786,False,19.39600944519043,True,80,0,80,double,2.65957561316125,159.574536789675,JUMPING
775,31.0,197.33889770507812,106.47469329833984,0.7994714975357056,False,19.387845993041992,True,80,0,80,double,2.65957561316125,159.574536789675,JUMPING
776,31.04,199.08816528320312,109.18206787109375,2.9618234634399414,False,18.50404167175293,True,80,0,80,double,2.65957561316125,159.574536789675,JUMPING
777,31.08,202.61395263671875,112.8262939453125,3.838304042816162,False,17.949081420898438,True,80,0,80,double,2.65957561316125,159.574536789675,JUMPING
778,31.12,204.718505859375,115.01885223388672,2.280442953109741,False,17.564607620239258,False,81,0,81,double,2.604166644030354,156.24999864182124,JUMPING
779,31.16,208.30935668945312,117.47142791748047,2.503469705581665,False,16.223634719848633,False,81,0,81,double,2.604166644030354,156.24999864182124,JUMPING
780,31.2,208.0430908203125,116.31453704833984,1.712028980255127,False,16.233184814453125,False,81,0,81,double,2.604166644030354,156.24999864182124,JUMPING
781,31.24,207.32400512695312,115.39383697509766,1.1421483755111694,False,16.41594696044922,False,81,0,81,double,2.604166644030354,156.24999864182124,JUMPING
782,31.28,205.12545776367188,112.73098754882812,2.7689311504364014,False,17.083269119262695,False,81,0,81,double,2.604166644030354,156.24999864182124,JUMPING
783,31.32,201.71255493164062,109.72110748291016,3.235887289047241,False,17.88814353942871,True,81,0,81,double,2.604166644030354,156.24999864182124,JUMPING
784,31.36,198.86697387695312,107.8046646118164,2.0124893188476562,False,19.370981216430664,True,81,0,81,double,2.604166644030354,156.24999864182124,JUMPING
785,31.4,197.8973846435547,107.26611328125,0.7935671806335449,False,19.714937210083008,True,81,0,81,double,2.604166644030354,156.24999864182124,JUMPING
786,31.44,198.11346435546875,108.23462677001953,1.0909616947174072,False,19.441022872924805,True,81,0,81,double,2.604166644030354,156.24999864182124,JUMPING
787,31.48,202.81021118164062,113.0496597290039,4.8249735832214355,False,17.018661499023438,True,81,0,81,double,2.604166644030354,156.24999864182124,JUMPING
788,31.52,205.63934326171875,115.69061279296875,2.643071413040161,False,15.863431930541992,False,82,0,82,double,2.551019117267822,153.06114703606931,JUMPING
789,31.56,208.05343627929688,116.91204833984375,1.2245315313339233,False,14.532825469970703,False,82,0,82,double,2.551019117267822,153.06114703606931,JUMPING
790,31.6,206.79676818847656,115.4934310913086,1.419015645980835,False,14.567237854003906,False,82,0,82,double,2.551019117267822,153.06114703606931,JUMPING
791,31.64,205.86666870117188,114.37347412109375,1.1215907335281372,False,14.80314826965332,False,82,0,82,double,2.551019117267822,153.06114703606931,JUMPING
792,31.68,204.10121154785156,111.57221221923828,2.8040964603424072,False,15.516746520996094,False,82,0,82,double,2.551019117267822,153.06114703606931,JUMPING
793,31.72,200.4402313232422,108.3749771118164,3.2008795738220215,False,17.156269073486328,True,82,0,82,double,2.551019117267822,153.06114703606931,JUMPING
794,31.76,199.1382293701172,107.389892578125,0.9853477478027344,False,17.36527442932129,True,82,0,82,double,2.551019117267822,153.06114703606931,JUMPING
795,31.8,199.03504943847656,108.3150863647461,0.9259931445121765,False,17.12735366821289,True,82,0,82,double,2.551019117267822,153.06114703606931,JUMPING
796,31.84,199.32179260253906,108.9775619506836,0.6642647385597229,False,16.732616424560547,True,82,0,82,double,2.551019117267822,153.06114703606931,JUMPING
797,31.88,203.85037231445312,113.3613052368164,4.4157233238220215,False,16.15937042236328,False,83,0,83,double,2.604166644030354,156.24999864182124,JUMPING
798,31.92,208.27084350585938,116.02721405029297,2.6901214122772217,False,15.05530834197998,False,83,0,83,double,2.604166644030354,156.24999864182124,JUMPING
799,31.96,208.62295532226562,115.91781616210938,0.21072843670845032,False,14.948739051818848,False,83,0,83,double,2.604166644030354,156.24999864182124,JUMPING
800,32.0,208.8253936767578,115.65352630615234,0.2722392678260803,False,14.698759078979492,False,83,0,83,double,2.604166644030354,156.24999864182124,JUMPING
801,32.04,204.2806396484375,111.31253814697266,4.3442559242248535,False,15.561853408813477,False,83,0,83,double,2.604166644030354,156.24999864182124,JUMPING
802,32.08,200.04046630859375,107.9233169555664,3.391780376434326,False,16.514118194580078,True,83,0,83,double,2.604166644030354,156.24999864182124,JUMPING
803,32.12,197.54908752441406,106.2322998046875,1.7045029401779175,False,17.6439151763916,True,83,0,83,double,2.604166644030354,156.24999864182124,JUMPING
804,32.16,195.9186248779297,105.48754119873047,0.752800464630127,False,17.987808227539062,True,83,0,83,double,2.604166644030354,156.24999864182124,JUMPING
805,32.2,197.545166015625,107.5237045288086,2.0429673194885254,False,18.550235748291016,True,83,0,83,double,2.604166644030354,156.24999864182124,JUMPING
806,32.24,198.37918090820312,109.17041015625,1.6469050645828247,False,18.366989135742188,True,83,0,83,double,2.604166644030354,156.24999864182124,JUMPING
807,32.28,204.09109497070312,113.65469360351562,4.488734722137451,False,16.616436004638672,False,84,0,84,double,2.551021638549201,153.06129831295206,JUMPING
808,32.32,206.7857666015625,115.60823822021484,1.9558402299880981,False,15.933276176452637,False,84,0,84,double,2.551021638549201,153.06129831295206,JUMPING
809,32.36,206.05113220214844,114.91948699951172,0.6945262551307678,False,16.08024024963379,False,84,0,84,double,2.551021638549201,153.06129831295206,JUMPING
810,32.4,204.666015625,112.08025360107422,2.8397035598754883,False,16.9874210357666,False,84,0,84,double,2.551021638549201,153.06129831295206,JUMPING
811,32.44,201.55465698242188,109.05062866210938,3.04374098777771,False,18.017303466796875,False,84,0,84,double,2.551021638549201,153.06129831295206,JUMPING
812,32.48,198.625,107.3082046508789,1.7844468355178833,False,17.602684020996094,True,84,0,84,double,2.551021638549201,153.06129831295206,JUMPING
813,32.52,197.01174926757812,106.40340423583984,0.9764339327812195,False,17.398963928222656,True,84,0,84,double,2.551021638549201,153.06129831295206,JUMPING
814,32.56,197.09161376953125,107.06005096435547,0.8582485318183899,False,17.36240577697754,True,84,0,84,double,2.551021638549201,153.06129831295206,JUMPING
815,32.6,197.54147338867188,107.8375473022461,0.9052760601043701,False,17.712106704711914,True,84,0,84,double,2.551021638549201,153.06129831295206,JUMPING
816,32.64,202.3643798828125,111.97330474853516,4.211339950561523,False,17.747509002685547,False,85,0,85,double,2.604166644030354,156.24999864182124,JUMPING
817,32.68,206.270263671875,114.92269897460938,3.011162519454956,False,17.176301956176758,False,85,0,85,double,2.604166644030354,156.24999864182124,JUMPING
818,32.72,207.26171875,115.15312957763672,0.26649239659309387,False,16.80755615234375,False,85,0,85,double,2.604166644030354,156.24999864182124,JUMPING
819,32.76,207.486328125,115.01858520507812,0.15250037610530853,False,16.587448120117188,False,85,0,85,double,2.604166644030354,156.24999864182124,JUMPING
820,32.8,205.79115295410156,112.5545883178711,2.4640042781829834,False,17.472970962524414,False,85,0,85,double,2.604166644030354,156.24999864182124,JUMPING
821,32.84,201.533447265625,109.02277374267578,3.5407590866088867,False,17.092805862426758,True,85,0,85,double,2.604166644030354,156.24999864182124,JUMPING
822,32.88,198.98846435546875,107.57242584228516,1.4600999355316162,False,16.54267692565918,True,85,0,85,double,2.604166644030354,156.24999864182124,JUMPING
823,32.92,198.65420532226562,108.02484130859375,0.45701587200164795,False,17.103429794311523,True,85,0,85,double,2.604166644030354,156.24999864182124,JUMPING
824,32.96,200.71914672851562,110.34529876708984,2.3364100456237793,False,17.576461791992188,True,85,0,85,double,2.604166644030354,156.24999864182124,JUMPING
825,33.0,204.117919921875,113.94945526123047,3.6050543785095215,False,17.1943359375,False,86,0,86,double,2.65957561316125,159.574536789675,JUMPING
826,33.04,208.14122009277344,116.83699798583984,2.8875582218170166,False,15.617833137512207,False,86,0,86,double,2.65957561316125,159.574536789675,JUMPING
827,33.08,209.83187866210938,117.3777084350586,0.5431248545646667,False,15.61311149597168,False,86,0,86,double,2.65957561316125,159.574536789675,JUMPING
828,33.12,208.0088348388672,115.38903045654297,1.9921488761901855,False,15.947690963745117,False,86,0,86,double,2.65957561316125,159.574536789675,JUMPING
829,33.16,205.9114990234375,111.7660140991211,3.636911392211914,False,16.74960708618164,True,86,0,86,double,2.65957561316125,159.574536789675,JUMPING
830,33.2,204.77508544921875,109.7643051147461,2.0100600719451904,False,16.693395614624023,True,86,0,86,double,2.65957561316125,159.574536789675,JUMPING
831,33.24,200.39907836914062,107.57049560546875,2.214315176010132,False,16.951162338256836,True,86,0,86,double,2.65957561316125,159.574536789675,JUMPING
832,33.28,198.62554931640625,106.8765640258789,0.7835193872451782,False,16.85517120361328,True,86,0,86,double,2.65957561316125,159.574536789675,JUMPING
833,33.32,197.46697998046875,106.89481353759766,0.20639008283615112,False,16.834575653076172,True,86,0,86,double,2.65957561316125,159.574536789675,JUMPING
834,33.36,199.7109375,110.44595336914062,3.5944745540618896,False,16.53021240234375,True,86,0,86,double,2.65957561316125,159.574536789675,JUMPING
835,33.4,201.35739135742188,112.61884307861328,2.191201686859131,False,16.56983184814453,True,86,0,86,double,2.65957561316125,159.574536789675,JUMPING
836,33.44,206.66909790039062,116.77617645263672,4.184963703155518,False,15.501712799072266,False,87,0,87,double,2.6041690693517756,156.25014416110653,JUMPING
837,33.48,208.60948181152344,117.71060943603516,1.01047945022583,False,15.49613094329834,False,87,0,87,double,2.6041690693517756,156.25014416110653,JUMPING
838,33.52,207.32850646972656,115.6129150390625,2.1357288360595703,False,16.216472625732422,False,87,0,87,double,2.6041690693517756,156.25014416110653,JUMPING
839,33.56,204.5353240966797,112.64752197265625,2.9677858352661133,False,16.753541946411133,True,87,0,87,double,2.6041690693517756,156.25014416110653,JUMPING
840,33.6,200.81808471679688,109.90996551513672,2.739013195037842,False,16.81180191040039,True,87,0,87,double,2.6041690693517756,156.25014416110653,JUMPING
841,33.64,198.3980712890625,108.3171615600586,1.5944466590881348,False,17.229459762573242,True,87,0,87,double,2.6041690693517756,156.25014416110653,JUMPING
842,33.68,197.2530059814453,107.62841796875,0.6961027979850769,False,17.433347702026367,True,87,0,87,double,2.6041690693517756,156.25014416110653,JUMPING
843,33.72,198.59010314941406,109.01263427734375,1.3879467248916626,False,17.719688415527344,True,87,0,87,double,2.6041690693517756,156.25014416110653,JUMPING
844,33.76,199.55807495117188,110.13341522216797,1.1542681455612183,False,18.175395965576172,True,87,0,87,double,2.6041690693517756,156.25014416110653,JUMPING
845,33.8,205.44363403320312,115.01874542236328,4.891012191772461,False,16.516847610473633,False,88,0,88,double,2.604166644030354,156.24999864182124,JUMPING
846,33.84,209.28933715820312,117.95330810546875,2.9412682056427,False,15.130303382873535,False,88,0,88,double,2.604166644030354,156.24999864182124,JUMPING
847,33.88,209.50772094726562,117.509521484375,0.45298290252685547,False,15.228928565979004,False,88,0,88,double,2.604166644030354,156.24999864182124,JUMPING
848,33.92,207.43869018554688,114.97139739990234,2.540327787399292,False,16.42646598815918,False,88,0,88,double,2.604166644030354,156.24999864182124,JUMPING
849,33.96,203.95571899414062,111.47186279296875,3.5004849433898926,False,17.369888305664062,True,88,0,88,double,2.604166644030354,156.24999864182124,JUMPING
850,34.0,200.46763610839844,108.54071807861328,2.9315953254699707,False,18.071447372436523,True,88,0,88,double,2.604166644030354,156.24999864182124,JUMPING
851,34.04,198.05990600585938,106.9253921508789,1.6205803155899048,False,18.870088577270508,True,88,0,88,double,2.604166644030354,156.24999864182124,JUMPING
852,34.08,197.23947143554688,106.85205078125,0.1069173514842987,False,18.706623077392578,True,88,0,88,double,2.604166644030354,156.24999864182124,JUMPING
853,34.12,197.23678588867188,107.02400970458984,0.20918630063533783,False,18.29451560974121,True,88,0,88,double,2.604166644030354,156.24999864182124,JUMPING
854,34.16,200.33888244628906,110.86222076416016,3.8398990631103516,False,18.30675506591797,True,88,0,88,double,2.604166644030354,156.24999864182124,JUMPING
855,34.2,204.17642211914062,114.9893569946289,4.127214431762695,False,16.97945213317871,False,89,0,89,double,2.6041640166039124,156.24984099623475,JUMPING
856,34.24,206.22650146484375,117.34441375732422,2.355219841003418,False,16.2011661529541,False,89,0,89,double,2.6041640166039124,156.24984099623475,JUMPING
857,34.28,207.94760131835938,118.26348876953125,0.9204062223434448,False,14.850743293762207,False,89,0,89,double,2.6041640166039124,156.24984099623475,JUMPING
858,34.32,207.39202880859375,117.29898834228516,0.9650120139122009,False,15.690224647521973,False,89,0,89,double,2.6041640166039124,156.24984099623475,JUMPING
859,34.36,205.0215301513672,114.1843490600586,3.1191742420196533,False,16.161544799804688,False,89,0,89,double,2.6041640166039124,156.24984099623475,JUMPING
860,34.4,200.70339965820312,110.00984954833984,4.178279876708984,False,16.794347763061523,True,89,0,89,double,2.6041640166039124,156.24984099623475,JUMPING
861,34.44,198.46868896484375,107.75458526611328,2.2572219371795654,False,17.196399688720703,True,89,0,89,double,2.6041640166039124,156.24984099623475,JUMPING
862,34.48,197.0860595703125,106.64058685302734,1.1140726804733276,False,17.595705032348633,True,89,0,89,double,2.6041640166039124,156.24984099623475,JUMPING
863,34.52,197.09422302246094,107.03389739990234,0.41286760568618774,False,17.759126663208008,True,89,0,89,double,2.6041640166039124,156.24984099623475,JUMPING
864,34.56,200.77249145507812,111.35464477539062,4.322514057159424,False,18.343355178833008,True,89,0,89,double,2.6041640166039124,156.24984099623475,JUMPING
865,34.6,202.96031188964844,114.13993072509766,2.7852890491485596,False,18.39944076538086,False,90,0,90,double,2.551021638549201,153.06129831295206,JUMPING
866,34.64,206.823974609375,117.38289642333984,3.2496116161346436,False,16.46742820739746,False,90,0,90,double,2.551021638549201,153.06129831295206,JUMPING
867,34.68,209.61370849609375,118.94671630859375,1.5682508945465088,False,15.642203330993652,False,90,0,90,double,2.551021638549201,153.06129831295206,JUMPING
868,34.72,209.380126953125,118.03125762939453,0.9599286317825317,False,15.719032287597656,False,90,0,90,double,2.551021638549201,153.06129831295206,JUMPING
869,34.76,207.4222412109375,115.0815200805664,2.9498050212860107,False,16.83642578125,False,90,0,90,double,2.551021638549201,153.06129831295206,JUMPING
870,34.8,203.74215698242188,111.69132232666016,3.3910179138183594,False,17.757301330566406,True,90,0,90,double,2.551021638549201,153.06129831295206,JUMPING
871,34.84,200.7288818359375,109.1836166381836,2.508162498474121,False,17.027469635009766,True,90,0,90,double,2.551021638549201,153.06129831295206,JUMPING
872,34.88,199.0603485107422,108.1852798461914,0.9986959099769592,False,16.59562873840332,True,90,0,90,double,2.551021638549201,153.06129831295206,JUMPING
873,34.92,198.53768920898438,108.3955307006836,0.21413709223270416,False,16.872722625732422,True,90,0,90,double,2.551021638549201,153.06129831295206,JUMPING
874,34.96,201.88174438476562,112.40454864501953,4.009105205535889,False,16.70111656188965,True,90,0,90,double,2.551021638549201,153.06129831295206,JUMPING
875,35.0,205.7805938720703,116.17330932617188,3.7705867290496826,False,14.946418762207031,False,91,0,91,double,2.4999999627470975,149.99999776482585,JUMPING
876,35.04,207.32363891601562,116.79953002929688,0.6276265382766724,False,14.743228912353516,False,91,0,91,double,2.4999999627470975,149.99999776482585,JUMPING
877,35.08,206.41580200195312,115.33995819091797,1.5014901161193848,False,15.174779891967773,False,91,0,91,double,2.4999999627470975,149.99999776482585,JUMPING
878,35.12,205.4611053466797,114.06585693359375,1.2741105556488037,False,15.734441757202148,True,91,0,91,double,2.4999999627470975,149.99999776482585,JUMPING
879,35.16,204.21469116210938,111.07760620117188,2.9895498752593994,False,15.642690658569336,True,91,0,91,double,2.4999999627470975,149.99999776482585,JUMPING
880,35.2,199.31222534179688,108.15253448486328,2.928758382797241,False,15.604456901550293,True,91,0,91,double,2.4999999627470975,149.99999776482585,JUMPING
881,35.24,196.6842041015625,106.5518569946289,1.6006898880004883,False,15.047412872314453,True,91,0,91,double,2.4999999627470975,149.99999776482585,JUMPING
882,35.28,197.74417114257812,107.74857330322266,1.204946756362915,False,15.781710624694824,True,91,0,91,double,2.4999999627470975,149.99999776482585,JUMPING
883,35.32,199.03936767578125,108.74533081054688,1.0044625997543335,False,16.03118324279785,True,91,0,91,double,2.4999999627470975,149.99999776482585,JUMPING
884,35.36,201.76544189453125,111.31340789794922,2.5704569816589355,False,17.589298248291016,True,91,0,91,double,2.4999999627470975,149.99999776482585,JUMPING
885,35.4,206.77468872070312,115.82939910888672,4.521202087402344,False,16.495677947998047,False,92,0,92,double,2.551016595991426,153.06099575948556,JUMPING
886,35.44,208.64004516601562,116.91889190673828,1.1064209938049316,False,16.225271224975586,False,92,0,92,double,2.551016595991426,153.06099575948556,JUMPING
887,35.48,207.61087036132812,114.99308013916016,1.937135100364685,False,16.533958435058594,False,92,0,92,double,2.551016595991426,153.06099575948556,JUMPING
888,35.52,206.26226806640625,113.59928131103516,1.3947420120239258,False,17.752790451049805,False,92,0,92,double,2.551016595991426,153.06099575948556,JUMPING
889,35.56,202.27731323242188,109.96429443359375,3.635880708694458,False,18.286758422851562,True,92,0,92,double,2.551016595991426,153.06099575948556,JUMPING
890,35.6,199.41537475585938,107.53144073486328,2.432854175567627,False,18.255096435546875,True,92,0,92,double,2.551016595991426,153.06099575948556,JUMPING
891,35.64,198.76869201660156,107.0950698852539,0.46506455540657043,False,18.490022659301758,True,92,0,92,double,2.551016595991426,153.06099575948556,JUMPING
892,35.68,198.67689514160156,107.21825408935547,0.12386272847652435,False,18.673295974731445,True,92,0,92,double,2.551016595991426,153.06099575948556,JUMPING
893,35.72,202.37545776367188,110.80927276611328,3.5910186767578125,False,18.020553588867188,True,92,0,92,double,2.551016595991426,153.06099575948556,JUMPING
894,35.76,206.02386474609375,115.0353012084961,4.226284503936768,False,16.682079315185547,False,93,0,93,double,2.551021638549201,153.06129831295206,JUMPING
895,35.8,208.60104370117188,117.31070709228516,2.2777020931243896,False,15.087767601013184,False,93,0,93,double,2.551021638549201,153.06129831295206,JUMPING
896,35.84,208.77919006347656,116.6170883178711,0.694104790687561,False,15.431309700012207,False,93,0,93,double,2.551021638549201,153.06129831295206,JUMPING
897,35.88,206.5081024169922,114.02542877197266,2.591827630996704,False,16.87485122680664,False,93,0,93,double,2.551021638549201,153.06129831295206,JUMPING
898,35.92,202.57821655273438,110.56320190429688,3.4664809703826904,False,17.79213523864746,False,93,0,93,double,2.551021638549201,153.06129831295206,JUMPING
899,35.96,199.40472412109375,108.2838363647461,2.27939772605896,False,18.144908905029297,True,93,0,93,double,2.551021638549201,153.06129831295206,JUMPING
900,36.0,197.67225646972656,107.19844818115234,1.0998539924621582,False,17.32021141052246,True,93,0,93,double,2.551021638549201,153.06129831295206,JUMPING
901,36.04,197.17918395996094,107.5730972290039,0.3754044771194458,False,16.333011627197266,True,93,0,93,double,2.551021638549201,153.06129831295206,JUMPING
902,36.08,199.0899658203125,109.7307357788086,2.1576530933380127,False,16.023174285888672,True,93,0,93,double,2.551021638549201,153.06129831295206,JUMPING
903,36.12,202.02194213867188,113.1670150756836,3.438934326171875,False,15.731992721557617,False,94,0,94,double,2.6041690693517756,156.25014416110653,JUMPING
904,36.16,205.5999755859375,116.85796356201172,3.6968092918395996,False,14.314399719238281,False,94,0,94,double,2.6041690693517756,156.25014416110653,JUMPING
905,36.2,207.70999145507812,118.17922973632812,1.3335750102996826,False,14.038101196289062,False,94,0,94,double,2.6041690693517756,156.25014416110653,JUMPING
906,36.24,207.36729431152344,116.65767669677734,1.5230168104171753,False,14.724113464355469,False,94,0,94,double,2.6041690693517756,156.25014416110653,JUMPING
907,36.28,204.01852416992188,113.37194061279297,3.2859692573547363,False,15.693798065185547,False,94,0,94,double,2.6041690693517756,156.25014416110653,JUMPING
908,36.32,200.8612823486328,110.1069107055664,3.2699007987976074,False,16.40924072265625,True,94,0,94,double,2.6041690693517756,156.25014416110653,JUMPING
909,36.36,198.21104431152344,108.2305679321289,1.8824107646942139,False,16.865175247192383,True,94,0,94,double,2.6041690693517756,156.25014416110653,JUMPING
910,36.4,197.06741333007812,107.42882537841797,0.8038530945777893,False,17.0427188873291,True,94,0,94,double,2.6041690693517756,156.25014416110653,JUMPING
911,36.44,197.6456756591797,108.04944610595703,0.6873242855072021,False,17.310867309570312,True,94,0,94,double,2.6041690693517756,156.25014416110653,JUMPING
912,36.48,199.28973388671875,110.60037231445312,2.5781617164611816,False,17.07230567932129,True,94,0,94,double,2.6041690693517756,156.25014416110653,JUMPING
913,36.52,202.69888305664062,114.240478515625,3.6571216583251953,False,16.181291580200195,False,95,0,95,double,2.6041640166039124,156.24984099623475,JUMPING
914,36.56,206.54837036132812,117.15227508544922,2.9118120670318604,False,15.01523494720459,False,95,0,95,double,2.6041640166039124,156.24984099623475,JUMPING
915,36.6,207.76803588867188,117.54450225830078,0.7628869414329529,False,14.348535537719727,False,95,0,95,double,2.6041640166039124,156.24984099623475,JUMPING
916,36.64,206.82858276367188,115.44567108154297,2.159146308898926,False,15.766727447509766,False,95,0,95,double,2.6041640166039124,156.24984099623475,JUMPING
917,36.68,203.7513427734375,112.0380630493164,3.448489189147949,False,16.36935806274414,True,95,0,95,double,2.6041640166039124,156.24984099623475,JUMPING
918,36.72,199.9173583984375,109.11884307861328,2.9676201343536377,False,17.011999130249023,True,95,0,95,double,2.6041640166039124,156.24984099623475,JUMPING
919,36.76,197.091796875,107.85018920898438,1.4830126762390137,False,17.482568740844727,True,95,0,95,double,2.6041640166039124,156.24984099623475,JUMPING
920,36.8,197.00518798828125,107.90139770507812,0.9252767562866211,False,17.48499298095703,True,95,0,95,double,2.6041640166039124,156.24984099623475,JUMPING
921,36.84,198.5039520263672,109.91460418701172,2.1007421016693115,False,17.293529510498047,True,95,0,95,double,2.6041640166039124,156.24984099623475,JUMPING
922,36.88,201.87461853027344,113.22830963134766,3.3955841064453125,False,16.716794967651367,True,95,0,95,double,2.6041640166039124,156.24984099623475,JUMPING
923,36.92,206.04241943359375,117.25799560546875,4.058514595031738,False,16.06296157836914,False,96,0,96,double,2.6041690693517756,156.25014416110653,JUMPING
924,36.96,209.1157684326172,119.80223846435547,2.547034502029419,False,14.97207260131836,False,96,0,96,double,2.6041690693517756,156.25014416110653,JUMPING
925,37.0,209.20660400390625,119.65201568603516,0.2016199380159378,False,15.053938865661621,False,96,0,96,double,2.6041690693517756,156.25014416110653,JUMPING
926,37.04,206.7852783203125,117.1756362915039,2.529209852218628,False,14.304994583129883,False,96,0,96,double,2.6041690693517756,156.25014416110653,JUMPING
927,37.08,203.41078186035156,114.0581283569336,3.150712251663208,False,15.120087623596191,False,96,0,96,double,2.6041690693517756,156.25014416110653,JUMPING
928,37.12,200.18289184570312,111.22049713134766,2.9303557872772217,False,15.876293182373047,True,96,0,96,double,2.6041690693517756,156.25014416110653,JUMPING
929,37.16,198.2613983154297,109.71883392333984,1.6248023509979248,False,16.94226837158203,True,96,0,96,double,2.6041690693517756,156.25014416110653,JUMPING
930,37.2,197.63818359375,109.77725982666016,0.5172189474105835,False,17.86100959777832,True,96,0,96,double,2.6041690693517756,156.25014416110653,JUMPING
931,37.24,199.11264038085938,111.33990478515625,1.6493151187896729,False,17.864952087402344,True,96,0,96,double,2.6041690693517756,156.25014416110653,JUMPING
932,37.28,202.11740112304688,114.74588775634766,3.4169070720672607,False,18.151247024536133,True,96,0,96,double,2.6041690693517756,156.25014416110653,JUMPING
933,37.32,205.80276489257812,118.2596206665039,3.5234031677246094,False,17.13641929626465,False,97,0,97,double,2.6041690693517756,156.25014416110653,JUMPING
934,37.36,208.26522827148438,120.23021697998047,1.9965745210647583,False,16.456480026245117,False,97,0,97,double,2.6041690693517756,156.25014416110653,JUMPING
935,37.4,205.74183654785156,117.29696655273438,3.1446924209594727,False,17.780729293823242,False,97,0,97,double,2.6041690693517756,156.25014416110653,JUMPING
936,37.44,203.4344482421875,115.61474609375,1.7312153577804565,False,18.503952026367188,True,97,0,97,double,2.6041690693517756,156.25014416110653,JUMPING
937,37.48,200.54049682617188,113.31954193115234,2.330451726913452,False,18.90595054626465,True,97,0,97,double,2.6041690693517756,156.25014416110653,JUMPING
938,37.52,199.24549865722656,112.00799560546875,1.3171478509902954,False,18.7970027923584,True,97,0,97,double,2.6041690693517756,156.25014416110653,JUMPING
939,37.56,197.63848876953125,111.17179107666016,0.8368226289749146,False,19.390554428100586,True,97,0,97,double,2.6041690693517756,156.25014416110653,JUMPING
940,37.6,197.83599853515625,111.70484161376953,0.5477888584136963,False,19.562036514282227,True,97,0,97,double,2.6041690693517756,156.25014416110653,JUMPING
941,37.64,197.8468475341797,112.51239776611328,0.8092811107635498,False,19.50405502319336,True,97,0,97,double,2.6041690693517756,156.25014416110653,JUMPING
942,37.68,201.1614227294922,117.0224380493164,4.518950939178467,False,19.111047744750977,True,97,0,97,double,2.6041690693517756,156.25014416110653,JUMPING
943,37.72,206.11990356445312,120.61246490478516,3.5928540229797363,False,17.42106819152832,False,98,0,98,double,2.551016595991426,153.06099575948556,JUMPING
944,37.76,207.48016357421875,122.18933868408203,1.6020277738571167,False,16.68566131591797,False,98,0,98,double,2.551016595991426,153.06099575948556,JUMPING
945,37.8,205.1718292236328,121.0112075805664,1.1991952657699585,False,17.294029235839844,False,98,0,98,double,2.551016595991426,153.06099575948556,JUMPING
946,37.84,201.49127197265625,118.32268524169922,2.6899020671844482,False,17.693439483642578,True,98,0,98,double,2.551016595991426,153.06099575948556,JUMPING
947,37.88,197.92916870117188,115.471923828125,2.9031224250793457,False,18.689695358276367,True,98,0,98,double,2.551016595991426,153.06099575948556,JUMPING
948,37.92,196.16482543945312,114.04421997070312,1.4790360927581787,False,19.532779693603516,True,98,0,98,double,2.551016595991426,153.06099575948556,JUMPING
949,37.96,195.6431427001953,113.52213287353516,0.6571395397186279,False,19.007652282714844,True,98,0,98,double,2.551016595991426,153.06099575948556,JUMPING
950,38.0,195.5054931640625,113.31500244140625,0.23282884061336517,False,18.45026969909668,True,98,0,98,double,2.551016595991426,153.06099575948556,JUMPING
951,38.04,199.2519073486328,116.862548828125,3.568183660507202,False,18.650293350219727,True,98,0,98,double,2.551016595991426,153.06099575948556,JUMPING
952,38.08,203.99978637695312,120.53872680664062,3.703268051147461,False,17.414213180541992,False,99,0,99,double,2.551016595991426,153.06099575948556,JUMPING
953,38.12,206.56640625,122.56298828125,2.032689094543457,False,16.996349334716797,False,99,0,99,double,2.551016595991426,153.06099575948556,JUMPING
954,38.16,206.99586486816406,122.66728973388672,0.10430220514535904,False,16.679433822631836,False,99,0,99,double,2.551016595991426,153.06099575948556,JUMPING
955,38.2,206.93649291992188,122.44414520263672,0.2233528196811676,False,16.610036849975586,False,99,0,99,double,2.551016595991426,153.06099575948556,JUMPING
956,38.24,204.8291473388672,119.6644287109375,2.7818872928619385,False,16.780122756958008,False,99,0,99,double,2.551016595991426,153.06099575948556,JUMPING
957,38.28,201.48211669921875,116.03155517578125,3.6460039615631104,False,16.771224975585938,True,99,0,99,double,2.551016595991426,153.06099575948556,JUMPING
958,38.32,198.189697265625,112.61441802978516,3.5024526119232178,False,16.16396141052246,True,99,0,99,double,2.551016595991426,153.06099575948556,JUMPING
959,38.36,196.85116577148438,111.44733428955078,1.5858848094940186,False,14.99454402923584,True,99,0,99,double,2.551016595991426,153.06099575948556,JUMPING
960,38.4,197.05691528320312,112.00665283203125,1.6340739727020264,False,15.183117866516113,True,99,0,99,double,2.551016595991426,153.06099575948556,JUMPING
961,38.44,199.0658721923828,114.27645111083984,2.734297037124634,False,15.613917350769043,False,100,0,100,double,2.6041690693517756,156.25014416110653,JUMPING
962,38.48,202.75704956054688,117.0370101928711,3.3331639766693115,False,14.932762145996094,False,100,0,100,double,2.6041690693517756,156.25014416110653,JUMPING
963,38.52,205.25970458984375,118.7112045288086,2.131056070327759,False,14.016570091247559,False,100,0,100,double,2.6041690693517756,156.25014416110653,JUMPING
964,38.56,206.60989379882812,119.50634002685547,0.9626049399375916,False,13.765610694885254,False,100,0,100,double,2.6041690693517756,156.25014416110653,JUMPING
965,38.6,203.90023803710938,115.59394073486328,3.9592409133911133,False,14.774115562438965,False,100,0,100,double,2.6041690693517756,156.25014416110653,JUMPING
966,38.64,200.48048400878906,111.42774200439453,4.193378925323486,False,16.4554386138916,True,100,0,100,double,2.6041690693517756,156.25014416110653,JUMPING
967,38.68,197.123046875,108.49706268310547,2.957951068878174,False,17.747661590576172,True,100,0,100,double,2.6041690693517756,156.25014416110653,JUMPING
968,38.72,195.85537719726562,106.98885345458984,1.5768053531646729,False,18.275434494018555,True,100,0,100,double,2.6041690693517756,156.25014416110653,JUMPING
969,38.76,195.62091064453125,107.4610824584961,0.5746617317199707,False,17.979398727416992,True,100,0,100,double,2.6041690693517756,156.25014416110653,JUMPING
970,38.8,197.25270080566406,109.52826690673828,2.0775973796844482,False,17.73181915283203,True,100,0,100,double,2.6041690693517756,156.25014416110653,JUMPING
971,38.84,198.40264892578125,110.85201263427734,1.3540195226669312,False,17.310091018676758,True,100,0,100,double,2.6041690693517756,156.25014416110653,JUMPING
972,38.88,203.85704040527344,116.1251449584961,5.31781530380249,False,16.460433959960938,False,101,0,101,double,2.551016595991426,153.06099575948556,JUMPING
973,38.92,206.8525390625,119.09508514404297,2.9772415161132812,False,15.788854598999023,False,101,0,101,double,2.551016595991426,153.06099575948556,JUMPING
974,38.96,207.6504669189453,118.8896713256836,0.4911820590496063,False,15.162829399108887,False,101,0,101,double,2.551016595991426,153.06099575948556,JUMPING
975,39.0,205.87371826171875,116.20403289794922,2.6872339248657227,False,15.96649169921875,False,101,0,101,double,2.551016595991426,153.06099575948556,JUMPING
976,39.04,204.26217651367188,114.41510772705078,1.7933040857315063,False,16.673242568969727,True,101,0,101,double,2.551016595991426,153.06099575948556,JUMPING
977,39.08,199.83811950683594,110.6862564086914,3.7383506298065186,False,16.32196807861328,True,101,0,101,double,2.551016595991426,153.06099575948556,JUMPING
978,39.12,196.70407104492188,108.48844146728516,2.200949192047119,False,14.759124755859375,True,101,0,101,double,2.551016595991426,153.06099575948556,JUMPING
979,39.16,195.5654296875,108.0204086303711,0.5271008014678955,False,14.617509841918945,True,101,0,101,double,2.551016595991426,153.06099575948556,JUMPING
980,39.2,197.11428833007812,109.5336685180664,1.5415968894958496,False,15.950458526611328,True,101,0,101,double,2.551016595991426,153.06099575948556,JUMPING
981,39.24,200.46047973632812,112.6205825805664,3.147188663482666,False,15.996338844299316,True,101,0,101,double,2.551016595991426,153.06099575948556,JUMPING
982,39.28,205.5684051513672,116.43952178955078,3.8278520107269287,False,15.465700149536133,False,102,0,102,double,2.551021638549201,153.06129831295206,JUMPING
983,39.32,209.16656494140625,118.5858383178711,2.149649143218994,False,14.994952201843262,False,102,0,102,double,2.551021638549201,153.06129831295206,JUMPING
984,39.36,209.6043701171875,117.5120620727539,1.078223705291748,False,15.544942855834961,False,102,0,102,double,2.551021638549201,153.06129831295206,JUMPING
985,39.4,209.31976318359375,116.82396697998047,0.6948633790016174,False,16.305543899536133,False,102,0,102,double,2.551021638549201,153.06129831295206,JUMPING
986,39.44,203.658935546875,112.50553131103516,4.330222129821777,False,16.91107749938965,True,102,0,102,double,2.551021638549201,153.06129831295206,JUMPING
987,39.48,199.81246948242188,109.29656982421875,3.209322690963745,False,17.229522705078125,True,102,0,102,double,2.551021638549201,153.06129831295206,JUMPING
988,39.52,197.40591430664062,107.6987075805664,1.5998318195343018,False,16.09989356994629,True,102,0,102,double,2.551021638549201,153.06129831295206,JUMPING
989,39.56,196.55606079101562,107.00357055664062,0.7056881785392761,False,15.247749328613281,True,102,0,102,double,2.551021638549201,153.06129831295206,JUMPING
990,39.6,198.6749267578125,109.36083984375,2.3619637489318848,False,16.238269805908203,True,102,0,102,double,2.551021638549201,153.06129831295206,JUMPING
991,39.64,202.45565795898438,113.1501235961914,3.7894625663757324,False,16.586536407470703,False,103,0,103,double,2.6041690693517756,156.25014416110653,JUMPING
992,39.68,204.71438598632812,115.1844711303711,2.0351550579071045,False,16.57330322265625,False,103,0,103,double,2.6041690693517756,156.25014416110653,JUMPING
993,39.72,208.6634521484375,117.62520599365234,2.44928240776062,False,15.698016166687012,False,103,0,103,double,2.6041690693517756,156.25014416110653,JUMPING
994,39.76,210.89385986328125,118.70841217041016,1.0967992544174194,False,15.249930381774902,False,103,0,103,double,2.6041690693517756,156.25014416110653,JUMPING
995,39.8,207.202392578125,114.86109161376953,3.847566604614258,False,15.353938102722168,False,103,0,103,double,2.6041690693517756,156.25014416110653,JUMPING
996,39.84,202.75607299804688,110.8465347290039,4.022418022155762,False,16.12740707397461,True,103,0,103,double,2.6041690693517756,156.25014416110653,JUMPING
997,39.88,199.39093017578125,107.99303436279297,2.881561040878296,False,16.3641357421875,True,103,0,103,double,2.6041690693517756,156.25014416110653,JUMPING
998,39.92,197.0098876953125,106.48912811279297,1.548782229423523,False,16.571666717529297,True,103,0,103,double,2.6041690693517756,156.25014416110653,JUMPING
999,39.96,196.44564819335938,106.98699951171875,0.5870221853256226,False,15.852038383483887,True,103,0,103,double,2.6041690693517756,156.25014416110653,JUMPING
1000,40.0,196.41651916503906,107.38006591796875,0.4161774218082428,False,15.418854713439941,True,103,0,103,double,2.6041690693517756,156.25014416110653,JUMPING
1001,40.04,200.34115600585938,111.48213958740234,4.113039016723633,False,15.40789794921875,True,103,0,103,double,2.6041690693517756,156.25014416110653,JUMPING
1002,40.08,202.78424072265625,113.85314178466797,2.3766028881073,False,15.846681594848633,False,104,0,104,double,2.4999999627470975,149.99999776482585,JUMPING
1003,40.12,206.30068969726562,117.06810760498047,3.218977928161621,False,15.563672065734863,False,104,0,104,double,2.4999999627470975,149.99999776482585,JUMPING
1004,40.16,207.0792694091797,117.02901458740234,0.1432473063468933,False,15.296616554260254,False,104,0,104,double,2.4999999627470975,149.99999776482585,JUMPING
1005,40.2,204.62564086914062,114.5512924194336,2.4810311794281006,False,16.431079864501953,False,104,0,104,double,2.4999999627470975,149.99999776482585,JUMPING
1006,40.24,201.94464111328125,111.2728271484375,3.2792766094207764,False,15.55825138092041,True,104,0,104,double,2.4999999627470975,149.99999776482585,JUMPING
1007,40.28,200.18594360351562,109.51690673828125,1.7602648735046387,False,15.12797737121582,True,104,0,104,double,2.4999999627470975,149.99999776482585,JUMPING
1008,40.32,197.99404907226562,107.29595947265625,2.221538543701172,False,16.07402229309082,True,104,0,104,double,2.4999999627470975,149.99999776482585,JUMPING
1009,40.36,196.63699340820312,106.192138671875,1.137603998184204,False,16.952367782592773,True,104,0,104,double,2.4999999627470975,149.99999776482585,JUMPING
1010,40.4,196.56724548339844,107.1103286743164,0.9663519859313965,False,16.780460357666016,True,104,0,104,double,2.4999999627470975,149.99999776482585,JUMPING
1011,40.44,198.73468017578125,110.0816650390625,2.9930498600006104,False,17.096078872680664,True,104,0,104,double,2.4999999627470975,149.99999776482585,JUMPING
1012,40.48,203.2991943359375,114.1658706665039,4.084772109985352,False,16.115449905395508,False,105,0,105,double,2.4509793637995725,147.05876182797434,JUMPING
1013,40.52,206.20535278320312,116.37646484375,2.212049722671509,False,15.444332122802734,False,105,0,105,double,2.4509793637995725,147.05876182797434,JUMPING
1014,40.56,207.61001586914062,117.24042510986328,0.8653222322463989,False,14.317490577697754,False,105,0,105,double,2.4509793637995725,147.05876182797434,JUMPING
1015,40.6,206.22462463378906,115.23641967773438,2.019437074661255,False,15.698356628417969,False,105,0,105,double,2.4509793637995725,147.05876182797434,JUMPING
1016,40.64,203.0843505859375,111.9972152709961,3.2420449256896973,False,16.563161849975586,True,105,0,105,double,2.4509793637995725,147.05876182797434,JUMPING
1017,40.68,200.98251342773438,110.15108489990234,1.8467046022415161,False,17.176748275756836,True,105,0,105,double,2.4509793637995725,147.05876182797434,JUMPING
1018,40.72,198.6862030029297,108.0187759399414,2.133505344390869,False,17.611492156982422,True,105,0,105,double,2.4509793637995725,147.05876182797434,JUMPING
1019,40.76,197.07131958007812,107.0558090209961,1.0511136054992676,False,17.98348617553711,True,105,0,105,double,2.4509793637995725,147.05876182797434,JUMPING
1020,40.8,197.2177734375,107.89385986328125,0.8656252026557922,False,17.44544219970703,True,105,0,105,double,2.4509793637995725,147.05876182797434,JUMPING
1021,40.84,199.24815368652344,110.4312744140625,2.537907361984253,False,17.101179122924805,True,105,0,105,double,2.4509793637995725,147.05876182797434,JUMPING
1022,40.88,203.17767333984375,114.3136215209961,3.88389253616333,False,16.241256713867188,False,106,0,106,double,2.4999999627470975,149.99999776482585,JUMPING
1023,40.92,207.23829650878906,117.38143920898438,3.0681309700012207,False,14.76987075805664,False,106,0,106,double,2.4999999627470975,149.99999776482585,JUMPING
1024,40.96,208.78500366210938,118.8908462524414,1.5101042985916138,False,13.719061851501465,False,106,0,106,double,2.4999999627470975,149.99999776482585,JUMPING
1025,41.0,208.63653564453125,117.96688079833984,0.9398057460784912,False,13.53602123260498,False,106,0,106,double,2.4999999627470975,149.99999776482585,JUMPING
1026,41.04,203.8271942138672,113.30355072021484,4.667605876922607,False,14.745636940002441,False,106,0,106,double,2.4999999627470975,149.99999776482585,JUMPING
1027,41.08,199.6119384765625,109.31851959228516,3.985034227371216,False,15.832866668701172,True,106,0,106,double,2.4999999627470975,149.99999776482585,JUMPING
1028,41.12,196.06121826171875,107.09236907958984,2.2269015312194824,False,16.42266273498535,True,106,0,106,double,2.4999999627470975,149.99999776482585,JUMPING
1029,41.16,195.2940673828125,106.71676635742188,0.41089412569999695,False,16.612773895263672,True,106,0,106,double,2.4999999627470975,149.99999776482585,JUMPING
1030,41.2,195.04507446289062,106.50519561767578,0.25685104727745056,False,16.420116424560547,True,106,0,106,double,2.4999999627470975,149.99999776482585,JUMPING
1031,41.24,197.81719970703125,110.20169830322266,3.700557231903076,False,17.64612579345703,True,106,0,106,double,2.4999999627470975,149.99999776482585,JUMPING
1032,41.28,199.48391723632812,112.57882690429688,2.377554178237915,False,17.862939834594727,True,106,0,106,double,2.4999999627470975,149.99999776482585,JUMPING
1033,41.32,205.26792907714844,116.625,4.04675817489624,False,16.704374313354492,False,107,0,107,double,2.4509793637995725,147.05876182797434,JUMPING
1034,41.36,208.63357543945312,118.65771484375,2.0333032608032227,False,16.011892318725586,False,107,0,107,double,2.4509793637995725,147.05876182797434,JUMPING
1035,41.4,205.85284423828125,115.69415283203125,2.964358329772949,False,16.790090560913086,False,107,0,107,double,2.4509793637995725,147.05876182797434,JUMPING
1036,41.44,202.81002807617188,112.04483795166016,3.652071237564087,False,17.618892669677734,True,107,0,107,double,2.4509793637995725,147.05876182797434,JUMPING
1037,41.48,199.6362762451172,109.62821197509766,2.4187679290771484,False,15.47092056274414,True,107,0,107,double,2.4509793637995725,147.05876182797434,JUMPING
1038,41.52,198.02401733398438,108.39410400390625,1.2342756986618042,False,14.824816703796387,True,107,0,107,double,2.4509793637995725,147.05876182797434,JUMPING
1039,41.56,196.76837158203125,107.85465240478516,0.5400494933128357,False,14.888375282287598,True,107,0,107,double,2.4509793637995725,147.05876182797434,JUMPING
1040,41.6,198.42608642578125,110.46451568603516,2.6129629611968994,False,16.92953109741211,True,107,0,107,double,2.4509793637995725,147.05876182797434,JUMPING
1041,41.64,199.54888916015625,112.19064331054688,1.733488917350769,False,17.9611873626709,True,107,0,107,double,2.4509793637995725,147.05876182797434,JUMPING
1042,41.68,204.61312866210938,116.53839111328125,4.362149715423584,False,16.43593978881836,True,107,0,107,double,2.4509793637995725,147.05876182797434,JUMPING
1043,41.72,207.28244018554688,118.39571380615234,1.870211124420166,False,15.239572525024414,False,108,0,108,double,2.403844037706782,144.23064226240692,JUMPING
1044,41.76,206.17623901367188,117.37871551513672,1.0196608304977417,False,15.818470001220703,False,108,0,108,double,2.403844037706782,144.23064226240692,JUMPING
1045,41.8,203.78549194335938,114.4092788696289,2.9696903228759766,False,16.019760131835938,True,108,0,108,double,2.403844037706782,144.23064226240692,JUMPING
1046,41.84,200.7957763671875,111.66153717041016,2.748095750808716,False,15.323976516723633,True,108,0,108,double,2.403844037706782,144.23064226240692,JUMPING
1047,41.88,198.5194091796875,109.84310150146484,1.826343297958374,False,14.280235290527344,True,108,0,108,double,2.403844037706782,144.23064226240692,JUMPING
1048,41.92,197.51513671875,108.96871185302734,0.8762128949165344,False,13.920272827148438,True,108,0,108,double,2.403844037706782,144.23064226240692,JUMPING
1049,41.96,197.69363403320312,109.82867431640625,0.8600372672080994,False,14.583272933959961,True,108,0,108,double,2.403844037706782,144.23064226240692,JUMPING
1050,42.0,199.31292724609375,112.44338989257812,2.618436098098755,False,15.67326831817627,False,109,0,109,double,2.6041690693517756,156.25014416110653,JUMPING
1051,42.04,200.36184692382812,113.84201049804688,1.4008806943893433,False,16.46763038635254,False,109,0,109,double,2.6041690693517756,156.25014416110653,JUMPING
1052,42.08,205.24728393554688,116.96263885498047,3.154620409011841,False,14.648056030273438,False,109,0,109,double,2.6041690693517756,156.25014416110653,JUMPING
1053,42.12,208.1392364501953,118.62741088867188,1.6980303525924683,False,13.962690353393555,False,109,0,109,double,2.6041690693517756,156.25014416110653,JUMPING
1054,42.16,206.6717071533203,116.4922866821289,2.2360494136810303,False,14.272466659545898,False,109,0,109,double,2.6041690693517756,156.25014416110653,JUMPING
1055,42.2,205.60511779785156,115.1795654296875,1.3959407806396484,False,13.971789360046387,False,109,0,109,double,2.6041690693517756,156.25014416110653,JUMPING
1056,42.24,201.3521728515625,111.57218170166016,3.6776342391967773,False,14.46318244934082,True,109,0,109,double,2.6041690693517756,156.25014416110653,JUMPING
1057,42.28,198.3271484375,109.54855346679688,2.1136698722839355,False,15.098947525024414,True,109,0,109,double,2.6041690693517756,156.25014416110653,JUMPING
1058,42.32,197.03866577148438,109.40362548828125,0.3298887610435486,False,16.49547576904297,True,109,0,109,double,2.6041690693517756,156.25014416110653,JUMPING
1059,42.36,198.14382934570312,111.14513397216797,1.7415202856063843,False,16.55389976501465,True,109,0,109,double,2.6041690693517756,156.25014416110653,JUMPING
1060,42.4,200.66197204589844,114.004150390625,2.859048366546631,False,16.512807846069336,False,110,0,110,double,2.6041640166039124,156.24984099623475,JUMPING
1061,42.44,202.44686889648438,115.69376373291016,1.690029263496399,False,16.438058853149414,False,110,0,110,double,2.6041640166039124,156.24984099623475,JUMPING
1062,42.48,206.26377868652344,117.89527130126953,2.2016475200653076,False,15.744460105895996,False,110,0,110,double,2.6041640166039124,156.24984099623475,JUMPING
1063,42.52,208.30892944335938,119.07817840576172,1.1880979537963867,False,15.154465675354004,False,110,0,110,double,2.6041640166039124,156.24984099623475,JUMPING
1064,42.56,208.59039306640625,117.54601287841797,1.532299518585205,False,15.353059768676758,False,110,0,110,double,2.6041640166039124,156.24984099623475,JUMPING
1065,42.6,205.870849609375,114.6407699584961,2.9059698581695557,False,16.40983772277832,False,110,0,110,double,2.6041640166039124,156.24984099623475,JUMPING
1066,42.64,201.68496704101562,111.49236297607422,3.1490345001220703,False,16.6868896484375,True,110,0,110,double,2.6041640166039124,156.24984099623475,JUMPING
1067,42.68,198.5482177734375,109.17459869384766,2.3572046756744385,False,17.729496002197266,True,110,0,110,double,2.6041640166039124,156.24984099623475,JUMPING
1068,42.72,197.1839599609375,108.30530548095703,0.8795028924942017,False,17.012638092041016,True,110,0,110,double,2.6041640166039124,156.24984099623475,JUMPING
1069,42.76,198.03115844726562,110.8182144165039,2.521559953689575,False,17.659263610839844,True,110,0,110,double,2.6041640166039124,156.24984099623475,JUMPING
1070,42.8,199.0301513671875,112.3762435913086,1.5595347881317139,False,17.491230010986328,True,110,0,110,double,2.6041640166039124,156.24984099623475,JUMPING
1071,42.84,201.48309326171875,115.3200454711914,2.9594428539276123,False,16.82290267944336,False,111,0,111,double,2.551021638549201,153.06129831295206,JUMPING
1072,42.88,205.54132080078125,117.8028335571289,2.4847936630249023,False,14.852846145629883,False,111,0,111,double,2.551021638549201,153.06129831295206,JUMPING
1073,42.92,207.79168701171875,118.87166595458984,1.0691388845443726,False,13.71239185333252,False,111,0,111,double,2.551021638549201,153.06129831295206,JUMPING
1074,42.96,206.9632110595703,117.28409576416016,1.5876312255859375,False,13.312655448913574,False,111,0,111,double,2.551021638549201,153.06129831295206,JUMPING
1075,43.0,204.23721313476562,114.09549713134766,3.190152645111084,False,14.286205291748047,False,111,0,111,double,2.551021638549201,153.06129831295206,JUMPING
1076,43.04,199.90301513671875,110.73975372314453,3.3560709953308105,False,15.660813331604004,True,111,0,111,double,2.551021638549201,153.06129831295206,JUMPING
1077,43.08,197.43209838867188,109.28211212158203,1.4752166271209717,False,16.094972610473633,True,111,0,111,double,2.551021638549201,153.06129831295206,JUMPING
1078,43.12,197.31381225585938,109.7974624633789,0.6430955529212952,False,16.411396026611328,True,111,0,111,double,2.551021638549201,153.06129831295206,JUMPING
1079,43.16,197.34732055664062,110.29915618896484,0.5312952399253845,False,16.215496063232422,True,111,0,111,double,2.551021638549201,153.06129831295206,JUMPING
1080,43.2,199.5931854248047,112.70496368408203,2.405837297439575,False,16.939462661743164,False,112,0,112,double,2.65957287273766,159.5743723642596,JUMPING
1081,43.24,202.83251953125,116.07299041748047,3.369377613067627,False,14.548989295959473,False,112,0,112,double,2.65957287273766,159.5743723642596,JUMPING
1082,43.28,205.56103515625,117.391357421875,1.3213454484939575,False,14.28890609741211,False,112,0,112,double,2.65957287273766,159.5743723642596,JUMPING
1083,43.32,205.77157592773438,116.07904052734375,1.3897514343261719,False,14.687080383300781,False,112,0,112,double,2.65957287273766,159.5743723642596,JUMPING
1084,43.36,205.30178833007812,115.2774658203125,0.8383848071098328,False,15.428318977355957,False,112,0,112,double,2.65957287273766,159.5743723642596,JUMPING
1085,43.4,201.0308380126953,111.56525421142578,3.7536725997924805,False,15.789722442626953,True,112,0,112,double,2.65957287273766,159.5743723642596,JUMPING
1086,43.44,198.0563507080078,109.0931625366211,2.5067203044891357,False,17.026554107666016,True,112,0,112,double,2.65957287273766,159.5743723642596,JUMPING
1087,43.48,196.32289123535156,107.94031524658203,1.1576623916625977,False,17.601102828979492,True,112,0,112,double,2.65957287273766,159.5743723642596,JUMPING
1088,43.52,197.26651000976562,109.22071075439453,1.3501499891281128,False,17.885007858276367,True,112,0,112,double,2.65957287273766,159.5743723642596,JUMPING
1089,43.56,200.09649658203125,112.4321060180664,3.238128423690796,False,17.26432228088379,False,113,0,113,double,2.7173910789994715,163.0434647399683,JUMPING
1090,43.6,201.91360473632812,114.4259262084961,1.9967564344406128,False,17.029218673706055,False,113,0,113,double,2.7173910789994715,163.0434647399683,JUMPING
1091,43.64,206.73434448242188,117.92282104492188,3.537992477416992,False,16.24557113647461,False,113,0,113,double,2.7173910789994715,163.0434647399683,JUMPING
1092,43.68,208.43222045898438,118.37364959716797,0.5527247190475464,False,15.715019226074219,False,113,0,113,double,2.7173910789994715,163.0434647399683,JUMPING
1093,43.72,206.4300537109375,116.1538314819336,2.223503589630127,False,15.820133209228516,False,113,0,113,double,2.7173910789994715,163.0434647399683,JUMPING
1094,43.76,202.94239807128906,112.99478912353516,3.159587860107422,False,16.519651412963867,False,113,0,113,double,2.7173910789994715,163.0434647399683,JUMPING
1095,43.8,199.7384033203125,110.19747161865234,2.801534414291382,False,17.002016067504883,True,113,0,113,double,2.7173910789994715,163.0434647399683,JUMPING
1096,43.84,197.7911834716797,108.65813446044922,1.5393450260162354,False,16.435102462768555,True,113,0,113,double,2.7173910789994715,163.0434647399683,JUMPING
1097,43.88,197.1265869140625,108.62165069580078,0.1465807408094406,False,15.50168228149414,True,113,0,113,double,2.7173910789994715,163.0434647399683,JUMPING
1098,43.92,198.60134887695312,110.0082015991211,1.4078912734985352,False,14.59514331817627,True,113,0,113,double,2.7173910789994715,163.0434647399683,JUMPING
1099,43.96,199.76995849609375,111.02483367919922,1.0255115032196045,False,14.36898136138916,False,114,0,114,double,2.551021638549201,153.06129831295206,JUMPING
1100,44.0,204.42738342285156,115.727783203125,4.709393501281738,False,14.11738395690918,False,114,0,114,double,2.551021638549201,153.06129831295206,JUMPING
1101,44.04,207.10284423828125,118.6322250366211,2.904770851135254,False,13.97327709197998,False,114,0,114,double,2.551021638549201,153.06129831295206,JUMPING
1102,44.08,209.32095336914062,119.95281982421875,1.3336286544799805,False,13.87410831451416,False,114,0,114,double,2.551021638549201,153.06129831295206,JUMPING
1103,44.12,208.64590454101562,118.46890258789062,1.4852012395858765,False,14.586455345153809,False,114,0,114,double,2.551021638549201,153.06129831295206,JUMPING
1104,44.16,205.3958740234375,115.2168197631836,3.252107858657837,False,14.94417953491211,False,114,0,114,double,2.551021638549201,153.06129831295206,JUMPING
1105,44.2,200.266845703125,110.4447250366211,4.781109809875488,False,16.016630172729492,True,114,0,114,double,2.551021638549201,153.06129831295206,JUMPING
1106,44.24,197.0396728515625,107.92838287353516,2.5515410900115967,False,14.834213256835938,True,114,0,114,double,2.551021638549201,153.06129831295206,JUMPING
1107,44.28,195.30960083007812,106.73271942138672,1.2071517705917358,False,14.222402572631836,True,114,0,114,double,2.551021638549201,153.06129831295206,JUMPING
1108,44.32,196.085693359375,108.68306732177734,1.9727706909179688,False,14.187511444091797,True,114,0,114,double,2.551021638549201,153.06129831295206,JUMPING
1109,44.36,198.53213500976562,112.12261199951172,3.466122627258301,False,14.852535247802734,True,114,0,114,double,2.551021638549201,153.06129831295206,JUMPING
1110,44.4,200.1839599609375,114.1287612915039,2.0067505836486816,False,15.392085075378418,True,114,0,114,double,2.551021638549201,153.06129831295206,JUMPING
1111,44.44,204.01153564453125,117.1575927734375,3.0304152965545654,False,14.851568222045898,False,115,0,115,double,2.45098383959491,147.0590303756946,JUMPING
1112,44.48,205.50396728515625,117.45201873779297,0.29767173528671265,False,14.664335250854492,False,115,0,115,double,2.45098383959491,147.0590303756946,JUMPING
1113,44.52,204.38003540039062,115.33477020263672,2.126932144165039,False,14.31268310546875,False,115,0,115,double,2.45098383959491,147.0590303756946,JUMPING
1114,44.56,201.93496704101562,112.05670166015625,3.2789368629455566,False,15.882421493530273,True,115,0,115,double,2.45098383959491,147.0590303756946,JUMPING
1115,44.6,198.9635009765625,109.46442413330078,2.5998315811157227,False,16.25914192199707,True,115,0,115,double,2.45098383959491,147.0590303756946,JUMPING
1116,44.64,196.49380493164062,107.89490509033203,1.5789659023284912,False,16.63290023803711,True,115,0,115,double,2.45098383959491,147.0590303756946,JUMPING
1117,44.68,195.99658203125,107.824462890625,0.12771925330162048,False,16.236164093017578,True,115,0,115,double,2.45098383959491,147.0590303756946,JUMPING
1118,44.72,197.2840118408203,109.48242950439453,1.6593109369277954,False,16.71660804748535,True,115,0,115,double,2.45098383959491,147.0590303756946,JUMPING
1119,44.76,198.25399780273438,110.65567779541016,1.1733118295669556,False,16.961668014526367,True,115,0,115,double,2.45098383959491,147.0590303756946,JUMPING
1120,44.8,202.80010986328125,115.1033935546875,4.449433326721191,False,16.9853458404541,False,116,0,116,double,2.551021638549201,153.06129831295206,JUMPING
1121,44.84,206.89456176757812,117.54010772705078,2.436978340148926,False,15.973488807678223,False,116,0,116,double,2.551021638549201,153.06129831295206,JUMPING
1122,44.88,207.59262084960938,116.76754760742188,0.7799287438392639,False,15.456838607788086,False,116,0,116,double,2.551021638549201,153.06129831295206,JUMPING
1123,44.92,205.02783203125,113.9411849975586,2.828984260559082,False,16.29341697692871,False,116,0,116,double,2.551021638549201,153.06129831295206,JUMPING
1124,44.96,203.5174560546875,112.24945068359375,1.691744327545166,False,16.45844078063965,True,116,0,116,double,2.551021638549201,153.06129831295206,JUMPING
1125,45.0,200.22361755371094,109.18630981445312,3.063201427459717,False,15.840832710266113,True,116,0,116,double,2.551021638549201,153.06129831295206,JUMPING
1126,45.04,198.43118286132812,107.80926513671875,1.378432035446167,False,15.64394474029541,True,116,0,116,double,2.551021638549201,153.06129831295206,JUMPING
1127,45.08,198.21087646484375,108.1517562866211,0.3501984179019928,False,15.462124824523926,True,116,0,116,double,2.551021638549201,153.06129831295206,JUMPING
1128,45.12,199.82504272460938,110.4450912475586,2.293809652328491,False,16.195316314697266,True,116,0,116,double,2.551021638549201,153.06129831295206,JUMPING
1129,45.16,200.74880981445312,111.67401885986328,1.2314579486846924,False,16.78285789489746,False,117,0,117,double,2.551021638549201,153.06129831295206,JUMPING
1130,45.2,205.07000732421875,115.54436492919922,3.8753228187561035,False,15.518461227416992,False,117,0,117,double,2.551021638549201,153.06129831295206,JUMPING
1131,45.24,206.62808227539062,116.46133422851562,0.9170780181884766,False,14.608863830566406,False,117,0,117,double,2.551021638549201,153.06129831295206,JUMPING
1132,45.28,205.75384521484375,115.14473724365234,1.3711402416229248,False,14.983572959899902,False,117,0,117,double,2.551021638549201,153.06129831295206,JUMPING
1133,45.32,203.01951599121094,112.34439849853516,2.815829277038574,False,16.13025665283203,True,117,0,117,double,2.551021638549201,153.06129831295206,JUMPING
1134,45.36,199.9124755859375,109.42669677734375,2.917968273162842,False,15.357850074768066,True,117,0,117,double,2.551021638549201,153.06129831295206,JUMPING
1135,45.4,197.533203125,107.5702133178711,1.8566746711730957,False,16.22768211364746,True,117,0,117,double,2.551021638549201,153.06129831295206,JUMPING
1136,45.44,196.22628784179688,106.61141967773438,0.9592224359512329,False,15.994213104248047,True,117,0,117,double,2.551021638549201,153.06129831295206,JUMPING
1137,45.48,196.974853515625,108.35870361328125,1.7542725801467896,False,15.572892189025879,True,117,0,117,double,2.551021638549201,153.06129831295206,JUMPING
1138,45.52,199.907958984375,111.4858169555664,3.1309847831726074,False,15.329211235046387,False,118,0,118,double,2.551021638549201,153.06129831295206,JUMPING
1139,45.56,204.2830810546875,114.93053436279297,3.446215867996216,False,14.578906059265137,False,118,0,118,double,2.551021638549201,153.06129831295206,JUMPING
1140,45.6,207.73565673828125,117.435302734375,2.5061910152435303,False,14.923471450805664,False,118,0,118,double,2.551021638549201,153.06129831295206,JUMPING
1141,45.64,209.46340942382812,118.52718353271484,1.115480899810791,False,15.09009838104248,False,118,0,118,double,2.551021638549201,153.06129831295206,JUMPING
1142,45.68,208.65211486816406,117.35758209228516,1.190489411354065,False,14.851621627807617,False,118,0,118,double,2.551021638549201,153.06129831295206,JUMPING
1143,45.72,206.26898193359375,114.39054107666016,2.97992205619812,False,14.898597717285156,False,118,0,118,double,2.551021638549201,153.06129831295206,JUMPING
1144,45.76,201.12033081054688,109.70182037353516,4.688803672790527,False,15.287389755249023,True,118,0,118,double,2.551021638549201,153.06129831295206,JUMPING
1145,45.8,198.31361389160156,107.0854263305664,2.6209452152252197,False,16.08098030090332,True,118,0,118,double,2.551021638549201,153.06129831295206,JUMPING
1146,45.84,196.08035278320312,106.09650421142578,1.001542329788208,False,16.45282554626465,True,118,0,118,double,2.551021638549201,153.06129831295206,JUMPING
1147,45.88,195.455078125,105.94866180419922,0.2357737421989441,False,16.39070701599121,True,118,0,118,double,2.551021638549201,153.06129831295206,JUMPING
1148,45.92,198.6907958984375,109.3939437866211,3.448979377746582,False,16.812116622924805,True,118,0,118,double,2.551021638549201,153.06129831295206,JUMPING
1149,45.96,203.25372314453125,113.65270233154297,4.258761405944824,False,16.240249633789062,False,119,0,119,double,2.4999999627470975,149.99999776482585,JUMPING
1150,46.0,206.7647705078125,116.56494903564453,2.9123241901397705,False,15.430374145507812,False,119,0,119,double,2.4999999627470975,149.99999776482585,JUMPING
1151,46.04,208.52151489257812,117.96078491210938,1.3975188732147217,False,14.672964096069336,False,119,0,119,double,2.4999999627470975,149.99999776482585,JUMPING
1152,46.08,206.59381103515625,114.57479095458984,3.386014699935913,False,14.440787315368652,False,119,0,119,double,2.4999999627470975,149.99999776482585,JUMPING
1153,46.12,202.66934204101562,110.64351654052734,3.9348702430725098,False,15.312983512878418,False,119,0,119,double,2.4999999627470975,149.99999776482585,JUMPING
1154,46.16,198.9318389892578,107.17267608642578,3.4710209369659424,False,17.208110809326172,True,119,0,119,double,2.4999999627470975,149.99999776482585,JUMPING
1155,46.2,196.58004760742188,105.16959381103516,2.0045769214630127,False,17.626407623291016,True,119,0,119,double,2.4999999627470975,149.99999776482585,JUMPING
1156,46.24,195.4867706298828,104.91204833984375,0.3608255386352539,False,17.97245979309082,True,119,0,119,double,2.4999999627470975,149.99999776482585,JUMPING
1157,46.28,195.33358764648438,105.16922760009766,0.2572407126426697,False,18.09640121459961,True,119,0,119,double,2.4999999627470975,149.99999776482585,JUMPING
1158,46.32,197.17532348632812,106.5378646850586,1.3686909675598145,False,17.703445434570312,True,119,0,119,double,2.4999999627470975,149.99999776482585,JUMPING
1159,46.36,202.37872314453125,111.71118927001953,5.186275482177734,False,15.419788360595703,False,120,0,120,double,2.6041640166039124,156.24984099623475,JUMPING
1160,46.4,207.03839111328125,114.9548110961914,3.349928140640259,False,14.67728328704834,False,120,0,120,double,2.6041640166039124,156.24984099623475,JUMPING
1161,46.44,208.71987915039062,114.84288787841797,1.1747013330459595,False,14.072145462036133,False,120,0,120,double,2.6041640166039124,156.24984099623475,JUMPING
1162,46.48,206.51834106445312,112.65636444091797,2.502628803253174,False,14.92366886138916,False,120,0,120,double,2.6041640166039124,156.24984099623475,JUMPING
1163,46.52,204.66055297851562,110.9498519897461,1.7751408815383911,False,15.4348783493042,False,120,0,120,double,2.6041640166039124,156.24984099623475,JUMPING
1164,46.56,200.10467529296875,107.6580581665039,3.50687575340271,False,16.00204086303711,True,120,0,120,double,2.6041640166039124,156.24984099623475,JUMPING
1165,46.6,196.72952270507812,105.83808135986328,1.910602331161499,False,16.039039611816406,True,120,0,120,double,2.6041640166039124,156.24984099623475,JUMPING
1166,46.64,195.61468505859375,105.7103271484375,0.5565037131309509,False,15.795265197753906,True,120,0,120,double,2.6041640166039124,156.24984099623475,JUMPING
1167,46.68,195.4031219482422,106.03751373291016,0.40846312046051025,False,16.12101173400879,True,120,0,120,double,2.6041640166039124,156.24984099623475,JUMPING
1168,46.72,196.87646484375,107.69857025146484,1.6896827220916748,False,16.268056869506836,True,120,0,120,double,2.6041640166039124,156.24984099623475,JUMPING
1169,46.76,202.7216796875,112.71014404296875,5.011934757232666,False,15.058259963989258,False,121,0,121,double,2.551021638549201,153.06129831295206,JUMPING
1170,46.8,206.66644287109375,115.53006744384766,2.820399761199951,False,14.65413761138916,False,121,0,121,double,2.551021638549201,153.06129831295206,JUMPING
1171,46.84,208.64048767089844,116.61627960205078,1.0893781185150146,False,14.628256797790527,False,121,0,121,double,2.551021638549201,153.06129831295206,JUMPING
1172,46.88,208.38400268554688,115.3383560180664,1.2781709432601929,False,15.050273895263672,False,121,0,121,double,2.551021638549201,153.06129831295206,JUMPING
1173,46.92,202.9910430908203,111.15380096435547,4.185406684875488,False,14.449801445007324,False,121,0,121,double,2.551021638549201,153.06129831295206,JUMPING
1174,46.96,199.65103149414062,108.55978393554688,2.5976545810699463,False,14.177886009216309,True,121,0,121,double,2.551021638549201,153.06129831295206,JUMPING
1175,47.0,196.57711791992188,107.2823715209961,1.3832926750183105,False,14.985358238220215,True,121,0,121,double,2.551021638549201,153.06129831295206,JUMPING
1176,47.04,195.37066650390625,106.57660675048828,0.7559224963188171,False,15.731854438781738,True,121,0,121,double,2.551021638549201,153.06129831295206,JUMPING
1177,47.08,197.84249877929688,109.25537872314453,2.7105796337127686,False,15.618522644042969,True,121,0,121,double,2.551021638549201,153.06129831295206,JUMPING
1178,47.12,199.26072692871094,111.0197525024414,1.764446496963501,False,14.673645973205566,True,121,0,121,double,2.551021638549201,153.06129831295206,JUMPING
1179,47.16,204.29592895507812,115.0357666015625,4.0259294509887695,False,14.163599014282227,False,122,0,122,double,2.4999999627470975,149.99999776482585,JUMPING
1180,47.2,207.13214111328125,117.24724578857422,2.2153995037078857,False,14.050932884216309,False,122,0,122,double,2.4999999627470975,149.99999776482585,JUMPING
1181,47.24,206.15286254882812,114.90068817138672,2.351165294647217,False,14.521889686584473,False,122,0,122,double,2.4999999627470975,149.99999776482585,JUMPING
1182,47.28,203.22425842285156,111.46858978271484,3.442472457885742,False,14.945393562316895,False,122,0,122,double,2.4999999627470975,149.99999776482585,JUMPING
1183,47.32,201.22271728515625,109.3174057006836,2.151193618774414,False,15.044757843017578,False,122,0,122,double,2.4999999627470975,149.99999776482585,JUMPING
1184,47.36,198.09884643554688,106.7679214477539,2.5681982040405273,False,16.573474884033203,True,122,0,122,double,2.4999999627470975,149.99999776482585,JUMPING
1185,47.4,196.52951049804688,105.9376449584961,0.888400137424469,False,16.637264251708984,True,122,0,122,double,2.4999999627470975,149.99999776482585,JUMPING
1186,47.44,197.19866943359375,107.1739501953125,1.2371392250061035,False,16.17433738708496,True,122,0,122,double,2.4999999627470975,149.99999776482585,JUMPING
1187,47.48,200.21392822265625,110.1506576538086,2.9900100231170654,False,16.52431869506836,True,122,0,122,double,2.4999999627470975,149.99999776482585,JUMPING
1188,47.52,204.92381286621094,114.17852020263672,4.042834281921387,False,16.75701332092285,False,123,0,123,double,2.4999999627470975,149.99999776482585,JUMPING
1189,47.56,208.64907836914062,116.6883773803711,2.5138063430786133,False,16.458740234375,False,123,0,123,double,2.4999999627470975,149.99999776482585,JUMPING
1190,47.6,209.00570678710938,116.1414794921875,0.5481970906257629,False,16.87230110168457,False,123,0,123,double,2.4999999627470975,149.99999776482585,JUMPING
1191,47.64,206.63003540039062,113.15242767333984,2.9891788959503174,False,17.418893814086914,False,123,0,123,double,2.4999999627470975,149.99999776482585,JUMPING
1192,47.68,202.09754943847656,109.91608428955078,3.2487175464630127,False,18.167831420898438,True,123,0,123,double,2.4999999627470975,149.99999776482585,JUMPING
1193,47.72,199.57601928710938,107.88619995117188,2.0298991203308105,False,18.378849029541016,True,123,0,123,double,2.4999999627470975,149.99999776482585,JUMPING
1194,47.76,196.63478088378906,106.06624603271484,1.8955577611923218,False,17.864744186401367,True,123,0,123,double,2.4999999627470975,149.99999776482585,JUMPING
1195,47.8,195.42123413085938,105.89981842041016,0.4533810615539551,False,17.29860496520996,True,123,0,123,double,2.4999999627470975,149.99999776482585,JUMPING
1196,47.84,196.21031188964844,107.26080322265625,1.4673526287078857,False,17.183656692504883,True,123,0,123,double,2.4999999627470975,149.99999776482585,JUMPING
1197,47.88,199.32382202148438,110.5013198852539,3.2650763988494873,False,17.06496810913086,True,123,0,123,double,2.4999999627470975,149.99999776482585,JUMPING
1198,47.92,201.00242614746094,112.37822723388672,1.8871054649353027,False,16.749536514282227,True,123,0,123,double,2.4999999627470975,149.99999776482585,JUMPING
1199,47.96,205.02462768554688,115.22394561767578,2.8995416164398193,False,16.472192764282227,False,124,0,124,double,2.4999999627470975,149.99999776482585,JUMPING
1200,48.0,206.54904174804688,115.88690185546875,0.749068558216095,False,16.66108512878418,False,124,0,124,double,2.4999999627470975,149.99999776482585,JUMPING
1201,48.04,205.2087860107422,114.1334457397461,1.7611887454986572,False,17.665536880493164,False,124,0,124,double,2.4999999627470975,149.99999776482585,JUMPING
1202,48.08,202.65493774414062,111.15447998046875,2.987213373184204,False,18.201467514038086,True,124,0,124,double,2.4999999627470975,149.99999776482585,JUMPING
1203,48.12,199.10009765625,108.50553131103516,2.6555192470550537,False,18.399845123291016,True,124,0,124,double,2.4999999627470975,149.99999776482585,JUMPING
1204,48.16,196.856201171875,107.01473236083984,1.53925359249115,False,18.336965560913086,True,124,0,124,double,2.4999999627470975,149.99999776482585,JUMPING
1205,48.2,196.2427978515625,106.90374755859375,0.11102866381406784,False,18.306180953979492,True,124,0,124,double,2.4999999627470975,149.99999776482585,JUMPING
1206,48.24,197.39349365234375,108.46892547607422,1.5663321018218994,False,17.451934814453125,True,124,0,124,double,2.4999999627470975,149.99999776482585,JUMPING
1207,48.28,200.48348999023438,111.2763900756836,2.840216636657715,False,17.023380279541016,True,124,0,124,double,2.4999999627470975,149.99999776482585,JUMPING
1208,48.32,202.36166381835938,113.04098510742188,1.7756659984588623,False,16.667301177978516,False,125,0,125,double,2.551021638549201,153.06129831295206,JUMPING
1209,48.36,206.49691772460938,115.75080108642578,2.7102770805358887,False,15.434046745300293,False,125,0,125,double,2.551021638549201,153.06129831295206,JUMPING
1210,48.4,206.9361572265625,115.68462371826172,0.14308494329452515,False,14.675271034240723,False,125,0,125,double,2.551021638549201,153.06129831295206,JUMPING
1211,48.44,206.73419189453125,115.37017822265625,0.3180610239505768,False,14.353057861328125,False,125,0,125,double,2.551021638549201,153.06129831295206,JUMPING
1212,48.48,202.80291748046875,111.1157455444336,4.255639553070068,False,15.214986801147461,False,125,0,125,double,2.551021638549201,153.06129831295206,JUMPING
1213,48.52,201.08778381347656,108.55307006835938,2.563136577606201,False,15.936126708984375,True,125,0,125,double,2.551021638549201,153.06129831295206,JUMPING
1214,48.56,197.99844360351562,106.24917602539062,2.3089027404785156,False,15.590484619140625,True,125,0,125,double,2.551021638549201,153.06129831295206,JUMPING
1215,48.6,196.55789184570312,105.17684173583984,1.0812840461730957,False,15.39659595489502,True,125,0,125,double,2.551021638549201,153.06129831295206,JUMPING
1216,48.64,197.55642700195312,107.00386810302734,1.8324884176254272,False,15.367256164550781,True,125,0,125,double,2.551021638549201,153.06129831295206,JUMPING
1217,48.68,200.36676025390625,110.2472915649414,3.251314640045166,False,16.33955192565918,True,125,0,125,double,2.551021638549201,153.06129831295206,JUMPING
1218,48.72,204.9844207763672,113.70800018310547,3.4655606746673584,False,16.01399803161621,False,126,0,126,double,2.551016595991426,153.06099575948556,JUMPING
1219,48.76,208.181396484375,115.58990478515625,1.892430305480957,False,15.548075675964355,False,126,0,126,double,2.551016595991426,153.06099575948556,JUMPING
1220,48.8,207.04934692382812,114.63150787353516,0.9854406714439392,False,16.263864517211914,False,126,0,126,double,2.551016595991426,153.06099575948556,JUMPING
1221,48.84,206.04046630859375,114.03302001953125,0.6137273907661438,False,16.767282485961914,False,126,0,126,double,2.551016595991426,153.06099575948556,JUMPING
1222,48.88,202.42898559570312,109.8941650390625,4.140174388885498,False,15.77480697631836,True,126,0,126,double,2.551016595991426,153.06099575948556,JUMPING
1223,48.92,198.83575439453125,106.74922943115234,3.144948959350586,False,15.13998031616211,True,126,0,126,double,2.551016595991426,153.06099575948556,JUMPING
1224,48.96,196.89666748046875,105.40433502197266,1.3530545234680176,False,14.759053230285645,True,126,0,126,double,2.551016595991426,153.06099575948556,JUMPING
1225,49.0,196.47674560546875,105.3879165649414,0.1668483018875122,False,14.378792762756348,True,126,0,126,double,2.551016595991426,153.06099575948556,JUMPING
1226,49.04,197.7201385498047,107.53094482421875,2.1480460166931152,False,14.565046310424805,True,126,0,126,double,2.551016595991426,153.06099575948556,JUMPING
1227,49.08,200.7078857421875,111.24185943603516,3.7109181880950928,False,15.35629653930664,True,126,0,126,double,2.551016595991426,153.06099575948556,JUMPING
1228,49.12,205.06883239746094,114.68209075927734,3.4404196739196777,False,15.600655555725098,False,127,0,127,double,2.551021638549201,153.06129831295206,JUMPING
1229,49.16,207.646484375,115.99687957763672,1.3179576396942139,False,15.182149887084961,False,127,0,127,double,2.551021638549201,153.06129831295206,JUMPING
1230,49.2,207.82057189941406,114.47454833984375,1.5297664403915405,False,15.660802841186523,False,127,0,127,double,2.551021638549201,153.06129831295206,JUMPING
1231,49.24,207.38681030273438,113.3984375,1.0961968898773193,False,15.556279182434082,False,127,0,127,double,2.551021638549201,153.06129831295206,JUMPING
1232,49.28,205.48297119140625,110.62207794189453,2.7888922691345215,False,15.840109825134277,False,127,0,127,double,2.551021638549201,153.06129831295206,JUMPING
1233,49.32,200.6158447265625,106.96439361572266,3.659167528152466,False,16.333646774291992,True,127,0,127,double,2.551021638549201,153.06129831295206,JUMPING
1234,49.36,197.736572265625,104.9127197265625,2.0517773628234863,False,17.012981414794922,True,127,0,127,double,2.551021638549201,153.06129831295206,JUMPING
1235,49.4,196.20518493652344,103.7898178100586,1.127138376235962,False,17.296571731567383,True,127,0,127,double,2.551021638549201,153.06129831295206,JUMPING
1236,49.44,196.3749237060547,104.4500503540039,0.6663989424705505,False,16.48179054260254,True,127,0,127,double,2.551021638549201,153.06129831295206,JUMPING
1237,49.48,198.27655029296875,106.90607452392578,2.458894968032837,False,16.73249053955078,True,127,0,127,double,2.551021638549201,153.06129831295206,JUMPING
1238,49.52,204.11529541015625,111.90765380859375,5.002552509307861,False,16.174297332763672,False,128,0,128,double,2.4999999627470975,149.99999776482585,JUMPING
1239,49.56,207.54830932617188,114.5058822631836,2.5987658500671387,False,15.773165702819824,False,128,0,128,double,2.4999999627470975,149.99999776482585,JUMPING
1240,49.6,209.13055419921875,115.7992172241211,1.2979907989501953,False,15.572699546813965,False,128,0,128,double,2.4999999627470975,149.99999776482585,JUMPING
1241,49.64,208.0286865234375,113.79679107666016,2.00803542137146,False,15.730135917663574,False,128,0,128,double,2.4999999627470975,149.99999776482585,JUMPING
1242,49.68,203.13650512695312,108.32898712158203,5.475854396820068,False,15.930014610290527,True,128,0,128,double,2.4999999627470975,149.99999776482585,JUMPING
1243,49.72,198.79595947265625,104.42538452148438,3.90393328666687,False,16.790390014648438,True,128,0,128,double,2.4999999627470975,149.99999776482585,JUMPING
1244,49.76,196.07908630371094,102.46265411376953,1.964447021484375,False,16.739212036132812,True,128,0,128,double,2.4999999627470975,149.99999776482585,JUMPING
1245,49.8,194.781982421875,101.50604248046875,0.9591765403747559,False,16.567276000976562,True,128,0,128,double,2.4999999627470975,149.99999776482585,JUMPING
1246,49.84,196.905517578125,104.1469955444336,2.654355525970459,False,15.822490692138672,True,128,0,128,double,2.4999999627470975,149.99999776482585,JUMPING
1247,49.88,198.5010528564453,105.97970581054688,1.8332066535949707,False,15.521721839904785,True,128,0,128,double,2.4999999627470975,149.99999776482585,JUMPING
1248,49.92,203.86697387695312,110.61153411865234,4.632048606872559,False,14.892084121704102,False,129,0,129,double,2.551021638549201,153.06129831295206,JUMPING
1249,49.96,206.703857421875,112.78619384765625,2.1750051975250244,False,14.307358741760254,False,129,0,129,double,2.551021638549201,153.06129831295206,JUMPING
1250,50.0,207.06533813476562,112.302978515625,0.5181716084480286,False,14.612651824951172,False,129,0,129,double,2.551021638549201,153.06129831295206,JUMPING
1251,50.04,204.69747924804688,109.78592681884766,2.5176689624786377,False,14.764031410217285,False,129,0,129,double,2.551021638549201,153.06129831295206,JUMPING
1252,50.08,202.82135009765625,108.25443267822266,1.5317870378494263,False,15.069974899291992,False,129,0,129,double,2.551021638549201,153.06129831295206,JUMPING
1253,50.12,198.53765869140625,105.41471099853516,2.8398520946502686,False,15.642266273498535,True,129,0,129,double,2.551021638549201,153.06129831295206,JUMPING
1254,50.16,196.40667724609375,103.9803695678711,1.4348467588424683,False,16.228614807128906,True,129,0,129,double,2.551021638549201,153.06129831295206,JUMPING
1255,50.2,196.10372924804688,104.46013641357422,0.5027356147766113,False,16.141298294067383,True,129,0,129,double,2.551021638549201,153.06129831295206,JUMPING
1256,50.24,198.1320343017578,106.59127807617188,2.1311423778533936,False,14.33127212524414,False,130,0,130,double,2.6041640166039124,156.24984099623475,JUMPING
1257,50.28,201.6832275390625,110.16122436523438,3.5705013275146484,False,14.336397171020508,False,130,0,130,double,2.6041640166039124,156.24984099623475,JUMPING
1258,50.32,205.76516723632812,113.47298431396484,3.314816474914551,False,13.585976600646973,False,130,0,130,double,2.6041640166039124,156.24984099623475,JUMPING
1259,50.36,208.0052032470703,115.0704574584961,1.615263819694519,False,13.052303314208984,False,130,0,130,double,2.6041640166039124,156.24984099623475,JUMPING
1260,50.4,206.37332153320312,112.44841766357422,2.6487417221069336,False,14.194371223449707,False,130,0,130,double,2.6041640166039124,156.24984099623475,JUMPING
1261,50.44,205.069091796875,110.739990234375,1.7131153345108032,False,14.809213638305664,False,130,0,130,double,2.6041640166039124,156.24984099623475,JUMPING
1262,50.48,200.61941528320312,106.60317993164062,4.140482425689697,False,15.150135040283203,True,130,0,130,double,2.6041640166039124,156.24984099623475,JUMPING
1263,50.52,198.22198486328125,104.2061538696289,2.3972432613372803,False,15.223531723022461,True,130,0,130,double,2.6041640166039124,156.24984099623475,JUMPING
1264,50.56,196.20584106445312,102.9892578125,1.262144684791565,False,15.626372337341309,True,130,0,130,double,2.6041640166039124,156.24984099623475,JUMPING
1265,50.6,196.04383850097656,103.13168334960938,0.42534884810447693,False,15.515801429748535,True,130,0,130,double,2.6041640166039124,156.24984099623475,JUMPING
1266,50.64,199.37603759765625,107.1910171508789,4.06065559387207,False,16.644487380981445,True,130,0,130,double,2.6041640166039124,156.24984099623475,JUMPING
1267,50.68,204.13650512695312,111.245361328125,4.06472110748291,False,16.225139617919922,False,131,0,131,double,2.551021638549201,153.06129831295206,JUMPING
1268,50.72,207.56002807617188,113.5411376953125,2.3037524223327637,False,16.196449279785156,False,131,0,131,double,2.551021638549201,153.06129831295206,JUMPING
1269,50.76,207.40113830566406,113.04006958007812,0.5035455822944641,False,16.589492797851562,False,131,0,131,double,2.551021638549201,153.06129831295206,JUMPING
1270,50.8,205.19351196289062,110.2582778930664,2.7839276790618896,False,17.201702117919922,True,131,0,131,double,2.551021638549201,153.06129831295206,JUMPING
1271,50.84,202.03317260742188,106.83898162841797,3.4220926761627197,False,17.615236282348633,True,131,0,131,double,2.551021638549201,153.06129831295206,JUMPING
1272,50.88,199.87832641601562,105.10623931884766,1.7354753017425537,False,17.286026000976562,True,131,0,131,double,2.551021638549201,153.06129831295206,JUMPING
1273,50.92,197.8413543701172,103.7118911743164,1.458609700202942,False,16.265560150146484,True,131,0,131,double,2.551021638549201,153.06129831295206,JUMPING
1274,50.96,196.80801391601562,103.15286254882812,0.5986399054527283,False,16.49431610107422,True,131,0,131,double,2.551021638549201,153.06129831295206,JUMPING
1275,51.0,198.17068481445312,105.530029296875,2.3782100677490234,False,16.560791015625,True,131,0,131,double,2.551021638549201,153.06129831295206,JUMPING
1276,51.04,199.24185180664062,107.0868148803711,1.558229684829712,False,16.568161010742188,True,131,0,131,double,2.551021638549201,153.06129831295206,JUMPING
1277,51.08,201.985595703125,110.1732177734375,3.086987018585205,False,17.304658889770508,False,132,0,132,double,2.551016595991426,153.06099575948556,JUMPING
1278,51.12,206.44036865234375,113.85831451416016,3.6857855319976807,False,16.86715316772461,False,132,0,132,double,2.551016595991426,153.06099575948556,JUMPING
1279,51.16,207.2812042236328,113.9786376953125,0.3318045735359192,False,16.70781898498535,False,132,0,132,double,2.551016595991426,153.06099575948556,JUMPING
1280,51.2,207.34463500976562,113.69319915771484,0.28778785467147827,False,16.455318450927734,False,132,0,132,double,2.551016595991426,153.06099575948556,JUMPING
1281,51.24,202.82571411132812,109.55432891845703,4.138887405395508,False,16.432649612426758,True,132,0,132,double,2.551016595991426,153.06099575948556,JUMPING
1282,51.28,199.0359344482422,106.0370864868164,3.5246312618255615,False,15.772772789001465,True,132,0,132,double,2.551016595991426,153.06099575948556,JUMPING
1283,51.32,196.56121826171875,104.38748168945312,1.6551828384399414,False,16.187379837036133,True,132,0,132,double,2.551016595991426,153.06099575948556,JUMPING
1284,51.36,195.51095581054688,104.5143051147461,0.260829359292984,False,15.660117149353027,True,132,0,132,double,2.551016595991426,153.06099575948556,JUMPING
1285,51.4,196.5377197265625,106.3490982055664,1.8359264135360718,False,16.384126663208008,True,132,0,132,double,2.551016595991426,153.06099575948556,JUMPING
1286,51.44,197.38418579101562,107.78759765625,1.4491571187973022,False,16.87783432006836,True,132,0,132,double,2.551016595991426,153.06099575948556,JUMPING
1287,51.48,203.42599487304688,112.39412689208984,4.606631755828857,False,16.5590763092041,False,133,0,133,double,2.551021638549201,153.06129831295206,JUMPING
1288,51.52,207.7823486328125,115.93701171875,3.5428857803344727,False,15.883522033691406,False,133,0,133,double,2.551021638549201,153.06129831295206,JUMPING
1289,51.56,208.53823852539062,116.14776611328125,0.22917433083057404,False,15.643231391906738,False,133,0,133,double,2.551021638549201,153.06129831295206,JUMPING
1290,51.6,206.714111328125,113.3877944946289,2.7689473628997803,False,15.71744155883789,False,133,0,133,double,2.551021638549201,153.06129831295206,JUMPING
1291,51.64,203.00997924804688,109.58177947998047,3.8060190677642822,False,16.751529693603516,False,133,0,133,double,2.551021638549201,153.06129831295206,JUMPING
1292,51.68,200.86492919921875,107.37567901611328,2.206101179122925,False,17.621253967285156,True,133,0,133,double,2.551021638549201,153.06129831295206,JUMPING
1293,51.72,197.3821563720703,104.70311737060547,2.673614978790283,False,18.402053833007812,True,133,0,133,double,2.551021638549201,153.06129831295206,JUMPING
1294,51.76,195.587890625,103.95944213867188,0.7467093467712402,False,18.777267456054688,True,133,0,133,double,2.551021638549201,153.06129831295206,JUMPING
1295,51.8,196.34512329101562,104.9449462890625,0.9905053973197937,False,19.93430519104004,True,133,0,133,double,2.551021638549201,153.06129831295206,JUMPING
1296,51.84,196.87635803222656,105.85924530029297,0.9254741668701172,False,19.08968734741211,True,133,0,133,double,2.551021638549201,153.06129831295206,JUMPING
1297,51.88,202.299560546875,110.82443237304688,4.966281414031982,False,18.44426727294922,False,134,0,134,double,2.551016595991426,153.06099575948556,JUMPING
1298,51.92,207.45675659179688,114.85619354248047,4.03233003616333,False,17.139596939086914,False,134,0,134,double,2.551016595991426,153.06099575948556,JUMPING
1299,51.96,209.68426513671875,116.15064239501953,1.296211838722229,False,16.719892501831055,False,134,0,134,double,2.551016595991426,153.06099575948556,JUMPING
1300,52.0,210.40658569335938,116.56432342529297,0.4185296595096588,False,16.782760620117188,False,134,0,134,double,2.551016595991426,153.06099575948556,JUMPING
1301,52.04,206.92471313476562,112.44640350341797,4.118090629577637,False,17.02385902404785,False,134,0,134,double,2.551016595991426,153.06099575948556,JUMPING
1302,52.08,202.53286743164062,108.66214752197266,3.785964012145996,False,17.084697723388672,True,134,0,134,double,2.551016595991426,153.06099575948556,JUMPING
1303,52.12,199.0634307861328,106.25525665283203,2.4072611331939697,False,16.85234832763672,True,134,0,134,double,2.551016595991426,153.06099575948556,JUMPING
1304,52.16,197.5094757080078,105.6190185546875,0.6379692554473877,False,16.225252151489258,True,134,0,134,double,2.551016595991426,153.06099575948556,JUMPING
1305,52.2,197.6700897216797,106.3923110961914,0.7748268246650696,False,14.946629524230957,True,134,0,134,double,2.551016595991426,153.06099575948556,JUMPING
1306,52.24,199.64964294433594,109.12155151367188,2.729412078857422,False,15.261759757995605,True,134,0,134,double,2.551016595991426,153.06099575948556,JUMPING
1307,52.28,202.79327392578125,112.96891021728516,3.848240613937378,False,15.22632122039795,True,134,0,134,double,2.551016595991426,153.06099575948556,JUMPING
1308,52.32,204.60353088378906,115.06183624267578,2.1018712520599365,False,16.25861358642578,False,135,0,135,double,2.4038485152196167,144.230910913177,JUMPING
1309,52.36,207.0693359375,116.94249725341797,1.8830759525299072,False,15.666487693786621,False,135,0,135,double,2.4038485152196167,144.230910913177,JUMPING
1310,52.4,207.60450744628906,116.91943359375,0.04153735190629959,False,14.886490821838379,False,135,0,135,double,2.4038485152196167,144.230910913177,JUMPING
1311,52.44,204.74942016601562,112.1097412109375,4.813567161560059,False,15.127756118774414,False,135,0,135,double,2.4038485152196167,144.230910913177,JUMPING
1312,52.48,202.88143920898438,109.30057525634766,2.809802532196045,False,14.741223335266113,True,135,0,135,double,2.4038485152196167,144.230910913177,JUMPING
1313,52.52,199.494140625,106.24565887451172,3.0840539932250977,False,15.193243980407715,True,135,0,135,double,2.4038485152196167,144.230910913177,JUMPING
1314,52.56,197.47479248046875,105.08399200439453,1.3345657587051392,False,15.101862907409668,True,135,0,135,double,2.4038485152196167,144.230910913177,JUMPING
1315,52.6,197.88705444335938,105.9961929321289,1.0071526765823364,False,15.482321739196777,True,135,0,135,double,2.4038485152196167,144.230910913177,JUMPING
1316,52.64,199.9051971435547,108.99701690673828,3.0039916038513184,False,16.233104705810547,True,135,0,135,double,2.4038485152196167,144.230910913177,JUMPING
1317,52.68,203.55755615234375,112.74394989013672,3.7469966411590576,False,16.22732925415039,False,136,0,136,double,2.4999999627470975,149.99999776482585,JUMPING
1318,52.72,206.7899169921875,115.36248016357422,2.622143268585205,False,15.314833641052246,False,136,0,136,double,2.4999999627470975,149.99999776482585,JUMPING
1319,52.76,207.88160705566406,115.720703125,0.4316083788871765,False,14.850696563720703,False,136,0,136,double,2.4999999627470975,149.99999776482585,JUMPING
1320,52.8,206.4161376953125,113.43804931640625,2.284688949584961,False,15.028081893920898,False,136,0,136,double,2.4999999627470975,149.99999776482585,JUMPING
1321,52.84,202.9014892578125,110.48865509033203,2.9756405353546143,False,15.300997734069824,True,136,0,136,double,2.4999999627470975,149.99999776482585,JUMPING
1322,52.88,199.49578857421875,107.92513275146484,2.5872304439544678,False,16.271650314331055,True,136,0,136,double,2.4999999627470975,149.99999776482585,JUMPING
1323,52.92,197.52218627929688,106.3941421508789,1.6248587369918823,False,17.165740966796875,True,136,0,136,double,2.4999999627470975,149.99999776482585,JUMPING
1324,52.96,197.33633422851562,106.46533203125,0.3361242115497589,False,17.861555099487305,True,136,0,136,double,2.4999999627470975,149.99999776482585,JUMPING
1325,53.0,199.0970458984375,108.1806640625,1.7502385377883911,False,17.73889923095703,True,136,0,136,double,2.4999999627470975,149.99999776482585,JUMPING
1326,53.04,200.53079223632812,109.37247467041016,1.1979737281799316,False,17.693849563598633,True,136,0,136,double,2.4999999627470975,149.99999776482585,JUMPING
1327,53.08,205.15426635742188,113.51387786865234,4.162188529968262,False,16.306188583374023,False,137,0,137,double,2.4999999627470975,149.99999776482585,JUMPING
1328,53.12,207.38162231445312,115.17037963867188,1.660730004310608,False,15.481725692749023,False,137,0,137,double,2.4999999627470975,149.99999776482585,JUMPING
1329,53.16,207.57635498046875,114.46578216552734,0.7061333060264587,False,15.770599365234375,False,137,0,137,double,2.4999999627470975,149.99999776482585,JUMPING
1330,53.2,206.1936798095703,111.84587860107422,2.619952917098999,False,16.932998657226562,False,137,0,137,double,2.4999999627470975,149.99999776482585,JUMPING
1331,53.24,204.84060668945312,110.12753295898438,1.7227531671524048,False,17.241487503051758,True,137,0,137,double,2.4999999627470975,149.99999776482585,JUMPING
1332,53.28,201.5442657470703,108.1158676147461,2.0140135288238525,False,15.449089050292969,True,137,0,137,double,2.4999999627470975,149.99999776482585,JUMPING
1333,53.32,199.21701049804688,106.72308349609375,1.3937045335769653,False,14.850430488586426,True,137,0,137,double,2.4999999627470975,149.99999776482585,JUMPING
1334,53.36,198.12380981445312,106.67310333251953,0.18639875948429108,False,14.714119911193848,True,137,0,137,double,2.4999999627470975,149.99999776482585,JUMPING
1335,53.4,200.73114013671875,110.2857894897461,3.615699052810669,False,15.739347457885742,True,137,0,137,double,2.4999999627470975,149.99999776482585,JUMPING
1336,53.44,204.98593139648438,114.17660522460938,3.894775152206421,False,16.04048728942871,False,138,0,138,double,2.551021638549201,153.06129831295206,JUMPING
1337,53.48,208.5347137451172,116.19950103759766,2.0270028114318848,False,15.916156768798828,False,138,0,138,double,2.551021638549201,153.06129831295206,JUMPING
1338,53.52,208.431396484375,115.58157348632812,0.6296238303184509,False,16.311216354370117,False,138,0,138,double,2.551021638549201,153.06129831295206,JUMPING
1339,53.56,207.7603759765625,115.10067749023438,0.4867796003818512,False,16.49704360961914,False,138,0,138,double,2.551021638549201,153.06129831295206,JUMPING
1340,53.6,203.98736572265625,111.33517456054688,3.7657244205474854,False,16.53104019165039,True,138,0,138,double,2.551021638549201,153.06129831295206,JUMPING
1341,53.64,200.57806396484375,108.3282699584961,3.006957530975342,False,16.892898559570312,True,138,0,138,double,2.551021638549201,153.06129831295206,JUMPING
1342,53.68,198.924560546875,107.01467895507812,1.3260034322738647,False,16.47797393798828,True,138,0,138,double,2.551021638549201,153.06129831295206,JUMPING
1343,53.72,199.16307067871094,107.71536254882812,0.7083356976509094,False,16.738529205322266,True,138,0,138,double,2.551021638549201,153.06129831295206,JUMPING
1344,53.76,201.46922302246094,110.22119140625,2.5137150287628174,False,16.55061912536621,True,138,0,138,double,2.551021638549201,153.06129831295206,JUMPING
1345,53.8,204.9710235595703,113.37259674072266,3.1656975746154785,False,16.077594757080078,False,139,0,139,double,2.6041690693517756,156.25014416110653,JUMPING
1346,53.84,207.94473266601562,115.4599838256836,2.088139057159424,False,15.532500267028809,False,139,0,139,double,2.6041690693517756,156.25014416110653,JUMPING
1347,53.88,209.64297485351562,116.40790557861328,0.9486130475997925,False,15.140603065490723,False,139,0,139,double,2.6041690693517756,156.25014416110653,JUMPING
1348,53.92,208.89532470703125,115.4209213256836,0.9872559905052185,False,14.707539558410645,False,139,0,139,double,2.6041690693517756,156.25014416110653,JUMPING
1349,53.96,204.45574951171875,111.13800048828125,4.296760559082031,False,15.652190208435059,False,139,0,139,double,2.6041690693517756,156.25014416110653,JUMPING
1350,54.0,199.99072265625,108.10443878173828,3.1304378509521484,False,15.746381759643555,True,139,0,139,double,2.6041690693517756,156.25014416110653,JUMPING
1351,54.04,197.585205078125,106.5323715209961,1.7475652694702148,False,15.843419075012207,True,139,0,139,double,2.6041690693517756,156.25014416110653,JUMPING
1352,54.08,197.059326171875,107.2994155883789,1.3376308679580688,False,16.353361129760742,True,139,0,139,double,2.6041690693517756,156.25014416110653,JUMPING
1353,54.12,198.9296112060547,109.4031982421875,2.340970993041992,False,16.685152053833008,True,139,0,139,double,2.6041690693517756,156.25014416110653,JUMPING
1354,54.16,202.9903564453125,112.68096160888672,3.4708995819091797,False,16.54290771484375,True,139,0,139,double,2.6041690693517756,156.25014416110653,JUMPING
1355,54.2,207.04232788085938,116.31366729736328,3.6748664379119873,False,15.053858757019043,False,140,0,140,double,2.65957287273766,159.5743723642596,JUMPING
1356,54.24,209.38079833984375,118.19686126708984,1.9083735942840576,False,14.150227546691895,False,140,0,140,double,2.65957287273766,159.5743723642596,JUMPING
1357,54.28,210.50721740722656,118.2397232055664,0.32410523295402527,False,14.675415992736816,False,140,0,140,double,2.65957287273766,159.5743723642596,JUMPING
1358,54.32,208.42926025390625,116.50131225585938,1.7742092609405518,False,15.441362380981445,False,140,0,140,double,2.65957287273766,159.5743723642596,JUMPING
1359,54.36,205.09573364257812,113.40026092529297,3.114025592803955,False,15.393104553222656,True,140,0,140,double,2.65957287273766,159.5743723642596,JUMPING
1360,54.4,200.33935546875,109.7099838256836,3.734086513519287,False,16.180055618286133,True,140,0,140,double,2.65957287273766,159.5743723642596,JUMPING
1361,54.44,197.4752197265625,108.07324981689453,1.6627447605133057,False,16.819059371948242,True,140,0,140,double,2.65957287273766,159.5743723642596,JUMPING
1362,54.48,197.48863220214844,108.82984161376953,0.7668818235397339,False,17.133628845214844,True,140,0,140,double,2.65957287273766,159.5743723642596,JUMPING
1363,54.52,199.49722290039062,110.95291900634766,2.127962350845337,False,16.533838272094727,True,140,0,140,double,2.65957287273766,159.5743723642596,JUMPING
1364,54.56,203.6268310546875,114.13074493408203,3.1778435707092285,False,16.101879119873047,True,140,0,140,double,2.65957287273766,159.5743723642596,JUMPING
1365,54.6,208.14141845703125,116.78324127197266,2.663588285446167,False,14.976688385009766,False,141,0,141,double,2.6041690693517756,156.25014416110653,JUMPING
1366,54.64,209.30084228515625,117.17342376708984,0.41072899103164673,False,14.8195161819458,False,141,0,141,double,2.6041690693517756,156.25014416110653,JUMPING
1367,54.68,207.17657470703125,114.79048919677734,2.3829994201660156,False,15.354104042053223,False,141,0,141,double,2.6041690693517756,156.25014416110653,JUMPING
1368,54.72,203.4804229736328,111.6491470336914,3.1502726078033447,False,16.11762237548828,True,141,0,141,double,2.6041690693517756,156.25014416110653,JUMPING
1369,54.76,200.49478149414062,108.66570281982422,2.993734836578369,False,16.143596649169922,True,141,0,141,double,2.6041690693517756,156.25014416110653,JUMPING
1370,54.8,198.97434997558594,107.09066009521484,1.5973221063613892,False,15.40798568725586,True,141,0,141,double,2.6041690693517756,156.25014416110653,JUMPING
1371,54.84,198.0010223388672,106.2469482421875,0.9116479754447937,False,15.959199905395508,True,141,0,141,double,2.6041690693517756,156.25014416110653,JUMPING
1372,54.88,197.8082733154297,106.53842163085938,0.9082467555999756,False,16.1780948638916,True,141,0,141,double,2.6041690693517756,156.25014416110653,JUMPING
1373,54.92,201.24624633789062,110.59896087646484,4.372682571411133,False,16.134151458740234,True,141,0,141,double,2.6041690693517756,156.25014416110653,JUMPING
1374,54.96,203.11874389648438,112.96143341064453,2.523003339767456,False,16.60921859741211,False,142,0,142,double,2.6595783535904878,159.57470121542926,JUMPING
1375,55.0,206.6834716796875,115.7236557006836,2.9238667488098145,False,16.13526153564453,False,142,0,142,double,2.6595783535904878,159.57470121542926,JUMPING
1376,55.04,209.95541381835938,117.061279296875,1.6087274551391602,False,15.278459548950195,False,142,0,142,double,2.6595783535904878,159.57470121542926,JUMPING
1377,55.08,209.66683959960938,116.21538543701172,1.1457123756408691,False,14.732190132141113,False,142,0,142,double,2.6595783535904878,159.57470121542926,JUMPING
1378,55.12,204.96646118164062,111.2233657836914,5.045210361480713,False,15.495953559875488,False,142,0,142,double,2.6595783535904878,159.57470121542926,JUMPING
1379,55.16,200.74935913085938,107.4810791015625,3.760435104370117,False,15.889622688293457,True,142,0,142,double,2.6595783535904878,159.57470121542926,JUMPING
1380,55.2,198.20944213867188,105.15908813476562,2.332566261291504,False,16.09115982055664,True,142,0,142,double,2.6595783535904878,159.57470121542926,JUMPING
1381,55.24,197.0128173828125,104.23189544677734,0.9362847805023193,False,16.252717971801758,True,142,0,142,double,2.6595783535904878,159.57470121542926,JUMPING
1382,55.28,197.64791870117188,106.29784393310547,2.0664055347442627,False,15.95797061920166,True,142,0,142,double,2.6595783535904878,159.57470121542926,JUMPING
1383,55.32,200.66949462890625,109.74210357666016,3.445509433746338,False,16.150171279907227,True,142,0,142,double,2.6595783535904878,159.57470121542926,JUMPING
1384,55.36,205.043701171875,113.890380859375,4.156601428985596,False,15.892972946166992,False,143,0,143,double,2.6041640166039124,156.24984099623475,JUMPING
1385,55.4,208.90660095214844,116.85887908935547,2.9696204662323,False,15.444501876831055,False,143,0,143,double,2.6041640166039124,156.24984099623475,JUMPING
1386,55.44,210.51986694335938,116.98297119140625,0.28054651618003845,False,15.744394302368164,False,143,0,143,double,2.6041640166039124,156.24984099623475,JUMPING
1387,55.48,208.31524658203125,114.53351593017578,2.4612793922424316,False,16.569705963134766,False,143,0,143,double,2.6041640166039124,156.24984099623475,JUMPING
1388,55.52,205.0118408203125,111.37017059326172,3.1695449352264404,False,15.926624298095703,False,143,0,143,double,2.6041640166039124,156.24984099623475,JUMPING
1389,55.56,202.86630249023438,109.5376968383789,1.8360542058944702,False,15.842903137207031,True,143,0,143,double,2.6041640166039124,156.24984099623475,JUMPING
1390,55.6,198.81118774414062,107.38442993164062,2.1919023990631104,False,16.686445236206055,True,143,0,143,double,2.6041640166039124,156.24984099623475,JUMPING
1391,55.64,196.52066040039062,106.41580963134766,1.011212944984436,False,17.37070655822754,True,143,0,143,double,2.6041640166039124,156.24984099623475,JUMPING
1392,55.68,195.5078125,106.52716064453125,0.409547358751297,False,17.567983627319336,True,143,0,143,double,2.6041640166039124,156.24984099623475,JUMPING
1393,55.72,199.36148071289062,110.44134521484375,3.9574484825134277,False,17.66091537475586,True,143,0,143,double,2.6041640166039124,156.24984099623475,JUMPING
1394,55.76,201.63853454589844,112.75386810302734,2.3218460083007812,False,17.67552375793457,True,143,0,143,double,2.6041640166039124,156.24984099623475,JUMPING
1395,55.8,205.7726287841797,115.91070556640625,3.1605937480926514,False,16.409069061279297,False,144,0,144,double,2.4999999627470975,149.99999776482585,JUMPING
1396,55.84,208.03573608398438,116.96795654296875,1.0951347351074219,False,15.944047927856445,False,144,0,144,double,2.4999999627470975,149.99999776482585,JUMPING
1397,55.88,208.860107421875,117.37848663330078,0.4921775162220001,False,15.831402778625488,False,144,0,144,double,2.4999999627470975,149.99999776482585,JUMPING
1398,55.92,205.27452087402344,113.4684066772461,3.9268815517425537,False,15.670737266540527,True,144,0,144,double,2.4999999627470975,149.99999776482585,JUMPING
1399,55.96,202.93402099609375,111.02347564697266,2.4608120918273926,False,15.816490173339844,True,144,0,144,double,2.4999999627470975,149.99999776482585,JUMPING
1400,56.0,199.83653259277344,108.24530029296875,2.830566167831421,False,16.205726623535156,True,144,0,144,double,2.4999999627470975,149.99999776482585,JUMPING
1401,56.04,198.24880981445312,106.9512939453125,1.354663610458374,False,16.90764808654785,True,144,0,144,double,2.4999999627470975,149.99999776482585,JUMPING
1402,56.08,199.42681884765625,108.534423828125,1.5859181880950928,False,17.20989227294922,True,144,0,144,double,2.4999999627470975,149.99999776482585,JUMPING
1403,56.12,202.85491943359375,111.81523895263672,3.2833497524261475,False,17.93819808959961,True,144,0,144,double,2.4999999627470975,149.99999776482585,JUMPING
1404,56.16,207.29852294921875,115.96246337890625,4.151134967803955,False,17.720579147338867,False,145,0,145,double,2.551021638549201,153.06129831295206,JUMPING
1405,56.2,209.87930297851562,118.24518585205078,2.2834439277648926,False,17.22589874267578,False,145,0,145,double,2.551021638549201,153.06129831295206,JUMPING
1406,56.24,209.8492431640625,118.08096313476562,0.16779184341430664,False,17.151390075683594,False,145,0,145,double,2.551021638549201,153.06129831295206,JUMPING
1407,56.28,207.02841186523438,115.93424224853516,2.148792266845703,False,16.67688751220703,False,145,0,145,double,2.551021638549201,153.06129831295206,JUMPING
1408,56.32,205.19839477539062,114.2726058959961,1.661641240119934,False,17.41141128540039,False,145,0,145,double,2.551021638549201,153.06129831295206,JUMPING
1409,56.36,203.44680786132812,111.7737808227539,2.509202241897583,False,18.892227172851562,True,145,0,145,double,2.551021638549201,153.06129831295206,JUMPING
1410,56.4,199.68759155273438,109.0877456665039,2.7105507850646973,False,18.976171493530273,True,145,0,145,double,2.551021638549201,153.06129831295206,JUMPING
1411,56.44,198.29476928710938,108.28036499023438,0.8365636467933655,False,18.635128021240234,True,145,0,145,double,2.551021638549201,153.06129831295206,JUMPING
1412,56.48,199.78929138183594,109.26029205322266,0.9808679819107056,False,18.474637985229492,True,145,0,145,double,2.551021638549201,153.06129831295206,JUMPING
1413,56.52,201.2316131591797,110.09896850585938,0.838926374912262,False,18.173309326171875,False,146,0,146,double,2.6041640166039124,156.24984099623475,JUMPING
1414,56.56,206.6817626953125,114.7039794921875,4.610661506652832,False,16.645891189575195,False,146,0,146,double,2.6041640166039124,156.24984099623475,JUMPING
1415,56.6,209.6627197265625,116.7505874633789,2.1164393424987793,False,16.336721420288086,False,146,0,146,double,2.6041640166039124,156.24984099623475,JUMPING
1416,56.64,208.20486450195312,115.88008880615234,0.944218635559082,False,16.044837951660156,False,146,0,146,double,2.6041640166039124,156.24984099623475,JUMPING
1417,56.68,205.15078735351562,113.48980712890625,2.433711528778076,False,16.892440795898438,False,146,0,146,double,2.6041640166039124,156.24984099623475,JUMPING
1418,56.72,203.21524047851562,111.7614974975586,1.7415789365768433,False,16.901430130004883,False,146,0,146,double,2.6041640166039124,156.24984099623475,JUMPING
1419,56.76,200.42593383789062,109.33733367919922,2.426001787185669,False,17.134471893310547,False,146,0,146,double,2.6041640166039124,156.24984099623475,JUMPING
1420,56.8,198.619140625,107.71646881103516,1.6208810806274414,False,17.440540313720703,True,146,0,146,double,2.6041640166039124,156.24984099623475,JUMPING
1421,56.84,199.3389434814453,107.9652328491211,0.32977598905563354,False,16.992965698242188,True,146,0,146,double,2.6041640166039124,156.24984099623475,JUMPING
1422,56.88,201.35440063476562,110.3816146850586,2.4246292114257812,False,16.704641342163086,True,146,0,146,double,2.6041640166039124,156.24984099623475,JUMPING
1423,56.92,205.0557861328125,113.7337646484375,3.4141197204589844,False,15.632539749145508,False,147,0,147,double,2.551021638549201,153.06129831295206,JUMPING
1424,56.96,207.06549072265625,115.72409057617188,1.998116135597229,False,15.289078712463379,False,147,0,147,double,2.551021638549201,153.06129831295206,JUMPING
1425,57.0,208.19874572753906,116.1242904663086,0.48433247208595276,False,15.293366432189941,False,147,0,147,double,2.551021638549201,153.06129831295206,JUMPING
1426,57.04,206.85250854492188,114.0197982788086,2.1349432468414307,False,15.799036979675293,False,147,0,147,double,2.551021638549201,153.06129831295206,JUMPING
1427,57.08,205.46681213378906,112.72002410888672,1.3028018474578857,False,15.396409034729004,False,147,0,147,double,2.551021638549201,153.06129831295206,JUMPING
1428,57.12,202.81675720214844,110.21334838867188,2.516277551651001,False,15.810518264770508,False,147,0,147,double,2.551021638549201,153.06129831295206,JUMPING
1429,57.16,200.25759887695312,107.6427993774414,2.571394443511963,False,16.208158493041992,True,147,0,147,double,2.551021638549201,153.06129831295206,JUMPING
1430,57.2,198.4376220703125,105.88689422607422,1.7771726846694946,False,16.607362747192383,True,147,0,147,double,2.551021638549201,153.06129831295206,JUMPING
1431,57.24,197.994140625,105.21375274658203,0.6932292580604553,False,16.433815002441406,True,147,0,147,double,2.551021638549201,153.06129831295206,JUMPING
1432,57.28,198.9854736328125,106.38280487060547,1.186256766319275,False,16.484661102294922,True,147,0,147,double,2.551021638549201,153.06129831295206,JUMPING
1433,57.32,201.32772827148438,108.96089935302734,2.587639570236206,False,15.962109565734863,False,148,0,148,double,2.551021638549201,153.06129831295206,JUMPING
1434,57.36,205.23780822753906,112.66155242919922,3.7007086277008057,False,15.85529613494873,False,148,0,148,double,2.551021638549201,153.06129831295206,JUMPING
1435,57.4,208.58419799804688,115.22657012939453,2.568000316619873,False,14.873114585876465,False,148,0,148,double,2.551021638549201,153.06129831295206,JUMPING
1436,57.44,208.92503356933594,115.0443344116211,0.20538847148418427,False,15.457720756530762,False,148,0,148,double,2.551021638549201,153.06129831295206,JUMPING
1437,57.48,204.99765014648438,110.45079803466797,4.596112251281738,False,16.143800735473633,False,148,0,148,double,2.551021638549201,153.06129831295206,JUMPING
1438,57.52,200.8016357421875,106.5923080444336,3.8588449954986572,False,16.76839256286621,True,148,0,148,double,2.551021638549201,153.06129831295206,JUMPING
1439,57.56,198.73423767089844,104.57747650146484,2.014859437942505,False,17.368778228759766,True,148,0,148,double,2.551021638549201,153.06129831295206,JUMPING
1440,57.6,196.85617065429688,103.16836547851562,1.4092252254486084,False,17.83011817932129,True,148,0,148,double,2.551021638549201,153.06129831295206,JUMPING
1441,57.64,197.84735107421875,104.52249908447266,1.3555593490600586,False,17.12015151977539,True,148,0,148,double,2.551021638549201,153.06129831295206,JUMPING
1442,57.68,198.771728515625,105.5466079711914,1.0243253707885742,False,16.494873046875,True,148,0,148,double,2.551021638549201,153.06129831295206,JUMPING
1443,57.72,201.29489135742188,108.2037353515625,2.658594846725464,False,16.832839965820312,False,149,0,149,double,2.6041640166039124,156.24984099623475,JUMPING
1444,57.76,205.15467834472656,111.59937286376953,3.396453857421875,False,16.74195098876953,False,149,0,149,double,2.6041640166039124,156.24984099623475,JUMPING
1445,57.8,207.28778076171875,112.9410171508789,1.3750487565994263,False,16.344125747680664,False,149,0,149,double,2.6041640166039124,156.24984099623475,JUMPING
1446,57.84,208.34793090820312,113.36005401611328,0.4275086522102356,False,15.852136611938477,False,149,0,149,double,2.6041640166039124,156.24984099623475,JUMPING
1447,57.88,204.0502471923828,109.75138092041016,3.609072685241699,False,16.188720703125,False,149,0,149,double,2.6041640166039124,156.24984099623475,JUMPING
1448,57.92,201.50648498535156,107.61409759521484,2.137320041656494,False,16.536710739135742,False,149,0,149,double,2.6041640166039124,156.24984099623475,JUMPING
1449,57.96,198.17506408691406,105.2890625,2.3318417072296143,False,17.072233200073242,True,149,0,149,double,2.6041640166039124,156.24984099623475,JUMPING
1450,58.0,196.96795654296875,104.2948226928711,1.008873701095581,False,16.61970329284668,True,149,0,149,double,2.6041640166039124,156.24984099623475,JUMPING
1451,58.04,197.20779418945312,105.41254425048828,1.1433883905410767,False,16.434175491333008,True,149,0,149,double,2.6041640166039124,156.24984099623475,JUMPING
1452,58.08,199.506591796875,108.45136260986328,3.062896728515625,False,16.959810256958008,False,150,0,150,double,2.6041640166039124,156.24984099623475,JUMPING
1453,58.12,201.25006103515625,110.3115463256836,1.870252013206482,False,17.374814987182617,False,150,0,150,double,2.6041640166039124,156.24984099623475,JUMPING
1454,58.16,206.6336212158203,113.84175872802734,3.530989408493042,False,16.587675094604492,False,150,0,150,double,2.6041640166039124,156.24984099623475,JUMPING
1455,58.2,209.56289672851562,115.69901275634766,1.8598204851150513,False,16.024757385253906,False,150,0,150,double,2.6041640166039124,156.24984099623475,JUMPING
1456,58.24,207.46255493164062,113.029052734375,2.6700704097747803,False,16.858430862426758,False,150,0,150,double,2.6041640166039124,156.24984099623475,JUMPING
1457,58.28,203.49078369140625,109.1033706665039,3.9265363216400146,False,17.683582305908203,False,150,0,150,double,2.6041640166039124,156.24984099623475,JUMPING
1458,58.32,201.04306030273438,106.8123779296875,2.2913098335266113,False,17.625030517578125,True,150,0,150,double,2.6041640166039124,156.24984099623475,JUMPING
1459,58.36,197.26266479492188,104.36995697021484,2.4552133083343506,False,17.87006950378418,True,150,0,150,double,2.6041640166039124,156.24984099623475,JUMPING
1460,58.4,195.70835876464844,103.39642333984375,1.0425928831100464,False,17.397052764892578,True,150,0,150,double,2.6041640166039124,156.24984099623475,JUMPING
1461,58.44,196.38833618164062,104.64656829833984,1.3511308431625366,False,17.404605865478516,True,150,0,150,double,2.6041640166039124,156.24984099623475,JUMPING
1462,58.48,199.14364624023438,107.46380615234375,2.821502208709717,False,18.045387268066406,True,150,0,150,double,2.6041640166039124,156.24984099623475,JUMPING
1463,58.52,203.697998046875,111.504150390625,4.045278549194336,False,17.39426040649414,False,151,0,151,double,2.4999999627470975,149.99999776482585,JUMPING
1464,58.56,206.2167510986328,113.70547485351562,2.201328992843628,False,16.86760902404785,False,151,0,151,double,2.4999999627470975,149.99999776482585,JUMPING
1465,58.6,208.45816040039062,114.25016021728516,0.624780535697937,False,16.23893928527832,False,151,0,151,double,2.4999999627470975,149.99999776482585,JUMPING
1466,58.64,209.47006225585938,114.31896209716797,0.191390722990036,False,15.68424129486084,False,151,0,151,double,2.4999999627470975,149.99999776482585,JUMPING
1467,58.68,207.2257843017578,111.63467407226562,2.690119981765747,False,16.014659881591797,False,151,0,151,double,2.4999999627470975,149.99999776482585,JUMPING
1468,58.72,203.735595703125,107.9276123046875,3.715972661972046,False,16.209014892578125,True,151,0,151,double,2.4999999627470975,149.99999776482585,JUMPING
1469,58.76,198.63186645507812,103.87007904052734,4.05926513671875,False,15.915682792663574,True,151,0,151,double,2.4999999627470975,149.99999776482585,JUMPING
1470,58.8,195.67010498046875,101.91183471679688,1.9592329263687134,False,16.006893157958984,True,151,0,151,double,2.4999999627470975,149.99999776482585,JUMPING
1471,58.84,194.1099853515625,101.5799789428711,0.33480915427207947,False,15.786673545837402,True,151,0,151,double,2.4999999627470975,149.99999776482585,JUMPING
1472,58.88,194.529541015625,102.77572631835938,1.1957674026489258,False,15.750848770141602,True,151,0,151,double,2.4999999627470975,149.99999776482585,JUMPING
1473,58.92,199.67950439453125,107.64366912841797,4.872254848480225,False,15.79720401763916,True,151,0,151,double,2.4999999627470975,149.99999776482585,JUMPING
1474,58.96,202.9396514892578,110.4889907836914,2.845747947692871,False,15.71151351928711,False,152,0,152,double,2.4509793637995725,147.05876182797434,JUMPING
1475,59.0,207.1203155517578,112.6556167602539,2.173792600631714,False,14.97315788269043,False,152,0,152,double,2.4509793637995725,147.05876182797434,JUMPING
1476,59.04,208.8046417236328,113.6523208618164,1.0051627159118652,False,14.762423515319824,False,152,0,152,double,2.4509793637995725,147.05876182797434,JUMPING
1477,59.08,205.39712524414062,110.18897247314453,3.46590256690979,False,15.294411659240723,False,152,0,152,double,2.4509793637995725,147.05876182797434,JUMPING
1478,59.12,200.5601806640625,106.14910888671875,4.062107563018799,False,15.025199890136719,True,152,0,152,double,2.4509793637995725,147.05876182797434,JUMPING
1479,59.16,197.51522827148438,103.91902923583984,2.2314863204956055,False,15.02334213256836,True,152,0,152,double,2.4509793637995725,147.05876182797434,JUMPING
1480,59.2,195.448974609375,102.31987762451172,1.6091140508651733,False,15.73050594329834,True,152,0,152,double,2.4509793637995725,147.05876182797434,JUMPING
1481,59.24,194.10183715820312,101.58135986328125,0.7619592547416687,False,16.419801712036133,True,152,0,152,double,2.4509793637995725,147.05876182797434,JUMPING
1482,59.28,194.39743041992188,102.5700454711914,1.2078416347503662,False,17.22273063659668,True,152,0,152,double,2.4509793637995725,147.05876182797434,JUMPING
1483,59.32,198.6540985107422,107.51455688476562,4.945669174194336,False,18.82526969909668,True,152,0,152,double,2.4509793637995725,147.05876182797434,JUMPING
1484,59.36,201.36672973632812,110.42166137695312,2.908745288848877,False,19.334651947021484,False,153,0,153,double,2.4509793637995725,147.05876182797434,JUMPING
1485,59.4,206.45062255859375,114.1376724243164,3.716193675994873,False,18.02132225036621,False,153,0,153,double,2.4509793637995725,147.05876182797434,JUMPING
1486,59.44,209.05361938476562,115.98429107666016,1.8466187715530396,False,17.133028030395508,False,153,0,153,double,2.4509793637995725,147.05876182797434,JUMPING
1487,59.48,206.5096893310547,112.74606323242188,3.2502901554107666,False,17.208749771118164,False,153,0,153,double,2.4509793637995725,147.05876182797434,JUMPING
1488,59.52,203.2577362060547,108.36156463623047,4.408692836761475,False,17.929725646972656,False,153,0,153,double,2.4509793637995725,147.05876182797434,JUMPING
1489,59.56,199.4833221435547,104.70380401611328,3.6782407760620117,False,18.209299087524414,True,153,0,153,double,2.4509793637995725,147.05876182797434,JUMPING
1490,59.6,197.09890747070312,102.93212127685547,1.777091383934021,False,18.365978240966797,True,153,0,153,double,2.4509793637995725,147.05876182797434,JUMPING
1491,59.64,195.2802276611328,101.6469497680664,1.451698660850525,False,18.118602752685547,True,153,0,153,double,2.4509793637995725,147.05876182797434,JUMPING
1492,59.68,194.614501953125,101.32135772705078,0.40856093168258667,False,17.640026092529297,True,153,0,153,double,2.4509793637995725,147.05876182797434,JUMPING
1493,59.72,195.59381103515625,102.51202392578125,1.1936094760894775,False,17.241357803344727,True,153,0,153,double,2.4509793637995725,147.05876182797434,JUMPING
1494,59.76,198.28192138671875,105.35436248779297,2.8544578552246094,False,17.22453498840332,True,153,0,153,double,2.4509793637995725,147.05876182797434,JUMPING
1495,59.8,202.13455200195312,109.2760009765625,3.9293429851531982,False,17.471755981445312,False,154,0,154,double,2.4038485152196167,144.230910913177,JUMPING
1496,59.84,207.15362548828125,113.57671356201172,4.314242362976074,False,15.790301322937012,False,154,0,154,double,2.4038485152196167,144.230910913177,JUMPING
1497,59.88,210.47865295410156,115.6869125366211,2.1103508472442627,False,14.461592674255371,False,154,0,154,double,2.4038485152196167,144.230910913177,JUMPING
1498,59.92,210.03700256347656,114.57443237304688,1.1138063669204712,False,14.793357849121094,False,154,0,154,double,2.4038485152196167,144.230910913177,JUMPING
1499,59.96,206.38580322265625,111.16290283203125,3.4155495166778564,False,15.135570526123047,False,154,0,154,double,2.4038485152196167,144.230910913177,JUMPING
1500,60.0,200.37013244628906,106.16651153564453,4.999993801116943,False,16.918344497680664,True,154,0,154,double,2.4038485152196167,144.230910913177,JUMPING
1501,60.04,196.7116241455078,102.90906524658203,3.2585086822509766,False,17.76622772216797,True,154,0,154,double,2.4038485152196167,144.230910913177,JUMPING
1502,60.08,195.1116943359375,102.26741790771484,0.6523597836494446,False,17.796510696411133,True,154,0,154,double,2.4038485152196167,144.230910913177,JUMPING
1503,60.12,196.23594665527344,103.5171127319336,1.2524728775024414,False,18.286096572875977,True,154,0,154,double,2.4038485152196167,144.230910913177,JUMPING
1504,60.16,199.0164794921875,106.45264434814453,2.942598342895508,False,18.324546813964844,True,154,0,154,double,2.4038485152196167,144.230910913177,JUMPING
1505,60.2,203.5139923095703,110.44011688232422,3.989570140838623,False,17.07988929748535,False,155,0,155,double,2.3584917543117796,141.50950525870678,JUMPING
1506,60.24,206.87860107421875,112.74038696289062,2.3052115440368652,False,16.16832160949707,False,155,0,155,double,2.3584917543117796,141.50950525870678,JUMPING
1507,60.28,207.7808837890625,112.1187515258789,0.623741090297699,False,14.69871711730957,False,155,0,155,double,2.3584917543117796,141.50950525870678,JUMPING
1508,60.32,205.52142333984375,109.4280776977539,2.692187786102295,False,15.678292274475098,False,155,0,155,double,2.3584917543117796,141.50950525870678,JUMPING
1509,60.36,203.04116821289062,105.95728302001953,3.4749093055725098,False,16.811237335205078,True,155,0,155,double,2.3584917543117796,141.50950525870678,JUMPING
1510,60.4,201.92430114746094,103.93538665771484,2.022169589996338,False,17.05817222595215,True,155,0,155,double,2.3584917543117796,141.50950525870678,JUMPING
1511,60.44,199.0760955810547,102.13008880615234,1.8101425170898438,False,17.30457878112793,True,155,0,155,double,2.3584917543117796,141.50950525870678,JUMPING
1512,60.48,197.56875610351562,102.13712310791016,0.21297630667686462,False,17.29623794555664,True,155,0,155,double,2.3584917543117796,141.50950525870678,JUMPING
1513,60.52,197.13543701171875,102.40802001953125,0.2807794213294983,False,17.560792922973633,True,155,0,155,double,2.3584917543117796,141.50950525870678,JUMPING
1514,60.56,198.30848693847656,104.15692138671875,1.7503743171691895,False,17.80247688293457,True,155,0,155,double,2.3584917543117796,141.50950525870678,JUMPING
1515,60.6,201.53428649902344,107.36742401123047,3.2115583419799805,False,17.477304458618164,False,156,0,156,double,2.4038485152196167,144.230910913177,JUMPING
1516,60.64,206.00949096679688,110.8642578125,3.5027806758880615,False,16.102079391479492,False,156,0,156,double,2.4038485152196167,144.230910913177,JUMPING
1517,60.68,206.36016845703125,110.16629028320312,0.7805426120758057,False,16.497943878173828,False,156,0,156,double,2.4038485152196167,144.230910913177,JUMPING
1518,60.72,203.68753051757812,107.48236083984375,2.6850991249084473,False,17.109569549560547,False,156,0,156,double,2.4038485152196167,144.230910913177,JUMPING
1519,60.76,199.98086547851562,104.3404769897461,3.1420860290527344,False,16.62215232849121,True,156,0,156,double,2.4038485152196167,144.230910913177,JUMPING
1520,60.8,197.7754364013672,102.5155258178711,1.8305319547653198,False,16.874982833862305,True,156,0,156,double,2.4038485152196167,144.230910913177,JUMPING
1521,60.84,195.83316040039062,101.58422088623047,0.9385350346565247,False,17.077085494995117,True,156,0,156,double,2.4038485152196167,144.230910913177,JUMPING
1522,60.88,195.04409790039062,101.2989501953125,0.28675323724746704,False,17.609233856201172,True,156,0,156,double,2.4038485152196167,144.230910913177,JUMPING
1523,60.92,195.5280303955078,102.26839447021484,0.9712355136871338,False,18.736459732055664,True,156,0,156,double,2.4038485152196167,144.230910913177,JUMPING
1524,60.96,200.465576171875,107.04219818115234,4.7815022468566895,False,18.590198516845703,True,156,0,156,double,2.4038485152196167,144.230910913177,JUMPING
1525,61.0,203.39776611328125,109.74331665039062,2.7040014266967773,False,18.194456100463867,False,157,0,157,double,2.4509793637995725,147.05876182797434,JUMPING
1526,61.04,207.46524047851562,112.50206756591797,2.765080690383911,False,16.971052169799805,False,157,0,157,double,2.4509793637995725,147.05876182797434,JUMPING
1527,61.08,208.79510498046875,112.88651275634766,0.5052711963653564,False,16.459569931030273,False,157,0,157,double,2.4509793637995725,147.05876182797434,JUMPING
1528,61.12,206.6143798828125,111.10184478759766,1.7901281118392944,False,16.738727569580078,False,157,0,157,double,2.4509793637995725,147.05876182797434,JUMPING
1529,61.16,203.5699920654297,108.069580078125,3.032655954360962,False,16.952978134155273,True,157,0,157,double,2.4509793637995725,147.05876182797434,JUMPING
1530,61.2,199.07167053222656,104.5030746459961,3.566601514816284,False,18.190034866333008,True,157,0,157,double,2.4509793637995725,147.05876182797434,JUMPING
1531,61.24,197.7534637451172,102.87979888916016,1.6691548824310303,False,18.070261001586914,True,157,0,157,double,2.4509793637995725,147.05876182797434,JUMPING
1532,61.28,197.54293823242188,103.42745208740234,0.5698514580726624,False,18.3463191986084,True,157,0,157,double,2.4509793637995725,147.05876182797434,JUMPING
1533,61.32,198.20591735839844,104.09391021728516,0.6666931509971619,False,18.31378936767578,True,157,0,157,double,2.4509793637995725,147.05876182797434,JUMPING
1534,61.36,200.596435546875,106.82635498046875,2.7351787090301514,False,18.646244049072266,True,157,0,157,double,2.4509793637995725,147.05876182797434,JUMPING
1535,61.4,206.37832641601562,111.07917022705078,4.255812644958496,False,17.50339126586914,False,158,0,158,double,2.4509793637995725,147.05876182797434,JUMPING
1536,61.44,209.09347534179688,113.57230377197266,2.4931387901306152,False,16.063920974731445,False,158,0,158,double,2.4509793637995725,147.05876182797434,JUMPING
1537,61.48,206.6336669921875,111.4010009765625,2.181229591369629,False,16.16098976135254,False,158,0,158,double,2.4509793637995725,147.05876182797434,JUMPING
1538,61.52,204.2969970703125,109.66255950927734,1.7484558820724487,False,16.920719146728516,False,158,0,158,double,2.4509793637995725,147.05876182797434,JUMPING
1539,61.56,200.06875610351562,106.15032196044922,3.517345428466797,False,16.768901824951172,True,158,0,158,double,2.4509793637995725,147.05876182797434,JUMPING
1540,61.6,197.50599670410156,104.227294921875,1.9272119998931885,False,17.006427764892578,True,158,0,158,double,2.4509793637995725,147.05876182797434,JUMPING
1541,61.64,196.57859802246094,103.87874603271484,0.3485766053199768,False,17.158443450927734,True,158,0,158,double,2.4509793637995725,147.05876182797434,JUMPING
1542,61.68,196.27272033691406,103.9687728881836,0.09873468428850174,False,17.16162872314453,True,158,0,158,double,2.4509793637995725,147.05876182797434,JUMPING
1543,61.72,199.88055419921875,108.02008056640625,4.051945686340332,False,17.211610794067383,True,158,0,158,double,2.4509793637995725,147.05876182797434,JUMPING
1544,61.76,201.79978942871094,110.56106567382812,2.5449628829956055,False,17.672863006591797,True,158,0,158,double,2.4509793637995725,147.05876182797434,JUMPING
1545,61.8,206.07666015625,114.21114349365234,3.6508350372314453,False,16.058137893676758,False,159,0,159,double,2.4999999627470975,149.99999776482585,JUMPING
1546,61.84,208.60690307617188,116.23974609375,2.029195547103882,False,15.057448387145996,False,159,0,159,double,2.4999999627470975,149.99999776482585,JUMPING
1547,61.88,205.23550415039062,113.01570892333984,3.230153799057007,False,15.440126419067383,False,159,0,159,double,2.4999999627470975,149.99999776482585,JUMPING
1548,61.92,203.43946838378906,110.7371826171875,2.278651237487793,False,15.811052322387695,False,159,0,159,double,2.4999999627470975,149.99999776482585,JUMPING
1549,61.96,200.38211059570312,107.49930572509766,3.239640712738037,False,16.788434982299805,True,159,0,159,double,2.4999999627470975,149.99999776482585,JUMPING
1550,62.0,196.79403686523438,104.77606964111328,2.7234907150268555,False,17.31698989868164,True,159,0,159,double,2.4999999627470975,149.99999776482585,JUMPING
1551,62.04,195.0683135986328,103.42633819580078,1.3518189191818237,False,17.217100143432617,True,159,0,159,double,2.4999999627470975,149.99999776482585,JUMPING
1552,62.08,194.92254638671875,103.5863037109375,0.1857651323080063,False,17.332597732543945,True,159,0,159,double,2.4999999627470975,149.99999776482585,JUMPING
1553,62.12,198.75701904296875,107.57046508789062,3.984877347946167,False,16.62655258178711,True,159,0,159,double,2.4999999627470975,149.99999776482585,JUMPING
1554,62.16,203.77444458007812,112.10247802734375,4.55015754699707,False,16.717369079589844,False,160,0,160,double,2.551021638549201,153.06129831295206,JUMPING
1555,62.2,208.0396728515625,114.79712677001953,2.743278741836548,False,15.41014575958252,False,160,0,160,double,2.551021638549201,153.06129831295206,JUMPING
1556,62.24,210.04415893554688,116.0000228881836,1.221677541732788,False,15.09970474243164,False,160,0,160,double,2.551021638549201,153.06129831295206,JUMPING
1557,62.28,209.36892700195312,114.8597183227539,1.150968074798584,False,15.17060375213623,False,160,0,160,double,2.551021638549201,153.06129831295206,JUMPING
1558,62.32,204.2266845703125,110.50362396240234,4.501601219177246,False,15.850522994995117,True,160,0,160,double,2.551021638549201,153.06129831295206,JUMPING
1559,62.36,199.68380737304688,107.21368408203125,3.3737103939056396,False,15.908096313476562,True,160,0,160,double,2.551021638549201,153.06129831295206,JUMPING
1560,62.4,197.10452270507812,105.1536636352539,2.237945795059204,False,16.32405662536621,True,160,0,160,double,2.551021638549201,153.06129831295206,JUMPING
1561,62.44,196.2384796142578,104.4081802368164,0.8142151832580566,False,16.819013595581055,True,160,0,160,double,2.551021638549201,153.06129831295206,JUMPING
1562,62.48,196.5309295654297,105.0230484008789,0.6353763341903687,False,16.77273178100586,True,160,0,160,double,2.551021638549201,153.06129831295206,JUMPING
1563,62.52,200.6665802001953,109.1493148803711,4.1608500480651855,False,17.008087158203125,True,160,0,160,double,2.551021638549201,153.06129831295206,JUMPING
1564,62.56,205.25775146484375,113.26306915283203,4.176113605499268,False,16.641845703125,False,161,0,161,double,2.551016595991426,153.06099575948556,JUMPING
1565,62.6,208.0040740966797,115.10968780517578,1.9131805896759033,False,16.029834747314453,False,161,0,161,double,2.551016595991426,153.06099575948556,JUMPING
1566,62.64,207.58489990234375,114.1288833618164,1.1362582445144653,False,15.907776832580566,False,161,0,161,double,2.551016595991426,153.06099575948556,JUMPING
1567,62.68,205.24383544921875,111.16058349609375,3.0267860889434814,False,16.795812606811523,False,161,0,161,double,2.551016595991426,153.06099575948556,JUMPING
1568,62.72,201.55404663085938,108.16901397705078,3.0240023136138916,False,17.129358291625977,True,161,0,161,double,2.551016595991426,153.06099575948556,JUMPING
1569,62.76,198.24449157714844,105.8230209350586,2.3651485443115234,False,17.041399002075195,True,161,0,161,double,2.551016595991426,153.06099575948556,JUMPING
1570,62.8,197.21957397460938,105.06816864013672,0.7689689993858337,False,17.27164077758789,True,161,0,161,double,2.551016595991426,153.06099575948556,JUMPING
1571,62.84,196.77438354492188,104.71966552734375,0.35030263662338257,False,16.79657554626465,True,161,0,161,double,2.551016595991426,153.06099575948556,JUMPING
1572,62.88,199.11273193359375,108.03741455078125,3.3185057640075684,False,16.262981414794922,True,161,0,161,double,2.551016595991426,153.06099575948556,JUMPING
1573,62.92,200.27548217773438,109.74047088623047,1.7030763626098633,False,16.123355865478516,True,161,0,161,double,2.551016595991426,153.06099575948556,JUMPING
1574,62.96,206.33956909179688,114.8344955444336,5.096869945526123,False,14.903168678283691,False,162,0,162,double,2.551021638549201,153.06129831295206,JUMPING
1575,63.0,210.49600219726562,117.45928955078125,2.6270205974578857,False,14.153009414672852,False,162,0,162,double,2.551021638549201,153.06129831295206,JUMPING
1576,63.04,210.40048217773438,117.047119140625,0.43093234300613403,False,14.636445045471191,False,162,0,162,double,2.551021638549201,153.06129831295206,JUMPING
1577,63.08,210.00820922851562,116.35830688476562,0.7068199515342712,False,15.064596176147461,False,162,0,162,double,2.551021638549201,153.06129831295206,JUMPING
1578,63.12,204.88385009765625,111.32040405273438,5.038028240203857,False,15.815909385681152,False,162,0,162,double,2.551021638549201,153.06129831295206,JUMPING
1579,63.16,201.54974365234375,108.56070709228516,2.762390375137329,False,16.177034378051758,True,162,0,162,double,2.551021638549201,153.06129831295206,JUMPING
1580,63.2,197.58367919921875,105.72637939453125,2.8344664573669434,False,15.787605285644531,True,162,0,162,double,2.551021638549201,153.06129831295206,JUMPING
1581,63.24,195.7993621826172,104.43531036376953,1.2925691604614258,False,15.787461280822754,True,162,0,162,double,2.551021638549201,153.06129831295206,JUMPING
1582,63.28,196.24697875976562,105.31145477294922,1.088404655456543,False,15.684049606323242,True,162,0,162,double,2.551021638549201,153.06129831295206,JUMPING
1583,63.32,198.7999267578125,107.97467803955078,2.8949129581451416,False,15.653955459594727,True,162,0,162,double,2.551021638549201,153.06129831295206,JUMPING
1584,63.36,203.32278442382812,111.92391967773438,4.08981466293335,False,16.690073013305664,False,163,0,163,double,2.551021638549201,153.06129831295206,JUMPING
1585,63.4,208.24771118164062,116.0611343383789,4.358757495880127,False,16.324735641479492,False,163,0,163,double,2.551021638549201,153.06129831295206,JUMPING
1586,63.44,212.01123046875,117.99530029296875,2.0234103202819824,False,15.349984169006348,False,163,0,163,double,2.551021638549201,153.06129831295206,JUMPING
1587,63.48,213.26600646972656,118.74886322021484,0.8971700668334961,False,15.1795072555542,False,163,0,163,double,2.551021638549201,153.06129831295206,JUMPING
1588,63.52,211.20693969726562,116.81869506835938,1.9644936323165894,False,15.236804008483887,False,163,0,163,double,2.551021638549201,153.06129831295206,JUMPING
1589,63.56,206.24087524414062,112.69540405273438,4.137382984161377,False,15.803606033325195,False,163,0,163,double,2.551021638549201,153.06129831295206,JUMPING
1590,63.6,201.60284423828125,108.48189544677734,4.220312595367432,False,16.22494125366211,True,163,0,163,double,2.551021638549201,153.06129831295206,JUMPING
1591,63.64,196.2703857421875,104.36758422851562,4.202608585357666,False,16.240158081054688,True,163,0,163,double,2.551021638549201,153.06129831295206,JUMPING
1592,63.68,193.34678649902344,102.4591064453125,1.940199851989746,False,16.29132080078125,True,163,0,163,double,2.551021638549201,153.06129831295206,JUMPING
1593,63.72,192.90908813476562,102.87802124023438,0.8366508483886719,False,16.034875869750977,True,163,0,163,double,2.551021638549201,153.06129831295206,JUMPING
1594,63.76,194.93734741210938,104.9847183227539,2.1591804027557373,False,16.04781723022461,True,163,0,163,double,2.551021638549201,153.06129831295206,JUMPING
1595,63.8,199.17868041992188,109.02407836914062,4.03945255279541,False,16.790592193603516,True,163,0,163,double,2.551021638549201,153.06129831295206,JUMPING
1596,63.84,201.9130859375,111.30011749267578,2.276060104370117,False,17.101219177246094,True,163,0,163,double,2.551021638549201,153.06129831295206,JUMPING
1597,63.88,206.89915466308594,115.0042495727539,3.706799030303955,False,16.130273818969727,False,164,0,164,double,2.403844037706782,144.23064226240692,JUMPING
1598,63.92,209.74322509765625,117.0215835571289,2.0198259353637695,False,15.67829418182373,False,164,0,164,double,2.403844037706782,144.23064226240692,JUMPING
1599,63.96,210.50851440429688,116.547119140625,0.48660808801651,False,15.256241798400879,False,164,0,164,double,2.403844037706782,144.23064226240692,JUMPING
1600,64.0,208.01751708984375,113.71309661865234,2.8431081771850586,False,15.494620323181152,False,164,0,164,double,2.403844037706782,144.23064226240692,JUMPING
1601,64.04,204.3709716796875,109.76770782470703,3.9515135288238525,False,15.624561309814453,False,164,0,164,double,2.403844037706782,144.23064226240692,JUMPING
1602,64.08,199.4734649658203,105.4325180053711,4.3427815437316895,False,16.698204040527344,True,164,0,164,double,2.403844037706782,144.23064226240692,JUMPING
1603,64.12,196.30557250976562,103.00921630859375,2.424656867980957,False,17.703651428222656,True,164,0,164,double,2.403844037706782,144.23064226240692,JUMPING
1604,64.16,195.84483337402344,103.19364166259766,0.20003829896450043,False,18.281599044799805,True,164,0,164,double,2.403844037706782,144.23064226240692,JUMPING
1605,64.2,197.57000732421875,105.22167205810547,2.0295634269714355,False,18.135845184326172,True,164,0,164,double,2.403844037706782,144.23064226240692,JUMPING
1606,64.24,201.7792205810547,109.08904266357422,3.8730344772338867,False,17.680862426757812,True,164,0,164,double,2.403844037706782,144.23064226240692,JUMPING
1607,64.28,206.26287841796875,113.15579986572266,4.068093299865723,False,17.010719299316406,False,165,0,165,double,2.3584917543117796,141.50950525870678,JUMPING
1608,64.32,210.13070678710938,115.3938980102539,2.238370418548584,False,15.904814720153809,False,165,0,165,double,2.3584917543117796,141.50950525870678,JUMPING
1609,64.36,209.73065185546875,114.71145629882812,0.6854292750358582,False,16.186676025390625,False,165,0,165,double,2.3584917543117796,141.50950525870678,JUMPING
1610,64.4,209.11264038085938,114.08047485351562,0.6342942714691162,False,16.35145378112793,False,165,0,165,double,2.3584917543117796,141.50950525870678,JUMPING
1611,64.44,203.41647338867188,109.48687744140625,4.605354309082031,False,17.129793167114258,True,165,0,165,double,2.3584917543117796,141.50950525870678,JUMPING
1612,64.48,200.14724731445312,106.67288208007812,2.8263819217681885,False,17.778318405151367,True,165,0,165,double,2.3584917543117796,141.50950525870678,JUMPING
1613,64.52,196.82711791992188,103.7720947265625,2.910496950149536,False,17.77967643737793,True,165,0,165,double,2.3584917543117796,141.50950525870678,JUMPING
1614,64.56,195.6014404296875,102.9436264038086,0.8394954204559326,False,17.550891876220703,True,165,0,165,double,2.3584917543117796,141.50950525870678,JUMPING
1615,64.6,195.0419921875,102.88031005859375,0.1661900281906128,False,17.14168930053711,True,165,0,165,double,2.3584917543117796,141.50950525870678,JUMPING
1616,64.64,195.90670776367188,104.30718994140625,1.4282000064849854,False,17.592885971069336,True,165,0,165,double,2.3584917543117796,141.50950525870678,JUMPING
1617,64.68,199.29383850097656,107.43866729736328,3.1336188316345215,False,18.165172576904297,True,165,0,165,double,2.3584917543117796,141.50950525870678,JUMPING
1618,64.72,205.86361694335938,112.45525360107422,5.016803741455078,False,16.54275894165039,False,166,0,166,double,2.314814914462502,138.8888948677501,JUMPING
1619,64.76,209.26686096191406,115.15164947509766,2.698178291320801,False,15.136547088623047,False,166,0,166,double,2.314814914462502,138.8888948677501,JUMPING
1620,64.8,206.7746124267578,113.04679107666016,2.1193361282348633,False,16.27424430847168,False,166,0,166,double,2.314814914462502,138.8888948677501,JUMPING
1621,64.84,205.09402465820312,111.53337860107422,1.5135689973831177,False,17.158124923706055,False,166,0,166,double,2.314814914462502,138.8888948677501,JUMPING
1622,64.88,200.2764892578125,107.59635162353516,3.9370274543762207,False,16.45757484436035,True,166,0,166,double,2.314814914462502,138.8888948677501,JUMPING
1623,64.92,197.38897705078125,105.3550796508789,2.2446112632751465,False,15.839396476745605,True,166,0,166,double,2.314814914462502,138.8888948677501,JUMPING
1624,64.96,195.86642456054688,104.26773834228516,1.0892359018325806,False,16.011478424072266,True,166,0,166,double,2.314814914462502,138.8888948677501,JUMPING
1625,65.0,195.78627014160156,104.07132720947266,0.22318671643733978,False,16.1350154876709,True,166,0,166,double,2.314814914462502,138.8888948677501,JUMPING
1626,65.04,196.89797973632812,105.3989486694336,1.3290624618530273,False,16.598329544067383,True,166,0,166,double,2.314814914462502,138.8888948677501,JUMPING
1627,65.08,199.62823486328125,108.48379516601562,3.0849015712738037,False,17.032339096069336,True,166,0,166,double,2.314814914462502,138.8888948677501,JUMPING
1628,65.12,204.94692993164062,112.42179107666016,3.9391138553619385,False,15.676691055297852,False,167,0,167,double,2.3148109221740563,138.88865533044338,JUMPING
1629,65.16,207.8820037841797,114.75231170654297,2.3311727046966553,False,15.112719535827637,False,167,0,167,double,2.3148109221740563,138.88865533044338,JUMPING
1630,65.2,207.77777099609375,114.0054702758789,0.7544645071029663,False,15.146328926086426,False,167,0,167,double,2.3148109221740563,138.88865533044338,JUMPING
1631,65.24,203.99658203125,109.2439956665039,4.761799335479736,False,15.841902732849121,False,167,0,167,double,2.3148109221740563,138.88865533044338,JUMPING
1632,65.28,200.91769409179688,106.30200958251953,2.942394733428955,False,16.202970504760742,False,167,0,167,double,2.3148109221740563,138.88865533044338,JUMPING
1633,65.32,198.09017944335938,103.78564453125,2.516437292098999,False,15.760927200317383,True,167,0,167,double,2.3148109221740563,138.88865533044338,JUMPING
1634,65.36,196.1105499267578,102.4917984008789,1.2948291301727295,False,16.52638053894043,True,167,0,167,double,2.3148109221740563,138.88865533044338,JUMPING
1635,65.4,197.44003295898438,104.3265609741211,1.8424142599105835,False,17.027976989746094,True,167,0,167,double,2.3148109221740563,138.88865533044338,JUMPING
1636,65.44,200.51011657714844,108.0331802368164,3.7068848609924316,False,17.855628967285156,True,167,0,167,double,2.3148109221740563,138.88865533044338,JUMPING
1637,65.48,202.21804809570312,109.91738891601562,1.8845455646514893,False,17.586950302124023,False,168,0,168,double,2.3584874441716788,141.50924665030072,JUMPING
1638,65.52,206.64047241210938,113.0150146484375,3.103257417678833,False,15.564692497253418,False,168,0,168,double,2.3584874441716788,141.50924665030072,JUMPING
1639,65.56,208.1048583984375,113.09033203125,0.17936769127845764,False,15.654524803161621,False,168,0,168,double,2.3584874441716788,141.50924665030072,JUMPING
1640,65.6,205.9072265625,110.64110565185547,2.457911491394043,False,16.295001983642578,False,168,0,168,double,2.3584874441716788,141.50924665030072,JUMPING
1641,65.64,202.4110107421875,107.60370635986328,3.0402610301971436,False,17.221694946289062,True,168,0,168,double,2.3584874441716788,141.50924665030072,JUMPING
1642,65.68,199.06883239746094,104.9457015991211,2.6590170860290527,False,16.9469051361084,True,168,0,168,double,2.3584874441716788,141.50924665030072,JUMPING
1643,65.72,197.25836181640625,103.51211547851562,1.4369930028915405,False,16.490861892700195,True,168,0,168,double,2.3584874441716788,141.50924665030072,JUMPING
1644,65.76,195.9351348876953,104.08016967773438,0.571857213973999,False,16.57574462890625,True,168,0,168,double,2.3584874441716788,141.50924665030072,JUMPING
1645,65.8,195.68646240234375,104.60165405273438,0.5299092531204224,False,16.54253578186035,True,168,0,168,double,2.3584874441716788,141.50924665030072,JUMPING
1646,65.84,199.68359375,108.73165893554688,4.132007122039795,False,17.885971069335938,True,168,0,168,double,2.3584874441716788,141.50924665030072,JUMPING
1647,65.88,205.2398223876953,113.18431854248047,4.453853130340576,False,17.610549926757812,False,169,0,169,double,2.5000048056337225,150.00028833802335,JUMPING
1648,65.92,208.4727783203125,115.45035552978516,2.2660372257232666,False,17.30483627319336,False,169,0,169,double,2.5000048056337225,150.00028833802335,JUMPING
1649,65.96,209.0051727294922,114.9971694946289,0.45449966192245483,False,17.116212844848633,False,169,0,169,double,2.5000048056337225,150.00028833802335,JUMPING
1650,66.0,206.59864807128906,112.12124633789062,2.8789210319519043,False,18.006927490234375,False,169,0,169,double,2.5000048056337225,150.00028833802335,JUMPING
1651,66.04,203.46221923828125,108.5257568359375,3.597834825515747,False,17.21236228942871,True,169,0,169,double,2.5000048056337225,150.00028833802335,JUMPING
1652,66.08,199.46389770507812,105.47254180908203,3.0532350540161133,False,17.16188621520996,True,169,0,169,double,2.5000048056337225,150.00028833802335,JUMPING
1653,66.12,196.27359008789062,104.10518646240234,1.3910202980041504,False,16.607275009155273,True,169,0,169,double,2.5000048056337225,150.00028833802335,JUMPING
1654,66.16,195.73934936523438,104.20178985595703,0.5061383843421936,False,17.183582305908203,True,169,0,169,double,2.5000048056337225,150.00028833802335,JUMPING
1655,66.2,197.34483337402344,106.13666534423828,1.9422022104263306,False,16.68584442138672,True,169,0,169,double,2.5000048056337225,150.00028833802335,JUMPING
1656,66.24,200.11370849609375,109.5803451538086,3.4526872634887695,False,16.870824813842773,True,169,0,169,double,2.5000048056337225,150.00028833802335,JUMPING
1657,66.28,201.77963256835938,111.45962524414062,1.8792914152145386,False,17.3220272064209,True,169,0,169,double,2.5000048056337225,150.00028833802335,JUMPING
1658,66.32,205.10238647460938,114.77725982666016,3.3186450004577637,False,17.221824645996094,False,170,0,170,double,2.4509793637995725,147.05876182797434,JUMPING
1659,66.36,207.25030517578125,115.78143310546875,1.0295491218566895,False,15.500911712646484,False,170,0,170,double,2.4509793637995725,147.05876182797434,JUMPING
1660,66.4,208.12567138671875,115.84027099609375,0.08390271663665771,False,14.821656227111816,False,170,0,170,double,2.4509793637995725,147.05876182797434,JUMPING
1661,66.44,205.513671875,113.58926391601562,2.253580331802368,False,15.73133373260498,False,170,0,170,double,2.4509793637995725,147.05876182797434,JUMPING
1662,66.48,200.40786743164062,108.90035247802734,4.6895599365234375,False,15.196416854858398,True,170,0,170,double,2.4509793637995725,147.05876182797434,JUMPING
1663,66.52,197.357666015625,106.34947967529297,2.5529959201812744,False,14.491782188415527,True,170,0,170,double,2.4509793637995725,147.05876182797434,JUMPING
1664,66.56,195.32156372070312,105.00189971923828,1.363527536392212,False,15.141633987426758,True,170,0,170,double,2.4509793637995725,147.05876182797434,JUMPING
1665,66.6,195.52366638183594,105.68535614013672,0.6888390779495239,False,16.293371200561523,True,170,0,170,double,2.4509793637995725,147.05876182797434,JUMPING
1666,66.64,195.84298706054688,106.40836334228516,0.7276553511619568,False,17.074880599975586,True,170,0,170,double,2.4509793637995725,147.05876182797434,JUMPING
1667,66.68,198.32958984375,108.74544525146484,2.348569869995117,False,16.849397659301758,True,170,0,170,double,2.4509793637995725,147.05876182797434,JUMPING
1668,66.72,202.524658203125,112.581298828125,3.8414628505706787,False,16.840848922729492,False,171,0,171,double,2.4999999627470975,149.99999776482585,JUMPING
1669,66.76,206.61073303222656,115.34378814697266,2.762592077255249,False,15.868607521057129,False,171,0,171,double,2.4999999627470975,149.99999776482585,JUMPING
1670,66.8,206.25955200195312,113.91646575927734,1.4419193267822266,False,15.839298248291016,False,171,0,171,double,2.4999999627470975,149.99999776482585,JUMPING
1671,66.84,205.8704071044922,112.95513916015625,0.9615955948829651,False,15.815009117126465,False,171,0,171,double,2.4999999627470975,149.99999776482585,JUMPING
1672,66.88,201.56167602539062,109.07059478759766,3.8848118782043457,False,16.618165969848633,True,171,0,171,double,2.4999999627470975,149.99999776482585,JUMPING
1673,66.92,198.8507843017578,106.68533325195312,2.385307550430298,False,16.741275787353516,True,171,0,171,double,2.4999999627470975,149.99999776482585,JUMPING
1674,66.96,196.73223876953125,105.00446319580078,1.6903897523880005,False,16.724384307861328,True,171,0,171,double,2.4999999627470975,149.99999776482585,JUMPING
1675,67.0,195.48175048828125,104.4495620727539,0.5549103021621704,False,16.865739822387695,True,171,0,171,double,2.4999999627470975,149.99999776482585,JUMPING
1676,67.04,198.21337890625,107.21639251708984,2.772817373275757,False,16.57630729675293,True,171,0,171,double,2.4999999627470975,149.99999776482585,JUMPING
1677,67.08,202.199951171875,111.3068618774414,4.090593338012695,False,15.738031387329102,False,172,0,172,double,2.551021638549201,153.06129831295206,JUMPING
1678,67.12,206.11727905273438,114.54817962646484,3.242204189300537,False,15.01464557647705,False,172,0,172,double,2.551021638549201,153.06129831295206,JUMPING
1679,67.16,208.15017700195312,116.1278305053711,1.581142544746399,False,14.195223808288574,False,172,0,172,double,2.551021638549201,153.06129831295206,JUMPING
1680,67.2,208.3345947265625,116.28369140625,0.15917626023292542,False,13.774114608764648,False,172,0,172,double,2.551021638549201,153.06129831295206,JUMPING
1681,67.24,206.7996826171875,113.4437026977539,2.8400044441223145,False,13.610126495361328,False,172,0,172,double,2.551021638549201,153.06129831295206,JUMPING
1682,67.28,201.40774536132812,108.44329833984375,5.017669677734375,False,13.960881233215332,False,172,0,172,double,2.551021638549201,153.06129831295206,JUMPING
1683,67.32,198.26364135742188,105.58206176757812,2.8655455112457275,False,14.854162216186523,True,172,0,172,double,2.551021638549201,153.06129831295206,JUMPING
1684,67.36,195.40200805664062,103.76434326171875,1.8216679096221924,False,15.332682609558105,True,172,0,172,double,2.551021638549201,153.06129831295206,JUMPING
1685,67.4,195.68280029296875,104.59601593017578,0.8601698279380798,False,16.490005493164062,True,172,0,172,double,2.551021638549201,153.06129831295206,JUMPING
1686,67.44,197.67718505859375,107.63602447509766,3.06111216545105,False,16.97947883605957,True,172,0,172,double,2.551021638549201,153.06129831295206,JUMPING
1687,67.48,198.79827880859375,109.58414459228516,1.952302098274231,False,16.701444625854492,True,172,0,172,double,2.551021638549201,153.06129831295206,JUMPING
1688,67.52,204.91966247558594,113.97603607177734,4.400012493133545,False,15.329047203063965,False,173,0,173,double,2.4509884944394016,147.0593096663641,JUMPING
1689,67.56,208.5017852783203,116.50323486328125,2.5362441539764404,False,14.62687873840332,False,173,0,173,double,2.4509884944394016,147.0593096663641,JUMPING
1690,67.6,208.9281463623047,115.6349105834961,0.885947048664093,False,15.218893051147461,False,173,0,173,double,2.4509884944394016,147.0593096663641,JUMPING
1691,67.64,206.45034790039062,112.62091064453125,3.022867441177368,False,15.962312698364258,False,173,0,173,double,2.4509884944394016,147.0593096663641,JUMPING
1692,67.68,202.15904235839844,108.98604583740234,3.644420623779297,False,16.966833114624023,True,173,0,173,double,2.4509884944394016,147.0593096663641,JUMPING
1693,67.72,199.80873107910156,107.02105712890625,1.9686944484710693,False,17.512645721435547,True,173,0,173,double,2.4509884944394016,147.0593096663641,JUMPING
1694,67.76,196.3919677734375,104.77005767822266,2.2572667598724365,False,17.98560905456543,True,173,0,173,double,2.4509884944394016,147.0593096663641,JUMPING
1695,67.8,194.40951538085938,103.73201751708984,1.0388743877410889,False,17.5712947845459,True,173,0,173,double,2.4509884944394016,147.0593096663641,JUMPING
1696,67.84,194.3739013671875,104.18730926513672,0.48121362924575806,False,17.20293617248535,True,173,0,173,double,2.4509884944394016,147.0593096663641,JUMPING
1697,67.88,198.17770385742188,107.98261260986328,3.7979788780212402,False,17.43316078186035,True,173,0,173,double,2.4509884944394016,147.0593096663641,JUMPING
1698,67.92,202.5919952392578,112.47982025146484,4.498373985290527,False,16.145244598388672,True,173,0,173,double,2.4509884944394016,147.0593096663641,JUMPING
1699,67.96,207.1170654296875,115.34220123291016,2.869149923324585,False,14.71874713897705,False,174,0,174,double,2.403844037706782,144.23064226240692,JUMPING
1700,68.0,207.99606323242188,115.84076690673828,0.5171719789505005,False,14.354397773742676,False,174,0,174,double,2.403844037706782,144.23064226240692,JUMPING
1701,68.04,207.0454559326172,113.9542007446289,1.887757420539856,False,15.472302436828613,False,174,0,174,double,2.403844037706782,144.23064226240692,JUMPING
1702,68.08,203.8394775390625,111.06905364990234,2.890916347503662,False,15.1392240524292,False,174,0,174,double,2.403844037706782,144.23064226240692,JUMPING
1703,68.12,199.98431396484375,108.5464096069336,2.525392532348633,False,15.590888977050781,True,174,0,174,double,2.403844037706782,144.23064226240692,JUMPING
1704,68.16,196.73861694335938,106.8714370727539,1.6780864000320435,False,15.175233840942383,True,174,0,174,double,2.403844037706782,144.23064226240692,JUMPING
1705,68.2,195.49191284179688,106.9018783569336,0.14820247888565063,False,15.669576644897461,True,174,0,174,double,2.403844037706782,144.23064226240692,JUMPING
1706,68.24,196.14736938476562,108.38692474365234,1.4875071048736572,False,15.695712089538574,True,174,0,174,double,2.403844037706782,144.23064226240692,JUMPING
1707,68.28,199.10971069335938,111.61673736572266,3.2322356700897217,False,15.661567687988281,True,174,0,174,double,2.403844037706782,144.23064226240692,JUMPING
1708,68.32,200.95050048828125,113.59490203857422,1.9785372018814087,False,15.525062561035156,True,174,0,174,double,2.403844037706782,144.23064226240692,JUMPING
1709,68.36,204.642822265625,116.5359115600586,2.9459176063537598,False,15.247332572937012,False,175,0,175,double,2.4509793637995725,147.05876182797434,JUMPING
1710,68.4,207.8474884033203,118.19181060791016,1.6783446073532104,False,13.938109397888184,False,175,0,175,double,2.4509793637995725,147.05876182797434,JUMPING
1711,68.44,209.23480224609375,118.8855972290039,0.6965510845184326,False,12.806028366088867,False,175,0,175,double,2.4509793637995725,147.05876182797434,JUMPING
1712,68.48,207.64593505859375,117.25653839111328,1.640894889831543,False,13.756731986999512,False,175,0,175,double,2.4509793637995725,147.05876182797434,JUMPING
1713,68.52,201.983154296875,112.12176513671875,5.135189533233643,False,14.482351303100586,False,175,0,175,double,2.4509793637995725,147.05876182797434,JUMPING
1714,68.56,198.59512329101562,108.97479248046875,3.1471517086029053,False,14.983941078186035,True,175,0,175,double,2.4509793637995725,147.05876182797434,JUMPING
1715,68.6,195.05990600585938,106.28914642333984,2.7018299102783203,False,15.044313430786133,True,175,0,175,double,2.4509793637995725,147.05876182797434,JUMPING
1716,68.64,193.6457061767578,105.20828247070312,1.0876405239105225,False,15.239544868469238,True,175,0,175,double,2.4509793637995725,147.05876182797434,JUMPING
1717,68.68,194.54904174804688,106.02740478515625,0.819132387638092,False,14.792839050292969,True,175,0,175,double,2.4509793637995725,147.05876182797434,JUMPING
1718,68.72,197.46568298339844,109.15094757080078,3.1257715225219727,False,16.220745086669922,True,175,0,175,double,2.4509793637995725,147.05876182797434,JUMPING
1719,68.76,202.0426025390625,113.12967681884766,3.9788012504577637,False,16.920074462890625,False,176,0,176,double,2.4509793637995725,147.05876182797434,JUMPING
1720,68.8,207.4734649658203,116.4276351928711,3.3011887073516846,False,15.82194709777832,False,176,0,176,double,2.4509793637995725,147.05876182797434,JUMPING
1721,68.84,209.74761962890625,117.23062133789062,0.8071715235710144,False,15.42184066772461,False,176,0,176,double,2.4509793637995725,147.05876182797434,JUMPING
1722,68.88,208.316162109375,115.53063201904297,1.704062581062317,False,15.526711463928223,False,176,0,176,double,2.4509793637995725,147.05876182797434,JUMPING
1723,68.92,204.65155029296875,111.8033218383789,3.7282536029815674,False,16.232498168945312,False,176,0,176,double,2.4509793637995725,147.05876182797434,JUMPING
1724,68.96,199.37969970703125,107.9493408203125,3.854475736618042,False,16.04399871826172,True,176,0,176,double,2.4509793637995725,147.05876182797434,JUMPING
1725,69.0,196.31529235839844,105.90594482421875,2.044795513153076,False,16.471162796020508,True,176,0,176,double,2.4509793637995725,147.05876182797434,JUMPING
1726,69.04,194.41146850585938,104.21611785888672,1.6908329725265503,False,17.077587127685547,True,176,0,176,double,2.4509793637995725,147.05876182797434,JUMPING
1727,69.08,193.89453125,103.55211639404297,0.6817207336425781,False,17.535070419311523,True,176,0,176,double,2.4509793637995725,147.05876182797434,JUMPING
1728,69.12,194.41769409179688,104.63641357421875,1.0845814943313599,False,18.218732833862305,True,176,0,176,double,2.4509793637995725,147.05876182797434,JUMPING
1729,69.16,196.634033203125,107.065185546875,2.428908109664917,False,18.71965980529785,True,176,0,176,double,2.4509793637995725,147.05876182797434,JUMPING
1730,69.2,203.2001953125,112.2999267578125,5.246309757232666,False,17.3027400970459,False,177,0,177,double,2.3584960644676345,141.50976386805806,JUMPING
1731,69.24,207.15994262695312,114.9259033203125,2.632887840270996,False,15.894933700561523,False,177,0,177,double,2.3584960644676345,141.50976386805806,JUMPING
1732,69.28,208.8543243408203,116.08660888671875,1.1621800661087036,False,15.856156349182129,False,177,0,177,double,2.3584960644676345,141.50976386805806,JUMPING
1733,69.32,207.22682189941406,114.76971435546875,1.331008791923523,False,16.318838119506836,False,177,0,177,double,2.3584960644676345,141.50976386805806,JUMPING
1734,69.36,201.62335205078125,109.89981079101562,4.870080947875977,False,16.51287269592285,True,177,0,177,double,2.3584960644676345,141.50976386805806,JUMPING
1735,69.4,198.45974731445312,106.94683837890625,2.9535670280456543,False,16.456588745117188,True,177,0,177,double,2.3584960644676345,141.50976386805806,JUMPING
1736,69.44,195.0982666015625,104.59532928466797,2.3630523681640625,False,16.280517578125,True,177,0,177,double,2.3584960644676345,141.50976386805806,JUMPING
1737,69.48,193.78924560546875,103.64647674560547,1.0150591135025024,False,16.081077575683594,True,177,0,177,double,2.3584960644676345,141.50976386805806,JUMPING
1738,69.52,195.31776428222656,105.61991119384766,1.9799084663391113,False,16.3544979095459,True,177,0,177,double,2.3584960644676345,141.50976386805806,JUMPING
1739,69.56,198.76495361328125,109.10092163085938,3.4986677169799805,False,17.706741333007812,True,177,0,177,double,2.3584960644676345,141.50976386805806,JUMPING
1740,69.6,203.8735809326172,112.89364624023438,3.8028714656829834,False,17.642316818237305,False,178,0,178,double,2.403844037706782,144.23064226240692,JUMPING
1741,69.64,207.67999267578125,114.88484954833984,1.9916417598724365,False,16.3125,False,178,0,178,double,2.403844037706782,144.23064226240692,JUMPING
1742,69.68,207.8054656982422,113.86930084228516,1.0163973569869995,False,15.815483093261719,False,178,0,178,double,2.403844037706782,144.23064226240692,JUMPING
1743,69.72,204.55270385742188,110.53872680664062,3.33066463470459,False,16.411619186401367,False,178,0,178,double,2.403844037706782,144.23064226240692,JUMPING
1744,69.76,200.6646728515625,106.70723724365234,3.8314907550811768,False,16.988197326660156,True,178,0,178,double,2.403844037706782,144.23064226240692,JUMPING
1745,69.8,196.96414184570312,103.6506118774414,3.0651299953460693,False,16.949487686157227,True,178,0,178,double,2.403844037706782,144.23064226240692,JUMPING
1746,69.84,194.9316864013672,102.24322509765625,1.4412381649017334,False,16.707576751708984,True,178,0,178,double,2.403844037706782,144.23064226240692,JUMPING
1747,69.88,194.09725952148438,102.43184661865234,0.32764583826065063,False,16.757822036743164,True,178,0,178,double,2.403844037706782,144.23064226240692,JUMPING
1748,69.92,195.5294952392578,104.28530883789062,1.8621394634246826,False,17.25608253479004,True,178,0,178,double,2.403844037706782,144.23064226240692,JUMPING
1749,69.96,198.58609008789062,107.85262298583984,3.5807342529296875,False,18.20974349975586,True,178,0,178,double,2.403844037706782,144.23064226240692,JUMPING
1750,70.0,202.52545166015625,111.96045684814453,4.12351131439209,False,17.7327823638916,False,179,0,179,double,2.4509793637995725,147.05876182797434,JUMPING
1751,70.04,204.74942016601562,113.9961166381836,2.040689468383789,False,17.731632232666016,False,179,0,179,double,2.4509793637995725,147.05876182797434,JUMPING
1752,70.08,206.57635498046875,114.99713134765625,1.0032013654708862,False,15.76239013671875,False,179,0,179,double,2.4509793637995725,147.05876182797434,JUMPING
1753,70.12,205.653076171875,113.6021499633789,1.3951784372329712,False,15.615412712097168,False,179,0,179,double,2.4509793637995725,147.05876182797434,JUMPING
1754,70.16,200.26461791992188,108.6336898803711,4.979463577270508,False,16.63707733154297,True,179,0,179,double,2.4509793637995725,147.05876182797434,JUMPING
1755,70.2,196.29095458984375,104.82360076904297,3.8117737770080566,False,17.21295738220215,True,179,0,179,double,2.4509793637995725,147.05876182797434,JUMPING
1756,70.24,193.50177001953125,102.7690200805664,2.0569608211517334,False,17.579580307006836,True,179,0,179,double,2.4509793637995725,147.05876182797434,JUMPING
1757,70.28,192.88235473632812,102.56423950195312,0.22056563198566437,False,18.26863670349121,True,179,0,179,double,2.4509793637995725,147.05876182797434,JUMPING
1758,70.32,193.13400268554688,102.74539947509766,0.2881825864315033,False,18.330577850341797,True,179,0,179,double,2.4509793637995725,147.05876182797434,JUMPING
1759,70.36,194.89907836914062,104.69884490966797,1.974505066871643,False,18.103309631347656,True,179,0,179,double,2.4509793637995725,147.05876182797434,JUMPING
1760,70.4,198.1356201171875,108.0414047241211,3.348532199859619,False,18.919008255004883,True,179,0,179,double,2.4509793637995725,147.05876182797434,JUMPING
1761,70.44,202.618896484375,111.921142578125,3.8807053565979004,False,17.810588836669922,True,179,0,179,double,2.4509793637995725,147.05876182797434,JUMPING
1762,70.48,206.64561462402344,114.14810943603516,2.2309000492095947,False,16.32874870300293,False,180,0,180,double,2.3584874441716788,141.50924665030072,JUMPING
1763,70.52,207.29037475585938,113.42291259765625,0.7256292700767517,False,16.33770751953125,False,180,0,180,double,2.3584874441716788,141.50924665030072,JUMPING
1764,70.56,202.73028564453125,108.99435424804688,4.432082176208496,False,17.270788192749023,True,180,0,180,double,2.3584874441716788,141.50924665030072,JUMPING
1765,70.6,200.0054168701172,106.1419448852539,2.852531909942627,False,17.729848861694336,True,180,0,180,double,2.3584874441716788,141.50924665030072,JUMPING
1766,70.64,196.93621826171875,103.85262298583984,2.289595127105713,False,17.75273323059082,True,180,0,180,double,2.3584874441716788,141.50924665030072,JUMPING
1767,70.68,194.79510498046875,102.58953857421875,1.2876232862472534,False,17.248029708862305,True,180,0,180,double,2.3584874441716788,141.50924665030072,JUMPING
1768,70.72,195.47366333007812,104.4967041015625,1.9240614175796509,False,17.54148292541504,True,180,0,180,double,2.3584874441716788,141.50924665030072,JUMPING
1769,70.76,198.05955505371094,107.76345825195312,3.2756776809692383,False,17.485763549804688,True,180,0,180,double,2.3584874441716788,141.50924665030072,JUMPING
1770,70.8,202.39169311523438,111.30206298828125,3.539206027984619,False,16.843341827392578,False,181,0,181,double,2.4509793637995725,147.05876182797434,JUMPING
1771,70.84,205.22567749023438,113.01419830322266,1.7126352787017822,False,15.569062232971191,False,181,0,181,double,2.4509793637995725,147.05876182797434,JUMPING
1772,70.88,204.64170837402344,112.2313232421875,0.8024554252624512,False,15.961158752441406,False,181,0,181,double,2.4509793637995725,147.05876182797434,JUMPING
1773,70.92,202.40155029296875,109.77776336669922,2.474785804748535,False,16.58002281188965,False,181,0,181,double,2.4509793637995725,147.05876182797434,JUMPING
1774,70.96,199.51693725585938,106.63919830322266,3.1412336826324463,False,17.572484970092773,True,181,0,181,double,2.4509793637995725,147.05876182797434,JUMPING
1775,71.0,197.47799682617188,104.41292572021484,2.2341697216033936,False,17.93364715576172,True,181,0,181,double,2.4509793637995725,147.05876182797434,JUMPING
1776,71.04,195.9144287109375,103.46875762939453,0.9448277950286865,False,18.120086669921875,True,181,0,181,double,2.4509793637995725,147.05876182797434,JUMPING
1777,71.08,195.74798583984375,104.51212310791016,1.0642694234848022,False,17.636953353881836,True,181,0,181,double,2.4509793637995725,147.05876182797434,JUMPING
1778,71.12,197.5413818359375,106.73455810546875,2.2248568534851074,False,17.19849395751953,True,181,0,181,double,2.4509793637995725,147.05876182797434,JUMPING
1779,71.16,200.70425415039062,110.3495101928711,3.620298147201538,False,17.258197784423828,False,182,0,182,double,2.551011747396981,153.06070484381885,JUMPING
1780,71.2,205.21670532226562,113.76638793945312,3.4243083000183105,False,16.199033737182617,False,182,0,182,double,2.551011747396981,153.06070484381885,JUMPING
1781,71.24,207.86764526367188,115.5501708984375,1.7845733165740967,False,16.338226318359375,False,182,0,182,double,2.551011747396981,153.06070484381885,JUMPING
1782,71.28,209.43246459960938,115.44097900390625,0.2905051112174988,False,16.47860336303711,False,182,0,182,double,2.551011747396981,153.06070484381885,JUMPING
1783,71.32,207.53689575195312,113.2795639038086,2.161435604095459,False,16.823789596557617,False,182,0,182,double,2.551011747396981,153.06070484381885,JUMPING
1784,71.36,203.15301513671875,108.69622802734375,4.605381011962891,False,17.628673553466797,False,182,0,182,double,2.551011747396981,153.06070484381885,JUMPING
1785,71.4,200.58145141601562,106.01251220703125,2.6917688846588135,False,18.164594650268555,True,182,0,182,double,2.551011747396981,153.06070484381885,JUMPING
1786,71.44,197.60769653320312,103.90740966796875,2.1149039268493652,False,18.298133850097656,True,182,0,182,double,2.551011747396981,153.06070484381885,JUMPING
1787,71.48,196.66799926757812,104.2054672241211,0.3324185609817505,False,17.935457229614258,True,182,0,182,double,2.551011747396981,153.06070484381885,JUMPING
1788,71.52,197.3604736328125,106.42767333984375,2.2264604568481445,False,17.041955947875977,True,182,0,182,double,2.551011747396981,153.06070484381885,JUMPING
1789,71.56,200.23568725585938,110.11670684814453,3.689549446105957,False,17.466707229614258,False,183,0,183,double,2.551021638549201,153.06129831295206,JUMPING
1790,71.6,204.3909454345703,113.534912109375,3.418257474899292,False,15.939209938049316,False,183,0,183,double,2.551021638549201,153.06129831295206,JUMPING
1791,71.64,205.90029907226562,114.5492172241211,1.0521957874298096,False,15.222918510437012,False,183,0,183,double,2.551021638549201,153.06129831295206,JUMPING
1792,71.68,206.05868530273438,115.1108627319336,0.5616515874862671,False,14.693684577941895,False,183,0,183,double,2.551021638549201,153.06129831295206,JUMPING
1793,71.72,204.78359985351562,113.03194427490234,2.0809476375579834,False,14.859288215637207,False,183,0,183,double,2.551021638549201,153.06129831295206,JUMPING
1794,71.76,201.97537231445312,109.9010009765625,3.146190881729126,False,16.197975158691406,True,183,0,183,double,2.551021638549201,153.06129831295206,JUMPING
1795,71.8,198.85653686523438,106.63947296142578,3.2629528045654297,False,18.255592346191406,True,183,0,183,double,2.551021638549201,153.06129831295206,JUMPING
1796,71.84,196.99667358398438,105.038330078125,1.6015945672988892,False,19.302810668945312,True,183,0,183,double,2.551021638549201,153.06129831295206,JUMPING
1797,71.88,196.33706665039062,105.97481536865234,0.9824773669242859,False,19.850364685058594,True,183,0,183,double,2.551021638549201,153.06129831295206,JUMPING
1798,71.92,196.3360137939453,106.74651336669922,0.793307363986969,False,20.01485252380371,True,183,0,183,double,2.551021638549201,153.06129831295206,JUMPING
1799,71.96,202.41859436035156,113.1102523803711,6.395616054534912,False,20.271005630493164,True,183,0,183,double,2.551021638549201,153.06129831295206,JUMPING
1800,72.0,209.72219848632812,120.74609375,7.655728340148926,True,19.03885841369629,False,184,0,184,double,2.4999999627470975,149.99999776482585,JUMPING
1801,72.04,215.96292114257812,127.79046630859375,7.0684638023376465,True,17.272912979125977,False,184,0,184,double,2.4999999627470975,149.99999776482585,JUMPING
1802,72.08,218.90765380859375,131.0489959716797,3.277395725250244,True,16.25398063659668,False,184,0,184,double,2.4999999627470975,149.99999776482585,JUMPING
1803,72.12,222.73031616210938,138.6752471923828,7.675927639007568,True,15.117545127868652,False,184,0,184,double,2.4999999627470975,149.99999776482585,JUMPING
1804,72.16,225.35220336914062,145.04286193847656,6.475306034088135,True,14.763952255249023,False,184,0,184,double,2.4999999627470975,149.99999776482585,JUMPING
1805,72.2,226.62042236328125,149.86000061035156,4.975904941558838,True,14.84831714630127,False,184,0,184,double,2.4999999627470975,149.99999776482585,JUMPING
1806,72.24,227.26368713378906,151.8677520751953,2.0863113403320312,True,14.73189926147461,False,184,0,184,double,2.4999999627470975,149.99999776482585,JUMPING
1807,72.28,227.18954467773438,152.21897888183594,0.5075699090957642,True,14.715463638305664,False,184,0,184,double,2.4999999627470975,149.99999776482585,JUMPING
1808,72.32,227.33056640625,151.8881378173828,0.33860743045806885,True,15.190396308898926,False,184,0,184,double,2.4999999627470975,149.99999776482585,JUMPING
1809,72.36,227.9015655517578,151.58717346191406,0.4629303514957428,True,16.414627075195312,False,184,0,184,double,2.4999999627470975,149.99999776482585,JUMPING
1810,72.4,261.7264709472656,,0.0,False,2.895124912261963,False,184,0,184,double,2.4999999627470975,149.99999776482585,JUMPING
1811,72.44,280.3971862792969,,0.0,False,3.9499340057373047,False,184,0,184,double,2.4999999627470975,149.99999776482585,JUMPING
1812,72.48,289.0397033691406,,0.0,False,4.621499061584473,False,184,0,184,double,2.4999999627470975,149.99999776482585,JUMPING
