frame_idx,timestamp,best_conf,infer_ms,hip_y,head_y,head_move_px,head_drop_event,ankle_distance,is_airborne,jump_count,single_count,double_count,jump_type,freq_hz,spm,state,ground_y,person_h
0,0.0,0.9165117144584656,29.859400005079806,0.0,,0.0,False,0.0,False,0,0,0,unknown,0.0,0.0,IDLE,,232.1550567626953
1,0.04,0.910759687423706,26.617299998179078,0.0,,0.0,False,0.0,False,0,0,0,unknown,0.0,0.0,IDLE,,235.3615545272827
2,0.08,0.9058411717414856,27.990000002318993,234.556640625,116.64907836914062,0.0,False,29.52845573425293,False,0,0,0,unknown,0.0,0.0,IDLE,,305.041979598999
3,0.12,0.8996191620826721,34.00590000092052,233.9463653564453,116.97342681884766,0.7563838362693787,False,32.08116912841797,False,0,0,0,unknown,0.0,0.0,IDLE,,314.89851207733153
4,0.16,0.9016746282577515,31.60719998413697,234.78192138671875,117.12943267822266,0.8801472783088684,False,31.866825103759766,False,0,0,0,unknown,0.0,0.0,IDLE,,316.0926086425781
5,0.2,0.9006699919700623,33.77750000800006,234.2763671875,117.11644744873047,0.6435407400131226,False,31.74625015258789,False,0,0,0,unknown,0.0,0.0,IDLE,,316.317400932312
6,0.24,0.8975354433059692,28.982799994992092,234.30075073242188,117.12979888916016,0.6626330018043518,False,31.50016975402832,False,0,0,0,single,0.0,0.0,IDLE,,313.0685497283935
7,0.28,0.8919756412506104,33.34359999280423,234.25318908691406,117.0029296875,0.25896719098091125,False,31.530044555664062,False,0,0,0,single,0.0,0.0,IDLE,,313.86703948974605
8,0.32,0.9002172350883484,32.367799984058365,234.35169982910156,116.76007080078125,0.383213609457016,False,31.621959686279297,False,0,0,0,single,0.0,0.0,IDLE,,314.37223606109615
9,0.36,0.9084312319755554,34.73200000007637,234.67828369140625,116.73094940185547,0.42869412899017334,False,30.35194206237793,False,0,0,0,single,0.0,0.0,IDLE,,316.34296474456784
10,0.4,0.9104920625686646,30.04519999376498,235.13983154296875,116.85906219482422,0.36079201102256775,False,28.951826095581055,False,0,0,0,single,0.0,0.0,IDLE,,312.333376121521
11,0.44,0.9175822734832764,34.52480002306402,235.48611450195312,117.00698852539062,0.32561105489730835,False,26.645280838012695,False,0,0,0,single,0.0,0.0,IDLE,346.48922866821283,305.683749961853
12,0.48,0.9106638431549072,32.97619998920709,236.59585571289062,116.91534423828125,0.1837817281484604,False,25.211889266967773,False,0,0,0,single,0.0,0.0,IDLE,346.45215606689453,306.47143249511714
13,0.52,0.7905533909797668,34.16300000390038,237.13560485839844,116.8373031616211,0.15960247814655304,False,25.338970184326172,False,0,0,0,single,0.0,0.0,IDLE,346.4293663024902,304.9025653839111
14,0.56,0.9169057011604309,38.67010000976734,237.32754516601562,116.69347381591797,0.44686010479927063,False,24.69451332092285,False,0,0,0,single,0.0,0.0,IDLE,346.4065765380859,296.8608106613159
15,0.6,0.9347666501998901,27.965899993432686,236.96551513671875,116.64065551757812,0.5999172329902649,False,24.128992080688477,False,0,0,0,single,0.0,0.0,IDLE,346.6120320129394,298.56500644683837
16,0.64,0.9145628213882446,34.96720001567155,237.36734008789062,116.45873260498047,0.8225029706954956,False,25.19732093811035,False,0,0,0,double,0.0,0.0,IDLE,346.7464602661133,290.63261775970454
17,0.68,0.9189597964286804,34.723500022664666,237.12974548339844,116.6244888305664,0.4472970962524414,False,25.18478012084961,False,0,0,0,double,0.0,0.0,IDLE,347.14160079956054,293.692921257019
18,0.72,0.8810738921165466,32.741100003477186,237.32101440429688,116.732666015625,0.9665979146957397,False,24.46250343322754,False,0,0,0,double,0.0,0.0,IDLE,347.612353515625,288.2077520370483
19,0.76,0.9139450192451477,29.24249999341555,238.13949584960938,116.64965057373047,0.9661509394645691,False,24.655250549316406,False,0,0,0,double,0.0,0.0,IDLE,347.61703338623045,280.64552307128906
20,0.8,0.9060258269309998,34.862699976656586,238.43878173828125,116.49188995361328,1.4353320598602295,False,25.199462890625,False,0,0,0,double,0.0,0.0,IDLE,347.5908782958984,277.51146583557124
21,0.84,0.9085007905960083,37.477999983821064,237.926513671875,116.20257568359375,1.0800955295562744,False,24.07199478149414,False,0,0,0,double,0.0,0.0,IDLE,347.5647232055664,275.3750003814697
22,0.88,0.919352650642395,34.442200005287305,237.82144165039062,116.03519439697266,1.9352078437805176,False,23.146482467651367,False,0,0,0,double,0.0,0.0,IDLE,347.53856811523434,276.2844417572021
23,0.92,0.9227918386459351,31.76549999625422,238.02291870117188,115.990478515625,0.8444007635116577,False,23.088186264038086,False,0,0,0,double,0.0,0.0,IDLE,347.51967681884764,275.91206417083737
24,0.96,0.9187533855438232,33.815500006312504,237.7877655029297,115.9529800415039,0.2600269913673401,False,22.645652770996094,False,0,0,0,double,0.0,0.0,IDLE,347.5231262207031,278.19896507263184
25,1.0,0.9138410091400146,28.064999991329387,237.82406616210938,115.97330474853516,0.6235308051109314,False,23.36826515197754,False,0,0,0,double,0.0,0.0,IDLE,347.58151229858396,278.46298828125
26,1.04,0.9221617579460144,30.871100025251508,238.20614624023438,116.0414810180664,0.39044347405433655,False,23.060043334960938,False,0,0,0,double,0.0,0.0,IDLE,347.6013507080078,277.2803798675537
27,1.08,0.9183735847473145,34.21749998233281,237.68878173828125,116.21930694580078,0.3037545680999756,False,22.659889221191406,False,0,0,0,double,0.0,0.0,IDLE,347.6726020812988,278.43654899597163
28,1.12,0.9252417087554932,27.74769999086857,237.34442138671875,116.21212768554688,0.009286151267588139,False,23.02591896057129,False,0,0,0,double,0.0,0.0,IDLE,347.72650451660155,277.35948371887207
29,1.16,0.9248340129852295,34.00390001479536,237.12969970703125,116.12186431884766,0.09062220901250839,False,23.321575164794922,False,0,0,0,double,0.0,0.0,IDLE,347.8169860839844,279.7276187896728
30,1.2,0.9263079166412354,33.85429998161271,236.98150634765625,116.1088638305664,0.014037364162504673,False,23.38158416748047,False,0,0,0,double,0.0,0.0,IDLE,347.98469604492186,278.81144599914546
31,1.24,0.9282058477401733,33.108499977970496,236.535400390625,116.05419158935547,0.1284843385219574,False,22.93422508239746,False,0,0,0,double,0.0,0.0,IDLE,348.01492797851563,278.7778861999511
32,1.28,0.9274277687072754,32.43399999337271,236.58181762695312,115.90706634521484,0.15178176760673523,False,22.097749710083008,False,0,0,0,double,0.0,0.0,IDLE,348.0195068359375,278.68980388641353
33,1.32,0.9308922290802002,31.564600009005517,236.56663513183594,115.77355194091797,0.15297934412956238,False,21.9870662689209,False,0,0,0,double,0.0,0.0,IDLE,348.0051647949218,277.56179580688473
34,1.36,0.9318702220916748,29.638300009537488,236.74374389648438,115.86295318603516,0.1617230921983719,False,21.991458892822266,False,0,0,0,double,0.0,0.0,IDLE,347.99082275390623,277.85679130554195
35,1.4,0.9327042698860168,32.898299978114665,236.81277465820312,115.86624908447266,0.12800264358520508,False,22.492111206054688,False,0,0,0,double,0.0,0.0,IDLE,347.971388092041,277.76331996917725
36,1.44,0.9270632863044739,37.97459998168051,236.396240234375,116.1669921875,0.32192251086235046,False,22.927513122558594,False,0,0,0,double,0.0,0.0,IDLE,347.95195343017576,277.9987152099609
37,1.48,0.9365557432174683,27.936099999351427,236.27789306640625,116.15008544921875,0.053825829178094864,False,23.004304885864258,False,0,0,0,double,0.0,0.0,IDLE,348.0393402099609,277.38489189147947
38,1.52,0.9281367659568787,36.92899999441579,236.16848754882812,116.14947509765625,0.04928966611623764,False,23.08907127380371,False,0,0,0,double,0.0,0.0,IDLE,348.09515380859375,278.50162582397456
39,1.56,0.9299852252006531,31.66350000537932,235.81436157226562,116.23580169677734,0.12966881692409515,False,23.46014404296875,False,0,0,0,double,0.0,0.0,IDLE,348.09515380859375,274.457280921936
40,1.6,0.9311589598655701,29.183600010583177,236.0183868408203,116.17288208007812,0.09900984913110733,False,23.99165916442871,False,0,0,0,double,0.0,0.0,IDLE,348.11090087890625,277.4340351104736
41,1.64,0.9303494691848755,34.914899995783344,236.01295471191406,116.2751235961914,0.29680633544921875,False,23.643247604370117,False,0,0,0,double,0.0,0.0,IDLE,348.1250805664062,278.9372806549072
42,1.68,0.9309327006340027,36.14489999017678,236.149658203125,116.229248046875,0.13623689115047455,False,24.208539962768555,False,0,0,0,double,0.0,0.0,IDLE,348.1250805664062,278.4081836700439
43,1.72,0.9315975904464722,31.18900000117719,236.1063690185547,116.349609375,0.12308960407972336,False,24.248451232910156,False,0,0,0,double,0.0,0.0,IDLE,348.1250805664062,278.5284931182861
44,1.76,0.9318004846572876,31.899699999485165,236.29046630859375,116.0835952758789,0.26636597514152527,False,24.243206024169922,False,0,0,0,double,0.0,0.0,IDLE,348.1250805664062,278.19511299133296
45,1.8,0.9329923391342163,37.542899983236566,236.5447998046875,116.1249008178711,0.04600158706307411,False,24.234155654907227,False,0,0,0,double,0.0,0.0,IDLE,348.1250805664062,277.1206546783447
46,1.84,0.9304141998291016,34.90080000483431,236.32925415039062,116.12985229492188,0.040752969682216644,False,24.164304733276367,False,0,0,0,double,0.0,0.0,IDLE,348.1250805664062,277.10022697448727
47,1.88,0.93091881275177,29.226899991044775,236.84738159179688,116.2173843383789,0.17221882939338684,False,24.008169174194336,False,0,0,0,double,0.0,0.0,IDLE,348.1250805664062,275.6922912597656
48,1.92,0.9307187795639038,32.85660000983626,237.44610595703125,116.2580795288086,0.04254845529794693,False,24.707416534423828,False,0,0,0,double,0.0,0.0,IDLE,348.1250805664062,274.91798400878906
49,1.96,0.9251416921615601,34.822999994503334,237.14834594726562,116.20423126220703,0.08283353596925735,False,25.279071807861328,False,0,0,0,double,0.0,0.0,IDLE,348.1250805664062,276.8121768951416
50,2.0,0.9244222640991211,105.47009998117574,236.95223999023438,115.93338775634766,0.35274815559387207,False,24.99195098876953,False,0,0,0,double,0.0,0.0,IDLE,348.1250805664062,277.1515005111694
51,2.04,0.9285833835601807,33.129399991594255,236.56875610351562,115.7066650390625,0.2358822077512741,False,24.170167922973633,False,0,0,0,double,0.0,0.0,IDLE,348.1250805664062,275.44672107696533
52,2.08,0.9305362701416016,30.556200013961643,236.042724609375,115.57573699951172,0.13694019615650177,False,24.74638557434082,False,0,0,0,double,0.0,0.0,IDLE,348.1250805664062,276.0910692214966
53,2.12,0.9317799806594849,33.184200001414865,235.61367797851562,115.64666748046875,0.16763199865818024,False,24.484663009643555,False,0,0,0,double,0.0,0.0,IDLE,348.1250805664062,276.08494091033936
54,2.16,0.9330160021781921,31.517900002654642,235.5032501220703,115.511474609375,0.16453540325164795,False,24.34001922607422,False,0,0,0,double,0.0,0.0,IDLE,348.1072277832031,276.2472925186157
55,2.2,0.9380930066108704,35.56430002208799,235.052490234375,115.405029296875,0.17557913064956665,False,24.12771987915039,False,0,0,0,double,0.0,0.0,IDLE,348.0672229003906,276.6488914489746
56,2.24,0.9397979974746704,39.0622999984771,234.78863525390625,115.28038787841797,0.24473461508750916,False,24.83863067626953,False,0,0,0,double,0.0,0.0,IDLE,348.06855041503906,276.4954793930053
57,2.28,0.9398266673088074,31.16250000311993,234.64784240722656,115.23445892333984,0.22201162576675415,False,24.786020278930664,False,0,0,0,double,0.0,0.0,IDLE,348.06855041503906,275.6842855453491
58,2.32,0.9419220685958862,56.48800000199117,234.41043090820312,115.14452362060547,0.15131600201129913,False,25.039960861206055,False,0,0,0,double,0.0,0.0,IDLE,348.06855041503906,275.0996543884277
59,2.36,0.939693808555603,52.67139998613857,234.69874572753906,115.4194564819336,0.276233971118927,False,25.09773826599121,False,0,0,0,double,0.0,0.0,IDLE,348.06855041503906,274.2974681854248
60,2.4,0.9405546188354492,42.64099997817539,234.54202270507812,115.93527221679688,0.5862213969230652,False,24.59454917907715,False,0,0,0,double,0.0,0.0,IDLE,348.06855041503906,274.29357719421387
61,2.44,0.9407289624214172,47.18009999487549,234.57330322265625,116.35000610351562,0.4200359582901001,False,24.44296646118164,False,0,0,0,double,0.0,0.0,IDLE,348.06855041503906,274.82178897857665
62,2.48,0.9411908984184265,64.03019998106174,234.36517333984375,116.25882720947266,0.13223950564861298,False,24.577224731445312,False,0,0,0,double,0.0,0.0,IDLE,348.06855041503906,275.11560745239257
63,2.52,0.9376639127731323,50.671800010604784,234.77450561523438,116.69380950927734,0.4351648688316345,False,24.474899291992188,False,0,0,0,double,0.0,0.0,IDLE,348.06855041503906,275.2430860519409
64,2.56,0.9398078918457031,47.68079999485053,235.130615234375,117.19669342041016,0.5150758624076843,False,23.8864803314209,False,0,0,0,double,0.0,0.0,IDLE,348.0672229003906,274.25431709289546
65,2.6,0.941198468208313,47.64949998934753,235.24594116210938,117.49215698242188,0.29947105050086975,False,23.712636947631836,False,0,0,0,double,0.0,0.0,IDLE,348.04189025878907,273.4534343719482
66,2.64,0.9401079416275024,37.82510000746697,235.30325317382812,117.71527862548828,0.2501212954521179,False,23.451763153076172,False,0,0,0,double,0.0,0.0,IDLE,347.9676721191406,273.7101036071777
67,2.68,0.9406437277793884,40.556799998739734,235.35226440429688,117.39940643310547,0.376440167427063,False,23.16539192199707,False,0,0,0,double,0.0,0.0,IDLE,347.86884765624995,275.3367033004761
68,2.72,0.9392750859260559,53.14699999871664,235.39186096191406,117.53209686279297,0.2671414613723755,False,24.09438133239746,False,0,0,0,double,0.0,0.0,IDLE,347.8682983398437,274.9775939941406
69,2.76,0.9386579394340515,37.202400009846315,235.4119873046875,117.63741302490234,0.33605140447616577,False,24.264835357666016,False,0,0,0,double,0.0,0.0,IDLE,347.77112792968745,276.0245624542236
70,2.8,0.9376981258392334,34.532299992861226,235.5802001953125,117.6561508178711,0.22291113436222076,False,24.211647033691406,False,0,0,0,double,0.0,0.0,IDLE,347.74903625488275,274.389334487915
71,2.84,0.9383980631828308,34.96600000653416,235.42279052734375,117.63086700439453,0.0593230202794075,False,24.609210968017578,False,0,0,0,double,0.0,0.0,IDLE,347.74903625488275,276.2870681762695
72,2.88,0.9396272897720337,33.58789999037981,235.58055114746094,117.57449340820312,0.1193876564502716,False,24.840335845947266,False,0,0,0,double,0.0,0.0,IDLE,347.7953527832031,276.4888841629028
73,2.92,0.9387506246566772,31.97739997995086,235.22006225585938,117.39478302001953,0.29989179968833923,False,25.4715576171875,False,0,0,0,double,0.0,0.0,IDLE,347.90130554199214,275.97538032531736
74,2.96,0.9374637007713318,33.99799999897368,234.69180297851562,117.26571655273438,0.4292418360710144,False,25.882123947143555,False,0,0,0,single,0.0,0.0,IDLE,347.88621520996094,276.75514469146725
75,3.0,0.9350546598434448,34.77499997825362,234.64828491210938,117.32360076904297,0.3931622803211212,False,25.620180130004883,False,0,0,0,single,0.0,0.0,IDLE,347.8037481689453,275.67028770446774
76,3.04,0.9352523684501648,32.80159999849275,234.89105224609375,117.63137817382812,0.5499531626701355,False,25.140003204345703,False,0,0,0,single,0.0,0.0,IDLE,347.8037481689453,276.82005615234374
77,3.08,0.935437798500061,31.178499979432672,234.85150146484375,117.9720458984375,0.46743273735046387,False,25.24925994873047,False,0,0,0,single,0.0,0.0,IDLE,347.71759948730465,275.69935340881347
78,3.12,0.93720543384552,32.00300000025891,235.48431396484375,118.07782745361328,0.16649362444877625,False,24.58003807067871,False,0,0,0,single,0.0,0.0,IDLE,347.6864105224609,276.1136953353882
79,3.16,0.9352402687072754,32.11840000585653,236.39865112304688,118.27294921875,0.3198995292186737,False,24.33819580078125,False,0,0,0,double,0.0,0.0,IDLE,347.6818420410156,274.598494720459
80,3.2,0.9337435960769653,36.42039999249391,236.19534301757812,118.1581039428711,0.49879857897758484,False,24.8837890625,False,0,0,0,double,0.0,0.0,IDLE,347.6818420410156,276.4496046066284
81,3.24,0.9383463263511658,33.14059998956509,235.9436492919922,117.9676513671875,0.671517550945282,False,25.12038803100586,False,0,0,0,double,0.0,0.0,IDLE,347.6818420410156,276.08876380920407
82,3.28,0.9360968470573425,34.519000008003786,236.35049438476562,117.72135162353516,0.8378615379333496,False,24.20972442626953,False,0,0,0,double,0.0,0.0,IDLE,347.6818420410156,277.1184562683105
83,3.32,0.9334236979484558,28.672699991147965,236.67465209960938,117.2047348022461,0.8910166025161743,False,22.302200317382812,False,0,0,0,double,0.0,0.0,IDLE,347.6818420410156,274.52771759033203
84,3.36,0.9323702454566956,39.20749999815598,236.81214904785156,116.93245697021484,0.31656312942504883,False,22.777883529663086,False,0,0,0,double,0.0,0.0,IDLE,347.6818420410156,274.03219985961914
85,3.4,0.9315710663795471,27.45570000843145,237.2895050048828,116.7936019897461,0.548550546169281,False,23.485780715942383,False,0,0,0,double,0.0,0.0,IDLE,347.6818420410156,273.5527519226074
86,3.44,0.9285954833030701,34.26650000619702,237.57289123535156,116.48916625976562,0.5475635528564453,False,23.643230438232422,False,0,0,0,double,0.0,0.0,IDLE,347.6571136474609,274.2979351043701
87,3.48,0.9179467558860779,34.548700001323596,236.7864227294922,115.82757568359375,0.7875540256500244,False,22.38492202758789,False,0,0,0,double,0.0,0.0,IDLE,347.6571136474609,276.02650794982907
88,3.52,0.9137715697288513,35.19549997872673,236.09707641601562,115.2021484375,0.6368703842163086,False,22.22921371459961,False,0,0,0,double,0.0,0.0,IDLE,347.6571136474609,273.7307647705078
89,3.56,0.9195129871368408,29.601399990497157,235.7956085205078,115.0686264038086,0.13784252107143402,False,22.00092124938965,False,0,0,0,double,0.0,0.0,IDLE,347.6571136474609,274.8372848510742
90,3.6,0.917769730091095,37.425899994559586,235.92184448242188,114.92894744873047,0.154118150472641,False,21.27781867980957,False,0,0,0,double,0.0,0.0,IDLE,347.6571136474609,277.1600704193115
91,3.64,0.9143456816673279,33.93750000395812,236.42877197265625,114.8121566772461,0.12219846993684769,False,21.078601837158203,False,0,0,0,double,0.0,0.0,IDLE,347.6571136474609,274.9931385040283
92,3.68,0.9132957458496094,30.514199985191226,236.9638214111328,114.83443450927734,0.14567260444164276,False,20.606369018554688,False,0,0,0,double,0.0,0.0,IDLE,347.63970947265625,274.7996784210205
93,3.72,0.9131138324737549,34.8711000115145,237.99722290039062,115.1678466796875,0.3666539192199707,False,20.47164535522461,False,0,0,0,double,0.0,0.0,IDLE,347.5628820800781,276.1203586578369
94,3.76,0.9132084250450134,30.681900010677055,239.44923400878906,115.7610855102539,0.5936230421066284,False,20.043176651000977,False,0,0,0,double,0.0,0.0,IDLE,347.559677734375,274.05655746459956
95,3.8,0.9189372658729553,35.012399981496856,240.82455444335938,117.1615219116211,1.4265940189361572,False,18.4664249420166,False,0,0,0,double,0.0,0.0,IDLE,347.62571716308594,274.0429389953613
96,3.84,0.9238258600234985,33.561499993084,242.65774536132812,119.2912826538086,2.1391141414642334,False,17.925050735473633,False,0,0,0,double,0.0,0.0,IDLE,347.7349554443359,270.89565238952633
97,3.88,0.9258472323417664,34.92689999984577,243.98794555664062,120.3321533203125,1.041361927986145,False,17.09291648864746,False,0,0,0,double,0.0,0.0,IDLE,347.8468408203125,272.0266759872436
98,3.92,0.9172416925430298,31.499299977440387,246.20230102539062,122.38538360595703,2.0593924522399902,False,17.553546905517578,False,0,0,0,double,0.0,0.0,IDLE,348.08374389648435,268.24931144714355
99,3.96,0.9133146405220032,33.73770002508536,248.6683349609375,124.382568359375,1.9973015785217285,False,17.826139450073242,False,0,0,0,double,0.0,0.0,IDLE,348.77128173828123,267.5073480606079
100,4.0,0.9135478734970093,36.3227000052575,249.56790161132812,124.6571044921875,0.2780262529850006,False,18.049610137939453,False,0,0,0,double,0.0,0.0,IDLE,350.01275939941405,267.33382930755613
101,4.04,0.9152168035507202,29.054699989501387,249.9468536376953,124.6250991821289,0.03726162761449814,False,18.578187942504883,False,0,0,0,double,0.0,0.0,IDLE,350.6381085205078,268.74810733795164
102,4.08,0.9221252202987671,29.480299999704584,248.6773681640625,121.8632583618164,2.7703654766082764,False,18.773435592651367,False,0,0,0,double,0.0,0.0,IDLE,350.7446649169922,271.16481170654293
103,4.12,0.933493971824646,35.70560002117418,243.8797607421875,115.82828521728516,6.038458824157715,False,19.915006637573242,False,0,0,0,double,0.0,0.0,IDLE,350.75973449707027,278.2734775543213
104,4.16,0.9376931190490723,33.75200001755729,236.28564453125,106.77335357666016,9.063551902770996,False,20.98190689086914,False,0,0,0,double,0.0,0.0,IDLE,350.8715570068359,290.77836456298826
105,4.2,0.9299735426902771,34.5328000257723,227.9777069091797,98.31629180908203,8.465108871459961,False,22.123504638671875,True,0,0,0,double,0.0,0.0,IDLE,350.8715570068359,294.0571666717529
106,4.24,0.9294707775115967,30.209399992600083,220.68202209472656,91.85922241210938,6.457706928253174,False,22.141494750976562,True,0,0,0,double,0.0,0.0,IDLE,350.8715570068359,296.3884540557861
107,4.28,0.9287149310112,36.06039998703636,217.25411987304688,88.0458755493164,3.817250967025757,False,21.525012969970703,True,0,0,0,double,0.0,0.0,IDLE,350.8715570068359,299.3546150207519
108,4.32,0.9210581183433533,33.56239999993704,215.4326171875,87.861572265625,0.1874319612979889,False,21.136526107788086,True,0,0,0,double,0.0,0.0,IDLE,350.8715570068359,300.82157707214355
109,4.36,0.9218682050704956,32.277299993438646,215.13107299804688,88.5141830444336,0.659852147102356,False,20.66815757751465,True,0,0,0,double,0.0,0.0,IDLE,350.8715570068359,302.43793373107906
110,4.4,0.9195810556411743,37.904800003161654,217.51089477539062,91.66791534423828,3.154113531112671,False,21.018936157226562,False,1,0,1,double,0.0,0.0,JUMPING,350.8715570068359,298.6667655944824
111,4.44,0.9192785024642944,33.70160001213662,222.37265014648438,97.63738250732422,5.973783493041992,False,22.27056312561035,True,1,0,1,double,0.0,0.0,JUMPING,350.8715570068359,291.0924648284912
112,4.48,0.9271002411842346,42.959799990057945,229.71218872070312,105.49883270263672,7.863567352294922,False,20.544729232788086,False,1,0,1,double,0.0,0.0,JUMPING,351.0642388916015,284.4698907852173
113,4.52,0.9192124009132385,47.096700000111014,238.76351928710938,113.27400970458984,7.7794084548950195,False,17.3145751953125,False,1,0,1,double,0.0,0.0,JUMPING,351.0642388916015,276.61867790222163
114,4.56,0.9221022129058838,37.15889999875799,245.29718017578125,117.17388916015625,3.908066511154175,False,13.030290603637695,False,1,0,1,double,0.0,0.0,JUMPING,351.06881652832027,275.78921585083003
115,4.6,0.9224023222923279,29.26009998191148,249.13681030273438,118.46533203125,1.2927064895629883,False,10.934499740600586,False,1,0,1,double,0.0,0.0,JUMPING,351.0916497802734,275.8836112976074
116,4.64,0.927400529384613,35.22560000419617,247.38818359375,114.5573501586914,3.9173638820648193,False,13.364521980285645,False,1,0,1,double,0.0,0.0,JUMPING,351.0916497802734,282.5192687988281
117,4.68,0.9390209913253784,30.111000000033528,241.0650634765625,107.6113510131836,6.946020603179932,False,20.635732650756836,False,1,0,1,double,0.0,0.0,JUMPING,351.0916497802734,292.2830108642578
118,4.72,0.9223926663398743,30.86190001340583,233.7882080078125,99.984619140625,7.626734256744385,False,24.90985870361328,True,1,0,1,double,0.0,0.0,JUMPING,351.0916497802734,295.2131217956543
119,4.76,0.9226521849632263,35.8669999986887,226.982177734375,93.795166015625,6.19210147857666,False,25.1632080078125,True,1,0,1,double,0.0,0.0,JUMPING,351.0916497802734,294.16335182189937
120,4.8,0.9185988306999207,34.06669999822043,222.76438903808594,90.50613403320312,3.300919771194458,False,26.08393096923828,True,1,0,1,double,0.0,0.0,JUMPING,351.0916497802734,295.8397464752197
121,4.84,0.9223614931106567,33.22929999558255,220.14024353027344,89.19481658935547,1.3281044960021973,False,26.256940841674805,True,1,0,1,double,0.0,0.0,JUMPING,351.0916497802734,297.774405670166
122,4.88,0.9217198491096497,35.7670999947004,219.7425537109375,89.72566986083984,0.5385045409202576,False,22.870803833007812,True,1,0,1,single,0.0,0.0,JUMPING,351.0916497802734,295.73841533660885
123,4.92,0.9178974628448486,26.62709998548962,221.65597534179688,93.23822784423828,3.5450856685638428,False,19.121078491210938,True,1,0,1,double,0.0,0.0,JUMPING,351.0916497802734,292.3383018493652
124,4.96,0.9177330732345581,27.884399984031916,226.04562377929688,99.14022064208984,5.917637825012207,False,18.223854064941406,True,1,0,1,double,0.0,0.0,JUMPING,351.0916497802734,286.3626148223877
125,5.0,0.9223726987838745,35.03129997989163,232.99758911132812,107.2083969116211,8.1246919631958,False,16.273740768432617,True,1,0,1,double,0.0,0.0,JUMPING,351.0916497802734,275.99611930847163
126,5.04,0.922463059425354,32.676899980288,237.8956756591797,111.45318603515625,4.273138046264648,False,15.25762939453125,True,1,0,1,double,0.0,0.0,JUMPING,351.0916497802734,275.982364654541
127,5.08,0.9223105311393738,32.96410001348704,244.20704650878906,116.95965576171875,5.511145114898682,False,15.140942573547363,True,1,0,1,double,0.0,0.0,JUMPING,351.0916497802734,269.212857055664
128,5.12,0.9193772673606873,33.65019999910146,246.4671630859375,119.164306640625,2.2088911533355713,False,15.718785285949707,True,1,0,1,double,0.0,0.0,JUMPING,351.0916497802734,272.78994255065913
129,5.16,0.9223016500473022,32.58030000142753,244.70887756347656,115.95086669921875,3.216780662536621,False,16.585115432739258,True,1,0,1,double,0.0,0.0,JUMPING,351.0916497802734,277.83113994598386
130,5.2,0.9260528683662415,35.34339999896474,239.83229064941406,108.91985321044922,7.0357465744018555,False,19.49892234802246,False,2,0,2,double,1.2500004470349957,75.00002682209974,JUMPING,351.0916497802734,287.35034294128417
131,5.24,0.9080616235733032,32.274500001221895,234.24053955078125,101.1729736328125,7.747305870056152,False,24.53331184387207,False,2,0,2,double,1.2500004470349957,75.00002682209974,JUMPING,351.0916497802734,294.08788604736327
132,5.28,0.9013034701347351,28.14290000242181,231.3849639892578,97.34786224365234,3.825157642364502,False,28.00717544555664,False,2,0,2,double,1.2500004470349957,75.00002682209974,JUMPING,351.09847961425777,302.6641948699951
133,5.32,0.8982166051864624,32.13700000196695,227.7392120361328,94.24413299560547,3.1084039211273193,False,28.779409408569336,False,2,0,2,double,1.2500004470349957,75.00002682209974,JUMPING,351.0916497802734,302.54415779113765
134,5.36,0.9105402827262878,34.948800021084026,225.746826171875,92.7084732055664,1.536376953125,False,22.938655853271484,False,2,0,2,double,1.2500004470349957,75.00002682209974,JUMPING,351.0197003173828,305.192094039917
135,5.4,0.9047620296478271,29.2397000011988,225.26235961914062,93.7153091430664,1.120511770248413,False,22.008502960205078,True,2,0,2,single,1.2500004470349957,75.00002682209974,JUMPING,350.34766601562495,300.6927852630615
136,5.44,0.9242477416992188,34.52280000783503,229.04873657226562,101.16204071044922,7.483943939208984,False,17.99418830871582,False,2,0,2,double,1.2500004470349957,75.00002682209974,JUMPING,349.71286865234373,286.19839553833003
137,5.48,0.9280669093132019,33.96450000582263,232.19989013671875,105.48780059814453,4.3452982902526855,False,16.199602127075195,False,2,0,2,double,1.2500004470349957,75.00002682209974,JUMPING,349.2758374023437,285.9441581726074
138,5.52,0.9254230856895447,32.581100007519126,234.31927490234375,108.08770751953125,2.628098964691162,False,16.705795288085938,False,2,0,2,double,1.2500004470349957,75.00002682209974,JUMPING,348.8882104492187,285.57751007080077
139,5.56,0.917326807975769,32.822600012877956,239.57296752929688,113.34503173828125,5.261850357055664,False,18.42179298400879,False,2,0,2,double,1.2500004470349957,75.00002682209974,JUMPING,348.8333532714843,280.2479999542236
140,5.6,0.9141644239425659,34.2442000110168,244.60577392578125,117.49852752685547,4.15373420715332,False,19.840774536132812,False,2,0,2,double,1.2500004470349957,75.00002682209974,JUMPING,348.8056335449219,279.6785533905029
141,5.64,0.9208651781082153,34.56160001223907,245.005126953125,116.9815444946289,0.5415006279945374,False,19.435644149780273,False,2,0,2,double,1.2500004470349957,75.00002682209974,JUMPING,348.5905755615234,282.7231956481933
142,5.68,0.9020703434944153,30.69889999460429,239.239990234375,107.70868682861328,9.323431968688965,False,25.382593154907227,False,2,0,2,double,1.2500004470349957,75.00002682209974,JUMPING,348.5905755615234,297.57176284790035
143,5.72,0.8940818905830383,34.03829998569563,234.9415283203125,102.24542236328125,5.497770309448242,False,27.501611709594727,False,2,0,2,double,1.2500004470349957,75.00002682209974,JUMPING,348.5905755615234,297.57298851013184
144,5.76,0.8991085886955261,34.61309999693185,232.3593292236328,99.3796157836914,2.870206117630005,False,29.1851806640625,True,2,0,2,double,1.2500004470349957,75.00002682209974,JUMPING,348.5905755615234,293.8644653320312
145,5.8,0.9114012122154236,33.517399977426976,229.02926635742188,96.09082794189453,3.2929584980010986,False,27.898536682128906,False,3,1,2,single,1.4285713312577295,85.71427987546377,JUMPING,348.5905755615234,305.26434001922604
146,5.84,0.9213007688522339,32.60139998747036,224.42108154296875,93.34358978271484,2.784789562225342,False,23.750499725341797,True,3,1,2,single,1.4285713312577295,85.71427987546377,JUMPING,348.5905755615234,288.36550254821776
147,5.88,0.924114465713501,33.837499999208376,221.3978271484375,92.35598754882812,1.036346197128296,False,20.556020736694336,True,3,1,2,single,1.4285713312577295,85.71427987546377,JUMPING,348.5905755615234,289.23718185424804
148,5.92,0.9220219850540161,31.794499984243885,221.93603515625,94.36551666259766,2.041192054748535,False,21.36313247680664,True,3,1,2,double,1.4285713312577295,85.71427987546377,JUMPING,348.5905755615234,290.1877704620361
149,5.96,0.9214638471603394,35.5344999989029,226.70510864257812,99.11071014404297,4.752500534057617,False,18.10247039794922,True,3,1,2,double,1.4285713312577295,85.71427987546377,JUMPING,348.3446203613281,282.956810760498
150,6.0,0.9195935130119324,33.15979999024421,230.26234436035156,102.01343536376953,2.9037797451019287,False,16.057035446166992,False,3,1,2,double,1.4285713312577295,85.71427987546377,JUMPING,348.2644805908203,281.04588661193844
151,6.04,0.9285039305686951,27.851899998495355,235.00042724609375,107.82598114013672,5.815650939941406,False,14.552682876586914,False,3,1,2,double,1.4285713312577295,85.71427987546377,JUMPING,347.8989593505859,275.05964527130124
152,6.08,0.9233922958374023,29.791099979775026,241.88832092285156,113.86444854736328,6.039178371429443,False,12.702113151550293,False,3,1,2,double,1.4285713312577295,85.71427987546377,JUMPING,347.6385656738281,269.63572998046874
153,6.12,0.921760082244873,30.724699987331405,245.79721069335938,116.38140869140625,2.5265793800354004,False,13.827579498291016,False,3,1,2,double,1.4285713312577295,85.71427987546377,JUMPING,347.40144409179686,269.3527576446533
154,6.16,0.9299861192703247,35.20710000884719,243.3819580078125,113.57229614257812,2.8297417163848877,False,17.136816024780273,True,3,1,2,double,1.4285713312577295,85.71427987546377,JUMPING,347.39538330078125,273.72621231079097
155,6.2,0.8885399699211121,36.611299990909174,238.26113891601562,107.3710708618164,6.238589286804199,False,19.35597801208496,True,3,1,2,double,1.4285713312577295,85.71427987546377,JUMPING,347.39538330078125,286.3880619049072
156,6.24,0.9207308292388916,58.27879998832941,233.26295471191406,100.3255386352539,7.0808234214782715,False,21.864885330200195,True,3,1,2,double,1.4285713312577295,85.71427987546377,JUMPING,347.39538330078125,286.43699111938474
157,6.28,0.9217247366905212,32.63229998992756,229.7125244140625,96.62747192382812,3.7275826930999756,False,23.114763259887695,True,3,1,2,double,1.4285713312577295,85.71427987546377,JUMPING,347.39538330078125,283.80154495239253
158,6.32,0.923248291015625,32.0007000118494,225.27230834960938,93.5326919555664,3.0977611541748047,False,23.100454330444336,True,3,1,2,double,1.4285713312577295,85.71427987546377,JUMPING,347.39538330078125,284.38122482299804
159,6.36,0.9229223728179932,34.222999995108694,223.15585327148438,92.27210235595703,1.260925054550171,False,21.7330322265625,True,3,1,2,double,1.4285713312577295,85.71427987546377,JUMPING,347.39538330078125,284.47279930114746
160,6.4,0.9257619380950928,33.33599999314174,223.51541137695312,93.30484008789062,1.0511891841888428,False,20.26860237121582,True,3,1,2,double,1.4285713312577295,85.71427987546377,JUMPING,347.39538330078125,287.4100988388061
161,6.44,0.9249820709228516,37.2164000000339,225.9697265625,96.92675018310547,3.630971670150757,False,18.468238830566406,False,4,1,3,double,1.4705882198257845,88.23529318954706,JUMPING,347.39538330078125,283.4160449981689
162,6.48,0.924126386642456,34.169299993664026,227.5241241455078,99.1969985961914,2.2708451747894287,False,18.859682083129883,False,4,1,3,double,1.4705882198257845,88.23529318954706,JUMPING,347.39538330078125,286.89387130737305
163,6.52,0.9280036687850952,35.94359999988228,232.09727478027344,104.45712280273438,5.260128974914551,False,17.0754337310791,False,4,1,3,double,1.4705882198257845,88.23529318954706,JUMPING,347.39538330078125,275.6567276000976
164,6.56,0.924415111541748,34.51289999065921,238.91839599609375,111.05298614501953,6.596362590789795,False,13.41219425201416,False,4,1,3,double,1.4705882198257845,88.23529318954706,JUMPING,347.7444732666015,270.0111717224121
165,6.6,0.927061915397644,31.74500001478009,244.13473510742188,115.41494750976562,4.362229824066162,False,13.06838321685791,False,4,1,3,double,1.4705882198257845,88.23529318954706,JUMPING,347.9910522460937,267.0322191238403
166,6.64,0.9305716753005981,33.70780000113882,244.41427612304688,114.58953857421875,0.8258499503135681,False,12.774321556091309,False,4,1,3,double,1.4705882198257845,88.23529318954706,JUMPING,348.22761779785156,268.0636333465576
167,6.68,0.9395222067832947,33.99419999914244,240.63656616210938,109.9261474609375,4.680875778198242,False,15.541313171386719,False,4,1,3,double,1.4705882198257845,88.23529318954706,JUMPING,348.11592346191406,275.24580974578856
168,6.72,0.9256998300552368,30.826999980490655,235.84640502929688,103.10259246826172,6.827464580535889,False,20.298107147216797,True,4,1,3,double,1.4705882198257845,88.23529318954706,JUMPING,348.0860864257812,284.7214920043945
169,6.76,0.9250935912132263,32.598999998299405,232.43243408203125,99.52816009521484,3.5758886337280273,False,23.161672592163086,True,4,1,3,double,1.4705882198257845,88.23529318954706,JUMPING,347.95747070312495,283.89898509979247
170,6.8,0.9257622957229614,31.92720000515692,228.79351806640625,96.0602035522461,3.470592975616455,False,23.236602783203125,True,4,1,3,double,1.4705882198257845,88.23529318954706,JUMPING,347.41479553222655,286.0581350326538
171,6.84,0.9227298498153687,36.88350002630614,225.48831176757812,93.57223510742188,2.4921629428863525,False,20.4265079498291,True,4,1,3,double,1.4705882198257845,88.23529318954706,JUMPING,347.40878051757807,287.92412796020506
172,6.88,0.9255707859992981,32.244700007140636,224.21604919433594,93.5603256225586,0.26951223611831665,False,17.880844116210938,False,5,1,4,double,1.612903213401739,96.77419280410433,JUMPING,347.40878051757807,287.43550701141356
173,6.92,0.9284389019012451,34.19279999798164,223.50289916992188,94.03887939453125,0.5132460594177246,False,17.134611129760742,False,5,1,4,double,1.612903213401739,96.77419280410433,JUMPING,347.40878051757807,286.99452152252195
174,6.96,0.9272979497909546,33.18619998754002,225.79977416992188,96.7065200805664,2.675088405609131,False,15.339960098266602,False,5,1,4,double,1.612903213401739,96.77419280410433,JUMPING,347.4062902832031,288.88588371276853
175,7.0,0.9309884905815125,28.666599973803386,228.97015380859375,102.1395034790039,5.435054779052734,False,13.715826034545898,False,5,1,4,double,1.612903213401739,96.77419280410433,JUMPING,347.4062902832031,275.39836578369136
176,7.04,0.9247764945030212,32.41939999861643,235.09393310546875,109.37870025634766,7.23945426940918,False,14.224513053894043,False,5,1,4,double,1.612903213401739,96.77419280410433,JUMPING,347.1933038330078,267.41383781433103
177,7.08,0.9217604398727417,31.463899998925626,242.77301025390625,115.86990356445312,6.493427753448486,False,14.716554641723633,False,5,1,4,double,1.612903213401739,96.77419280410433,JUMPING,347.1933038330078,264.4769565582275
178,7.12,0.9280706644058228,36.5555000025779,245.04539489746094,117.91564178466797,2.046921968460083,False,14.251358032226562,False,5,1,4,double,1.612903213401739,96.77419280410433,JUMPING,347.9151483154297,266.54383163452144
179,7.16,0.9348735213279724,32.458300003781915,243.06521606445312,113.95980834960938,3.958599805831909,False,15.351786613464355,False,5,1,4,double,1.612903213401739,96.77419280410433,JUMPING,347.9151483154297,273.35230751037597
180,7.2,0.9287190437316895,30.22029998828657,241.05551147460938,110.91815185546875,3.0462307929992676,False,16.954221725463867,False,5,1,4,double,1.612903213401739,96.77419280410433,JUMPING,347.9126580810547,277.75124816894527
181,7.24,0.9355080127716064,30.742700007976964,235.86041259765625,105.04287719726562,5.881291389465332,False,17.294225692749023,True,5,1,4,double,1.612903213401739,96.77419280410433,JUMPING,347.9126580810547,285.4906242370605
182,7.28,0.9219543933868408,37.84589999122545,229.82183837890625,99.00283813476562,6.040583610534668,False,20.13613510131836,True,5,1,4,double,1.612903213401739,96.77419280410433,JUMPING,347.9126580810547,285.38404998779293
183,7.32,0.9281601309776306,29.34790001017973,223.88064575195312,93.9034194946289,5.103918075561523,False,20.00437355041504,True,5,1,4,double,1.612903213401739,96.77419280410433,JUMPING,347.9126580810547,284.2657888412475
184,7.36,0.9184102416038513,29.5345000049565,222.5329132080078,93.08390045166016,0.9849110841751099,False,18.484920501708984,True,5,1,4,double,1.612903213401739,96.77419280410433,JUMPING,347.9126580810547,287.1175060272217
185,7.4,0.9187940359115601,32.80279997852631,222.46246337890625,93.15235137939453,0.23951973021030426,False,17.12022590637207,True,5,1,4,double,1.612903213401739,96.77419280410433,JUMPING,347.9126580810547,286.0076105117798
186,7.44,0.9209144115447998,31.679999985499308,222.63702392578125,93.58650970458984,0.44891995191574097,False,16.822805404663086,False,6,1,5,double,1.6447368949920038,98.68421369952023,JUMPING,347.9126580810547,288.1662935256958
187,7.48,0.9230400323867798,30.965000012656674,225.49972534179688,97.29851531982422,3.7166690826416016,False,15.930097579956055,False,6,1,5,double,1.6447368949920038,98.68421369952023,JUMPING,347.9126580810547,286.15153827667234
188,7.52,0.9355188608169556,28.979900002013892,230.15667724609375,103.57864379882812,6.291896343231201,False,14.37612533569336,False,6,1,5,double,1.6447368949920038,98.68421369952023,JUMPING,347.9126580810547,275.5490249633789
189,7.56,0.9250466227531433,29.43819999927655,235.92800903320312,110.2823486328125,6.710341930389404,False,11.739714622497559,False,6,1,5,double,1.6447368949920038,98.68421369952023,JUMPING,347.87227416992187,267.93865470886226
190,7.6,0.9315214157104492,35.26340000098571,237.97117614746094,111.76688385009766,1.5716074705123901,False,17.816314697265625,True,6,1,5,double,1.6447368949920038,98.68421369952023,JUMPING,347.8710656738281,269.6617704391479
191,7.64,0.933076798915863,34.32700000121258,238.9007568359375,111.87238311767578,0.2952275574207306,False,21.59941864013672,True,6,1,5,double,1.6447368949920038,98.68421369952023,JUMPING,347.8710656738281,270.3189296722412
192,7.68,0.9344964623451233,29.87629998824559,239.0843963623047,111.54794311523438,0.32708877325057983,False,21.53468132019043,True,6,1,5,double,1.6447368949920038,98.68421369952023,JUMPING,347.8710656738281,269.69955196380613
193,7.72,0.9401645064353943,30.094100016867742,236.15724182128906,107.04104614257812,4.507723808288574,False,19.616804122924805,True,6,1,5,double,1.6447368949920038,98.68421369952023,JUMPING,347.8710656738281,279.8989780426025
194,7.76,0.9254810214042664,36.44419999909587,231.153076171875,100.82039642333984,6.226032733917236,False,22.18873405456543,True,6,1,5,double,1.6447368949920038,98.68421369952023,JUMPING,347.8710656738281,279.73745326995845
195,7.8,0.9282354116439819,28.932299988809973,226.18087768554688,95.29474639892578,5.525753021240234,False,22.141630172729492,True,6,1,5,double,1.6447368949920038,98.68421369952023,JUMPING,347.8710656738281,280.758643913269
196,7.84,0.9304949641227722,35.6218000233639,222.9345703125,92.1217041015625,3.1768124103546143,False,20.347679138183594,True,6,1,5,double,1.6447368949920038,98.68421369952023,JUMPING,347.8710656738281,283.7893175125122
197,7.88,0.923170268535614,30.525799986207858,222.408203125,91.42245483398438,0.7479039430618286,False,19.18587303161621,True,6,1,5,double,1.6447368949920038,98.68421369952023,JUMPING,347.8710656738281,284.4605232238769
198,7.92,0.920822262763977,29.797099996358156,224.46493530273438,94.3160171508789,2.9690988063812256,False,16.69991683959961,True,6,1,5,double,1.6447368949920038,98.68421369952023,JUMPING,347.8710656738281,285.4792236328125
199,7.96,0.9204757213592529,42.621999979019165,225.81326293945312,96.34609985351562,2.0907628536224365,False,16.174869537353516,True,6,1,5,double,1.6447368949920038,98.68421369952023,JUMPING,347.8710656738281,284.3682094573974
200,8.0,0.9347313642501831,43.75159999472089,230.16372680664062,101.15331268310547,4.818447589874268,False,15.446557998657227,False,7,1,6,double,1.7857140880458429,107.14284528275057,JUMPING,347.83713623046873,278.7892478942871
201,8.04,0.9247766137123108,35.833300004014745,236.89453125,108.32098388671875,7.170776844024658,False,12.9164400100708,False,7,1,6,double,1.7857140880458429,107.14284528275057,JUMPING,347.02934631347654,270.51026916503906
202,8.08,0.9212458729743958,28.427099983673543,243.208251953125,114.1536865234375,5.867272853851318,False,13.060052871704102,False,7,1,6,double,1.7857140880458429,107.14284528275057,JUMPING,346.21475036621086,266.41395034790037
203,8.12,0.9244357347488403,29.624400020111352,243.8271026611328,114.55801391601562,0.5027757287025452,False,16.52265739440918,True,7,1,6,double,1.7857140880458429,107.14284528275057,JUMPING,345.93281249999995,267.99328422546387
204,8.16,0.9352689385414124,34.17920001083985,240.41664123535156,109.80448150634766,4.753672122955322,False,16.622228622436523,True,7,1,6,double,1.7857140880458429,107.14284528275057,JUMPING,345.88287231445315,278.51753997802734
205,8.2,0.933012843132019,37.784799991641194,237.96630859375,106.71582794189453,3.088655710220337,False,16.487125396728516,True,7,1,6,double,1.7857140880458429,107.14284528275057,JUMPING,345.88287231445315,279.37451133728024
206,8.24,0.9196144342422485,31.377000006614253,233.23866271972656,101.23275756835938,5.483622074127197,False,18.862863540649414,True,7,1,6,double,1.7857140880458429,107.14284528275057,JUMPING,345.88287231445315,283.2514268875122
207,8.28,0.9281647801399231,33.88919998542406,227.47264099121094,95.7111587524414,5.527135848999023,False,21.289764404296875,True,7,1,6,double,1.7857140880458429,107.14284528275057,JUMPING,345.88287231445315,282.99891128540037
208,8.32,0.9273084402084351,45.36990000633523,222.82858276367188,91.75186920166016,3.965458631515503,False,21.375917434692383,True,7,1,6,double,1.7857140880458429,107.14284528275057,JUMPING,345.88287231445315,284.6714052200317
209,8.36,0.9190518856048584,41.73480000463314,221.82943725585938,90.6387939453125,1.1160989999771118,False,17.455005645751953,True,7,1,6,double,1.7857140880458429,107.14284528275057,JUMPING,345.88287231445315,283.9609783172607
210,8.4,0.9187983870506287,35.282100026961416,221.600830078125,90.6715087890625,0.05663793534040451,False,16.561813354492188,True,7,1,6,double,1.7857140880458429,107.14284528275057,JUMPING,345.88287231445315,282.02093009948726
211,8.44,0.9183411002159119,36.71979997307062,222.80397033691406,92.88822174072266,2.233851909637451,False,15.960147857666016,False,8,1,7,double,1.8939398318064908,113.63638990838945,JUMPING,345.88287231445315,288.6068801879883
212,8.48,0.9112453460693359,33.937000000150874,227.48558044433594,97.7096939086914,4.8274149894714355,False,16.594785690307617,True,8,1,7,double,1.8939398318064908,113.63638990838945,JUMPING,345.811259765625,280.77635765075684
213,8.52,0.9201213121414185,29.87669999129139,234.07797241210938,105.2240219116211,7.517843723297119,False,14.577425956726074,False,8,1,7,double,1.8939398318064908,113.63638990838945,JUMPING,345.3831628417969,273.054919052124
214,8.56,0.9193851947784424,32.25260000908747,239.59730529785156,111.7061538696289,6.523332118988037,False,14.612810134887695,False,8,1,7,double,1.8939398318064908,113.63638990838945,JUMPING,345.2212469482422,273.12096862792964
215,8.6,0.9211474061012268,29.558300011558458,242.84860229492188,114.71956634521484,3.0524635314941406,False,14.827452659606934,False,8,1,7,double,1.8939398318064908,113.63638990838945,JUMPING,345.0763250732422,271.4576866149902
216,8.64,0.9116484522819519,35.90399998938665,244.6289825439453,115.8697738647461,1.2626099586486816,False,14.883710861206055,True,8,1,7,double,1.8939398318064908,113.63638990838945,JUMPING,344.88037353515625,269.4988449096679
217,8.68,0.9251395463943481,31.931799981975928,241.8506622314453,112.12398529052734,3.7464795112609863,False,17.752744674682617,True,8,1,7,double,1.8939398318064908,113.63638990838945,JUMPING,344.69605041503905,275.4292894363403
218,8.72,0.9428980350494385,35.47110001090914,237.1468505859375,105.5855941772461,6.545392990112305,False,16.481632232666016,False,9,1,8,double,2.1929823116692684,131.5789387001561,JUMPING,344.6596398925781,287.9093421936035
219,8.76,0.9162602424621582,30.65600001718849,231.94210815429688,98.3385238647461,7.250537872314453,False,18.062562942504883,False,9,1,8,double,2.1929823116692684,131.5789387001561,JUMPING,344.6596398925781,283.9961528778076
220,8.8,0.9222646951675415,32.59210000396706,225.54959106445312,93.3425064086914,4.996073246002197,False,19.154521942138672,True,9,1,8,double,2.1929823116692684,131.5789387001561,JUMPING,344.6596398925781,285.6600671768188
221,8.84,0.9248071312904358,30.798499996308237,222.42138671875,90.8035888671875,2.5575156211853027,False,18.61257553100586,True,9,1,8,double,2.1929823116692684,131.5789387001561,JUMPING,344.6596398925781,287.9710338592529
222,8.88,0.9216346740722656,31.53750000637956,220.9214324951172,89.83760833740234,0.9813814759254456,False,18.605304718017578,True,9,1,8,double,2.1929823116692684,131.5789387001561,JUMPING,344.6596398925781,287.65994911193843
223,8.92,0.9149121046066284,33.567999984370545,221.66445922851562,91.0396728515625,1.2393280267715454,False,17.713342666625977,True,9,1,8,double,2.1929823116692684,131.5789387001561,JUMPING,344.55136962890623,286.522106552124
224,8.96,0.9105269312858582,30.12079998734407,225.1468505859375,95.3065185546875,4.286959171295166,False,16.89084815979004,False,9,1,8,double,2.1929823116692684,131.5789387001561,JUMPING,343.96846069335936,285.7624099731445
225,9.0,0.9267974495887756,35.7988000032492,230.49807739257812,101.47574615478516,6.200985431671143,False,14.534713745117188,False,9,1,8,double,2.1929823116692684,131.5789387001561,JUMPING,343.96846069335936,280.5662246704101
226,9.04,0.9346861243247986,28.34160000202246,238.5328826904297,109.37603759765625,7.90920877456665,False,13.801935195922852,False,9,1,8,double,2.1929823116692684,131.5789387001561,JUMPING,344.0165771484375,272.58200798034665
227,9.08,0.9334207773208618,30.76710001914762,243.35650634765625,114.55072021484375,5.183316230773926,False,15.110706329345703,False,9,1,8,double,2.1929823116692684,131.5789387001561,JUMPING,344.77299255371094,268.51284828186033
228,9.12,0.9243168830871582,33.21280001546256,243.94317626953125,113.86283111572266,0.7032811641693115,False,16.998327255249023,False,9,1,8,double,2.1929823116692684,131.5789387001561,JUMPING,344.80940307617186,272.13361988067624
229,9.16,0.924980878829956,33.249500003876165,243.56585693359375,112.59119415283203,1.271982192993164,False,17.283859252929688,False,9,1,8,double,2.1929823116692684,131.5789387001561,JUMPING,345.0763250732422,274.8353393554687
230,9.2,0.9352402687072754,34.39389998675324,240.4417724609375,107.8589859008789,4.7325310707092285,False,16.234203338623047,False,9,1,8,double,2.1929823116692684,131.5789387001561,JUMPING,345.0763250732422,278.4788051605224
231,9.24,0.9244226813316345,33.110199990915135,236.06829833984375,101.40448760986328,6.454896450042725,False,17.98407554626465,False,9,1,8,double,2.1929823116692684,131.5789387001561,JUMPING,345.14160217285155,289.79030570983883
232,9.28,0.9295758008956909,31.089500000234693,230.63272094726562,95.8031005859375,5.605687618255615,False,19.13948631286621,False,9,1,8,double,2.1929823116692684,131.5789387001561,JUMPING,345.1660833740234,290.1433742523193
233,9.32,0.9311618208885193,34.66380000463687,225.7735595703125,92.50835418701172,3.3012590408325195,False,19.79668426513672,False,9,1,8,double,2.1929823116692684,131.5789387001561,JUMPING,345.1660833740234,286.6955377578735
234,9.36,0.9283768534660339,32.872999989194795,223.20675659179688,91.18133544921875,1.327344298362732,False,19.569351196289062,False,9,1,8,double,2.1929823116692684,131.5789387001561,JUMPING,345.1660833740234,289.5088314056396
235,9.4,0.9253374338150024,28.41550001176074,222.74200439453125,91.4836196899414,0.33729287981987,False,17.817426681518555,False,9,1,8,double,2.1929823116692684,131.5789387001561,JUMPING,345.1660833740234,287.0971464157104
236,9.44,0.9254283905029297,36.47859999909997,226.00430297851562,94.37960815429688,2.9068803787231445,False,16.638381958007812,False,9,1,8,double,2.1929823116692684,131.5789387001561,JUMPING,345.1660833740234,287.50028228759766
237,9.48,0.9330413937568665,28.516799997305498,230.5838165283203,100.18109130859375,5.812642574310303,False,15.66768741607666,False,9,1,8,double,2.1929823116692684,131.5789387001561,JUMPING,345.46404052734374,281.6951082229614
238,9.52,0.9272040724754333,31.390399992233142,238.11373901367188,107.79802703857422,7.633682727813721,False,13.652953147888184,False,9,1,8,double,2.1929823116692684,131.5789387001561,JUMPING,346.10267944335936,273.03419952392574
239,9.56,0.9287409782409668,36.436299997149035,244.570068359375,114.54613494873047,6.769155502319336,False,15.28812313079834,False,9,1,8,double,2.1929823116692684,131.5789387001561,JUMPING,346.8077551269531,268.93167457580563
240,9.6,0.9264777898788452,30.444800009718165,245.83255004882812,116.05050659179688,1.5533467531204224,False,16.760995864868164,False,9,1,8,double,2.1929823116692684,131.5789387001561,JUMPING,346.82146972656244,269.10083541870114
241,9.64,0.9227261543273926,36.57810000004247,246.0123291015625,116.08342742919922,0.20651356875896454,False,17.367916107177734,False,9,1,8,double,2.1929823116692684,131.5789387001561,JUMPING,346.82146972656244,269.838606262207
242,9.68,0.9326173067092896,35.6026999943424,243.07229614257812,111.4406509399414,4.648070335388184,False,15.378336906433105,True,9,1,8,double,2.1929823116692684,131.5789387001561,JUMPING,346.82146972656244,279.37557163238523
243,9.72,0.9440538883209229,34.53629999421537,237.99053955078125,104.63323211669922,6.808955669403076,False,16.59726333618164,False,10,1,9,double,1.7605633226398267,105.63379935838961,JUMPING,347.06734374999996,288.01768684387207
244,9.76,0.9268466234207153,38.49659999832511,231.22494506835938,98.39966583251953,6.233586311340332,False,19.547454833984375,False,10,1,9,double,1.7605633226398267,105.63379935838961,JUMPING,347.0682592773437,291.21839675903317
245,9.8,0.9295216798782349,27.748499996960163,225.63156127929688,93.42198944091797,4.977936267852783,False,19.843788146972656,True,10,1,9,double,1.7605633226398267,105.63379935838961,JUMPING,347.0682592773437,287.64040660858154
246,9.84,0.9281821250915527,31.218699994497,222.4239501953125,91.53060150146484,1.8953073024749756,False,19.131179809570312,True,10,1,9,double,1.7605633226398267,105.63379935838961,JUMPING,347.0682592773437,288.7423839569092
247,9.88,0.9300634264945984,34.6787000016775,220.74151611328125,90.9024658203125,0.6316073536872864,False,18.665620803833008,True,10,1,9,double,1.7605633226398267,105.63379935838961,JUMPING,347.0682592773437,288.02893180847167
248,9.92,0.9300086498260498,32.95990001061,222.19873046875,92.73486328125,1.8609273433685303,False,18.08169937133789,False,10,1,9,double,1.7605633226398267,105.63379935838961,JUMPING,347.0682592773437,291.1251977920532
249,9.96,0.9404947757720947,28.183599992189556,226.60374450683594,97.17728424072266,4.467844486236572,False,16.63041877746582,False,10,1,9,double,1.7605633226398267,105.63379935838961,JUMPING,347.4456774902344,284.9504962921142
250,10.0,0.9301985502243042,40.00439998344518,232.86398315429688,103.9284439086914,6.799734592437744,False,14.31921100616455,False,10,1,9,double,1.7605633226398267,105.63379935838961,JUMPING,347.6821539306641,278.80374183654783
251,10.04,0.9261441826820374,36.00310001638718,240.15667724609375,110.75113677978516,6.839658260345459,False,14.38113021850586,False,10,1,9,double,1.7605633226398267,105.63379935838961,JUMPING,348.00062011718745,270.3235210418701
252,10.08,0.921535074710846,39.01039998163469,244.34619140625,113.9792251586914,3.2282791137695312,False,17.0976505279541,False,10,1,9,double,1.7605633226398267,105.63379935838961,JUMPING,348.0342016601562,269.6625778198242
253,10.12,0.9203888773918152,35.551899985875934,246.5198211669922,115.36844635009766,1.392555832862854,False,19.31896209716797,False,10,1,9,double,1.7605633226398267,105.63379935838961,JUMPING,348.0342016601562,269.1140161514282
254,10.16,0.9289430379867554,32.61409999686293,244.31304931640625,112.30467987060547,3.071087121963501,False,19.294658660888672,False,10,1,9,double,1.7605633226398267,105.63379935838961,JUMPING,348.0342016601562,277.8351768493652
255,10.2,0.9397328495979309,36.61650000140071,238.98211669921875,105.99008178710938,6.315520286560059,False,19.616458892822266,True,10,1,9,double,1.7605633226398267,105.63379935838961,JUMPING,348.0342016601562,284.50023078918457
256,10.24,0.9295335412025452,38.89090000302531,232.6236572265625,98.75969696044922,7.239627361297607,False,19.455408096313477,True,10,1,9,double,1.7605633226398267,105.63379935838961,JUMPING,348.0342016601562,286.61547088623047
257,10.28,0.9198185205459595,36.66939999675378,226.89468383789062,93.85952758789062,4.9182281494140625,False,18.104602813720703,True,10,1,9,double,1.7605633226398267,105.63379935838961,JUMPING,348.0342016601562,289.331090927124
258,10.32,0.9186390042304993,37.443799985339865,223.46527099609375,91.6112060546875,2.260950803756714,False,17.465316772460938,True,10,1,9,double,1.7605633226398267,105.63379935838961,JUMPING,348.0342016601562,290.21831474304196
259,10.36,0.9205593466758728,43.044399993959814,221.73818969726562,90.6312026977539,0.9822848439216614,False,18.077821731567383,True,10,1,9,double,1.7605633226398267,105.63379935838961,JUMPING,348.0342016601562,288.6739025115967
260,10.4,0.9212774038314819,34.60750001249835,221.96478271484375,91.73857879638672,1.1321810483932495,False,17.652366638183594,True,10,1,9,double,1.7605633226398267,105.63379935838961,JUMPING,348.0342016601562,290.5856826782226
261,10.44,0.9305790662765503,31.56689999741502,225.51522827148438,95.6490249633789,3.9235727787017822,False,17.70291519165039,False,11,1,10,double,1.666666931576241,100.00001589457446,JUMPING,348.16443542480465,287.6033740997314
262,10.48,0.9172912240028381,29.185400024289265,235.34408569335938,106.06903076171875,10.424880027770996,False,16.66702651977539,False,11,1,10,double,1.666666931576241,100.00001589457446,JUMPING,348.40400939941406,273.8689533233642
263,10.52,0.9143502712249756,31.0571999871172,241.61129760742188,111.814208984375,5.747552871704102,False,16.909658432006836,False,11,1,10,double,1.666666931576241,100.00001589457446,JUMPING,348.40400939941406,274.8665645599365
264,10.56,0.9140275716781616,30.73739999672398,245.37588500976562,114.7415771484375,2.951397180557251,False,19.0009822845459,False,11,1,10,double,1.666666931576241,100.00001589457446,JUMPING,348.6304241943359,275.60686454772946
265,10.6,0.9190802574157715,36.29829999408685,247.311767578125,116.08709716796875,1.3485422134399414,False,19.438711166381836,False,11,1,10,double,1.666666931576241,100.00001589457446,JUMPING,349.223388671875,273.98745346069336
266,10.64,0.9262237548828125,33.90060001402162,245.31460571289062,113.56700897216797,2.5208590030670166,False,18.360376358032227,False,11,1,10,double,1.666666931576241,100.00001589457446,JUMPING,349.504556274414,277.65980987548824
267,10.68,0.929892361164093,34.59290001774207,240.259521484375,107.46210479736328,6.107638359069824,False,21.102182388305664,False,11,1,10,double,1.666666931576241,100.00001589457446,JUMPING,349.504556274414,286.4818056106567
268,10.72,0.9314615726470947,30.570299975806847,234.78359985351562,100.4444351196289,7.031944274902344,False,21.281787872314453,False,11,1,10,double,1.666666931576241,100.00001589457446,JUMPING,349.504556274414,296.17039318084716
269,10.76,0.9196909666061401,35.798999975668266,229.49090576171875,94.81070709228516,5.65205717086792,False,19.182130813598633,False,11,1,10,double,1.666666931576241,100.00001589457446,JUMPING,349.504556274414,294.0812713623047
270,10.8,0.91995769739151,32.41700000944547,226.308837890625,91.95951080322266,2.8533060550689697,False,18.51117515563965,False,11,1,10,double,1.666666931576241,100.00001589457446,JUMPING,349.504556274414,294.9059085845947
271,10.84,0.9213212132453918,33.8253999943845,223.15530395507812,90.12942504882812,1.835965633392334,False,17.910978317260742,True,11,1,10,double,1.666666931576241,100.00001589457446,JUMPING,349.504556274414,293.75631523132324
272,10.88,0.9201693534851074,30.59660000144504,222.814208984375,90.71041107177734,0.5865256786346436,False,18.288192749023438,False,12,1,11,double,1.7361110061936051,104.1666603716163,JUMPING,349.504556274414,292.56615829467773
273,10.92,0.9243454933166504,34.191799990367144,225.40060424804688,93.81582641601562,3.1105525493621826,False,18.28908920288086,False,12,1,11,double,1.7361110061936051,104.1666603716163,JUMPING,349.504556274414,292.0526739120483
274,10.96,0.9321615099906921,32.12809999240562,229.90679931640625,100.1449203491211,6.3435468673706055,False,17.10953712463379,False,12,1,11,double,1.7361110061936051,104.1666603716163,JUMPING,349.504556274414,283.84255599975586
275,11.0,0.9285851120948792,35.347400000318885,237.496337890625,107.46785736083984,7.324525833129883,False,16.930076599121094,False,12,1,11,double,1.7361110061936051,104.1666603716163,JUMPING,349.7787512207031,277.9850772857666
276,11.04,0.9259719848632812,36.71449999092147,241.8739013671875,111.56842041015625,4.120336055755615,False,16.097620010375977,False,12,1,11,double,1.7361110061936051,104.1666603716163,JUMPING,349.5798126220703,276.70058326721187
277,11.08,0.91789311170578,30.376899987459183,246.40557861328125,115.33597564697266,3.767803907394409,False,18.131797790527344,False,12,1,11,double,1.7361110061936051,104.1666603716163,JUMPING,349.80309509277345,271.92157058715816
278,11.12,0.9264191389083862,32.26690000155941,246.09249877929688,114.51040649414062,0.8288529515266418,False,18.316476821899414,False,12,1,11,double,1.7361110061936051,104.1666603716163,JUMPING,349.80309509277345,274.0436782836914
279,11.16,0.931862473487854,32.90340001694858,242.3944091796875,109.1855239868164,5.331307411193848,False,16.26629638671875,False,12,1,11,double,1.7361110061936051,104.1666603716163,JUMPING,349.80309509277345,283.31277809143063
280,11.2,0.808069109916687,33.08900000411086,237.08470153808594,102.02175903320312,7.188942909240723,False,18.322988510131836,True,12,1,11,double,1.7361110061936051,104.1666603716163,JUMPING,349.80309509277345,290.4603441238403
281,11.24,0.9215839505195618,38.66680001374334,230.665771484375,95.48035430908203,6.5438127517700195,False,19.754688262939453,True,12,1,11,double,1.7361110061936051,104.1666603716163,JUMPING,349.80309509277345,293.8495239257812
282,11.28,0.9274730682373047,30.140799994114786,225.4964599609375,90.32872772216797,5.154469966888428,False,20.079551696777344,True,12,1,11,double,1.7361110061936051,104.1666603716163,JUMPING,349.80309509277345,295.3149101257324
283,11.32,0.926216721534729,31.6160999936983,222.64154052734375,88.05038452148438,2.2834370136260986,False,19.981449127197266,True,12,1,11,double,1.7361110061936051,104.1666603716163,JUMPING,349.80309509277345,294.98828086853024
284,11.36,0.9260929822921753,36.876500002108514,221.7772979736328,87.31295776367188,0.7440261244773865,False,18.49761962890625,True,12,1,11,double,1.7361110061936051,104.1666603716163,JUMPING,349.80309509277345,296.336820602417
285,11.4,0.9231767058372498,35.58779999730177,223.3485107421875,89.89876556396484,2.5861027240753174,False,19.17729377746582,False,13,1,12,double,1.6891891674197794,101.35135004518676,JUMPING,349.80309509277345,296.4940361022949
286,11.44,0.9288867115974426,33.701500011375174,228.20233154296875,94.69290161132812,4.818764686584473,False,17.637258529663086,False,13,1,12,double,1.6891891674197794,101.35135004518676,JUMPING,349.98321838378905,291.15640354156494
287,11.48,0.926902711391449,32.39239999675192,234.9852294921875,102.29967498779297,7.607713222503662,False,16.83749008178711,False,13,1,12,double,1.6891891674197794,101.35135004518676,JUMPING,350.3762255859375,281.2048141479492
288,11.52,0.9205659627914429,34.44610000588,243.37754821777344,110.26559448242188,7.968608856201172,False,15.6821928024292,False,13,1,12,double,1.6891891674197794,101.35135004518676,JUMPING,350.5613848876953,273.8835250854492
289,11.56,0.9217062592506409,30.552699987310916,248.638916015625,114.008056640625,3.7429988384246826,False,15.663763046264648,False,13,1,12,double,1.6891891674197794,101.35135004518676,JUMPING,350.88244995117185,274.01467094421383
290,11.6,0.9203014969825745,33.03049999522045,250.1517333984375,115.51383209228516,1.5085816383361816,False,17.068500518798828,False,13,1,12,double,1.6891891674197794,101.35135004518676,JUMPING,351.5560949707031,273.44874572753906
291,11.64,0.9272961616516113,34.12890000618063,247.48403930664062,111.89429473876953,3.6301753520965576,False,17.153223037719727,False,13,1,12,double,1.6891891674197794,101.35135004518676,JUMPING,351.5560949707031,282.8779014587402
292,11.68,0.9354242086410522,33.167899993713945,242.52508544921875,105.37481689453125,6.536529541015625,False,17.705341339111328,False,13,1,12,double,1.6891891674197794,101.35135004518676,JUMPING,351.5560949707031,287.1063583374023
293,11.72,0.9272284507751465,31.557900016196072,235.74378967285156,98.06275177001953,7.3138427734375,False,20.15096092224121,False,13,1,12,double,1.6891891674197794,101.35135004518676,JUMPING,351.5560949707031,294.97900085449214
294,11.76,0.9414993524551392,33.45430002082139,230.6848907470703,94.5243911743164,3.5496907234191895,False,20.95677947998047,False,13,1,12,double,1.6891891674197794,101.35135004518676,JUMPING,351.5560949707031,294.9063949584961
295,11.8,0.925121545791626,32.78840001439676,225.39236450195312,90.8779067993164,3.6474547386169434,False,21.809429168701172,False,13,1,12,double,1.6891891674197794,101.35135004518676,JUMPING,351.5560949707031,295.70637302398677
296,11.84,0.9207617044448853,33.60999998403713,222.06727600097656,89.27262115478516,1.6062932014465332,False,21.21841812133789,True,13,1,12,double,1.6891891674197794,101.35135004518676,JUMPING,351.5560949707031,297.5747589111328
297,11.88,0.9234409332275391,33.4900000016205,221.78717041015625,90.010009765625,0.7730887532234192,False,19.415037155151367,True,13,1,12,double,1.6891891674197794,101.35135004518676,JUMPING,351.5560949707031,296.1599945068359
298,11.92,0.9229009747505188,35.43439999339171,228.08251953125,97.57013702392578,7.572571754455566,False,18.14411163330078,False,14,1,13,double,1.5625000349245974,93.75000209547585,JUMPING,351.58020996093745,284.69026679992675
299,11.96,0.923623263835907,41.897800023434684,232.6260986328125,102.25067901611328,4.683818340301514,False,17.369190216064453,False,14,1,13,double,1.5625000349245974,93.75000209547585,JUMPING,352.1690161132812,284.3397079467773
300,12.0,0.9186756610870361,47.55180000211112,235.18992614746094,104.53536987304688,2.2891793251037598,False,20.569168090820312,False,14,1,13,double,1.5625000349245974,93.75000209547585,JUMPING,352.2823309326171,285.5822959899902
301,12.04,0.9222387075424194,31.563700002152473,240.29962158203125,109.80298614501953,5.277778625488281,False,19.40385627746582,False,14,1,13,double,1.5625000349245974,93.75000209547585,JUMPING,352.28486694335936,279.93405532836914
302,12.08,0.918085515499115,34.29080001660623,244.59169006347656,113.7152099609375,3.9188687801361084,False,22.86389923095703,False,14,1,13,double,1.5625000349245974,93.75000209547585,JUMPING,352.31892456054686,277.38606891632077
303,12.12,0.9215153455734253,50.7629000057932,245.51904296875,112.88556671142578,0.8499077558517456,False,22.884862899780273,False,14,1,13,double,1.5625000349245974,93.75000209547585,JUMPING,352.31892456054686,282.88537216186523
304,12.16,0.9283372759819031,34.893900010501966,241.65216064453125,107.49042510986328,5.397292137145996,False,24.616073608398438,False,14,1,13,double,1.5625000349245974,93.75000209547585,JUMPING,352.31892456054686,290.43801956176753
305,12.2,0.9378771781921387,33.682100009173155,235.40090942382812,100.60128784179688,6.894974708557129,False,22.836748123168945,True,14,1,13,double,1.5625000349245974,93.75000209547585,JUMPING,352.31892456054686,294.5708650588989
306,12.24,0.934723973274231,35.94870000961237,231.0887451171875,96.8456802368164,3.762193441390991,False,22.53202247619629,True,14,1,13,double,1.5625000349245974,93.75000209547585,JUMPING,352.31892456054686,294.0154260635376
307,12.28,0.9223514199256897,37.014400004409254,226.04489135742188,92.55025482177734,4.319128513336182,False,21.8232479095459,True,14,1,13,double,1.5625000349245974,93.75000209547585,JUMPING,352.31892456054686,298.4107091903686
308,12.32,0.9230359196662903,29.314399987924844,222.3638458251953,89.71436309814453,2.8419294357299805,False,22.50439453125,True,14,1,13,double,1.5625000349245974,93.75000209547585,JUMPING,352.31892456054686,295.2733932495117
309,12.36,0.9241971373558044,35.858699993696064,221.13929748535156,89.27767181396484,0.44242408871650696,False,18.499265670776367,True,14,1,13,double,1.5625000349245974,93.75000209547585,JUMPING,352.31892456054686,296.14030609130856
310,12.4,0.9345844984054565,31.795600021723658,225.84600830078125,95.2597885131836,6.00038480758667,False,15.710975646972656,True,14,1,13,double,1.5625000349245974,93.75000209547585,JUMPING,352.31892456054686,285.82834281921384
311,12.44,0.9340304136276245,36.67849997873418,228.6444549560547,98.89300537109375,3.6429970264434814,False,15.123629570007324,False,15,1,14,double,1.8382357984499063,110.29414790699437,JUMPING,352.31892456054686,286.71635456085204
312,12.48,0.9291810393333435,29.401699983282015,231.08074951171875,100.98529052734375,2.095602035522461,False,14.53552532196045,False,15,1,14,double,1.8382357984499063,110.29414790699437,JUMPING,352.31892456054686,287.7808616638183
313,12.52,0.9262489676475525,35.90069999336265,236.94094848632812,106.49908447265625,5.51981782913208,False,15.635470390319824,False,15,1,14,double,1.8382357984499063,110.29414790699437,JUMPING,352.4126379394531,278.94231948852536
314,12.56,0.9262918829917908,32.44720000657253,243.3275146484375,112.497314453125,6.000000953674316,False,16.46142578125,False,15,1,14,double,1.8382357984499063,110.29414790699437,JUMPING,352.43689941406245,275.0123210906982
315,12.6,0.9275441765785217,32.35189997940324,245.8408966064453,114.7362060546875,2.2419021129608154,False,16.394851684570312,False,15,1,14,double,1.8382357984499063,110.29414790699437,JUMPING,352.43689941406245,273.2024459838867
316,12.64,0.9405445456504822,32.01950000948273,241.6261749267578,107.3569564819336,7.3819146156311035,False,16.839887619018555,False,15,1,14,double,1.8382357984499063,110.29414790699437,JUMPING,352.43689941406245,290.47262992858884
317,12.68,0.9401971101760864,34.593299991684034,238.34503173828125,102.46610260009766,4.891695499420166,False,17.025869369506836,True,15,1,14,double,1.8382357984499063,110.29414790699437,JUMPING,352.43689941406245,294.20638618469235
318,12.72,0.9392943382263184,29.37730000121519,235.93081665039062,99.81449127197266,2.6559433937072754,False,17.268474578857422,True,15,1,14,double,1.8382357984499063,110.29414790699437,JUMPING,352.43689941406245,291.08102531433104
319,12.76,0.9205734729766846,33.30360000836663,231.85789489746094,95.62310791015625,4.1951189041137695,False,18.817264556884766,True,15,1,14,double,1.8382357984499063,110.29414790699437,JUMPING,352.43689941406245,293.5788860321045
320,12.8,0.922065794467926,34.23389999079518,227.3150634765625,91.98133087158203,3.6423449516296387,False,18.480653762817383,True,15,1,14,double,1.8382357984499063,110.29414790699437,JUMPING,352.43689941406245,293.4612808227539
321,12.84,0.9197450280189514,33.79200000199489,225.07113647460938,90.58521270751953,1.3971166610717773,False,15.592241287231445,True,15,1,14,double,1.8382357984499063,110.29414790699437,JUMPING,352.43689941406245,298.47966728210446
322,12.88,0.9219381809234619,34.94830001727678,227.93194580078125,94.88416290283203,4.316835403442383,False,16.2186336517334,True,15,1,14,double,1.8382357984499063,110.29414790699437,JUMPING,352.43689941406245,289.70980110168455
323,12.92,0.9204689264297485,30.037599994102493,230.23794555664062,97.83930206298828,2.970133066177368,False,16.582929611206055,True,15,1,14,double,1.8382357984499063,110.29414790699437,JUMPING,352.4126379394531,288.9747344970703
324,12.96,0.9205383658409119,34.66099998331629,231.6511688232422,99.62726593017578,1.7979377508163452,False,17.2571964263916,True,15,1,14,double,1.8382357984499063,110.29414790699437,JUMPING,352.20197021484375,288.96273078918455
325,13.0,0.9231975078582764,33.35829998832196,235.85400390625,104.62894439697266,5.007922649383545,False,16.435985565185547,True,15,1,14,double,1.8382357984499063,110.29414790699437,JUMPING,352.12114990234375,280.9939029693603
326,13.04,0.9219937324523926,36.12309999880381,241.43377685546875,111.03365325927734,6.405495643615723,False,17.6835880279541,False,16,1,15,double,1.9230765527522784,115.3845931651367,JUMPING,351.6927490234375,271.3222120285034
327,13.08,0.9137187600135803,46.57119998591952,244.6642608642578,114.54278564453125,3.5091629028320312,False,18.64537811279297,True,16,1,15,double,1.9230765527522784,115.3845931651367,JUMPING,351.2955859375,271.82210712432857
328,13.12,0.923651933670044,29.688800015719607,244.15841674804688,112.98705291748047,1.5641093254089355,False,19.113574981689453,True,16,1,15,double,1.9230765527522784,115.3845931651367,JUMPING,351.2955859375,278.59386177062987
329,13.16,0.9293105602264404,33.117400016635656,239.91055297851562,107.08084106445312,5.932437419891357,False,19.262086868286133,True,16,1,15,double,1.9230765527522784,115.3845931651367,JUMPING,351.2955859375,288.621014213562
330,13.2,0.9298975467681885,29.797399998642504,236.64154052734375,103.53704071044922,3.5579123497009277,False,18.851388931274414,True,16,1,15,double,1.9230765527522784,115.3845931651367,JUMPING,351.2955859375,289.0531185150146
331,13.24,0.9135386347770691,34.92740000365302,232.47125244140625,98.17305755615234,5.385762691497803,False,19.11834144592285,True,16,1,15,double,1.9230765527522784,115.3845931651367,JUMPING,351.08259765624996,289.6083629608154
332,13.28,0.9190172553062439,35.827600018819794,227.4524383544922,93.1683349609375,5.015532970428467,False,18.1440486907959,True,16,1,15,double,1.9230765527522784,115.3845931651367,JUMPING,351.08259765624996,299.61922187805175
333,13.32,0.9166706800460815,32.75819998816587,224.3241729736328,90.2294921875,2.940251588821411,False,18.14418601989746,True,16,1,15,double,1.9230765527522784,115.3845931651367,JUMPING,351.08259765624996,299.6778202056885
334,13.36,0.9396734833717346,35.233100003097206,226.58575439453125,92.46673583984375,2.3706953525543213,False,16.938987731933594,False,17,1,16,double,2.0161294286274796,120.96776571764877,JUMPING,351.3167895507812,296.78655109405514
335,13.4,0.9379470348358154,34.00300000794232,228.4519805908203,94.24872589111328,1.8429744243621826,False,16.50401496887207,False,17,1,16,double,2.0161294286274796,120.96776571764877,JUMPING,351.33783569335935,296.3203908920288
336,13.44,0.9262213110923767,34.46500000427477,230.52386474609375,95.4332046508789,1.2072668075561523,False,16.428119659423828,False,17,1,16,double,2.0161294286274796,120.96776571764877,JUMPING,351.33783569335935,294.6589181900024
337,13.48,0.9291817545890808,30.026599997654557,233.9287109375,99.8134536743164,4.408456325531006,False,16.509784698486328,False,17,1,16,double,2.0161294286274796,120.96776571764877,JUMPING,351.6927490234375,288.87400646209716
338,13.52,0.9179924130439758,31.566499994369224,239.81686401367188,106.4952163696289,6.743680477142334,False,16.741695404052734,False,17,1,16,double,2.0161294286274796,120.96776571764877,JUMPING,351.3460388183594,281.195495223999
339,13.56,0.9205495119094849,30.4900000046473,244.6468505859375,111.95235443115234,5.502729415893555,False,21.294221878051758,False,17,1,16,double,2.0161294286274796,120.96776571764877,JUMPING,351.08564941406246,278.7442388534546
340,13.6,0.9233241677284241,38.712000008672476,244.8349609375,112.29913330078125,0.6373821496963501,False,19.797422409057617,False,17,1,16,double,2.0161294286274796,120.96776571764877,JUMPING,351.08564941406246,281.5751489639282
341,13.64,0.9301871657371521,31.516399991232902,241.55300903320312,108.2905044555664,4.010528087615967,False,18.57571029663086,False,17,1,16,double,2.0161294286274796,120.96776571764877,JUMPING,351.2990588378906,289.19318447113034
342,13.68,0.9293891191482544,37.29459998430684,238.99456787109375,105.44617462158203,2.8446450233459473,False,18.100412368774414,False,17,1,16,double,2.0161294286274796,120.96776571764877,JUMPING,351.2990588378906,288.5071151733398
343,13.72,0.9324896335601807,29.838999995263293,234.37164306640625,99.95194244384766,5.510008335113525,False,19.657072067260742,False,17,1,16,double,2.0161294286274796,120.96776571764877,JUMPING,351.2990588378906,294.34121875762935
344,13.76,0.9173746109008789,37.27549998438917,229.62667846679688,94.6442642211914,5.355268478393555,False,20.681289672851562,False,17,1,16,double,2.0161294286274796,120.96776571764877,JUMPING,351.2990588378906,299.7038022994995
345,13.8,0.9180558919906616,32.65039998223074,226.3602294921875,90.79400634765625,3.8936030864715576,False,20.511459350585938,False,17,1,16,double,2.0161294286274796,120.96776571764877,JUMPING,351.2990588378906,299.375986289978
346,13.84,0.9167821407318115,36.165400000754744,226.55520629882812,91.60100555419922,0.8233193159103394,False,18.73212432861328,False,17,1,16,double,2.0161294286274796,120.96776571764877,JUMPING,351.2990588378906,299.6956020355224
347,13.88,0.9152796864509583,36.956399999326095,226.96119689941406,92.54412841796875,0.9454621076583862,False,18.21661949157715,False,17,1,16,double,2.0161294286274796,120.96776571764877,JUMPING,351.2990588378906,299.063646697998
348,13.92,0.9179016351699829,31.956999999238178,227.59823608398438,93.21551513671875,0.672007143497467,False,17.189184188842773,False,17,1,16,double,2.0161294286274796,120.96776571764877,JUMPING,351.2990588378906,298.39976577758785
349,13.96,0.9173064827919006,34.95709999697283,230.32408142089844,97.0740737915039,3.877810478210449,False,16.347387313842773,False,17,1,16,double,2.0161294286274796,120.96776571764877,JUMPING,351.2990588378906,293.82199516296384
350,14.0,0.915303111076355,52.379899978404865,235.47775268554688,104.128173828125,7.063533782958984,False,16.60460090637207,False,17,1,16,double,2.0161294286274796,120.96776571764877,JUMPING,351.3739379882812,283.8660186767578
351,14.04,0.916671872138977,40.94080001232214,242.2336883544922,110.64307403564453,6.533652305603027,False,17.491880416870117,False,17,1,16,double,2.0161294286274796,120.96776571764877,JUMPING,351.3739379882812,279.1238439559936
352,14.08,0.9065824151039124,35.27230001054704,245.2271728515625,112.65228271484375,2.0247740745544434,False,18.11253547668457,False,17,1,16,double,2.0161294286274796,120.96776571764877,JUMPING,351.68885437011716,281.8274116516113
353,14.12,0.9092644453048706,36.69599999557249,246.75112915039062,112.94098663330078,0.36810746788978577,False,17.80755615234375,False,17,1,16,double,2.0161294286274796,120.96776571764877,JUMPING,352.2543615722656,282.60903396606443
354,14.16,0.9267892837524414,36.52900000452064,243.20523071289062,109.2009048461914,3.747490406036377,False,18.0396671295166,False,17,1,16,double,2.0161294286274796,120.96776571764877,JUMPING,352.2923614501953,287.10244789123533
355,14.2,0.9319891929626465,28.20249999058433,237.24090576171875,102.83975982666016,6.362429141998291,False,17.32426643371582,False,17,1,16,double,2.0161294286274796,120.96776571764877,JUMPING,352.34046325683596,297.06829776763914
356,14.24,0.9198687672615051,36.53519999352284,231.0172882080078,95.9352035522461,6.915224552154541,False,21.757566452026367,False,17,1,16,double,2.0161294286274796,120.96776571764877,JUMPING,352.34046325683596,298.1264722824096
357,14.28,0.919269323348999,29.757300013443455,226.18336486816406,91.1609115600586,4.774305820465088,False,20.66682243347168,True,17,1,16,double,2.0161294286274796,120.96776571764877,JUMPING,352.34046325683596,298.8727352142334
358,14.32,0.9243321418762207,38.163800025358796,223.62753295898438,89.06158447265625,2.0997936725616455,False,19.24704933166504,True,17,1,16,double,2.0161294286274796,120.96776571764877,JUMPING,352.34046325683596,298.8106155395508
359,14.36,0.9167820811271667,31.39819999341853,224.40579223632812,90.74929809570312,1.6908090114593506,False,18.5676326751709,True,17,1,16,double,2.0161294286274796,120.96776571764877,JUMPING,352.34046325683596,297.2721176147461
360,14.4,0.9166640043258667,38.09779998846352,225.53076171875,91.89981079101562,1.1538811922073364,False,17.86814308166504,True,17,1,16,double,2.0161294286274796,120.96776571764877,JUMPING,352.34046325683596,297.3469802856445
361,14.44,0.9272461533546448,48.21030001039617,228.35047912597656,96.2347640991211,4.334969520568848,False,16.946603775024414,True,17,1,16,double,2.0161294286274796,120.96776571764877,JUMPING,352.34046325683596,290.54293041229243
362,14.48,0.9248294830322266,31.677699997089803,233.7024383544922,103.00525665283203,6.77119779586792,False,16.927553176879883,False,18,1,17,double,1.6233766321730585,97.40259793038351,JUMPING,352.34046325683596,282.4617210388183
363,14.52,0.9223042726516724,36.09770000912249,241.2126922607422,110.58907318115234,7.584019660949707,False,16.90862274169922,False,18,1,17,double,1.6233766321730585,97.40259793038351,JUMPING,352.34046325683596,276.6544263839721
364,14.56,0.9266670346260071,34.092599991708994,242.64669799804688,111.7342529296875,1.156330943107605,False,19.86174774169922,False,18,1,17,double,1.6233766321730585,97.40259793038351,JUMPING,352.34046325683596,280.1452388763428
365,14.6,0.9252864718437195,33.00419999868609,242.9322967529297,111.88201141357422,0.158036008477211,False,20.956157684326172,False,18,1,17,double,1.6233766321730585,97.40259793038351,JUMPING,352.34046325683596,279.11912612915035
366,14.64,0.9254773259162903,35.86979999090545,242.70565795898438,111.1892318725586,0.6962893605232239,False,20.26299476623535,False,18,1,17,double,1.6233766321730585,97.40259793038351,JUMPING,352.34046325683596,279.8797954559326
367,14.68,0.9251484870910645,38.93629999947734,238.62496948242188,106.43942260742188,4.757246017456055,False,18.80850601196289,True,18,1,17,double,1.6233766321730585,97.40259793038351,JUMPING,352.34046325683596,286.45890712738037
368,14.72,0.9340887069702148,38.795000000391155,233.09011840820312,99.923828125,6.5216803550720215,False,18.861499786376953,True,18,1,17,double,1.6233766321730585,97.40259793038351,JUMPING,352.34046325683596,293.37440471649165
369,14.76,0.9228488206863403,34.10550000262447,228.04360961914062,93.942626953125,6.006473541259766,False,19.28066635131836,True,18,1,17,double,1.6233766321730585,97.40259793038351,JUMPING,352.34046325683596,298.0257831573486
370,14.8,0.9277780055999756,37.765199987916276,223.97628784179688,89.93782806396484,4.022308349609375,False,18.49614143371582,True,18,1,17,double,1.6233766321730585,97.40259793038351,JUMPING,352.34046325683596,293.35548477172847
371,14.84,0.9263203144073486,33.68620001128875,222.7215576171875,88.92633056640625,1.0441594123840332,False,17.38883399963379,True,18,1,17,double,1.6233766321730585,97.40259793038351,JUMPING,352.34046325683596,295.89183712005615
372,14.88,0.9225600957870483,32.97280002152547,225.18154907226562,91.29830169677734,2.372403621673584,False,16.60767364501953,True,18,1,17,double,1.6233766321730585,97.40259793038351,JUMPING,352.2923614501953,295.02394180297847
373,14.92,0.9223117232322693,30.175499996403232,226.79678344726562,93.2389144897461,1.941531777381897,False,16.56020736694336,True,18,1,17,double,1.6233766321730585,97.40259793038351,JUMPING,352.1349890136718,296.0940227508545
374,14.96,0.929783046245575,36.25050000846386,230.40872192382812,98.4941635131836,5.255516529083252,False,15.910368919372559,False,19,1,18,double,1.6447368949920038,98.68421369952023,JUMPING,351.7247045898437,287.89989681243895
375,15.0,0.9281429648399353,35.77529999893159,236.2220458984375,105.72393035888672,7.230381488800049,False,14.864131927490234,False,19,1,18,double,1.6447368949920038,98.68421369952023,JUMPING,351.5026251220703,280.3223373413086
376,15.04,0.9210476875305176,31.677099992521107,242.01637268066406,111.81151580810547,6.0875959396362305,False,15.654170036315918,False,19,1,18,double,1.6447368949920038,98.68421369952023,JUMPING,351.5026251220703,276.6211681365967
377,15.08,0.9214979410171509,34.06820000964217,245.3780517578125,114.6884536743164,2.8784050941467285,False,17.8206787109375,False,19,1,18,double,1.6447368949920038,98.68421369952023,JUMPING,351.4559698486328,275.3187171936035
378,15.12,0.9242483377456665,31.4230999792926,246.69232177734375,115.75981903076172,1.0760170221328735,False,17.98980140686035,False,19,1,18,double,1.6447368949920038,98.68421369952023,JUMPING,351.4499365234375,276.43449783325195
379,15.16,0.9323714375495911,34.54319998854771,244.04580688476562,112.30767822265625,3.4521799087524414,False,16.251541137695312,False,19,1,18,double,1.6447368949920038,98.68421369952023,JUMPING,351.4499365234375,279.9616521835327
380,15.2,0.9342979788780212,35.09200000553392,239.16561889648438,105.04638671875,7.261967182159424,False,16.25773811340332,False,19,1,18,double,1.6447368949920038,98.68421369952023,JUMPING,351.4499365234375,290.21105804443357
381,15.24,0.9237009882926941,29.515400005038828,232.87911987304688,98.2255630493164,6.832144260406494,False,18.805967330932617,True,19,1,18,double,1.6447368949920038,98.68421369952023,JUMPING,351.4499365234375,295.64865016937256
382,15.28,0.9259554147720337,31.312900013290346,227.043701171875,92.9155044555664,5.318000316619873,False,19.245113372802734,True,19,1,18,double,1.6447368949920038,98.68421369952023,JUMPING,351.4499365234375,298.0475143432617
383,15.32,0.9253676533699036,46.67019998305477,223.52587890625,90.38701629638672,2.541038990020752,False,19.049026489257812,True,19,1,18,double,1.6447368949920038,98.68421369952023,JUMPING,351.4499365234375,296.3848840713501
384,15.36,0.9234916567802429,50.121999986004084,221.57049560546875,89.27972412109375,1.107393503189087,False,17.62940788269043,True,19,1,18,double,1.6447368949920038,98.68421369952023,JUMPING,351.43514160156246,296.47172126770016
385,15.4,0.9216947555541992,49.16160000720993,221.82730102539062,90.58200073242188,1.3146283626556396,False,17.272945404052734,True,19,1,18,double,1.6447368949920038,98.68421369952023,JUMPING,351.43514160156246,299.22050228118894
386,15.44,0.9415122866630554,49.074299982748926,226.24957275390625,94.59529876708984,4.027090072631836,False,15.081095695495605,True,19,1,18,double,1.6447368949920038,98.68421369952023,JUMPING,351.4059454345703,295.2323822021484
387,15.48,0.9322989583015442,50.08010001620278,231.20425415039062,100.8703384399414,6.277263164520264,False,14.599225997924805,False,20,1,19,double,1.6447368949920038,98.68421369952023,JUMPING,351.4059454345703,285.24708709716793
388,15.52,0.9316744804382324,49.121999996714294,238.56265258789062,107.8040542602539,6.935338497161865,False,15.493132591247559,False,20,1,19,double,1.6447368949920038,98.68421369952023,JUMPING,351.1609155273437,277.81152935028075
389,15.56,0.9286900758743286,49.53870002645999,244.51675415039062,112.881591796875,5.082571506500244,False,16.420230865478516,False,20,1,19,double,1.6447368949920038,98.68421369952023,JUMPING,351.1609155273437,274.578942489624
390,15.6,0.9332494139671326,58.81370001588948,245.95938110351562,113.35559844970703,0.4916956126689911,False,17.333534240722656,False,20,1,19,double,1.6447368949920038,98.68421369952023,JUMPING,351.1609155273437,279.5533996582031
391,15.64,0.9306579232215881,47.899600001983345,246.63934326171875,113.06683349609375,0.29118263721466064,False,17.870458602905273,False,20,1,19,double,1.6447368949920038,98.68421369952023,JUMPING,351.1609155273437,279.79884338378906
392,15.68,0.940267026424408,45.2588000043761,244.16943359375,110.09356689453125,2.9786322116851807,False,19.464794158935547,False,20,1,19,double,1.6447368949920038,98.68421369952023,JUMPING,350.4700415039062,284.13879661560054
393,15.72,0.9415658712387085,59.362800006056204,239.09481811523438,106.79627227783203,3.319345712661743,False,21.332366943359375,False,20,1,19,double,1.6447368949920038,98.68421369952023,JUMPING,350.4700415039062,287.5720905303955
394,15.76,0.9412670135498047,56.50790000800043,235.61285400390625,104.961669921875,1.880531668663025,False,22.222393035888672,False,20,1,19,double,1.6447368949920038,98.68421369952023,JUMPING,350.4700415039062,289.5361753463745
395,15.8,0.941893994808197,80.03339997958392,234.2723388671875,104.84561920166016,0.37671899795532227,False,22.242341995239258,False,20,1,19,double,1.6447368949920038,98.68421369952023,JUMPING,350.49455932617184,285.6508455276489
396,15.84,0.9384156465530396,79.40049999160692,234.51950073242188,106.94417572021484,2.0997567176818848,False,22.27934455871582,False,20,1,19,double,1.6447368949920038,98.68421369952023,JUMPING,350.49455932617184,283.1041334152221
397,15.88,0.9380962252616882,50.60110002523288,235.23751831054688,108.43121337890625,1.4928514957427979,False,22.06559181213379,False,20,1,19,double,1.6447368949920038,98.68421369952023,JUMPING,350.49455932617184,284.5870485305786
398,15.92,0.9367418885231018,43.3816000004299,238.59469604492188,111.33773040771484,2.9090776443481445,False,19.989286422729492,False,20,1,19,double,1.6447368949920038,98.68421369952023,JUMPING,350.49455932617184,282.54321784973143
399,15.96,0.9340512156486511,32.09500000230037,241.21783447265625,114.81290435791016,3.480365037918091,False,18.721725463867188,False,20,1,19,double,1.6447368949920038,98.68421369952023,JUMPING,350.51631408691406,277.85562400817867
400,16.0,0.9369657039642334,37.070499995024875,242.40908813476562,117.5516128540039,2.750091075897217,False,18.08324432373047,False,20,1,19,double,1.6447368949920038,98.68421369952023,JUMPING,351.1957550048828,278.3617057800293
401,16.04,0.9398037195205688,29.840700008207932,242.1846160888672,119.38155364990234,1.8417067527770996,False,17.26640510559082,False,20,1,19,double,1.6447368949920038,98.68421369952023,JUMPING,351.2903381347656,277.76579074859615
402,16.08,0.9431917667388916,40.95989998313598,240.90573120117188,120.04949951171875,0.8150637149810791,False,18.97476577758789,False,20,1,19,double,1.6447368949920038,98.68421369952023,JUMPING,351.29249877929686,280.3251194000244
403,16.12,0.942125678062439,35.79730002093129,240.00572204589844,120.16121673583984,0.3106827139854431,False,19.133838653564453,False,20,1,19,double,1.6447368949920038,98.68421369952023,JUMPING,351.3222351074219,280.344545173645
404,16.16,0.9389506578445435,39.52209997805767,239.31460571289062,120.38067626953125,0.8829852342605591,False,22.102279663085938,True,20,1,19,double,1.6447368949920038,98.68421369952023,JUMPING,351.3222351074219,283.0487743377685
405,16.2,0.9386237859725952,34.10389999044128,238.87631225585938,120.80379486083984,0.9951568841934204,False,21.160654067993164,False,21,1,20,double,1.582278109737218,94.93668658423309,JUMPING,351.3222351074219,280.73994770050047
406,16.24,0.9377391338348389,32.93600000324659,239.37799072265625,122.07256317138672,1.8399128913879395,False,20.066940307617188,False,21,1,20,double,1.582278109737218,94.93668658423309,JUMPING,351.3222351074219,278.9276990890503
407,16.28,0.9368475675582886,35.449800023343414,240.26194763183594,123.45281982421875,1.77744460105896,False,18.69326400756836,False,21,1,20,double,1.582278109737218,94.93668658423309,JUMPING,351.3222351074219,274.8287052154541
408,16.32,0.9347427487373352,30.576199991628528,240.21188354492188,123.8338394165039,0.7423099279403687,False,18.361988067626953,False,21,1,20,double,1.582278109737218,94.93668658423309,JUMPING,351.3222351074219,275.2203918457031
409,16.36,0.9369086027145386,40.7417000096757,240.61355590820312,124.33100128173828,1.08064866065979,False,18.357275009155273,False,21,1,20,double,1.582278109737218,94.93668658423309,JUMPING,351.3222351074219,277.06182289123535
410,16.4,0.9337339997291565,28.093700006138533,240.39859008789062,124.82989501953125,1.3265728950500488,False,17.83766746520996,False,21,1,20,double,1.582278109737218,94.93668658423309,JUMPING,351.3453430175781,276.3416976928711
411,16.44,0.9348433017730713,32.566500012762845,240.9072265625,125.34117889404297,1.3937163352966309,False,18.79720687866211,False,21,1,20,double,1.582278109737218,94.93668658423309,JUMPING,351.34697265625,276.3419408798218
412,16.48,0.9380460381507874,35.93820001697168,241.55079650878906,125.7615966796875,2.524021863937378,False,19.026287078857422,False,21,1,20,double,1.582278109737218,94.93668658423309,JUMPING,351.34697265625,274.0509155273437
413,16.52,0.936752438545227,32.188500015763566,241.89749145507812,125.98217010498047,1.2189749479293823,False,18.94121742248535,False,21,1,20,double,1.582278109737218,94.93668658423309,JUMPING,351.34697265625,274.73644981384274
414,16.56,0.9368352890014648,34.625700005562976,242.04550170898438,126.04993438720703,0.4761902689933777,False,19.338098526000977,False,21,1,20,double,1.582278109737218,94.93668658423309,JUMPING,351.34697265625,275.73204746246336
415,16.6,0.9375773072242737,30.956200003856793,242.4934844970703,125.97930908203125,0.7035355567932129,False,19.002866744995117,False,21,1,20,double,1.582278109737218,94.93668658423309,JUMPING,351.34697265625,274.9756776809692
416,16.64,0.9337190389633179,36.84409998822957,243.0576171875,126.4549560546875,1.2130130529403687,False,18.712236404418945,False,21,1,20,double,1.582278109737218,94.93668658423309,JUMPING,351.38573608398434,275.5781684875488
417,16.68,0.9345638155937195,33.44830000423826,243.70223999023438,126.8126449584961,1.3883002996444702,False,20.5844669342041,False,21,1,20,double,1.582278109737218,94.93668658423309,JUMPING,351.4040100097656,273.6850845336914
418,16.72,0.9394361972808838,34.07890000380576,243.94869995117188,127.0274887084961,0.7487549185752869,False,21.292991638183594,False,21,1,20,double,1.582278109737218,94.93668658423309,JUMPING,351.4040100097656,273.2980476379394
419,16.76,0.940139889717102,29.57579999929294,244.00144958496094,127.03631591796875,0.285559743642807,False,20.945154190063477,False,21,1,20,double,1.582278109737218,94.93668658423309,JUMPING,351.4040100097656,277.5078472137451
420,16.8,0.9373012185096741,32.24560001399368,243.8057861328125,126.43596649169922,0.7307028770446777,False,22.485855102539062,False,21,1,20,double,1.582278109737218,94.93668658423309,JUMPING,351.4040100097656,273.822981262207
421,16.84,0.9372234344482422,31.257700000423938,243.84722900390625,126.26388549804688,0.3682689964771271,False,22.92523193359375,False,21,1,20,double,1.582278109737218,94.93668658423309,JUMPING,351.4040100097656,275.10162906646724
422,16.88,0.9403072595596313,39.020299998810515,243.17367553710938,125.89896392822266,0.956489086151123,False,23.114883422851562,False,21,1,20,double,1.582278109737218,94.93668658423309,JUMPING,351.4040100097656,275.7531269073486
423,16.92,0.9411095976829529,30.00809997320175,243.40513610839844,125.291748046875,0.9705414175987244,False,23.7043399810791,True,21,1,20,double,1.582278109737218,94.93668658423309,JUMPING,351.4040100097656,276.7702125549316
424,16.96,0.9403969645500183,34.06899998662993,243.1197052001953,125.35598754882812,0.8358006477355957,False,24.662893295288086,True,21,1,20,double,1.582278109737218,94.93668658423309,JUMPING,351.4040100097656,277.711316871643
425,17.0,0.9419682025909424,33.36569998646155,243.22657775878906,125.39794921875,0.6389601826667786,False,24.980854034423828,True,21,1,20,double,1.582278109737218,94.93668658423309,JUMPING,350.99898437499996,277.30537948608395
426,17.04,0.7566068172454834,35.462900006677955,243.0277862548828,124.77747344970703,1.0332049131393433,False,25.969017028808594,True,21,1,20,double,1.582278109737218,94.93668658423309,JUMPING,350.6460498046875,278.4284168243408
427,17.08,0.6979084014892578,31.63060001679696,242.5929718017578,124.59069061279297,0.567608118057251,False,26.54783821105957,True,21,1,20,single,1.582278109737218,94.93668658423309,JUMPING,350.51426025390623,278.10560073852537
428,17.12,0.8706237077713013,34.49719998752698,242.1278839111328,124.638671875,0.4969050884246826,False,27.091514587402344,True,21,1,20,single,1.582278109737218,94.93668658423309,JUMPING,350.34954956054685,279.0998559951782
429,17.16,0.9398627281188965,33.05180001189001,241.23367309570312,124.70941162109375,0.36095771193504333,False,27.015335083007812,True,21,1,20,single,1.582278109737218,94.93668658423309,JUMPING,350.34954956054685,276.9671161651611
430,17.2,0.9449790120124817,31.225299986544997,240.70628356933594,124.5325698852539,0.18663476407527924,False,26.41963768005371,True,21,1,20,single,1.582278109737218,94.93668658423309,JUMPING,350.34954956054685,278.71267318725586
431,17.24,0.9367228746414185,31.532499997410923,239.81161499023438,124.71631622314453,0.20922020077705383,False,24.93440818786621,True,21,1,20,single,1.582278109737218,94.93668658423309,JUMPING,350.34954956054685,275.85666618347165
432,17.28,0.9323901534080505,35.18069998244755,238.7637481689453,124.68485260009766,0.13102352619171143,False,23.461467742919922,True,21,1,20,single,1.582278109737218,94.93668658423309,JUMPING,350.34954956054685,277.80183105468745
433,17.32,0.9340871572494507,38.64420001627877,238.08700561523438,124.75797271728516,0.07373252511024475,False,20.673891067504883,True,21,1,20,double,1.582278109737218,94.93668658423309,JUMPING,350.34954956054685,276.205765914917
434,17.36,0.9331585168838501,37.04900000593625,237.66392517089844,124.8660659790039,0.10903672873973846,False,17.61097526550293,True,21,1,20,double,1.582278109737218,94.93668658423309,JUMPING,350.34954956054685,273.84370079040525
435,17.4,0.9360865354537964,30.20559999276884,237.06309509277344,124.8495864868164,0.0911325067281723,False,15.594940185546875,False,22,1,21,double,1.2376238105811528,74.25742863486917,JUMPING,350.34954956054685,277.529870223999
436,17.44,0.9320563077926636,31.330300000263378,236.71302795410156,124.6275863647461,0.2226925492286682,False,14.891972541809082,False,22,1,21,double,1.2376238105811528,74.25742863486917,JUMPING,350.34954956054685,278.9495470046997
437,17.48,0.9323209524154663,53.87239999254234,236.71426391601562,124.4741439819336,0.18932844698429108,False,16.43798065185547,False,22,1,21,double,1.2376238105811528,74.25742863486917,JUMPING,350.31513916015626,277.15652961730956
438,17.52,0.9344222545623779,34.052600007271394,236.51014709472656,124.52398681640625,0.09131109714508057,False,13.17280101776123,False,22,1,21,double,1.2376238105811528,74.25742863486917,JUMPING,350.31513916015626,277.0926200866699
439,17.56,0.9223214387893677,37.7466999925673,236.67965698242188,124.77278900146484,0.4624877870082855,False,7.164590358734131,False,22,1,21,double,1.2376238105811528,74.25742863486917,JUMPING,350.40342834472654,278.6040561676025
440,17.6,0.9282836318016052,39.763999986462295,236.82080078125,124.08425903320312,0.6886250972747803,False,7.188653945922852,False,22,1,21,double,1.2376238105811528,74.25742863486917,JUMPING,350.40342834472654,283.8997730255127
441,17.64,0.8677101135253906,43.51440002210438,237.80203247070312,123.47481536865234,0.649608314037323,False,6.897185802459717,False,22,1,21,double,1.2376238105811528,74.25742863486917,JUMPING,350.6912982177734,288.7342128753662
442,17.68,0.9354490041732788,28.512999997474253,238.96499633789062,123.2557601928711,0.3883870244026184,False,6.082097053527832,False,22,1,21,double,1.2376238105811528,74.25742863486917,JUMPING,351.9286761474609,287.5154571533203
443,17.72,0.9316233396530151,35.649800003739074,239.26901245117188,121.13558197021484,2.1255524158477783,False,6.120608329772949,False,22,1,21,double,1.2376238105811528,74.25742863486917,JUMPING,352.95546569824216,283.3163480758667
444,17.76,0.9309377670288086,36.51160001754761,239.70213317871094,119.8282470703125,1.3137558698654175,False,7.617608547210693,False,22,1,21,double,1.2376238105811528,74.25742863486917,JUMPING,352.9670471191406,279.02523651123045
445,17.8,0.932188868522644,35.2773999911733,240.39541625976562,119.9626235961914,0.13639730215072632,False,6.1113739013671875,False,22,1,21,double,1.2376238105811528,74.25742863486917,JUMPING,352.9736022949219,286.6851585388183
446,17.84,0.9321917295455933,35.54250000161119,241.28329467773438,119.56270599365234,0.5057163238525391,False,6.04945707321167,False,22,1,21,double,1.2376238105811528,74.25742863486917,JUMPING,353.1673663330078,282.974573135376
447,17.88,0.9297593832015991,31.122199987294152,242.0416717529297,118.41048431396484,1.255336880683899,False,4.731184005737305,False,22,1,21,double,1.2376238105811528,74.25742863486917,JUMPING,353.6851361083984,280.45143070220945
448,17.92,0.906671941280365,35.66069999942556,242.35726928710938,118.4498519897461,0.04410002753138542,False,4.725052833557129,False,22,1,21,double,1.2376238105811528,74.25742863486917,JUMPING,354.1273773193359,285.70355873107906
449,17.96,0.9262404441833496,32.59780001826584,243.03103637695312,117.5283203125,1.2280575037002563,False,4.905794620513916,False,22,1,21,double,1.2376238105811528,74.25742863486917,JUMPING,354.7420959472656,286.1787654876709
450,18.0,0.9262070059776306,35.90859999530949,243.8326416015625,117.1344223022461,0.8954774141311646,False,5.270679950714111,False,22,1,21,double,1.2376238105811528,74.25742863486917,JUMPING,355.0507366943359,291.48780899047847
451,18.04,0.9248552918434143,29.804199992213398,244.3014678955078,116.96261596679688,0.344220370054245,False,5.8476362228393555,False,22,1,21,double,1.2376238105811528,74.25742863486917,JUMPING,355.3600170898437,292.59897880554195
452,18.08,0.9163126349449158,35.154900018824264,244.2933349609375,116.8124008178711,0.6336406469345093,False,6.184451580047607,False,22,1,21,double,1.2376238105811528,74.25742863486917,JUMPING,355.98839233398434,288.3471370697021
453,18.12,0.9184263944625854,32.39499998744577,245.976318359375,117.13326263427734,1.1304386854171753,False,5.620427131652832,False,22,1,21,double,1.2376238105811528,74.25742863486917,JUMPING,356.9906262207031,294.0477699279785
454,18.16,0.9113620519638062,36.359199992148206,248.88803100585938,117.582275390625,1.3614236116409302,False,7.7929229736328125,False,22,1,21,double,1.2376238105811528,74.25742863486917,JUMPING,357.48693786621095,291.03919715881347
455,18.2,0.9147868156433105,29.54490002593957,250.50503540039062,118.16275787353516,0.8019980788230896,False,8.612409591674805,False,22,1,21,double,1.2376238105811528,74.25742863486917,JUMPING,358.04104309082027,287.72604732513423
456,18.24,0.9190847277641296,38.06949997670017,251.35354614257812,118.11237335205078,0.10723880678415298,False,8.83283519744873,False,22,1,21,double,1.2376238105811528,74.25742863486917,JUMPING,358.68191223144527,288.0489412307739
457,18.28,0.9183865785598755,30.492099991533905,251.6477508544922,117.2489013671875,0.8658515214920044,False,11.236344337463379,False,22,1,21,double,1.2376238105811528,74.25742863486917,JUMPING,359.6175775146484,289.67960700988766
458,18.32,0.916313111782074,31.791799992788583,251.8896484375,116.6312026977539,0.6252838969230652,False,12.710017204284668,False,22,1,21,double,1.2376238105811528,74.25742863486917,JUMPING,360.6145843505859,295.61655921936034
459,18.36,0.9227424263954163,30.907100008334965,249.9099884033203,116.64605712890625,0.038355473428964615,False,15.209650993347168,False,22,1,21,double,1.2376238105811528,74.25742863486917,JUMPING,360.7539093017578,291.99539852142334
460,18.4,0.9242784380912781,36.655800009611994,247.94796752929688,117.70613861083984,1.3463940620422363,False,16.768856048583984,False,22,1,21,double,1.2376238105811528,74.25742863486917,JUMPING,360.82177734375,292.88472347259517
461,18.44,0.9174891710281372,31.97300000465475,248.51251220703125,117.67571258544922,0.7613198757171631,False,19.41014862060547,False,22,1,21,double,1.2376238105811528,74.25742863486917,JUMPING,361.4436157226562,290.1470317840576
462,18.48,0.9186549186706543,32.98789999098517,247.40249633789062,117.90801239013672,1.2104872465133667,False,21.76127815246582,False,22,1,21,double,1.2376238105811528,74.25742863486917,JUMPING,361.6381994628906,290.52361164093014
463,18.52,0.923879861831665,34.81360001023859,246.7952880859375,117.9863510131836,0.6706827878952026,False,22.313575744628906,False,22,1,21,double,1.2376238105811528,74.25742863486917,JUMPING,361.701255493164,290.7993759155273
464,18.56,0.931793749332428,33.02000000257976,246.87765502929688,117.54663848876953,1.5053342580795288,False,24.624414443969727,False,22,1,21,double,1.2376238105811528,74.25742863486917,JUMPING,362.30341491699215,294.47478675842285
465,18.6,0.9308038353919983,34.59090000251308,246.786865234375,116.75850677490234,1.6389089822769165,False,26.95068359375,False,22,1,21,double,1.2376238105811528,74.25742863486917,JUMPING,362.55012756347656,297.3963375091553
466,18.64,0.9267811179161072,30.991399980848655,246.85610961914062,116.85411834716797,2.3391129970550537,False,27.618627548217773,False,22,1,21,double,1.2376238105811528,74.25742863486917,JUMPING,362.7270257568359,296.7912883758545
467,18.68,0.924167811870575,46.99629999231547,247.02621459960938,116.70722198486328,1.2953662872314453,False,27.399099349975586,False,22,1,21,single,1.2376238105811528,74.25742863486917,JUMPING,362.73411193847653,294.6218662261963
468,18.72,0.9274021983146667,31.844500015722588,246.8712158203125,116.9762191772461,0.6590014100074768,False,27.289932250976562,False,22,1,21,single,1.2376238105811528,74.25742863486917,JUMPING,362.7715936279297,296.0983709335327
469,18.76,0.925092339515686,36.54130001086742,247.30352783203125,117.17627716064453,0.9117680788040161,False,27.888425827026367,False,22,1,21,single,1.2376238105811528,74.25742863486917,JUMPING,362.8822979736328,297.2395305633545
470,18.8,0.9226190447807312,28.998599998885766,247.09405517578125,116.92694091796875,1.3273696899414062,False,27.186079025268555,False,22,1,21,single,1.2376238105811528,74.25742863486917,JUMPING,362.8822979736328,294.6465351104736
471,18.84,0.9255824685096741,35.151599993696436,247.21194458007812,116.4113540649414,1.703974723815918,False,25.948314666748047,False,22,1,21,single,1.2376238105811528,74.25742863486917,JUMPING,362.8822979736328,293.23277263641353
472,18.88,0.9308772683143616,29.87229998689145,247.0260009765625,116.23373413085938,1.4469479322433472,False,27.22818374633789,False,22,1,21,single,1.2376238105811528,74.25742863486917,JUMPING,362.8822979736328,290.25366439819334
473,18.92,0.9283587336540222,34.01579998899251,247.1051025390625,116.46575164794922,1.7243295907974243,False,28.969955444335938,False,22,1,21,single,1.2376238105811528,74.25742863486917,STOPPED_ACTIVE,362.8822979736328,289.2077465057373
474,18.96,0.9299572706222534,29.51639998354949,246.8768768310547,116.55489349365234,0.7816802859306335,False,29.396512985229492,True,22,1,21,single,1.2376238105811528,74.25742863486917,STOPPED_ACTIVE,362.8822979736328,291.2385910034179
475,19.0,0.9279440641403198,37.63900001649745,246.65615844726562,116.6475601196289,1.0949925184249878,False,29.087602615356445,True,22,1,21,single,1.2376238105811528,74.25742863486917,STOPPED_ACTIVE,362.8822979736328,288.4339256286621
476,19.04,0.9295018911361694,31.29149999585934,247.11126708984375,116.45599365234375,1.654559850692749,False,28.758243560791016,True,22,1,21,single,1.2376238105811528,74.25742863486917,STOPPED_ACTIVE,362.8822979736328,288.8492305755615
